Sensor_1	Sensor_2	Sensor_3	Sensor_4	Sensor_5	Sensor_6	Sensor_7	Sensor_8
0.0005396242179898092	0.0017954335235745855	-0.0006325414755616876	0.001166297155880125	0.0014393787711000083	0.0019483545071530273	0.00043820925760162943	0.0016498701845757413
-0.000458926174929708	0.000422426733309722	-8.447479986850581e-06	0.0006046125598619945	0.0005032377777380859	0.0010122135137904387	-0.0003731129366455477	0.0009009573898861589
-0.0005213355744873027	0.0020450711218045203	0.0007404653147022877	0.0011038877563220861	0.0007528753759675766	-0.00011115567824426797	6.37528602571713e-05	0.001088185588558277
0.0007268524166625934	-1.4439063592330825e-05	0.00255033790186987	0.0011038877563220861	0.0005032377777380859	0.000762575915560948	0.00012616225981432194	0.000464091592983884
-0.0007709731727170155	0.0005472455324253556	0.0008652841138179213	0.0006670219594200333	0.00037841897862311846	0.0004505289177729743	-0.0001858847379732076	0.0005889103920981853
0.0006020336175474039	0.0019826617222473697	0.0009901029129326666	0.0009166595576501901	0.0005656471772956806	-0.000984887272049484	6.37528602571713e-05	0.0002768633943113219
-0.0006461543736020481	-0.00032648606137941627	0.0020510627054097785	0.0009166595576501901	6.637198083558893e-05	0.0005753477168881638	6.37528602571713e-05	0.0005265009925405906
0.0007268524166625934	0.0007344737310972516	0.0005532371160303917	0.0009166595576501901	-0.00018326561739478997	-0.00117211547072138	-0.00024829413753035823	0.0002768633943113219
-0.0008333825722750543	0.0014209771262296833	-8.447479986850581e-06	0.0008542501580921513	-0.00012085621783719525	0.0008873947146752492	-6.106593885757405e-05	0.000464091592983884
0.0005396242179898092	-0.00045130486049482776	-0.0010069978729065898	0.0009166595576501901	0.0006904659764099819	0.000762575915560948	0.00025098105892973344	0.0014626419859038453
0.0005396242179898092	0.000859292530212441	-0.0007573602746768771	0.0007918407585345566	0.0005032377777380859	-0.00023597447735901333	-6.106593885757405e-05	0.0005889103920981853
-0.0005837449740444534	-0.0008881706573971027	0.0006156465155879864	0.000729431358977628	0.00044082837818049114	0.0014490793106929356	1.3434606991324927e-06	0.0007137291912133747
0.00047721481843221447	0.0003600173337525714	-0.000570132076004537	0.0006670219594200333	-0.00037049381606757414	-0.00023597447735901333	-0.0001858847379732076	0.00021445399475350513
-0.0005837449740444534	0.0006720643315401009	0.0009276935133750719	0.000729431358977628	-5.844681827960052e-05	-0.0006104308747045817	-6.106593885757405e-05	2.7225796080943e-05
0.0009140806153353775	-0.0007633518582823573	0.0016766063080655424	0.0010414783567649355	-0.00012085621783719525	0.0005753477168881638	-0.0001858847379732076	2.7225796080943e-05
-0.0006461543736020481	0.000859292530212441	0.0001787807186854895	0.0005422031603048438	-5.844681827960052e-05	-0.0008600684729342944	0.00012616225981432194	-0.00016000240259139709
0.0007268524166625934	0.0006720643315401009	0.0014893781093929803	0.00029256556207446494	-0.0004329032156242807	0.00020089131954303951	-0.0001858847379732076	2.7225796080943e-05
-0.0007709731727170155	-0.0006385330591676119	-0.0005077226764464982	0.000729431358977628	3.962581277994204e-06	-0.0007976590733766997	-6.106593885757405e-05	0.00065131979165578
-0.000458926174929708	0.0007968831306548463	0.0007404653147022877	0.0009166595576501901	0.0005656471772956806	0.00020089131954303951	0.00031339045848688407	0.0009633667894437536
0.0005396242179898092	-0.0006385330591676119	-0.00013326627910204003	0.0006046125598619945	0.00012878138039273956	0.0010746229133482554	-0.00012347533841561287	0.0007137291912133747
-0.0005837449740444534	0.0015457959253444287	-0.001381454270251714	0.000729431358977628	0.0008152847755251713	0.0003881195182153796	6.37528602571713e-05	0.0014626419859038453
0.0006020336175474039	0.00023519853463738194	-8.447479986850581e-06	0.000729431358977628	0.0007528753759675766	0.000700166516002465	6.37528602571713e-05	0.0007137291912133747
-0.0006461543736020481	-0.0007009424587247626	0.0003660089173582737	0.0004797937607472491	0.000253600179507929	0.0013242605115777462	-0.00012347533841561287	0.0004016821934262893
0.0006644430171049986	0.0013585677266725327	0.0001787807186854895	0.0006046125598619945	0.00037841897862311846	1.3663120870477385e-05	1.3434606991324927e-06	0.0002768633943113219
-0.0007085637731598649	0.0006720643315401009	0.002175881504525412	0.0009166595576501901	0.0006280565768523871	0.0009498041142328439	0.0001885716593721387	0.0007761385907709695
0.0007268524166625934	0.00029760793419497666	0.0010525123124902613	0.0004797937607472491	0.0006904659764099819	-0.000735249673819105	-0.0001858847379732076	0.00065131979165578
0.0006644430171049986	0.0006096549319825062	0.002363109703197974	0.0007918407585345566	0.0005656471772956806	0.00013848191998566683	6.37528602571713e-05	0.0002768633943113219
-0.0006461543736020481	0.0006096549319825062	0.0011773311116054508	0.000729431358977628	0.0005656471772956806	0.0010746229133482554	1.3434606991324927e-06	0.0012130043876734664
0.0007268524166625934	0.0024819369187067952	0.00030359951780067895	0.0009790689572073408	0.0007528753759675766	-0.0003607932764742028	0.00012616225981432194	0.0012130043876734664
-0.0007709731727170155	0.000422426733309722	0.0009901029129326666	0.0005422031603048438	0.0007528753759675766	0.0009498041142328439	-0.00012347533841561287	0.0018370983832483034
0.0006644430171049986	0.0009841113293271864	-7.08568795444453e-05	0.0009790689572073408	0.0011897411728700735	0.001573898109808125	0.00012616225981432194	0.001961917182363493
-0.0005837449740444534	0.0021698899209197098	-8.447479986850581e-06	0.0009166595576501901	0.0007528753759675766	0.0013242605115777462	-0.0003731129366455477	0.0008385479903281201
0.0003523960193174691	-0.00032648606137941627	0.0009276935133750719	0.0009166595576501901	0.0011897411728700735	0.001573898109808125	6.37528602571713e-05	0.0016498701845757413
-0.0005837449740444534	0.001046520728884781	0.0018014251071798437	0.001166297155880125	0.0010025129741979555	-0.00011115567824426797	0.00025098105892973344	0.0009009573898861589
-0.0008957919718317608	-0.00045130486049482776	0.0024879285023127196	0.0005422031603048438	0.00037841897862311846	0.0008249853151180986	-0.00031070353708795295	0.0003392727938686946
0.0005396242179898092	0.0011713395279999705	0.0008652841138179213	0.0007918407585345566	0.00044082837818049114	-0.00011115567824426797	-0.00012347533841561287	0.0007137291912133747
-0.00039651677537255736	0.0022322993204773045	0.0018014251071798437	0.0012287065554377197	0.0010649223737555502	-0.00011115567824426797	0.00043820925760162943	0.001088185588558277
0.0005396242179898092	-0.00045130486049482776	0.0019262439062950332	0.000729431358977628	0.0001911907799503343	0.0008873947146752492	-0.0001858847379732076	0.0015250513854605519
-0.0005213355744873027	0.0020450711218045203	0.0007404653147022877	0.0009790689572073408	0.0008152847755251713	0.0003881195182153796	-0.00031070353708795295	0.000464091592983884
0.0004148054188755079	0.0013585677266725327	0.00030359951780067895	0.000729431358977628	0.0010025129741979555	0.001761126308480243	0.00031339045848688407	0.0015874607850181466
-0.00039651677537255736	0.00023519853463738194	0.001114921712047856	0.000729431358977628	0.0005656471772956806	0.00020089131954303951	-0.0001858847379732076	0.0011505949881163158
0.00047721481843221447	0.0011713395279999705	-8.447479986850581e-06	0.0007918407585345566	0.0007528753759675766	0.0004505289177729743	-6.106593885757405e-05	0.0009009573898861589
0.0005396242179898092	-0.0008881706573971027	0.000490827716473019	0.0008542501580921513	6.637198083558893e-05	0.0012618511120201514	-6.106593885757405e-05	0.000464091592983884
-0.0005213355744873027	0.0011713395279999705	0.00011637131912789478	0.0009790689572073408	0.0003160095790653017	0.00013848191998566683	0.0001885716593721387	0.0008385479903281201
0.0006020336175474039	0.00048483613286731675	0.0013645593102777909	0.0009166595576501901	-0.00012085621783719525	-0.0005480214751463208	1.3434606991324927e-06	-9.759300303380236e-05
-0.0005837449740444534	-0.0005137142600519784	0.0014893781093929803	0.0008542501580921513	-5.844681827960052e-05	0.000762575915560948	-6.106593885757405e-05	0.000464091592983884
0.0006020336175474039	0.001483386525787278	0.0003660089173582737	0.0009166595576501901	0.000253600179507929	-0.0007976590733766997	-0.0001858847379732076	-0.0002224118021489918
-0.0008333825722750543	0.00017278913508000926	0.0011773311116054508	0.0004797937607472491	-0.0004329032156242807	0.0004505289177729743	1.3434606991324927e-06	0.00015204459519613245
0.0006644430171049986	-0.0005761236596100172	0.0006780559151455812	0.000729431358977628	-0.00018326561739478997	-0.0010472966716061904	1.3434606991324927e-06	0.000464091592983884
-0.0006461543736020481	0.0017330241240172128	0.0006156465155879864	0.0008542501580921513	3.962581277994204e-06	1.3663120870477385e-05	6.37528602571713e-05	0.00021445399475350513
-0.0006461543736020481	-0.0003888954609374551	-0.0005077226764464982	0.0004797937607472491	0.00012878138039273956	0.000700166516002465	-6.106593885757405e-05	0.0007137291912133747
0.0005396242179898092	0.001296158327114938	-0.0014438636698093088	0.000729431358977628	6.637198083558893e-05	-0.0005480214751463208	-0.0001858847379732076	0.00065131979165578
-0.00039651677537255736	-0.00013925786270752027	0.0008652841138179213	0.0010414783567649355	0.0006904659764099819	0.0013242605115777462	0.0003757998580444788	0.001088185588558277
0.00047721481843221447	-0.00045130486049482776	-0.0001956756786594127	0.0005422031603048438	-5.844681827960052e-05	0.0008873947146752492	-0.00024829413753035823	0.0005889103920981853
-0.0006461543736020481	0.0016706147244600622	0.0001787807186854895	0.000729431358977628	0.0001911907799503343	-0.00048561207558939223	0.0001885716593721387	0.0002768633943113219
0.000789261816219744	-0.0002640766618227097	0.0018638345067374384	0.0009790689572073408	-0.00012085621783719525	0.00013848191998566683	-0.00031070353708795295	0.00015204459519613245
-0.0008957919718317608	-1.4439063592330825e-05	0.00024119011824264014	0.0007918407585345566	0.0001911907799503343	-0.0010472966716061904	1.3434606991324927e-06	0.00021445399475350513
0.0006644430171049986	0.0017954335235745855	0.0024879285023127196	0.0010414783567649355	0.0006904659764099819	0.0011370323129058502	0.00043820925760162943	0.0007761385907709695
0.0003523960193174691	0.0006720643315401009	0.0003660089173582737	0.0004173843611896544	-0.00018326561739478997	-0.00029838387691705215	-0.00031070353708795295	0.0002768633943113219
-0.0006461543736020481	0.001920252322689775	0.0006780559151455812	0.0005422031603048438	0.0003160095790653017	-0.0008600684729342944	-6.106593885757405e-05	0.00065131979165578
0.0008516712157771167	0.00029760793419497666	0.0016141969085079477	0.0010414783567649355	0.000877694175082766	0.0014490793106929356	0.00031339045848688407	0.0012130043876734664
-0.0006461543736020481	0.0014209771262296833	-0.0004453132768897916	0.0006670219594200333	0.0010649223737555502	0.0010122135137904387	6.37528602571713e-05	0.0009633667894437536
0.0005396242179898092	0.0013585677266725327	-0.00032049447777460216	0.0006670219594200333	0.0010025129741979555	0.00020089131954303951	1.3434606991324927e-06	0.0014002325863462506
-0.0006461543736020481	-0.00032648606137941627	0.001114921712047856	0.0007918407585345566	0.0009401035746399167	0.000762575915560948	0.00025098105892973344	0.0012754137872310611
0.000789261816219744	0.0011713395279999705	0.0005532371160303917	0.0006670219594200333	0.0006280565768523871	-0.00011115567824426797	-0.00012347533841561287	0.00065131979165578
-0.0007085637731598649	0.0014209771262296833	0.0022382909040823407	0.0007918407585345566	0.0006280565768523871	0.0011994417124630008	-6.106593885757405e-05	0.0007761385907709695
-0.00033410737581496264	0.002107480521362115	0.0013021499107201961	0.0011038877563220861	0.0014393787711000083	0.000700166516002465	0.0005006186571592242	0.0016498701845757413
0.0003523960193174691	0.0011089301284421538	0.001551787508950353	0.0006046125598619945	0.0006280565768523871	-0.00029838387691705215	-0.0003731129366455477	0.0004016821934262893
-0.0006461543736020481	0.00029760793419497666	0.0020510627054097785	0.000729431358977628	0.0007528753759675766	0.0012618511120201514	1.3434606991324927e-06	0.0009633667894437536
0.000789261816219744	0.0024819369187067952	0.0009276935133750719	0.001166297155880125	0.0008152847755251713	-0.00011115567824426797	0.0001885716593721387	0.0012754137872310611
-0.0005837449740444534	0.0014209771262296833	0.001551787508950353	0.0009790689572073408	0.0010025129741979555	0.0004505289177729743	-6.106593885757405e-05	0.0010257761890006822
0.0006644430171049986	0.00011037973552285862	0.0005532371160303917	0.0008542501580921513	0.0010025129741979555	0.00032571011865822896	-6.106593885757405e-05	0.0015250513854605519
-0.0007085637731598649	0.0017954335235745855	-0.0008821790737916224	0.0012287065554377197	0.0013769693715428577	0.0014490793106929356	0.00025098105892973344	0.0015250513854605519
0.0007268524166625934	0.0009841113293271864	0.0006156465155879864	0.0007918407585345566	0.0007528753759675766	0.0016987169089226484	1.3434606991324927e-06	0.0012754137872310611
0.00047721481843221447	0.0015457959253444287	0.00011637131912789478	0.0008542501580921513	0.00037841897862311846	-0.0001735650778018627	-0.00024829413753035823	0.0007761385907709695
-0.000458926174929708	0.000859292530212441	0.002363109703197974	0.0012911159549944262	0.0010025129741979555	0.0008249853151180986	0.00031339045848688407	0.0009633667894437536
0.00047721481843221447	-0.000201667262265115	0.001114921712047856	0.0006670219594200333	0.0001911907799503343	0.000512938317330569	-0.0001858847379732076	0.00021445399475350513
-0.0006461543736020481	0.001920252322689775	0.000490827716473019	0.0009790689572073408	0.00044082837818049114	-0.0006104308747045817	6.37528602571713e-05	0.00015204459519613245
0.0006644430171049986	0.00011037973552285862	0.0019262439062950332	0.0011038877563220861	0.00012878138039273956	7.607252042807211e-05	-6.106593885757405e-05	0.0003392727938686946
-0.0007085637731598649	4.79703359652639e-05	0.0009276935133750719	0.000729431358977628	-0.00030808441650909124	-0.0014217530689515367	-0.00012347533841561287	0.0002768633943113219
0.0005396242179898092	0.0018578429231324023	0.00011637131912789478	0.0009790689572073408	0.00037841897862311846	0.0006377571164457585	0.00031339045848688407	0.0007761385907709695
-0.000458926174929708	0.00029760793419497666	-0.0008821790737916224	0.0005422031603048438	-0.00012085621783719525	0.0004505289177729743	-0.00031070353708795295	0.0007137291912133747
-0.0005837449740444534	0.001483386525787278	-0.00119422607157893	0.0009166595576501901	0.0006904659764099819	7.607252042807211e-05	6.37528602571713e-05	0.0012754137872310611
0.00047721481843221447	-0.0009505800569546974	-0.00013326627910204003	0.0009166595576501901	0.0003160095790653017	0.0010122135137904387	-6.106593885757405e-05	0.0004016821934262893
-0.0006461543736020481	4.79703359652639e-05	-0.0001956756786594127	0.0007918407585345566	0.000253600179507929	0.000700166516002465	6.37528602571713e-05	0.0007761385907709695
0.0005396242179898092	0.000859292530212441	0.0004284183169149802	0.0007918407585345566	-0.00030808441650909124	-0.0009224778724918892	-0.00012347533841561287	0.0002768633943113219
-0.0005213355744873027	-0.0005761236596100172	0.0018014251071798437	0.0009166595576501901	0.00012878138039273956	0.000762575915560948	-0.0004355223362026983	-0.00016000240259139709
0.0003523960193174691	0.00023519853463738194	-0.0001956756786594127	0.0004173843611896544	0.0003160095790653017	-0.0006104308747045817	0.00025098105892973344	0.0004016821934262893
-0.00039651677537255736	0.001296158327114938	0.0010525123124902613	0.0006670219594200333	-0.00030808441650909124	0.00032571011865822896	-0.00024829413753035823	-3.518360347620764e-05
0.00047721481843221447	-0.0006385330591676119	0.000490827716473019	0.0007918407585345566	0.0001911907799503343	-0.00011115567824426797	0.0001885716593721387	0.0007761385907709695
0.0005396242179898092	0.0011713395279999705	0.00024119011824264014	0.0006670219594200333	-0.00018326561739478997	-0.0008600684729342944	-6.106593885757405e-05	0.00021445399475350513
-0.0005837449740444534	-7.684846314992555e-05	0.000490827716473019	0.000729431358977628	0.00044082837818049114	0.0012618511120201514	6.37528602571713e-05	0.0010257761890006822
0.00047721481843221447	0.000859292530212441	-0.00119422607157893	0.0006670219594200333	0.0005656471772956806	0.00020089131954303951	-0.00012347533841561287	0.0009633667894437536
-0.0007085637731598649	0.0006720643315401009	-7.08568795444453e-05	0.0005422031603048438	0.0007528753759675766	0.00026330071910063424	-6.106593885757405e-05	0.0008385479903281201
0.000789261816219744	-0.00032648606137941627	0.0008652841138179213	0.0009790689572073408	0.00037841897862311846	0.0015114887102505303	6.37528602571713e-05	0.0012754137872310611
-0.0005213355744873027	0.0016082053249020234	0.000490827716473019	0.0007918407585345566	0.00044082837818049114	-0.0001735650778018627	-0.00012347533841561287	0.000464091592983884
0.00047721481843221447	0.001046520728884781	0.001551787508950353	0.0007918407585345566	0.0008152847755251713	0.0013866699111353409	1.3434606991324927e-06	0.0009633667894437536
-0.0005837449740444534	4.79703359652639e-05	0.0012397405111626014	0.0012287065554377197	0.0011897411728700735	7.607252042807211e-05	0.0003757998580444788	0.0012130043876734664
-0.0007085637731598649	0.0007968831306548463	0.0018014251071798437	0.0004173843611896544	0.0005032377777380859	-0.0001735650778018627	-0.00031070353708795295	0.0002768633943113219
0.0006020336175474039	0.00029760793419497666	0.001551787508950353	0.0009166595576501901	0.00044082837818049114	0.0010746229133482554	6.37528602571713e-05	0.0007761385907709695
-0.0005837449740444534	0.0024819369187067952	0.0007404653147022877	0.0009790689572073408	0.0009401035746399167	7.607252042807211e-05	0.0001885716593721387	0.0015250513854605519
0.0006020336175474039	0.0009841113293271864	0.0013021499107201961	0.0008542501580921513	0.0009401035746399167	0.000762575915560948	1.3434606991324927e-06	0.0015874607850181466
-0.0007085637731598649	0.0005472455324253556	0.00030359951780067895	0.0005422031603048438	0.0011273317733124788	0.0014490793106929356	-6.106593885757405e-05	0.0016498701845757413
0.0006020336175474039	0.0022322993204773045	-0.0001956756786594127	0.0010414783567649355	0.0013769693715428577	0.0016363075093657198	0.00025098105892973344	0.0015874607850181466
-0.0005213355744873027	0.0006720643315401009	0.0016141969085079477	0.0009166595576501901	0.000877694175082766	0.0014490793106929356	-0.00012347533841561287	0.0013378231867882118
0.0006020336175474039	0.00048483613286731675	0.0008028747142607706	0.0007918407585345566	0.0006280565768523871	-0.00023597447735901333	-0.0001858847379732076	0.0009009573898861589
0.0008516712157771167	0.00029760793419497666	0.002425519102755125	0.001353525354552021	0.0010025129741979555	0.0011370323129058502	0.00025098105892973344	0.0008385479903281201
-0.0007709731727170155	0.0006096549319825062	0.0009901029129326666	0.000729431358977628	0.0006904659764099819	0.000762575915560948	-6.106593885757405e-05	0.0009633667894437536
0.0006644430171049986	0.0020450711218045203	0.0012397405111626014	0.0011038877563220861	0.0006904659764099819	-0.0005480214751463208	0.0001885716593721387	0.0007137291912133747
-0.0005213355744873027	0.00011037973552285862	0.002175881504525412	0.0009166595576501901	0.0006904659764099819	0.0010746229133482554	6.37528602571713e-05	0.0009633667894437536
0.0005396242179898092	0.0011089301284421538	0.0008028747142607706	0.0009790689572073408	0.00044082837818049114	0.0003881195182153796	6.37528602571713e-05	0.0009633667894437536
-0.0006461543736020481	0.0019826617222473697	0.0006156465155879864	0.0009166595576501901	0.0005032377777380859	0.0011370323129058502	-0.00012347533841561287	0.0009633667894437536
0.0006020336175474039	-1.4439063592330825e-05	0.0008652841138179213	0.0011038877563220861	0.0010025129741979555	0.0009498041142328439	0.00025098105892973344	0.0016498701845757413
-0.000458926174929708	0.0012337489275573432	-0.00025808507821700744	0.0009166595576501901	0.0003160095790653017	-0.0003607932764742028	-0.00012347533841561287	0.0005889103920981853
-0.0007085637731598649	-0.0007009424587247626	0.0006780559151455812	0.0006670219594200333	6.637198083558893e-05	0.0010122135137904387	-0.0001858847379732076	0.000464091592983884
0.0007268524166625934	0.0009217019297695916	5.3961919570300054e-05	0.0011038877563220861	0.0001911907799503343	0.00026330071910063424	0.00012616225981432194	0.0007761385907709695
-0.0007085637731598649	0.0009217019297695916	0.0010525123124902613	0.0008542501580921513	0.00012878138039273956	-0.00048561207558939223	6.37528602571713e-05	0.0003392727938686946
0.0005396242179898092	-0.0008257612578395079	0.0014893781093929803	0.000729431358977628	-5.844681827960052e-05	0.000512938317330569	-0.00012347533841561287	0.00015204459519613245
-0.0009582013713897997	0.0009217019297695916	-0.0001956756786594127	0.0004797937607472491	-0.0002456750169519406	-0.000735249673819105	0.0007502562553896031	0.0005889103920981853
0.0011013088140074956	0.001046520728884781	0.0016141969085079477	0.0016031629527821778	-0.0004329032156242807	0.00032571011865822896	-0.00024829413753035823	-3.518360347620764e-05
-0.0008333825722750543	-0.0008881706573971027	0.0006780559151455812	0.0007918407585345566	-0.00037049381606757414	-0.0008600684729342944	-0.00012347533841561287	0.000464091592983884
0.0005396242179898092	0.001296158327114938	0.0006780559151455812	0.0009790689572073408	0.0003160095790653017	1.3663120870477385e-05	0.00025098105892973344	0.0005889103920981853
0.0003523960193174691	-0.0007633518582823573	-0.0004453132768897916	0.0004173843611896544	-0.00037049381606757414	0.0003881195182153796	-0.0003731129366455477	0.0002768633943113219
-0.0005213355744873027	0.0015457959253444287	-0.0008821790737916224	0.0009166595576501901	0.0006280565768523871	0.00013848191998566683	0.00012616225981432194	0.0014002325863462506
0.0006644430171049986	0.00023519853463738194	0.00030359951780067895	0.0009166595576501901	0.0005032377777380859	0.0005753477168881638	6.37528602571713e-05	0.00065131979165578
-0.0007709731727170155	-0.0005137142600519784	0.0001787807186854895	0.0005422031603048438	0.0001911907799503343	0.0011370323129058502	-6.106593885757405e-05	0.0003392727938686946
0.0005396242179898092	0.0013585677266725327	-8.447479986850581e-06	0.0006046125598619945	6.637198083558893e-05	-0.0006728402742619544	0.0001885716593721387	0.0005889103920981853
-0.0005213355744873027	0.00029760793419497666	0.001988653305852628	0.0009166595576501901	0.0001911907799503343	0.0003881195182153796	-6.106593885757405e-05	0.0005265009925405906
0.0006020336175474039	4.79703359652639e-05	0.0006156465155879864	0.0008542501580921513	0.0007528753759675766	-0.000735249673819105	6.37528602571713e-05	0.0013378231867882118
-0.0006461543736020481	0.002294708720034455	0.0009901029129326666	0.0009166595576501901	0.000877694175082766	0.00013848191998566683	1.3434606991324927e-06	0.0012754137872310611
-0.0006461543736020481	0.0014209771262296833	-0.0005077226764464982	0.000729431358977628	0.0011273317733124788	0.0003881195182153796	0.00012616225981432194	0.0022739641801510224
0.00047721481843221447	0.002918802715609292	-0.0014438636698093088	0.000729431358977628	0.0011897411728700735	-0.0010472966716061904	-0.00024829413753035823	0.0022115547805929836
-0.0005213355744873027	0.0018578429231324023	-0.0004453132768897916	0.0011038877563220861	0.0018762445680025053	0.0008873947146752492	0.00025098105892973344	0.0031476957739557943
0.0006020336175474039	0.0024195275191492005	-0.0023175952636136365	0.0009790689572073408	0.0016890163693299431	0.0006377571164457585	6.37528602571713e-05	0.0034597427717431017
-0.0007709731727170155	0.003168440313839671	-0.002692051660958983	0.000729431358977628	0.0018762445680025053	-0.00011115567824426797	0.00012616225981432194	0.003834199169087782
0.0006644430171049986	0.0022322993204773045	-0.0018807294667118057	0.001166297155880125	0.002749976161807721	0.0009498041142328439	0.0003757998580444788	0.0047703401624501485
-0.000458926174929708	0.003230849713397266	-0.0029416892591889177	0.0008542501580921513	0.002375519764462819	-0.00048561207558939223	-0.00024829413753035823	0.004271064965990723
0.00047721481843221447	0.0035428967111845733	-0.0025048234622864207	0.0010414783567649355	0.002999613760037212	0.0010746229133482554	0.00012616225981432194	0.005332024758467835
0.0005396242179898092	0.0037301249098569134	-0.00400264905166603	0.0009166595576501901	0.003186841958709552	0.0005753477168881638	1.3434606991324927e-06	0.005332024758467835
-0.0005837449740444534	0.004042171907644443	-0.0030040986587465124	0.0006670219594200333	0.0031244325591524014	0.00013848191998566683	0.00012616225981432194	0.0053944341580249855
0.0005396242179898092	0.0031060309142816322	-0.002879279859631323	0.0008542501580921513	0.002375519764462819	0.000512938317330569	-6.106593885757405e-05	0.005144796559795495
-0.0005837449740444534	0.0039173531085292534	-0.003940239652108879	0.0009790689572073408	0.0022507009653476295	0.00026330071910063424	0.00012616225981432194	0.004083836767317717
0.0004148054188755079	0.003418077912069384	-0.003253736256976447	0.0010414783567649355	0.001314559971985263	-0.0006104308747045817	0.0001885716593721387	0.004458293164663063
-0.0005837449740444534	0.003230849713397266	-0.002879279859631323	0.0016655723523393284	0.0013769693715428577	-4.874627868667325e-05	1.3434606991324927e-06	0.0041462461668755335
0.0006644430171049986	0.0036677155102997627	-0.004377105449010932	0.002227256948357237	0.0017514257688875379	-4.874627868667325e-05	6.37528602571713e-05	0.004583111963777808
-0.0007085637731598649	0.0035428967111845733	-0.0036281926543213494	0.0024768945465869496	0.0018138351684449106	0.0004505289177729743	0.00012616225981432194	0.004707930762892554
-0.0006461543736020481	0.003355668512512011	-0.005250837042816148	0.0023520757474722043	0.0022507009653476295	0.0006377571164457585	-6.106593885757405e-05	0.00526961535891024
0.0006644430171049986	0.0030436215147244816	-0.0038154208529936895	0.002414485147029799	0.00212588216623244	-0.0001735650778018627	6.37528602571713e-05	0.005144796559795495
-0.0005837449740444534	0.002357118119592494	-0.004314696049453781	0.001977619350126858	0.002188291565790035	0.0005753477168881638	6.37528602571713e-05	0.005519252957139731
0.0004148054188755079	0.002981212115166887	-0.005687702839718423	0.0014783441536669883	0.0018138351684449106	7.607252042807211e-05	-0.00024829413753035823	0.00526961535891024
-0.00039651677537255736	0.002981212115166887	-0.0037530114534360948	0.001540753553224583	0.0020010633671172506	0.00013848191998566683	-0.0003731129366455477	0.004395883765105024
0.0004148054188755079	0.002294708720034455	-0.004689152446798461	0.0008542501580921513	0.0009401035746399167	-0.0006104308747045817	-0.00012347533841561287	0.004333474365547874
-0.0007709731727170155	0.0035428967111845733	-0.004689152446798461	0.0012911159549944262	0.0006280565768523871	-0.000735249673819105	6.37528602571713e-05	0.0041462461668755335
0.0006644430171049986	0.0034804873116269786	-0.004189877250338592	0.0009790689572073408	0.0009401035746399167	1.3663120870477385e-05	1.3434606991324927e-06	0.004395883765105024
0.0005396242179898092	0.003355668512512011	-0.005250837042816148	0.000729431358977628	0.0006280565768523871	-0.000984887272049484	-0.00024829413753035823	0.003834199169087782
-0.0007085637731598649	0.002918802715609292	-0.00400264905166603	0.0008542501580921513	0.0012521505724281123	-0.0004232026760317975	1.3434606991324927e-06	0.004395883765105024
0.0006644430171049986	0.002357118119592494	-0.005188427643258553	0.0008542501580921513	0.0017514257688875379	0.00026330071910063424	0.00012616225981432194	0.004645521363335403
-0.0006461543736020481	0.002918802715609292	-0.005438065241488044	0.0006046125598619945	0.0019386539675601	-0.0001735650778018627	1.3434606991324927e-06	0.004707930762892554
0.0005396242179898092	0.0020450711218045203	-0.004501924248126121	0.0005422031603048438	0.0016890163693299431	-0.00023597447735901333	6.37528602571713e-05	0.005706481155812737
-0.0005213355744873027	0.00254434631826439	-0.005625293440160828	0.000729431358977628	0.0026251573626925317	0.00026330071910063424	0.0005006186571592242	0.0058312999549279265
0.0009764900148923061	0.0035428967111845733	-0.004689152446798461	0.00035497496163205966	0.0011897411728700735	-0.0005480214751463208	-0.00031070353708795295	0.004707930762892554
-0.0008333825722750543	0.002357118119592494	-0.00599974983750573	0.0007918407585345566	0.0007528753759675766	-0.00048561207558939223	1.3434606991324927e-06	0.004645521363335403
-0.0005213355744873027	0.0038549437089716587	-0.004689152446798461	0.0007918407585345566	0.000877694175082766	-0.0010472966716061904	0.0001885716593721387	0.004520702564220658
0.0003523960193174691	0.003168440313839671	-0.004189877250338592	0.0004797937607472491	0.0001911907799503343	-0.0014217530689515367	-0.0004355223362026983	0.0037093803699725925
-0.0005837449740444534	0.0030436215147244816	-0.005874931038390541	0.000729431358977628	0.00044082837818049114	-0.0006728402742619544	1.3434606991324927e-06	0.0041462461668755335
0.0009140806153353775	0.0028563933160521415	-0.005562884040603233	0.001166297155880125	0.0005032377777380859	-0.001359343669394164	0.00031339045848688407	0.004271064965990723
-0.0008957919718317608	0.002357118119592494	-0.004813971245913651	0.0004173843611896544	0.001314559971985263	-0.0006728402742619544	6.37528602571713e-05	0.005706481155812737
0.0006644430171049986	0.0032932591129539723	-0.005562884040603233	0.0007918407585345566	0.003186841958709552	0.000512938317330569	-0.00012347533841561287	0.0060185281535998225
-0.0007085637731598649	0.0034804873116269786	-0.004564333647683716	0.0011038877563220861	0.0036861171551700878	0.0014490793106929356	0.0005006186571592242	0.0064553939505025415
0.0009764900148923061	0.0030436215147244816	-0.005687702839718423	0.0004173843611896544	0.003249251358267591	0.000762575915560948	-6.106593885757405e-05	0.006268165751830201
0.0003523960193174691	0.0035428967111845733	-0.004564333647683716	0.00035497496163205966	0.0022507009653476295	-0.0003607932764742028	-0.00031070353708795295	0.0053944341580249855
-0.00033410737581496264	0.0038549437089716587	-0.0037530114534360948	0.0009166595576501901	0.0025003385635771203	0.000700166516002465	0.0005006186571592242	0.005893709354484633
0.0006644430171049986	0.004603856503661241	-0.004377105449010932	0.0006670219594200333	0.0017514257688875379	-4.874627868667325e-05	6.37528602571713e-05	0.005207205959352645
-0.0006461543736020481	0.004915903501448771	-0.002692051660958983	0.0006046125598619945	0.0014393787711000083	-0.0007976590733766997	1.3434606991324927e-06	0.004395883765105024
0.0006644430171049986	0.004229400106316783	-0.003066508058304107	0.0006670219594200333	0.001314559971985263	-0.0003607932764742028	-0.0001858847379732076	0.004583111963777808
-0.0008333825722750543	0.00447903770454694	-0.004065058451223624	0.00035497496163205966	0.00231311036490478	-0.00023597447735901333	0.00031339045848688407	0.004707930762892554
0.000789261816219744	0.004166990706759188	-0.0025048234622864207	0.0004173843611896544	0.0022507009653476295	0.00032571011865822896	-0.0001858847379732076	0.004645521363335403
-0.0007085637731598649	0.0030436215147244816	-0.004626743047241311	0.0008542501580921513	0.002999613760037212	0.0003881195182153796	0.00025098105892973344	0.005207205959352645
-0.0006461543736020481	0.002793983916494547	-0.0038154208529936895	0.00035497496163205966	0.002937204360479617	1.3663120870477385e-05	-6.106593885757405e-05	0.004957568361122711
0.0006644430171049986	0.00254434631826439	-0.005126018243700958	0.0007918407585345566	0.002999613760037212	0.0009498041142328439	0.00012616225981432194	0.0053944341580249855
-0.0005213355744873027	0.002918802715609292	-0.005188427643258553	0.0006046125598619945	0.002562747963135159	-0.0001735650778018627	0.0001885716593721387	0.004895158961565116
0.00047721481843221447	-0.0007009424587247626	-0.0071855284290980315	0.0002301561625177584	-0.002242775802791641	-0.004042947850366296	-0.00031070353708795295	-0.00028482120170658654
-0.0006461543736020481	-0.0013874458538571943	-0.008870582217150424	0.0002301561625177584	-0.003740601392171472	-0.004604632446383539	-0.0004355223362026983	-0.000596868199493672
0.00047721481843221447	-7.684846314992555e-05	-0.008121669422460842	0.0002301561625177584	-0.009856722548804875	-0.009847022009212614	-0.0005603411353178878	-0.00590166716188012
-0.0005837449740444534	-0.00525682862642185	-0.012115870994139799	0.0002301561625177584	-0.007173118367833187	-0.007225827227797854	-0.00031070353708795295	-0.0034052911795805496
0.0007268524166625934	-0.0031973184410243327	-0.010056360808742504	0.00016774676296016366	-0.004926379983763551	-0.006040048636205775	-0.0003731129366455477	-0.0012833715946261037
0.0006020336175474039	-0.0061305602202264	-0.013800924782192192	0.00010533736340256894	-0.009295037952788077	-0.009222928013637555	-0.000497931735760293	-0.0053399825658628775
-0.0007709731727170155	-0.0038214124365991697	-0.013176830786616911	-8.189083526999319e-05	-0.0055504739793388325	-0.005852820437533435	-0.0005603411353178878	-0.0017826467910861954
0.0003523960193174691	0.0024195275191492005	-0.0065614344335234165	0.00029256556207446494	0.0015641975702156419	-0.000984887272049484	-0.0003731129366455477	0.004083836767317717
-0.00033410737581496264	0.002793983916494547	-0.0048763806454710235	0.0008542501580921513	0.0031244325591524014	0.0008249853151180986	0.00043820925760162943	0.004083836767317717
0.0005396242179898092	0.0011089301284421538	-0.008184078822018215	0.0004797937607472491	0.0011897411728700735	-0.000735249673819105	1.3434606991324927e-06	0.004333474365547874
-0.0005837449740444534	0.002294708720034455	-0.0061245686366209195	0.0004797937607472491	0.0011273317733124788	-0.00117211547072138	-0.0001858847379732076	0.003959017968202527
0.0005396242179898092	0.0024195275191492005	-0.0053132464423737424	0.0006046125598619945	0.0011897411728700735	-0.000984887272049484	0.0001885716593721387	0.004208655566432684
-0.000458926174929708	0.00360530611074128	-0.0037530114534360948	0.0004173843611896544	0.0003160095790653017	-0.0022954846627567527	-0.00024829413753035823	0.003022876974840605
-0.0006461543736020481	0.004042171907644443	-0.003503373855206604	0.0004797937607472491	0.000253600179507929	-0.0016713906671814716	-6.106593885757405e-05	0.0033349239726279123
0.0007268524166625934	0.004229400106316783	-0.004626743047241311	0.0006670219594200333	0.000877694175082766	-0.0012969342698365693	0.00012616225981432194	0.003771789769530187
-0.0007085637731598649	0.0038549437089716587	-0.00387783025255084	0.00029256556207446494	0.0010649223737555502	-0.0017338000667390663	-0.00012347533841561287	0.0035221521713006965
0.0006644430171049986	0.002981212115166887	-0.004626743047241311	0.000729431358977628	0.0015641975702156419	-0.00048561207558939223	6.37528602571713e-05	0.004832749562007743
-0.000458926174929708	0.0026691651173795794	-0.005874931038390541	0.000729431358977628	0.0022507009653476295	0.00032571011865822896	-0.00031070353708795295	0.003959017968202527
0.00047721481843221447	0.0018578429231324023	-0.005126018243700958	0.00029256556207446494	0.00212588216623244	0.000512938317330569	-6.106593885757405e-05	0.0047703401624501485
-0.0007085637731598649	0.0012337489275573432	-0.005874931038390541	0.0006670219594200333	0.002375519764462819	0.000512938317330569	-6.106593885757405e-05	0.005144796559795495
0.0006644430171049986	0.002294708720034455	-0.0035657832547637547	0.000729431358977628	0.002562747963135159	7.607252042807211e-05	0.00031339045848688407	0.004895158961565116
0.0006020336175474039	0.0031060309142816322	-0.003940239652108879	0.0005422031603048438	0.0019386539675601	1.3663120870477385e-05	-6.106593885757405e-05	0.004520702564220658
-0.0007085637731598649	0.0045414471041045346	-0.003503373855206604	0.0004797937607472491	0.0015641975702156419	-0.000735249673819105	-6.106593885757405e-05	0.004395883765105024
0.0007268524166625934	0.004666265903218836	-0.0016935012680390216	0.000729431358977628	0.0010649223737555502	-0.0016089812676238768	0.00025098105892973344	0.0034597427717431017
-0.0009582013713897997	0.004291809505874156	-0.003128917457861702	0.0002301561625177584	0.0008152847755251713	-0.0012969342698365693	-0.00024829413753035823	0.004083836767317717
0.000789261816219744	0.00485349410189162	-0.0033785550560909705	0.000729431358977628	0.0016266069697723484	-0.000984887272049484	0.0001885716593721387	0.004520702564220658
-0.0006461543736020481	0.004416628304989345	-0.0027544610605161335	0.0006670219594200333	0.0030620231595952507	0.0006377571164457585	0.00012616225981432194	0.005519252957139731
0.0007268524166625934	0.0037301249098569134	-0.004564333647683716	0.0005422031603048438	0.0036861171551700878	0.0006377571164457585	0.00012616225981432194	0.006080937553157417
-0.0005837449740444534	0.003792534309414064	-0.005188427643258553	0.0005422031603048438	0.002812385561364872	7.607252042807211e-05	-0.0001858847379732076	0.005082387160237456
-0.000458926174929708	0.003418077912069384	-0.005250837042816148	0.0009166595576501901	0.004497439349416821	0.0018859451075954325	0.0003757998580444788	0.007017078546519784
0.0005396242179898092	0.003168440313839671	-0.005375655841930449	0.0004173843611896544	0.002937204360479617	-0.00029838387691705215	-0.00012347533841561287	0.005207205959352645
-0.0007709731727170155	0.0030436215147244816	-0.004564333647683716	0.0004797937607472491	0.0016890163693299431	-0.000984887272049484	-0.00012347533841561287	0.004333474365547874
0.0007268524166625934	0.004416628304989345	-0.004252286649896186	0.0007918407585345566	0.00212588216623244	-0.0004232026760317975	0.0001885716593721387	0.004083836767317717
-0.0006461543736020481	0.005415178697908862	-0.0030040986587465124	0.0004173843611896544	0.0015641975702156419	-0.001796209466296661	1.3434606991324927e-06	0.0035221521713006965
0.0006020336175474039	0.004915903501448771	-0.0025048234622864207	0.0006046125598619945	0.0014393787711000083	-0.0012969342698365693	1.3434606991324927e-06	0.004208655566432684
-0.0006461543736020481	0.0047286753027764306	-0.004127467850781219	0.0005422031603048438	0.0016266069697723484	-0.0014217530689515367	-0.00024829413753035823	0.004021427367760566
0.0005396242179898092	0.004666265903218836	-0.0036906020538785	0.0007918407585345566	0.002812385561364872	0.00013848191998566683	0.00031339045848688407	0.005082387160237456
0.0005396242179898092	0.002981212115166887	-0.006186978036178514	0.0006046125598619945	0.0031244325591524014	0.0009498041142328439	6.37528602571713e-05	0.005706481155812737
-0.0005837449740444534	0.002918802715609292	-0.005188427643258553	0.0004797937607472491	0.003436479556939709	0.000762575915560948	6.37528602571713e-05	0.005768890555369888
0.00047721481843221447	0.0015457959253444287	-0.005562884040603233	0.0005422031603048438	0.0031244325591524014	0.0008873947146752492	-0.00012347533841561287	0.0053944341580249855
-0.0007085637731598649	0.0013585677266725327	-0.007559984826442934	0.0004173843611896544	0.0018762445680025053	1.3663120870477385e-05	-6.106593885757405e-05	0.0038966085686449325
0.0006644430171049986	0.0024819369187067952	-0.005250837042816148	0.0004797937607472491	0.0014393787711000083	-0.001359343669394164	-0.00012347533841561287	0.0028980581757254154
-0.0006461543736020481	0.002294708720034455	-0.005562884040603233	0.0004173843611896544	-0.002055547604119079	-0.004105357249923447	1.3434606991324927e-06	0.0012754137872310611
0.0006644430171049986	0.001920252322689775	-0.006998300230425691	0.00035497496163205966	-5.844681827960052e-05	-0.0031692162565615245	-0.00012347533841561287	0.0024611923788233625
-0.0006461543736020481	0.0045414471041045346	-0.003503373855206604	0.0006670219594200333	3.962581277994204e-06	-0.0025451222609862434	1.3434606991324927e-06	0.0028356487761678206
-0.0005837449740444534	0.004354218905431972	-0.004377105449010932	0.0005422031603048438	0.0011273317733124788	-0.0017338000667390663	0.0001885716593721387	0.003646970970415886
0.0005396242179898092	0.002918802715609292	-0.004564333647683716	0.0004173843611896544	0.0005032377777380859	-0.0022954846627567527	-0.00012347533841561287	0.0026484205774959246
-0.0005837449740444534	0.0011713395279999705	-0.006998300230425691	0.0004797937607472491	0.00044082837818049114	-0.00117211547072138	-0.00012347533841561287	0.0031476957739557943
0.0005396242179898092	0.0009217019297695916	-0.007747213025115274	0.0005422031603048438	0.0009401035746399167	-0.0010472966716061904	-6.106593885757405e-05	0.004395883765105024
-0.0007085637731598649	0.0015457959253444287	-0.0053132464423737424	0.00035497496163205966	0.0024379291640199696	7.607252042807211e-05	-0.0001858847379732076	0.004645521363335403
0.0005396242179898092	0.001296158327114938	-0.006623843833081011	0.0004797937607472491	0.002812385561364872	0.00013848191998566683	0.00031339045848688407	0.005144796559795495
-0.000458926174929708	0.002981212115166887	-0.005375655841930449	0.0008542501580921513	0.0018762445680025053	-0.0010472966716061904	6.37528602571713e-05	0.003834199169087782
0.0006020336175474039	0.0031060309142816322	-0.004938790045028618	0.00035497496163205966	0.0007528753759675766	-0.0014841624685091315	-0.00024829413753035823	0.0035221521713006965
0.0007268524166625934	0.004666265903218836	-0.0036281926543213494	0.0012287065554377197	0.0007528753759675766	-0.002233075263198714	0.00012616225981432194	0.0033349239726279123
-0.00039651677537255736	0.004791084702334025	-0.0021303670649417406	0.0010414783567649355	0.000877694175082766	-0.002233075263198714	0.00031339045848688407	0.0031476957739557943
0.0002899866197603185	0.0037301249098569134	-0.004626743047241311	0.0004797937607472491	0.00037841897862311846	-0.0021082564640837465	-0.000497931735760293	0.0030852863743977554
-0.000458926174929708	0.00485349410189162	-0.00387783025255084	0.0016655723523393284	0.0020634727666752894	-0.0008600684729342944	0.00031339045848688407	0.004021427367760566
0.0005396242179898092	0.003418077912069384	-0.004377105449010932	0.0024768945465869496	0.0020010633671172506	-0.0008600684729342944	-6.106593885757405e-05	0.004083836767317717
-0.0005837449740444534	0.001296158327114938	-0.008184078822018215	0.00497327052888652	0.000877694175082766	-0.0016089812676238768	-0.00012347533841561287	0.0033349239726279123
0.0005396242179898092	0.000859292530212441	-0.00830889762113296	0.011214210484635334	0.00212588216623244	-0.0001735650778018627	-0.00012347533841561287	0.004707930762892554
-0.0006461543736020481	0.0016082053249020234	-0.007123119029540881	0.0027265321448173285	0.003249251358267591	0.000512938317330569	0.0001885716593721387	0.0058312999549279265
-0.0005213355744873027	0.004291809505874156	-0.004626743047241311	0.0009790689572073408	0.003436479556939709	-0.0004232026760317975	0.00012616225981432194	0.005519252957139731
0.0006020336175474039	0.004603856503661241	-0.00400264905166603	0.0007918407585345566	0.0024379291640199696	-0.0009224778724918892	1.3434606991324927e-06	0.004832749562007743
-0.0005213355744873027	0.005290359898794117	-0.004127467850781219	0.0009790689572073408	0.00231311036490478	-0.0010472966716061904	0.0001885716593721387	0.005019977760680305
0.0006644430171049986	0.005602406896581202	-0.0025672328618440154	0.000729431358977628	0.0015641975702156419	-0.002357894062313459	0.00012616225981432194	0.003397333372185507
-0.0007085637731598649	0.004915903501448771	-0.0029416892591889177	0.0004173843611896544	0.0011897411728700735	-0.001983437664969001	0.0001885716593721387	0.004395883765105024
0.0007268524166625934	0.005103131700121333	-0.00400264905166603	0.0009790689572073408	0.0016266069697723484	-0.0014217530689515367	0.00025098105892973344	0.0035221521713006965
-0.0005837449740444534	0.003792534309414064	-0.0037530114534360948	0.005410136325789239	0.0012521505724281123	-0.000984887272049484	-0.00031070353708795295	0.003210105173512945
0.00047721481843221447	0.001920252322689775	-0.00843371642024815	0.015582868453659193	0.0005032377777380859	-0.000984887272049484	0.00012616225981432194	0.003210105173512945
0.0005396242179898092	-0.000201667262265115	-0.007497575426885783	0.0149587744580848	0.00037841897862311846	-0.0016089812676238768	-0.00012347533841561287	0.0022739641801510224
-0.0007709731727170155	-0.002698043244564241	-0.010742864203874491	0.030373896148784052	-0.0019307288050043336	-0.0029195786583313676	-0.00024829413753035823	0.00065131979165578
0.0007268524166625934	-1.4439063592330825e-05	-0.008932991616707797	0.03149726534081898	-0.00018326561739478997	-0.0022954846627567527	1.3434606991324927e-06	0.0022115547805929836
-0.00039651677537255736	0.000859292530212441	-0.006499025033965822	0.02332163399878806	-0.0002456750169519406	-0.0031068068570039298	0.0001885716593721387	-0.0004720494003793707
0.0002275772202029458	-0.0005761236596100172	-0.008745763418035013	0.026566922775777657	-0.002929279197924073	-0.005103907642843408	6.37528602571713e-05	0.0013378231867882118
-0.0005837449740444534	0.0024195275191492005	-0.005937340437948135	0.005222908127116455	0.0008152847755251713	-0.0031692162565615245	-6.106593885757405e-05	0.001961917182363493
0.0006644430171049986	0.004354218905431972	-0.0025048234622864207	0.0007918407585345566	-0.00161868180721636	-0.004479813647268571	1.3434606991324927e-06	0.00021445399475350513
-0.0006461543736020481	0.001296158327114938	-0.004813971245913651	0.0006046125598619945	0.0005656471772956806	-0.0031068068570039298	6.37528602571713e-05	0.0014626419859038453
-0.0007085637731598649	0.001920252322689775	-0.004065058451223624	0.0004173843611896544	0.001314559971985263	-0.002357894062313459	-0.0001858847379732076	0.0015874607850181466
0.000789261816219744	-0.00045130486049482776	-0.007310347228213221	0.0007918407585345566	0.0006904659764099819	-0.0019210282654114064	0.00025098105892973344	0.0014002325863462506
-0.0009582013713897997	0.0011089301284421538	-0.0061245686366209195	0.00010533736340256894	0.0031244325591524014	-0.0005480214751463208	-0.0003731129366455477	0.0030852863743977554
0.0006644430171049986	0.0009841113293271864	-0.005562884040603233	0.000729431358977628	0.003374070157382336	-0.0001735650778018627	1.3434606991324927e-06	0.0034597427717431017
-0.00039651677537255736	0.000422426733309722	-0.007497575426885783	0.0007918407585345566	0.0026875667622501265	-0.0003607932764742028	-0.0006227505348754825	-0.0030308347822358694
0.0002899866197603185	-0.0040710500348291045	-0.01230309919281214	4.292796384519626e-05	-0.0014938630081020587	-0.005041498243286258	-6.106593885757405e-05	-0.000596868199493672
-0.0005837449740444534	-0.0006385330591676119	-0.00830889762113296	0.0005422031603048438	6.637198083558893e-05	-0.0034188538547910152	-0.00012347533841561287	0.0015874607850181466
0.0006644430171049986	0.002357118119592494	-0.0034409644556490093	0.0006670219594200333	0.0013769693715428577	-0.003044397457446335	0.00031339045848688407	0.002523601778380735
0.0005396242179898092	0.003168440313839671	-0.004252286649896186	0.00035497496163205966	-0.0008073596129691829	-0.004479813647268571	-0.00024829413753035823	0.0007137291912133747
-0.0006461543736020481	0.0041045813072015935	-0.004564333647683716	0.0005422031603048438	0.0005656471772956806	-0.0021706658636415632	1.3434606991324927e-06	0.0028980581757254154
0.0007268524166625934	0.003230849713397266	-0.004501924248126121	0.0008542501580921513	0.0001911907799503343	-0.0024827128614290928	0.00025098105892973344	0.002149145381035833
-0.0007085637731598649	0.001920252322689775	-0.005188427643258553	0.0002301561625177584	0.0008152847755251713	-0.0008600684729342944	-0.0001858847379732076	0.004208655566432684
0.00047721481843221447	0.0013585677266725327	-0.0071855284290980315	0.0006046125598619945	0.0016266069697723484	0.000512938317330569	0.00031339045848688407	0.004957568361122711
-0.000458926174929708	0.0017330241240172128	-0.005250837042816148	0.000729431358977628	0.0017514257688875379	0.000700166516002465	-0.00012347533841561287	0.003834199169087782
0.0004148054188755079	-0.0002640766618227097	-0.007060709629983286	0.0004173843611896544	0.0020010633671172506	0.00026330071910063424	-6.106593885757405e-05	0.004271064965990723
-0.0006461543736020481	0.0009217019297695916	-0.005001199444586213	0.000729431358977628	0.0016890163693299431	-0.0014217530689515367	0.0001885716593721387	0.0030852863743977554
-0.0007709731727170155	0.0026067557178219847	-0.004689152446798461	0.00035497496163205966	0.0013769693715428577	-0.001983437664969001	-0.00012347533841561287	0.0028980581757254154
0.0006020336175474039	0.004166990706759188	-0.004377105449010932	0.0006046125598619945	0.0012521505724281123	-0.002857169258773773	6.37528602571713e-05	0.0030852863743977554
-0.0007085637731598649	0.004603856503661241	-0.0027544610605161335	0.00035497496163205966	0.0006904659764099819	-0.003855719651693512	-0.00024829413753035823	0.0020243265819206435
0.0007268524166625934	0.004229400106316783	-0.003128917457861702	0.000729431358977628	0.000877694175082766	-0.0029819880578889624	0.00012616225981432194	0.0033349239726279123
-0.0005837449740444534	0.004042171907644443	-0.004189877250338592	0.0005422031603048438	0.0013769693715428577	-0.002357894062313459	-6.106593885757405e-05	0.0030852863743977554
0.0006020336175474039	0.002918802715609292	-0.0038154208529936895	0.0006046125598619945	0.0020634727666752894	1.3663120870477385e-05	0.00025098105892973344	0.004208655566432684
-0.0005213355744873027	0.0014209771262296833	-0.005562884040603233	0.0002301561625177584	0.0020010633671172506	-0.0003607932764742028	-0.0003731129366455477	0.0038966085686449325
0.0002899866197603185	0.0006720643315401009	-0.005438065241488044	0.0006046125598619945	0.002749976161807721	0.00013848191998566683	6.37528602571713e-05	0.004271064965990723
0.0004148054188755079	0.000422426733309722	-0.006998300230425691	0.0005422031603048438	0.002188291565790035	-0.00011115567824426797	-0.00012347533841561287	0.004395883765105024
-0.00033410737581496264	0.0021698899209197098	-0.005438065241488044	0.0009166595576501901	0.002812385561364872	-0.0007976590733766997	0.0005006186571592242	0.005019977760680305
0.0004148054188755079	0.0026067557178219847	-0.004626743047241311	0.00029256556207446494	0.0014393787711000083	-0.0029819880578889624	-0.00031070353708795295	0.003646970970415886
-0.0005837449740444534	0.003979762508086848	-0.004751561846356056	0.0005422031603048438	0.0014393787711000083	-0.002857169258773773	1.3434606991324927e-06	0.004520702564220658
0.0007268524166625934	0.005040722300564404	-0.003503373855206604	0.0007918407585345566	0.0012521505724281123	-0.0037933102521363615	-0.00012347533841561287	0.004083836767317717
-0.0007085637731598649	0.0047286753027764306	-0.003066508058304107	0.0004173843611896544	0.0006280565768523871	-0.002607531660543838	-6.106593885757405e-05	0.004832749562007743
0.0007268524166625934	0.0039173531085292534	-0.005001199444586213	0.0005422031603048438	0.001314559971985263	-0.0020458470645261517	1.3434606991324927e-06	0.005082387160237456
-0.0007085637731598649	0.0034804873116269786	-0.005562884040603233	0.0005422031603048438	0.000877694175082766	-0.0014217530689515367	-0.00012347533841561287	0.004520702564220658
-0.0007085637731598649	0.000859292530212441	-0.007747213025115274	0.0004173843611896544	0.0015641975702156419	0.00032571011865822896	1.3434606991324927e-06	0.00545684355758258
0.00047721481843221447	0.0009217019297695916	-0.007435166027328188	0.0004797937607472491	0.0016266069697723484	-0.00023597447735901333	-0.0001858847379732076	0.005144796559795495
-0.000458926174929708	0.0007968831306548463	-0.006811072031753795	0.0006670219594200333	0.0020010633671172506	0.00013848191998566683	0.00012616225981432194	0.0058312999549279265
0.0005396242179898092	0.0015457959253444287	-0.007934441223788058	0.0004797937607472491	0.0016266069697723484	-0.0008600684729342944	-6.106593885757405e-05	0.006205756352272607
-0.0006461543736020481	0.0031060309142816322	-0.006062159237063325	0.0005422031603048438	0.0015017881706580472	-0.0025451222609862434	6.37528602571713e-05	0.006330575151387796
0.0006020336175474039	0.0039173531085292534	-0.005188427643258553	0.0006670219594200333	0.0005032377777380859	-0.003980538450808702	-0.00024829413753035823	0.006580212749617065
-0.0007709731727170155	0.0045414471041045346	-0.005812521638833612	0.0005422031603048438	0.0001911907799503343	-0.0048542700446134734	-0.0001858847379732076	0.006143346952715012
0.00047721481843221447	0.005103131700121333	-0.004314696049453781	0.000729431358977628	0.0005656471772956806	-0.0034188538547910152	0.0001885716593721387	0.006517803350059914
0.00047721481843221447	0.003355668512512011	-0.0061245686366209195	0.00029256556207446494	0.0001911907799503343	-0.003044397457446335	-0.00024829413753035823	0.005956118754042228
-0.0007085637731598649	0.00254434631826439	-0.005126018243700958	0.00035497496163205966	0.0006904659764099819	-0.0022954846627567527	-6.106593885757405e-05	0.005768890555369888
0.0006644430171049986	0.001046520728884781	-0.006686253232638162	0.0006670219594200333	0.0006904659764099819	-0.0006104308747045817	-0.00012347533841561287	0.005644071756255364
-0.000458926174929708	0.001046520728884781	-0.007247937828655626	0.0006670219594200333	0.0015641975702156419	0.000512938317330569	0.00025098105892973344	0.005768890555369888
0.0003523960193174691	0.00029760793419497666	-0.0067486626321953125	0.00016774676296016366	0.000877694175082766	-0.0005480214751463208	6.37528602571713e-05	0.006892259747404594
-0.0005213355744873027	0.0007968831306548463	-0.007060709629983286	0.0004797937607472491	0.0011273317733124788	-0.000984887272049484	6.37528602571713e-05	0.007391534943864686
0.0006020336175474039	0.0019826617222473697	-0.006686253232638162	0.000729431358977628	0.0011273317733124788	-0.001796209466296661	0.00025098105892973344	0.007890810140324556
-0.00039651677537255736	0.002981212115166887	-0.005250837042816148	0.0004173843611896544	6.637198083558893e-05	-0.002357894062313459	-6.106593885757405e-05	0.007641172542095065
-0.0005837449740444534	0.00447903770454694	-0.004252286649896186	0.0006046125598619945	0.0001911907799503343	-0.002794759859216178	6.37528602571713e-05	0.008452494736342242
0.00047721481843221447	0.0039173531085292534	-0.00331614565653382	0.0004173843611896544	-0.0004953126151818754	-0.0036060820534633553	-0.0001858847379732076	0.0077035819416522155
-0.0005837449740444534	0.0034804873116269786	-0.004626743047241311	0.0004797937607472491	-0.00012085621783719525	-0.0020458470645261517	6.37528602571713e-05	0.008202857138112307
0.0007268524166625934	0.003418077912069384	-0.004813971245913651	0.000729431358977628	0.0003160095790653017	-0.0012969342698365693	6.37528602571713e-05	0.008327675937227053
-0.0005213355744873027	0.0022322993204773045	-0.004564333647683716	0.0006046125598619945	0.0006280565768523871	-0.0004232026760317975	-0.0001858847379732076	0.008202857138112307
0.0005396242179898092	0.0009217019297695916	-0.007060709629983286	0.0004173843611896544	0.0008152847755251713	0.0004505289177729743	-0.0003731129366455477	0.008826951133686922
-0.0008957919718317608	0.0009841113293271864	-0.007247937828655626	0.0009790689572073408	0.001314559971985263	0.0008873947146752492	0.0003757998580444788	0.009887910926164256
0.0008516712157771167	0.001046520728884781	-0.007934441223788058	0.0002301561625177584	0.0007528753759675766	0.00013848191998566683	-0.00024829413753035823	0.010199957923951786
0.0007268524166625934	0.002918802715609292	-0.006062159237063325	0.0006046125598619945	0.0010025129741979555	-0.000984887272049484	1.3434606991324927e-06	0.011260917716428676
-0.0007085637731598649	0.0034804873116269786	-0.0053132464423737424	0.0004173843611896544	0.000253600179507929	-0.0017338000667390663	-0.0001858847379732076	0.011760192912888545
0.0007268524166625934	0.004416628304989345	-0.005562884040603233	0.000729431358977628	0.00037841897862311846	-0.0021082564640837465	0.00012616225981432194	0.012321877508906232
-0.0005837449740444534	0.005227950499236966	-0.004314696049453781	0.0004797937607472491	3.962581277994204e-06	-0.0029819880578889624	1.3434606991324927e-06	0.012259468109348637
0.0005396242179898092	0.0045414471041045346	-0.004377105449010932	0.0006046125598619945	-0.0006201314142968428	-0.002794759859216178	6.37528602571713e-05	0.012197058709791486
-0.0005837449740444534	0.0041045813072015935	-0.005937340437948135	0.0005422031603048438	-0.00012085621783719525	-0.0014841624685091315	-0.0001858847379732076	0.011385736515544309
0.00047721481843221447	0.003355668512512011	-0.005687702839718423	0.0004173843611896544	6.637198083558893e-05	0.00013848191998566683	1.3434606991324927e-06	0.010886461319083773
-0.0005213355744873027	0.0015457959253444287	-0.00843371642024815	0.0005422031603048438	0.0005656471772956806	0.0011370323129058502	-0.00012347533841561287	0.010636823720854283
-0.00039651677537255736	0.0007968831306548463	-0.0067486626321953125	0.000729431358977628	0.0011897411728700735	0.0016987169089226484	0.0001885716593721387	0.011323327115986714
0.00047721481843221447	-0.0002640766618227097	-0.007684803625558123	0.00035497496163205966	0.0003160095790653017	0.0011370323129058502	-0.0001858847379732076	0.010574414321296688
-0.0007085637731598649	0.001296158327114938	-0.007622394226000528	0.0004173843611896544	0.0006904659764099819	0.000700166516002465	-0.0001858847379732076	0.011885011712003735
0.000789261816219744	0.0024195275191492005	-0.005126018243700958	0.0007918407585345566	0.00044082837818049114	-0.0005480214751463208	0.0001885716593721387	0.012259468109348637
-0.0008333825722750543	0.0024819369187067952	-0.005625293440160828	0.00016774676296016366	-0.0008073596129691829	-0.0016089812676238768	-0.00012347533841561287	0.012696333906251356
0.0005396242179898092	0.0038549437089716587	-0.005250837042816148	0.00035497496163205966	-0.0008073596129691829	-0.002607531660543838	0.0001885716593721387	0.013195609102711447
-0.00039651677537255736	0.004666265903218836	-0.003128917457861702	0.0006046125598619945	-0.0013066348094292746	-0.002233075263198714	1.3434606991324927e-06	0.012321877508906232
0.0006020336175474039	0.0038549437089716587	-0.005687702839718423	0.00029256556207446494	-0.0009321784120843724	-0.001546571868066282	-0.00012347533841561287	0.012072239910676519
0.0006020336175474039	0.002357118119592494	-0.005375655841930449	0.0006670219594200333	-0.0008073596129691829	-0.0004232026760317975	-6.106593885757405e-05	0.011697783513331839
-0.0005837449740444534	0.0007968831306548463	-0.007310347228213221	0.0005422031603048438	-0.00012085621783719525	0.0011994417124630008	0.00012616225981432194	0.011697783513331839
0.00047721481843221447	-7.684846314992555e-05	-0.008496125819805744	0.00035497496163205966	-0.00018326561739478997	0.0009498041142328439	-0.00024829413753035823	0.011198508316871747
-0.0007085637731598649	-7.684846314992555e-05	-0.007435166027328188	0.0004797937607472491	6.637198083558893e-05	0.0013866699111353409	-0.00012347533841561287	0.012197058709791486
0.0006020336175474039	-0.00013925786270752027	-0.00843371642024815	0.0005422031603048438	0.0001911907799503343	0.0010746229133482554	1.3434606991324927e-06	0.013819703098286285
-0.0006461543736020481	0.0016082053249020234	-0.007247937828655626	0.0004173843611896544	-0.0007449502134115882	-0.0014841624685091315	-0.00012347533841561287	0.01413175009607337
0.0006644430171049986	0.002294708720034455	-0.005562884040603233	0.0005422031603048438	-0.0007449502134115882	-0.001796209466296661	1.3434606991324927e-06	0.015005481689878142
-0.0005213355744873027	0.0035428967111845733	-0.004813971245913651	0.0005422031603048438	-0.0011818160103143072	-0.0029195786583313676	-6.106593885757405e-05	0.015442347486780639
-0.0005837449740444534	0.00485349410189162	-0.0036906020538785	0.0004797937607472491	-0.0014938630081020587	-0.002669941060101433	1.3434606991324927e-06	0.01594162268324073
0.0006020336175474039	0.0041045813072015935	-0.006249387435736109	0.0006046125598619945	-0.0015562724076596535	-0.0021082564640837465	-0.0001858847379732076	0.01562957568545298
-0.0005213355744873027	0.0035428967111845733	-0.006499025033965822	0.0006046125598619945	-0.0006825408138548816	-0.0009224778724918892	6.37528602571713e-05	0.01575439448456817
0.0006644430171049986	0.0014209771262296833	-0.007497575426885783	0.0005422031603048438	-0.0009321784120843724	0.00013848191998566683	1.3434606991324927e-06	0.01513030048899311
-0.0006461543736020481	0.00017278913508000926	-0.010243589007414844	0.0002301561625177584	-0.0002456750169519406	0.001573898109808125	0.00012616225981432194	0.016128850881912626
0.0007268524166625934	0.00017278913508000926	-0.009432266813167667	0.000729431358977628	6.637198083558893e-05	0.001761126308480243	-0.00024829413753035823	0.0164408978797006
-0.0007709731727170155	-0.0005137142600519784	-0.009369857413610516	0.0004173843611896544	0.000253600179507929	0.0010122135137904387	-0.00012347533841561287	0.016877763676603097
0.0006020336175474039	0.0007344737310972516	-0.007372756627770594	0.00035497496163205966	-0.00012085621783719525	-0.0001735650778018627	-0.0001858847379732076	0.0184379986655403
0.0009764900148923061	0.0039173531085292534	-0.005625293440160828	0.0010414783567649355	-0.0004329032156242807	-0.0008600684729342944	0.0005006186571592242	0.019374139658902667
-0.0008957919718317608	0.0045414471041045346	-0.006623843833081011	0.00010533736340256894	-0.0012442254098719019	-0.0024827128614290928	-0.00031070353708795295	0.01899968326155732
0.0006020336175474039	0.005415178697908862	-0.005063608844143808	0.0006046125598619945	-0.0014938630081020587	-0.0027323504596585835	-6.106593885757405e-05	0.019374139658902667
-0.0005213355744873027	0.004603856503661241	-0.005126018243700958	0.0006670219594200333	-0.0012442254098719019	-0.0016713906671814716	0.00012616225981432194	0.017252220073947777
0.0005396242179898092	0.0034804873116269786	-0.007622394226000528	0.00029256556207446494	-0.0011818160103143072	-0.0010472966716061904	-0.0001858847379732076	0.01656571667881579
-0.0007709731727170155	0.0024195275191492005	-0.007247937828655626	0.00035497496163205966	0.00012878138039273956	0.002010763906710178	0.00043820925760162943	0.01562957568545298
0.0009140806153353775	0.0005472455324253556	-0.008184078822018215	0.00035497496163205966	0.0005032377777380859	0.0023228109044977074	-0.00012347533841561287	0.014631025292533018
-0.0006461543736020481	-0.000201667262265115	-0.00830889762113296	0.0004173843611896544	3.962581277994204e-06	0.0018235357080378378	-0.00031070353708795295	0.014318978294745932
-0.000458926174929708	0.000422426733309722	-0.007747213025115274	0.0006670219594200333	0.000253600179507929	0.0018859451075954325	0.0001885716593721387	0.01531752868766545
0.0005396242179898092	0.0019826617222473697	-0.007310347228213221	0.0004173843611896544	-0.0004953126151818754	7.607252042807211e-05	-0.0001858847379732076	0.0164408978797006
-0.0007085637731598649	0.0035428967111845733	-0.005001199444586213	0.00029256556207446494	-0.0011818160103143072	-0.00117211547072138	-0.0001858847379732076	0.018063542268195842
0.0004148054188755079	0.0041045813072015935	-0.005438065241488044	0.0004173843611896544	-0.001868319405446739	-0.0021082564640837465	-0.00031070353708795295	0.019561367857575007
-0.00033410737581496264	0.005602406896581202	-0.004751561846356056	0.0008542501580921513	-0.0009321784120843724	-0.0016713906671814716	-0.00024829413753035823	0.018375589265982706
0.0006020336175474039	0.00447903770454694	-0.004439514848568971	0.00035497496163205966	-0.0018059100058891442	-0.0006728402742619544	-6.106593885757405e-05	0.017876314069523058
-0.0007085637731598649	0.003168440313839671	-0.006436615634408005	0.0006670219594200333	-0.0007449502134115882	0.00032571011865822896	6.37528602571713e-05	0.01706499187527588
0.0007268524166625934	0.002294708720034455	-0.007747213025115274	0.00035497496163205966	-0.0008073596129691829	0.0012618511120201514	-6.106593885757405e-05	0.01625366968102826
0.00047721481843221447	-0.0008257612578395079	-0.010056360808742504	0.00029256556207446494	-0.0006825408138548816	0.0016363075093657198	-0.00031070353708795295	0.014943072290320547
-0.00033410737581496264	0.00017278913508000926	-0.009120219815380137	0.0007918407585345566	0.000253600179507929	0.0022604015049401127	0.0003757998580444788	0.01631607908058541
0.0004148054188755079	-7.684846314992555e-05	-0.008496125819805744	0.0002301561625177584	-0.0013690442089868693	0.0008873947146752492	-0.0003731129366455477	0.016877763676603097
-0.0005837449740444534	0.0017330241240172128	-0.008059260022902581	0.00035497496163205966	-0.0007449502134115882	0.0006377571164457585	6.37528602571713e-05	0.019062092661114916
0.0005396242179898092	0.003355668512512011	-0.0071855284290980315	0.0004797937607472491	-0.0017435006063315495	-0.000984887272049484	6.37528602571713e-05	0.02243220023721948
-0.0005837449740444534	0.004354218905431972	-0.005874931038390541	0.0005422031603048438	-0.0028044603988088834	-0.0021706658636415632	-0.00012347533841561287	0.022369790837661885
0.0005396242179898092	0.00447903770454694	-0.007247937828655626	0.00035497496163205966	-0.0025548228005791707	-0.0018586188658542557	-0.0001858847379732076	0.022806656634564604
-0.0007085637731598649	0.004791084702334025	-0.006935890830868097	0.0005422031603048438	-0.002492413401021576	-0.0011097060711642293	-0.00012347533841561287	0.021059193446954616
-0.0007709731727170155	0.0019826617222473697	-0.009432266813167667	0.00029256556207446494	-0.0016810912067743988	-4.874627868667325e-05	-0.0001858847379732076	0.01931173025934463
0.0004148054188755079	0.0009841113293271864	-0.009557085612282412	0.0002301561625177584	-0.0014938630081020587	0.0003881195182153796	-0.0004355223362026983	0.017439448272620117
-0.00039651677537255736	0.00017278913508000926	-0.009432266813167667	0.000729431358977628	-0.0006201314142968428	0.002197992105382518	6.37528602571713e-05	0.01675294487748813
0.0007268524166625934	-0.0002640766618227097	-0.010493226605645223	0.0006670219594200333	-5.844681827960052e-05	0.0021355827058258114	6.37528602571713e-05	0.01562957568545298
-0.0006461543736020481	4.79703359652639e-05	-0.008932991616707797	0.00035497496163205966	-0.00037049381606757414	0.001761126308480243	-0.00012347533841561287	0.015567166285895828
0.0006020336175474039	0.0003600173337525714	-0.008496125819805744	0.0005422031603048438	-0.0007449502134115882	0.0006377571164457585	0.00012616225981432194	0.017002582475718286
-0.000458926174929708	0.0021698899209197098	-0.007684803625558123	0.00029256556207446494	-0.0019931382045614843	-0.0009224778724918892	-0.0001858847379732076	0.01756426707173575
0.00047721481843221447	0.002918802715609292	-0.0055004746410460825	0.00029256556207446494	-0.0024300040014644253	-0.0012345248702787526	-6.106593885757405e-05	0.01756426707173575
0.0006644430171049986	0.004166990706759188	-0.005750112239276017	0.0006670219594200333	-0.0023051852023487918	-0.0011097060711642293	1.3434606991324927e-06	0.01762667647129268
-0.000458926174929708	0.004042171907644443	-0.004501924248126121	0.0006670219594200333	-0.0019931382045614843	-0.0006104308747045817	0.0001885716593721387	0.018063542268195842
0.0006020336175474039	0.0024195275191492005	-0.006499025033965822	0.00035497496163205966	-0.0025548228005791707	-0.0003607932764742028	-0.00012347533841561287	0.016628126078372718
-0.0005213355744873027	0.0021698899209197098	-0.007559984826442934	0.0005422031603048438	-0.0011818160103143072	0.0010122135137904387	1.3434606991324927e-06	0.01581680388412532
0.0006644430171049986	0.0009841113293271864	-0.007060709629983286	0.0006670219594200333	-0.000994587811641967	0.0015114887102505303	-0.00012347533841561287	0.015379938087223488
-0.0008333825722750543	-0.0002640766618227097	-0.00862094461892049	0.00029256556207446494	-0.00037049381606757414	0.0018859451075954325	-0.00012347533841561287	0.016378488480143005
0.0006644430171049986	0.0003600173337525714	-0.00868335401847764	0.0005422031603048438	-0.0009321784120843724	0.001761126308480243	-6.106593885757405e-05	0.01850040806509745
-0.0006461543736020481	0.000859292530212441	-0.007310347228213221	0.0009166595576501901	-0.0010569972111995618	0.0013242605115777462	0.00025098105892973344	0.01993582425491991
-0.0007085637731598649	0.003168440313839671	-0.0067486626321953125	0.00035497496163205966	-0.001868319405446739	0.00013848191998566683	-0.00012347533841561287	0.021808106241644643
0.0006020336175474039	0.0039173531085292534	-0.0055004746410460825	0.0004173843611896544	-0.0032413261957116024	-0.000984887272049484	-0.00024829413753035823	0.022869066034121532
-0.000458926174929708	0.004603856503661241	-0.005937340437948135	0.0004797937607472491	-0.0032413261957116024	-0.0009224778724918892	1.3434606991324927e-06	0.023930025826599532
0.0006020336175474039	0.004915903501448771	-0.005937340437948135	0.0005422031603048438	-0.0034909637939415372	-0.0011097060711642293	1.3434606991324927e-06	0.023555569429254186
-0.0005837449740444534	0.0041045813072015935	-0.00599974983750573	0.00035497496163205966	-0.0038654201912859953	-0.0006104308747045817	-0.00012347533841561287	0.022120153239431728
0.0005396242179898092	0.002793983916494547	-0.008558535219362451	0.0004797937607472491	-0.0021803664032342684	0.0013866699111353409	1.3434606991324927e-06	0.02143364984429974
-0.0005837449740444534	0.002357118119592494	-0.00862094461892049	0.0005422031603048438	-0.002055547604119079	0.0021355827058258114	1.3434606991324927e-06	0.01981100545580472
0.0007268524166625934	0.0007968831306548463	-0.010368407806530033	0.0005422031603048438	-0.0013690442089868693	0.0025724485027276422	-0.00012347533841561287	0.01850040806509745
0.000789261816219744	0.0005472455324253556	-0.00880817281759283	0.000729431358977628	-0.0009321784120843724	0.0025100391031700475	0.00012616225981432194	0.018874864462442575
-0.0007709731727170155	0.0003600173337525714	-0.008121669422460842	0.00035497496163205966	-0.0019931382045614843	0.0018235357080378378	-0.00024829413753035823	0.019062092661114916
0.0006020336175474039	0.001483386525787278	-0.008121669422460842	0.0004173843611896544	-0.0021803664032342684	0.000762575915560948	-0.00012347533841561287	0.019561367857575007
-0.000458926174929708	0.003168440313839671	-0.005812521638833612	0.0006670219594200333	-0.002492413401021576	0.000512938317330569	0.00012616225981432194	0.021745696842087048
0.00047721481843221447	0.003230849713397266	-0.005438065241488044	0.0004797937607472491	-0.00392782959084359	-0.0006104308747045817	1.3434606991324927e-06	0.021745696842087048
-0.0006461543736020481	0.0038549437089716587	-0.006062159237063325	0.0004173843611896544	-0.004489514186860832	-0.0006104308747045817	-0.00031070353708795295	0.02130883104518455
0.00047721481843221447	0.003979762508086848	-0.005625293440160828	0.0006670219594200333	-0.0040526483899587795	0.000700166516002465	0.00012616225981432194	0.02062232765005212
-0.0005837449740444534	0.0028563933160521415	-0.008246488221575365	0.00035497496163205966	-0.0038030107917288447	0.0010122135137904387	-0.0001858847379732076	0.018687636263770235
-0.0005837449740444534	0.0011089301284421538	-0.007747213025115274	0.0004797937607472491	-0.0033661449948263478	0.002197992105382518	1.3434606991324927e-06	0.018063542268195842
0.000789261816219744	-0.000201667262265115	-0.00862094461892049	0.000729431358977628	-0.003303735595268753	0.0026972673018426097	0.00012616225981432194	0.016877763676603097
-0.0007085637731598649	-1.4439063592330825e-05	-0.009307448014052921	0.0004173843611896544	-0.0031789167961540077	0.0025100391031700475	-6.106593885757405e-05	0.016628126078372718
0.0002899866197603185	0.00017278913508000926	-0.007809622424673313	0.0002301561625177584	-0.004427104787303682	0.0018859451075954325	-0.0005603411353178878	0.018188361067310144
-0.00039651677537255736	0.001296158327114938	-0.0067486626321953125	0.0007918407585345566	-0.003990238990401185	0.002197992105382518	-0.00031070353708795295	0.01856281746465549
0.0004148054188755079	0.0024195275191492005	-0.006436615634408005	0.00035497496163205966	-0.005862520977125918	0.00032571011865822896	-0.00012347533841561287	0.019748596056247347
-0.0005837449740444534	0.0037301249098569134	-0.004127467850781219	0.0006670219594200333	-0.00636179617358601	-4.874627868667325e-05	-6.106593885757405e-05	0.019748596056247347
0.0006020336175474039	0.0041045813072015935	-0.004377105449010932	0.0005422031603048438	-0.00604974917579848	0.00013848191998566683	0.00012616225981432194	0.019623777257132602
0.0003523960193174691	0.0034804873116269786	-0.004501924248126121	0.0002301561625177584	-0.007110708968275592	0.00032571011865822896	-0.0003731129366455477	0.01812595166775255
-0.000458926174929708	0.0026691651173795794	-0.0061245686366209195	0.0006670219594200333	-0.006486614972700311	0.001761126308480243	1.3434606991324927e-06	0.01756426707173575
0.0006020336175474039	0.0019826617222473697	-0.007123119029540881	0.0006670219594200333	-0.005924930376683513	0.0025724485027276422	6.37528602571713e-05	0.016378488480143005
-0.0005837449740444534	0.0007344737310972516	-0.006935890830868097	0.0004173843611896544	-0.00623697737447082	0.0033837706969750414	1.3434606991324927e-06	0.014381387694303527
0.000789261816219744	0.00011037973552285862	-0.008246488221575365	0.000729431358977628	-0.005800111577568323	0.0036334082952054203	0.00012616225981432194	0.014818253491205802
-0.0006461543736020481	0.0007968831306548463	-0.0071855284290980315	0.0005422031603048438	-0.00673625257093069	0.0031965424983024793	-0.0001858847379732076	0.01513030048899311
0.00047721481843221447	0.000859292530212441	-0.005937340437948135	0.00029256556207446494	-0.007173118367833187	0.002385220304055302	-0.00024829413753035823	0.016128850881912626
-0.0008333825722750543	0.002107480521362115	-0.0035657832547637547	0.0009790689572073408	-0.007173118367833187	0.0027596767014002044	0.00043820925760162943	0.01831317986642511
-0.0008333825722750543	0.003979762508086848	-0.0033785550560909705	0.00016774676296016366	-0.008670943957212796	0.001573898109808125	-0.00024829413753035823	0.01812595166775255
0.0006020336175474039	0.0045414471041045346	-0.004065058451223624	0.0006046125598619945	-0.00854612515809805	0.001761126308480243	1.3434606991324927e-06	0.01812595166775255
-0.0005213355744873027	0.00447903770454694	-0.0036281926543213494	0.0005422031603048438	-0.008483715758540455	0.0025100391031700475	0.00012616225981432194	0.018188361067310144
0.0006020336175474039	0.0032932591129539723	-0.004626743047241311	0.0005422031603048438	-0.008982990955000325	0.003009314299630139	-6.106593885757405e-05	0.015255119288108299
-0.0007709731727170155	0.002294708720034455	-0.006623843833081011	0.0004173843611896544	-0.008483715758540455	0.003945455292992506	0.0001885716593721387	0.01413175009607337
0.0008516712157771167	0.0017954335235745855	-0.005874931038390541	0.0008542501580921513	-0.007734802963850873	0.0052560526836997745	0.00025098105892973344	0.012883562104923918
-0.000458926174929708	0.0007968831306548463	-0.006249387435736109	0.0002301561625177584	-0.008046849961637959	0.00413268349166529	-0.0005603411353178878	0.011510555314659054
0.0002899866197603185	0.00048483613286731675	-0.004501924248126121	0.0006670219594200333	-0.007360346566505971	0.00488159628635465	0.00025098105892973344	0.012696333906251356
0.0006644430171049986	0.002107480521362115	-0.004252286649896186	0.0006046125598619945	-0.007922031162523657	0.0036334082952054203	6.37528602571713e-05	0.012446696308021421
-0.0007085637731598649	0.003230849713397266	-0.0037530114534360948	0.00035497496163205966	-0.007734802963850873	0.0026972673018426097	-0.00012347533841561287	0.012758743305808729
0.0006020336175474039	0.0039173531085292534	-0.002255185864056486	0.0004797937607472491	-0.008296487559867893	0.002447629703612453	-0.0001858847379732076	0.013008380904038663
-0.000458926174929708	0.003979762508086848	-0.002255185864056486	0.0006670219594200333	-0.008046849961637959	0.002634857902285237	0.00025098105892973344	0.012009830511118924
0.0006020336175474039	0.0036677155102997627	-0.003128917457861702	0.0005422031603048438	-0.008109259361195553	0.0025100391031700475	-0.0001858847379732076	0.011323327115986714
-0.0007709731727170155	0.0030436215147244816	-0.0029416892591889177	0.00035497496163205966	-0.008046849961637959	0.003883045893434911	0.00012616225981432194	0.01026236732350938
0.000789261816219744	0.001920252322689775	-0.004252286649896186	0.0004173843611896544	-0.008171668760753148	0.0041950928912224406	-6.106593885757405e-05	0.009638273327934321
-0.0007709731727170155	0.0012337489275573432	-0.004626743047241311	0.0004797937607472491	-0.008421306358983083	0.004819186886797278	-6.106593885757405e-05	0.00913899813147423
-0.0007085637731598649	0.00029760793419497666	-0.0053132464423737424	0.0004797937607472491	-0.008358896959425488	0.004507139889009748	-0.0001858847379732076	0.009076588731916635
0.0006644430171049986	0.0012337489275573432	-0.004377105449010932	0.0006046125598619945	-0.007984440562080364	0.00413268349166529	0.00012616225981432194	0.009575863928376727
-0.00039651677537255736	0.001920252322689775	-0.0025048234622864207	0.0006670219594200333	-0.008046849961637959	0.00413268349166529	0.00025098105892973344	0.010636823720854283
0.0004148054188755079	0.0021698899209197098	-0.003253736256976447	0.00035497496163205966	-0.008858172155885136	0.002447629703612453	-0.0003731129366455477	0.011822602312446584
-0.00039651677537255736	0.0036677155102997627	-0.0014438636698093088	0.0007918407585345566	-0.007797212363408024	0.00307172369918729	-0.0003731129366455477	0.010574414321296688
0.0003523960193174691	0.002981212115166887	-0.0013190448706945634	0.00029256556207446494	-0.008109259361195553	0.002010763906710178	-0.00012347533841561287	0.010137548524394191
-0.0006461543736020481	0.0028563933160521415	-0.0023175952636136365	0.0008542501580921513	-0.007547574765177867	0.0029469049000725445	0.00031339045848688407	0.009638273327934321
0.000789261816219744	0.0028563933160521415	-0.0029416892591889177	0.00016774676296016366	-0.008171668760753148	0.002822086100957799	-0.00031070353708795295	0.008202857138112307
0.00047721481843221447	0.0007344737310972516	-0.004439514848568971	0.0004797937607472491	-0.007984440562080364	0.0031965424983024793	-0.00024829413753035823	0.0075163537429798755
-0.000458926174929708	0.0009217019297695916	-0.0035657832547637547	0.000729431358977628	-0.007173118367833187	0.004569549288567343	0.00025098105892973344	0.0077035819416522155
0.0005396242179898092	0.00017278913508000926	-0.003940239652108879	0.0005422031603048438	-0.007859621762965174	0.004257502290779813	-6.106593885757405e-05	0.007017078546519784
-0.0008957919718317608	4.79703359652639e-05	-0.004813971245913651	0.0002301561625177584	-0.007797212363408024	0.0038206364938777604	-0.00031070353708795295	0.008078038338997118
0.0008516712157771167	0.0013585677266725327	-0.0027544610605161335	0.0008542501580921513	-0.007360346566505971	0.004569549288567343	6.37528602571713e-05	0.008452494736342242
-0.0007085637731598649	0.0013585677266725327	-0.00244241406272927	0.0004797937607472491	-0.008670943957212796	0.00307172369918729	-0.0003731129366455477	0.008452494736342242
0.0004148054188755079	0.001920252322689775	-0.0029416892591889177	0.000729431358977628	-0.007859621762965174	0.00413268349166529	0.00031339045848688407	0.009638273327934321
-0.00039651677537255736	0.0030436215147244816	-0.001381454270251714	0.0004173843611896544	-0.008234078160310743	0.00307172369918729	-0.0001858847379732076	0.008639722935014138
-0.0005837449740444534	0.002793983916494547	-0.002005548265826551	0.0006046125598619945	-0.007547574765177867	0.003446180096532636	0.00012616225981432194	0.008514904135899837
0.0005396242179898092	0.0026067557178219847	-0.0016310918684816489	0.0005422031603048438	-0.007672393564293278	0.0036334082952054203	-0.0001858847379732076	0.0077035819416522155
-0.00039651677537255736	0.0019826617222473697	-0.002192776464498891	0.0007918407585345566	-0.007235527767390781	0.004444730489452153	0.00031339045848688407	0.007641172542095065
0.00047721481843221447	0.0009841113293271864	-0.0037530114534360948	0.00029256556207446494	-0.007922031162523657	0.003945455292992506	-0.00031070353708795295	0.007141897345634973
-0.00039651677537255736	0.0014209771262296833	-0.0023175952636136365	0.0009166595576501901	-0.006861071370045879	0.00538087148281452	-0.0001858847379732076	0.006143346952715012
0.0005396242179898092	0.00023519853463738194	-0.0034409644556490093	0.00035497496163205966	-0.007672393564293278	0.004257502290779813	-0.00012347533841561287	0.006705031548732698
-0.0006461543736020481	0.000859292530212441	-0.003066508058304107	0.0007918407585345566	-0.007672393564293278	0.004756777487240127	0.0001885716593721387	0.007765991341209366
0.0007268524166625934	0.0017954335235745855	-0.0015686824689240542	0.0005422031603048438	-0.008234078160310743	0.004070274092107251	1.3434606991324927e-06	0.008639722935014138
0.0005396242179898092	0.0028563933160521415	-0.00119422607157893	0.0004797937607472491	-0.009107809754115515	0.003945455292992506	-6.106593885757405e-05	0.009451045129262203
-0.000458926174929708	0.0038549437089716587	5.3961919570300054e-05	0.000729431358977628	-0.009232628553230704	0.004569549288567343	0.00012616225981432194	0.010636823720854283
0.0006020336175474039	0.0031060309142816322	-0.0011318166720217793	0.0006046125598619945	-0.009669494350132313	0.00413268349166529	1.3434606991324927e-06	0.01001272972527989
-0.0006461543736020481	0.003230849713397266	-0.0015062730693664594	0.0004797937607472491	-0.009357447352345227	0.004569549288567343	6.37528602571713e-05	0.008577313535456543
0.00047721481843221447	0.0026067557178219847	-0.0016935012680390216	0.0005422031603048438	-0.009731903749690352	0.004819186886797278	0.00025098105892973344	0.008390085336784647
-0.00039651677537255736	0.0016706147244600622	-0.002879279859631323	0.0007918407585345566	-0.010106360147035254	0.005630509081044455	-0.0001858847379732076	0.007391534943864686
0.0003523960193174691	0.0009217019297695916	-0.0037530114534360948	0.00035497496163205966	-0.010106360147035254	0.006629059473964638	-6.106593885757405e-05	0.0075163537429798755
-0.0006461543736020481	0.00048483613286731675	-0.004189877250338592	0.0006670219594200333	-0.010106360147035254	0.0063170124761773305	6.37528602571713e-05	0.0075163537429798755
-0.0005837449740444534	0.0011089301284421538	-0.002879279859631323	0.0006046125598619945	-0.010043950747477659	0.006816287672636978	0.00012616225981432194	0.008514904135899837
0.0007268524166625934	0.0017330241240172128	-0.0018807294667118057	0.0005422031603048438	-0.01104250114039762	0.006441831275291854	1.3434606991324927e-06	0.00913899813147423
-0.0008333825722750543	0.0024195275191492005	-0.002192776464498891	0.00035497496163205966	-0.011729004535530052	0.005630509081044455	-0.00024829413753035823	0.009950320325721407
0.0007268524166625934	0.003418077912069384	-0.0008197696742344718	0.000729431358977628	-0.011604185736415085	0.006067374877946952	6.37528602571713e-05	0.011011280118199407
-0.0007085637731598649	0.0035428967111845733	-0.0007573602746768771	0.0004797937607472491	-0.011978642133759543	0.005817737279717239	-0.00024829413753035823	0.010199957923951786
0.0005396242179898092	0.0031060309142816322	-0.002255185864056486	0.0004173843611896544	-0.011791413935087647	0.006753878273079383	1.3434606991324927e-06	0.010075139124836596
-0.0006461543736020481	0.002981212115166887	-0.002192776464498891	0.0006046125598619945	-0.011729004535530052	0.007003515871309762	6.37528602571713e-05	0.008951769932802334
0.0006020336175474039	0.0018578429231324023	-0.004439514848568971	0.0005422031603048438	-0.011167319939512366	0.007315562869096848	0.00025098105892973344	0.008202857138112307
0.0005396242179898092	0.0005472455324253556	-0.004252286649896186	0.0005422031603048438	-0.011167319939512366	0.0075652004673265605	1.3434606991324927e-06	0.0072667161447494966
-0.0007085637731598649	-7.684846314992555e-05	-0.004314696049453781	0.00035497496163205966	-0.011104910539955215	0.0075652004673265605	-0.00012347533841561287	0.007204306745192124
0.0006020336175474039	0.00029760793419497666	-0.004377105449010932	0.0005422031603048438	-0.011167319939512366	0.007003515871309762	-6.106593885757405e-05	0.0072667161447494966
-0.0005213355744873027	0.0016706147244600622	-0.0023175952636136365	0.0006046125598619945	-0.011292138738627555	0.007440381668211815	0.00012616225981432194	0.009014179332359928
0.0006020336175474039	0.0019826617222473697	-0.002005548265826551	0.0005422031603048438	-0.011666595135972457	0.0063170124761773305	0.00025098105892973344	0.009700682727491916
-0.00039651677537255736	0.003168440313839671	-0.00119422607157893	0.0007918407585345566	-0.01154177633685749	0.00538087148281452	-0.00024829413753035823	0.00913899813147423
0.0004148054188755079	0.0032932591129539723	-0.000570132076004537	0.0006046125598619945	-0.01122972933906996	0.005505690281929709	1.3434606991324927e-06	0.009263816930589419
-0.0006461543736020481	0.003230849713397266	-0.002067957665384146	0.0006046125598619945	-0.01104250114039762	0.006067374877946952	1.3434606991324927e-06	0.008327675937227053
-0.0005837449740444534	0.0022322993204773045	-0.001818320067154211	0.0006046125598619945	-0.010855272941724836	0.0071283346704240635	6.37528602571713e-05	0.005956118754042228
0.0005396242179898092	0.0005472455324253556	-0.0037530114534360948	0.0004797937607472491	-0.011604185736415085	0.007253153469539253	-0.00024829413753035823	0.006642622149175104
-0.000458926174929708	0.00048483613286731675	-0.00387783025255084	0.000729431358977628	-0.01104250114039762	0.008501341460688927	0.00025098105892973344	0.006767440948289849
0.0005396242179898092	0.00017278913508000926	-0.003503373855206604	0.0004797937607472491	-0.01154177633685749	0.008251703862458548	-0.00012347533841561287	0.006829850347847444
-0.0007709731727170155	4.79703359652639e-05	-0.00387783025255084	0.0002301561625177584	-0.011729004535530052	0.00800206626422928	1.3434606991324927e-06	0.0077035819416522155
0.0006020336175474039	0.0013585677266725327	-0.002692051660958983	0.000729431358977628	-0.011104910539955215	0.008688569659361711	0.00043820925760162943	0.00913899813147423
-0.00033410737581496264	0.0024819369187067952	-0.0006325414755616876	0.0004173843611896544	-0.012165870332432327	0.007003515871309762	-0.00024829413753035823	0.008639722935014138
0.0004148054188755079	0.002294708720034455	-0.0010694072724644066	0.00029256556207446494	-0.011978642133759543	0.007190744069981658	-0.0001858847379732076	0.009014179332359928
0.0006644430171049986	0.0032932591129539723	-0.0006949508751192823	0.000729431358977628	-0.011791413935087647	0.007752428665998901	6.37528602571713e-05	0.009201407531031824
-0.000458926174929708	0.00254434631826439	-0.0017559106675968383	0.000729431358977628	-0.011167319939512366	0.007877247465114534	0.0001885716593721387	0.008702132334572177
0.0006644430171049986	0.0022322993204773045	-0.002005548265826551	0.0006670219594200333	-0.010917682341282875	0.008314113262017031	0.00012616225981432194	0.007828400740767405
-0.0007085637731598649	0.0012337489275573432	-0.0027544610605161335	0.00035497496163205966	-0.01104250114039762	0.008563750860246522	-0.00024829413753035823	0.0064553939505025415
0.0005396242179898092	0.00048483613286731675	-0.003940239652108879	0.0006046125598619945	-0.011104910539955215	0.008750979058918862	0.00012616225981432194	0.006767440948289849
-0.0006461543736020481	0.0007968831306548463	-0.003128917457861702	0.0006046125598619945	-0.011167319939512366	0.009187844855821803	1.3434606991324927e-06	0.006580212749617065
0.0006644430171049986	0.00048483613286731675	-0.003128917457861702	0.0004797937607472491	-0.010917682341282875	0.008688569659361711	-6.106593885757405e-05	0.0070794879460769344
-0.0006461543736020481	0.0009217019297695916	-0.0013190448706945634	0.0009166595576501901	-0.010355997745265189	0.008688569659361711	0.0003757998580444788	0.007641172542095065
-0.0008333825722750543	0.0016706147244600622	-0.0016935012680390216	0.00016774676296016366	-0.011354548138184706	0.00750279106776941	-0.00031070353708795295	0.007641172542095065
0.0006020336175474039	0.001920252322689775	-0.0018807294667118057	0.0004173843611896544	-0.011167319939512366	0.007253153469539253	-0.0001858847379732076	0.007453944343422281
-0.0005837449740444534	0.0024819369187067952	-0.0007573602746768771	0.0006046125598619945	-0.010480816544380378	0.00793965686467124	6.37528602571713e-05	0.00795321953988215
0.0006644430171049986	0.0019826617222473697	-0.001381454270251714	0.0007918407585345566	-0.010231178946149999	0.0071283346704240635	0.0001885716593721387	0.006705031548732698
-0.0007085637731598649	0.0012337489275573432	-0.0023175952636136365	0.00029256556207446494	-0.010168769546592404	0.007440381668211815	-0.0004355223362026983	0.005768890555369888
0.00047721481843221447	0.001046520728884781	-0.0019431388662694005	0.00035497496163205966	-0.00904540035455792	0.007315562869096848	0.00031339045848688407	0.005956118754042228
-0.00039651677537255736	0.0009841113293271864	-0.002005548265826551	0.00035497496163205966	-0.009419856751902822	0.006441831275291854	-0.0001858847379732076	0.004895158961565116
0.00047721481843221447	0.0003600173337525714	-0.0015686824689240542	0.0004797937607472491	-0.008795762756327985	0.007003515871309762	6.37528602571713e-05	0.0053944341580249855
0.0006020336175474039	0.0007344737310972516	-0.0019431388662694005	0.0006046125598619945	-0.009170219153672443	0.006379421875734481	-6.106593885757405e-05	0.00545684355758258
-0.000458926174929708	0.0015457959253444287	-0.0012566354711369687	0.0007918407585345566	-0.008358896959425488	0.006504240674849671	0.00031339045848688407	0.006080937553157417
0.0003523960193174691	0.001296158327114938	-0.0009445884733492171	0.00016774676296016366	-0.00904540035455792	0.005443280882372115	-0.0004355223362026983	0.0053944341580249855
-0.0005213355744873027	0.0015457959253444287	-0.0008821790737916224	0.0006046125598619945	-0.008421306358983083	0.005443280882372115	0.00012616225981432194	0.005144796559795495
0.0006020336175474039	0.001296158327114938	-0.0011318166720217793	0.0006046125598619945	-0.008296487559867893	0.004819186886797278	-6.106593885757405e-05	0.004957568361122711
-0.0007085637731598649	0.0012337489275573432	-0.0008197696742344718	0.0004173843611896544	-0.007110708968275592	0.003945455292992506	-0.00012347533841561287	0.0041462461668755335
0.0006020336175474039	0.0006096549319825062	-0.001381454270251714	0.0004173843611896544	-0.006112158575356075	0.003945455292992506	-0.00012347533841561287	0.0037093803699725925
-0.0007085637731598649	0.0007968831306548463	-0.0006325414755616876	0.0007918407585345566	-0.005425655180223643	0.0038206364938777604	0.00025098105892973344	0.003397333372185507
-0.0007085637731598649	0.00023519853463738194	-0.0015686824689240542	0.00029256556207446494	-0.005363245780666048	0.0033837706969750414	1.3434606991324927e-06	0.0030852863743977554
0.0006020336175474039	0.0006720643315401009	-0.0013190448706945634	0.0005422031603048438	-0.005051198782878741	0.003258951897860074	-0.00012347533841561287	0.0026484205774959246
-0.00033410737581496264	0.0009217019297695916	-0.000570132076004537	0.0007918407585345566	-0.00430228598818827	0.004007864692549656	0.00025098105892973344	0.0033349239726279123
0.0003523960193174691	-0.00013925786270752027	-0.0019431388662694005	0.00029256556207446494	-0.005176017581993486	0.0029469049000725445	-0.0003731129366455477	0.0032725145730705396
-0.000458926174929708	0.0005472455324253556	-0.0008197696742344718	0.000729431358977628	-0.004489514186860832	0.00413268349166529	0.00031339045848688407	0.003210105173512945
0.0007268524166625934	0.000422426733309722	-0.000570132076004537	0.000729431358977628	-0.005612883378895983	0.0031965424983024793	-0.00024829413753035823	0.0031476957739557943
-0.0008333825722750543	-1.4439063592330825e-05	-0.001381454270251714	0.0004173843611896544	-0.0055504739793388325	0.0033213612974176687	-0.00031070353708795295	0.0031476957739557943
0.0004148054188755079	0.00048483613286731675	0.0004284183169149802	0.0009166595576501901	-0.004614332985976466	0.0036334082952054203	0.0003757998580444788	0.004208655566432684
0.0005396242179898092	0.0007344737310972516	-0.0001956756786594127	0.0004797937607472491	-0.004926379983763551	0.00307172369918729	-6.106593885757405e-05	0.0035221521713006965
-0.0007085637731598649	0.0013585677266725327	0.0004284183169149802	0.0004797937607472491	-0.004489514186860832	0.0033837706969750414	1.3434606991324927e-06	0.0034597427717431017
0.0006644430171049986	0.0011713395279999705	5.3961919570300054e-05	0.0006046125598619945	-0.004863970584205957	0.003258951897860074	1.3434606991324927e-06	0.003397333372185507
-0.0005837449740444534	0.000859292530212441	-0.0009445884733492171	0.0005422031603048438	-0.004988789383320702	0.003945455292992506	6.37528602571713e-05	0.003210105173512945
0.0006644430171049986	0.0012337489275573432	-0.000570132076004537	0.0006046125598619945	-0.005051198782878741	0.004507139889009748	1.3434606991324927e-06	0.0037093803699725925
-0.0006461543736020481	0.0006720643315401009	-0.0011318166720217793	0.0006046125598619945	-0.005051198782878741	0.0052560526836997745	0.00025098105892973344	0.0033349239726279123
0.000789261816219744	0.000422426733309722	-0.0012566354711369687	0.00010533736340256894	-0.0051136081824358914	0.0046319586881249375	-0.00031070353708795295	0.0031476957739557943
-0.0008957919718317608	0.0007344737310972516	-0.0005077226764464982	0.0005422031603048438	-0.004863970584205957	0.003945455292992506	-6.106593885757405e-05	0.0035221521713006965
-0.0005837449740444534	0.0011713395279999705	0.0001787807186854895	0.0006046125598619945	-0.004239876588631564	0.003883045893434911	0.00012616225981432194	0.0038966085686449325
0.000789261816219744	0.0019826617222473697	0.0013645593102777909	0.000729431358977628	-0.0036157825930562826	0.0025724485027276422	0.00012616225981432194	0.0037093803699725925
-0.0006461543736020481	0.0015457959253444287	0.0009901029129326666	0.0004797937607472491	-0.0034285543943834984	0.0015114887102505303	6.37528602571713e-05	0.003397333372185507
0.0006020336175474039	0.0012337489275573432	0.0007404653147022877	0.0005422031603048438	-0.0030540979970392623	0.0012618511120201514	-0.00012347533841561287	0.00258601117793833
-0.0005837449740444534	0.0018578429231324023	0.0013645593102777909	0.0006670219594200333	-0.0019307288050043336	0.0008249853151180986	-0.00012347533841561287	0.0015874607850181466
0.0005396242179898092	0.000422426733309722	-0.00013326627910204003	0.0005422031603048438	-0.0017435006063315495	0.0008873947146752492	-0.00012347533841561287	0.0010257761890006822
-0.0007085637731598649	0.0003600173337525714	-0.000570132076004537	0.0008542501580921513	-0.0011194066107567124	0.0011994417124630008	0.0001885716593721387	0.0008385479903281201
0.0007268524166625934	0.00048483613286731675	-0.0013190448706945634	0.0004797937607472491	-0.0014938630081020587	0.0013242605115777462	-6.106593885757405e-05	0.00065131979165578
0.0006020336175474039	-0.0002640766618227097	-0.0006949508751192823	0.0006046125598619945	-0.0010569972111995618	0.0010122135137904387	-6.106593885757405e-05	0.00015204459519613245
-0.0007085637731598649	0.00011037973552285862	0.0003660089173582737	0.0005422031603048438	-0.0004953126151818754	0.0005753477168881638	6.37528602571713e-05	0.0005889103920981853
0.0006020336175474039	4.79703359652639e-05	0.000490827716473019	0.0006670219594200333	-0.00012085621783719525	-0.0009224778724918892	6.37528602571713e-05	0.0005265009925405906
-0.0006461543736020481	0.0006720643315401009	0.001551787508950353	0.00035497496163205966	0.0005032377777380859	-0.0019210282654114064	-6.106593885757405e-05	0.0002768633943113219
0.0006020336175474039	0.0013585677266725327	0.002363109703197974	0.0006670219594200333	0.0010649223737555502	-0.003231625656118231	0.0003757998580444788	0.0004016821934262893
-0.0005213355744873027	0.0009841113293271864	0.0023007003036399354	0.0007918407585345566	0.002188291565790035	-0.003918129051250663	-0.00031070353708795295	-0.0009089151972809795
0.0004148054188755079	0.0007344737310972516	0.002175881504525412	0.0005422031603048438	0.002562747963135159	-0.0037933102521363615	6.37528602571713e-05	-0.000596868199493672
-0.0005837449740444534	0.0011713395279999705	0.0006780559151455812	0.000729431358977628	0.00231311036490478	-0.002607531660543838	0.0001885716593721387	-0.0010961433959537636
-0.0008333825722750543	-0.000201667262265115	0.0001787807186854895	0.00010533736340256894	0.002375519764462819	-0.002420303461871498	-0.00031070353708795295	-0.0019074655902009408
0.0008516712157771167	-7.684846314992555e-05	-7.08568795444453e-05	0.0008542501580921513	0.0026875667622501265	-0.001796209466296661	0.00025098105892973344	-0.0014705997932986659
-0.0006461543736020481	-0.0012002176551846322	-0.0003829038773321969	0.0006046125598619945	0.0025003385635771203	-0.000735249673819105	0.00012616225981432194	-0.0015954185924138553
0.0005396242179898092	-0.00032648606137941627	0.00030359951780067895	0.0004797937607472491	0.0022507009653476295	-0.0016713906671814716	-0.00012347533841561287	-0.0008465057977233847
-0.0005837449740444534	0.00023519853463738194	0.0008028747142607706	0.0004797937607472491	0.0022507009653476295	-0.002420303461871498	0.0001885716593721387	-0.0006592775990512667
0.0007268524166625934	4.79703359652639e-05	0.0014269687098351636	0.000729431358977628	0.002188291565790035	-0.0036060820534633553	-6.106593885757405e-05	-0.0005344587999360773
-0.0007085637731598649	0.001046520728884781	0.0022382909040823407	0.0004173843611896544	0.0018762445680025053	-0.004729451245498284	-0.00012347533841561287	-0.000596868199493672
0.0005396242179898092	0.0007968831306548463	0.001988653305852628	0.0006046125598619945	0.00231311036490478	-0.00329403505567627	0.00012616225981432194	-0.000596868199493672
0.0005396242179898092	0.000422426733309722	0.001739015707622249	0.0005422031603048438	0.0024379291640199696	-0.003918129051250663	-6.106593885757405e-05	-0.001220962195068509
-0.0007709731727170155	-0.00045130486049482776	0.0001787807186854895	0.00035497496163205966	0.0015017881706580472	-0.002607531660543838	-0.00012347533841561287	-0.001033733996396169
0.0007268524166625934	-0.0007633518582823573	-7.08568795444453e-05	0.000729431358977628	0.0012521505724281123	-0.0001735650778018627	6.37528602571713e-05	-0.0007840963981666782
-0.0005837449740444534	-7.684846314992555e-05	-7.08568795444453e-05	0.0006046125598619945	0.0006904659764099819	0.000700166516002465	0.00012616225981432194	0.0005265009925405906
0.0006644430171049986	-0.0007633518582823573	-0.0006325414755616876	0.0006046125598619945	-0.0010569972111995618	0.002385220304055302	-6.106593885757405e-05	0.001961917182363493
-0.0007085637731598649	0.00023519853463738194	-0.00013326627910204003	0.0004797937607472491	-0.005051198782878741	0.005131233884584585	0.0001885716593721387	0.003646970970415886
0.000789261816219744	0.0013585677266725327	0.0005532371160303917	0.0002301561625177584	-0.010355997745265189	0.005692918480602049	-0.00031070353708795295	0.004208655566432684
-0.0007709731727170155	-0.0003888954609374551	0.0006780559151455812	0.0004797937607472491	-0.010792863542167686	0.00925025425537851	1.3434606991324927e-06	0.007391534943864686
-0.0005213355744873027	0.003230849713397266	0.0008028747142607706	0.0005422031603048438	-0.012477917330219634	0.010685670445201412	-6.106593885757405e-05	0.009263816930589419
0.0007268524166625934	0.0018578429231324023	-0.0006325414755616876	0.000729431358977628	-0.014475018116059557	0.012433133632810511	0.0001885716593721387	0.009700682727491916
-0.0006461543736020481	0.0017954335235745855	-0.0012566354711369687	0.0004173843611896544	-0.015535977908536447	0.014430234418650656	-6.106593885757405e-05	0.009950320325721407
0.0007268524166625934	0.002107480521362115	-0.0021303670649417406	0.0006046125598619945	-0.017096212897473873	0.015553603610685363	1.3434606991324927e-06	0.011260917716428676
-0.0005213355744873027	0.0011713395279999705	-0.0035657832547637547	0.0006046125598619945	-0.01859403848685348	0.018299617191214645	-0.00031070353708795295	0.011073689517756558
0.00047721481843221447	0.001296158327114938	-0.004252286649896186	0.0002301561625177584	-0.020965595670038084	0.02104563077174415	1.3434606991324927e-06	0.01257151510713661
-0.0005837449740444534	0.0022322993204773045	-0.0036906020538785	0.0005422031603048438	-0.020653548672250777	0.022044181164663668	-0.00012347533841561287	0.013570065500056128
0.0005396242179898092	0.002731574516936952	-0.0037530114534360948	0.000729431358977628	-0.021215233268268463	0.020546355575284503	0.0003757998580444788	0.012509105707579016
0.0006020336175474039	0.0016706147244600622	-0.0037530114534360948	0.00035497496163205966	-0.02134005206738321	0.018549254789445024	-0.0001858847379732076	0.011822602312446584
-0.0007709731727170155	0.001483386525787278	-0.004252286649896186	0.0004173843611896544	-0.02034150167446347	0.017363476197852057	-0.0001858847379732076	0.011697783513331839
0.000789261816219744	0.0016082053249020234	-0.003066508058304107	0.0007918407585345566	-0.018968494884198384	0.016489744604047285	0.00025098105892973344	0.011198508316871747
-0.0007085637731598649	0.0009841113293271864	-0.00331614565653382	0.0002301561625177584	-0.018843676085083638	0.015491194211127768	-0.0001858847379732076	0.010948870718641368
0.000789261816219744	0.0014209771262296833	-0.003128917457861702	0.000729431358977628	-0.017470669294818775	0.015678422409800108	-0.0003731129366455477	0.010886461319083773
-0.0008957919718317608	0.002107480521362115	-0.0023800046631716754	0.00029256556207446494	-0.01840681028818114	0.015865650608472892	0.0003757998580444788	0.010449595522181498
0.0009140806153353775	0.0012337489275573432	-0.00331614565653382	0.00029256556207446494	-0.019093313683313573	0.015428784811570617	-0.00024829413753035823	0.009887910926164256
-0.0007709731727170155	0.0007344737310972516	-0.004065058451223624	0.00029256556207446494	-0.01953017948021607	0.016240107005817794	-0.000497931735760293	0.009825501526607106
-0.000458926174929708	0.0017330241240172128	-0.0035657832547637547	0.0006670219594200333	-0.019280541881985913	0.017987570193427338	0.00012616225981432194	0.011510555314659054
0.0007268524166625934	0.0015457959253444287	-0.004189877250338592	0.0006046125598619945	-0.019779817078446005	0.017925160793869743	0.0001885716593721387	0.011323327115986714
-0.0007085637731598649	0.0013585677266725327	-0.00387783025255084	0.0002301561625177584	-0.02015427347579113	0.017613113796082214	-0.0001858847379732076	0.010886461319083773
0.000789261816219744	0.0011089301284421538	-0.00400264905166603	0.000729431358977628	-0.01990463587756075	0.017113838599622566	0.00012616225981432194	0.010699233120411877
-0.0007085637731598649	0.0009841113293271864	-0.004189877250338592	0.00029256556207446494	-0.018843676085083638	0.015990469407587415	1.3434606991324927e-06	0.010574414321296688
0.0006644430171049986	0.0016706147244600622	-0.0025048234622864207	0.0005422031603048438	-0.012977192526679504	0.016989019800507377	0.00012616225981432194	0.013570065500056128
-0.0007085637731598649	0.0047286753027764306	0.0005532371160303917	0.0006046125598619945	-0.015535977908536447	0.013182046427500982	1.3434606991324927e-06	0.009700682727491916
0.0006644430171049986	0.0016706147244600622	-0.0017559106675968383	0.0004173843611896544	-0.01484947451340446	0.0125579524319257	1.3434606991324927e-06	0.009263816930589419
0.0004148054188755079	0.0014209771262296833	-0.0030040986587465124	0.00029256556207446494	-0.015036702712076355	0.01155940203900574	-0.00031070353708795295	0.008826951133686922
-0.0002716979762573679	0.002107480521362115	-0.0025048234622864207	0.0008542501580921513	-0.013538877122696746	0.012245905434138615	0.00043820925760162943	0.009201407531031824
0.0003523960193174691	0.001046520728884781	-0.0031913268574184084	0.00035497496163205966	-0.014350199316944368	0.011871449036793713	-0.00024829413753035823	0.008015628939439745
-0.0007709731727170155	0.0005472455324253556	-0.004127467850781219	0.0004173843611896544	-0.014537427515616486	0.012745180630598485	-0.00012347533841561287	0.008514904135899837
0.0006644430171049986	0.00048483613286731675	-0.003940239652108879	0.000729431358977628	-0.014350199316944368	0.01368132162396063	1.3434606991324927e-06	0.009201407531031824
-0.0006461543736020481	0.0005472455324253556	-0.0034409644556490093	0.0004173843611896544	-0.016284890703226695	0.014929509615110526	1.3434606991324927e-06	0.009575863928376727
0.0006644430171049986	0.0003600173337525714	-0.004127467850781219	0.0006046125598619945	-0.01572320610720923	0.015241556612897833	0.00025098105892973344	0.010137548524394191
-0.0005837449740444534	0.0011713395279999705	-0.002692051660958983	0.00029256556207446494	-0.016284890703226695	0.014367825019093283	-0.00031070353708795295	0.009887910926164256
-0.0005213355744873027	0.0014209771262296833	-0.00262964226140161	0.0006046125598619945	-0.015598387308094042	0.014055778021305754	6.37528602571713e-05	0.01026236732350938
0.0005396242179898092	0.0015457959253444287	-0.002255185864056486	0.0005422031603048438	-0.014974293312519649	0.013057227628385792	1.3434606991324927e-06	0.009326226330147014
-0.000458926174929708	0.0017330241240172128	-0.0018807294667118057	0.0006670219594200333	-0.014662246314731897	0.013057227628385792	0.00025098105892973344	0.009638273327934321
0.0005396242179898092	0.0007968831306548463	-0.0034409644556490093	0.0004797937607472491	-0.015598387308094042	0.012745180630598485	-0.00012347533841561287	0.008826951133686922
-0.0006461543736020481	0.0011089301284421538	-0.003066508058304107	0.0004797937607472491	-0.01541115910942148	0.014055778021305754	0.0001885716593721387	0.00913899813147423
0.000789261816219744	0.0006720643315401009	-0.003253736256976447	0.000729431358977628	-0.01541115910942148	0.014367825019093283	-0.00012347533841561287	0.008702132334572177
-0.0005837449740444534	4.79703359652639e-05	-0.004252286649896186	0.0005422031603048438	-0.014911883912962054	0.014305415619535244	-0.0001858847379732076	0.008327675937227053
0.0005396242179898092	0.0005472455324253556	-0.0025672328618440154	0.0008542501580921513	-0.014287789917386773	0.014180596820420499	0.00031339045848688407	0.009201407531031824
0.0003523960193174691	0.0007968831306548463	-0.003066508058304107	0.00029256556207446494	-0.014787065113847087	0.012682771231040446	-0.0004355223362026983	0.008140447738554712
-0.0005837449740444534	0.0021698899209197098	-0.0010694072724644066	0.0006670219594200333	-0.013289239524467256	0.012370724233253805	0.0001885716593721387	0.008764541734129327
0.0007268524166625934	0.0020450711218045203	-0.0012566354711369687	0.0007918407585345566	-0.013414058323582001	0.011122536242103243	0.0001885716593721387	0.008577313535456543
-0.0007085637731598649	0.0015457959253444287	-0.0016310918684816489	0.00035497496163205966	-0.012852373727564315	0.01037362344741366	-0.00012347533841561287	0.0070794879460769344
0.0005396242179898092	0.0017330241240172128	-0.0010694072724644066	0.0004173843611896544	-0.012103460932874732	0.009499891853608888	6.37528602571713e-05	0.0070794879460769344
-0.0005837449740444534	0.0009841113293271864	-0.0017559106675968383	0.0006046125598619945	-0.01104250114039762	0.009187844855821803	0.0001885716593721387	0.0064553939505025415
0.0007268524166625934	0.0006096549319825062	-0.002255185864056486	0.0004173843611896544	-0.011104910539955215	0.009874348250954235	-0.00012347533841561287	0.006080937553157417
-0.0007085637731598649	0.0003600173337525714	-0.0030040986587465124	0.0006046125598619945	-0.011978642133759543	0.010748079844758562	-6.106593885757405e-05	0.006392984550944725
-0.0005837449740444534	0.00029760793419497666	-0.002692051660958983	0.0006046125598619945	-0.011604185736415085	0.011309764440776249	0.0001885716593721387	0.006705031548732698
0.0004148054188755079	0.00048483613286731675	-0.0023175952636136365	0.00016774676296016366	-0.012540326729776785	0.011309764440776249	-0.0004355223362026983	0.006392984550944725
-0.000458926174929708	0.0012337489275573432	-0.002005548265826551	0.0006046125598619945	-0.012540326729776785	0.011621811438563334	0.00012616225981432194	0.0075163537429798755
0.0006020336175474039	0.0017330241240172128	-0.0015686824689240542	0.0005422031603048438	-0.012415507930662484	0.011247355041218654	-0.00012347533841561287	0.0077035819416522155
-0.0005837449740444534	0.002357118119592494	-0.0007573602746768771	0.0006046125598619945	-0.011666595135972457	0.010935308043430902	-0.00012347533841561287	0.0070794879460769344
0.0006020336175474039	0.0013585677266725327	-0.0018807294667118057	0.0004797937607472491	-0.011167319939512366	0.01012398584918417	6.37528602571713e-05	0.0070794879460769344
-0.0005837449740444534	0.001483386525787278	-0.0016310918684816489	0.000729431358977628	-0.011916232734202392	0.010498442246528628	0.0001885716593721387	0.006954669146962189
0.0007268524166625934	0.0011089301284421538	-0.0038154208529936895	0.00029256556207446494	-0.01372610532136953	0.011496992639448589	-0.0001858847379732076	0.007141897345634973
0.0005396242179898092	0.00011037973552285862	-0.0036281926543213494	0.0004173843611896544	-0.014599836915174302	0.013119637027942943	-0.00024829413753035823	0.007453944343422281
-0.00033410737581496264	0.0003600173337525714	-0.0033785550560909705	0.0007918407585345566	-0.015660796707651636	0.015928060008030043	0.00043820925760162943	0.009326226330147014
0.0004148054188755079	-0.0003888954609374551	-0.005188427643258553	0.00035497496163205966	-0.018219582089508357	0.016614563403162474	-0.00024829413753035823	0.009451045129262203
-0.0006461543736020481	0.0006096549319825062	-0.004065058451223624	0.00029256556207446494	-0.01921813248242832	0.019298167584134607	1.3434606991324927e-06	0.012197058709791486
0.0006644430171049986	0.0011089301284421538	-0.004127467850781219	0.0006046125598619945	-0.02109041446915283	0.020920811972629405	0.0001885716593721387	0.013008380904038663
-0.0005213355744873027	0.0014209771262296833	-0.004689152446798461	0.000729431358977628	-0.020965595670038084	0.020359127376612163	-0.00031070353708795295	0.011885011712003735
0.0004148054188755079	0.001296158327114938	-0.004439514848568971	0.0006046125598619945	-0.020591139272693182	0.019422986383249796	0.0001885716593721387	0.011510555314659054
-0.000458926174929708	0.0007968831306548463	-0.005063608844143808	0.0006046125598619945	-0.019093313683313573	0.019110939385462045	-0.00012347533841561287	0.01144814591510146
-0.0005213355744873027	0.0007344737310972516	-0.004127467850781219	0.0006670219594200333	-0.01790753509172127	0.0189861205863473	0.00025098105892973344	0.010761642519969028
0.0006644430171049986	-1.4439063592330825e-05	-0.0048763806454710235	0.0005422031603048438	-0.018469219687738736	0.017737932595197847	-6.106593885757405e-05	0.009763092127049067
-0.0006461543736020481	0.00029760793419497666	-0.005063608844143808	0.0005422031603048438	-0.017720306893048487	0.01705142920006497	-6.106593885757405e-05	0.009763092127049067
0.0007268524166625934	0.000859292530212441	-0.0034409644556490093	0.0006670219594200333	-0.016846575299243938	0.01705142920006497	0.00012616225981432194	0.009763092127049067
-0.0007709731727170155	0.0007344737310972516	-0.003940239652108879	0.0002301561625177584	-0.017345850495703585	0.016801791601835037	1.3434606991324927e-06	0.009326226330147014
0.0006644430171049986	0.0013585677266725327	-0.0036906020538785	0.0006670219594200333	-0.01609766250455391	0.017301066798294462	0.00031339045848688407	0.010512004921739537
-0.00039651677537255736	0.002357118119592494	-0.0023175952636136365	0.00010533736340256894	-0.018094763290393612	0.016739382202277664	-0.0005603411353178878	0.01001272972527989
0.0002275772202029458	0.001296158327114938	-0.0038154208529936895	0.0004797937607472491	-0.017345850495703585	0.017613113796082214	6.37528602571713e-05	0.010636823720854283
0.0006020336175474039	0.0017954335235745855	-0.003253736256976447	0.0006670219594200333	-0.016534528301456408	0.017675523195640253	1.3434606991324927e-06	0.010137548524394191
-0.000458926174929708	0.0011089301284421538	-0.004065058451223624	0.000729431358977628	-0.015660796707651636	0.01686420100139263	0.00025098105892973344	0.009763092127049067
0.0006020336175474039	0.0009841113293271864	-0.004127467850781219	0.0005422031603048438	-0.014662246314731897	0.014929509615110526	1.3434606991324927e-06	0.008327675937227053
-0.0006461543736020481	0.001046520728884781	-0.0030040986587465124	0.0004797937607472491	-0.014038152319156838	0.014804690815995336	1.3434606991324927e-06	0.008265266537669458
0.0006020336175474039	0.000859292530212441	-0.0035657832547637547	0.0006670219594200333	-0.014537427515616486	0.013993368621748159	6.37528602571713e-05	0.008452494736342242
-0.0005837449740444534	0.001296158327114938	-0.003066508058304107	0.0004797937607472491	-0.015473568508979518	0.013743731023518224	-0.0004355223362026983	0.008078038338997118
0.0002899866197603185	0.0007344737310972516	-0.0029416892591889177	0.000729431358977628	-0.01541115910942148	0.014555053217765845	0.0001885716593721387	0.009451045129262203
-0.000458926174929708	0.001046520728884781	-0.0033785550560909705	0.000729431358977628	-0.015473568508979518	0.01517914721334046	0.00012616225981432194	0.009263816930589419
-0.0005837449740444534	0.0007968831306548463	-0.0034409644556490093	0.0004173843611896544	-0.016472118901899258	0.016801791601835037	6.37528602571713e-05	0.009825501526607106
0.0003523960193174691	0.00011037973552285862	-0.004938790045028618	0.0004173843611896544	-0.017782716292606304	0.01667697280272007	-0.0003731129366455477	0.009513454528819354
-0.00039651677537255736	0.000859292530212441	-0.0036906020538785	0.0007918407585345566	-0.016284890703226695	0.017675523195640253	0.00043820925760162943	0.010075139124836596
0.00047721481843221447	0.00048483613286731675	-0.0038154208529936895	0.0004173843611896544	-0.016721756500128748	0.01686420100139263	-0.0001858847379732076	0.009263816930589419
-0.0005213355744873027	0.0006720643315401009	-0.004065058451223624	0.0005422031603048438	-0.01609766250455391	0.015865650608472892	6.37528602571713e-05	0.008639722935014138
0.0006644430171049986	0.0011713395279999705	-0.002879279859631323	0.0007918407585345566	-0.016409709502341663	0.014305415619535244	-0.0005603411353178878	0.008327675937227053
-0.0010206107709473944	0.0006096549319825062	-0.0036281926543213494	0.0006670219594200333	-0.016472118901899258	0.014430234418650656	0.00012616225981432194	0.009076588731916635
0.000789261816219744	0.000859292530212441	-0.00331614565653382	0.0006046125598619945	-0.016534528301456408	0.015428784811570617	6.37528602571713e-05	0.009263816930589419
0.0006644430171049986	4.79703359652639e-05	-0.004065058451223624	0.0006670219594200333	-0.01753307869437637	0.016364925804932984	6.37528602571713e-05	0.009513454528819354
-0.0006461543736020481	-0.0005137142600519784	-0.005001199444586213	0.00035497496163205966	-0.018281991489065952	0.017113838599622566	1.3434606991324927e-06	0.009825501526607106
0.0006020336175474039	-0.0002640766618227097	-0.004564333647683716	0.0006670219594200333	-0.01859403848685348	0.018549254789445024	-6.106593885757405e-05	0.010075139124836596
-0.0007085637731598649	-0.00032648606137941627	-0.0048763806454710235	0.00029256556207446494	-0.019155723082871168	0.018923711186789705	-0.00024829413753035823	0.010137548524394191
0.000789261816219744	4.79703359652639e-05	-0.004813971245913651	0.000729431358977628	-0.018219582089508357	0.01836202659077224	1.3434606991324927e-06	0.009388635729704609
-0.0006461543736020481	0.000859292530212441	-0.0037530114534360948	0.00029256556207446494	-0.016846575299243938	0.015990469407587415	-0.00012347533841561287	0.008951769932802334
0.0006020336175474039	0.0009217019297695916	-0.003940239652108879	0.0006046125598619945	-0.01509911211163395	0.014742281416437741	0.00025098105892973344	0.008764541734129327
-0.000458926174929708	0.001296158327114938	-0.002692051660958983	0.0004173843611896544	-0.01472465571428927	0.013369274626173322	-0.0001858847379732076	0.007641172542095065
-0.0007085637731598649	0.0007344737310972516	-0.00331614565653382	0.0004797937607472491	-0.014662246314731897	0.012745180630598485	-6.106593885757405e-05	0.00795321953988215
0.0008516712157771167	0.0006096549319825062	-0.0033785550560909705	0.0008542501580921513	-0.013975742919599687	0.011996267835908458	0.0001885716593721387	0.007641172542095065
-0.0008957919718317608	-0.0002640766618227097	-0.0031913268574184084	0.0002301561625177584	-0.014350199316944368	0.012807590030155636	-0.0001858847379732076	0.007329125544307535
0.0006644430171049986	-0.0005761236596100172	-0.00400264905166603	0.0006046125598619945	-0.015036702712076355	0.013369274626173322	-6.106593885757405e-05	0.008390085336784647
-0.0005213355744873027	-0.00013925786270752027	-0.0038154208529936895	0.0006046125598619945	-0.01509911211163395	0.01424300621997765	1.3434606991324927e-06	0.008951769932802334
0.0005396242179898092	-1.4439063592330825e-05	-0.00331614565653382	0.0005422031603048438	-0.017470669294818775	0.016489744604047285	-0.0001858847379732076	0.009638273327934321
-0.0007085637731598649	0.00017278913508000926	-0.0036906020538785	0.0007918407585345566	-0.016534528301456408	0.016364925804932984	6.37528602571713e-05	0.009700682727491916
0.0007268524166625934	0.0013585677266725327	-0.0016935012680390216	0.0008542501580921513	-0.014787065113847087	0.015928060008030043	0.00031339045848688407	0.00913899813147423
0.0006020336175474039	0.0012337489275573432	-0.0027544610605161335	0.0004797937607472491	-0.014787065113847087	0.013556502824845662	-0.0001858847379732076	0.008078038338997118
-0.0007709731727170155	0.0016082053249020234	-0.0021303670649417406	0.0004797937607472491	-0.013102011325794694	0.012495543032368106	-6.106593885757405e-05	0.0075163537429798755
0.0009140806153353775	0.0016082053249020234	-0.0014438636698093088	0.0008542501580921513	-0.012602736129334824	0.011933858436350864	0.00025098105892973344	0.007453944343422281
-0.0006461543736020481	0.000859292530212441	-0.002692051660958983	0.0004797937607472491	-0.013164420725352066	0.010997717442988941	1.3434606991324927e-06	0.006580212749617065
0.0004148054188755079	0.0006720643315401009	-0.00244241406272927	0.0004797937607472491	-0.01291478312712191	0.010997717442988941	0.00031339045848688407	0.007765991341209366
-0.000458926174929708	0.000859292530212441	-0.0017559106675968383	0.000729431358977628	-0.01391333352004187	0.012370724233253805	-6.106593885757405e-05	0.007641172542095065
0.0005396242179898092	0.00017278913508000926	-0.0030040986587465124	0.0004173843611896544	-0.014475018116059557	0.01368132162396063	-0.00012347533841561287	0.008452494736342242
-0.0006461543736020481	0.0007968831306548463	-0.0023175952636136365	0.0008542501580921513	-0.015785615506766826	0.015678422409800108	0.00012616225981432194	0.009638273327934321
-0.0005837449740444534	0.0009217019297695916	-0.0031913268574184084	0.0006046125598619945	-0.016784165899686787	0.016115288206702605	6.37528602571713e-05	0.010324776723066531
0.00047721481843221447	0.0012337489275573432	-0.0029416892591889177	0.0004173843611896544	-0.016534528301456408	0.015428784811570617	-0.00024829413753035823	0.009575863928376727
-0.0005213355744873027	0.0013585677266725327	-0.0027544610605161335	0.0006670219594200333	-0.01597284370543961	0.015928060008030043	0.0001885716593721387	0.009950320325721407
0.0004148054188755079	0.0005472455324253556	-0.0037530114534360948	0.00035497496163205966	-0.01572320610720923	0.013930959222190564	-0.00024829413753035823	0.007890810140324556
-0.0005837449740444534	0.0007344737310972516	-0.002692051660958983	0.0005422031603048438	-0.014038152319156838	0.013119637027942943	-0.00024829413753035823	0.007204306745192124
0.0005396242179898092	4.79703359652639e-05	-0.003253736256976447	0.0004173843611896544	-0.013414058323582001	0.011871449036793713	0.00012616225981432194	0.007329125544307535
-0.0005213355744873027	-0.000201667262265115	-0.003066508058304107	0.000729431358977628	-0.013102011325794694	0.011871449036793713	0.00012616225981432194	0.006954669146962189
0.0007268524166625934	-7.684846314992555e-05	-0.0027544610605161335	0.0004173843611896544	-0.014100561718713989	0.012245905434138615	-0.0001858847379732076	0.007329125544307535
0.0007268524166625934	0.00011037973552285862	-0.002692051660958983	0.000729431358977628	-0.014475018116059557	0.012682771231040446	0.0001885716593721387	0.00795321953988215
-0.0007085637731598649	0.0006096549319825062	-0.0023800046631716754	0.0004173843611896544	-0.015535977908536447	0.01368132162396063	-6.106593885757405e-05	0.008826951133686922
0.0004148054188755079	0.0007344737310972516	-0.0030040986587465124	0.00029256556207446494	-0.01740825989526118	0.014742281416437741	-0.0003731129366455477	0.009388635729704609
-0.00039651677537255736	0.0015457959253444287	-0.00244241406272927	0.0008542501580921513	-0.01722103169658884	0.016427335204490134	0.00031339045848688407	0.010137548524394191
0.0004148054188755079	0.001296158327114938	-0.002879279859631323	0.00035497496163205966	-0.01871885728596845	0.016115288206702605	-6.106593885757405e-05	0.011011280118199407
-0.0007709731727170155	0.0011713395279999705	-0.00331614565653382	0.0005422031603048438	-0.019779817078446005	0.017488294996967246	0.00025098105892973344	0.011198508316871747
0.0007268524166625934	0.0009217019297695916	-0.0031913268574184084	4.292796384519626e-05	-0.021215233268268463	0.01705142920006497	-0.000497931735760293	0.010824051919526623
-0.0008957919718317608	0.00011037973552285862	-0.004314696049453781	0.0006670219594200333	-0.02140246146694036	0.018549254789445024	0.00012616225981432194	0.01157296471421665
-0.0006461543736020481	-0.0005761236596100172	-0.005001199444586213	0.0006046125598619945	-0.021839327263843078	0.019173348785019417	1.3434606991324927e-06	0.012259468109348637
0.0006020336175474039	-0.0006385330591676119	-0.005250837042816148	0.0006046125598619945	-0.022463421259417915	0.019735033381037326	6.37528602571713e-05	0.012072239910676519
-0.0008333825722750543	-0.0011378082556270375	-0.004938790045028618	0.00016774676296016366	-0.0230251058554356	0.02117044957085934	-0.00031070353708795295	0.012321877508906232
0.0007268524166625934	0.0009217019297695916	-0.004501924248126121	0.0007918407585345566	-0.02240101185986032	0.020047080378824633	6.37528602571713e-05	0.012696333906251356
-0.00039651677537255736	0.0016082053249020234	-0.0025672328618440154	0.0007918407585345566	-0.020965595670038084	0.020421536776169757	-0.00031070353708795295	0.010824051919526623
0.00047721481843221447	0.0017330241240172128	-0.0035657832547637547	0.00029256556207446494	-0.017096212897473873	0.014492643818207807	6.37528602571713e-05	0.009388635729704609
-0.0005213355744873027	0.002918802715609292	-0.002192776464498891	0.0007918407585345566	-0.015348749709863885	0.012745180630598485	6.37528602571713e-05	0.008265266537669458
0.0006644430171049986	0.001920252322689775	-0.0027544610605161335	0.0005422031603048438	-0.013788514720927125	0.01006157644962613	0.00012616225981432194	0.007017078546519784
0.00047721481843221447	-0.0003888954609374551	-0.002692051660958983	0.00035497496163205966	-0.013039601926236877	0.01006157644962613	-0.00024829413753035823	0.00545684355758258
-0.0007085637731598649	-0.0002640766618227097	-0.0035657832547637547	0.0004797937607472491	-0.011479366937299895	0.008126885063344247	-6.106593885757405e-05	0.004832749562007743
0.0009764900148923061	-0.0011378082556270375	-0.002192776464498891	0.0011038877563220861	-0.009856722548804875	0.009375073054493699	0.00043820925760162943	0.004832749562007743
-0.0008957919718317608	-0.0018243116507594692	-0.0031913268574184084	0.00016774676296016366	-0.010231178946149999	0.00900061665714924	-0.00024829413753035823	0.004957568361122711
0.000789261816219744	-0.0006385330591676119	-0.002005548265826551	0.000729431358977628	-0.010355997745265189	0.009312663654936104	1.3434606991324927e-06	0.006268165751830201
-0.0006461543736020481	-0.00045130486049482776	-0.0013190448706945634	0.0004797937607472491	-0.011666595135972457	0.009936757650511385	0.00012616225981432194	0.006767440948289849
0.0007268524166625934	0.0016706147244600622	-0.0011318166720217793	0.0004173843611896544	-0.012103460932874732	0.012058677235465831	-0.00012347533841561287	0.007329125544307535
-0.0007085637731598649	0.0015457959253444287	-0.0007573602746768771	0.000729431358977628	-0.011791413935087647	0.010498442246528628	1.3434606991324927e-06	0.0072667161447494966
-0.0007085637731598649	0.00254434631826439	-0.000570132076004537	0.00035497496163205966	-0.011104910539955215	0.010186395248741764	-0.0001858847379732076	0.006268165751830201
0.0006644430171049986	0.0015457959253444287	-0.0011318166720217793	0.0006046125598619945	-0.010418407144822783	0.01024880464829847	1.3434606991324927e-06	0.005519252957139731
-0.0006461543736020481	0.0022322993204773045	-0.0016935012680390216	0.0005422031603048438	-0.010106360147035254	0.008938207257591424	1.3434606991324927e-06	0.005019977760680305
0.0008516712157771167	0.0009217019297695916	-0.0011318166720217793	0.0009166595576501901	-0.009919131948362692	0.01024880464829847	0.00025098105892973344	0.00526961535891024
-0.0007085637731598649	0.0011713395279999705	-0.0025672328618440154	0.00035497496163205966	-0.010980091740839582	0.008813388458476457	1.3434606991324927e-06	0.006330575151387796
0.0006020336175474039	0.0009217019297695916	-0.0013190448706945634	0.0006670219594200333	-0.014599836915174302	0.01155940203900574	-0.0001858847379732076	0.008390085336784647
-0.0007085637731598649	0.0009841113293271864	-0.002192776464498891	0.0006670219594200333	-0.017657897493491115	0.013743731023518224	-6.106593885757405e-05	0.010824051919526623
0.0006020336175474039	0.0019826617222473697	-0.0016935012680390216	0.0006670219594200333	-0.020528729873135587	0.017800341994754554	0.00025098105892973344	0.01375729369872869
0.0003523960193174691	0.0009841113293271864	-0.004065058451223624	0.0002301561625177584	-0.0230251058554356	0.01717624799918016	-0.00031070353708795295	0.01388211249784388
-0.0005837449740444534	-0.0008257612578395079	-0.0037530114534360948	0.0005422031603048438	-0.018843676085083638	0.017301066798294462	6.37528602571713e-05	0.012072239910676519
0.0008516712157771167	-0.0015122646529719397	-0.0033785550560909705	0.0009790689572073408	-0.009107809754115515	0.011247355041218654	0.00031339045848688407	0.005581662356697326
-0.0007709731727170155	-0.0021987680481048155	-0.0031913268574184084	0.00029256556207446494	0.0008152847755251713	0.0014490793106929356	-0.00012347533841561287	-0.00789876794771982
0.0005396242179898092	-0.0013250364542995996	-0.002005548265826551	0.0004797937607472491	0.0073058623295039204	-0.006164867435320964	1.3434606991324927e-06	-0.007649130349489663
-0.0007709731727170155	0.0011089301284421538	0.0011773311116054508	0.0005422031603048438	0.006556949534814338	-0.008598834018062718	0.00031339045848688407	-0.006151304760110277
0.0008516712157771167	0.0026067557178219847	0.00504671388416944	0.0004173843611896544	0.008803687918883973	-0.012468216790626707	-0.00012347533841561287	-0.0072122645525873885
-0.0007709731727170155	0.0041045813072015935	0.0075430898664694546	0.0004173843611896544	0.012298614294103283	-0.016400008962748958	-0.0001858847379732076	-0.008897318340639782
-0.0008333825722750543	0.002357118119592494	0.004172982290365113	0.00029256556207446494	0.013921258682598081	-0.01615037136451858	-0.0001858847379732076	-0.009396593537099873
0.0009140806153353775	-0.000201667262265115	0.0009276935133750719	0.0011038877563220861	0.014732580876844814	-0.013029901386644172	0.0005630280567168189	-0.009833459334002148
-0.0008957919718317608	-0.005506466224651563	-0.0025048234622864207	0.0002301561625177584	0.011986567296315531	-0.007288236627355449	-0.0001858847379732076	-0.010332734530461796
0.0006644430171049986	-0.0070042918140307275	-0.005375655841930449	0.0005422031603048438	0.008117184523751542	-0.0024827128614290928	0.00012616225981432194	-0.005152754367190537
-0.0008333825722750543	-0.007378748211375852	-0.0038154208529936895	0.0004173843611896544	0.004060573552514324	0.0013866699111353409	0.00025098105892973344	-0.004216613373828171
0.0008516712157771167	-0.004695144030403942	0.0012397405111626014	0.0009166595576501901	0.011612110898970851	-0.008037149422045475	1.3434606991324927e-06	-0.006338532958782617
-0.0007709731727170155	0.00029760793419497666	0.006606948873106644	0.00035497496163205966	0.013421983486137545	-0.013529176583104263	-0.00031070353708795295	-0.006588170557012107
0.00047721481843221447	0.004915903501448771	0.012723070029740713	0.0006046125598619945	0.011362473300740472	-0.01452772697602378	1.3434606991324927e-06	-0.0050903449676324986
0.0008516712157771167	0.00934697087003089	0.010226694047441587	0.0009166595576501901	0.008866097318441124	-0.011220028799477477	0.00025098105892973344	-0.004029385175155387
-0.0006461543736020481	0.006725776088616575	0.003923344692134734	0.0004173843611896544	0.00599526493879643	-0.008037149422045475	1.3434606991324927e-06	-0.004965526168517753
0.00047721481843221447	0.0009841113293271864	-0.0034409644556490093	0.00035497496163205966	0.002999613760037212	-0.0018586188658542557	-0.0001858847379732076	-0.005839257762322969
-0.0005837449740444534	-0.004383097032616634	-0.010368407806530033	0.000729431358977628	0.0017514257688875379	0.0031341330987453286	0.00012616225981432194	-0.005215163766747688
0.0008516712157771167	-0.008377298604295813	-0.011991052195024832	0.0009790689572073408	0.0019386539675601	0.007065925270866469	-0.0001858847379732076	-0.004466250972058106
-0.0008957919718317608	-0.010374399390135514	-0.008059260022902581	0.0002301561625177584	0.003374070157382336	-0.00023597447735901333	1.3434606991324927e-06	-0.003093244181793464
0.0006020336175474039	-0.005756103822881498	-0.0017559106675968383	0.0006670219594200333	0.005932855539239723	-0.008099558821602626	1.3434606991324927e-06	-0.000596868199493672
-0.0005837449740444534	-1.4439063592330825e-05	0.011225244440361548	0.000729431358977628	0.006057674338354024	-0.01396604238000676	0.00012616225981432194	0.0009009573898861589
-0.0007085637731598649	0.006476138490385974	0.011599700837705784	0.00035497496163205966	0.0051839427445492525	-0.01783542515257075	-0.00012347533841561287	0.0005889103920981853
0.00047721481843221447	0.004354218905431972	0.008167183862043847	0.0006046125598619945	0.00443502994985967	-0.016275190163633768	-0.0001858847379732076	-0.0014705997932986659
-0.000458926174929708	-0.0009505800569546974	0.0019262439062950332	0.0008542501580921513	0.002562747963135159	-0.007600283625142756	0.0003757998580444788	-0.0027811971840057126
0.00047721481843221447	-0.0074411576109334465	-0.007372756627770594	0.0006046125598619945	-0.0016810912067743988	0.0009498041142328439	-0.00012347533841561287	-0.0038421569764832686
-0.0006461543736020481	-0.010624036988365448	-0.013176830786616911	0.0004797937607472491	-0.005238426981551081	0.009312663654936104	-0.0001858847379732076	-0.0024067407866605883
0.0005396242179898092	-0.011248130983940285	-0.013676105983077225	0.0006046125598619945	-0.007734802963850873	0.018611664189002175	0.0005006186571592242	0.0005265009925405906
-0.00033410737581496264	-0.007815614008278793	-0.0071855284290980315	0.00029256556207446494	-0.005176017581993486	0.009312663654936104	-0.0003731129366455477	0.0012130043876734664
0.0004148054188755079	-0.0005137142600519784	0.009352962453636371	0.0006046125598619945	0.00012878138039273956	-0.000984887272049484	0.00012616225981432194	0.0031476957739557943
0.0003523960193174691	0.012217803249675363	0.015281855411597434	0.0004797937607472491	0.003436479556939709	-0.009098109214522365	-0.00031070353708795295	0.0032725145730705396
-0.000458926174929708	0.014027675836842057	0.016467634003189957	0.0007918407585345566	0.00599526493879643	-0.01409086117912195	0.00031339045848688407	0.003210105173512945
0.0006644430171049986	0.009471789669145636	0.012036566634608281	0.0004797937607472491	0.005558399141894377	-0.013841223580891793	1.3434606991324927e-06	0.0005889103920981853
-0.0007085637731598649	0.0026691651173795794	0.004859485685497544	0.0005422031603048438	0.00424780175118733	-0.00834919641983256	-0.00012347533841561287	-0.003779747576925674
0.0007268524166625934	-0.003509365438811418	-0.002255185864056486	0.000729431358977628	0.00212588216623244	-0.0010472966716061904	6.37528602571713e-05	-0.004466250972058106
-0.0006461543736020481	-0.007690795209163603	-0.0071855284290980315	0.0004797937607472491	-5.844681827960052e-05	0.00800206626422928	-0.0001858847379732076	-0.004528660371615478
0.0005396242179898092	-0.006941882414474021	-0.007372756627770594	0.0006670219594200333	0.001314559971985263	0.008251703862458548	0.00012616225981432194	-0.0026563783848909672
-0.0005837449740444534	-0.0026356338450070904	0.003860935292577583	0.0004173843611896544	0.0011897411728700735	0.0033213612974176687	-0.00024829413753035823	-0.0004096400008208878
-0.0008333825722750543	0.010782387059853349	0.009228143654521404	0.00029256556207446494	0.0003160095790653017	-0.0016713906671814716	-0.0003731129366455477	0.0030852863743977554
0.0007268524166625934	0.013528400640382854	0.012223794833281065	0.0006670219594200333	0.0010649223737555502	-0.004542223046825944	0.00012616225981432194	0.005768890555369888
-0.0007085637731598649	0.011968165651445206	0.009852237650095796	0.00029256556207446494	0.002375519764462819	-0.008411605819390156	-0.0001858847379732076	0.004832749562007743
0.0006020336175474039	0.006600957289501386	0.004734666886382355	0.0004797937607472491	0.004122982952072363	-0.00928533741319515	1.3434606991324927e-06	-0.0015330091928562606
-0.0006461543736020481	-0.00032648606137941627	-0.0014438636698093088	0.0004797937607472491	0.004310211150744481	-0.006539323832665422	0.0001885716593721387	-0.003779747576925674
0.0006644430171049986	-0.0068170636153588315	-0.006186978036178514	0.000729431358977628	0.0014393787711000083	0.0025724485027276422	0.00025098105892973344	-0.0042790227733857655
-0.0005213355744873027	-0.009625486595445931	-0.008121669422460842	0.00029256556207446494	-0.0004329032156242807	0.002822086100957799	-0.0001858847379732076	-0.004216613373828171
0.0004148054188755079	-0.008938983200313055	-0.0027544610605161335	0.0009790689572073408	-0.00030808441650909124	0.0029469049000725445	0.0003757998580444788	-0.0014705997932986659
0.0003523960193174691	0.00029760793419497666	0.0019262439062950332	0.0002301561625177584	-0.0015562724076596535	0.00032571011865822896	-0.00031070353708795295	8.963519563853772e-05
-0.0005837449740444534	0.005602406896581202	0.0064821300739918986	0.0004797937607472491	-0.0017435006063315495	-0.0010472966716061904	6.37528602571713e-05	0.0030852863743977554
0.0006020336175474039	0.007973964079765583	0.0076679086655842	0.0006046125598619945	-0.0027420509992515107	-0.0022954846627567527	-0.00012347533841561287	0.004271064965990723
-0.00033410737581496264	0.007786735881093243	0.006419720674434304	0.0009790689572073408	-0.0027420509992515107	-0.00117211547072138	0.00043820925760162943	0.003022876974840605
0.0003523960193174691	0.0036677155102997627	0.0014893781093929803	0.0002301561625177584	-0.004489514186860832	-0.000735249673819105	0.00012616225981432194	0.0015874607850181466
-0.0005213355744873027	-0.0003888954609374551	-0.0025672328618440154	0.0006046125598619945	-0.003303735595268753	0.003009314299630139	0.0001885716593721387	-0.0007840963981666782
0.0007268524166625934	-0.0045079158317316015	-0.005750112239276017	0.0004173843611896544	-0.0021803664032342684	0.0028844955005149497	-6.106593885757405e-05	-0.0027811971840057126
-0.0007709731727170155	-0.007316338811818701	-0.005438065241488044	0.0006046125598619945	-0.0006825408138548816	0.0011994417124630008	1.3434606991324927e-06	-0.003530109978695295
-0.0007709731727170155	-0.004632734630846791	-0.0023800046631716754	0.0004173843611896544	3.962581277994204e-06	-0.0006104308747045817	-0.00012347533841561287	-0.002469150186218627
0.0008516712157771167	-0.0011378082556270375	0.0018014251071798437	0.0009166595576501901	0.0008152847755251713	-0.001359343669394164	0.00043820925760162943	-0.00028482120170658654
-0.0007085637731598649	0.0016706147244600622	0.004048163491249479	0.00035497496163205966	0.0006904659764099819	-0.002794759859216178	-6.106593885757405e-05	0.0007761385907709695
0.0006020336175474039	0.003418077912069384	0.004734666886382355	0.0005422031603048438	0.0011897411728700735	-0.0035436726539062047	-0.00012347533841561287	0.0005889103920981853
-0.0008333825722750543	0.003230849713397266	0.003424069495674642	0.00035497496163205966	0.0016266069697723484	-0.002794759859216178	0.00043820925760162943	-0.00016000240259139709
0.0009764900148923061	0.001920252322689775	0.0013645593102777909	0.0011038877563220861	0.0020634727666752894	-0.0003607932764742028	-0.0001858847379732076	-0.0024067407866605883
-0.0008333825722750543	-0.0011378082556270375	-0.002192776464498891	0.0005422031603048438	0.002562747963135159	0.0005753477168881638	-6.106593885757405e-05	-0.0036549287778109285
0.0005396242179898092	-0.0031973184410243327	-0.0033785550560909705	0.0009790689572073408	0.0039357547533995785	0.0012618511120201514	0.0005006186571592242	-0.0038421569764832686
0.0003523960193174691	-0.004632734630846791	-0.0025672328618440154	0.00029256556207446494	0.0038733453538419838	-0.0011097060711642293	-0.0003731129366455477	-0.005152754367190537
-0.0006461543736020481	-0.002261177447661966	0.0005532371160303917	0.0006046125598619945	0.005059123945434507	-0.002669941060101433	6.37528602571713e-05	-0.003779747576925674
0.0007268524166625934	0.0003600173337525714	0.003673707093905021	0.000729431358977628	0.005121533344992102	-0.004042947850366296	6.37528602571713e-05	-0.002469150186218627
-0.0006461543736020481	0.002918802715609292	0.006107673676646774	0.0006046125598619945	0.00493430514631954	-0.004230176049038192	0.0001885716593721387	-0.00016000240259139709
0.00047721481843221447	0.004603856503661241	0.006731767672221389	0.00035497496163205966	0.0035612983560548983	-0.004167766649481486	-0.00012347533841561287	0.0008385479903281201
-0.0007085637731598649	0.005477588097466901	0.006170083076204369	0.0004797937607472491	0.0015641975702156419	-0.00023597447735901333	1.3434606991324927e-06	0.0010257761890006822
0.0006020336175474039	0.005040722300564404	0.004235391689922263	0.000729431358977628	0.0009401035746399167	0.0019483545071530273	0.0001885716593721387	0.0009009573898861589
-0.0005213355744873027	0.00360530611074128	-0.000570132076004537	0.0005422031603048438	-0.00012085621783719525	0.002385220304055302	-0.00012347533841561287	-0.00034723060126373717
-0.0007085637731598649	4.79703359652639e-05	-0.0014438636698093088	0.0004797937607472491	-5.844681827960052e-05	0.0026972673018426097	-6.106593885757405e-05	-0.0007216869986086394
0.0006644430171049986	-0.0005137142600519784	-0.0006949508751192823	0.0007918407585345566	0.0005032377777380859	0.0018235357080378378	0.0001885716593721387	-0.0009089151972809795
-0.0008957919718317608	-0.0003888954609374551	0.0001787807186854895	0.00029256556207446494	0.0005032377777380859	-0.00048561207558939223	-0.00031070353708795295	-0.0011585527955113584
0.000789261816219744	0.0012337489275573432	0.0023007003036399354	0.0007918407585345566	0.001314559971985263	-0.0022954846627567527	0.00031339045848688407	8.963519563853772e-05
-0.0007709731727170155	0.0019826617222473697	0.003236841297002302	0.0004173843611896544	0.0006280565768523871	-0.004167766649481486	0.00025098105892973344	0.0011505949881163158
0.000789261816219744	0.002981212115166887	0.004360210489037453	0.0009166595576501901	6.637198083558893e-05	-0.003918129051250663	-0.00024829413753035823	0.0009633667894437536
-0.0007709731727170155	0.002294708720034455	0.0031744318974451513	0.0005422031603048438	0.00012878138039273956	-0.0027323504596585835	-0.00012347533841561287	0.000464091592983884
0.0005396242179898092	0.0014209771262296833	-8.447479986850581e-06	0.0007918407585345566	0.0006904659764099819	-0.0008600684729342944	0.0003757998580444788	0.0003392727938686946
0.0005396242179898092	-0.0017619022512023186	-0.002255185864056486	0.0005422031603048438	-0.00037049381606757414	-0.0004232026760317975	-0.00012347533841561287	-0.001033733996396169
-0.0006461543736020481	-0.002510815045891457	-0.002692051660958983	0.0004797937607472491	-0.0006201314142968428	0.0006377571164457585	-6.106593885757405e-05	-0.0012833715946261037
0.000789261816219744	-0.0026356338450070904	-0.0018807294667118057	0.0008542501580921513	3.962581277994204e-06	0.0005753477168881638	0.0001885716593721387	-0.0015330091928562606
-0.0005837449740444534	-0.0016994928516447239	-0.0001956756786594127	0.0007918407585345566	0.0011273317733124788	-0.00117211547072138	0.00012616225981432194	-0.0026563783848909672
0.0004148054188755079	-0.0003888954609374551	0.0013645593102777909	0.0005422031603048438	0.0018138351684449106	-0.004105357249923447	0.0005006186571592242	-0.0012833715946261037
-0.00033410737581496264	0.0017954335235745855	0.004110572890807074	0.0011038877563220861	0.0024379291640199696	-0.0056655922388606506	-0.00024829413753035823	-0.0015330091928562606
