Sensor_1	Sensor_2	Sensor_3	Sensor_4	Sensor_5	Sensor_6	Sensor_7	Sensor_8
-0.00047230774153761423	0.0003862479661929097	0.0004542530690663238	0.001086624820682447	1.389089145442668e-05	-0.0006065124800371802	-5.060288891467479e-06	0.00020052390851033053
0.0006510614504970924	0.0012599795599981256	0.0017648504597733705	-0.000411200768697606	0.0004507566883569236	0.0008913131093419846	-5.060288891467479e-06	0.0004501615067395992
0.0007134708500546871	0.0007607043635380339	0.000828709466411004	0.001461081218026905	0.0005131660879145183	0.00032962851332452026	0.00011975851022372197	0.0005749803058547887
-0.0007843547393249217	0.0013223889595552762	0.0010159376650837881	0.000836987222452068	0.0003259378892419562	-0.0006065124800371802	-6.746968844817403e-05	0.0002629333080677032
0.000526242651381903	-0.00030025542893952206	0.001640031660658181	-0.0003487913691404554	0.00026352848968413944	0.0005792661115548992	-0.00019228848756380756	0.0002629333080677032
-0.0005971265406523596	0.0013223889595552762	0.0003294342699509123	0.001461081218026905	0.0003259378892419562	0.00032962851332452026	0.00011975851022372197	0.0006997991049699781
0.0007758802496118378	0.001384798359112871	0.0003918436695089511	0.0012114436197967482	0.0005131660879145183	-0.00016964668313512732	0.00011975851022372197	0.0011990743014300698
-0.000534717141095209	-5.0617830709143163e-05	0.0006414812677382198	-9.915377091007649e-05	7.630029101157731e-05	1.7581515537212766e-05	-0.0003171072866785529	0.0006997991049699781
0.0003390144527095629	0.0006358855644228445	-0.0012932101185429978	0.0009618060215668134	0.0008252130857016038	0.000392037912882115	0.00018216790978153874	0.0009494367031996909
-0.00047230774153761423	0.0011351607608829362	0.0005166624686239185	-0.00028638196958286066	0.00020111909012676676	0.001016131908457396	-0.00019228848756380756	0.0004501615067395992
-0.0005971265406523596	0.0008855231626527793	0.0001422060712785722	0.001273853019354343	0.00013870969056917204	7.999091509480749e-05	5.7349110666571335e-05	0.0006373897054123834
0.0005886520509394977	0.0008855231626527793	0.001265575263313723	0.0004625308251067217	0.00020111909012676676	-0.00016964668313512732	-6.746968844817403e-05	0.00013811450895251376
-0.00047230774153761423	-0.00030025542893952206	0.001640031660658181	2.5665028204890916e-05	0.0006379848870288196	0.0010785413080149908	0.00018216790978153874	0.0005749803058547887
0.000526242651381903	0.0011975701604405309	0.0004542530690663238	0.0013986718184693103	7.630029101157731e-05	-0.0005441030804802516	5.7349110666571335e-05	0.00020052390851033053
-0.0006595359402099543	0.0006358855644228445	0.001265575263313723	2.5665028204890916e-05	0.0003259378892419562	-4.482788402038196e-05	0.0003069867088962841	0.0006373897054123834
0.0007758802496118378	-5.0617830709143163e-05	0.001265575263313723	0.0002128932268767869	-0.00048538430500544294	-0.0010433782769403432	-0.0003171072866785529	0.00013811450895251376
-0.0008467641388829605	0.0010727513613255635	-0.00035706912518107536	0.0001504838273191922	0.00013870969056917204	0.00014240031465218017	0.00011975851022372197	0.0005749803058547887
0.0007758802496118378	0.0006358855644228445	-0.0006067067234105661	8.807442776248564e-05	0.00026352848968413944	0.0008913131093419846	5.7349110666571335e-05	0.0009494367031996909
0.00027660505315241224	0.0008231137630951846	-0.0017924853150030895	0.0012114436197967482	-0.0001733373072183575	-0.0007313312791528137	-0.0003171072866785529	0.00032534270762529793
-0.0005971265406523596	-0.0001754366298243326	-0.00016984092650851323	-0.0003487913691404554	0.0005755754874712249	0.0007040849106700886	-5.060288891467479e-06	0.0005749803058547887
0.0008382896491692104	-0.0003626648284971168	7.979667172142157e-05	0.00033771202599197636	0.00020111909012676676	0.001016131908457396	0.00018216790978153874	0.0006997991049699781
-0.0006595359402099543	0.0008855231626527793	7.979667172142157e-05	0.0007745778228949174	-0.00023574670677595222	-0.0005441030804802516	-6.746968844817403e-05	0.00013811450895251376
0.000526242651381903	-0.0003626648284971168	0.001265575263313723	-0.0005360195678127955	-0.0001733373072183575	1.7581515537212766e-05	-6.746968844817403e-05	0.00013811450895251376
-0.0007219453397677711	-0.00011302723026673789	0.0006414812677382198	0.0001504838273191922	0.0003883472887993289	-0.0007937406787099643	0.0003693961084538788	0.00013811450895251376
0.0008382896491692104	0.001384798359112871	0.0011407564641985335	-0.001035294764272665	-0.00023574670677595222	-0.00016964668313512732	-0.0002546978871209582	-0.00017393248883479373
-0.0007843547393249217	-0.00042507422805382333	0.0003918436695089511	0.0005873496242223553	-0.00029815610633310285	-0.00016964668313512732	-6.746968844817403e-05	0.00020052390851033053
-0.0004098983419804636	0.0018840735555729626	0.0003918436695089511	0.0013362624189117156	0.0003883472887993289	-0.0003568748818079115	0.0003693961084538788	0.0008870273036427623
0.000526242651381903	-0.0003626648284971168	0.0001422060712785722	-0.0005360195678127955	7.630029101157731e-05	0.0004544473124397097	-0.00012987908800621284	0.00032534270762529793
-0.0007219453397677711	1.1791568848451561e-05	-0.0014180289176586314	0.0005249402246647605	7.630029101157731e-05	0.0002672191137673696	-0.00019228848756380756	0.0006997991049699781
0.0008382896491692104	0.0011351607608829362	-0.0007315255225257555	0.001461081218026905	0.0008252130857016038	0.0002672191137673696	0.0003693961084538788	0.0005749803058547887
-0.0007219453397677711	-0.0008619400249567644	1.738727216382685e-05	-0.0007232477664851356	0.0003259378892419562	0.0010785413080149908	-6.746968844817403e-05	0.00032534270762529793
0.0005886520509394977	0.0001990197675205696	-0.0005442973238538595	0.0008993966220096627	0.00020111909012676676	-0.00016964668313512732	5.7349110666571335e-05	0.00038775210718289266
-0.0005971265406523596	0.0010727513613255635	0.0007663000668538533	-9.915377091007649e-05	0.0006379848870288196	0.0008289037097843899	0.00024457730933913346	0.00038775210718289266
0.0007134708500546871	-0.00042507422805382333	0.0010783470646413829	0.0009618060215668134	0.00020111909012676676	-0.0002944654822498727	-6.746968844817403e-05	0.00013811450895251376
0.000526242651381903	0.000947932562210374	0.001640031660658181	0.0004625308251067217	1.389089145442668e-05	-0.0007937406787099643	-0.0002546978871209582	-0.00023634188839238846
-0.0003474889424228689	0.0001990197675205696	0.0021393068571182727	-3.674437135270381e-05	0.0006379848870288196	0.0009537225088995793	0.00024457730933913346	0.0006997991049699781
0.0006510614504970924	0.001384798359112871	7.979667172142157e-05	0.0013986718184693103	-4.8518508103168045e-05	-0.00041928428136506213	5.7349110666571335e-05	0.0005749803058547887
-0.0007843547393249217	0.0008231137630951846	-0.00023225032606610796	0.00027530262643438164	7.630029101157731e-05	-0.0003568748818079115	-0.0002546978871209582	0.0012614837009872204
0.0007134708500546871	7.42009684056022e-05	-0.0004194785247386701	0.0004001214255495711	0.0007003942865864143	0.0013281789062444815	0.00024457730933913346	0.0015111212992171552
-0.00047230774153761423	0.0013223889595552762	-0.0011059819198706577	0.0019603564144867747	0.0004507566883569236	0.0002672191137673696	-0.0002546978871209582	0.00032534270762529793
0.0004014238522676017	0.00013661036796297488	-0.00029465972562348064	0.0001504838273191922	0.0005755754874712249	0.0015154071049172657	5.7349110666571335e-05	0.0010118461027572856
-0.0005971265406523596	-0.00030025542893952206	0.0003294342699509123	0.001897947014929624	0.0005131660879145183	1.7581515537212766e-05	0.00024457730933913346	0.0006997991049699781
-0.0006595359402099543	0.0004486573657509485	0.0017648504597733705	-3.674437135270381e-05	0.00026352848968413944	-4.482788402038196e-05	-6.746968844817403e-05	7.570510939514108e-05
0.0006510614504970924	-5.0617830709143163e-05	0.00188966925888856	0.00027530262643438164	0.00026352848968413944	0.0007664943102272392	5.7349110666571335e-05	0.00038775210718289266
-0.000534717141095209	0.0015720265577856551	0.0012031658637561282	0.0016483094166992451	0.0005131660879145183	-0.0003568748818079115	0.00024457730933913346	0.0005125709062971939
0.0004014238522676017	0.00032383856663531496	0.0017024410602157758	-0.00016156317046789326	7.630029101157731e-05	-0.0002944654822498727	-0.00019228848756380756	0.0008870273036427623
-0.0006595359402099543	0.0001990197675205696	0.0010783470646413829	0.00033771202599197636	0.00026352848968413944	0.0007040849106700886	0.00018216790978153874	0.0007622085045271287
0.0007758802496118378	0.0017592547564579952	-4.5022127393767875e-05	0.0017107188162568399	0.0004507566883569236	0.0005168567119973044	-6.746968844817403e-05	0.0007622085045271287
-0.0006595359402099543	0.00032383856663531496	1.738727216382685e-05	0.0004625308251067217	0.00013870969056917204	0.0005792661115548992	-0.0002546978871209582	0.0007622085045271287
0.000526242651381903	-0.00030025542893952206	-0.0012308007189858472	0.0013986718184693103	0.0004507566883569236	0.00014240031465218017	5.7349110666571335e-05	0.0010118461027572856
0.0007758802496118378	-0.0001754366298243326	0.0005790718681815132	8.807442776248564e-05	0.0008252130857016038	0.0011409507075721415	0.0003069867088962841	0.0008246179040851676
-0.0007219453397677711	-0.00023784602938192734	7.979667172142157e-05	0.00027530262643438164	-4.8518508103168045e-05	0.0004544473124397097	-0.00012987908800621284	0.00032534270762529793
0.00046383325182430823	0.0010103419617677467	0.0006414812677382198	0.0007121684233368786	-0.0003605655058902535	-0.0009809688773827485	-0.00019228848756380756	-0.0002987512879499832
-0.000534717141095209	-0.0001754366298243326	0.0022017162566758675	-0.00047361016825520075	0.0005755754874712249	0.0007664943102272392	0.0003069867088962841	-0.000111523089277199
0.000526242651381903	0.0001990197675205696	0.0006414812677382198	0.0005873496242223553	-0.00029815610633310285	-0.00023205608269272204	-6.746968844817403e-05	7.570510939514108e-05
-0.0007219453397677711	0.0011975701604405309	0.0008911188659685987	0.0007121684233368786	0.00020111909012676676	0.0007040849106700886	0.00018216790978153874	0.00032534270762529793
0.0007134708500546871	-0.0003626648284971168	0.001452803461986285	0.0005873496242223553	-0.0003605655058902535	-0.0002944654822498727	-0.00019228848756380756	0.0004501615067395992
-0.0007843547393249217	0.0005734761648656939	-0.0006067067234105661	0.0004625308251067217	-0.00029815610633310285	-0.0008561500782675591	-0.00019228848756380756	1.3295709837546354e-05
-0.0009091735384396671	-0.0008619400249567644	-0.0005442973238538595	-0.0010977041638300378	-0.00029815610633310285	0.0004544473124397097	-0.0004419260857932983	0.00038775210718289266
0.0009006990487274713	0.000947932562210374	-0.001043572520313285	0.0017731282158144346	0.0007003942865864143	0.0006416755111116057	0.0005566243071262189	0.0011990743014300698
-0.0005971265406523596	0.0007607043635380339	-0.0005442973238538595	0.0004001214255495711	0.00026352848968413944	-0.00023205608269272204	-5.060288891467479e-06	0.0004501615067395992
0.0004014238522676017	-0.000924349424513915	0.0003294342699509123	-0.0007232477664851356	-0.0001733373072183575	0.0007664943102272392	-0.0002546978871209582	0.0005749803058547887
-0.000534717141095209	0.0006982949639804392	0.0003918436695089511	0.001086624820682447	0.00026352848968413944	0.00014240031465218017	-0.00012987908800621284	-0.0003611606875075779
0.000526242651381903	0.0005734761648656939	0.001265575263313723	2.5665028204890916e-05	0.00020111909012676676	0.0007664943102272392	-6.746968844817403e-05	0.00013811450895251376
-0.0006595359402099543	-0.0006123024267263855	0.001640031660658181	0.0013986718184693103	1.389089145442668e-05	-0.0006065124800371802	0.00011975851022372197	0.00020052390851033053
0.0007758802496118378	0.0012599795599981256	0.0015776222611014745	8.807442776248564e-05	0.0005131660879145183	7.999091509480749e-05	0.00018216790978153874	0.00038775210718289266
0.000526242651381903	-0.00042507422805382333	0.0003294342699509123	-9.915377091007649e-05	-0.00011092790766076277	0.0004544473124397097	-0.00012987908800621284	0.00032534270762529793
-0.0006595359402099543	0.0015720265577856551	-0.0009187537211985397	0.001461081218026905	1.389089145442668e-05	-0.00048169368092265685	-6.746968844817403e-05	0.0006997991049699781
0.0007758802496118378	0.0005734761648656939	0.0005166624686239185	0.0004001214255495711	0.0006379848870288196	0.0004544473124397097	0.00011975851022372197	0.0008246179040851676
-0.000534717141095209	-0.0001754366298243326	-4.5022127393767875e-05	0.00027530262643438164	0.0007003942865864143	0.001203360107129292	0.00011975851022372197	0.0004501615067395992
0.00046383325182430823	0.0014472077586700216	-0.0007315255225257555	0.0015234906175840557	0.00013870969056917204	-0.00048169368092265685	5.7349110666571335e-05	0.0007622085045271287
-0.0005971265406523596	0.00013661036796297488	0.000828709466411004	-0.00016156317046789326	0.00013870969056917204	0.0007664943102272392	-0.00012987908800621284	0.0005125709062971939
0.000526242651381903	-0.00030025542893952206	-0.00010743152695091851	0.0015859000171420945	0.0005131660879145183	-0.00016964668313512732	0.00018216790978153874	0.0006997991049699781
-0.000534717141095209	0.0016344359573428058	0.002076897457561344	-0.00016156317046789326	0.0007628036861440091	0.0008913131093419846	0.00018216790978153874	0.00038775210718289266
-0.0006595359402099543	0.0001990197675205696	0.0010783470646413829	0.0005873496242223553	0.00020111909012676676	0.0004544473124397097	-0.00012987908800621284	0.00038775210718289266
0.000526242651381903	0.0017592547564579952	0.0010783470646413829	0.001461081218026905	0.00020111909012676676	-0.0007937406787099643	-6.746968844817403e-05	0.00013811450895251376
-0.0003474889424228689	0.0003862479661929097	0.0023889444553486516	8.807442776248564e-05	0.0009500318848167932	0.0012657695066868868	0.0004942149075686242	0.001136664901872475
0.0003390144527095629	0.0004486573657509485	-0.00023225032606610796	0.0007745778228949174	-0.00023574670677595222	-0.0001072372835775326	-0.0003171072866785529	0.0008246179040851676
-0.0006595359402099543	0.0016968453569001785	-0.00029465972562348064	0.0013362624189117156	0.0005131660879145183	-0.00041928428136506213	-6.746968844817403e-05	0.0008870273036427623
0.0006510614504970924	-0.0001754366298243326	0.00020461547083661102	-3.674437135270381e-05	0.0005131660879145183	0.0006416755111116057	0.00011975851022372197	0.0011990743014300698
-0.0006595359402099543	0.0006982949639804392	-0.0006691161229686049	0.0012114436197967482	0.0005131660879145183	-0.0001072372835775326	5.7349110666571335e-05	0.0006373897054123834
0.0007134708500546871	0.0011975701604405309	0.0009535282655261934	-0.00047361016825520075	0.0004507566883569236	0.0012657695066868868	-6.746968844817403e-05	0.0006997991049699781
0.0008382896491692104	0.0007607043635380339	0.0003918436695089511	0.0015234906175840557	0.0003883472887993289	0.0004544473124397097	0.00024457730933913346	0.0007622085045271287
-0.0006595359402099543	0.0008855231626527793	0.0008911188659685987	0.0005249402246647605	0.00020111909012676676	-0.0003568748818079115	-0.00012987908800621284	7.570510939514108e-05
0.000526242651381903	-0.00042507422805382333	0.0015152128615438798	-0.00028638196958286066	0.00013870969056917204	0.0007040849106700886	-0.00019228848756380756	0.0002629333080677032
-0.00047230774153761423	0.0012599795599981256	0.0008911188659685987	0.0015234906175840557	0.0005131660879145183	7.999091509480749e-05	0.0003069867088962841	-0.0002987512879499832
0.0003390144527095629	0.0006358855644228445	0.0009535282655261934	0.0001504838273191922	-0.00011092790766076277	-0.0008561500782675591	-6.746968844817403e-05	0.00038775210718289266
-0.0006595359402099543	-0.00048748362761186215	0.001265575263313723	-0.0005360195678127955	7.630029101157731e-05	-0.00041928428136506213	0.00018216790978153874	0.0005749803058547887
0.0005886520509394977	0.0011975701604405309	-4.5022127393767875e-05	2.5665028204890916e-05	-4.8518508103168045e-05	-0.0003568748818079115	-6.746968844817403e-05	0.00032534270762529793
-0.0007843547393249217	0.0005734761648656939	-0.0006691161229686049	-0.00016156317046789326	-0.00011092790766076277	0.0007040849106700886	-0.00019228848756380756	0.0006373897054123834
-0.0006595359402099543	0.0011351607608829362	-0.001667666515888122	0.0015859000171420945	0.0003259378892419562	1.7581515537212766e-05	0.00011975851022372197	0.0010742555023153244
0.0004014238522676017	7.42009684056022e-05	-0.0006067067234105661	-3.674437135270381e-05	0.00026352848968413944	-0.0001072372835775326	-0.00019228848756380756	0.00032534270762529793
-0.00047230774153761423	-0.00048748362761186215	-0.00016984092650851323	-3.674437135270381e-05	0.0005131660879145183	0.001016131908457396	0.00024457730933913346	0.0010742555023153244
0.00046383325182430823	0.0011975701604405309	-0.0013556195181010366	0.0017107188162568399	1.389089145442668e-05	-0.0009809688773827485	-0.00019228848756380756	0.0015111212992171552
-0.0003474889424228689	0.0010103419617677467	0.0001422060712785722	0.0007121684233368786	0.0009500318848167932	-4.482788402038196e-05	-0.00012987908800621284	0.0016359400983321226
0.00046383325182430823	0.00013661036796297488	-0.0017924853150030895	0.0010242154211248522	0.0007003942865864143	-0.001293015875169612	-0.0003171072866785529	0.0020728058952348416
-0.0008467641388829605	0.002008892354687708	-0.0034775391030550384	0.0015859000171420945	0.0017613540790637483	0.00014240031465218017	0.0003069867088962841	0.002884128089482463
0.0008382896491692104	0.001384798359112871	-0.0035399485026130773	0.0013362624189117156	0.0007003942865864143	-0.00023205608269272204	-0.0003171072866785529	0.002634490491252084
0.0005886520509394977	0.0025705769507051723	-0.0036647673017278226	0.002522041010504017	0.0006379848870288196	-0.0009185594778251538	-5.060288891467479e-06	0.002634490491252084
-0.00047230774153761423	0.0016344359573428058	-0.0020421229132334684	0.0009618060215668134	0.00119966948304695	0.000392037912882115	0.0003693961084538788	0.003071356288154803
0.00027660505315241224	0.0008855231626527793	-0.004351270696860254	0.001273853019354343	0.00013870969056917204	-0.0002944654822498727	-0.000504335485350893	0.002197624694350031
-0.000534717141095209	0.0025705769507051723	-0.004039223699072947	0.0024596316109464222	0.0009500318848167932	-0.00023205608269272204	0.00011975851022372197	0.003008946888596764
0.0007758802496118378	0.0013223889595552762	-0.0028534451074802014	0.0013362624189117156	0.001386897681718846	0.000392037912882115	-0.00019228848756380756	0.0031961750872695482
-0.0007843547393249217	0.0013223889595552762	-0.004413680096417849	0.0022099940127169315	0.0012620788826041007	-0.0007937406787099643	-0.0002546978871209582	0.0031337656877119535
0.00046383325182430823	0.002196120553360048	-0.004476089495975	0.002147584613159337	0.0021358104764088726	0.0006416755111116057	0.00024457730933913346	0.004319544279304033
-0.00047230774153761423	0.0016344359573428058	-0.004788136493762529	0.003395772604308789	0.002010991677294127	0.0002048097142097749	0.00011975851022372197	0.004319544279304033
-0.0006595359402099543	0.0025081675511475776	-0.004476089495975	0.0025844504100620558	0.0016989446795063756	-0.0005441030804802516	-6.746968844817403e-05	0.003882678482401536
0.0006510614504970924	0.0019464829551301133	-0.003602357902170672	0.0018355376153715852	0.001386897681718846	0.00032962851332452026	5.7349110666571335e-05	0.004132316080631693
-0.000534717141095209	0.002632986350262545	-0.004788136493762529	0.0028964974078491412	0.0013244882821616955	0.000392037912882115	0.00011975851022372197	0.004132316080631693
0.0005886520509394977	0.0029450333480500746	-0.004039223699072947	0.002334812811831677	0.0009500318848167932	-0.0003568748818079115	-5.060288891467479e-06	0.004007497281516725
-0.000534717141095209	0.002383348752032388	-0.003165492105268175	0.001461081218026905	0.0010748506839313166	0.0006416755111116057	-6.746968844817403e-05	0.003633040884171601
0.00046383325182430823	0.002632986350262545	-0.005037774091992686	0.002958906807406514	0.001386897681718846	0.00014240031465218017	-5.060288891467479e-06	0.004007497281516725
-0.0006595359402099543	0.0027578051493777345	-0.00428886129730266	0.002085175213601964	0.001386897681718846	0.0006416755111116057	-6.746968844817403e-05	0.004132316080631693
0.0006510614504970924	0.0016968453569001785	-0.0057866868866824905	0.003770229001654135	0.0021358104764088726	0.0008289037097843899	0.00024457730933913346	0.004943638274879314
0.00021419565359503956	0.0016344359573428058	-0.005474639888894517	0.0022099940127169315	0.001386897681718846	-0.0003568748818079115	-0.000504335485350893	0.004007497281516725
-0.000534717141095209	0.0015720265577856551	-0.004788136493762529	0.002522041010504017	0.0021358104764088726	0.001016131908457396	0.0003069867088962841	0.0052556852726668435
0.0005886520509394977	0.002445758151589983	-0.006285962083142582	0.0036454102025391677	0.001636535279948781	0.0002672191137673696	-0.00012987908800621284	0.005006047674436465
-0.0005971265406523596	0.0025705769507051723	-0.004476089495975	0.0023972222113892716	0.0017613540790637483	0.0005168567119973044	0.00018216790978153874	0.004506772477976817
0.0006510614504970924	0.002008892354687708	-0.004725727094205379	0.0020227658140439253	0.0010748506839313166	0.0004544473124397097	5.7349110666571335e-05	0.004444363078419666
-0.0005971265406523596	0.0033194897453949768	-0.005287411690222621	0.0028964974078491412	0.0007003942865864143	1.7581515537212766e-05	0.00011975851022372197	0.003945087881959575
0.0007134708500546871	0.0031322615467228587	-0.003415129703497888	0.0013362624189117156	0.0003259378892419562	0.00032962851332452026	-0.00012987908800621284	0.003633040884171601
-0.0007843547393249217	0.002258529952918087	-0.004912955292877719	0.0025844504100620558	0.0006379848870288196	7.999091509480749e-05	5.7349110666571335e-05	0.0035706314846148945
-0.0006595359402099543	0.0018840735555729626	-0.003914404899957757	0.001273853019354343	0.0008876224852587544	0.0002048097142097749	-6.746968844817403e-05	0.0035082220850573
0.000526242651381903	0.0011351607608829362	-0.0051625928911078756	0.0022099940127169315	0.0010748506839313166	0.0006416755111116057	5.7349110666571335e-05	0.003882678482401536
-0.0006595359402099543	0.0016968453569001785	-0.005724277487124896	0.0026468598096192064	0.0013244882821616955	0.00014240031465218017	-6.746968844817403e-05	0.004007497281516725
0.00046383325182430823	0.0010103419617677467	-0.004850545893320124	0.0017107188162568399	0.001449307081276885	0.00032962851332452026	-0.00012987908800621284	0.005193275873109249
-0.0003474889424228689	0.0014472077586700216	-0.005661868087567301	0.002958906807406514	0.0021358104764088726	0.0013281789062444815	-0.0002546978871209582	0.004132316080631693
0.0004014238522676017	0.0019464829551301133	-0.006161143284027393	0.002522041010504017	0.0009500318848167932	-0.0001072372835775326	-0.00012987908800621284	0.004132316080631693
-0.0006595359402099543	0.0017592547564579952	-0.004788136493762529	0.0022724034122745262	0.0004507566883569236	7.999091509480749e-05	-0.00019228848756380756	0.004069906681074542
0.000526242651381903	0.002196120553360048	-0.004788136493762529	0.0023972222113892716	0.001012441284374388	0.0002048097142097749	0.0003693961084538788	0.004381953678862072
0.000526242651381903	0.002445758151589983	-0.003976814299514908	0.0010242154211248522	0.00020111909012676676	-0.0002944654822498727	-6.746968844817403e-05	0.0033834032859421104
-0.0005971265406523596	0.002445758151589983	-0.005225002290665026	0.002085175213601964	0.0003883472887993289	0.0002048097142097749	-5.060288891467479e-06	0.003820269082843941
0.0007134708500546871	0.0026953957498201397	-0.004788136493762529	0.0023972222113892716	0.001012441284374388	1.7581515537212766e-05	0.00011975851022372197	0.003820269082843941
-0.0008467641388829605	0.001384798359112871	-0.004788136493762529	0.001273853019354343	0.0009500318848167932	0.00014240031465218017	-0.0002546978871209582	0.003820269082843941
0.00046383325182430823	0.0011351607608829362	-0.00684764667915938	0.0026468598096192064	0.001012441284374388	0.0002048097142097749	0.00024457730933913346	0.005006047674436465
-0.0004098983419804636	0.0021337111538028974	-0.00591150568579768	0.002958906807406514	0.0021358104764088726	0.0008289037097843899	0.00024457730933913346	0.005006047674436465
0.0007134708500546871	0.0012599795599981256	-0.00591150568579768	0.0032709538051944875	0.0018861728781789378	0.0005792661115548992	5.7349110666571335e-05	0.005193275873109249
-0.0006595359402099543	0.0019464829551301133	-0.006473190281814478	0.0022724034122745262	0.00119966948304695	-0.0006065124800371802	-0.0004419260857932983	0.004194725480189732
-0.0003474889424228689	0.002820214548934885	-0.005037774091992686	0.0025844504100620558	0.0019485822777360884	0.0007040849106700886	0.00043180550801102946	0.005193275873109249
0.00046383325182430823	0.0031946709462795653	-0.0064107808822573276	0.0028964974078491412	0.0007628036861440091	-0.0005441030804802516	-0.0002546978871209582	0.004069906681074542
-0.00047230774153761423	0.0040059931405271865	-0.004226451897745287	0.0022724034122745262	0.00119966948304695	-0.00041928428136506213	0.00024457730933913346	0.004194725480189732
0.00046383325182430823	0.0031322615467228587	-0.004600908295090189	0.0020227658140439253	0.0005755754874712249	-0.0003568748818079115	-0.0003171072866785529	0.004132316080631693
-0.00047230774153761423	0.0035067179440668728	-0.005349821089780216	0.003146135006079298	0.0012620788826041007	1.7581515537212766e-05	0.00011975851022372197	0.003882678482401536
0.0007758802496118378	0.003007442747607225	-0.004413680096417849	0.002334812811831677	0.0015117164808344796	0.0007040849106700886	-5.060288891467479e-06	0.004257134879746882
-0.0006595359402099543	0.0019464829551301133	-0.0055994586880101505	0.003770229001654135	0.002073401076851278	0.0006416755111116057	0.00018216790978153874	0.004694000676649157
0.0007134708500546871	0.0023209393524747934	-0.005537049288452112	0.0022724034122745262	0.0019485822777360884	0.0006416755111116057	-6.746968844817403e-05	0.004631591277091562
0.0005886520509394977	0.001384798359112871	-0.006535599681372073	0.0030837256065217034	0.002073401076851278	0.0011409507075721415	-5.060288891467479e-06	0.005130866473551654
-0.00047230774153761423	0.0025705769507051723	-0.006535599681372073	0.0034581820038663835	0.0021982198759664673	0.0007664943102272392	5.7349110666571335e-05	0.005130866473551654
0.000526242651381903	0.0023209393524747934	-0.005037774091992686	0.002085175213601964	0.0015741258803911862	0.0002672191137673696	-0.00012987908800621284	0.004381953678862072
-0.00047230774153761423	0.003007442747607225	-0.005100183491550281	0.002771678608734396	0.0015741258803911862	0.0007040849106700886	0.00024457730933913346	0.003695450283729196
0.000526242651381903	0.0036315367431825063	-0.005037774091992686	0.0026468598096192064	0.0005755754874712249	-0.0006065124800371802	0.00024457730933913346	0.0037578596832867905
-0.000534717141095209	0.0037563555422972517	-0.002978263906595391	0.0017731282158144346	0.0003883472887993289	-0.00041928428136506213	-0.00019228848756380756	0.003445812685499705
0.00046383325182430823	0.0031322615467228587	-0.004663317694647784	0.0025844504100620558	0.0008876224852587544	-0.0002944654822498727	-6.746968844817403e-05	0.003695450283729196
-0.0007219453397677711	0.0035691273436253557	-0.004039223699072947	0.002147584613159337	0.0013244882821616955	0.00014240031465218017	0.00018216790978153874	0.0037578596832867905
-0.0009091735384396671	0.0017592547564579952	-0.006722827880045079	0.002522041010504017	0.0010748506839313166	0.0002048097142097749	-0.00037951668623614765	0.004007497281516725
0.0008382896491692104	0.0023209393524747934	-0.0062235526835849875	0.0030837256065217034	0.001823763478621343	0.0004544473124397097	0.00011975851022372197	0.004631591277091562
-0.0007219453397677711	0.001384798359112871	-0.006348371482700177	0.0022099940127169315	0.0018861728781789378	0.0007664943102272392	-0.00012987908800621284	0.004756410076206752
0.0007134708500546871	0.0017592547564579952	-0.007596559473849851	0.0037078196020963183	0.002260629275523618	0.0009537225088995793	0.00018216790978153874	0.0048188194757641245
-0.0005971265406523596	0.002632986350262545	-0.006660418480487484	0.002771678608734396	0.0018861728781789378	7.999091509480749e-05	-0.00019228848756380756	0.004257134879746882
0.0004014238522676017	0.0025705769507051723	-0.005973915085354609	0.002147584613159337	0.001386897681718846	1.7581515537212766e-05	0.0003069867088962841	0.004694000676649157
-0.0003474889424228689	0.003693946142739657	-0.00591150568579768	0.0018355376153715852	0.00020111909012676676	-0.001729881672072331	-0.0003171072866785529	0.003008946888596764
0.00027660505315241224	0.0037563555422972517	-0.003914404899957757	0.0015234906175840557	0.0004507566883569236	-0.0009809688773827485	-5.060288891467479e-06	0.0031961750872695482
0.0005886520509394977	0.0035691273436253557	-0.005474639888894517	0.0026468598096192064	0.0003259378892419562	-0.0008561500782675591	-6.746968844817403e-05	0.0033209938863845156
-0.00047230774153761423	0.0033194897453949768	-0.004476089495975	0.0020227658140439253	0.0009500318848167932	-0.00041928428136506213	0.0003693961084538788	0.003633040884171601
0.000526242651381903	0.001384798359112871	-0.005661868087567301	0.0015859000171420945	0.0005755754874712249	-4.482788402038196e-05	-0.00019228848756380756	0.0033209938863845156
-0.0005971265406523596	0.0014472077586700216	-0.007284512476062099	0.0028340880082915465	0.0013244882821616955	0.0008289037097843899	-5.060288891467479e-06	0.004694000676649157
0.0007758802496118378	0.0011975701604405309	-0.006098733884469798	0.001086624820682447	0.0019485822777360884	0.001016131908457396	-0.00012987908800621284	0.0048188194757641245
-0.0007219453397677711	0.0002614291670781643	-0.007159693676947354	0.001086624820682447	0.0017613540790637483	0.0008913131093419846	-0.00012987908800621284	0.005130866473551654
0.000526242651381903	0.0015096171582276163	-0.00790860647163738	0.002085175213601964	0.0019485822777360884	0.000392037912882115	0.0003693961084538788	0.005006047674436465
-0.0004098983419804636	0.0025081675511475776	-0.0062235526835849875	0.0013986718184693103	0.0007003942865864143	-0.00048169368092265685	-0.0003171072866785529	0.003882678482401536
-0.0007843547393249217	0.003881174341412441	-0.006161143284027393	0.0012114436197967482	0.0007003942865864143	-0.0009185594778251538	-0.00012987908800621284	0.004007497281516725
0.0007758802496118378	0.004380449537872533	-0.0041016330986300975	0.0017731282158144346	0.0006379848870288196	-0.0014178346742850234	5.7349110666571335e-05	0.0035082220850573
-0.000534717141095209	0.0037563555422972517	-0.004725727094205379	0.0015234906175840557	0.0008876224852587544	-0.0007313312791528137	0.00024457730933913346	0.003820269082843941
0.00046383325182430823	0.003444308544510166	-0.0057866868866824905	0.001273853019354343	0.0004507566883569236	-0.0009809688773827485	-0.00019228848756380756	0.004132316080631693
-0.0005971265406523596	0.0027578051493777345	-0.004725727094205379	0.0015859000171420945	0.0009500318848167932	-0.00016964668313512732	0.00024457730933913346	0.004694000676649157
0.0008382896491692104	0.0015096171582276163	-0.006098733884469798	0.0016483094166992451	0.0018861728781789378	0.0009537225088995793	-6.746968844817403e-05	0.005006047674436465
-0.0007219453397677711	0.001384798359112871	-0.006722827880045079	0.0013986718184693103	0.0017613540790637483	0.001016131908457396	-0.00019228848756380756	0.0048188194757641245
0.00046383325182430823	0.0005110667653080991	-0.006722827880045079	0.0015859000171420945	0.0023230386750816567	0.001640225904031789	0.00024457730933913346	0.005879779268241236
0.0006510614504970924	0.0023209393524747934	-0.006161143284027393	0.001273853019354343	0.001636535279948781	0.0002048097142097749	-5.060288891467479e-06	0.005318094672223994
-0.0007219453397677711	0.0025081675511475776	-0.004850545893320124	0.0016483094166992451	0.0010748506839313166	-0.0005441030804802516	-0.00012987908800621284	0.005006047674436465
0.0006510614504970924	0.0035067179440668728	-0.005537049288452112	0.0015859000171420945	0.0007628036861440091	-0.0006065124800371802	-6.746968844817403e-05	0.0054429134713387395
-0.0005971265406523596	0.004692496535659618	-0.00428886129730266	0.0008993966220096627	0.0011372600834889113	-0.0011057876764970498	0.00011975851022372197	0.005006047674436465
0.0005886520509394977	0.0040059931405271865	-0.003789586100842568	0.0005873496242223553	0.00026352848968413944	-0.001729881672072331	0.0003069867088962841	0.006316645065143733
-0.0004098983419804636	0.0037563555422972517	-0.004975364692435091	0.0007121684233368786	0.0011372600834889113	-0.00023205608269272204	0.00011975851022372197	0.00619182626602921
0.0007134708500546871	0.0035067179440668728	-0.005037774091992686	0.00027530262643438164	0.0010748506839313166	0.0002048097142097749	-0.00019228848756380756	0.006067007466914021
-0.0008467641388829605	0.0016968453569001785	-0.007596559473849851	0.00033771202599197636	0.001386897681718846	0.0009537225088995793	-0.00012987908800621284	0.006566282663374112
-0.000534717141095209	0.0016968453569001785	-0.00697246547827457	0.0005249402246647605	0.0018861728781789378	0.001016131908457396	0.00011975851022372197	0.007252786058506544
0.0007134708500546871	0.001384798359112871	-0.006535599681372073	0.0007745778228949174	0.0021982198759664673	0.001203360107129292	0.00018216790978153874	0.0075648330562940735
-0.0007219453397677711	0.002383348752032388	-0.007721378272964596	0.00033771202599197636	0.0017613540790637483	0.0005168567119973044	-0.00012987908800621284	0.008251336451426061
0.0007758802496118378	0.0035691273436253557	-0.005973915085354609	0.0006497590237792839	0.0016989446795063756	-0.0005441030804802516	0.00018216790978153874	0.008064108252753721
-0.0009091735384396671	0.003257080345837604	-0.006348371482700177	8.807442776248564e-05	0.0003259378892419562	-0.0016050628729571415	-0.00012987908800621284	0.008563383449213147
0.000526242651381903	0.004193221339199749	-0.00678523727960223	0.0004001214255495711	0.0004507566883569236	-0.001917109870745115	0.00018216790978153874	0.009125068045230833
-0.00047230774153761423	0.004942134133889997	-0.004788136493762529	0.00027530262643438164	-0.00029815610633310285	-0.0018547004711875203	-0.00012987908800621284	0.008313745850983656
0.0005886520509394977	0.0036315367431825063	-0.006285962083142582	0.0005249402246647605	0.00013870969056917204	-0.0007937406787099643	0.00011975851022372197	0.008937839846558937
0.0004014238522676017	0.002196120553360048	-0.005661868087567301	0.00027530262643438164	1.389089145442668e-05	-0.0007313312791528137	-0.00019228848756380756	0.008251336451426061
-0.000534717141095209	0.0013223889595552762	-0.006348371482700177	0.0004001214255495711	0.0005755754874712249	0.0006416755111116057	0.00011975851022372197	0.008813021047443304
0.00046383325182430823	0.001384798359112871	-0.007534150074292256	0.00027530262643438164	0.00026352848968413944	0.0004544473124397097	-0.0002546978871209582	0.009062658645673238
-0.0004098983419804636	0.0015096171582276163	-0.006036324484912203	0.0007745778228949174	0.00119966948304695	0.001203360107129292	0.00043180550801102946	0.009686752641248075
0.00046383325182430823	0.00032383856663531496	-0.007971015871194531	8.807442776248564e-05	-0.0001733373072183575	7.999091509480749e-05	5.7349110666571335e-05	0.010934940632398416
-0.000534717141095209	0.0020713017542453027	-0.007097284277389759	0.00027530262643438164	-0.0004229749054487364	-0.0011057876764970498	-0.00019228848756380756	0.010747712433725631
0.000526242651381903	0.002445758151589983	-0.005724277487124896	0.0005249402246647605	-0.00023574670677595222	-0.000668921879595441	0.00018216790978153874	0.011496625228415658
-0.0005971265406523596	0.003007442747607225	-0.00591150568579768	0.0002128932268767869	-0.0009846595014655346	-0.0016050628729571415	-0.00012987908800621284	0.011371806429300468
-0.0006595359402099543	0.0033194897453949768	-0.004850545893320124	0.00033771202599197636	-0.001109478300580724	-0.0014178346742850234	-0.00012987908800621284	0.011559034627973253
0.0007758802496118378	0.002820214548934885	-0.005849096286240085	0.0006497590237792839	-0.0006726125036780051	-0.0002944654822498727	0.00018216790978153874	0.011933491025317933
-0.0009091735384396671	0.002258529952918087	-0.006473190281814478	-9.915377091007649e-05	-0.001109478300580724	-0.0005441030804802516	-0.0004419260857932983	0.011933491025317933
0.0007134708500546871	0.001821664156015368	-0.005849096286240085	0.0004625308251067217	-0.0006726125036780051	0.0002048097142097749	0.00011975851022372197	0.012932041418237672
-0.0006595359402099543	0.0013223889595552762	-0.007596559473849851	0.0004001214255495711	-0.0004229749054487364	0.001203360107129292	0.00018216790978153874	0.013868182411599594
0.0007758802496118378	0.0015720265577856551	-0.007284512476062099	0.0005873496242223553	-0.00048538430500544294	0.0008913131093419846	-0.00019228848756380756	0.01436745760806013
-0.0007219453397677711	0.0011975701604405309	-0.007222103076504949	0.0004625308251067217	-0.00048538430500544294	0.0007664943102272392	-5.060288891467479e-06	0.015303598601422497
0.0006510614504970924	0.0016968453569001785	-0.006722827880045079	0.00033771202599197636	-0.0006726125036780051	-4.482788402038196e-05	5.7349110666571335e-05	0.016551786592571727
0.00021419565359503956	0.0021337111538028974	-0.00697246547827457	-3.674437135270381e-05	-0.002170438093057614	-0.0013554252747274287	-0.0005667448849084877	0.015740464398324328
-0.00047230774153761423	0.0038187649418548464	-0.00678523727960223	0.0004625308251067217	-0.001109478300580724	-0.0006065124800371802	0.00018216790978153874	0.017737565184164472
0.000526242651381903	0.004068402540084781	-0.006098733884469798	0.0004001214255495711	-0.0017959816957127117	-0.0012306064756122392	-0.00012987908800621284	0.018174430981066747
-0.0004098983419804636	0.004068402540084781	-0.005661868087567301	0.0005873496242223553	-0.0017959816957127117	-0.00048169368092265685	0.00024457730933913346	0.0184864779788545
0.0005886520509394977	0.0033818991449525715	-0.007534150074292256	0.00033771202599197636	-0.0018583910952703064	-0.0003568748818079115	-5.060288891467479e-06	0.018985753175313924
-0.0006595359402099543	0.003007442747607225	-0.007097284277389759	0.00033771202599197636	-0.0014839346979256263	0.001016131908457396	0.00011975851022372197	0.018798524976641584
0.0007758802496118378	0.0018840735555729626	-0.007596559473849851	0.0002128932268767869	-0.000922250101908384	0.0015154071049172657	-0.00012987908800621284	0.01886093437619918
-0.0007219453397677711	0.0011975701604405309	-0.00815824406986665	0.0004001214255495711	-0.0010470689010231293	0.0015778165044748604	-0.00019228848756380756	0.019297800173101676
-0.00047230774153761423	0.0008855231626527793	-0.00790860647163738	0.0005873496242223553	-0.00048538430500544294	0.0022019105000492534	0.00024457730933913346	0.02017153176690689
0.0003390144527095629	0.0010103419617677467	-0.008969566264114492	2.5665028204890916e-05	-0.0010470689010231293	0.0007040849106700886	-0.0004419260857932983	0.020109122367348853
-0.0005971265406523596	0.002258529952918087	-0.00659800908092989	0.00033771202599197636	-0.0013591158988104368	0.000392037912882115	5.7349110666571335e-05	0.02104526336071122
0.000526242651381903	0.0025081675511475776	-0.006910056078717863	0.0004001214255495711	-0.002170438093057614	-0.0003568748818079115	-0.00012987908800621284	0.02123249155938356
-0.00047230774153761423	0.0036315367431825063	-0.00659800908092989	0.0004625308251067217	-0.0018583910952703064	-0.0007313312791528137	-0.00019228848756380756	0.02085803516203888
0.00046383325182430823	0.0035691273436253557	-0.005474639888894517	0.00027530262643438164	-0.0027321226890750783	-0.0007937406787099643	-0.00019228848756380756	0.02042116936513594
-0.0006595359402099543	0.0031946709462795653	-0.006036324484912203	0.0007121684233368786	-0.0017959816957127117	1.7581515537212766e-05	0.0003069867088962841	0.019984303568234107
0.0008382896491692104	0.0031322615467228587	-0.006660418480487484	-3.674437135270381e-05	-0.0027321226890750783	-0.0001072372835775326	-0.00037951668623614765	0.01867370617752684
0.0007134708500546871	0.0007607043635380339	-0.007721378272964596	0.0005249402246647605	-0.0016711628965975223	0.0013281789062444815	-5.060288891467479e-06	0.01836165917973931
-0.00047230774153761423	0.0005734761648656939	-0.008345472268539433	0.0005249402246647605	-0.001109478300580724	0.0017026353035893838	0.00011975851022372197	0.019360209572658826
0.0003390144527095629	-5.0617830709143163e-05	-0.00822065346942491	8.807442776248564e-05	-0.0022952568921728034	0.0009537225088995793	-0.0004419260857932983	0.019984303568234107
-0.00047230774153761423	0.0004486573657509485	-0.008532700467212218	0.0005249402246647605	-0.0013591158988104368	0.0013281789062444815	0.00018216790978153874	0.022293451351860893
0.0004014238522676017	0.0012599795599981256	-0.008407881668097028	8.807442776248564e-05	-0.0024824850908455875	-0.00048169368092265685	5.7349110666571335e-05	0.0234168205438956
-0.000534717141095209	0.0026953957498201397	-0.0064107808822573276	0.00033771202599197636	-0.00323139788553517	-0.0015426534733999908	-0.00019228848756380756	0.023292001744780855
0.000526242651381903	0.0035067179440668728	-0.007034874877832165	0.0004001214255495711	-0.00304416968686283	-0.001729881672072331	5.7349110666571335e-05	0.024290552137700372
-0.0005971265406523596	0.004505268336986834	-0.0055994586880101505	0.00027530262643438164	-0.003980310680224752	-0.0022291568685324226	-0.0002546978871209582	0.02304236414655092
-0.0008467641388829605	0.002820214548934885	-0.007409331275177289	0.0001504838273191922	-0.0035434448833226995	-0.0013554252747274287	-0.0003171072866785529	0.02185658555495884
0.0007134708500546871	0.002383348752032388	-0.007034874877832165	0.0004625308251067217	-0.0028569414881900457	-0.00048169368092265685	-5.060288891467479e-06	0.020483578764693533
-0.0006595359402099543	0.0006982949639804392	-0.0074717406747346615	0.0002128932268767869	-0.0028569414881900457	0.0006416755111116057	-6.746968844817403e-05	0.019360209572658826
0.0006510614504970924	-0.00023784602938192734	-0.0092816132619018	0.0004001214255495711	-0.001983209894385496	0.0013281789062444815	-5.060288891467479e-06	0.019797075369561545
-0.0007219453397677711	-0.00023784602938192734	-0.008782338065441708	0.00027530262643438164	-0.0021080286935002412	0.0015154071049172657	-0.00019228848756380756	0.02085803516203888
0.0005886520509394977	-0.00042507422805382333	-0.008283062868982283	0.0004001214255495711	-0.0019208004948279012	0.0006416755111116057	0.00018216790978153874	0.022730317148763612
-0.00047230774153761423	0.0011351607608829362	-0.008407881668097028	0.00027530262643438164	-0.0032938072850927647	-0.0010433782769403432	-0.0003171072866785529	0.02385368634079854
0.00046383325182430823	0.002196120553360048	-0.006036324484912203	0.0005249402246647605	-0.0034810354837646607	-0.0014178346742850234	5.7349110666571335e-05	0.02510187433194755
0.0006510614504970924	0.0040059931405271865	-0.00684764667915938	0.0004001214255495711	-0.003605854282880294	-0.002166747468974606	-5.060288891467479e-06	0.024977055532833248
-0.0006595359402099543	0.004505268336986834	-0.005973915085354609	0.0002128932268767869	-0.003917901280667158	-0.002353975667647612	-0.00019228848756380756	0.024789827334160464
0.0007758802496118378	0.0036315367431825063	-0.006098733884469798	0.0005873496242223553	-0.00341862608420751	-0.0013554252747274287	0.0003069867088962841	0.02360404874256794
-0.0007843547393249217	0.002258529952918087	-0.008345472268539433	2.5665028204890916e-05	-0.0028569414881900457	-0.0007313312791528137	-0.0002546978871209582	0.01954743777133161
0.0007134708500546871	0.0013223889595552762	-0.007658968873407002	0.0004001214255495711	-0.002420075691287993	0.000392037912882115	-5.060288891467479e-06	0.017862383983279218
-0.0006595359402099543	-5.0617830709143163e-05	-0.008283062868982283	0.0004001214255495711	-0.0006726125036780051	0.001889863502262168	-5.060288891467479e-06	0.01673901479124451
0.0007134708500546871	-0.0005498930271692348	-0.008907156864556898	0.00027530262643438164	-0.0013591158988104368	0.0013905883058020763	-6.746968844817403e-05	0.017051061789031596
-0.0007219453397677711	-0.00011302723026673789	-0.00659800908092989	0.0007121684233368786	-0.0011718877001378747	0.001203360107129292	0.0003693961084538788	0.017675155784606877
-0.0008467641388829605	0.0015720265577856551	-0.006285962083142582	2.5665028204890916e-05	-0.0020456192939426465	-0.00016964668313512732	-0.0003171072866785529	0.018112021581509152
0.0007758802496118378	0.0033194897453949768	-0.0036647673017278226	0.0004625308251067217	-0.002794532088632673	-0.0013554252747274287	0.00011975851022372197	0.018985753175313924
-0.0007219453397677711	0.0037563555422972517	-0.003976814299514908	0.0001504838273191922	-0.003168988485977575	-0.001917109870745115	-0.0003171072866785529	0.019110571974429336
0.0007758802496118378	0.0044428589374301275	-0.0036647673017278226	0.0006497590237792839	-0.002981760287305235	-0.0018547004711875203	0.00024457730933913346	0.019235390773543637
-0.0005971265406523596	0.0038187649418548464	-0.0031030827057105803	0.0002128932268767869	-0.0035434448833226995	-0.001729881672072331	-0.00012987908800621284	0.018049612181951558
0.0005886520509394977	0.002258529952918087	-0.005037774091992686	0.00033771202599197636	-0.0021080286935002412	0.0006416755111116057	0.00024457730933913346	0.017862383983279218
-0.00047230774153761423	0.0016968453569001785	-0.005661868087567301	8.807442776248564e-05	-0.0031065790864204246	0.0006416755111116057	-0.0003171072866785529	0.017238289987703936
0.0004014238522676017	1.1791568848451561e-05	-0.00790860647163738	0.00027530262643438164	-0.002170438093057614	0.0015778165044748604	-0.00012987908800621284	0.01836165917973931
0.0007134708500546871	-0.0001754366298243326	-0.007596559473849851	0.0005249402246647605	-0.002170438093057614	0.0015154071049172657	0.00018216790978153874	0.020233941166463598
-0.0007219453397677711	0.0001990197675205696	-0.00684764667915938	0.0001504838273191922	-0.0033562166846499153	0.0006416755111116057	-6.746968844817403e-05	0.022293451351860893
0.000526242651381903	0.0013223889595552762	-0.007159693676947354	0.00027530262643438164	-0.003917901280667158	-0.00023205608269272204	-0.00012987908800621284	0.024165733338585627
-0.0006595359402099543	0.003257080345837604	-0.005973915085354609	0.0004001214255495711	-0.004541995276241995	-0.0011057876764970498	-0.00012987908800621284	0.02741102211557478
0.0006510614504970924	0.004068402540084781	-0.004912955292877719	0.0005873496242223553	-0.005353317470489616	-0.0018547004711875203	-0.0002546978871209582	0.026849337519557537
-0.0008467641388829605	0.0040059931405271865	-0.006036324484912203	8.807442776248564e-05	-0.005540545669161956	-0.002166747468974606	-0.00012987908800621284	0.02572596832752283
0.0005886520509394977	0.0040059931405271865	-0.0055994586880101505	0.0004001214255495711	-0.005103679872259903	-0.0011681970760550886	5.7349110666571335e-05	0.02316718294566611
-0.000534717141095209	0.003007442747607225	-0.006660418480487484	0.0005249402246647605	-0.004042720079782347	-0.00023205608269272204	0.00011975851022372197	0.019921894168676513
-0.0008467641388829605	0.0006358855644228445	-0.006473190281814478	8.807442776248564e-05	-0.004042720079782347	0.0002048097142097749	-0.0002546978871209582	0.017175880588146786
0.0006510614504970924	-0.0003626648284971168	-0.00659800908092989	0.0005249402246647605	-0.0034810354837646607	0.001016131908457396	-5.060288891467479e-06	0.015802873797882366
-0.0005971265406523596	-0.00030025542893952206	-0.007159693676947354	0.0004625308251067217	-0.0029193508877478624	0.0012657695066868868	0.00018216790978153874	0.015802873797882366
0.000526242651381903	-0.00011302723026673789	-0.0062235526835849875	0.00027530262643438164	-0.004105129479339942	0.0002048097142097749	-0.0002546978871209582	0.017550336985491688
-0.000534717141095209	0.0005734761648656939	-0.005661868087567301	0.0004001214255495711	-0.0043547670775694325	7.999091509480749e-05	5.7349110666571335e-05	0.018611296777969244
0.0006510614504970924	0.0016344359573428058	-0.005537049288452112	0.0004625308251067217	-0.0058525926669494854	-0.001729881672072331	-5.060288891467479e-06	0.02017153176690689
-0.0005971265406523596	0.0027578051493777345	-0.004226451897745287	8.807442776248564e-05	-0.006788733660311852	-0.0024163850672043186	-0.0002546978871209582	0.020358759965578788
0.00046383325182430823	0.0027578051493777345	-0.005037774091992686	0.0002128932268767869	-0.006851143059869447	-0.0019795192703022657	-0.0002546978871209582	0.02135731035849875
0.0007758802496118378	0.0036315367431825063	-0.004039223699072947	0.0007121684233368786	-0.006788733660311852	-0.001480244073842396	0.0003069867088962841	0.021482129157613716
-0.0006595359402099543	0.0023209393524747934	-0.005661868087567301	0.0001504838273191922	-0.007225599457214349	-0.0009809688773827485	-0.00019228848756380756	0.019859484769118918
0.0007134708500546871	0.0019464829551301133	-0.006348371482700177	0.0005249402246647605	-0.006663914861197107	-0.00016964668313512732	5.7349110666571335e-05	0.018798524976641584
-0.0007843547393249217	0.0010103419617677467	-0.006098733884469798	8.807442776248564e-05	-0.007350418256329538	-0.0001072372835775326	-0.0002546978871209582	0.016551786592571727
0.0007758802496118378	0.0004486573657509485	-0.006722827880045079	0.00033771202599197636	-0.006726324260754257	0.0005792661115548992	0.00024457730933913346	0.01698865238947489
-0.00047230774153761423	0.0010727513613255635	-0.006348371482700177	0.0005873496242223553	-0.007412827655887133	-4.482788402038196e-05	5.7349110666571335e-05	0.017300699387261975
0.0005886520509394977	0.0013223889595552762	-0.0051625928911078756	0.0002128932268767869	-0.007662465254116846	-0.0006065124800371802	-0.00012987908800621284	0.018049612181951558
-0.0006595359402099543	0.002008892354687708	-0.004413680096417849	0.00033771202599197636	-0.00809933105101912	-0.001480244073842396	-0.00019228848756380756	0.018798524976641584
-0.000534717141095209	0.004318040138314938	-0.002728626308365678	0.0004625308251067217	-0.008036921651461526	-0.0016674722725147362	0.00011975851022372197	0.019485028371774016
0.0005886520509394977	0.004255630738757565	-0.0035399485026130773	0.0004001214255495711	-0.008348968649249056	-0.0020419286698598604	-6.746968844817403e-05	0.018798524976641584
-0.0007219453397677711	0.004380449537872533	-0.0032903109043824763	0.0001504838273191922	-0.00822414985013431	-0.002104338069417011	-0.00012987908800621284	0.018299249780181714
0.0006510614504970924	0.004193221339199749	-0.003165492105268175	0.0005873496242223553	-0.008473787448364245	-0.0015426534733999908	-5.060288891467479e-06	0.01698865238947489
-0.00047230774153761423	0.0031946709462795653	-0.004725727094205379	0.0005249402246647605	-0.00809933105101912	-0.00041928428136506213	5.7349110666571335e-05	0.01611492079566923
0.0006510614504970924	0.0027578051493777345	-0.005100183491550281	0.0004625308251067217	-0.008785834446151553	0.0006416755111116057	-6.746968844817403e-05	0.016052511396111635
-0.0006595359402099543	0.0018840735555729626	-0.005474639888894517	0.00027530262643438164	-0.008848243845709147	0.0008289037097843899	-0.00012987908800621284	0.015428417400537242
0.0005886520509394977	0.0010727513613255635	-0.005537049288452112	0.0004001214255495711	-0.008910653245266298	0.0009537225088995793	0.00011975851022372197	0.016676605391687138
0.000526242651381903	0.001821664156015368	-0.005100183491550281	0.0004625308251067217	-0.010034022437301449	0.00014240031465218017	-0.00019228848756380756	0.017051061789031596
-0.0004098983419804636	0.0031946709462795653	-0.004600908295090189	0.0007121684233368786	-0.009347519042169239	0.00032962851332452026	0.00043180550801102946	0.018611296777969244
0.00046383325182430823	0.003881174341412441	-0.0036647673017278226	0.0002128932268767869	-0.010782935231991031	-0.0016674722725147362	-0.0002546978871209582	0.01904816257487174
-0.0007219453397677711	0.0046300871361020235	-0.0030406733061529856	0.0002128932268767869	-0.011344619828008717	-0.0020419286698598604	-0.00019228848756380756	0.019672256570446356
0.0008382896491692104	0.005378999930792494	-0.0031030827057105803	0.0006497590237792839	-0.010658116432876286	-0.001729881672072331	-0.00037951668623614765	0.01823684038062412
-0.0009091735384396671	0.004942134133889997	-0.0031030827057105803	-3.674437135270381e-05	-0.010782935231991031	-0.001480244073842396	-5.060288891467479e-06	0.016676605391687138
0.0006510614504970924	0.004255630738757565	-0.003415129703497888	0.00033771202599197636	-0.010158841236416416	-0.00048169368092265685	-6.746968844817403e-05	0.014991551603634745
-0.0007219453397677711	0.0031946709462795653	-0.004351270696860254	0.0006497590237792839	-0.009472337841283984	0.0002048097142097749	0.00011975851022372197	0.013431316614697542
-0.0005971265406523596	0.000947932562210374	-0.005100183491550281	0.00033771202599197636	-0.008910653245266298	0.0008913131093419846	0.00011975851022372197	0.011995900424875527
0.00046383325182430823	0.00032383856663531496	-0.0055994586880101505	0.0002128932268767869	-0.008661015647036807	0.0005168567119973044	-0.0002546978871209582	0.010310846636823134
-0.0004098983419804636	0.0013223889595552762	-0.0035399485026130773	0.0007121684233368786	-0.007912102852346337	0.0007040849106700886	0.0003069867088962841	0.011434215828858063
0.00046383325182430823	0.001384798359112871	-0.0037271767012854173	0.00033771202599197636	-0.008661015647036807	-0.0006065124800371802	-0.00012987908800621284	0.013056860217352861
-0.000534717141095209	0.003069852147165264	-0.0026662169088080834	0.0005249402246647605	-0.008473787448364245	-0.0010433782769403432	5.7349110666571335e-05	0.013868182411599594
0.0007134708500546871	0.004255630738757565	-0.0012308007189858472	0.0005873496242223553	-0.009784384839071514	-0.002353975667647612	-0.00019228848756380756	0.013930591811157633
-0.0006595359402099543	0.004380449537872533	-0.002104532312790619	0.0002128932268767869	-0.009909203638186037	-0.002353975667647612	-0.0002546978871209582	0.013431316614697542
0.0004014238522676017	0.004318040138314938	-0.0024165793105777045	0.0005249402246647605	-0.010034022437301449	-0.001293015875169612	0.00018216790978153874	0.013431316614697542
0.0005886520509394977	0.002445758151589983	-0.004663317694647784	0.0004001214255495711	-0.010658116432876286	-0.00041928428136506213	-0.00012987908800621284	0.011995900424875527
-0.0007843547393249217	0.0014472077586700216	-0.005537049288452112	0.0001504838273191922	-0.01053329763376154	0.0002672191137673696	-6.746968844817403e-05	0.010872531232840377
0.0007134708500546871	0.0008855231626527793	-0.004725727094205379	0.0005873496242223553	-0.010470888234203946	0.0011409507075721415	0.00018216790978153874	0.010810121833282782
-0.0008467641388829605	1.1791568848451561e-05	-0.006036324484912203	8.807442776248564e-05	-0.010845344631548848	0.0009537225088995793	-0.00019228848756380756	0.010872531232840377
0.0006510614504970924	0.0010727513613255635	-0.004725727094205379	0.0005249402246647605	-0.010346069435088756	0.0008289037097843899	0.00018216790978153874	0.012307947422662835
-0.00047230774153761423	0.0020713017542453027	-0.0027910357079230508	0.0005249402246647605	-0.011219801028893528	-0.001293015875169612	-0.00037951668623614765	0.01237035682222043
0.0003390144527095629	0.0025705769507051723	-0.0035399485026130773	0.0004625308251067217	-0.010720525832433436	-0.0013554252747274287	0.00011975851022372197	0.01424263880894494
-0.0005971265406523596	0.004380449537872533	-0.0015428477167733767	0.0004625308251067217	-0.011469438627123463	-0.0020419286698598604	-0.00012987908800621284	0.014554685806732026
-0.000534717141095209	0.004817315334774364	-0.0026662169088080834	0.0004001214255495711	-0.011219801028893528	-0.001293015875169612	0.00018216790978153874	0.01467950460584766
0.0005886520509394977	0.004193221339199749	-0.0030406733061529856	0.0004001214255495711	-0.011531848026681057	-0.0011057876764970498	-6.746968844817403e-05	0.013743363612485293
-0.0007219453397677711	0.0031322615467228587	-0.0038519955004001627	0.0001504838273191922	-0.011781485624911214	-0.00041928428136506213	-0.0002546978871209582	0.012682403820007737
0.0009006990487274713	0.002258529952918087	-0.004663317694647784	0.0008993966220096627	-0.010470888234203946	0.0012657695066868868	0.0004942149075686242	0.010373256036380507
-0.0008467641388829605	0.001384798359112871	-0.004725727094205379	0.0001504838273191922	-0.010346069435088756	0.0008913131093419846	5.7349110666571335e-05	0.010123618438150794
0.0007134708500546871	0.0011975701604405309	-0.004226451897745287	0.0004625308251067217	-0.009472337841283984	0.0009537225088995793	5.7349110666571335e-05	0.010498074835495697
-0.0006595359402099543	0.0016968453569001785	-0.004226451897745287	0.0005249402246647605	-0.00940992844172639	-4.482788402038196e-05	0.00011975851022372197	0.011309397029743318
0.0007134708500546871	0.0026953957498201397	-0.0022293511119058085	0.0001504838273191922	-0.010158841236416416	-0.0009809688773827485	-0.00019228848756380756	0.012120719223990495
0.0005886520509394977	0.003881174341412441	-0.0020421229132334684	0.00033771202599197636	-0.009846794238628664	-0.001293015875169612	-6.746968844817403e-05	0.012682403820007737
-0.0003474889424228689	0.004942134133889997	-0.0004194785247386701	0.0006497590237792839	-0.009347519042169239	-0.0009809688773827485	0.0003069867088962841	0.013556135413812509
0.0005886520509394977	0.0040059931405271865	-0.0017924853150030895	0.0004001214255495711	-0.009909203638186037	-0.0011681970760550886	-5.060288891467479e-06	0.012557585020892326
-0.0006595359402099543	0.003444308544510166	-0.0026662169088080834	0.00027530262643438164	-0.009472337841283984	-0.0003568748818079115	5.7349110666571335e-05	0.010622893634610886
0.0006510614504970924	0.003069852147165264	-0.002541398109693338	0.0004001214255495711	-0.009721975439513475	-0.00016964668313512732	0.0003693961084538788	0.01024843723726554
-0.00047230774153761423	0.0021337111538028974	-0.0034775391030550384	0.0006497590237792839	-0.009472337841283984	0.0008289037097843899	-6.746968844817403e-05	0.008813021047443304
0.00046383325182430823	0.0012599795599981256	-0.00428886129730266	0.0004001214255495711	-0.008973062644824337	0.001016131908457396	5.7349110666571335e-05	0.00875061164788593
-0.000534717141095209	0.0013223889595552762	-0.003415129703497888	0.0004625308251067217	-0.008723425046593958	0.0008913131093419846	5.7349110666571335e-05	0.008563383449213147
-0.0006595359402099543	0.0017592547564579952	-0.0028534451074802014	0.0004001214255495711	-0.008723425046593958	0.0005168567119973044	-5.060288891467479e-06	0.009499524442575735
0.0005886520509394977	0.002445758151589983	-0.001480438317215782	0.00033771202599197636	-0.010034022437301449	-0.00041928428136506213	-5.060288891467479e-06	0.011059759431513161
-0.0006595359402099543	0.003007442747607225	-0.0018548947145609063	0.00027530262643438164	-0.011407029227565868	-0.0006065124800371802	-0.00012987908800621284	0.013056860217352861
0.0007134708500546871	0.003943583740970036	-0.0011059819198706577	0.0006497590237792839	-0.011469438627123463	-0.0007313312791528137	0.00018216790978153874	0.014429867007617725
-0.0006595359402099543	0.004318040138314938	-0.0011059819198706577	0.0002128932268767869	-0.012155942022255894	-0.0012306064756122392	-0.00019228848756380756	0.013119269616910456
0.00046383325182430823	0.0035067179440668728	-0.0024165793105777045	0.0001504838273191922	-0.011469438627123463	-0.0003568748818079115	-5.060288891467479e-06	0.012495175621335619
-0.0005971265406523596	0.003693946142739657	-0.002104532312790619	0.0006497590237792839	-0.011282210428451123	-0.0002944654822498727	0.00024457730933913346	0.011371806429300468
0.0007758802496118378	0.0031322615467228587	-0.0041016330986300975	2.5665028204890916e-05	-0.011094982229778783	-4.482788402038196e-05	-0.0002546978871209582	0.009686752641248075
0.000526242651381903	0.0016344359573428058	-0.0037271767012854173	0.0005249402246647605	-0.010283660035531161	0.0005168567119973044	-6.746968844817403e-05	0.009437115043018363
-0.0003474889424228689	0.0016968453569001785	-0.0030406733061529856	0.0007745778228949174	-0.009971613037743854	0.0013281789062444815	0.00043180550801102946	0.010186027837708389
0.00046383325182430823	0.0007607043635380339	-0.004476089495975	0.0002128932268767869	-0.011407029227565868	0.0004544473124397097	-0.0002546978871209582	0.009374705643461212
-0.0006595359402099543	0.0015720265577856551	-0.002915854507037796	0.0004001214255495711	-0.011344619828008717	0.0005792661115548992	-5.060288891467479e-06	0.010872531232840377
0.0007758802496118378	0.0017592547564579952	-0.0022293511119058085	0.0005249402246647605	-0.011469438627123463	-4.482788402038196e-05	-5.060288891467479e-06	0.010997350031955566
-0.0005971265406523596	0.001821664156015368	-0.002728626308365678	0.0002128932268767869	-0.010595707033318691	-0.0009809688773827485	-0.00019228848756380756	0.010747712433725631
0.00046383325182430823	0.002258529952918087	-0.0014180289176586314	0.0005249402246647605	-0.010346069435088756	-0.0006065124800371802	0.00018216790978153874	0.011246987630185723
-0.0004098983419804636	0.0029450333480500746	-0.0019797135136758737	0.0002128932268767869	-0.010470888234203946	-0.0010433782769403432	-0.00019228848756380756	0.009998799639035605
-0.0007219453397677711	0.002820214548934885	-0.001043572520313285	0.00033771202599197636	-0.009846794238628664	-0.000668921879595441	-6.746968844817403e-05	0.009749162040806114
0.0007758802496118378	0.0023209393524747934	-0.001667666515888122	0.0005873496242223553	-0.009472337841283984	-0.0002944654822498727	0.00018216790978153874	0.008937839846558937
-0.0007219453397677711	0.0013223889595552762	-0.003165492105268175	0.00027530262643438164	-0.009472337841283984	7.999091509480749e-05	-0.00012987908800621284	0.007939289453638754
0.000526242651381903	0.000947932562210374	-0.0026662169088080834	0.0002128932268767869	-0.009347519042169239	0.0002672191137673696	-0.00019228848756380756	0.007752061254966414
-0.00047230774153761423	0.0008231137630951846	-0.0028534451074802014	0.0005873496242223553	-0.008910653245266298	0.0012657695066868868	0.00018216790978153874	0.007440014257178884
0.0007758802496118378	0.0005110667653080991	-0.002978263906595391	0.0006497590237792839	-0.008286559249691905	0.000392037912882115	-0.00012987908800621284	0.0075648330562940735
-0.0007219453397677711	0.0008855231626527793	-0.0017300759154457168	0.0005249402246647605	-0.008161740450576715	7.999091509480749e-05	-0.00012987908800621284	0.008126517652311316
0.0006510614504970924	0.0013223889595552762	-0.0005442973238538595	0.0004625308251067217	-0.007163190057656754	1.7581515537212766e-05	0.00018216790978153874	0.008813021047443304
0.000526242651381903	0.003257080345837604	0.0004542530690663238	0.0004001214255495711	-0.007787284053232035	-0.0011057876764970498	-5.060288891467479e-06	0.008875430447001342
-0.0005971265406523596	0.0031946709462795653	7.979667172142157e-05	0.0004001214255495711	-0.007600055854559029	-0.0009185594778251538	0.00011975851022372197	0.009000249246115644
0.000526242651381903	0.003069852147165264	-0.00023225032606610796	0.0004001214255495711	-0.007163190057656754	-0.0011057876764970498	-0.00012987908800621284	0.007939289453638754
-0.0004098983419804636	0.003444308544510166	0.0005166624686239185	0.0007121684233368786	-0.006351867863409577	-0.00048169368092265685	0.0003693961084538788	0.00637905446470155
0.000526242651381903	0.0016968453569001785	-0.001480438317215782	0.0004625308251067217	-0.0071007806580991595	-0.00023205608269272204	-5.060288891467479e-06	0.006004598067356426
-0.0005971265406523596	0.0011351607608829362	-0.001917304114118279	0.00033771202599197636	-0.0064766866625247665	0.001203360107129292	5.7349110666571335e-05	0.005505322870896334
0.0006510614504970924	0.0005734761648656939	-0.001667666515888122	0.0005249402246647605	-0.006164639664737237	0.001889863502262168	0.00018216790978153874	0.005630141670011746
-0.000534717141095209	-5.0617830709143163e-05	-0.0022293511119058085	0.00033771202599197636	-0.006726324260754257	0.0013905883058020763	-0.00012987908800621284	0.005692551069568896
-0.0007843547393249217	0.0012599795599981256	-0.001043572520313285	0.00027530262643438164	-0.007787284053232035	0.0010785413080149908	-0.00012987908800621284	0.007190376658948505
0.0006510614504970924	0.001821664156015368	-0.001043572520313285	0.0005249402246647605	-0.008286559249691905	0.0005792661115548992	-5.060288891467479e-06	0.00837615525054125
-0.0005971265406523596	0.0033194897453949768	0.00020461547083661102	0.0004001214255495711	-0.008161740450576715	1.7581515537212766e-05	0.00018216790978153874	0.00956193384213333
0.000526242651381903	0.003881174341412441	0.0003918436695089511	0.0004001214255495711	-0.009097881443939082	-0.0011057876764970498	-0.0002546978871209582	0.0100612090385932
-0.0003474889424228689	0.003943583740970036	0.00020461547083661102	0.0007745778228949174	-0.008036921651461526	0.0002048097142097749	-0.00019228848756380756	0.008313745850983656
0.00046383325182430823	0.0031322615467228587	-0.00029465972562348064	0.00027530262643438164	-0.008286559249691905	0.0002048097142097749	-0.00012987908800621284	0.007627242455851224
-0.0007219453397677711	0.0025705769507051723	-0.001043572520313285	0.0005249402246647605	-0.008161740450576715	0.0015154071049172657	0.00011975851022372197	0.006878329661161198
0.0006510614504970924	0.0011351607608829362	-0.0027910357079230508	0.00027530262643438164	-0.008723425046593958	0.0020146823013773574	-6.746968844817403e-05	0.006628692062931707
0.000526242651381903	-5.0617830709143163e-05	-0.003415129703497888	0.0004001214255495711	-0.010096431836858821	0.002326729299164443	-0.00012987908800621284	0.006815920261603603
-0.0006595359402099543	-0.0001754366298243326	-0.003602357902170672	0.0004001214255495711	-0.010283660035531161	0.0032628702925268094	5.7349110666571335e-05	0.007814470654523564
0.0003390144527095629	0.0006982949639804392	-0.0026038075092504886	0.0001504838273191922	-0.011157391629336377	0.0021395011004916586	-0.00037951668623614765	0.008251336451426061
-0.0006595359402099543	0.001821664156015368	-0.001917304114118279	0.0002128932268767869	-0.011282210428451123	0.001640225904031789	-6.746968844817403e-05	0.010872531232840377
0.0008382896491692104	0.0031322615467228587	-0.0011059819198706577	0.0007745778228949174	-0.010720525832433436	0.0015778165044748604	5.7349110666571335e-05	0.011246987630185723
-0.0006595359402099543	0.004318040138314938	-0.00016984092650851323	0.00027530262643438164	-0.011843895024468809	-0.00048169368092265685	-0.0003171072866785529	0.010622893634610886
0.000526242651381903	0.003881174341412441	-0.0007939349220833503	0.0004625308251067217	-0.010845344631548848	0.0007664943102272392	0.00018216790978153874	0.010435665435938546
-0.000534717141095209	0.0035691273436253557	-0.001480438317215782	0.00027530262643438164	-0.011344619828008717	0.0005792661115548992	-0.0002546978871209582	0.008875430447001342
-0.00047230774153761423	0.0015096171582276163	-0.0024789887101357433	0.0005873496242223553	-0.011157391629336377	0.0021395011004916586	0.0003069867088962841	0.008563383449213147
0.00027660505315241224	1.1791568848451561e-05	-0.0041016330986300975	8.807442776248564e-05	-0.0120935326226983	0.0022019105000492534	-0.00037951668623614765	0.007190376658948505
-0.00047230774153761423	0.00013661036796297488	-0.002978263906595391	0.0004625308251067217	-0.011656666825796247	0.0034500984911993715	0.00018216790978153874	0.007876880054081159
0.0004014238522676017	-0.00048748362761186215	-0.0038519955004001627	0.00033771202599197636	-0.012717626618273581	0.003387689091641777	-0.00019228848756380756	0.00956193384213333
-0.0004098983419804636	0.0008231137630951846	-0.0027910357079230508	0.0005873496242223553	-0.012343170220928235	0.004011783087216392	-0.0002546978871209582	0.010622893634610886
0.00046383325182430823	0.0016344359573428058	-0.001917304114118279	0.0002128932268767869	-0.014901955602785621	0.0032004608929692147	0.00011975851022372197	0.012619994420450364
-0.000534717141095209	0.0029450333480500746	-0.0015428477167733767	0.0004625308251067217	-0.015338821399687896	0.00295082329473928	-5.060288891467479e-06	0.013244088416024757
0.0006510614504970924	0.004068402540084781	-0.00029465972562348064	0.0004625308251067217	-0.015151593201015112	0.002888413895181685	0.00011975851022372197	0.013743363612485293
0.0006510614504970924	0.003943583740970036	-0.0017300759154457168	0.0004001214255495711	-0.015151593201015112	0.0026387762969517503	-5.060288891467479e-06	0.012682403820007737
-0.0007219453397677711	0.0033194897453949768	-0.0020421229132334684	0.00027530262643438164	-0.014153042808095151	0.00313805149341162	-0.00019228848756380756	0.011434215828858063
0.0007758802496118378	0.002820214548934885	-0.0018548947145609063	0.0007121684233368786	-0.01284244541738877	0.003512507890756522	0.00024457730933913346	0.010186027837708389
-0.0005971265406523596	0.0013223889595552762	-0.0032279015048257698	0.00033771202599197636	-0.012343170220928235	0.0036373266898717116	0.00011975851022372197	0.008064108252753721
0.000526242651381903	0.0008855231626527793	-0.002978263906595391	0.00033771202599197636	-0.011906304424025516	0.0036373266898717116	0.0003069867088962841	0.008625792848771185
-0.0004098983419804636	0.000947932562210374	-0.0021669417123482138	0.0005873496242223553	-0.01221835142181349	0.0032628702925268094	-0.0003171072866785529	0.008064108252753721
0.0003390144527095629	0.00032383856663531496	-0.0031030827057105803	0.0004625308251067217	-0.011594257426238652	0.0038245548885440517	0.00018216790978153874	0.009686752641248075
-0.00047230774153761423	0.0018840735555729626	-0.0006691161229686049	0.0007121684233368786	-0.01228076082137064	0.003512507890756522	0.0003069867088962841	0.010747712433725631
-0.0009091735384396671	0.0026953957498201397	-0.0017300759154457168	-3.674437135270381e-05	-0.013029673616060666	0.0030756420938544693	-0.00037951668623614765	0.010872531232840377
0.0007134708500546871	0.0037563555422972517	-0.0005442973238538595	0.0005873496242223553	-0.012530398419600797	0.0036373266898717116	0.00018216790978153874	0.011621444027530847
-0.0007843547393249217	0.0033818991449525715	-0.0012932101185429978	0.0002128932268767869	-0.012904854816945477	0.003325279692084182	-0.00012987908800621284	0.010872531232840377
0.0004014238522676017	0.002632986350262545	-0.002354169911020554	0.00033771202599197636	-0.01228076082137064	0.003512507890756522	-0.0002546978871209582	0.008813021047443304
-0.00047230774153761423	0.0025081675511475776	-0.0014180289176586314	0.0005249402246647605	-0.01053329763376154	0.003949373687658797	0.00011975851022372197	0.007377604857621289
0.0005886520509394977	0.0012599795599981256	-0.002291760511462959	0.0005249402246647605	-0.009534747240841579	0.0032628702925268094	0.00011975851022372197	0.006691101462488858
-0.0005971265406523596	0.0007607043635380339	-0.0027910357079230508	0.0005249402246647605	-0.009097881443939082	0.0030132326942964305	0.00011975851022372197	0.006254235665586805
0.0007134708500546871	0.0006982949639804392	-0.0018548947145609063	0.0002128932268767869	-0.009846794238628664	0.00295082329473928	-0.00012987908800621284	0.006566282663374112
0.0005886520509394977	0.0007607043635380339	-0.001667666515888122	0.00033771202599197636	-0.010034022437301449	0.00295082329473928	-6.746968844817403e-05	0.006940739060718792
-0.0005971265406523596	0.002008892354687708	-0.0005442973238538595	0.0004001214255495711	-0.010658116432876286	0.0032628702925268094	-5.060288891467479e-06	0.008313745850983656
0.0007758802496118378	0.002383348752032388	-0.0007315255225257555	0.0006497590237792839	-0.011656666825796247	0.0036997360894293063	0.00018216790978153874	0.009312296243903617
-0.0009091735384396671	0.002258529952918087	-0.0013556195181010366	2.5665028204890916e-05	-0.012467989020043646	0.004011783087216392	-0.0002546978871209582	0.009749162040806114
0.0006510614504970924	0.0031322615467228587	-0.0006691161229686049	0.0005249402246647605	-0.012717626618273581	0.004323830085003699	0.0003069867088962841	0.009873980839920415
-0.0004098983419804636	0.0025081675511475776	-0.0014180289176586314	0.0007121684233368786	-0.01221835142181349	0.004074192486774431	-0.0002546978871209582	0.007876880054081159
0.00027660505315241224	0.0015720265577856551	-0.0024165793105777045	0.0001504838273191922	-0.011219801028893528	0.003512507890756522	-0.00019228848756380756	0.007252786058506544
-0.0006595359402099543	0.0016968453569001785	-0.002354169911020554	0.0005873496242223553	-0.010595707033318691	0.0036373266898717116	0.00011975851022372197	0.006878329661161198
-0.0005971265406523596	0.000947932562210374	-0.0019797135136758737	0.0004625308251067217	-0.009846794238628664	0.003574917290314561	0.00018216790978153874	0.0065038732638160734
0.0006510614504970924	0.0006358855644228445	-0.0015428477167733767	0.0004625308251067217	-0.010221250635973567	0.0030756420938544693	-5.060288891467479e-06	0.00619182626602921
-0.0007219453397677711	-5.0617830709143163e-05	-0.002541398109693338	0.0002128932268767869	-0.010470888234203946	0.002888413895181685	-0.00012987908800621284	0.006129416866471615
0.000526242651381903	0.0005110667653080991	-0.001667666515888122	0.0004001214255495711	-0.010221250635973567	0.0030132326942964305	-0.00019228848756380756	0.007502423656736035
-0.00047230774153761423	0.0011351607608829362	-0.0007315255225257555	0.0005873496242223553	-0.010346069435088756	0.0036997360894293063	-0.00019228848756380756	0.007377604857621289
0.00046383325182430823	0.0007607043635380339	-0.0018548947145609063	0.00027530262643438164	-0.011781485624911214	0.004511058283676483	-0.00012987908800621284	0.008064108252753721
-0.0006595359402099543	0.0016344359573428058	-0.0012308007189858472	0.0004625308251067217	-0.012592807819157947	0.004760695881906418	-5.060288891467479e-06	0.008438564650098845
0.0006510614504970924	0.002008892354687708	-0.001480438317215782	0.0006497590237792839	-0.01221835142181349	0.005821655674383752	0.0003693961084538788	0.008875430447001342
0.0004014238522676017	0.0016344359573428058	-0.0016052571163305274	0.0001504838273191922	-0.012530398419600797	0.004823105281463791	-0.0003171072866785529	0.007502423656736035
-0.0006595359402099543	0.0018840735555729626	-0.0015428477167733767	0.0004001214255495711	-0.01221835142181349	0.004885514681021386	-6.746968844817403e-05	0.007689651855408375
0.0008382896491692104	0.0013223889595552762	-0.0020421229132334684	0.0007745778228949174	-0.011282210428451123	0.00494792408057898	0.0003693961084538788	0.007315195458063695
-0.0008467641388829605	0.000947932562210374	-0.0018548947145609063	0.0001504838273191922	-0.011344619828008717	0.004511058283676483	-0.00012987908800621284	0.006441463864258923
0.0005886520509394977	0.0003862479661929097	-0.002104532312790619	0.00027530262643438164	-0.011531848026681057	0.004074192486774431	-5.060288891467479e-06	0.006753510862046452
-0.0005971265406523596	0.0004486573657509485	-0.0022293511119058085	0.0004625308251067217	-0.010096431836858821	0.004885514681021386	0.00024457730933913346	0.006878329661161198
0.0007134708500546871	0.0008855231626527793	-0.0007315255225257555	0.00033771202599197636	-0.010658116432876286	0.004760695881906418	-5.060288891467479e-06	0.007252786058506544
-0.0006595359402099543	0.0011351607608829362	-0.0014180289176586314	0.00027530262643438164	-0.010845344631548848	0.004823105281463791	-0.00019228848756380756	0.007190376658948505
-0.00047230774153761423	0.0025081675511475776	0.00020461547083661102	0.0005249402246647605	-0.010096431836858821	0.0051351522792517645	0.00024457730933913346	0.007939289453638754
0.00046383325182430823	0.002008892354687708	-0.000856344321640945	0.0002128932268767869	-0.010970163430664037	0.004448648884118889	-0.00012987908800621284	0.007315195458063695
-0.0006595359402099543	0.002196120553360048	-0.0009187537211985397	0.00033771202599197636	-0.010283660035531161	0.005010333480136131	-6.746968844817403e-05	0.007252786058506544
0.0007758802496118378	0.002632986350262545	1.738727216382685e-05	0.0007121684233368786	-0.009472337841283984	0.004823105281463791	0.00024457730933913346	0.006566282663374112
-0.0007219453397677711	0.0015096171582276163	-0.0013556195181010366	0.0002128932268767869	-0.009971613037743854	0.004511058283676483	-5.060288891467479e-06	0.006067007466914021
0.0005886520509394977	0.0012599795599981256	-0.0017300759154457168	0.0005873496242223553	-0.008536196847921618	0.00494792408057898	0.00011975851022372197	0.005942188667798831
-0.000534717141095209	0.0010103419617677467	-0.000856344321640945	0.0004001214255495711	-0.009097881443939082	0.004448648884118889	-6.746968844817403e-05	0.005380504071781589
0.0005886520509394977	1.1791568848451561e-05	-0.0018548947145609063	0.0002128932268767869	-0.008723425046593958	0.004885514681021386	-0.0002546978871209582	0.0052556852726668435
0.0010255178478419946	0.0011351607608829362	-0.00016984092650851323	0.0009618060215668134	-0.00797451225190482	0.00563442747571119	0.0005566243071262189	0.00619182626602921
-0.0007843547393249217	0.00032383856663531496	-0.001480438317215782	8.807442776248564e-05	-0.009160290843496677	0.004573467683234078	-0.0002546978871209582	0.005630141670011746
0.000526242651381903	0.0010103419617677467	-0.0006691161229686049	0.0002128932268767869	-0.008286559249691905	0.004323830085003699	-0.00019228848756380756	0.005380504071781589
-0.0005971265406523596	0.0020713017542453027	0.00026702487039420575	0.0004625308251067217	-0.007787284053232035	0.003949373687658797	-6.746968844817403e-05	0.005630141670011746
0.0008382896491692104	0.0016968453569001785	-0.00016984092650851323	0.0008993966220096627	-0.006975961858984636	0.004074192486774431	-0.00019228848756380756	0.004381953678862072
-0.0007843547393249217	0.0013223889595552762	-0.00016984092650851323	8.807442776248564e-05	-0.0064766866625247665	0.0023891386987215935	-0.0003171072866785529	0.003820269082843941
0.00046383325182430823	0.001384798359112871	-0.00029465972562348064	0.0007121684233368786	-0.005041270472701864	0.00313805149341162	0.0004942149075686242	0.004132316080631693
-0.0003474889424228689	0.0008855231626527793	-0.0007939349220833503	0.00033771202599197636	-0.0047916328744723735	0.0022019105000492534	-6.746968844817403e-05	0.002634490491252084
-0.0007219453397677711	0.0001990197675205696	-0.0009187537211985397	0.00027530262643438164	-0.004854042274029524	0.0019522729018193186	-5.060288891467479e-06	0.0026968998908096786
0.00046383325182430823	-0.0006123024267263855	-0.0018548947145609063	0.0001504838273191922	-0.005041270472701864	0.002077091700934952	-0.00037951668623614765	0.002197624694350031
-0.0004098983419804636	0.0005110667653080991	-0.00010743152695091851	0.0005873496242223553	-0.003855491881110007	0.0026387762969517503	0.00024457730933913346	0.003008946888596764
0.0003390144527095629	0.00013661036796297488	-0.000856344321640945	0.0001504838273191922	-0.004854042274029524	0.0012657695066868868	-0.0002546978871209582	0.0026968998908096786
-0.0006595359402099543	7.42009684056022e-05	-0.0007939349220833503	0.0002128932268767869	-0.004105129479339942	0.0017650447031469785	5.7349110666571335e-05	0.002384852893022371
0.0007134708500546871	0.0010103419617677467	0.0003918436695089511	0.0005873496242223553	-0.0026697132895174835	0.0005168567119973044	0.0003069867088962841	0.0023224434934643323
-0.00047230774153761423	0.0006982949639804392	0.00026702487039420575	0.0001504838273191922	-0.002170438093057614	-0.0003568748818079115	-0.0002546978871209582	0.0008246179040851676
0.00046383325182430823	-0.00030025542893952206	0.0005166624686239185	8.807442776248564e-05	-0.0010470689010231293	-0.0011681970760550886	-0.0002546978871209582	0.0002629333080677032
0.0009006990487274713	0.0001990197675205696	0.0004542530690663238	0.0007121684233368786	-0.0003605655058902535	-0.0012306064756122392	0.00043180550801102946	0.0004501615067395992
-0.0008467641388829605	-0.0003626648284971168	-0.00023225032606610796	0.0002128932268767869	-0.00029815610633310285	-0.0015426534733999908	-0.00019228848756380756	-0.00042357008706472854
0.0005886520509394977	0.00013661036796297488	0.0006414812677382198	0.0002128932268767869	0.0004507566883569236	-0.002104338069417011	-0.00019228848756380756	-0.001796576877329148
-0.000534717141095209	7.42009684056022e-05	0.00026702487039420575	0.0005249402246647605	0.0007628036861440091	-0.0018547004711875203	0.00011975851022372197	-0.0007980264844096308
0.0007758802496118378	-5.0617830709143163e-05	0.0004542530690663238	0.0005873496242223553	0.0015741258803911862	-0.0018547004711875203	-5.060288891467479e-06	-0.0008604358839676696
-0.0005971265406523596	0.0004486573657509485	0.0010159376650837881	0.00027530262643438164	0.0009500318848167932	-0.0024787944667623574	-0.00019228848756380756	-0.0009852546830819708
0.0005886520509394977	-0.0001754366298243326	0.00020461547083661102	0.0007121684233368786	0.0026350856728689642	-0.001729881672072331	0.0003693961084538788	-0.0005483888861803621
-0.00047230774153761423	0.0001990197675205696	0.001452803461986285	0.00033771202599197636	0.0023854480746388074	-0.0036645730583542147	-6.746968844817403e-05	-0.0014221204799846898
-0.0007843547393249217	-0.00023784602938192734	0.0008911188659685987	0.00027530262643438164	0.002510266873753997	-0.003352526060567129	-0.00019228848756380756	-0.0015469392790996572
0.0007758802496118378	7.42009684056022e-05	0.0021393068571182727	0.0006497590237792839	0.004320139460921357	-0.003227707261452384	0.0003069867088962841	-0.001983805076001932
-0.0006595359402099543	0.0006358855644228445	0.002076897457561344	0.0002128932268767869	0.004382548860478508	-0.005224808047291862	-6.746968844817403e-05	-0.0023582614733470564
0.000526242651381903	-0.00011302723026673789	0.0013279846628710956	0.0004001214255495711	0.0037584548649032268	-0.004538304652159431	-0.00012987908800621284	-0.0014845298795420625
-0.0003474889424228689	0.0005110667653080991	0.002326535055791057	0.0007745778228949174	0.004819414657380783	-0.0032901166610090904	-0.00012987908800621284	-0.002046214475559527
0.0005886520509394977	0.0004486573657509485	0.001452803461986285	0.00027530262643438164	0.002884723271098455	-0.0019795192703022657	-5.060288891467479e-06	-0.0012973016808695004
-0.0006595359402099543	-0.0003626648284971168	0.0005166624686239185	0.0007121684233368786	0.003508817266673736	-0.001480244073842396	0.0003069867088962841	-0.0012973016808695004
0.0007758802496118378	0.0002614291670781643	0.0003294342699509123	8.807442776248564e-05	0.0017613540790637483	-0.0019795192703022657	-0.0003171072866785529	-0.0012348922813123497
0.0007134708500546871	-0.00030025542893952206	0.00020461547083661102	0.0004001214255495711	0.0013244882821616955	-0.00023205608269272204	5.7349110666571335e-05	-0.0005483888861803621
-0.0006595359402099543	0.0005734761648656939	0.0013279846628710956	0.0004625308251067217	0.001449307081276885	0.00014240031465218017	-5.060288891467479e-06	1.3295709837546354e-05
0.0008382896491692104	0.000947932562210374	0.001452803461986285	0.0007121684233368786	0.0008252130857016038	-0.00048169368092265685	0.00024457730933913346	0.0005125709062971939
-0.0007219453397677711	-5.0617830709143163e-05	0.0009535282655261934	0.0002128932268767869	0.00013870969056917204	-0.00016964668313512732	-6.746968844817403e-05	0.0007622085045271287
0.0005886520509394977	0.0010727513613255635	0.0020144880580037494	0.0005873496242223553	0.0004507566883569236	-0.00041928428136506213	0.00024457730933913346	0.0012614837009872204
-0.00047230774153761423	0.0011975701604405309	0.0015152128615438798	0.0005249402246647605	-0.0011718877001378747	0.00032962851332452026	-0.00019228848756380756	0.0008870273036427623
0.00046383325182430823	-0.00011302723026673789	0.0005790718681815132	0.00033771202599197636	-0.0010470689010231293	0.0007040849106700886	-5.060288891467479e-06	0.0013238931005452592
-0.0006595359402099543	0.0008855231626527793	-0.00010743152695091851	0.0005249402246647605	-0.0026697132895174835	0.0017650447031469785	5.7349110666571335e-05	0.001760758897447312
-0.0007219453397677711	-0.0003626648284971168	-0.0007939349220833503	0.00033771202599197636	-0.003605854282880294	0.004074192486774431	-5.060288891467479e-06	0.0023224434934643323
0.0007134708500546871	0.0007607043635380339	-0.00035706912518107536	0.0004625308251067217	-0.004479585876684844	0.004386239484561294	0.00011975851022372197	0.002821718689924424
-0.0005971265406523596	0.0005110667653080991	-0.0011059819198706577	0.0004625308251067217	-0.006227049064294832	0.005572018076153595	-5.060288891467479e-06	0.004007497281516725
0.0006510614504970924	0.0004486573657509485	-0.0006691161229686049	0.0006497590237792839	-0.0064766866625247665	0.006570568469073779	0.00018216790978153874	0.004444363078419666
-0.0008467641388829605	0.0011975701604405309	-0.00023225032606610796	8.807442776248564e-05	-0.007412827655887133	0.0053223804779236605	-0.00019228848756380756	0.005006047674436465
0.0005886520509394977	0.000947932562210374	-0.0006067067234105661	0.0004001214255495711	-0.00797451225190482	0.006445749669958811	0.00024457730933913346	0.005879779268241236
-0.00047230774153761423	0.0014472077586700216	0.00026702487039420575	0.0001504838273191922	-0.009472337841283984	0.00525997107836651	-0.00037951668623614765	0.005567732270454373
0.00046383325182430823	0.0016968453569001785	-0.0011059819198706577	0.00033771202599197636	-0.010782935231991031	0.006570568469073779	-0.00012987908800621284	0.006566282663374112
0.0007758802496118378	0.0011351607608829362	-0.0012308007189858472	0.0006497590237792839	-0.011032572830220744	0.008442850455798068	0.00018216790978153874	0.006940739060718792
-0.0006595359402099543	0.0010727513613255635	-0.0017300759154457168	0.00033771202599197636	-0.012467989020043646	0.009254172650045245	-5.060288891467479e-06	0.007190376658948505
0.0004014238522676017	-0.0001754366298243326	-0.003789586100842568	0.0001504838273191922	-0.01440268040632553	0.010439951241637768	-0.0004419260857932983	0.0071279672593911325
-0.00047230774153761423	0.0005734761648656939	-0.0028534451074802014	0.0006497590237792839	-0.01427786160721034	0.012561870826591992	0.0003069867088962841	0.008563383449213147
0.000526242651381903	0.0008231137630951846	-0.0027910357079230508	0.00027530262643438164	-0.01627496239305004	0.012811508424822593	0.00011975851022372197	0.009749162040806114
-0.000534717141095209	0.0007607043635380339	-0.003165492105268175	0.0004001214255495711	-0.01696146578818225	0.012873917824379744	-0.0003171072866785529	0.009374705643461212
0.0003390144527095629	0.001384798359112871	-0.0026662169088080834	0.0005873496242223553	-0.016649418790395165	0.013373193020839613	0.00024457730933913346	0.010560484235053291
-0.0004098983419804636	0.002383348752032388	-0.0026038075092504886	0.00033771202599197636	-0.017148693986855035	0.012561870826591992	-0.0002546978871209582	0.009936390239478898
-0.00047230774153761423	0.0021337111538028974	-0.001480438317215782	0.0005873496242223553	-0.016025324794820772	0.012998736623494933	0.00018216790978153874	0.010123618438150794
0.0005886520509394977	0.001821664156015368	-0.0020421229132334684	0.0004001214255495711	-0.017023875187739845	0.012624280226149587	-6.746968844817403e-05	0.009873980839920415
-0.0007219453397677711	0.0010727513613255635	-0.0035399485026130773	0.00027530262643438164	-0.017398331585084748	0.013123555422610123	-0.00012987908800621284	0.009811571440363265
0.0007134708500546871	0.0010727513613255635	-0.002978263906595391	0.0004625308251067217	-0.017148693986855035	0.014434152813316947	-6.746968844817403e-05	0.009936390239478898
-0.0005971265406523596	0.0007607043635380339	-0.0034775391030550384	0.00033771202599197636	-0.017960016181102434	0.015120656208449601	-0.00019228848756380756	0.00956193384213333
0.00046383325182430823	0.0003862479661929097	-0.004788136493762529	0.00033771202599197636	-0.017398331585084748	0.016556072398271615	0.00018216790978153874	0.01024843723726554
-0.00047230774153761423	0.0011975701604405309	-0.0032279015048257698	0.00027530262643438164	-0.018147244379774774	0.015744750204023994	-0.00012987908800621284	0.009998799639035605
0.0005886520509394977	0.000947932562210374	-0.003602357902170672	0.00027530262643438164	-0.01733592218552804	0.015432703206236908	-0.00012987908800621284	0.0100612090385932
0.0007758802496118378	0.002196120553360048	-0.0018548947145609063	0.0007121684233368786	-0.016337371792607858	0.014933428009777261	0.00018216790978153874	0.009998799639035605
-0.0007843547393249217	0.0016344359573428058	-0.002728626308365678	8.807442776248564e-05	-0.01683664698906795	0.013747649418184515	-0.0002546978871209582	0.00956193384213333
0.0005886520509394977	0.001821664156015368	-0.002915854507037796	0.0005873496242223553	-0.015775687196590393	0.013185964822167717	-6.746968844817403e-05	0.009187477444788428
-0.00047230774153761423	0.0018840735555729626	-0.0017924853150030895	0.0004001214255495711	-0.01471472740411306	0.013185964822167717	0.00011975851022372197	0.008188927051868466
0.0006510614504970924	0.0008855231626527793	-0.0030406733061529856	0.00033771202599197636	-0.014964365002343216	0.012312233228362945	0.00011975851022372197	0.007939289453638754
-0.000534717141095209	0.0008231137630951846	-0.003415129703497888	0.0004625308251067217	-0.013466539412963163	0.013248374221724868	0.00024457730933913346	0.007689651855408375
0.0008382896491692104	0.0007607043635380339	-0.0026038075092504886	8.807442776248564e-05	-0.014589908604997648	0.012998736623494933	-0.0002546978871209582	0.007502423656736035
-0.0008467641388829605	-0.0001754366298243326	-0.0037271767012854173	0.00027530262643438164	-0.01452749920544072	0.013498011819954803	-0.00012987908800621284	0.0075648330562940735
-0.000534717141095209	0.0011351607608829362	-0.002354169911020554	0.0005249402246647605	-0.014777136803670432	0.014746199811104477	5.7349110666571335e-05	0.008438564650098845
0.0008382896491692104	0.0013223889595552762	-0.0026662169088080834	0.0007121684233368786	-0.014901955602785621	0.014246924614644385	0.00024457730933913346	0.00875061164788593
-0.0007843547393249217	0.0016344359573428058	-0.0026038075092504886	8.807442776248564e-05	-0.014340271006767935	0.013185964822167717	-0.00019228848756380756	0.008001698853196126
0.0006510614504970924	0.0023209393524747934	-0.0015428477167733767	0.0005873496242223553	-0.013840995810308288	0.012811508424822593	-5.060288891467479e-06	0.008126517652311316
-0.000534717141095209	0.0017592547564579952	-0.002354169911020554	0.0005249402246647605	-0.013404130013405569	0.012000186230574972	-0.00019228848756380756	0.006940739060718792
0.000526242651381903	0.0012599795599981256	-0.0026038075092504886	0.0002128932268767869	-0.013092083015618039	0.011563320433672475	-6.746968844817403e-05	0.006940739060718792
-0.0006595359402099543	0.0010727513613255635	-0.002354169911020554	0.0007121684233368786	-0.013029673616060666	0.011625729833230514	0.0003069867088962841	0.006878329661161198
0.0008382896491692104	0.0003862479661929097	-0.003602357902170672	8.807442776248564e-05	-0.013341720613848418	0.011750548632344815	-0.0002546978871209582	0.00619182626602921
0.0004014238522676017	-5.0617830709143163e-05	-0.0032903109043824763	0.00027530262643438164	-0.014153042808095151	0.01224982382880535	-0.00037951668623614765	0.00637905446470155
-0.0004098983419804636	0.0003862479661929097	-0.0032903109043824763	0.0005873496242223553	-0.013716177011193542	0.012998736623494933	0.0003069867088962841	0.007252786058506544
0.000526242651381903	0.0010103419617677467	-0.0026038075092504886	0.0004625308251067217	-0.01427786160721034	0.013248374221724868	-0.00019228848756380756	0.0071279672593911325
-0.0004098983419804636	0.0015720265577856551	-0.002104532312790619	0.0005873496242223553	-0.015026774401900811	0.014246924614644385	0.00024457730933913346	0.00837615525054125
0.0003390144527095629	0.000947932562210374	-0.003602357902170672	2.5665028204890916e-05	-0.016337371792607858	0.013435602420397208	-6.746968844817403e-05	0.00837615525054125
-0.000534717141095209	0.0017592547564579952	-0.002291760511462959	0.0002128932268767869	-0.01608773419437748	0.0139348776168573	-5.060288891467479e-06	0.008126517652311316
0.0005886520509394977	0.0015096171582276163	-0.0028534451074802014	0.0004625308251067217	-0.014964365002343216	0.013310783621282463	0.00018216790978153874	0.0075648330562940735
-0.000534717141095209	0.0007607043635380339	-0.003165492105268175	0.0001504838273191922	-0.01471472740411306	0.012561870826591992	-0.0002546978871209582	0.00637905446470155
-0.00047230774153761423	0.0005110667653080991	-0.0032903109043824763	0.0005249402246647605	-0.014777136803670432	0.012998736623494933	0.00011975851022372197	0.0071279672593911325
0.0005886520509394977	1.1791568848451561e-05	-0.004039223699072947	0.0004625308251067217	-0.014589908604997648	0.012437052027477247	5.7349110666571335e-05	0.006566282663374112
-0.0006595359402099543	0.00032383856663531496	-0.002728626308365678	0.00033771202599197636	-0.014340271006767935	0.013123555422610123	-5.060288891467479e-06	0.006691101462488858
0.0003390144527095629	7.42009684056022e-05	-0.003602357902170672	0.0002128932268767869	-0.01552604959836068	0.012686689625707626	-0.0004419260857932983	0.007440014257178884
-0.000534717141095209	0.0006982949639804392	-0.003165492105268175	0.0005873496242223553	-0.01452749920544072	0.013185964822167717	-0.00012987908800621284	0.007315195458063695
0.000526242651381903	0.0008855231626527793	-0.0024789887101357433	0.00027530262643438164	-0.01590050599570514	0.01412210581552964	-6.746968844817403e-05	0.007689651855408375
-0.0005971265406523596	0.0008855231626527793	-0.0031030827057105803	0.0005873496242223553	-0.015151593201015112	0.014621381011989287	5.7349110666571335e-05	0.007627242455851224
0.0006510614504970924	0.0010103419617677467	-0.0026038075092504886	0.00027530262643438164	-0.014901955602785621	0.014558971612431693	-0.00012987908800621284	0.007502423656736035
0.0007134708500546871	0.0006982949639804392	-0.003352720303940515	0.0004001214255495711	-0.014964365002343216	0.013685240018627365	-6.746968844817403e-05	0.0071279672593911325
-0.0006595359402099543	0.0007607043635380339	-0.0032279015048257698	0.0002128932268767869	-0.013466539412963163	0.013123555422610123	-5.060288891467479e-06	0.006628692062931707
0.0006510614504970924	0.0011975701604405309	-0.0022293511119058085	0.0005249402246647605	-0.012592807819157947	0.012437052027477247	-5.060288891467479e-06	0.00619182626602921
-0.000534717141095209	0.0007607043635380339	-0.0027910357079230508	0.0005249402246647605	-0.011843895024468809	0.011313682835442984	0.00024457730933913346	0.005505322870896334
0.0007134708500546871	0.000947932562210374	-0.0026662169088080834	0.0004625308251067217	-0.011344619828008717	0.0103151324425228	-6.746968844817403e-05	0.005879779268241236
-0.0007219453397677711	0.000947932562210374	-0.0019797135136758737	0.0004001214255495711	-0.011968713823583554	0.011126454636770422	5.7349110666571335e-05	0.006254235665586805
0.0006510614504970924	0.0006982949639804392	-0.002978263906595391	0.0002128932268767869	-0.011531848026681057	0.01143850163455773	-0.00012987908800621284	0.005942188667798831
-0.0007219453397677711	0.0006358855644228445	-0.0021669417123482138	0.0004001214255495711	-0.011594257426238652	0.011937776831017599	-5.060288891467479e-06	0.005942188667798831
-0.0005971265406523596	0.0003862479661929097	-0.0032279015048257698	0.0004001214255495711	-0.011094982229778783	0.01125127343588539	-5.060288891467479e-06	0.005942188667798831
0.0007134708500546871	0.0006358855644228445	-0.0021669417123482138	0.0005873496242223553	-0.009784384839071514	0.011064045237212383	0.00011975851022372197	0.005380504071781589
-0.0007843547393249217	0.0005734761648656939	-0.001917304114118279	0.0001504838273191922	-0.009971613037743854	0.010127904243850905	-0.0003171072866785529	0.004943638274879314
0.0006510614504970924	0.0008231137630951846	-0.0022293511119058085	0.0006497590237792839	-0.008973062644824337	0.008754897453585597	5.7349110666571335e-05	0.004194725480189732
-0.00047230774153761423	0.0012599795599981256	-0.0007315255225257555	0.0005249402246647605	-0.007225599457214349	0.008005984658895793	-5.060288891467479e-06	0.003820269082843941
0.0006510614504970924	0.001384798359112871	-0.0007315255225257555	0.0004625308251067217	-0.007600055854559029	0.005384789877481255	-0.00019228848756380756	0.0037578596832867905
-0.0008467641388829605	0.0010103419617677467	-0.0016052571163305274	0.0007745778228949174	-0.0071007806580991595	0.0068202060673037135	0.0003693961084538788	0.004319544279304033
0.0009006990487274713	0.001384798359112871	-0.001480438317215782	0.0004001214255495711	-0.008973062644824337	0.007818756460223675	-5.060288891467479e-06	0.004569181877534412
0.0005886520509394977	7.42009684056022e-05	-0.0028534451074802014	0.0004001214255495711	-0.010470888234203946	0.008942125652258381	-0.00012987908800621284	0.004881228875321719
-0.00047230774153761423	0.00013661036796297488	-0.0021669417123482138	0.0005873496242223553	-0.011656666825796247	0.012062595630132567	0.00018216790978153874	0.006254235665586805
0.0006510614504970924	-0.0001754366298243326	-0.002915854507037796	0.0004001214255495711	-0.014340271006767935	0.013810058817742554	5.7349110666571335e-05	0.006940739060718792
-0.0007843547393249217	-0.00023784602938192734	-0.003789586100842568	0.00027530262643438164	-0.015276412000130302	0.014746199811104477	-0.00019228848756380756	0.007689651855408375
0.0006510614504970924	0.0005110667653080991	-0.0024165793105777045	0.0004001214255495711	-0.015151593201015112	0.015183065608006974	-5.060288891467479e-06	0.008064108252753721
-0.0005971265406523596	0.0008231137630951846	-0.0026662169088080834	0.0004001214255495711	-0.0157132777970328	0.013560421219512175	-0.0002546978871209582	0.0075648330562940735
0.00046383325182430823	0.000947932562210374	-0.003352720303940515	0.0004001214255495711	-0.015276412000130302	0.01418451521508679	5.7349110666571335e-05	0.008001698853196126
-0.000534717141095209	0.0016344359573428058	-0.0032903109043824763	0.00027530262643438164	-0.01677423758950991	0.01412210581552964	-0.00012987908800621284	0.007939289453638754
-0.0008467641388829605	0.00013661036796297488	-0.004413680096417849	-3.674437135270381e-05	-0.0168990563886251	0.013373193020839613	-0.0003171072866785529	0.007440014257178884
0.0008382896491692104	0.0002614291670781643	-0.003165492105268175	0.0007121684233368786	-0.016212552993492668	0.015183065608006974	0.0003069867088962841	0.007876880054081159
-0.000534717141095209	-0.0003626648284971168	-0.00428886129730266	0.0004001214255495711	-0.01683664698906795	0.014995837409334856	0.00018216790978153874	0.008064108252753721
0.0007758802496118378	-0.00048748362761186215	-0.0045384988955330385	0.00033771202599197636	-0.01683664698906795	0.014871018610219666	-5.060288891467479e-06	0.008625792848771185
-0.0006595359402099543	-0.0001754366298243326	-0.0034775391030550384	0.00027530262643438164	-0.017523150384199937	0.016743300596944177	0.00011975851022372197	0.009125068045230833
0.0007758802496118378	0.0004486573657509485	-0.003602357902170672	0.0005873496242223553	-0.01827206317888952	0.0171177569942893	-0.00012987908800621284	0.009187477444788428
-0.0007219453397677711	0.0006358855644228445	-0.0032903109043824763	0.0004625308251067217	-0.018209653779332813	0.016743300596944177	-0.00012987908800621284	0.009249886844346022
0.0005886520509394977	0.0015720265577856551	-0.002915854507037796	0.0005249402246647605	-0.01758555978375753	0.015869569003139183	0.00018216790978153874	0.009062658645673238
0.000526242651381903	0.0013223889595552762	-0.002915854507037796	0.00027530262643438164	-0.01671182818995276	0.014434152813316947	-0.00012987908800621284	0.008188927051868466
-0.0006595359402099543	0.001384798359112871	-0.002541398109693338	0.00033771202599197636	-0.01639978119216523	0.01412210581552964	-0.00012987908800621284	0.008126517652311316
0.0008382896491692104	0.0006982949639804392	-0.0032903109043824763	0.0007121684233368786	-0.016150143593935073	0.013997287016414894	0.0003693961084538788	0.008313745850983656
-0.0010339923375553006	1.1791568848451561e-05	-0.003914404899957757	-0.00016156317046789326	-0.016649418790395165	0.013248374221724868	-0.0004419260857932983	0.008126517652311316
0.0008382896491692104	0.00013661036796297488	-0.002978263906595391	0.0005873496242223553	-0.016462190591722825	0.015058246808891784	-6.746968844817403e-05	0.00837615525054125
-0.0006595359402099543	-0.00011302723026673789	-0.0041016330986300975	0.0004001214255495711	-0.01658700939083757	0.01611920660136934	0.00018216790978153874	0.008563383449213147
0.0007134708500546871	0.0005110667653080991	-0.002978263906595391	0.0004001214255495711	-0.017460740984642342	0.0171177569942893	5.7349110666571335e-05	0.009187477444788428
-0.0005971265406523596	0.000947932562210374	-0.003352720303940515	0.0004001214255495711	-0.01777278798242965	0.016680891197386805	-0.00012987908800621284	0.009125068045230833
-0.000534717141095209	0.0021337111538028974	-0.0022293511119058085	0.0005249402246647605	-0.01652459999128042	0.016680891197386805	5.7349110666571335e-05	0.009312296243903617
0.000526242651381903	0.0016968453569001785	-0.002541398109693338	0.00027530262643438164	-0.016649418790395165	0.015058246808891784	-0.00012987908800621284	0.008438564650098845
-0.0005971265406523596	0.0015720265577856551	-0.0031030827057105803	0.00027530262643438164	-0.015214002600572707	0.013685240018627365	-5.060288891467479e-06	0.008001698853196126
0.0006510614504970924	0.0016968453569001785	-0.002354169911020554	0.0005249402246647605	-0.013965814609423033	0.012811508424822593	5.7349110666571335e-05	0.006815920261603603
-0.0005971265406523596	0.0007607043635380339	-0.0028534451074802014	0.00033771202599197636	-0.013840995810308288	0.011937776831017599	0.00011975851022372197	0.006129416866471615
0.0006510614504970924	7.42009684056022e-05	-0.0034775391030550384	0.0004001214255495711	-0.012904854816945477	0.011812958031902854	5.7349110666571335e-05	0.006441463864258923
-0.00047230774153761423	-5.0617830709143163e-05	-0.002541398109693338	0.0007121684233368786	-0.013528948812520758	0.012187414429247756	0.00024457730933913346	0.006815920261603603
0.0007758802496118378	-0.0001754366298243326	-0.0032903109043824763	2.5665028204890916e-05	-0.014652318004555465	0.012312233228362945	-0.0003171072866785529	0.006815920261603603
0.0006510614504970924	0.0005734761648656939	-0.0022293511119058085	0.0004001214255495711	-0.015401230799245047	0.01412210581552964	-5.060288891467479e-06	0.007814470654523564
-0.0006595359402099543	0.0010727513613255635	-0.002728626308365678	0.0004001214255495711	-0.0168990563886251	0.015557522005351654	-0.00012987908800621284	0.008875430447001342
0.0007134708500546871	0.0013223889595552762	-0.002915854507037796	0.0005249402246647605	-0.0168990563886251	0.016306434800042124	0.00011975851022372197	0.009125068045230833
-0.00047230774153761423	0.0016344359573428058	-0.002541398109693338	0.0004001214255495711	-0.01658700939083757	0.016493662998714465	0.00011975851022372197	0.008001698853196126
0.00046383325182430823	0.0008855231626527793	-0.0036647673017278226	0.0004001214255495711	-0.016337371792607858	0.015432703206236908	0.00011975851022372197	0.007003148460275943
-0.000534717141095209	0.0008231137630951846	-0.0034775391030550384	0.0004625308251067217	-0.013466539412963163	0.011875367431460004	-0.00037951668623614765	0.0052556852726668435
0.0003390144527095629	0.0002614291670781643	-0.003415129703497888	0.0004625308251067217	-0.012592807819157947	0.010939226438098082	0.00018216790978153874	0.005505322870896334
-0.00047230774153761423	7.42009684056022e-05	-0.0031030827057105803	0.0004001214255495711	-0.012155942022255894	0.009441400848718029	-0.00012987908800621284	0.004756410076206752
-0.0004098983419804636	0.00032383856663531496	-0.001667666515888122	0.0007121684233368786	-0.011531848026681057	0.010127904243850905	0.0003693961084538788	0.005692551069568896
0.0004014238522676017	-0.00042507422805382333	-0.0028534451074802014	0.0001504838273191922	-0.012655217218715986	0.008817306853143192	-0.0003171072866785529	0.005130866473551654
-0.0007843547393249217	0.00013661036796297488	-0.002104532312790619	0.0001504838273191922	-0.012530398419600797	0.00994067604517812	-0.0002546978871209582	0.005879779268241236
0.0008382896491692104	0.0008855231626527793	-0.0014180289176586314	0.0007121684233368786	-0.013279311214290823	0.011563320433672475	0.0003069867088962841	0.006815920261603603
-0.0009091735384396671	-5.0617830709143163e-05	-0.0031030827057105803	-3.674437135270381e-05	-0.015276412000130302	0.012000186230574972	5.7349110666571335e-05	0.007315195458063695
0.0007134708500546871	0.0006982949639804392	-0.0024165793105777045	0.0005249402246647605	-0.014901955602785621	0.013373193020839613	0.00024457730933913346	0.007440014257178884
-0.00047230774153761423	0.0008855231626527793	-0.0022293511119058085	0.0002128932268767869	-0.014964365002343216	0.012187414429247756	-0.0002546978871209582	0.00637905446470155
0.000526242651381903	-5.0617830709143163e-05	-0.002541398109693338	0.0001504838273191922	-0.013591358212077909	0.011126454636770422	-0.00019228848756380756	0.005692551069568896
0.0008382896491692104	0.000947932562210374	-0.0017300759154457168	0.000836987222452068	-0.012904854816945477	0.010939226438098082	0.00024457730933913346	0.005942188667798831
-0.0005971265406523596	0.0005110667653080991	-0.0022293511119058085	0.0004625308251067217	-0.012717626618273581	0.009566219647833218	5.7349110666571335e-05	0.005692551069568896
0.00027660505315241224	0.00013661036796297488	-0.0018548947145609063	-3.674437135270381e-05	-0.013341720613848418	0.008942125652258381	-0.0004419260857932983	0.004756410076206752
-0.0004098983419804636	0.0007607043635380339	-0.0012308007189858472	0.0005873496242223553	-0.013716177011193542	0.010627179440310552	0.00024457730933913346	0.006878329661161198
0.0007134708500546871	0.0005110667653080991	-0.001917304114118279	0.0005873496242223553	-0.01452749920544072	0.011001635837655233	-0.00012987908800621284	0.007689651855408375
-0.0006595359402099543	0.0003862479661929097	-0.001917304114118279	8.807442776248564e-05	-0.017460740984642342	0.014309334014202424	-0.00012987908800621284	0.008251336451426061
0.0006510614504970924	0.0004486573657509485	-0.002354169911020554	0.0004625308251067217	-0.017710378582872277	0.015807159603582033	-5.060288891467479e-06	0.009125068045230833
-0.0006595359402099543	0.0005734761648656939	-0.0020421229132334684	0.0006497590237792839	-0.01708628458729744	0.015931978402696556	0.00024457730933913346	0.009125068045230833
-0.0007219453397677711	0.0010103419617677467	-0.0024789887101357433	0.0002128932268767869	-0.01721110338641263	0.015432703206236908	-0.00012987908800621284	0.008813021047443304
0.00046383325182430823	0.0010727513613255635	-0.002978263906595391	0.00027530262643438164	-0.01627496239305004	0.013685240018627365	-0.00019228848756380756	0.007752061254966414
-0.00028507954286527415	0.001821664156015368	-0.0013556195181010366	0.000836987222452068	-0.01440268040632553	0.013373193020839613	0.0004942149075686242	0.008001698853196126
0.00046383325182430823	0.0005734761648656939	-0.0026038075092504886	0.0002128932268767869	-0.015401230799245047	0.011625729833230514	-0.0002546978871209582	0.006691101462488858
-0.0007219453397677711	0.0005734761648656939	-0.0026038075092504886	0.00033771202599197636	-0.014340271006767935	0.010751998239425298	0.00024457730933913346	0.006815920261603603
0.0007134708500546871	0.0005110667653080991	-0.0015428477167733767	0.0007745778228949174	-0.01421545220765319	0.011313682835442984	-6.746968844817403e-05	0.006878329661161198
-0.0005971265406523596	-5.0617830709143163e-05	-0.002541398109693338	0.0011490342202391535	-0.014589908604997648	0.012312233228362945	0.00011975851022372197	0.007440014257178884
0.0007134708500546871	-0.0001754366298243326	-0.0019797135136758737	0.0013362624189117156	-0.015338821399687896	0.014496562212874986	0.00024457730933913346	0.008500974049655552
0.00046383325182430823	0.0001990197675205696	-0.002978263906595391	0.0008993966220096627	-0.01733592218552804	0.014746199811104477	-0.0003171072866785529	0.00837615525054125
-0.0007219453397677711	0.000947932562210374	-0.0026038075092504886	0.0011490342202391535	-0.01708628458729744	0.015869569003139183	-5.060288891467479e-06	0.009187477444788428
0.0008382896491692104	0.0017592547564579952	-0.0017924853150030895	0.0013986718184693103	-0.01652459999128042	0.015495112605794503	0.00011975851022372197	0.009125068045230833
-0.0007843547393249217	0.0010727513613255635	-0.0027910357079230508	0.0007121684233368786	-0.016337371792607858	0.013997287016414894	-0.0002546978871209582	0.007003148460275943
0.0006510614504970924	0.0014472077586700216	-0.0022293511119058085	0.001086624820682447	-0.014340271006767935	0.012561870826591992	0.0003069867088962841	0.006691101462488858
-0.0004098983419804636	0.001384798359112871	-0.0012932101185429978	0.0009618060215668134	-0.013154492415175856	0.00950381024827518	-0.0004419260857932983	0.004881228875321719
0.00027660505315241224	-0.00011302723026673789	-0.002915854507037796	0.0007121684233368786	-0.011407029227565868	0.009378991449160434	0.0003069867088962841	0.005318094672223994
-0.0004098983419804636	0.0003862479661929097	-0.0019797135136758737	0.0005249402246647605	-0.011344619828008717	0.009004535051815754	-0.00012987908800621284	0.004694000676649157
-0.0004098983419804636	-0.00023784602938192734	-0.001917304114118279	0.0007121684233368786	-0.01053329763376154	0.009066944451373349	0.00024457730933913346	0.005006047674436465
0.000526242651381903	-0.00030025542893952206	-0.0018548947145609063	0.00033771202599197636	-0.010782935231991031	0.008630078654470852	-0.0002546978871209582	0.004444363078419666
-0.0007843547393249217	0.00032383856663531496	-0.001480438317215782	0.00033771202599197636	-0.011469438627123463	0.009566219647833218	-0.00019228848756380756	0.0052556852726668435
0.0007758802496118378	0.0005734761648656939	-0.0014180289176586314	0.0005873496242223553	-0.011781485624911214	0.01006549484429331	0.00011975851022372197	0.006004598067356426
-0.0006595359402099543	0.0012599795599981256	-0.001043572520313285	0.0004001214255495711	-0.011781485624911214	0.01006549484429331	-0.0003171072866785529	0.0052556852726668435
0.0005886520509394977	0.001384798359112871	-0.0012308007189858472	0.00027530262643438164	-0.01053329763376154	0.009066944451373349	0.0003069867088962841	0.0052556852726668435
-0.0004098983419804636	0.0013223889595552762	-0.0012932101185429978	0.0004625308251067217	-0.00940992844172639	0.006945024866418903	-5.060288891467479e-06	0.0035706314846148945
0.000526242651381903	0.0006982949639804392	-0.0015428477167733767	0.0005249402246647605	-0.008536196847921618	0.006258521471286471	0.00011975851022372197	0.0031337656877119535
0.0005886520509394977	-0.0006123024267263855	-0.002354169911020554	0.0004625308251067217	-0.00809933105101912	0.004885514681021386	-0.0002546978871209582	0.0020728058952348416
-0.0004098983419804636	-0.0003626648284971168	-0.000856344321640945	0.0007745778228949174	-0.006726324260754257	0.005010333480136131	0.0003069867088962841	0.0021352152947919922
0.0003390144527095629	-0.0012988058218590393	-0.001480438317215782	0.00033771202599197636	-0.007225599457214349	0.004011783087216392	-0.0003171072866785529	0.0011990743014300698
-0.0006595359402099543	-0.0005498930271692348	-0.0011683913194284745	0.0005873496242223553	-0.00591500206650708	0.003949373687658797	-5.060288891467479e-06	0.0015111212992171552
0.0007758802496118378	7.42009684056022e-05	-0.00016984092650851323	0.0007745778228949174	-0.004854042274029524	0.0036373266898717116	-6.746968844817403e-05	0.0013238931005452592
-0.0006595359402099543	0.0002614291670781643	-0.00016984092650851323	0.0005873496242223553	-0.003855491881110007	0.0023891386987215935	-0.00012987908800621284	0.0006997991049699781
0.000526242651381903	0.00013661036796297488	-0.00010743152695091851	0.0007745778228949174	-0.0027321226890750783	0.001452997705359671	-5.060288891467479e-06	0.0005125709062971939
-0.0005971265406523596	0.0008855231626527793	0.00026702487039420575	0.0008993966220096627	-0.0016711628965975223	0.0006416755111116057	5.7349110666571335e-05	-0.0004859794866218792
-0.000534717141095209	-0.00011302723026673789	-4.5022127393767875e-05	0.0007121684233368786	7.630029101157731e-05	-0.0009185594778251538	5.7349110666571335e-05	-0.001609348678657252
0.0007758802496118378	-0.0001754366298243326	0.0003918436695089511	0.0010242154211248522	0.0021982198759664673	-0.0028532508641070375	0.00018216790978153874	-0.003107174268036861
-0.0007843547393249217	-0.0012988058218590393	0.00026702487039420575	0.0004625308251067217	0.0035712266662313308	-0.004039029455699561	-0.00012987908800621284	-0.004417771658744352
0.0006510614504970924	-0.0008619400249567644	0.0007663000668538533	0.0007121684233368786	0.005817965050300522	-0.006098539641096634	-5.060288891467479e-06	-0.005853187848566366
-0.0008467641388829605	-0.0003626648284971168	0.0013903940624289124	0.0007121684233368786	0.007253381240122758	-0.006909861835344255	0.00043180550801102946	-0.005291503252548679
0.0009631084482843999	1.1791568848451561e-05	0.002076897457561344	0.0011490342202391535	0.007128562441007569	-0.007097090034016373	-0.00019228848756380756	-0.005416322051663869
-0.0007219453397677711	1.1791568848451561e-05	0.0017648504597733705	0.000836987222452068	0.00563073685162796	-0.005786492643309105	5.7349110666571335e-05	-0.004043315261398783
0.0006510614504970924	0.0008231137630951846	0.0019520786584457106	0.000836987222452068	0.002884723271098455	-0.0029156602636646323	0.00024457730933913346	-0.001983805076001932
0.00046383325182430823	0.0006982949639804392	0.0011407564641985335	0.0005249402246647605	-0.001546344097483221	-0.00023205608269272204	-0.00019228848756380756	-0.000111523089277199
-0.0007219453397677711	0.0010103419617677467	0.0006414812677382198	0.0004625308251067217	-0.006975961858984636	0.0038245548885440517	-0.00012987908800621284	0.0031961750872695482
0.0007134708500546871	0.0006982949639804392	1.738727216382685e-05	0.000836987222452068	-0.012592807819157947	0.009129353850930944	5.7349110666571335e-05	0.006441463864258923
-0.00047230774153761423	0.0006982949639804392	-0.00035706912518107536	0.0011490342202391535	-0.01590050599570514	0.013560421219512175	0.0003069867088962841	0.009624343241690925
0.0005886520509394977	0.0005110667653080991	-0.0012932101185429978	0.0005249402246647605	-0.019832298167827167	0.015869569003139183	0.00011975851022372197	0.011808672226202743
-0.000534717141095209	0.0008231137630951846	-0.0019797135136758737	0.0007121684233368786	-0.022578311748356672	0.01892762958145644	0.00011975851022372197	0.012307947422662835
0.0007134708500546871	0.001384798359112871	-0.0020421229132334684	8.807442776248564e-05	-0.024825050132425863	0.02023822697216371	-0.0002546978871209582	0.013056860217352861
-0.0008467641388829605	0.0015720265577856551	-0.002354169911020554	0.0004625308251067217	-0.026260466322248766	0.021361596164198415	5.7349110666571335e-05	0.014305048208502535
-0.0006595359402099543	0.0025705769507051723	-0.0018548947145609063	0.0004001214255495711	-0.02688456031782316	0.02229773715756056	-0.00012987908800621284	0.015178779802307307
0.0007134708500546871	0.002632986350262545	-0.0021669417123482138	0.0004625308251067217	-0.027695882512070336	0.022235327758003187	5.7349110666571335e-05	0.015553236199651987
-0.0005971265406523596	0.0023209393524747934	-0.0018548947145609063	0.00033771202599197636	-0.027820701311185525	0.022672193554905684	5.7349110666571335e-05	0.015802873797882366
0.0005886520509394977	0.0019464829551301133	-0.0024165793105777045	0.0004001214255495711	-0.028257567108088244	0.021736052561542873	-6.746968844817403e-05	0.015678054998767177
-0.0005971265406523596	0.0017592547564579952	-0.002728626308365678	0.0005873496242223553	-0.02838238590720321	0.02229773715756056	-0.0002546978871209582	0.01492914220407715
0.00046383325182430823	0.00032383856663531496	-0.003352720303940515	0.0002128932268767869	-0.028257567108088244	0.021860871360658507	-6.746968844817403e-05	0.01474191400540481
-0.0006595359402099543	0.0008855231626527793	-0.0038519955004001627	0.0005249402246647605	-0.027446244913840845	0.022734602954462835	0.00011975851022372197	0.01424263880894494
0.0007134708500546871	0.0007607043635380339	-0.0026662169088080834	0.0005873496242223553	-0.02607323812357598	0.021860871360658507	0.00024457730933913346	0.014180229409387568
0.000526242651381903	0.002383348752032388	-0.0021669417123482138	0.0001504838273191922	-0.0254491441280007	0.019926179974375735	-0.0002546978871209582	0.012432766221778024
-0.0007219453397677711	0.002820214548934885	-0.0016052571163305274	0.00033771202599197636	-0.023951318538621535	0.019052448380571185	-0.00012987908800621284	0.012807222619122927
0.0008382896491692104	0.004193221339199749	-0.001043572520313285	0.0006497590237792839	-0.022016627152339208	0.016493662998714465	0.0003069867088962841	0.011871081625760116
-0.0007843547393249217	0.002820214548934885	-0.0006067067234105661	0.0001504838273191922	-0.02083084856074713	0.014995837409334856	-0.0002546978871209582	0.00875061164788593
0.0004014238522676017	0.0029450333480500746	-0.001667666515888122	0.0001504838273191922	-0.01895856657402195	0.011376092235000135	0.00024457730933913346	0.007502423656736035
-0.00047230774153761423	0.002008892354687708	-0.0006691161229686049	0.0005249402246647605	-0.01402822400898085	0.008193212857567689	-0.0002546978871209582	0.005630141670011746
0.00046383325182430823	0.0001990197675205696	-0.001917304114118279	0.00027530262643438164	-0.012343170220928235	0.0070074342659756095	-6.746968844817403e-05	0.004319544279304033
-0.0006595359402099543	7.42009684056022e-05	-0.0011059819198706577	0.0004625308251067217	-0.011282210428451123	0.007693937661108041	-6.746968844817403e-05	0.004069906681074542
-0.000534717141095209	0.0004486573657509485	-0.0009187537211985397	0.0005873496242223553	-0.010658116432876286	0.0063833402704009945	0.00018216790978153874	0.004132316080631693
0.0006510614504970924	-0.0003626648284971168	1.738727216382685e-05	0.000836987222452068	-0.010782935231991031	0.0074443000628785505	-5.060288891467479e-06	0.004132316080631693
-0.0005971265406523596	0.0012599795599981256	-0.00035706912518107536	0.0007121684233368786	-0.01040847883464635	0.006258521471286471	-5.060288891467479e-06	0.004569181877534412
0.0007134708500546871	0.0015720265577856551	0.0006414812677382198	0.0013362624189117156	-0.009971613037743854	0.006570568469073779	5.7349110666571335e-05	0.003882678482401536
-0.0007219453397677711	0.0011351607608829362	0.00026702487039420575	0.0015234906175840557	-0.009285109642611866	0.006757796667746119	0.00011975851022372197	0.0026968998908096786
0.0007758802496118378	0.0019464829551301133	-0.0006067067234105661	0.002085175213601964	-0.007038371258541565	0.004635877082791673	-0.0002546978871209582	0.0014487118996595605
-0.0007843547393249217	1.1791568848451561e-05	-0.0007315255225257555	0.0015859000171420945	-0.004292357678012726	0.0021395011004916586	0.0003069867088962841	0.00013811450895251376
0.0007758802496118378	0.0005110667653080991	-0.0004818879242962648	0.001086624820682447	-0.0010470689010231293	-4.482788402038196e-05	5.7349110666571335e-05	-0.002171033274674272
0.0005886520509394977	-0.000924349424513915	0.0006414812677382198	0.0011490342202391535	0.004008092463133162	-0.004226257654372345	-6.746968844817403e-05	-0.005291503252548679
-0.0005971265406523596	0.0010103419617677467	0.003325085448710574	0.0007745778228949174	0.008376750432157687	-0.008969372020741107	5.7349110666571335e-05	-0.007538241636618759
0.0005886520509394977	0.0011975701604405309	0.004573273439860692	0.0007121684233368786	0.01043626061755476	-0.012401888996402821	-0.00012987908800621284	-0.008287154431308341
-0.000534717141095209	0.0036315367431825063	0.0055718238327806535	0.0007745778228949174	0.012308542604279271	-0.015397540175162261	0.00011975851022372197	-0.008973657826440773
0.00046383325182430823	0.0027578051493777345	0.006320736627470236	0.0007121684233368786	0.012807817800739363	-0.014523808581357045	0.0003069867088962841	-0.009223295424670708
-0.00047230774153761423	0.0025705769507051723	0.005134958035878157	0.001086624820682447	0.01492973738569403	-0.01471103678002983	0.00011975851022372197	-0.010658711614493166
0.0006510614504970924	0.0005110667653080991	0.0022641256562339063	0.0007121684233368786	0.014492871588791756	-0.011216110404810742	-5.060288891467479e-06	-0.010658711614493166
-0.0005971265406523596	-0.002422175013893968	-0.002291760511462959	0.0009618060215668134	0.01399359639233122	-0.009780694214988284	0.00018216790978153874	-0.011033168011837624
-0.0007219453397677711	-0.006603604784245931	-0.002728626308365678	0.0007745778228949174	0.013806368193659324	-0.008470096824281015	5.7349110666571335e-05	-0.011095577411395663
0.0006510614504970924	-0.006229148386900807	-0.0009811631207556903	0.000836987222452068	0.014056005791889259	-0.008844553221625917	0.00011975851022372197	-0.011095577411395663
-0.000534717141095209	-0.0037951818041588314	0.002888219651808299	0.0010242154211248522	0.01511696558436637	-0.009531056616758349	0.00024457730933913346	-0.010471483415820382
0.000526242651381903	-0.0007995306253991696	0.005883870830567739	0.0005873496242223553	0.01655238177418883	-0.01321321119065022	-0.00019228848756380756	-0.010159436418033074
-0.000534717141095209	0.004255630738757565	0.008130609214637374	0.0007745778228949174	0.0174261133679936	-0.01664572816631238	-0.00012987908800621284	-0.010346664616705192
0.0005886520509394977	0.004879724734332402	0.009253978406672303	0.0007121684233368786	0.01524178438348156	-0.013712486387109868	0.0003693961084538788	-0.009410523623343492
-0.0003474889424228689	0.005815865727694547	0.007444105819505387	0.0007121684233368786	0.01180926740781918	-0.010966472806580807	-0.00019228848756380756	-0.00990979881980314
0.00046383325182430823	0.003069852147165264	-0.001480438317215782	0.0013986718184693103	0.01012421361976723	-0.006036130241539039	0.00018216790978153874	-0.009098476625555962
0.0006510614504970924	-0.004232047601061106	-0.0057866868866824905	0.0018355376153715852	0.008563978630830471	-0.004475895252601614	0.00011975851022372197	-0.008724020228210838
-0.0005971265406523596	-0.007414926978493108	-0.006348371482700177	0.0018355376153715852	0.007690247037025699	-0.0016050628729571415	0.00011975851022372197	-0.007850288634406066
0.0005886520509394977	-0.007539745777607854	-0.003976814299514908	0.0016483094166992451	0.006941334242335229	-0.0017922910716299256	-6.746968844817403e-05	-0.007038966440158667
-0.0006595359402099543	-0.004232047601061106	0.0005790718681815132	0.0017731282158144346	0.006504468445433176	-0.003976620056141522	-5.060288891467479e-06	-0.0025454896720196185
0.0006510614504970924	1.1791568848451561e-05	0.005946280230125334	0.0017731282158144346	0.005880374449858561	-0.006535405437998687	-5.060288891467479e-06	-0.0008604358839676696
-0.0006595359402099543	0.004255630738757565	0.008442656212425126	0.0012114436197967482	0.0031967702688864286	-0.010155150612333186	-0.0003171072866785529	-0.0008604358839676696
0.00046383325182430823	0.005753456328136952	0.008629884411097466	0.002085175213601964	0.0028223138715413043	-0.006785043036228622	0.0004942149075686242	-0.0007356170848522581
-0.0003474889424228689	0.005004543533446926	7.979667172142157e-05	0.001461081218026905	1.389089145442668e-05	-0.003602163658797064	-0.0002546978871209582	-0.0029199460693642987
-0.0005971265406523596	-0.002609403212565864	-0.004788136493762529	0.0022099940127169315	-0.0012967064992530641	0.002451548098279188	0.00011975851022372197	-0.003107174268036861
0.0007134708500546871	-0.005542644991768375	-0.008844747464999081	0.0022724034122745262	-0.002420075691287993	0.00525997107836651	0.00018216790978153874	-0.0034192212658243903
-0.0007219453397677711	-0.007165289380263173	-0.00940643206101699	0.0017731282158144346	-0.0032938072850927647	0.0074443000628785505	-5.060288891467479e-06	-0.0029199460693642987
0.0005886520509394977	-0.005854691989555905	-0.005849096286240085	0.001273853019354343	-0.00323139788553517	0.006320930870843622	-0.0002546978871209582	0.00032534270762529793
-0.000534717141095209	-0.001361215221416634	0.0005790718681815132	0.0015234906175840557	-0.0019208004948279012	0.0030756420938544693	-5.060288891467479e-06	0.00157353069877475
0.0005886520509394977	0.0025705769507051723	0.006258327227913085	0.0013986718184693103	0.0003259378892419562	-0.0066602242371138765	-6.746968844817403e-05	0.002447262292579744
-0.0007219453397677711	0.006252731524597266	0.010002891201361885	0.0011490342202391535	0.0005755754874712249	-0.008095640426936335	-6.746968844817403e-05	0.0025720810916949333
0.0005886520509394977	0.007438510116189345	0.008193018614194525	0.0011490342202391535	0.0003883472887993289	-0.006472996038441092	0.00024457730933913346	0.002010396495677247
0.000526242651381903	0.0025705769507051723	0.002763400852693332	0.0009618060215668134	-0.001733572296155561	-0.0026660226654346975	-0.0002546978871209582	1.3295709837546354e-05
-0.000534717141095209	-0.000924349424513915	-0.002104532312790619	0.0013362624189117156	-0.00304416968686283	0.003387689091641777	5.7349110666571335e-05	-0.0007980264844096308
0.0005886520509394977	-0.0029214502103538376	-0.00591150568579768	0.001273853019354343	-0.004479585876684844	0.006882615466860864	-6.746968844817403e-05	-0.0014845298795420625
-0.0004098983419804636	-0.0029214502103538376	-0.00591150568579768	0.0015859000171420945	-0.004417176477127471	0.00931658204960284	0.0003069867088962841	1.3295709837546354e-05
0.000526242651381903	-0.0012988058218590393	-0.0034775391030550384	0.001086624820682447	-0.0047916328744723735	0.008068394058453388	-5.060288891467479e-06	0.002197624694350031
-0.0005971265406523596	0.002383348752032388	0.0017024410602157758	0.0013362624189117156	-0.0020456192939426465	0.0008289037097843899	0.00011975851022372197	0.003633040884171601
0.0007758802496118378	0.0063151409241544165	0.006507964826142576	0.001086624820682447	-0.0005477937045630377	-0.0039142106565843715	-6.746968844817403e-05	0.004194725480189732
-0.0006595359402099543	0.008374651109551268	0.008754703210212655	0.0012114436197967482	0.0013244882821616955	-0.006972271234901184	-0.0002546978871209582	0.003445812685499705
-0.0004098983419804636	0.006190322125039227	0.0061959178283550465	0.0015859000171420945	0.003508817266673736	-0.0072843182326887135	0.00024457730933913346	0.0021352152947919922
0.0004014238522676017	0.0012599795599981256	0.001265575263313723	0.0013986718184693103	0.0036960454653465202	-0.006098539641096634	-0.00037951668623614765	-0.0014221204799846898
-0.00047230774153761423	-0.0022973562147792226	-0.002541398109693338	0.0018355376153715852	0.004694595858266037	-0.002728432064992292	0.00024457730933913346	-0.003294402466709201
0.0005886520509394977	-0.005230597993981068	-0.005661868087567301	0.0017731282158144346	0.004382548860478508	-0.0006065124800371802	-6.746968844817403e-05	-0.005291503252548679
-0.0005971265406523596	-0.005729873190441159	-0.005973915085354609	0.0017107188162568399	0.004195320661806168	0.001016131908457396	-0.00012987908800621284	-0.004917046855203999
0.00046383325182430823	-0.004356866400176296	-0.0041016330986300975	0.0015234906175840557	0.0030095420702140885	-0.0001072372835775326	0.00043180550801102946	-0.002046214475559527
-0.0003474889424228689	-0.0007995306253991696	1.738727216382685e-05	0.0016483094166992451	0.0019485822777360884	-0.0020419286698598604	0.00011975851022372197	-0.0003611606875075779
0.0007134708500546871	0.0023209393524747934	0.006071099029240301	0.0013986718184693103	0.0011372600834889113	-0.002978069663222227	-5.060288891467479e-06	0.0015111212992171552
0.000526242651381903	0.005004543533446926	0.005883870830567739	0.001273853019354343	0.0005755754874712249	-0.004600714051716803	-0.0003171072866785529	0.0014487118996595605
-0.000534717141095209	0.004193221339199749	0.004635682839418287	0.0016483094166992451	0.0013244882821616955	-0.0037269824579118094	5.7349110666571335e-05	0.001386302500102854
0.0006510614504970924	0.0013223889595552762	0.0013279846628710956	0.0015859000171420945	0.0013244882821616955	-0.0026660226654346975	-5.060288891467479e-06	-0.0003611606875075779
-0.000534717141095209	-0.0014860340205316014	-0.0020421229132334684	0.0016483094166992451	0.0013244882821616955	-0.0011057876764970498	0.00011975851022372197	-0.003668858864054325
0.0005886520509394977	-0.004481685199291041	-0.004788136493762529	0.0015859000171420945	0.0009500318848167932	0.0002048097142097749	0.0003693961084538788	-0.00391849646228426
-0.000534717141095209	-0.005230597993981068	-0.005287411690222621	0.0017107188162568399	0.0013244882821616955	-4.482788402038196e-05	-0.00019228848756380756	-0.004542590457859097
0.00046383325182430823	-0.00541782619265363	-0.0045384988955330385	0.001273853019354343	0.0019485822777360884	-0.0011057876764970498	-0.00012987908800621284	-0.0035440400649391357
-0.0007219453397677711	-0.003483134806371524	0.001265575263313723	0.001461081218026905	0.0028223138715413043	-0.0024787944667623574	0.00018216790978153874	-0.002171033274674272
-0.0007219453397677711	0.0011975701604405309	0.0032626760491534235	0.0010242154211248522	0.002884723271098455	-0.004039029455699561	-6.746968844817403e-05	-0.0014221204799846898
0.00046383325182430823	0.0027578051493777345	0.004198817042515346	0.0010242154211248522	0.0027599044719837096	-0.00572408324375151	-0.0002546978871209582	-0.0012973016808695004
-0.000534717141095209	0.003007442747607225	0.003949179444285411	0.001461081218026905	0.003259179668443579	-0.005349626846406608	0.00011975851022372197	-0.0009228452835243761
0.0006510614504970924	0.0011975701604405309	0.00188966925888856	0.001273853019354343	0.0036960454653465202	-0.0055992644446367645	0.00011975851022372197	-0.0038560870627266652
-0.00047230774153761423	-0.0007995306253991696	-0.00029465972562348064	0.001273853019354343	0.0044449582600356585	-0.005037579848619522	-0.00012987908800621284	-0.005665959649893582
0.0005886520509394977	-0.0034207254068139292	-0.0024165793105777045	0.0013986718184693103	0.0055059180525132145	-0.003851801257027221	0.00024457730933913346	-0.005978006647681111
-0.00047230774153761423	-0.004419275799733446	-0.002915854507037796	0.001086624820682447	0.004507367659593697	-0.003789391857469404	-0.00019228848756380756	-0.006352463045026457
0.00046383325182430823	-0.0050433697953087275	-0.0006691161229686049	0.0010242154211248522	0.0036960454653465202	-0.00341493546012428	-0.00019228848756380756	-0.004792228056089254
0.0006510614504970924	-0.000737121225842019	0.0018272598593309652	0.0011490342202391535	0.0026350856728689642	-0.0030404790627798217	-5.060288891467479e-06	-0.002670308471134364
-0.0005971265406523596	0.0016344359573428058	0.004073998243401045	0.0010242154211248522	0.001636535279948781	-0.002291566268089573	0.00011975851022372197	-0.0005483888861803621
0.0006510614504970924	0.0035691273436253557	0.005259776834993124	0.001086624820682447	0.0005131660879145183	-0.0018547004711875203	5.7349110666571335e-05	0.0008246179040851676
-0.0007843547393249217	0.004255630738757565	0.004947729837205372	0.0007745778228949174	-0.0003605655058902535	-0.001293015875169612	-0.0002546978871209582	0.0014487118996595605
0.0008382896491692104	0.004318040138314938	0.004323635841630535	0.0013362624189117156	1.389089145442668e-05	-4.482788402038196e-05	-0.00012987908800621284	7.570510939514108e-05
-0.0007843547393249217	0.0025081675511475776	0.0017024410602157758	0.0007121684233368786	7.630029101157731e-05	1.7581515537212766e-05	-0.0002546978871209582	-0.001359711080427095
0.000526242651381903	0.0006982949639804392	-0.00023225032606610796	0.0013362624189117156	0.0017613540790637483	0.0005168567119973044	0.0004942149075686242	-0.0014845298795420625
-0.00028507954286527415	-5.0617830709143163e-05	-0.0012308007189858472	0.000836987222452068	0.0019485822777360884	-0.0011057876764970498	-0.00019228848756380756	-0.003294402466709201
-0.0003474889424228689	-0.000737121225842019	0.0003918436695089511	0.001086624820682447	0.0033839984675585466	-0.0016674722725147362	0.0003069867088962841	-0.0026078990715772132
0.0003390144527095629	-5.0617830709143163e-05	0.0015776222611014745	0.0007745778228949174	0.0031343608693283898	-0.0037269824579118094	-0.0003171072866785529	-0.0027951272702491092
-0.0004098983419804636	0.002196120553360048	0.004261226442073385	0.001273853019354343	0.0038208642644608215	-0.003352526060567129	0.0003693961084538788	-0.0006732076852946633
0.000526242651381903	0.0031946709462795653	0.004822911038090183	0.000836987222452068	0.002447857474195958	-0.003976620056141522	-0.00012987908800621284	0.001386302500102854
-0.000534717141095209	0.004318040138314938	0.005072548636320118	0.0009618060215668134	0.0018861728781789378	-0.0026036132658771027	0.00011975851022372197	0.0014487118996595605
0.0007134708500546871	0.0038187649418548464	0.004011588843843006	0.001086624820682447	0.0009500318848167932	-0.00048169368092265685	-6.746968844817403e-05	0.0008246179040851676
-0.0007219453397677711	0.0025081675511475776	0.0017648504597733705	0.0008993966220096627	0.0010748506839313166	-4.482788402038196e-05	-0.00012987908800621284	-0.0006107982857370686
0.0006510614504970924	0.0007607043635380339	-0.0017924853150030895	0.0007121684233368786	0.001449307081276885	0.00014240031465218017	-0.00019228848756380756	-0.0017341674777724414
0.0009006990487274713	-0.001361215221416634	-0.0014180289176586314	0.0013986718184693103	0.0025726762733113695	-4.482788402038196e-05	0.00043180550801102946	-0.002046214475559527
-0.0006595359402099543	-0.0018604904178767256	-0.0011683913194284745	0.000836987222452068	0.002697495072426559	-0.0016050628729571415	-5.060288891467479e-06	-0.002670308471134364
0.0005886520509394977	-0.000924349424513915	0.0004542530690663238	0.0008993966220096627	0.003071951469771239	-0.0031028884623371944	-0.00012987908800621284	-0.0026078990715772132
-0.0006595359402099543	0.0005110667653080991	0.0026385820535781424	0.0010242154211248522	0.0036336360657889255	-0.003851801257027221	0.00018216790978153874	-0.001359711080427095
0.00046383325182430823	0.0014472077586700216	0.003512313647382914	0.0007121684233368786	0.003071951469771239	-0.004787942250389143	0.00024457730933913346	-4.911368972004837e-05
-0.0004098983419804636	0.0026953957498201397	0.004323635841630535	0.0009618060215668134	0.0023230386750816567	-0.0030404790627798217	-6.746968844817403e-05	-0.0002987512879499832
0.00046383325182430823	0.002445758151589983	0.003137857250038234	0.0009618060215668134	0.0018861728781789378	-0.0012306064756122392	5.7349110666571335e-05	1.3295709837546354e-05
-0.000534717141095209	0.0018840735555729626	7.979667172142157e-05	0.0009618060215668134	0.00119966948304695	-0.0002944654822498727	0.00011975851022372197	-0.0007980264844096308
-0.0007843547393249217	-0.0006747118262844243	-0.0017924853150030895	0.0006497590237792839	0.0007628036861440091	7.999091509480749e-05	-0.0002546978871209582	-0.001609348678657252
0.0007134708500546871	-0.001361215221416634	-0.001667666515888122	0.0012114436197967482	0.0011372600834889113	0.00014240031465218017	0.00024457730933913346	-0.001983805076001932
-0.0006595359402099543	-0.0016732622192043856	-0.0015428477167733767	0.000836987222452068	0.0011372600834889113	-0.0009809688773827485	-5.060288891467479e-06	-0.0022958520737892396
0.000526242651381903	-0.0014236246209740067	-0.0004818879242962648	0.000836987222452068	0.0011372600834889113	-0.002166747468974606	-0.00019228848756380756	-0.0010476640826400097
-0.0003474889424228689	-0.00023784602938192734	0.0013903940624289124	0.0011490342202391535	0.0017613540790637483	-0.002291566268089573	-0.0003171072866785529	-0.0009852546830819708
0.0003390144527095629	7.42009684056022e-05	0.001452803461986285	0.0005873496242223553	-0.00048538430500544294	-0.001729881672072331	-5.060288891467479e-06	0.0006373897054123834
-0.0005971265406523596	0.0008231137630951846	0.00188966925888856	0.0008993966220096627	-0.0017959816957127117	-0.00023205608269272204	-6.746968844817403e-05	0.0011990743014300698
0.000526242651381903	0.0008855231626527793	-0.00010743152695091851	0.0009618060215668134	-0.002420075691287993	0.001889863502262168	0.00011975851022372197	0.0018231682970044627
0.000526242651381903	-0.0008619400249567644	-0.001917304114118279	0.0006497590237792839	-0.00304416968686283	0.0027635950960669398	-0.0002546978871209582	0.0008246179040851676
-0.00047230774153761423	-0.001173987022744294	-0.0026662169088080834	0.0010242154211248522	-0.0022328474926154307	0.0036997360894293063	0.00011975851022372197	0.0006997991049699781
0.0007758802496118378	-0.001985309216991471	-0.0027910357079230508	0.0011490342202391535	-0.001546344097483221	0.0032004608929692147	0.00024457730933913346	-4.911368972004837e-05
-0.0005971265406523596	-0.002172537415664033	-0.002541398109693338	0.0006497590237792839	-0.0012342970996954694	0.0018274541027045732	-6.746968844817403e-05	-0.0010476640826400097
0.000526242651381903	-0.0018604904178767256	-0.0014180289176586314	0.0008993966220096627	-0.0008598407023503452	0.0002672191137673696	0.00024457730933913346	-0.0004859794866218792
-0.00047230774153761423	-0.000924349424513915	0.0005790718681815132	0.001086624820682447	0.00013870969056917204	-0.002166747468974606	-0.00012987908800621284	-0.0006732076852946633
0.0005886520509394977	-5.0617830709143163e-05	0.0015776222611014745	0.000836987222452068	0.00013870969056917204	-0.001729881672072331	-5.060288891467479e-06	0.00013811450895251376
-0.0006595359402099543	0.0008855231626527793	0.0022641256562339063	0.0010242154211248522	-0.00048538430500544294	-0.000668921879595441	5.7349110666571335e-05	0.0008246179040851676
-0.000534717141095209	0.0016344359573428058	0.0013903940624289124	0.0008993966220096627	-0.001546344097483221	0.001452997705359671	-5.060288891467479e-06	0.0016359400983321226
0.00046383325182430823	0.000947932562210374	0.0001422060712785722	0.0007745778228949174	-0.002794532088632673	0.0032004608929692147	-0.00012987908800621284	0.0016359400983321226
-0.0006595359402099543	0.0007607043635380339	-0.0007939349220833503	0.000836987222452068	-0.0031065790864204246	0.004698286482349268	-0.00012987908800621284	0.0018855776965625015
0.0006510614504970924	0.0004486573657509485	-0.0009187537211985397	0.0010242154211248522	-0.002544894490402738	0.004885514681021386	0.00011975851022372197	0.0008870273036427623
-0.0007843547393249217	0.0002614291670781643	-0.001043572520313285	0.0006497590237792839	-0.001983209894385496	0.003325279692084182	-5.060288891467479e-06	0.0005125709062971939
0.0006510614504970924	0.0006358855644228445	0.0001422060712785722	0.0009618060215668134	0.0007003942865864143	0.00014240031465218017	0.0003069867088962841	0.0005749803058547887
-0.00047230774153761423	0.0012599795599981256	0.0017648504597733705	0.0007121684233368786	0.0007628036861440091	-0.0024787944667623574	-0.00019228848756380756	-0.0002987512879499832
0.00046383325182430823	0.0015096171582276163	0.0034499042478257635	0.0007745778228949174	0.0017613540790637483	-0.0029156602636646323	-5.060288891467479e-06	0.00013811450895251376
0.0006510614504970924	0.0026953957498201397	0.003325085448710574	0.0010242154211248522	0.002073401076851278	-0.0031028884623371944	-5.060288891467479e-06	0.00020052390851033053
-0.0006595359402099543	0.002258529952918087	0.002513763254463841	0.0008993966220096627	0.0023230386750816567	-0.0022291568685324226	5.7349110666571335e-05	0.0002629333080677032
0.0005886520509394977	0.0016344359573428058	0.001265575263313723	0.000836987222452068	0.001823763478621343	-0.0012306064756122392	-5.060288891467479e-06	-0.00017393248883479373
-0.0005971265406523596	0.0007607043635380339	7.979667172142157e-05	0.0007745778228949174	0.001636535279948781	0.0002672191137673696	5.7349110666571335e-05	-0.0005483888861803621
0.0007758802496118378	0.0001990197675205696	-0.00035706912518107536	0.0011490342202391535	0.0019485822777360884	0.0008913131093419846	-0.0003171072866785529	-0.001609348678657252
-0.0008467641388829605	-0.0006123024267263855	-0.0009811631207556903	0.0004625308251067217	0.0026350856728689642	-0.0009809688773827485	5.7349110666571335e-05	-0.0014221204799846898
0.0007758802496118378	-0.0001754366298243326	0.0001422060712785722	0.0010242154211248522	0.0029471326706560497	-0.002291566268089573	0.00011975851022372197	-0.001172482881754755
-0.0005971265406523596	0.0004486573657509485	0.0023889444553486516	0.0009618060215668134	0.003071951469771239	-0.0036645730583542147	5.7349110666571335e-05	-0.0012973016808695004
-0.000534717141095209	0.0012599795599981256	0.0030754478504810834	0.0007745778228949174	0.0029471326706560497	-0.004039029455699561	-5.060288891467479e-06	-0.0009852546830819708
0.000526242651381903	0.0013223889595552762	0.002763400852693332	0.0007745778228949174	0.002447857474195958	-0.004163848254814306	-0.00012987908800621284	-0.0010476640826400097
-0.00047230774153761423	0.0014472077586700216	0.0024513538549058023	0.0010242154211248522	0.0025726762733113695	-0.002728432064992292	0.00024457730933913346	-0.0003611606875075779
0.0004014238522676017	0.0006358855644228445	0.0007038906672967027	0.0006497590237792839	0.0011372600834889113	-0.002104338069417011	-0.0003171072866785529	-0.0007356170848522581
-0.0005971265406523596	0.0003862479661929097	-0.00010743152695091851	0.000836987222452068	0.0010748506839313166	-0.00016964668313512732	0.00024457730933913346	-0.0009852546830819708
0.0007134708500546871	-0.00011302723026673789	-0.0006691161229686049	0.0011490342202391535	0.001012441284374388	-4.482788402038196e-05	-0.00019228848756380756	-0.0015469392790996572
-0.0007843547393249217	-0.000737121225842019	-0.0012308007189858472	0.0007745778228949174	0.0016989446795063756	-0.0009185594778251538	-5.060288891467479e-06	-0.0018589862768871868
0.0006510614504970924	-0.00048748362761186215	7.979667172142157e-05	0.0005249402246647605	0.0023230386750816567	-0.002790841464549443	-0.00037951668623614765	-0.002171033274674272
0.0009631084482843999	0.00032383856663531496	0.0017648504597733705	0.0012114436197967482	0.0036336360657889255	-0.003851801257027221	0.00043180550801102946	-0.0018589862768871868
-0.0007219453397677711	-5.0617830709143163e-05	0.00188966925888856	0.0006497590237792839	0.003508817266673736	-0.005474445645521575	-0.00012987908800621284	-0.0022958520737892396
0.0005886520509394977	0.0001990197675205696	0.0020144880580037494	0.0008993966220096627	0.0035712266662313308	-0.005786492643309105	-5.060288891467479e-06	-0.002233442674231867
-0.000534717141095209	1.1791568848451561e-05	0.0018272598593309652	0.000836987222452068	0.0036336360657889255	-0.005037579848619522	0.00011975851022372197	-0.0027951272702491092
0.0003390144527095629	-0.000924349424513915	0.00020461547083661102	0.0004625308251067217	0.0025726762733113695	-0.004663123451274398	0.0003693961084538788	-0.002046214475559527
-0.0003474889424228689	-0.000737121225842019	-0.00010743152695091851	0.0009618060215668134	0.0025726762733113695	-0.001729881672072331	-0.00019228848756380756	-0.0027327178706919586
0.000526242651381903	-0.001361215221416634	-0.0012308007189858472	0.0010242154211248522	0.0031343608693283898	-0.0005441030804802516	0.0003069867088962841	-0.002171033274674272
-0.0004098983419804636	-0.001111577623186255	-0.0012932101185429978	0.0005249402246647605	0.0023854480746388074	-0.0016674722725147362	-0.0002546978871209582	-0.003044764868479488
-0.000534717141095209	-0.000737121225842019	-0.00010743152695091851	0.0008993966220096627	0.0029471326706560497	-0.0018547004711875203	5.7349110666571335e-05	-0.0022958520737892396
0.0007134708500546871	-0.00023784602938192734	0.0011407564641985335	0.0010242154211248522	0.003321589068001174	-0.002790841464549443	0.00018216790978153874	-0.0021086238751171216
-0.0010339923375553006	-0.00048748362761186215	0.0010159376650837881	0.0001504838273191922	0.0025726762733113695	-0.004663123451274398	-0.0007539730835810499	-0.002670308471134364
0.0010255178478419946	0.0005110667653080991	0.0026385820535781424	0.0012114436197967482	0.0036960454653465202	-0.0039142106565843715	0.0004942149075686242	-0.0018589862768871868
-0.0008467641388829605	7.42009684056022e-05	0.0019520786584457106	0.0006497590237792839	0.0029471326706560497	-0.004226257654372345	0.0003693961084538788	-0.0014845298795420625
0.0009006990487274713	0.0004486573657509485	0.002076897457561344	0.0012114436197967482	0.002697495072426559	-0.002104338069417011	-6.746968844817403e-05	-0.0016717580782148467
-0.0006595359402099543	7.42009684056022e-05	0.0010783470646413829	0.0006497590237792839	0.002260629275523618	-0.0012306064756122392	-0.00019228848756380756	-0.001983805076001932
0.000526242651381903	1.1791568848451561e-05	0.0004542530690663238	0.0009618060215668134	0.0026350856728689642	-4.482788402038196e-05	0.0003069867088962841	-0.001359711080427095
0.00046383325182430823	0.0001990197675205696	0.0001422060712785722	0.0006497590237792839	0.002260629275523618	-0.0006065124800371802	-0.00012987908800621284	-0.001983805076001932
-0.0006595359402099543	0.0005734761648656939	0.0007663000668538533	0.0006497590237792839	0.002697495072426559	-0.0008561500782675591	-6.746968844817403e-05	-0.001609348678657252
0.0007758802496118378	0.000947932562210374	0.0017024410602157758	0.0009618060215668134	0.0030095420702140885	-0.0016050628729571415	0.00011975851022372197	-0.001359711080427095
-0.0005971265406523596	0.0011975701604405309	0.0023889444553486516	0.0007745778228949174	0.0033839984675585466	-0.002541203866319952	5.7349110666571335e-05	-0.0009852546830819708
0.0007134708500546871	0.0012599795599981256	0.002700991453135737	0.0007745778228949174	0.0030095420702140885	-0.003165297861894789	-5.060288891467479e-06	-0.0005483888861803621
-0.0005971265406523596	0.0013223889595552762	0.002763400852693332	0.0007745778228949174	0.002697495072426559	-0.002291566268089573	0.00011975851022372197	-0.00042357008706472854
0.0007134708500546871	0.0010727513613255635	0.0024513538549058023	0.0005873496242223553	0.0019485822777360884	-0.0014178346742850234	-6.746968844817403e-05	-0.00042357008706472854
-0.0006595359402099543	0.0006982949639804392	0.000828709466411004	0.000836987222452068	0.001449307081276885	-0.00048169368092265685	-5.060288891467479e-06	-0.0005483888861803621
-0.0005971265406523596	0.0007607043635380339	0.0005790718681815132	0.0009618060215668134	0.001449307081276885	0.0007040849106700886	0.00011975851022372197	-0.000111523089277199
0.000526242651381903	0.0005110667653080991	0.00020461547083661102	0.0007745778228949174	0.001012441284374388	0.0007040849106700886	-6.746968844817403e-05	-0.0005483888861803621
-0.0007219453397677711	0.0008231137630951846	0.0003918436695089511	0.0006497590237792839	0.001012441284374388	0.0006416755111116057	-0.00012987908800621284	-0.00042357008706472854
0.0005886520509394977	0.0010103419617677467	0.0008911188659685987	0.0008993966220096627	0.0010748506839313166	1.7581515537212766e-05	-5.060288891467479e-06	7.570510939514108e-05
-0.00047230774153761423	0.0013223889595552762	0.0015776222611014745	0.0010242154211248522	0.0017613540790637483	-0.00041928428136506213	-0.00012987908800621284	-0.0006107982857370686
0.000526242651381903	0.000947932562210374	0.0015152128615438798	0.0006497590237792839	0.001823763478621343	-0.001917109870745115	0.00011975851022372197	-0.00023634188839238846
-0.0005971265406523596	0.0010727513613255635	0.0019520786584457106	0.0006497590237792839	0.001386897681718846	-0.0024163850672043186	-0.0002546978871209582	-0.0008604358839676696
0.000526242651381903	0.0005110667653080991	0.0015152128615438798	0.0009618060215668134	0.001636535279948781	-0.001480244073842396	0.0003069867088962841	-0.00017393248883479373
0.000526242651381903	0.0001990197675205696	0.0006414812677382198	0.0007121684233368786	0.0005755754874712249	-0.0012306064756122392	-0.00012987908800621284	-0.0006107982857370686
-0.0007219453397677711	0.00013661036796297488	0.00020461547083661102	0.0005873496242223553	7.630029101157731e-05	-0.00016964668313512732	-0.00019228848756380756	-0.00023634188839238846
0.0008382896491692104	0.0005110667653080991	0.0004542530690663238	0.0011490342202391535	0.00026352848968413944	0.0007040849106700886	0.0003069867088962841	0.00013811450895251376
-0.0009091735384396671	7.42009684056022e-05	-0.00035706912518107536	0.00033771202599197636	-0.0007974313027927504	0.0002672191137673696	-0.00037951668623614765	1.3295709837546354e-05
0.0007134708500546871	0.0005734761648656939	0.0001422060712785722	0.0008993966220096627	-0.0004229749054487364	0.0005792661115548992	0.00024457730933913346	0.00020052390851033053
-0.00047230774153761423	0.0005110667653080991	0.0003918436695089511	0.0008993966220096627	-0.0006726125036780051	-0.0009809688773827485	-0.00019228848756380756	-0.0005483888861803621
0.0004014238522676017	-5.0617830709143163e-05	1.738727216382685e-05	0.0005873496242223553	-0.0003605655058902535	-0.0011057876764970498	-0.00012987908800621284	-0.00023634188839238846
-0.0006595359402099543	-5.0617830709143163e-05	0.0004542530690663238	0.0010242154211248522	-4.8518508103168045e-05	-0.0009809688773827485	0.00018216790978153874	0.00013811450895251376
-0.000534717141095209	-0.0003626648284971168	0.00026702487039420575	0.0007121684233368786	-4.8518508103168045e-05	-0.0009809688773827485	-5.060288891467479e-06	1.3295709837546354e-05
0.000526242651381903	-0.000737121225842019	-0.00010743152695091851	0.0005873496242223553	-0.00048538430500544294	-0.0010433782769403432	-0.0002546978871209582	-0.00042357008706472854
-0.0007219453397677711	-0.00048748362761186215	-0.00023225032606610796	0.0006497590237792839	-0.00029815610633310285	-0.00016964668313512732	-0.00012987908800621284	-4.911368972004837e-05
0.0008382896491692104	-0.00030025542893952206	7.979667172142157e-05	0.0010242154211248522	1.389089145442668e-05	0.0005168567119973044	0.0003069867088962841	-0.00017393248883479373
-0.0008467641388829605	-0.0006747118262844243	-0.0006691161229686049	0.0004001214255495711	-0.0008598407023503452	0.000392037912882115	-0.0002546978871209582	-0.00017393248883479373
0.000526242651381903	-0.00042507422805382333	-0.0005442973238538595	0.0005873496242223553	-0.0008598407023503452	0.0013281789062444815	5.7349110666571335e-05	0.0005125709062971939
-0.0005971265406523596	7.42009684056022e-05	-0.00010743152695091851	0.0008993966220096627	-0.0007974313027927504	0.0012657695066868868	0.00018216790978153874	0.0006373897054123834
0.0008382896491692104	0.00013661036796297488	1.738727216382685e-05	0.0005873496242223553	-0.0009846595014655346	0.0009537225088995793	-6.746968844817403e-05	0.0005125709062971939
0.0006510614504970924	0.0002614291670781643	0.00026702487039420575	0.000836987222452068	-0.000922250101908384	0.0009537225088995793	-6.746968844817403e-05	0.0005749803058547887
-0.0003474889424228689	0.0006358855644228445	0.0008911188659685987	0.001086624820682447	-0.00023574670677595222	0.001640225904031789	0.0003693961084538788	0.001386302500102854
0.00027660505315241224	-5.0617830709143163e-05	7.979667172142157e-05	0.0004625308251067217	-0.0012967064992530641	0.0008289037097843899	-0.00037951668623614765	0.0005125709062971939
-0.00047230774153761423	0.0006358855644228445	0.0005166624686239185	0.0007121684233368786	-0.0008598407023503452	0.0017650447031469785	5.7349110666571335e-05	0.0010118461027572856
0.0003390144527095629	0.0005734761648656939	0.00020461547083661102	0.0006497590237792839	-0.0014839346979256263	0.001640225904031789	0.00043180550801102946	0.0018855776965625015
-0.00028507954286527415	0.0011975701604405309	0.0009535282655261934	0.0011490342202391535	-0.0013591158988104368	0.001640225904031789	-0.0003171072866785529	0.0008246179040851676
0.00046383325182430823	0.0006982949639804392	0.00020461547083661102	0.0007745778228949174	-0.0006726125036780051	0.0019522729018193186	-5.060288891467479e-06	0.0013238931005452592
-0.0006595359402099543	0.0011351607608829362	0.0011407564641985335	0.0011490342202391535	7.630029101157731e-05	0.0017026353035893838	0.00043180550801102946	0.0012614837009872204
-0.0007843547393249217	0.0008855231626527793	0.0005166624686239185	0.0005249402246647605	-0.00023574670677595222	0.0006416755111116057	-0.00019228848756380756	0.0005749803058547887
0.000526242651381903	0.000947932562210374	0.0007038906672967027	0.0007121684233368786	0.00013870969056917204	0.00032962851332452026	-0.00012987908800621284	0.00038775210718289266
-0.000534717141095209	0.0010103419617677467	0.0010159376650837881	0.0008993966220096627	0.0007003942865864143	0.00032962851332452026	0.00018216790978153874	0.0007622085045271287
0.0005886520509394977	0.0005734761648656939	0.0007663000668538533	0.0007745778228949174	0.0006379848870288196	-0.0003568748818079115	-6.746968844817403e-05	0.00038775210718289266
-0.000534717141095209	0.0006358855644228445	0.0009535282655261934	0.0007745778228949174	0.0010748506839313166	-0.00016964668313512732	-0.0002546978871209582	-0.00017393248883479373
0.00046383325182430823	0.0004486573657509485	0.0006414812677382198	0.0007121684233368786	0.0013244882821616955	-4.482788402038196e-05	0.00024457730933913346	0.00038775210718289266
-0.000534717141095209	0.0007607043635380339	0.0012031658637561282	0.0006497590237792839	0.0005131660879145183	-0.0006065124800371802	-0.00019228848756380756	-0.00017393248883479373
0.00046383325182430823	0.0005110667653080991	0.000828709466411004	0.0007121684233368786	0.0006379848870288196	-4.482788402038196e-05	-5.060288891467479e-06	0.00038775210718289266
0.0007758802496118378	0.0008231137630951846	0.0009535282655261934	0.0009618060215668134	0.0005755754874712249	1.7581515537212766e-05	0.00011975851022372197	0.00032534270762529793
-0.0008467641388829605	0.0005110667653080991	0.0005166624686239185	0.0004625308251067217	0.0003259378892419562	-0.00041928428136506213	-0.00019228848756380756	-0.000111523089277199
0.0006510614504970924	0.0005734761648656939	0.0007038906672967027	0.000836987222452068	0.0007003942865864143	-0.0005441030804802516	-5.060288891467479e-06	-0.00023634188839238846
-0.000534717141095209	0.0005734761648656939	0.0007663000668538533	0.000836987222452068	0.001012441284374388	-0.0007313312791528137	0.00018216790978153874	-0.0007980264844096308
0.0005886520509394977	0.0001990197675205696	0.0005166624686239185	0.0007121684233368786	0.0007628036861440091	-0.0013554252747274287	-6.746968844817403e-05	-0.0006107982857370686
-0.0007219453397677711	0.0002614291670781643	0.0005790718681815132	0.0005873496242223553	0.0007628036861440091	-0.001293015875169612	-6.746968844817403e-05	-0.0006732076852946633
0.0006510614504970924	0.0003862479661929097	0.0005790718681815132	0.0007745778228949174	0.0012620788826041007	-0.0010433782769403432	0.00018216790978153874	-0.00042357008706472854
-0.000534717141095209	0.0002614291670781643	0.0003918436695089511	0.0006497590237792839	0.0007628036861440091	-0.0016674722725147362	-0.00019228848756380756	-0.0009228452835243761
-0.0005971265406523596	0.00013661036796297488	0.0003294342699509123	0.0007121684233368786	0.0010748506839313166	-0.0013554252747274287	-6.746968844817403e-05	-0.0006732076852946633
0.0007134708500546871	0.00013661036796297488	0.0005166624686239185	0.0009618060215668134	0.001449307081276885	-0.0013554252747274287	0.00018216790978153874	-0.0006732076852946633
-0.0005971265406523596	-0.0001754366298243326	0.00026702487039420575	0.0007121684233368786	0.0013244882821616955	-0.0015426534733999908	5.7349110666571335e-05	-0.0009228452835243761
0.0004014238522676017	-0.0005498930271692348	-0.00010743152695091851	0.0004001214255495711	0.001012441284374388	-0.0020419286698598604	-0.00037951668623614765	-0.0009852546830819708
-0.000534717141095209	-0.00011302723026673789	0.00026702487039420575	0.000836987222452068	0.001636535279948781	-0.001480244073842396	-5.060288891467479e-06	-0.001359711080427095
0.000526242651381903	-0.0003626648284971168	0.0003918436695089511	0.0007745778228949174	0.001823763478621343	-0.002104338069417011	-6.746968844817403e-05	-0.001359711080427095
-0.0006595359402099543	-0.00011302723026673789	0.0003918436695089511	0.0011490342202391535	0.002260629275523618	-0.001729881672072331	0.00024457730933913346	-0.0011100734821971603
0.0007758802496118378	0.00032383856663531496	0.0006414812677382198	0.0006497590237792839	0.002260629275523618	-0.0020419286698598604	-6.746968844817403e-05	-0.0014845298795420625
0.0005886520509394977	-0.00011302723026673789	0.0005166624686239185	0.0007745778228949174	0.002010991677294127	-0.002104338069417011	-5.060288891467479e-06	-0.0014845298795420625
-0.0007843547393249217	-0.00030025542893952206	0.0003918436695089511	0.00033771202599197636	0.0017613540790637483	-0.002104338069417011	-0.0002546978871209582	-0.001609348678657252
0.0005886520509394977	7.42009684056022e-05	0.0005166624686239185	0.0008993966220096627	0.0017613540790637483	-0.0016674722725147362	-5.060288891467479e-06	-0.001172482881754755
-0.0003474889424228689	0.0002614291670781643	0.0010159376650837881	0.0009618060215668134	0.0023230386750816567	-0.0011057876764970498	0.0003069867088962841	-0.001172482881754755
0.0006510614504970924	0.00013661036796297488	0.0007038906672967027	0.0007745778228949174	0.0019485822777360884	-0.0015426534733999908	-0.00012987908800621284	-0.0011100734821971603
-0.0007843547393249217	0.0001990197675205696	0.0007663000668538533	0.0007121684233368786	0.0023854480746388074	-0.001480244073842396	0.00011975851022372197	-0.0010476640826400097
0.0007134708500546871	0.0003862479661929097	0.001265575263313723	0.0005873496242223553	0.002073401076851278	-0.001729881672072331	-0.00012987908800621284	-0.001172482881754755
-0.0006595359402099543	0.0004486573657509485	0.0011407564641985335	0.0007121684233368786	0.002073401076851278	-0.0016674722725147362	5.7349110666571335e-05	-0.001172482881754755
-0.0008467641388829605	0.0003862479661929097	0.000828709466411004	0.0004625308251067217	0.001636535279948781	-0.0016050628729571415	-0.0003171072866785529	-0.0010476640826400097
0.0008382896491692104	0.0006982949639804392	0.0013903940624289124	0.001086624820682447	0.0021982198759664673	-0.0009809688773827485	0.0003069867088962841	-0.0004859794866218792
-0.0007219453397677711	0.0004486573657509485	0.000828709466411004	0.0006497590237792839	0.0016989446795063756	-0.0012306064756122392	-0.00012987908800621284	-0.0006732076852946633
0.0007134708500546871	0.0006358855644228445	0.0011407564641985335	0.0008993966220096627	0.0018861728781789378	-0.0007937406787099643	0.00024457730933913346	-0.0003611606875075779
-0.0006595359402099543	0.0005110667653080991	0.000828709466411004	0.0007121684233368786	0.001636535279948781	-0.0007313312791528137	0.00011975851022372197	-0.00017393248883479373
0.0006510614504970924	0.0005110667653080991	0.0010159376650837881	0.0008993966220096627	0.001012441284374388	-0.0003568748818079115	-5.060288891467479e-06	7.570510939514108e-05
-0.0005971265406523596	0.0005734761648656939	0.0010159376650837881	0.0007745778228949174	0.0005755754874712249	-0.0002944654822498727	-6.746968844817403e-05	7.570510939514108e-05
0.0005886520509394977	0.0005734761648656939	0.001265575263313723	0.0009618060215668134	0.0009500318848167932	7.999091509480749e-05	0.00024457730933913346	0.0004501615067395992
0.0004014238522676017	0.0004486573657509485	0.0006414812677382198	0.0005873496242223553	0.00020111909012676676	-0.0005441030804802516	-0.0002546978871209582	-0.00017393248883479373
-0.0006595359402099543	0.0006358855644228445	0.000828709466411004	0.0005873496242223553	0.0007003942865864143	-0.0001072372835775326	-5.060288891467479e-06	0.00020052390851033053
