Sensor_1	Sensor_2	Sensor_3	Sensor_4	Sensor_5	Sensor_6	Sensor_7	Sensor_8
2.956634818573889e-05	-0.0003131610768705162	6.249328315854896e-05	0.00016403176148016563	-4.538364980422038e-05	-0.0009371449752180183	0.00012217384430335265	-8.451010720422758e-05
-0.0012186216429641572	-0.0013117114697900334	0.0009362248769633208	-0.00021042463586540272	7.943514931074702e-05	0.0008103182123915253	-0.00018987315348417688	-0.0003341477054346065
0.0011529355402202235	0.0005605705169342556	0.0003745402809460785	0.00028885056059468894	0.0001418445488685638	-0.00025064158008558657	0.00012217384430335265	4.030869191007369e-05
-0.0014058498416364973	0.001122255112951498	0.0013730906738655957	3.921296236453209e-05	0.00020425394842593647	-0.0007499167765452341	0.00018458324386116942	-0.00020932890631941703
0.00046643214508779174	-0.0012493020702328828	0.001123453075636105	-8.560583675021327e-05	-0.0002950212480341552	0.0006230900137191853	-0.00012746375392658216	4.030869191007369e-05
-0.0007817558460614382	0.0006853893160494451	-0.000374372513743948	-0.000148015236307808	-0.00017020244891896574	-0.0007499167765452341	-0.00031469195259892224	-0.0002717383058767897
0.0003416133459730464	0.00037334231826191555	-0.000374372513743948	-8.560583675021327e-05	0.0003290727475411259	0.0016840498061965192	0.0003094020429759148	0.0006644026874853548
-0.0001576618504866012	-0.0009996644720025039	-6.232551595686253e-05	-8.560583675021327e-05	-0.00023261184847656047	-0.0005002791783159655	-6.505435436854334e-05	0.00016512749102526314
0.0014025731384506024	0.0002485235191467261	-0.001185694707991125	-0.00021042463586540272	-0.00023261184847656047	-6.341338141324648e-05	-0.0002522825530413275	0.00010271809146766842
0.001464982538007753	-0.0009372550724453532	-0.00012473491551356908	0.0004136693597098784	0.0003290727475411259	0.0014344122079668065	0.0003094020429759148	0.00047717448881257063
-0.0007193464465042876	0.0006229799164916283	-0.000998466509318341	-0.00027283403542299745	-0.00023261184847656047	-0.0008747355756608677	-0.0002522825530413275	-2.2100707647521034e-05
-3.2843051371855836e-05	0.0002485235191467261	0.001123453075636105	-0.000148015236307808	-0.00023261184847656047	-0.0007499167765452341	-0.00018987315348417688	-0.0005837853036643192
-0.0010938028438489678	-0.00043797987598526156	0.0015603188725379358	3.921296236453209e-05	1.7025749753374342e-05	0.0005606806141620346	5.976444474620202e-05	0.00016512749102526314
0.0006536603437605759	0.0016839397089691843	0.0013730906738655957	0.00035125996015272776	0.0003290727475411259	-0.0010619637743332078	-6.505435436854334e-05	-0.0005837853036643192
-0.0017178968394242489	-0.00012593287819795407	0.001310681274308001	-0.00021042463586540272	-0.00023261184847656047	0.00037345241548925046	-0.00012746375392658216	-0.00020932890631941703
0.0009657073415478834	-0.0008124362733299417	-0.00012473491551356908	0.00028885056059468894	0.0005163009462130219	-0.00018823218052843593	0.0003718114425335095	0.0005395838883701654
-0.0001576618504866012	0.0010598457133939032	-0.0004991913128586933	-2.3196437192618546e-05	-0.00017020244891896574	0.0004358618150468452	-6.505435436854334e-05	-0.00020932890631941703
-0.00022007125004419592	-0.0008748456728879805	-0.00143533230622106	-0.00027283403542299745	-0.00010779304936181511	0.0006854994132763359	-0.0002522825530413275	0.0002899462901400085
0.001277754339335413	0.0008726175147220072	-0.0013729229066634652	3.921296236453209e-05	1.7025749753374342e-05	-0.0006875073769883056	-6.505435436854334e-05	0.0002899462901400085
-0.0011562122434065625	-0.0009372550724453532	-0.0002495537146292026	-0.000148015236307808	7.943514931074702e-05	0.0006230900137191853	-6.505435436854334e-05	-2.2100707647521034e-05
0.0013401637388930077	-0.0003131610768705162	-0.0006864195115312555	-2.3196437192618546e-05	1.7025749753374342e-05	0.00018622421681646628	-2.644954811836797e-06	-0.00020932890631941703
-0.0015306686407516867	0.0011846645125095367	0.00043694968050322913	-0.00021042463586540272	-0.0002950212480341552	-0.0013740107721202932	0.00043422084209066014	4.030869191007369e-05
0.0005912509442029812	-0.0005003892755428563	0.001997184669440877	0.0004136693597098784	0.0001418445488685638	-0.00018823218052843593	0.00012217384430335265	0.00010271809146766842
-0.0006569370469464708	0.0004357517178190662	0.00024972148183044496	-2.3196437192618546e-05	-0.00010779304936181511	-0.0011867825734483972	-6.505435436854334e-05	-0.0004589665045495739
0.0001543851473007063	0.0009350269142791579	0.0006241778791760133	-0.000148015236307808	0.0001418445488685638	0.0011847746097364276	-6.505435436854334e-05	-2.2100707647521034e-05
0.0012153449397782623	0.0002485235191467261	-0.000998466509318341	3.921296236453209e-05	-0.00010779304936181511	-0.0005002791783159655	-2.644954811836797e-06	-2.2100707647521034e-05
-0.0010313934442918171	0.0003109329187043208	-0.0006240101119738828	-0.000148015236307808	-0.00017020244891896574	-0.00043786977875792665	-6.505435436854334e-05	-0.0001469195067618223
0.001277754339335413	-0.001186892670675288	-0.00031196311418635325	0.0001016223619225709	-0.00010779304936181511	0.0012471840092940223	-2.644954811836797e-06	0.00022753689058285786
-9.525245092900647e-05	0.0006853893160494451	-0.0012481041075487198	0.00022644116103709422	0.0004538915466554272	-6.341338141324648e-05	0.00024699264341876415	-0.0002717383058767897
0.0004040227455310852	0.00018611411958957547	-0.000374372513743948	-0.000148015236307808	-4.538364980422038e-05	-0.0005626885778731161	5.976444474620202e-05	0.0003523556896980473
-0.0007193464465042876	-0.000562798675100451	0.0007489966782907587	0.00016403176148016563	1.7025749753374342e-05	-0.0008747355756608677	-2.644954811836797e-06	4.030869191007369e-05
0.000840888542432694	0.001122255112951498	0.00031213088138892786	0.0001016223619225709	0.0001418445488685638	-0.0003130509796431813	0.00012217384430335265	-2.2100707647521034e-05
-0.0015306686407516867	0.0005605705169342556	0.0005617684796184186	-8.560583675021327e-05	-0.00010779304936181511	0.0005606806141620346	-2.644954811836797e-06	-0.00039655710499197916
-0.0007817558460614382	0.0009350269142791579	0.0001873120822737384	-8.560583675021327e-05	7.943514931074702e-05	-0.0008747355756608677	-0.00012746375392658216	4.030869191007369e-05
0.0004040227455310852	-0.00012593287819795407	0.0009362248769633208	0.00016403176148016563	1.7025749753374342e-05	0.00018622421681646628	0.00012217384430335265	-0.0003341477054346065
-0.0007193464465042876	-0.0010620738715605427	-0.00031196311418635325	-0.00021042463586540272	-0.00023261184847656047	0.0005606806141620346	-0.00018987315348417688	-0.00020932890631941703
0.0011529355402202235	0.0008102081151644125	-0.0010608759088763797	0.0001016223619225709	-0.00017020244891896574	-0.0007499167765452341	-2.644954811836797e-06	0.0003523556896980473
-0.0005945276473888761	-0.0006252080746580457	-0.0002495537146292026	0.00016403176148016563	0.0004538915466554272	0.0011223652101788328	-0.00012746375392658216	0.00016512749102526314
0.0015273919375653477	-0.0010620738715605427	-0.0013729229066634652	-2.3196437192618546e-05	-0.00010779304936181511	-0.0008747355756608677	-0.00012746375392658216	0.00010271809146766842
-0.0007817558460614382	0.0009974363138367526	-0.0006864195115312555	-2.3196437192618546e-05	-0.00023261184847656047	0.00031104301593165573	-0.00012746375392658216	-0.0002717383058767897
0.0001543851473007063	-0.0006252080746580457	0.0001873120822737384	0.00035125996015272776	0.0005787103457706166	0.0006230900137191853	0.0003718114425335095	0.0006644026874853548
0.00027920394641589574	0.0013718927111818768	0.00043694968050322913	-2.3196437192618546e-05	-0.00023261184847656047	-0.0014364201716776659	-0.00012746375392658216	-0.0003341477054346065
-0.0009065746451761836	-0.0011244832711181374	0.0008738154774059481	3.921296236453209e-05	0.0001418445488685638	0.0013720028084092117	5.976444474620202e-05	0.00010271809146766842
0.001464982538007753	6.12953204748301e-05	-0.0009360571097616344	3.921296236453209e-05	7.943514931074702e-05	-0.00018823218052843593	-2.644954811836797e-06	4.030869191007369e-05
-0.0014058498416364973	0.0007477987156068178	0.0001249026827161437	-0.00021042463586540272	-0.0002950212480341552	-0.000999554374775613	-0.00018987315348417688	-0.0002717383058767897
0.0007784791428753213	-0.0014365302689052228	0.0008114060778483534	3.921296236453209e-05	-0.00010779304936181511	0.0010599558106212381	-0.00018987315348417688	0.00010271809146766842
-0.0007193464465042876	0.0006853893160494451	-0.0005616007124162881	-0.000148015236307808	0.00039148214709783247	-0.000375460379200776	0.0003094020429759148	0.00010271809146766842
0.00046643214508779174	0.0008726175147220072	0.00031213088138892786	-0.00021042463586540272	-0.00017020244891896574	0.0011847746097364276	-0.00012746375392658216	4.030869191007369e-05
-0.0007193464465042876	-0.0013741208693476281	-0.0013105135071063145	-8.560583675021327e-05	-0.00041984004714934464	-0.000999554374775613	-0.0002522825530413275	-2.2100707647521034e-05
-0.0009065746451761836	0.0007477987156068178	0.000686587278733608	0.0004136693597098784	0.0005787103457706166	0.00031104301593165573	0.0004966302416482549	0.00047717448881257063
0.0007784791428753213	-0.001186892670675288	8.388360117628224e-08	-8.560583675021327e-05	-0.00023261184847656047	0.0007479088128339306	-0.00018987315348417688	-0.0001469195067618223
-0.0007193464465042876	0.0009974363138367526	-0.0006864195115312555	-0.00021042463586540272	-4.538364980422038e-05	-0.0010619637743332078	-6.505435436854334e-05	0.00010271809146766842
0.0003416133459730464	-0.0001883422777555488	0.00043694968050322913	3.921296236453209e-05	7.943514931074702e-05	-1.0039818558738034e-06	-6.505435436854334e-05	0.00022753689058285786
-0.00034489004915938537	-0.0008748456728879805	0.0001249026827161437	0.00022644116103709422	0.00020425394842593647	0.0012471840092940223	-2.644954811836797e-06	-0.00020932890631941703
0.000840888542432694	0.001122255112951498	-0.00012473491551356908	3.921296236453209e-05	-4.538364980422038e-05	0.0004358618150468452	-0.00012746375392658216	-0.0003341477054346065
-0.0014058498416364973	-0.000562798675100451	0.0008114060778483534	0.00022644116103709422	0.00039148214709783247	0.0006230900137191853	0.00018458324386116942	0.00016512749102526314
0.001277754339335413	-0.0003131610768705162	-6.232551595686253e-05	-8.560583675021327e-05	-0.00010779304936181511	-0.0011243731738908025	-2.644954811836797e-06	-2.2100707647521034e-05
0.0005912509442029812	-0.0009996644720025039	0.00043694968050322913	-8.560583675021327e-05	-0.00010779304936181511	0.0005606806141620346	-6.505435436854334e-05	-0.00039655710499197916
-0.0001576618504866012	-0.00037557047642766683	-0.0012481041075487198	-8.560583675021327e-05	-0.00010779304936181511	0.0004358618150468452	-0.00012746375392658216	0.0003523556896980473
0.0011529355402202235	0.0009974363138367526	-0.0008736477102040396	0.00016403176148016563	0.0001418445488685638	-0.0006250979774307108	0.00018458324386116942	0.00016512749102526314
-0.0007193464465042876	-0.0011244832711181374	0.00031213088138892786	0.0001016223619225709	0.00020425394842593647	0.0011847746097364276	0.00012217384430335265	4.030869191007369e-05
0.001277754339335413	-0.0001883422777555488	-0.0013105135071063145	-2.3196437192618546e-05	-0.00017020244891896574	-6.341338141324648e-05	-2.644954811836797e-06	0.00010271809146766842
-0.0010313934442918171	0.0011846645125095367	8.388360117628224e-08	3.921296236453209e-05	7.943514931074702e-05	0.0011223652101788328	0.00012217384430335265	-2.2100707647521034e-05
0.0007160697433181706	-0.0009372550724453532	0.0009986342765211376	-2.3196437192618546e-05	-0.00010779304936181511	-0.00025064158008558657	-6.505435436854334e-05	0.00022753689058285786
-0.0005321182478317255	0.0004981611173766609	0.0009362248769633208	0.0001016223619225709	0.0001418445488685638	-0.0010619637743332078	5.976444474620202e-05	-0.0003341477054346065
-0.0012810310425213078	-0.0008748456728879805	0.0014355000734231904	3.921296236453209e-05	0.0001418445488685638	0.0009351370115069368	5.976444474620202e-05	-8.451010720422758e-05
0.000840888542432694	0.0008102081151644125	0.0001873120822737384	-2.3196437192618546e-05	-4.538364980422038e-05	-0.0009371449752180183	5.976444474620202e-05	-8.451010720422758e-05
-0.001468259241194092	0.0009974363138367526	0.000686587278733608	0.0001016223619225709	-4.538364980422038e-05	-0.0005626885778731161	-2.644954811836797e-06	-2.2100707647521034e-05
0.0011529355402202235	-0.0014365302689052228	-0.0001871443150711638	0.00022644116103709422	7.943514931074702e-05	0.001309593408851617	0.00012217384430335265	0.0006019932879282042
2.956634818573889e-05	0.0006853893160494451	-0.0015601511053362493	0.0001016223619225709	0.0001418445488685638	-0.00025064158008558657	-0.0004395107517136676	-0.00039655710499197916
0.0005288415446453865	-0.00037557047642766683	-0.0008112383106464449	-0.00021042463586540272	7.943514931074702e-05	0.001309593408851617	-0.00012746375392658216	4.030869191007369e-05
-0.00034489004915938537	-0.0015613490680204123	-0.0006864195115312555	0.00022644116103709422	1.7025749753374342e-05	-0.0010619637743332078	0.00018458324386116942	0.00022753689058285786
0.0011529355402202235	0.00130948331162406	0.0008738154774059481	0.0001016223619225709	0.0001418445488685638	0.00037345241548925046	0.00012217384430335265	4.030869191007369e-05
0.001277754339335413	-0.0006252080746580457	0.00043694968050322913	0.00028885056059468894	0.0004538915466554272	0.0009351370115069368	0.00024699264341876415	0.00022753689058285786
-0.0014058498416364973	0.0013718927111818768	0.0001873120822737384	-0.00021042463586540272	-0.00017020244891896574	-0.00162364837035045	-0.0002522825530413275	-0.0003341477054346065
2.956634818573889e-05	-0.0009372550724453532	0.001310681274308001	-0.00021042463586540272	-0.0003574306475917499	0.00012381481725931565	-0.00031469195259892224	-0.0008334229018946981
-0.0004072994487169801	6.12953204748301e-05	0.00043694968050322913	0.00022644116103709422	0.0003290727475411259	0.0006230900137191853	0.0003718114425335095	-0.0003341477054346065
0.0005288415446453865	0.0009974363138367526	-0.000998466509318341	-0.000148015236307808	-0.0003574306475917499	-0.0014988295712354827	-0.0002522825530413275	-0.0001469195067618223
-0.0010313934442918171	-0.0013117114697900334	-0.0002495537146292026	-0.000335243434979704	-4.538364980422038e-05	0.0005606806141620346	5.976444474620202e-05	0.00041476508925564204
0.0017146201362379099	-0.00037557047642766683	-0.0014977417057784326	0.00035125996015272776	0.0004538915466554272	-6.341338141324648e-05	0.0003718114425335095	0.0007892214866001002
-0.00028248064960179065	0.0009350269142791579	-0.0001871443150711638	-8.560583675021327e-05	-0.0002950212480341552	0.0006854994132763359	-6.505435436854334e-05	-0.0001469195067618223
-0.0004072994487169801	6.12953204748301e-05	-0.0008736477102040396	-8.560583675021327e-05	-0.00010779304936181511	6.140541770172092e-05	-0.00018987315348417688	0.0002899462901400085
0.0004040227455310852	0.0012470739120666874	0.00043694968050322913	3.921296236453209e-05	0.00020425394842593647	-0.0011243731738908025	5.976444474620202e-05	4.030869191007369e-05
-0.0017178968394242489	-0.0008124362733299417	0.0015603188725379358	-0.00021042463586540272	-4.538364980422038e-05	0.00037345241548925046	-0.00012746375392658216	-0.0004589665045495739
0.0006536603437605759	0.0004357517178190662	0.0005617684796184186	-0.000148015236307808	-0.0002950212480341552	-0.0009371449752180183	-0.00018987315348417688	0.0003523556896980473
-0.0011562122434065625	0.0014343021107392495	0.0014979094729807851	0.00035125996015272776	0.0005163009462130219	-0.0005626885778731161	-0.00037710135215651697	-0.0007086041027795087
0.0004040227455310852	-0.0014989396684623735	-6.232551595686253e-05	-0.000335243434979704	0.0001418445488685638	-0.0003130509796431813	-6.505435436854334e-05	0.0005395838883701654
-0.00022007125004419592	0.0003109329187043208	-0.0010608759088763797	0.00022644116103709422	0.00039148214709783247	-0.0003130509796431813	0.00018458324386116942	0.00010271809146766842
0.0009657073415478834	0.00037334231826191555	-0.000998466509318341	-0.00021042463586540272	-0.00010779304936181511	0.0006854994132763359	-0.00031469195259892224	0.00010271809146766842
0.0015273919375653477	0.0005605705169342556	-0.0014977417057784326	0.0001016223619225709	1.7025749753374342e-05	-0.0008747355756608677	-2.644954811836797e-06	0.00047717448881257063
-0.0011562122434065625	0.0006229799164916283	-0.0001871443150711638	0.0001016223619225709	0.0001418445488685638	-0.0005626885778731161	5.976444474620202e-05	0.0006019932879282042
0.0010905261406630729	-0.0006252080746580457	-0.0005616007124162881	0.00028885056059468894	0.000703529144885362	0.000248633616374061	0.00012217384430335265	0.0007892214866001002
-0.0010313934442918171	0.0014967115102968442	-0.0013729229066634652	-0.00027283403542299745	0.0002666633479835312	-0.0023725611650404765	-0.00018987315348417688	0.0005395838883701654
2.956634818573889e-05	0.0003109329187043208	-0.000374372513743948	-8.560583675021327e-05	0.0002666633479835312	-0.0019356953681379796	0.0006214490407634443	0.0021622282768649637
-3.2843051371855836e-05	0.00037334231826191555	-0.000998466509318341	0.0004760787592674731	0.0005163009462130219	-0.003495930357075183	-0.00018987315348417688	0.0013509060826173425
0.0005912509442029812	0.0016215303094115896	-0.0025587014982559886	-0.000148015236307808	0.0007659385444434008	-0.0021853329663679144	-0.00012746375392658216	0.0016005436808477214
-0.0010938028438489678	0.0002485235191467261	-0.0028083390964854793	0.00016403176148016563	0.0007659385444434008	-0.0025597893637123725	-6.505435436854334e-05	0.0022246376764225584
-0.00046970884827413073	0.0019959867067562698	-0.003494842491618355	3.921296236453209e-05	0.001140394941788303	-0.003745567955305118	0.00012217384430335265	0.0027863222724398007
0.0010281167411054781	0.0005605705169342556	-0.002933157895601113	0.0001016223619225709	0.0009531667431155189	-0.003121473959730281	5.976444474620202e-05	0.002536684674209644
2.956634818573889e-05	0.0010598457133939032	-0.004368574085422683	-2.3196437192618546e-05	0.0010155761426735577	-0.003121473959730281	-6.505435436854334e-05	0.0034104162680144157
0.0014025731384506024	0.0021208055058714592	-0.0042437552863079375	0.00035125996015272776	0.0013900325400177937	-0.0038079773548622686	0.00024699264341876415	0.0032231880693420756
-0.0009689840447342224	0.0008102081151644125	-0.0031827954938308256	-0.000148015236307808	0.0010779855422307083	-0.003495930357075183	-0.0002522825530413275	0.0034728256675724545
0.0010281167411054781	0.001122255112951498	-0.004306164685865532	-0.000148015236307808	0.0017020795378055453	-0.003932796153977458	0.0003094020429759148	0.0040969196631472915
-0.0004072994487169801	0.0023080337045440213	-0.003682070690290251	-0.00021042463586540272	0.0008907573435579241	-0.004120024352649576	-0.00031469195259892224	0.0030983692702277743
0.0005912509442029812	0.0005605705169342556	-0.004930258681440813	3.921296236453209e-05	0.0013900325400177937	-0.003995205553535275	5.976444474620202e-05	0.0040969196631472915
0.0009032979419909548	0.0024952619032163614	-0.004181345886750343	0.0001016223619225709	0.001140394941788303	-0.005118574745569537	-0.00012746375392658216	0.0036600538662445725
-0.00034489004915938537	0.0016215303094115896	-0.00374448008984829	0.0001016223619225709	0.0016396701382479506	-0.00430725255132236	0.00012217384430335265	0.003909691464474951
0.0019642577344678447	0.0024952619032163614	-0.005179896279670304	0.0001016223619225709	0.0010779855422307083	-0.004806527747782452	-2.644954811836797e-06	0.0040969196631472915
-0.00034489004915938537	0.0027448995014467403	-0.004618211683653062	-8.560583675021327e-05	0.0009531667431155189	-0.005056165346012387	-0.00012746375392658216	0.004034510263589697
0.0017770295357955046	0.001933577307198675	-0.004181345886750343	0.00035125996015272776	0.0014524419395753885	-0.0040576149530924255	-2.644954811836797e-06	0.003972100864032546
2.956634818573889e-05	0.0026824901018891456	-0.005429533877900461	-8.560583675021327e-05	0.0007659385444434008	-0.005118574745569537	-0.00031469195259892224	0.0032231880693420756
0.0009032979419909548	0.0022456243049864266	-0.0040565270876355974	-0.000148015236307808	0.0010779855422307083	-0.0036207491561899285	-0.00018987315348417688	0.003784872665359762
-0.00028248064960179065	0.0011846645125095367	-0.0057415808756879905	0.00016403176148016563	0.0013276231404610872	-0.004182433752207615	5.976444474620202e-05	0.004034510263589697
-0.000844165245619477	0.0016839397089691843	-0.0042437552863079375	-0.000148015236307808	0.0013276231404610872	-0.004432071350437106	-2.644954811836797e-06	0.0037224632658026113
0.0014025731384506024	0.001122255112951498	-0.0053047150787854935	0.00022644116103709422	0.0013900325400177937	-0.003495930357075183	-2.644954811836797e-06	0.004346557261377004
-0.00028248064960179065	0.0026824901018891456	-0.005616762076572801	0.00016403176148016563	0.001764488937362696	-0.0040576149530924255	0.00018458324386116942	0.004658604259164534
0.0005288415446453865	0.0012470739120666874	-0.0048678492818827745	-0.00027283403542299745	0.0009531667431155189	-0.0046817089486674845	-0.00037710135215651697	0.004596194859607383
-0.00028248064960179065	0.001746349108526779	-0.00555435267701565	-2.3196437192618546e-05	0.0012028043413454537	-0.0040576149530924255	0.00012217384430335265	0.004471376060492194
0.0015898013371229425	0.002807308901003447	-0.005491943277458056	0.00016403176148016563	0.001140394941788303	-0.00430725255132236	-0.00012746375392658216	0.004034510263589697
-0.0007193464465042876	0.0018087585080839297	-0.004368574085422683	3.921296236453209e-05	0.0008283479440009955	-0.003932796153977458	-6.505435436854334e-05	0.0040969196631472915
0.0017146201362379099	0.0018711679076419685	-0.0053047150787854935	-8.560583675021327e-05	0.0008283479440009955	-0.004182433752207615	-0.00012746375392658216	0.0038472820649169126
0.001277754339335413	0.001933577307198675	-0.003994117688078447	0.00035125996015272776	0.001140394941788303	-0.0038703867544198634	0.00024699264341876415	0.003909691464474951
0.0001543851473007063	0.0018711679076419685	-0.005991218473917925	-8.560583675021327e-05	0.0010155761426735577	-0.0038079773548622686	-2.644954811836797e-06	0.004284147861819632
0.0013401637388930077	0.002370443104101616	-0.005679171476130396	3.921296236453209e-05	0.0012652137409034925	-0.004432071350437106	-0.00012746375392658216	0.003972100864032546
-0.0004072994487169801	0.0016215303094115896	-0.004992668080997964	0.0001016223619225709	0.0018893077364778854	-0.003932796153977458	0.00012217384430335265	0.004533785460049344
0.0014025731384506024	0.0021208055058714592	-0.006677721869050357	-8.560583675021327e-05	0.0013276231404610872	-0.004744118348224857	-2.644954811836797e-06	0.004408966660934599
-0.0005321182478317255	0.0027448995014467403	-0.00555435267701565	-0.00021042463586540272	0.0015148513391329832	-0.0046817089486674845	5.976444474620202e-05	0.004596194859607383
0.0015273919375653477	0.002183214905429054	-0.00555435267701565	0.00016403176148016563	0.0018893077364778854	-0.0044944807499947	0.00018458324386116942	0.005033060656509214
0.0004040227455310852	0.0031817652983492373	-0.0053047150787854935	-0.000335243434979704	0.0010155761426735577	-0.00568025934158678	-0.0004395107517136676	0.0034728256675724545
2.956634818573889e-05	0.002807308901003447	-0.004555802284095467	0.00028885056059468894	0.0013900325400177937	-0.0040576149530924255	0.00018458324386116942	0.004471376060492194
0.00190184833491025	0.0029321277001188584	-0.006303265471705455	0.0001016223619225709	0.0009531667431155189	-0.004182433752207615	-2.644954811836797e-06	0.003972100864032546
-0.0001576618504866012	0.0026824901018891456	-0.004930258681440813	0.0001016223619225709	0.0012028043413454537	-0.004120024352649576	0.00018458324386116942	0.004034510263589697
0.001464982538007753	0.0013718927111818768	-0.006178446672590265	-0.000148015236307808	0.0007659385444434008	-0.003995205553535275	-0.0002522825530413275	0.004908241857394469
0.0003416133459730464	0.0018087585080839297	-0.006864950067722253	0.0001016223619225709	0.001764488937362696	-0.0030590645601726862	-0.00031469195259892224	0.003909691464474951
0.000840888542432694	0.0009974363138367526	-0.0059288090743598865	-0.00021042463586540272	0.0016396701382479506	-0.002934245761057497	0.00012217384430335265	0.005095470056067253
-3.2843051371855836e-05	0.0009974363138367526	-0.006303265471705455	0.00022644116103709422	0.001764488937362696	-0.003495930357075183	0.00012217384430335265	0.005033060656509214
0.0015898013371229425	0.0020583961063138645	-0.005242305679227899	3.921296236453209e-05	0.0015772607386903559	-0.00424484315176521	5.976444474620202e-05	0.004596194859607383
0.0015898013371229425	0.0018711679076419685	-0.006428084270819978	-0.000148015236307808	0.0010779855422307083	-0.0044944807499947	-0.0002522825530413275	0.004408966660934599
0.00021679454685852306	0.0034938122961363227	-0.006053627873475076	-2.3196437192618546e-05	0.0014524419395753885	-0.004619299549109668	-6.505435436854334e-05	0.004533785460049344
0.0015273919375653477	0.0033689934970211333	-0.0040565270876355974	0.00035125996015272776	0.0013900325400177937	-0.004868937147340047	0.0003094020429759148	0.004159329062704442
0.0001543851473007063	0.002807308901003447	-0.005866399674802292	-0.00021042463586540272	0.0006411197453282114	-0.0046817089486674845	-0.00012746375392658216	0.0034728256675724545
0.0015898013371229425	0.0031817652983492373	-0.00624085607214786	-0.00021042463586540272	0.0005163009462130219	-0.005118574745569537	5.976444474620202e-05	0.004221738462262037
-0.0001576618504866012	0.002557671302773956	-0.005179896279670304	0.0001016223619225709	0.0016396701382479506	-0.0038079773548622686	0.00012217384430335265	0.0047210136587221285
0.00190184833491025	0.0020583961063138645	-0.006740131268607952	-0.00027283403542299745	0.0015148513391329832	-0.00430725255132236	-0.00031469195259892224	0.0040969196631472915
-0.00046970884827413073	0.001933577307198675	-0.0057415808756879905	0.00016403176148016563	0.001764488937362696	-0.0036831585557475233	5.976444474620202e-05	0.004471376060492194
0.00027920394641589574	0.0023080337045440213	-0.006490493670377573	0.00016403176148016563	0.0019517171360354801	-0.003371111557960438	0.00024699264341876415	0.005095470056067253
0.000840888542432694	0.002183214905429054	-0.006116037273032671	-0.0005224716336522661	0.0009531667431155189	-0.005368212343799916	-0.000564329550828857	0.0032855974688996703
-3.2843051371855836e-05	0.0028697183005614857	-0.004992668080997964	3.921296236453209e-05	0.0014524419395753885	-0.004556890149552295	0.00018458324386116942	0.004159329062704442
0.0019642577344678447	0.003431402896578728	-0.00624085607214786	3.921296236453209e-05	0.0010155761426735577	-0.004744118348224857	-0.00012746375392658216	0.0038472820649169126
9.197574774311157e-05	0.00418031569126831	-0.004430983484980722	0.00016403176148016563	0.0012028043413454537	-0.004931346546897197	-2.644954811836797e-06	0.0037224632658026113
0.0015898013371229425	0.002994537099676453	-0.004805439882325624	3.921296236453209e-05	0.0005163009462130219	-0.0040576149530924255	-0.00018987315348417688	0.004221738462262037
0.0003416133459730464	0.0028697183005614857	-0.006740131268607952	0.00016403176148016563	0.0012028043413454537	-0.004120024352649576	0.00012217384430335265	0.0040969196631472915
0.0014025731384506024	0.0024328525036587667	-0.006740131268607952	-0.0003976528345372987	0.0008907573435579241	-0.003308702158402843	-0.00037710135215651697	0.004471376060492194
0.0017146201362379099	0.0008726175147220072	-0.008050728659314776	-0.000148015236307808	0.0012028043413454537	-0.002871836361500346	-0.00018987315348417688	0.004658604259164534
-0.00046970884827413073	0.001122255112951498	-0.006365674871262383	0.0001016223619225709	0.0017020795378055453	-0.0029966551606150915	0.00012217384430335265	0.0047210136587221285
0.0015898013371229425	0.0008726175147220072	-0.006802540668165102	0.0001016223619225709	0.0017020795378055453	-0.0031838833592878757	0.00012217384430335265	0.004970651256951619
-0.0001576618504866012	0.0022456243049864266	-0.007426634663739939	-0.00027283403542299745	0.0016396701382479506	-0.00424484315176521	-0.00018987315348417688	0.004284147861819632
0.001464982538007753	0.003244174697906388	-0.005616762076572801	0.00016403176148016563	0.0018268983369207348	-0.005305802944242322	0.00024699264341876415	0.004783423058279723
0.0005288415446453865	0.003681040494808663	-0.005803990275245585	0.00016403176148016563	0.0008283479440009955	-0.006117125138489277	-0.0002522825530413275	0.003784872665359762
0.00190184833491025	0.004554772088613879	-0.006552903069935168	-0.00021042463586540272	0.0009531667431155189	-0.00642917213627725	-0.00012746375392658216	0.003535235067129605
-0.00034489004915938537	0.004429953289498245	-0.00555435267701565	0.0004136693597098784	0.0014524419395753885	-0.0046817089486674845	0.0003718114425335095	0.004408966660934599
-9.525245092900647e-05	0.0033689934970211333	-0.006428084270819978	-0.000335243434979704	0.0010155761426735577	-0.004806527747782452	-0.0002522825530413275	0.003597644466687422
0.001277754339335413	0.0019959867067562698	-0.00555435267701565	-8.560583675021327e-05	0.001140394941788303	-0.00424484315176521	-0.00018987315348417688	0.0032855974688996703
0.0003416133459730464	0.001746349108526779	-0.006740131268607952	0.0001016223619225709	0.0013900325400177937	-0.0028094269619427514	5.976444474620202e-05	0.004284147861819632
0.0016522107366803152	0.002183214905429054	-0.006116037273032671	0.00028885056059468894	0.0016396701382479506	-0.003308702158402843	0.00018458324386116942	0.003784872665359762
-0.0001576618504866012	0.0009974363138367526	-0.00624085607214786	-0.000148015236307808	0.0013900325400177937	-0.003371111557960438	0.00012217384430335265	0.004471376060492194
0.0022138953326982236	0.0020583961063138645	-0.007426634663739939	0.00016403176148016563	0.0018268983369207348	-0.004432071350437106	0.00012217384430335265	0.004221738462262037
2.956634818573889e-05	0.0029321277001188584	-0.0059288090743598865	-0.00021042463586540272	0.0008283479440009955	-0.004868937147340047	-0.00031469195259892224	0.0037224632658026113
0.0010905261406630729	0.0019959867067562698	-0.006740131268607952	-2.3196437192618546e-05	0.0012028043413454537	-0.0038703867544198634	0.00012217384430335265	0.004658604259164534
0.0010281167411054781	0.0034938122961363227	-0.00555435267701565	-2.3196437192618546e-05	0.0007659385444434008	-0.005305802944242322	-0.00031469195259892224	0.0034104162680144157
-3.2843051371855836e-05	0.003056946499234048	-0.0046806210832104345	0.00028885056059468894	0.0013900325400177937	-0.0040576149530924255	0.00043422084209066014	0.004471376060492194
0.0019642577344678447	0.002620080702331107	-0.007114587665952854	-0.000148015236307808	0.0007659385444434008	-0.003995205553535275	-0.00018987315348417688	0.0038472820649169126
-0.0001576618504866012	0.002807308901003447	-0.00555435267701565	0.0001016223619225709	0.0014524419395753885	-0.003745567955305118	-2.644954811836797e-06	0.0040969196631472915
0.0017770295357955046	0.0016839397089691843	-0.005991218473917925	0.00022644116103709422	0.0012652137409034925	-0.003308702158402843	-0.00018987315348417688	0.003972100864032546
0.00027920394641589574	0.0019959867067562698	-0.007676272261969874	-0.00027283403542299745	0.0012652137409034925	-0.004432071350437106	-0.0002522825530413275	0.003597644466687422
0.001277754339335413	0.0019959867067562698	-0.006740131268607952	0.00028885056059468894	0.0020765359351502255	-0.0032462927588452484	0.0003094020429759148	0.005095470056067253
0.0005912509442029812	0.0019959867067562698	-0.007988319259757626	-0.00021042463586540272	0.001140394941788303	-0.0044944807499947	-0.00031469195259892224	0.004284147861819632
-0.0001576618504866012	0.002994537099676453	-0.005991218473917925	-2.3196437192618546e-05	0.0017020795378055453	-0.004806527747782452	5.976444474620202e-05	0.004221738462262037
0.00190184833491025	0.0033065840974635385	-0.006428084270819978	0.00016403176148016563	0.001140394941788303	-0.004744118348224857	5.976444474620202e-05	0.004471376060492194
9.197574774311157e-05	0.00418031569126831	-0.006053627873475076	-2.3196437192618546e-05	0.0012028043413454537	-0.004931346546897197	-6.505435436854334e-05	0.004034510263589697
0.0012153449397782623	0.003431402896578728	-0.005055077480555559	-0.00027283403542299745	0.0007659385444434008	-0.005493031142914662	-0.00031469195259892224	0.004159329062704442
0.0007160697433181706	0.0037434498943662575	-0.005866399674802292	0.00028885056059468894	0.0012028043413454537	-0.003932796153977458	0.00024699264341876415	0.0032231880693420756
0.0019642577344678447	0.00380585929392363	-0.005616762076572801	0.00022644116103709422	0.0007659385444434008	-0.00430725255132236	-0.00012746375392658216	0.00291114107155499
-0.00028248064960179065	0.0024328525036587667	-0.005491943277458056	-0.000148015236307808	0.0008283479440009955	-0.0029966551606150915	-0.00012746375392658216	0.0037224632658026113
0.0022763047322553742	0.0016215303094115896	-0.007489044063297534	3.921296236453209e-05	0.0015148513391329832	-0.0030590645601726862	-2.644954811836797e-06	0.0038472820649169126
0.0015273919375653477	0.0006853893160494451	-0.0069897688668376645	3.921296236453209e-05	0.0015772607386903559	-0.0030590645601726862	-2.644954811836797e-06	0.0038472820649169126
0.0006536603437605759	0.0005605705169342556	-0.008612413255332685	-0.000148015236307808	0.0017020795378055453	-0.002060514167253169	-2.644954811836797e-06	0.0047210136587221285
0.0015273919375653477	0.0016839397089691843	-0.007114587665952854	0.00016403176148016563	0.0016396701382479506	-0.002684608162828006	5.976444474620202e-05	0.004284147861819632
-0.00022007125004419592	0.0014343021107392495	-0.005803990275245585	3.921296236453209e-05	0.0015772607386903559	-0.002871836361500346	0.00012217384430335265	0.003597644466687422
0.0013401637388930077	0.0022456243049864266	-0.0069897688668376645	-0.0003976528345372987	0.0005787103457706166	-0.0040576149530924255	0.00018458324386116942	0.0034728256675724545
-0.00022007125004419592	0.004117906291710716	-0.0046806210832104345	-2.3196437192618546e-05	0.0008283479440009955	-0.004744118348224857	0.00012217384430335265	0.003535235067129605
0.0018394389353526552	0.00393067809303882	-0.004805439882325624	-0.000148015236307808	0.0006411197453282114	-0.004619299549109668	-2.644954811836797e-06	0.0038472820649169126
0.00046643214508779174	0.00418031569126831	-0.005429533877900461	-0.000148015236307808	0.0005787103457706166	-0.00568025934158678	-0.00018987315348417688	0.00291114107155499
0.00027920394641589574	0.003056946499234048	-0.005991218473917925	0.00016403176148016563	0.0010155761426735577	-0.004182433752207615	0.00018458324386116942	0.004221738462262037
0.002338714131812525	0.0027448995014467403	-0.007738681661527469	0.0001016223619225709	0.0014524419395753885	-0.003558339756632334	5.976444474620202e-05	0.004596194859607383
-3.2843051371855836e-05	0.0018711679076419685	-0.007114587665952854	-2.3196437192618546e-05	0.0018268983369207348	-0.003558339756632334	-2.644954811836797e-06	0.004346557261377004
0.0017770295357955046	0.0010598457133939032	-0.008050728659314776	-2.3196437192618546e-05	0.0015772607386903559	-0.003308702158402843	-0.00018987315348417688	0.0051578794556246255
0.00046643214508779174	0.002557671302773956	-0.007364225264182345	0.00016403176148016563	0.002388582932937977	-0.0032462927588452484	-6.505435436854334e-05	0.004346557261377004
0.001277754339335413	0.002620080702331107	-0.0059288090743598865	-2.3196437192618546e-05	0.0012028043413454537	-0.00424484315176521	-0.00018987315348417688	0.004658604259164534
0.00021679454685852306	0.0031193558987907544	-0.006428084270819978	0.00016403176148016563	0.0012028043413454537	-0.005180984145127576	-2.644954811836797e-06	0.004346557261377004
0.00190184833491025	0.004866819086401186	-0.003494842491618355	0.00016403176148016563	0.0012652137409034925	-0.00568025934158678	0.00018458324386116942	0.004346557261377004
0.0019642577344678447	0.004429953289498245	-0.005367124478342866	-8.560583675021327e-05	0.00020425394842593647	-0.005180984145127576	-0.00012746375392658216	0.004284147861819632
0.0005912509442029812	0.004742000287286441	-0.00555435267701565	0.0001016223619225709	0.0010155761426735577	-0.004556890149552295	0.00012217384430335265	0.0047210136587221285
0.0016522107366803152	0.002994537099676453	-0.005491943277458056	0.0001016223619225709	0.0010155761426735577	-0.00430725255132236	5.976444474620202e-05	0.004471376060492194
0.0006536603437605759	0.001122255112951498	-0.008175547458429966	-0.00021042463586540272	0.001140394941788303	-0.002684608162828006	-0.00012746375392658216	0.004596194859607383
0.00190184833491025	0.001122255112951498	-0.008175547458429966	-2.3196437192618546e-05	0.0016396701382479506	-0.002434970564597627	-6.505435436854334e-05	0.004970651256951619
-0.00022007125004419592	0.00012370472003198074	-0.007364225264182345	3.921296236453209e-05	0.0019517171360354801	-0.0014988295712354827	0.00024699264341876415	0.0055947452525269
0.0021514859331397407	0.0007477987156068178	-0.008050728659314776	-0.00027283403542299745	0.001764488937362696	-0.003495930357075183	-0.00018987315348417688	0.005407517053854116
-0.0001576618504866012	0.0022456243049864266	-0.0059288090743598865	-2.3196437192618546e-05	0.0014524419395753885	-0.004744118348224857	-0.00018987315348417688	0.005532335852969306
0.0009032979419909548	0.0048044096868435915	-0.006116037273032671	0.0001016223619225709	0.0015772607386903559	-0.0044944807499947	0.00018458324386116942	0.006593295645446862
0.0013401637388930077	0.005740550680205958	-0.0051174868801131534	-0.000148015236307808	0.0008283479440009955	-0.006678809734506741	-0.0002522825530413275	0.00571956405164209
2.956634818573889e-05	0.005490913081975579	-0.004368574085422683	-8.560583675021327e-05	0.0008283479440009955	-0.006241943937604688	5.976444474620202e-05	0.006218839248101737
0.0020266671340254394	0.004866819086401186	-0.006490493670377573	-0.00021042463586540272	0.0004538915466554272	-0.005805078140701969	-0.0004395107517136676	0.0064060674467740775
0.0005288415446453865	0.004866819086401186	-0.0053047150787854935	0.00035125996015272776	0.0020765359351502255	-0.004619299549109668	-0.0002522825530413275	0.0055947452525269
0.0017146201362379099	0.0022456243049864266	-0.007176997065510005	-2.3196437192618546e-05	0.002201354734265415	-0.002434970564597627	0.00018458324386116942	0.006156429848544587
0.0006536603437605759	0.0022456243049864266	-0.007988319259757626	-0.00021042463586540272	0.0019517171360354801	-0.0034335209575171444	-0.0002522825530413275	0.005282698254739815
0.0014025731384506024	0.0014343021107392495	-0.007676272261969874	0.0001016223619225709	0.0020765359351502255	-0.002247742365925065	5.976444474620202e-05	0.006218839248101737
0.0020266671340254394	0.0026824901018891456	-0.007489044063297534	-2.3196437192618546e-05	0.0018268983369207348	-0.003308702158402843	-6.505435436854334e-05	0.006031611049428953
-0.0001576618504866012	0.003618631095251068	-0.005179896279670304	3.921296236453209e-05	0.001764488937362696	-0.004182433752207615	0.00012217384430335265	0.006530886245888823
0.00190184833491025	0.0037434498943662575	-0.00555435267701565	-2.3196437192618546e-05	0.0007659385444434008	-0.00430725255132236	-6.505435436854334e-05	0.006281248647659332
9.197574774311157e-05	0.005303684883303239	-0.0051174868801131534	-8.560583675021327e-05	0.0005787103457706166	-0.004806527747782452	-0.00018987315348417688	0.006094020448986992
0.0011529355402202235	0.004742000287286441	-0.003682070690290251	-8.560583675021327e-05	0.0002666633479835312	-0.005430621743357067	0.0003094020429759148	0.006905342643234169
0.0005288415446453865	0.004055496892154009	-0.004992668080997964	0.00022644116103709422	0.0005163009462130219	-0.003932796153977458	-0.0004395107517136676	0.005657154652084495
0.0016522107366803152	0.003244174697906388	-0.006677721869050357	0.00028885056059468894	0.0018893077364778854	-0.0025597893637123725	0.00043422084209066014	0.006468476846331672
0.0001543851473007063	0.002183214905429054	-0.008612413255332685	-0.0005224716336522661	0.000703529144885362	-0.0021229235668103197	-0.0006891483499440465	0.005033060656509214
0.00021679454685852306	0.0012470739120666874	-0.008113138058872371	-2.3196437192618546e-05	0.002014126535593075	-0.0018732859685803849	-2.644954811836797e-06	0.00590679225031443
0.0014025731384506024	0.0009974363138367526	-0.006927359467279848	0.00016403176148016563	0.0019517171360354801	-0.0025597893637123725	-2.644954811836797e-06	0.006655705045004012
0.0005912509442029812	0.0021208055058714592	-0.007239406465067155	3.921296236453209e-05	0.0022637641338225656	-0.0023725611650404765	0.00024699264341876415	0.00790389303615413
0.0015273919375653477	0.004117906291710716	-0.006303265471705455	-2.3196437192618546e-05	0.0019517171360354801	-0.0046817089486674845	-0.00012746375392658216	0.009339309225976145
-0.0004072994487169801	0.004929228485958337	-0.004992668080997964	-8.560583675021327e-05	0.0014524419395753885	-0.005555440542472478	5.976444474620202e-05	0.009963403221551426
0.0021514859331397407	0.006364644675780795	-0.0053047150787854935	0.00016403176148016563	0.0013276231404610872	-0.006741219134064336	5.976444474620202e-05	0.010337859618895662
-9.525245092900647e-05	0.007238376269586011	-0.0042437552863079375	-2.3196437192618546e-05	0.0007659385444434008	-0.006179534538047093	-2.644954811836797e-06	0.009464128025091778
0.0015273919375653477	0.005490913081975579	-0.005866399674802292	3.921296236453209e-05	0.0012028043413454537	-0.0044944807499947	0.00012217384430335265	0.009214490426860955
0.0016522107366803152	0.004492362689056284	-0.005429533877900461	0.0001016223619225709	0.0018893077364778854	-0.004619299549109668	0.00012217384430335265	0.008465577632171817
0.0001543851473007063	0.0021208055058714592	-0.0069897688668376645	-0.000148015236307808	0.0015148513391329832	-0.0034335209575171444	-6.505435436854334e-05	0.007529436638809006
0.0022763047322553742	0.0020583961063138645	-0.008362775657102306	-0.00021042463586540272	0.0017020795378055453	-0.002871836361500346	-0.0002522825530413275	0.006967752042791764
-3.2843051371855836e-05	0.0018711679076419685	-0.007239406465067155	-0.00021042463586540272	0.002201354734265415	-0.0027470175623851567	-0.0002522825530413275	0.007966302435711725
0.002525942330485531	0.0016839397089691843	-0.007301815864625638	0.0004760787592674731	0.002450992332495572	-0.0018732859685803849	-0.00018987315348417688	0.007654255437924196
0.00021679454685852306	0.0026824901018891456	-0.007426634663739939	-0.00027283403542299745	0.0015148513391329832	-0.0036831585557475233	-2.644954811836797e-06	0.008215940033941216
0.0013401637388930077	0.0031817652983492373	-0.005429533877900461	0.0001016223619225709	0.001140394941788303	-0.002497379964155666	0.00018458324386116942	0.008340758833056183
0.0005288415446453865	0.003244174697906388	-0.0051174868801131534	3.921296236453209e-05	0.0008907573435579241	-0.0040576149530924255	-2.644954811836797e-06	0.008215940033941216
-0.0007193464465042876	0.0043051344903835	-0.003307614292945571	-2.3196437192618546e-05	0.0008907573435579241	-0.0044944807499947	-2.644954811836797e-06	0.008590396431286118
0.002089076533583034	0.0037434498943662575	-0.004805439882325624	0.00016403176148016563	0.000703529144885362	-0.0032462927588452484	0.00012217384430335265	0.008527987031728523
0.00027920394641589574	0.0043675438899410945	-0.0053047150787854935	0.0001016223619225709	0.0013900325400177937	-0.003495930357075183	0.00018458324386116942	0.008964852828631242
0.0011529355402202235	0.0028697183005614857	-0.005429533877900461	-0.00021042463586540272	0.0009531667431155189	-0.004432071350437106	-0.00037710135215651697	0.008964852828631242
0.0009657073415478834	0.0029321277001188584	-0.006490493670377573	0.00035125996015272776	0.0021389453347082643	-0.0023725611650404765	-0.00031469195259892224	0.008465577632171817
0.0016522107366803152	0.0027448995014467403	-0.007613862862412724	-0.00027283403542299745	0.002014126535593075	-0.0030590645601726862	-0.00012746375392658216	0.009713765623321269
-3.2843051371855836e-05	0.0022456243049864266	-0.006864950067722253	-2.3196437192618546e-05	0.0019517171360354801	-0.003121473959730281	-0.00012746375392658216	0.009838584422436014
0.0022138953326982236	0.0027448995014467403	-0.006552903069935168	3.921296236453209e-05	0.002575811131610317	-0.0040576149530924255	0.00012217384430335265	0.011149181813143727
0.0015273919375653477	0.00380585929392363	-0.00555435267701565	3.921296236453209e-05	0.0019517171360354801	-0.00424484315176521	-2.644954811836797e-06	0.010961953614470943
0.00046643214508779174	0.005241275483745866	-0.005179896279670304	0.00022644116103709422	0.002014126535593075	-0.0036831585557475233	0.0003094020429759148	0.011398819411372996
0.0007784791428753213	0.005740550680205958	-0.0042437552863079375	-0.00027283403542299745	0.001140394941788303	-0.005929896939817159	-0.00031469195259892224	0.010899544214913348
-0.0005321182478317255	0.005303684883303239	-0.00374448008984829	-0.000335243434979704	0.0009531667431155189	-0.005430621743357067	-0.00018987315348417688	0.010712316016240564
0.0021514859331397407	0.005678141280648363	-0.004805439882325624	0.00028885056059468894	0.0012028043413454537	-0.004432071350437106	0.00024699264341876415	0.009963403221551426
0.0001543851473007063	0.00505404728507397	-0.0040565270876355974	0.00022644116103709422	0.0008907573435579241	-0.0032462927588452484	-0.0002522825530413275	0.008028711835268432
0.0017770295357955046	0.002557671302773956	-0.005679171476130396	-0.000148015236307808	0.0015772607386903559	-0.0021229235668103197	-6.505435436854334e-05	0.007092570841906953
0.0007160697433181706	0.002183214905429054	-0.006428084270819978	0.0001016223619225709	0.0018893077364778854	-0.0018732859685803849	5.976444474620202e-05	0.007092570841906953
0.0007160697433181706	-1.1140790832087077e-06	-0.007426634663739939	0.00016403176148016563	0.0021389453347082643	-0.00018823218052843593	0.00024699264341876415	0.006530886245888823
0.0019642577344678447	0.00037334231826191555	-0.008300366257545155	-0.00027283403542299745	0.0018268983369207348	-0.0011867825734483972	-0.00037710135215651697	0.005844382850756613
-0.0004072994487169801	0.0016839397089691843	-0.0053047150787854935	0.00016403176148016563	0.002388582932937977	-0.00162364837035045	0.00018458324386116942	0.007841483636596536
0.0016522107366803152	0.0018087585080839297	-0.005179896279670304	0.0001016223619225709	0.0015148513391329832	-0.0018108765690227902	0.00012217384430335265	0.008777624629958902
-9.525245092900647e-05	0.004242725090825905	-0.004368574085422683	-8.560583675021327e-05	0.0013900325400177937	-0.0030590645601726862	-0.0002522825530413275	0.009963403221551426
0.0006536603437605759	0.004742000287286441	-0.002870748496043518	-8.560583675021327e-05	0.0012652137409034925	-0.003932796153977458	0.00024699264341876415	0.01058749721712604
0.00027920394641589574	0.00505404728507397	-0.0031827954938308256	-0.00027283403542299745	0.0009531667431155189	-0.004868937147340047	-0.00031469195259892224	0.010400269018453256
0.0015273919375653477	0.005241275483745866	-0.0040565270876355974	-2.3196437192618546e-05	0.0015148513391329832	-0.003745567955305118	5.976444474620202e-05	0.010525087817568446
0.002338714131812525	0.002620080702331107	-0.006365674871262383	0.0001016223619225709	0.0015148513391329832	-0.0021853329663679144	5.976444474620202e-05	0.009027262228188615
0.0001543851473007063	0.002370443104101616	-0.007052178266395259	-0.000148015236307808	0.002201354734265415	-0.002060514167253169	-6.505435436854334e-05	0.009214490426860955
0.001464982538007753	0.0007477987156068178	-0.007052178266395259	-0.000148015236307808	0.002014126535593075	-0.0016860577699080448	-0.0002522825530413275	0.008403168232614222
0.0005912509442029812	0.0010598457133939032	-0.007676272261969874	-0.000148015236307808	0.0021389453347082643	-0.000812326176103495	-0.00012746375392658216	0.00958894682420608
0.0017770295357955046	0.0028697183005614857	-0.005429533877900461	0.00035125996015272776	0.0027006299307250625	-0.00162364837035045	-0.00012746375392658216	0.00977617502287842
-0.00028248064960179065	0.0029321277001188584	-0.004306164685865532	-0.000148015236307808	0.0006411197453282114	-0.003558339756632334	-2.644954811836797e-06	0.010213040819780916
0.0017146201362379099	0.004679590887728402	-0.004181345886750343	0.0001016223619225709	0.0008907573435579241	-0.004619299549109668	5.976444474620202e-05	0.012334960404735806
-0.0005321182478317255	0.0066766916735678805	-0.001997016902238302	0.00022644116103709422	0.0002666633479835312	-0.004432071350437106	0.00018458324386116942	0.012272551005178212
2.956634818573889e-05	0.0054285036824184285	-0.004118936487193192	-0.00021042463586540272	0.0001418445488685638	-0.003995205553535275	-6.505435436854334e-05	0.011398819411372996
0.0014025731384506024	0.004742000287286441	-0.004118936487193192	0.0001016223619225709	0.0004538915466554272	-0.003558339756632334	-6.505435436854334e-05	0.011461228810930812
0.0005912509442029812	0.0020583961063138645	-0.005491943277458056	0.00028885056059468894	0.0010155761426735577	-0.0011243731738908025	0.0003718114425335095	0.010088222020666171
0.0021514859331397407	0.00018611411958957547	-0.008924460253119992	-0.00046006223409489344	0.0006411197453282114	-0.0005626885778731161	-0.0005019201512712623	0.008403168232614222
-9.525245092900647e-05	0.00012370472003198074	-0.007364225264182345	-8.560583675021327e-05	0.0018268983369207348	0.00031104301593165573	0.00018458324386116942	0.008403168232614222
0.00190184833491025	-0.0006252080746580457	-0.007301815864625638	0.00028885056059468894	0.0018893077364778854	-0.00018823218052843593	-6.505435436854334e-05	0.00977617502287842
0.00027920394641589574	0.0012470739120666874	-0.007239406465067155	0.0001016223619225709	0.0017020795378055453	-0.002060514167253169	5.976444474620202e-05	0.012584598002965741
0.0010905261406630729	0.002994537099676453	-0.004118936487193192	-0.00021042463586540272	0.0007659385444434008	-0.0027470175623851567	-0.00018987315348417688	0.013395920197212474
0.001464982538007753	0.006926329271798037	-0.002870748496043518	0.00028885056059468894	0.0008907573435579241	-0.0038703867544198634	0.00024699264341876415	0.0157674773803973
-0.0013434404420789026	0.007175966870028416	-0.0016849699044507727	-0.00021042463586540272	0.0001418445488685638	-0.005305802944242322	-0.00018987315348417688	0.017265302969777352
0.0014025731384506024	0.0063022352762232	-0.0033700236925031657	-2.3196437192618546e-05	-0.00023261184847656047	-0.004619299549109668	-6.505435436854334e-05	0.01626675257685739
9.197574774311157e-05	0.0063022352762232	-0.004743030482768029	3.921296236453209e-05	0.0005163009462130219	-0.0036207491561899285	-2.644954811836797e-06	0.016453980775530175
0.001464982538007753	0.0037434498943662575	-0.00555435267701565	0.0001016223619225709	0.0007659385444434008	-0.002434970564597627	5.976444474620202e-05	0.012334960404735806
0.0007784791428753213	0.001746349108526779	-0.008050728659314776	3.921296236453209e-05	0.0015772607386903559	-0.000375460379200776	-0.00018987315348417688	0.01177327580871812
0.0016522107366803152	0.0015591209098539949	-0.008362775657102306	0.0001016223619225709	0.0019517171360354801	0.0006230900137191853	0.00018458324386116942	0.011648457009603375
0.0001543851473007063	0.0005605705169342556	-0.008799641454004803	-0.00027283403542299745	0.0010155761426735577	-0.0003130509796431813	-0.00031469195259892224	0.010462678418011295
-0.0001576618504866012	0.0035562216956939174	-0.005991218473917925	0.0001016223619225709	0.0017020795378055453	-0.0012491919730051038	0.00018458324386116942	0.014144832991902945
0.0012153449397782623	0.004055496892154009	-0.0046806210832104345	0.0001016223619225709	0.0006411197453282114	-0.0023725611650404765	5.976444474620202e-05	0.014644108188362814
0.0001543851473007063	0.005303684883303239	-0.004618211683653062	-2.3196437192618546e-05	0.00039148214709783247	-0.002684608162828006	5.976444474620202e-05	0.014893745786592527
0.0007784791428753213	0.00611500707755086	-0.0032452048933879762	-0.00021042463586540272	-0.00017020244891896574	-0.0038703867544198634	-0.00018987315348417688	0.014394470590132435
-0.0005321182478317255	0.0048044096868435915	-0.00355725189117595	-0.000148015236307808	-0.0007318870449364301	-0.0031838833592878757	5.976444474620202e-05	0.012896645000752827
0.0020266671340254394	0.004117906291710716	-0.00555435267701565	0.0001016223619225709	-0.00010779304936181511	-0.0014364201716776659	-6.505435436854334e-05	0.012834235601195676
-0.0004072994487169801	0.003056946499234048	-0.00555435267701565	3.921296236453209e-05	-0.0003574306475917499	-1.0039818558738034e-06	-6.505435436854334e-05	0.011024363014028538
0.00190184833491025	0.0006229799164916283	-0.008487594456217495	0.0001016223619225709	0.0008283479440009955	0.0008727276119493421	0.00018458324386116942	0.011274000612258472
0.0010905261406630729	0.0008726175147220072	-0.007301815864625638	-0.000148015236307808	0.00039148214709783247	-0.000375460379200776	-0.00018987315348417688	0.012959054400310421
0.00021679454685852306	0.0009974363138367526	-0.007301815864625638	-2.3196437192618546e-05	0.0005787103457706166	-1.0039818558738034e-06	-6.505435436854334e-05	0.013583148395885258
0.0018394389353526552	0.0035562216956939174	-0.006490493670377573	3.921296236453209e-05	0.0006411197453282114	-0.0011243731738908025	-6.505435436854334e-05	0.015517839782167808
-0.000844165245619477	0.005303684883303239	-0.00355725189117595	3.921296236453209e-05	0.0008907573435579241	-0.002247742365925065	0.00012217384430335265	0.018638309760042215
0.0009657073415478834	0.0054285036824184285	-0.0038692988889628133	-0.000148015236307808	-0.00041984004714934464	-0.003371111557960438	-6.505435436854334e-05	0.020011316550306413
-0.0005321182478317255	0.007175966870028416	-0.003057976694715858	-0.00021042463586540272	-0.00010779304936181511	-0.003558339756632334	5.976444474620202e-05	0.020073725949864007
0.0005288415446453865	0.006739101073125919	-0.0023090639000260538	-8.560583675021327e-05	-0.0003574306475917499	-0.0025597893637123725	-2.644954811836797e-06	0.017577349967564437
-9.525245092900647e-05	0.005116456684630677	-0.005491943277458056	-0.00021042463586540272	-0.00017020244891896574	-0.002497379964155666	-0.0002522825530413275	0.016141933777742423
-0.00022007125004419592	0.002994537099676453	-0.00555435267701565	0.00016403176148016563	0.00020425394842593647	-0.0008747355756608677	0.00012217384430335265	0.015205792784380057
0.002525942330485531	0.0015591209098539949	-0.007988319259757626	0.00022644116103709422	7.943514931074702e-05	6.140541770172092e-05	-2.644954811836797e-06	0.012584598002965741
-3.2843051371855836e-05	0.002183214905429054	-0.007426634663739939	-2.3196437192618546e-05	0.0006411197453282114	-6.341338141324648e-05	0.00012217384430335265	0.01389519539367301
0.0016522107366803152	0.0014343021107392495	-0.006802540668165102	0.00022644116103709422	0.0002666633479835312	-6.341338141324648e-05	0.00024699264341876415	0.01426965179101769
0.00021679454685852306	0.001933577307198675	-0.007988319259757626	-0.00021042463586540272	-0.00017020244891896574	-0.0005002791783159655	0.00024699264341876415	0.017265302969777352
0.0012153449397782623	0.003993087492596414	-0.005055077480555559	0.00028885056059468894	-0.0004822494467064953	-0.0018732859685803849	-0.00012746375392658216	0.017140484170662162
-0.0007817558460614382	0.0034938122961363227	-0.004430983484980722	0.0001016223619225709	-0.0006070682458221288	-0.0021853329663679144	-2.644954811836797e-06	0.016766027773316816
0.001464982538007753	0.004742000287286441	-0.0026211108978135833	0.00022644116103709422	7.943514931074702e-05	-0.002247742365925065	0.0003094020429759148	0.01870071915959981
0.0009032979419909548	0.00393067809303882	-0.004118936487193192	-0.000148015236307808	-0.0012935716409541165	-0.0023101517654826598	-0.00012746375392658216	0.01664120897420207
0.00027920394641589574	0.004117906291710716	-0.005616762076572801	-2.3196437192618546e-05	-0.0007318870449364301	-0.0015612389707930774	-2.644954811836797e-06	0.016017114978627678
0.0009657073415478834	0.0033689934970211333	-0.0053047150787854935	-2.3196437192618546e-05	-0.0006694776453788354	-0.0014988295712354827	-0.00018987315348417688	0.016329161976414985
0.00027920394641589574	0.00130948331162406	-0.006552903069935168	-0.000148015236307808	-0.0006070682458221288	-0.00025064158008558657	-6.505435436854334e-05	0.013458329596770513
0.0022763047322553742	0.0016215303094115896	-0.007925909860200031	3.921296236453209e-05	-0.00041984004714934464	-6.341338141324648e-05	5.976444474620202e-05	0.015517839782167808
-0.0004072994487169801	0.0020583961063138645	-0.00624085607214786	0.0001016223619225709	-0.00023261184847656047	-0.0001258227809708412	0.00024699264341876415	0.01564265858128211
0.0019642577344678447	0.0018711679076419685	-0.00624085607214786	-0.00027283403542299745	-0.00041984004714934464	-0.0013740107721202932	-0.0002522825530413275	0.017202893570219757
-0.00028248064960179065	0.0035562216956939174	-0.0038692988889628133	-0.000148015236307808	-0.0008567058440513975	-0.0023101517654826598	-0.0002522825530413275	0.01907517555694449
-0.0001576618504866012	0.005178866084188272	-0.0033700236925031657	0.00022644116103709422	-0.0007318870449364301	-0.0018732859685803849	0.0003718114425335095	0.01969926955251977
0.0005288415446453865	0.006177416477108455	-0.0032452048933879762	-0.00027283403542299745	-0.0014183904400688618	-0.003495930357075183	-0.00031469195259892224	0.019824088351634073
-0.0012186216429641572	0.005990188278435449	-0.0021218357013534916	3.921296236453209e-05	-0.0012935716409541165	-0.0029966551606150915	0.00012217384430335265	0.02044818234720891
0.0015898013371229425	0.0048044096868435915	-0.004618211683653062	3.921296236453209e-05	-0.0018552562369709147	-0.002434970564597627	-0.00018987315348417688	0.01801421576446738
9.197574774311157e-05	0.00505404728507397	-0.0048678492818827745	0.00022644116103709422	-0.0007942964444940248	-0.0014364201716776659	-0.0002522825530413275	0.016204343177300018
0.0010281167411054781	0.0024328525036587667	-0.006116037273032671	-0.00027283403542299745	-0.0010439340427237376	-0.00018823218052843593	-6.505435436854334e-05	0.014144832991902945
0.0006536603437605759	0.0012470739120666874	-0.008237956857987117	0.00028885056059468894	-0.00023261184847656047	0.000248633616374061	0.00018458324386116942	0.014956155186150122
0.0020266671340254394	0.001746349108526779	-0.007301815864625638	-8.560583675021327e-05	-0.0007942964444940248	0.000248633616374061	-6.505435436854334e-05	0.015330611583495246
0.0022138953326982236	0.0013718927111818768	-0.008050728659314776	-2.3196437192618546e-05	-0.0009191152436094363	-0.00018823218052843593	-2.644954811836797e-06	0.015268202183937207
-0.0009689840447342224	0.003244174697906388	-0.005616762076572801	-0.000148015236307808	-0.0009815246431661429	-0.0011243731738908025	-6.505435436854334e-05	0.018638309760042215
0.0009657073415478834	0.0037434498943662575	-0.0038692988889628133	0.00022644116103709422	-0.0013559810405112671	-0.0014988295712354827	0.00024699264341876415	0.019948907150748818
-0.00046970884827413073	0.005241275483745866	-0.0042437552863079375	-0.000148015236307808	-0.002042484435643699	-0.0023725611650404765	-2.644954811836797e-06	0.023506242925526166
2.956634818573889e-05	0.006926329271798037	-0.0023714732995836485	-8.560583675021327e-05	-0.0025417596321033464	-0.003495930357075183	-0.00018987315348417688	0.0237558805237561
-0.0010313934442918171	0.00611500707755086	-0.003057976694715858	-0.000148015236307808	-0.0027289878307761306	-0.0027470175623851567	5.976444474620202e-05	0.02275733013083614
0.0017146201362379099	0.006177416477108455	-0.004743030482768029	3.921296236453209e-05	-0.002042484435643699	-0.002060514167253169	0.00018458324386116942	0.02294455832950848
-0.0005945276473888761	0.005615731881090769	-0.006927359467279848	-8.560583675021327e-05	-0.0025417596321033464	-0.0013116013725631426	-0.00018987315348417688	0.019948907150748818
0.0005912509442029812	0.0029321277001188584	-0.008113138058872371	0.0001016223619225709	-0.001168752841838927	-0.00018823218052843593	5.976444474620202e-05	0.019387222554731798
0.001277754339335413	0.0019959867067562698	-0.007613862862412724	0.0001016223619225709	-0.0009815246431661429	-0.00025064158008558657	5.976444474620202e-05	0.019012766157386896
0.00027920394641589574	0.0008102081151644125	-0.008362775657102306	-0.00021042463586540272	-0.0009815246431661429	0.00012381481725931565	-6.505435436854334e-05	0.016766027773316816
0.0017770295357955046	0.002807308901003447	-0.007176997065510005	0.0001016223619225709	-0.0008567058440513975	-0.0005626885778731161	-2.644954811836797e-06	0.018326262762254464
-0.0009065746451761836	0.0033689934970211333	-0.004743030482768029	-0.000148015236307808	-0.0012935716409541165	-0.0012491919730051038	0.00012217384430335265	0.017577349967564437
0.001464982538007753	0.00418031569126831	-0.004368574085422683	0.0001016223619225709	-0.003041034828563438	-0.0032462927588452484	-0.0004395107517136676	0.018825537958714555
-0.0012186216429641572	0.005678141280648363	-0.00355725189117595	0.00028885056059468894	-0.0032282630272362223	-0.0030590645601726862	0.00012217384430335265	0.019636860152961733
0.0007784791428753213	0.005990188278435449	-0.004493392884537872	-2.3196437192618546e-05	-0.003977175821926027	-0.002684608162828006	0.00012217384430335265	0.01870071915959981
0.0013401637388930077	0.004866819086401186	-0.005179896279670304	3.921296236453209e-05	-0.003727538223696092	-0.0025597893637123725	5.976444474620202e-05	0.01926240375561661
-0.0004072994487169801	0.0024952619032163614	-0.006178446672590265	-0.000148015236307808	-0.003727538223696092	-0.0014364201716776659	-0.00018987315348417688	0.018326262762254464
0.002713170529157427	0.0008102081151644125	-0.008674822654890058	0.00028885056059468894	-0.0026041690316613852	6.140541770172092e-05	0.0003094020429759148	0.01570506798084015
-3.2843051371855836e-05	0.0006853893160494451	-0.008550003855774424	-0.000148015236307808	-0.002229712634316039	0.00018622421681646628	-6.505435436854334e-05	0.017265302969777352
0.001277754339335413	0.0002485235191467261	-0.007613862862412724	0.00016403176148016563	-0.0026041690316613852	0.00031104301593165573	0.00018458324386116942	0.01845108156136921
0.00046643214508779174	0.0014967115102968442	-0.007676272261969874	0.00016403176148016563	-0.003103444228121255	-0.0014364201716776659	-0.00018987315348417688	0.02125950454145653
0.0006536603437605759	0.0033689934970211333	-0.0053047150787854935	-0.000148015236307808	-0.004039585221483399	-0.0019981047676955743	-0.00012746375392658216	0.02313178652818082
-0.0010938028438489678	0.004492362689056284	-0.002933157895601113	0.00022644116103709422	-0.004351632219270929	-0.002684608162828006	0.00012217384430335265	0.024192746320658598
-0.0019051250380961449	0.007488013867815058	-0.0015601511053362493	-0.000335243434979704	-0.005100545013960511	-0.0038079773548622686	-0.0002522825530413275	0.02525370611313571
0.0007160697433181706	0.00611500707755086	-0.002246654500468681	-2.3196437192618546e-05	-0.005100545013960511	-0.003371111557960438	-6.505435436854334e-05	0.02232046433393342
0.0001543851473007063	0.005490913081975579	-0.0042437552863079375	0.0001016223619225709	-0.003977175821926027	-0.0021229235668103197	0.00012217384430335265	0.019387222554731798
0.0009657073415478834	0.003618631095251068	-0.004493392884537872	0.00016403176148016563	-0.0034154912259085624	-0.0014364201716776659	5.976444474620202e-05	0.014644108188362814
0.00027920394641589574	0.0009350269142791579	-0.006802540668165102	-2.3196437192618546e-05	-0.0032282630272362223	-0.000375460379200776	-6.505435436854334e-05	0.013832785994115415
0.002089076533583034	0.0007477987156068178	-0.007988319259757626	0.0001016223619225709	-0.0027913972303337253	0.0004358618150468452	0.00024699264341876415	0.016079524378184606
-0.00022007125004419592	0.0007477987156068178	-0.006740131268607952	-0.00021042463586540272	-0.00410199462104055	-0.0006250979774307108	-0.0002522825530413275	0.015954705579070083
0.0017146201362379099	0.0004357517178190662	-0.005803990275245585	-0.00021042463586540272	-0.004164404020598145	-0.0012491919730051038	-6.505435436854334e-05	0.019761678952076478
0.0003416133459730464	0.0043675438899410945	-0.0036196612907335446	0.0001016223619225709	-0.005038135614402917	-0.0019981047676955743	5.976444474620202e-05	0.02232046433393342
-0.00034489004915938537	0.0048044096868435915	-0.003682070690290251	3.921296236453209e-05	-0.0052877732126332955	-0.0019981047676955743	0.00018458324386116942	0.021758779737916623
0.0005288415446453865	0.0058653694793211475	-0.002933157895601113	3.921296236453209e-05	-0.005662229609978198	-0.0027470175623851567	-2.644954811836797e-06	0.022133236135261303
-0.001468259241194092	0.004866819086401186	-0.0027459296969283287	-8.560583675021327e-05	-0.006036686007322878	-0.002434970564597627	-0.00018987315348417688	0.018825537958714555
0.0016522107366803152	0.0034938122961363227	-0.004992668080997964	0.00016403176148016563	-0.005724639009535348	-0.0016860577699080448	-2.644954811836797e-06	0.018139034563582124
-0.0006569370469464708	0.0031817652983492373	-0.005491943277458056	-0.000148015236307808	-0.005599820210420603	-0.000999554374775613	-0.00012746375392658216	0.01651639017508777
0.0012153449397782623	0.0011846645125095367	-0.006116037273032671	-2.3196437192618546e-05	-0.0052877732126332955	-0.00025064158008558657	-0.00012746375392658216	0.015268202183937207
0.0006536603437605759	0.0005605705169342556	-0.006615312469492762	0.00016403176148016563	-0.004975726214845766	-0.000375460379200776	5.976444474620202e-05	0.01695325597198938
-0.00022007125004419592	0.00130948331162406	-0.005991218473917925	-2.3196437192618546e-05	-0.005350182612190446	-0.0005002791783159655	5.976444474620202e-05	0.017577349967564437
0.0018394389353526552	0.002620080702331107	-0.005991218473917925	3.921296236453209e-05	-0.005849457808650538	-0.0012491919730051038	-0.00012746375392658216	0.017639759367122032
-0.0009689840447342224	0.004554772088613879	-0.0028083390964854793	0.0001016223619225709	-0.005537410810863008	-0.0014364201716776659	0.00024699264341876415	0.02044818234720891
0.0003416133459730464	0.00418031569126831	-0.0026211108978135833	-0.00027283403542299745	-0.006972827000685244	-0.0026221987632704113	-0.00031469195259892224	0.019324813155174425
-0.0006569370469464708	0.005615731881090769	-0.0023090639000260538	-2.3196437192618546e-05	-0.0067231894024548655	-0.002497379964155666	0.0003718114425335095	0.020136135349421824
0.00021679454685852306	0.006177416477108455	-0.0009360571097616344	0.00035125996015272776	-0.007160055199358029	-0.002434970564597627	-0.00018987315348417688	0.017452531168449692
-0.0010938028438489678	0.004055496892154009	-0.003057976694715858	-0.000335243434979704	-0.00678559880201246	-0.0021853329663679144	-0.00031469195259892224	0.015330611583495246
0.0011529355402202235	0.003431402896578728	-0.004368574085422683	0.00022644116103709422	-0.005724639009535348	-0.0005626885778731161	0.0003094020429759148	0.015018564585707717
0.002089076533583034	0.0004357517178190662	-0.006677721869050357	0.00028885056059468894	-0.005787048409093387	-0.00018823218052843593	0.00018458324386116942	0.011960504007390904
0.00027920394641589574	0.0003109329187043208	-0.007426634663739939	-0.000148015236307808	-0.005974276607765727	-0.00025064158008558657	-6.505435436854334e-05	0.011398819411372996
0.0011529355402202235	0.0005605705169342556	-0.006178446672590265	0.0001016223619225709	-0.0067231894024548655	-0.0003130509796431813	-2.644954811836797e-06	0.012771826201637637
0.0005288415446453865	0.0005605705169342556	-0.006428084270819978	0.00016403176148016563	-0.00691041760112765	-0.0003130509796431813	0.00024699264341876415	0.013583148395885258
0.0010281167411054781	0.002183214905429054	-0.005242305679227899	-0.00027283403542299745	-0.008033786793162578	-0.0017484671694651954	0.00012217384430335265	0.016017114978627678
-0.0013434404420789026	0.003618631095251068	-0.002496292098698394	0.0001016223619225709	-0.008533061989622448	-0.0021229235668103197	0.00018458324386116942	0.015393020983052619
0.0012153449397782623	0.004055496892154009	-0.002683520297370734	-0.00021042463586540272	-0.008969927786524945	-0.0028094269619427514	-0.00012746375392658216	0.016329161976414985
-0.0015306686407516867	0.005116456684630677	-0.00143533230622106	-8.560583675021327e-05	-0.008969927786524945	-0.002684608162828006	-6.505435436854334e-05	0.01589229617951249
-0.0001576618504866012	0.0035562216956939174	-0.00374448008984829	-2.3196437192618546e-05	-0.0088451089874102	-0.0019356953681379796	-6.505435436854334e-05	0.013957604793230605
0.0009657073415478834	0.003431402896578728	-0.0034324330920607604	0.00016403176148016563	-0.008033786793162578	-0.0013116013725631426	0.00018458324386116942	0.013832785994115415
-0.0007817558460614382	0.0012470739120666874	-0.004992668080997964	-0.00021042463586540272	-0.008533061989622448	-0.000999554374775613	-0.00018987315348417688	0.012210141605620617
0.002338714131812525	0.0006853893160494451	-0.006677721869050357	0.0001016223619225709	-0.008221014991834918	-0.0005002791783159655	0.00018458324386116942	0.01189809460783331
-0.0005321182478317255	0.0012470739120666874	-0.005679171476130396	3.921296236453209e-05	-0.008221014991834918	-0.000375460379200776	-6.505435436854334e-05	0.011523638210488407
0.0012153449397782623	0.0006229799164916283	-0.005242305679227899	-2.3196437192618546e-05	-0.008782699587852605	-0.0011243731738908025	-0.00012746375392658216	0.011710866409160525
-9.525245092900647e-05	0.001746349108526779	-0.005055077480555559	0.0001016223619225709	-0.0088451089874102	-0.0017484671694651954	-2.644954811836797e-06	0.013458329596770513
0.0004040227455310852	0.003618631095251068	-0.00143533230622106	0.00022644116103709422	-0.00872029018829501	-0.0017484671694651954	0.0003094020429759148	0.013395920197212474
0.00046643214508779174	0.0043675438899410945	-0.0019346075026811516	-0.000335243434979704	-0.00934438418387007	-0.002934245761057497	-0.00031469195259892224	0.012272551005178212
-0.0017803062389809554	0.004991637885516376	-0.0004991913128586933	-8.560583675021327e-05	-0.008782699587852605	-0.0025597893637123725	-2.644954811836797e-06	0.013021463799868016
0.001277754339335413	0.003618631095251068	-0.001997016902238302	0.00035125996015272776	-0.008782699587852605	-0.0018732859685803849	0.0003094020429759148	0.011648457009603375
-0.0004072994487169801	0.002620080702331107	-0.004306164685865532	-0.00021042463586540272	-0.00909474658563969	-0.0019356953681379796	-0.00018987315348417688	0.00977617502287842
0.000840888542432694	0.0012470739120666874	-0.0046806210832104345	-0.00021042463586540272	-0.009406793583426998	-0.0014988295712354827	0.00012217384430335265	0.008652805830843713
0.0005288415446453865	-0.000562798675100451	-0.006677721869050357	0.00016403176148016563	-0.00921956538475488	-1.0039818558738034e-06	0.0003718114425335095	0.008715215230401308
0.0022763047322553742	-0.0002507516773131435	-0.006864950067722253	-0.00027283403542299745	-0.010218115777674841	-0.0005002791783159655	-0.0002522825530413275	0.00958894682420608
-0.0007817558460614382	-0.0007500268737732352	-0.0057415808756879905	-2.3196437192618546e-05	-0.010842209773249678	-0.000999554374775613	-6.505435436854334e-05	0.009651356223763674
-0.0007193464465042876	0.0023080337045440213	-0.003682070690290251	-8.560583675021327e-05	-0.010717390974134933	-0.0014364201716776659	-6.505435436854334e-05	0.01177327580871812
-3.2843051371855836e-05	0.0034938122961363227	-0.0008112383106464449	0.0001016223619225709	-0.010654981574577338	-0.002060514167253169	-2.644954811836797e-06	0.013271101398098173
-0.000844165245619477	0.004242725090825905	-0.0010608759088763797	-0.000148015236307808	-0.010779800373692083	-0.0025597893637123725	5.976444474620202e-05	0.012709416802080487
9.197574774311157e-05	0.005740550680205958	0.00024972148183044496	0.00016403176148016563	-0.010467753375904554	-0.0025597893637123725	-2.644954811836797e-06	0.013021463799868016
-0.001468259241194092	0.004991637885516376	0.0001249026827161437	-2.3196437192618546e-05	-0.010030887579002057	-0.0023725611650404765	-2.644954811836797e-06	0.010462678418011295
0.001464982538007753	0.0033689934970211333	-0.0027459296969283287	3.921296236453209e-05	-0.009656431181657377	-0.0015612389707930774	-0.00031469195259892224	0.009214490426860955
-0.000844165245619477	0.0023080337045440213	-0.0038692988889628133	0.00035125996015272776	-0.00903233718608254	-0.000375460379200776	0.0003094020429759148	0.008465577632171817
0.0016522107366803152	0.0007477987156068178	-0.007052178266395259	-0.000335243434979704	-0.00984365938033016	-0.0006250979774307108	-0.0002522825530413275	0.006655705045004012
0.0011529355402202235	0.00012370472003198074	-0.005242305679227899	0.0001016223619225709	-0.009906068779886867	-0.0003130509796431813	5.976444474620202e-05	0.008153530634384065
-0.0005321182478317255	0.00018611411958957547	-0.0048678492818827745	-0.000148015236307808	-0.010592572175019743	-0.0006875073769883056	-0.00018987315348417688	0.008715215230401308
0.0013401637388930077	0.0020583961063138645	-0.0034324330920607604	0.0001016223619225709	-0.010592572175019743	-0.000999554374775613	0.00012217384430335265	0.009713765623321269
-0.0015930780403090594	0.004429953289498245	-0.0005616007124162881	0.0001016223619225709	-0.010654981574577338	-0.0015612389707930774	0.00012217384430335265	0.011960504007390904
0.0003416133459730464	0.004617181488170807	-0.0004991913128586933	-2.3196437192618546e-05	-0.01134148496970977	-0.002434970564597627	0.00024699264341876415	0.012085322806505205
-0.000844165245619477	0.005553322481533618	-0.000374372513743948	0.00022644116103709422	-0.01134148496970977	-0.002871836361500346	-0.00037710135215651697	0.010899544214913348
-0.00034489004915938537	0.004617181488170807	-0.0011232853084335304	-8.560583675021327e-05	-0.01109184737147939	-0.0016860577699080448	5.976444474620202e-05	0.009401718625533295
-0.00046970884827413073	0.0026824901018891456	-0.005491943277458056	0.0001016223619225709	-0.01102943797192224	-0.0012491919730051038	-6.505435436854334e-05	0.007529436638809006
-0.0004072994487169801	-0.00012593287819795407	-0.005491943277458056	3.921296236453209e-05	-0.010654981574577338	-0.00018823218052843593	5.976444474620202e-05	0.0070301614423489145
0.0022763047322553742	-0.0021230336640376546	-0.007613862862412724	0.0001016223619225709	-0.01115425677103743	-0.0001258227809708412	5.976444474620202e-05	0.005407517053854116
0.0003416133459730464	-0.0009996644720025039	-0.007052178266395259	-8.560583675021327e-05	-0.01115425677103743	-1.0039818558738034e-06	5.976444474620202e-05	0.00590679225031443
0.0003416133459730464	-0.00037557047642766683	-0.004430983484980722	-0.00021042463586540272	-0.011903169565727012	-0.0006250979774307108	-0.0004395107517136676	0.009651356223763674
-3.2843051371855836e-05	0.0018087585080839297	-0.0027459296969283287	0.0004136693597098784	-0.01140389436926692	-0.0006250979774307108	-0.0002522825530413275	0.011024363014028538
0.0001543851473007063	0.004055496892154009	-0.0011232853084335304	-0.00021042463586540272	-0.011965578965284607	-0.0016860577699080448	0.00024699264341876415	0.013520738996327664
-0.0019051250380961449	0.005990188278435449	0.0013730906738655957	0.0001016223619225709	-0.012152807163956947	-0.002247742365925065	-6.505435436854334e-05	0.012459779203850552
0.0005288415446453865	0.005553322481533618	-0.0004367819133015427	-0.00021042463586540272	-0.012152807163956947	-0.002060514167253169	-0.00012746375392658216	0.01189809460783331
0.0006536603437605759	0.003993087492596414	-0.00143533230622106	0.00022644116103709422	-0.01152871316838211	-0.0013740107721202932	0.00012217384430335265	0.010899544214913348
0.0001543851473007063	0.0014343021107392495	-0.005055077480555559	-8.560583675021327e-05	-0.01152871316838211	-0.000812326176103495	-6.505435436854334e-05	0.008153530634384065
0.0014025731384506024	0.0007477987156068178	-0.005179896279670304	0.00016403176148016563	-0.010904619172806829	-6.341338141324648e-05	5.976444474620202e-05	0.007342208440136444
-0.0004072994487169801	-0.0013117114697900334	-0.006428084270819978	-0.0003976528345372987	-0.01140389436926692	-0.00025064158008558657	-0.00037710135215651697	0.00590679225031443
0.0022763047322553742	-0.0007500268737732352	-0.006490493670377573	0.00028885056059468894	-0.01115425677103743	0.00012381481725931565	0.00024699264341876415	0.007966302435711725
-0.0006569370469464708	0.0009350269142791579	-0.003307614292945571	0.0001016223619225709	-0.01171594136705445	-0.0011243731738908025	-0.00037710135215651697	0.008028711835268432
0.00046643214508779174	0.001122255112951498	-0.003057976694715858	-8.560583675021327e-05	-0.01134148496970977	-0.0011867825734483972	-2.644954811836797e-06	0.009276899826418994
-0.0007193464465042876	0.003244174697906388	0.0006241778791760133	0.00016403176148016563	-0.010842209773249678	-0.0012491919730051038	0.00012217384430335265	0.010837134815356197
-0.0011562122434065625	0.003681040494808663	-0.0008736477102040396	-0.00021042463586540272	-0.011279075570152175	-0.00162364837035045	-6.505435436854334e-05	0.009651356223763674
0.0007160697433181706	0.0033065840974635385	-0.0023714732995836485	-0.000148015236307808	-0.011216666170594136	-0.00162364837035045	-0.00012746375392658216	0.008465577632171817
-0.0010938028438489678	0.002807308901003447	-0.0021842451009108643	0.00022644116103709422	-0.010405343976346959	-0.000375460379200776	0.00024699264341876415	0.008840034029516497
0.0017146201362379099	-0.0001883422777555488	-0.0051174868801131534	-2.3196437192618546e-05	-0.010904619172806829	-0.0006250979774307108	-2.644954811836797e-06	0.005282698254739815
0.00021679454685852306	-0.00037557047642766683	-0.006053627873475076	-8.560583675021327e-05	-0.010342934576789808	-6.341338141324648e-05	-6.505435436854334e-05	0.005532335852969306
0.0011529355402202235	-0.0006876174742156405	-0.004992668080997964	0.0001016223619225709	-0.010530162775462149	0.0004358618150468452	0.00012217384430335265	0.0057819734511996845
0.00046643214508779174	-0.0010620738715605427	-0.005367124478342866	-2.3196437192618546e-05	-0.01140389436926692	-6.341338141324648e-05	-0.00012746375392658216	0.007092570841906953
0.0012153449397782623	0.0008102081151644125	-0.0018721981031235568	-0.00021042463586540272	-0.011903169565727012	-0.0001258227809708412	-0.00031469195259892224	0.009401718625533295
0.0011529355402202235	0.0031817652983492373	-0.0013105135071063145	0.0004136693597098784	-0.01171594136705445	-1.0039818558738034e-06	0.0003094020429759148	0.010400269018453256
-0.001468259241194092	0.004554772088613879	-0.0007488289110888502	-8.560583675021327e-05	-0.012090397764398908	-0.0005002791783159655	-6.505435436854334e-05	0.011149181813143727
-0.00022007125004419592	0.00418031569126831	-0.0007488289110888502	-2.3196437192618546e-05	-0.012090397764398908	-0.0006875073769883056	-0.00018987315348417688	0.010961953614470943
-0.0004072994487169801	0.0035562216956939174	-0.002246654500468681	0.00016403176148016563	-0.01115425677103743	-0.0005002791783159655	0.00018458324386116942	0.008465577632171817
0.0005288415446453865	0.003244174697906388	-0.0027459296969283287	-2.3196437192618546e-05	-0.010592572175019743	-0.00043786977875792665	-6.505435436854334e-05	0.007154980241464104
-0.0007193464465042876	0.0016839397089691843	-0.0036196612907335446	-0.000148015236307808	-0.01009329697855943	-6.341338141324648e-05	-2.644954811836797e-06	0.0053451076542965215
0.00190184833491025	0.0007477987156068178	-0.005616762076572801	0.0001016223619225709	-0.00909474658563969	0.00037345241548925046	0.00024699264341876415	0.00590679225031443
-9.525245092900647e-05	0.0011846645125095367	-0.005055077480555559	-8.560583675021327e-05	-0.009906068779886867	0.00018622421681646628	-0.00018987315348417688	0.005095470056067253
0.00027920394641589574	0.0002485235191467261	-0.005616762076572801	-0.000148015236307808	-0.010155706378117246	0.00018622421681646628	-0.00012746375392658216	0.0051578794556246255
0.0010905261406630729	0.0016839397089691843	-0.0029955672951582635	0.0004136693597098784	-0.009781249980772566	0.0009351370115069368	0.00043422084209066014	0.007217389641021255
-0.0007193464465042876	0.0008102081151644125	-0.0038068894894056626	-0.00027283403542299745	-0.01134148496970977	-0.0001258227809708412	-0.00018987315348417688	0.007154980241464104
0.0010905261406630729	0.0013718927111818768	-0.0042437552863079375	-0.00021042463586540272	-0.01184076016616964	-0.0005002791783159655	-0.00031469195259892224	0.008902443429074092
-0.0014058498416364973	0.0026824901018891456	-0.0021842451009108643	0.0001016223619225709	-0.01134148496970977	0.0005606806141620346	5.976444474620202e-05	0.008153530634384065
0.0009657073415478834	0.0018087585080839297	-0.002933157895601113	0.0001016223619225709	-0.01109184737147939	0.00037345241548925046	-2.644954811836797e-06	0.007779074237038941
-0.0006569370469464708	0.0023080337045440213	-0.0032452048933879762	0.0001016223619225709	-0.010405343976346959	0.0005606806141620346	-2.644954811836797e-06	0.007779074237038941
0.0003416133459730464	0.0024952619032163614	-0.003682070690290251	-8.560583675021327e-05	-0.010155706378117246	0.0005606806141620346	5.976444474620202e-05	0.006780523844119424
0.001464982538007753	0.001746349108526779	-0.0040565270876355974	0.0001016223619225709	-0.010218115777674841	0.0005606806141620346	0.00012217384430335265	0.0064060674467740775
-0.0007817558460614382	0.0014967115102968442	-0.0034324330920607604	-0.00021042463586540272	-0.010280525177232214	0.0009351370115069368	-6.505435436854334e-05	0.006905342643234169
0.001464982538007753	0.0004357517178190662	-0.0048678492818827745	-0.00021042463586540272	-0.011279075570152175	0.00037345241548925046	-0.00037710135215651697	0.006156429848544587
-9.525245092900647e-05	0.0018711679076419685	-0.00355725189117595	0.00035125996015272776	-0.010467753375904554	0.0014344122079668065	0.00043422084209066014	0.008028711835268432
0.0006536603437605759	0.0016215303094115896	-0.003120386094273453	3.921296236453209e-05	-0.011216666170594136	0.0011223652101788328	-0.00031469195259892224	0.007654255437924196
-0.0006569370469464708	0.00130948331162406	-0.003994117688078447	-0.000335243434979704	-0.01134148496970977	0.0011223652101788328	-2.644954811836797e-06	0.008840034029516497
0.0005288415446453865	0.0031193558987907544	-0.0026211108978135833	0.00016403176148016563	-0.01115425677103743	0.0013720028084092117	0.0003094020429759148	0.00958894682420608
-0.0011562122434065625	0.003431402896578728	-0.003307614292945571	-8.560583675021327e-05	-0.012090397764398908	0.0004358618150468452	-0.00018987315348417688	0.008340758833056183
-0.0007193464465042876	0.004055496892154009	-0.0023714732995836485	0.00028885056059468894	-0.010405343976346959	0.0013720028084092117	0.0003718114425335095	0.008840034029516497
0.0006536603437605759	0.0023080337045440213	-0.003494842491618355	-0.00021042463586540272	-0.010842209773249678	0.0007479088128339306	-0.0002522825530413275	0.006718114444561385
0.0001543851473007063	0.0012470739120666874	-0.005491943277458056	-0.00021042463586540272	-0.01009329697855943	0.0006230900137191853	-0.00012746375392658216	0.0051578794556246255
0.001464982538007753	0.0011846645125095367	-0.005367124478342866	-2.3196437192618546e-05	-0.009469202982985259	0.0008103182123915253	-0.00012746375392658216	0.004221738462262037
0.00021679454685852306	-0.0005003892755428563	-0.005679171476130396	0.0001016223619225709	-0.00909474658563969	0.0013720028084092117	-0.0002522825530413275	0.0025990940737676826
0.002089076533583034	-0.0013741208693476281	-0.007801091061085064	-0.00021042463586540272	-0.009157155985197729	0.0013720028084092117	0.00024699264341876415	0.004284147861819632
-0.00034489004915938537	-0.0005003892755428563	-0.0051174868801131534	-0.00021042463586540272	-0.010405343976346959	0.0004358618150468452	-0.00031469195259892224	0.004284147861819632
0.0009032979419909548	-0.0009372550724453532	-0.003931708288520852	-0.00021042463586540272	-0.010342934576789808	0.00018622421681646628	-0.00018987315348417688	0.005407517053854116
0.00021679454685852306	0.0029321277001188584	-0.000998466509318341	0.00028885056059468894	-0.009531612382542631	0.0013720028084092117	0.00024699264341876415	0.007404617839694039
-0.0014058498416364973	0.002994537099676453	-0.001185694707991125	-0.0003976528345372987	-0.010654981574577338	0.0008727276119493421	-0.0002522825530413275	0.007529436638809006
0.000840888542432694	0.00393067809303882	-0.0013729229066634652	-2.3196437192618546e-05	-0.010280525177232214	0.0012471840092940223	-2.644954811836797e-06	0.007716664837481346
-0.0012186216429641572	0.004055496892154009	-0.0007488289110888502	0.0001016223619225709	-0.009718840581214971	0.002120915603098794	0.00018458324386116942	0.006780523844119424
0.001464982538007753	0.0021208055058714592	-0.002933157895601113	0.00022644116103709422	-0.01009329697855943	0.0018088686053112646	-0.00018987315348417688	0.005220288855181776
2.956634818573889e-05	0.0010598457133939032	-0.005179896279670304	-0.00027283403542299745	-0.00984365938033016	0.0018088686053112646	-0.00012746375392658216	0.004908241857394469
0.0012153449397782623	0.00018611411958957547	-0.0051174868801131534	0.0001016223619225709	-0.00934438418387007	0.0018088686053112646	0.00018458324386116942	0.004284147861819632
0.0007160697433181706	-0.0009996644720025039	-0.005055077480555559	-8.560583675021327e-05	-0.009157155985197729	0.0014344122079668065	-6.505435436854334e-05	0.003972100864032546
-0.000844165245619477	0.0010598457133939032	-0.002683520297370734	0.00016403176148016563	-0.008408243190507703	0.0019960968039836047	0.00018458324386116942	0.005407517053854116
0.0010905261406630729	0.0015591209098539949	-0.0021842451009108643	3.921296236453209e-05	-0.008657880788737637	0.0012471840092940223	-2.644954811836797e-06	0.005469926453411711
-0.001468259241194092	0.0034938122961363227	-0.0002495537146292026	-8.560583675021327e-05	-0.008033786793162578	0.001496821607523735	-6.505435436854334e-05	0.006530886245888823
0.0001543851473007063	0.00393067809303882	0.00043694968050322913	3.921296236453209e-05	-0.008033786793162578	0.0013720028084092117	-2.644954811836797e-06	0.005469926453411711
-0.000844165245619477	0.0027448995014467403	-0.00143533230622106	-0.000335243434979704	-0.008283424391392513	0.0007479088128339306	0.00043422084209066014	0.0051578794556246255
0.0011529355402202235	0.0028697183005614857	-0.0015601511053362493	0.0004760787592674731	-0.007409692797587741	0.0008103182123915253	-0.00018987315348417688	0.002973550471112585
-0.00046970884827413073	6.12953204748301e-05	-0.003682070690290251	3.921296236453209e-05	-0.007409692797587741	0.00037345241548925046	0.00012217384430335265	0.0012884966830601918
0.0024635329309277143	-0.0017485772666927524	-0.00555435267701565	0.0001016223619225709	-0.006473551804225375	0.0009351370115069368	0.00018458324386116942	0.0013509060826173425
0.0015898013371229425	-0.0028095370591700863	-0.0057415808756879905	-0.00027283403542299745	-0.007284873998472552	0.00031104301593165573	-0.00031469195259892224	0.0006019932879282042
0.0003416133459730464	-0.0015613490680204123	-0.005179896279670304	-0.000148015236307808	-0.006848008201570499	0.00018622421681646628	-0.00012746375392658216	0.0011012684843876297
0.0012153449397782623	0.0009350269142791579	-0.0013729229066634652	0.0006008975583826626	-0.0052877732126332955	0.0014344122079668065	0.0004966302416482549	0.0032231880693420756
-0.0011562122434065625	0.0008102081151644125	-0.0010608759088763797	-0.00046006223409489344	-0.00622391420599544	0.000248633616374061	-0.00037710135215651697	0.003535235067129605
0.000840888542432694	0.0024952619032163614	0.00024972148183044496	0.0001016223619225709	-0.005412592011748041	0.0005606806141620346	-2.644954811836797e-06	0.004159329062704442
-0.0017803062389809554	0.003244174697906388	0.0016227282720959746	-8.560583675021327e-05	-0.004414041618828524	0.0005606806141620346	0.00012217384430335265	0.0027863222724398007
0.0009657073415478834	0.0018711679076419685	0.0001873120822737384	-8.560583675021327e-05	-0.0037899476232536866	0.0004982712146035517	-0.00012746375392658216	0.0014133154821753813
-0.00034489004915938537	0.001122255112951498	-0.0017473793040088115	0.00028885056059468894	-0.0026041690316613852	0.0007479088128339306	0.00024699264341876415	0.00041476508925564204
0.00027920394641589574	-0.002060624264480504	-0.004118936487193192	-0.000148015236307808	-0.002853806629890876	-1.0039818558738034e-06	-0.00012746375392658216	-0.001457516897469091
0.0020266671340254394	-0.001623758467577563	-0.00374448008984829	0.00016403176148016563	-0.0019176656365289535	6.140541770172092e-05	5.976444474620202e-05	-0.002144020292601967
-0.0001576618504866012	-0.0008748456728879805	-0.0021218357013534916	0.00016403176148016563	-0.0009815246431661429	0.0006854994132763359	0.00024699264341876415	-0.0013326980983547898
0.0015273919375653477	-0.0013741208693476281	-0.0025587014982559886	-0.00021042463586540272	-0.001605618638741424	-0.0005626885778731161	-0.0002522825530413275	-0.0004589665045495739
-0.0007817558460614382	0.0010598457133939032	6.249328315854896e-05	-2.3196437192618546e-05	-0.0005446588462636459	0.00018622421681646628	-0.0002522825530413275	-0.00020932890631941703
0.0003416133459730464	0.0016839397089691843	0.0007489966782907587	-0.000148015236307808	-0.0005446588462636459	-6.341338141324648e-05	0.00024699264341876415	-8.451010720422758e-05
-0.00028248064960179065	0.0013718927111818768	0.0004993590800608239	-8.560583675021327e-05	-0.00017020244891896574	-0.0006250979774307108	-0.00012746375392658216	-0.0009582417010089994
0.0003416133459730464	0.0010598457133939032	-0.0010608759088763797	-0.000148015236307808	1.7025749753374342e-05	-0.0007499167765452341	-0.00012746375392658216	-0.0020192014934867775
0.00190184833491025	-0.002060624264480504	-0.002683520297370734	0.0001016223619225709	7.943514931074702e-05	-0.0010619637743332078	5.976444474620202e-05	-0.0034546176833087916
-0.00034489004915938537	-0.0018733960658077198	-0.0024338826991412432	0.0001016223619225709	0.0010155761426735577	-0.0006250979774307108	0.00012217384430335265	-0.0036418458819815758
0.0018394389353526552	-0.002934355858285276	-0.002870748496043518	0.0001016223619225709	0.0006411197453282114	-0.0009371449752180183	5.976444474620202e-05	-0.00439075867667138
0.00027920394641589574	-0.0025598994609401515	-0.0031827954938308256	-0.000148015236307808	0.0004538915466554272	-0.0011243731738908025	-0.00018987315348417688	-0.0032673894846362295
0.0009657073415478834	-0.0006876174742156405	-0.0006864195115312555	-2.3196437192618546e-05	0.0013900325400177937	-0.0005002791783159655	-6.505435436854334e-05	-0.0024560672903890524
-0.0005321182478317255	-0.000562798675100451	-6.232551595686253e-05	-0.000148015236307808	0.0010779855422307083	-0.0005002791783159655	0.00012217384430335265	-0.00189438269437181
0.001277754339335413	0.0008102081151644125	0.0006241778791760133	3.921296236453209e-05	0.0014524419395753885	0.000248633616374061	5.976444474620202e-05	-0.00039655710499197916
-0.0012186216429641572	0.0019959867067562698	0.0008114060778483534	-2.3196437192618546e-05	1.7025749753374342e-05	-0.00025064158008558657	-2.644954811836797e-06	-0.0007710135023371034
-0.0007193464465042876	0.0006853893160494451	0.0001873120822737384	-0.000148015236307808	-0.00041984004714934464	-0.0001258227809708412	-6.505435436854334e-05	-0.0005213759041071686
0.0006536603437605759	0.0006229799164916283	-0.0002495537146292026	0.0001016223619225709	-0.0012311622413965218	0.000248633616374061	-2.644954811836797e-06	-8.451010720422758e-05
0.0001543851473007063	-0.000562798675100451	-0.0013729229066634652	0.00028885056059468894	-0.002229712634316039	0.0007479088128339306	0.0003718114425335095	0.00047717448881257063
0.0009032979419909548	-0.0006252080746580457	-0.0018721981031235568	-0.000148015236307808	-0.0038523570228108373	0.00018622421681646628	-0.0002522825530413275	0.0024118658750953426
-0.000844165245619477	0.0004981611173766609	-0.000998466509318341	-2.3196437192618546e-05	-0.004476451018386118	0.0011847746097364276	0.00024699264341876415	0.0034104162680144157
0.0015273919375653477	0.0003109329187043208	-0.0010608759088763797	0.00016403176148016563	-0.006660780002898159	0.0016840498061965192	0.00012217384430335265	0.005033060656509214
-0.0006569370469464708	0.001933577307198675	-0.0004991913128586933	3.921296236453209e-05	-0.008221014991834918	0.0018712780048693034	-6.505435436854334e-05	0.006281248647659332
0.0003416133459730464	0.002370443104101616	-0.0012481041075487198	3.921296236453209e-05	-0.009406793583426998	0.0019336874044268981	5.976444474620202e-05	0.007092570841906953
0.0005912509442029812	0.002183214905429054	-0.00143533230622106	3.921296236453209e-05	-0.010405343976346959	0.0018712780048693034	5.976444474620202e-05	0.007529436638809006
-0.0010313934442918171	0.0015591209098539949	-0.0019346075026811516	3.921296236453209e-05	-0.011279075570152175	0.0024953720004436963	5.976444474620202e-05	0.008465577632171817
0.0014025731384506024	0.0004357517178190662	-0.00374448008984829	0.0001016223619225709	-0.012464854161744032	0.0018712780048693034	0.00012217384430335265	0.007779074237038941
-0.0009689840447342224	0.0008102081151644125	-0.003120386094273453	-8.560583675021327e-05	-0.012527263561301627	0.002308143801771134	-2.644954811836797e-06	0.00827834943349881
0.0005912509442029812	0.00037334231826191555	-0.002933157895601113	3.921296236453209e-05	-0.01308894815731887	0.002370553201328729	0.00024699264341876415	0.008403168232614222
-0.00028248064960179065	0.0008726175147220072	-0.0028083390964854793	0.00016403176148016563	-0.012964129358204124	0.002557781400001291	-0.00018987315348417688	0.008091121234826026
0.0001543851473007063	0.0019959867067562698	-0.00143533230622106	0.00022644116103709422	-0.012402444762186882	0.003244284795133723	0.00012217384430335265	0.009651356223763674
-0.0009689840447342224	0.0024952619032163614	-0.0008736477102040396	0.0004760787592674731	-0.011965578965284607	0.0031194659960187554	0.00043422084209066014	0.009214490426860955
-0.0015930780403090594	0.002994537099676453	-0.0008112383106464449	-0.00027283403542299745	-0.01140389436926692	0.003181875395576128	-0.0002522825530413275	0.008902443429074092
0.0005912509442029812	0.0019959867067562698	-0.0018097887035664062	-0.000148015236307808	-0.01152871316838211	0.0031194659960187554	-0.0002522825530413275	0.008153530634384065
-3.2843051371855836e-05	0.002183214905429054	-0.002496292098698394	0.00022644116103709422	-0.010592572175019743	0.0034939223933636576	0.0003094020429759148	0.008091121234826026
0.0003416133459730464	0.0015591209098539949	-0.0029955672951582635	-0.000148015236307808	-0.010717390974134933	0.0030570565964611607	-0.00018987315348417688	0.006218839248101737
-0.0005945276473888761	0.00037334231826191555	-0.00355725189117595	-0.00021042463586540272	-0.010405343976346959	0.0029322377973464153	5.976444474620202e-05	0.005532335852969306
0.0010905261406630729	0.0009974363138367526	-0.0032452048933879762	0.0001016223619225709	-0.007534511596702931	0.003181875395576128	0.00024699264341876415	0.00571956405164209
-0.0010313934442918171	0.001746349108526779	-0.00143533230622106	-2.3196437192618546e-05	-0.007472102197145336	0.002120915603098794	-2.644954811836797e-06	0.004284147861819632
0.0009657073415478834	0.0010598457133939032	-0.000998466509318341	-0.00021042463586540272	-0.006161504806438067	0.0018088686053112646	-0.0002522825530413275	0.0038472820649169126
0.00046643214508779174	0.0024328525036587667	0.00024972148183044496	0.0001016223619225709	-0.004601269817500864	0.0020585062035411994	5.976444474620202e-05	0.0034728256675724545
-0.0005945276473888761	0.0012470739120666874	-0.0012481041075487198	-0.00021042463586540272	-0.004788498016173426	0.0014344122079668065	-0.00012746375392658216	0.0024118658750953426
0.001277754339335413	0.0014343021107392495	-0.0019346075026811516	0.0001016223619225709	-0.003977175821926027	0.0009975464110640875	-2.644954811836797e-06	0.0015381342812901266
-0.0005321182478317255	0.00018611411958957547	-0.0023714732995836485	3.921296236453209e-05	-0.003477900625466157	0.0016216404066389245	-2.644954811836797e-06	-0.0007710135023371034
0.0018394389353526552	-0.001810986666250125	-0.004743030482768029	-8.560583675021327e-05	-0.003727538223696092	0.00018622421681646628	-6.505435436854334e-05	-0.0013951074979114964
-0.0001576618504866012	-0.001623758467577563	-0.004430983484980722	-0.00021042463586540272	-0.002042484435643699	0.0006854994132763359	-2.644954811836797e-06	-0.0011454698996817836
0.0009657073415478834	-0.0017485772666927524	-0.002933157895601113	0.00028885056059468894	-0.0012311622413965218	0.00012381481725931565	0.0003718114425335095	-0.0010830605001241889
0.0003416133459730464	-0.0008748456728879805	-0.0002495537146292026	-0.000148015236307808	-0.0006694776453788354	-0.0001258227809708412	-6.505435436854334e-05	-0.0010830605001241889
-0.0012810310425213078	0.0013718927111818768	0.0014979094729807851	-8.560583675021327e-05	0.0001418445488685638	0.00018622421681646628	-0.00012746375392658216	-0.00039655710499197916
0.0009657073415478834	0.0014343021107392495	0.0015603188725379358	3.921296236453209e-05	0.000703529144885362	-0.000375460379200776	5.976444474620202e-05	-0.0012078792992393783
-0.0014058498416364973	0.0019959867067562698	0.001934775269883282	-0.000148015236307808	0.0018268983369207348	-0.00018823218052843593	-0.00012746375392658216	-0.001457516897469091
0.0011529355402202235	0.0009350269142791579	0.0010610436760785102	0.0001016223619225709	0.0019517171360354801	-0.00018823218052843593	5.976444474620202e-05	-0.003204980085079079
0.00027920394641589574	-0.00043797987598526156	-0.00143533230622106	-8.560583675021327e-05	0.0015772607386903559	-0.0005626885778731161	-0.00018987315348417688	-0.00420353047799904
0.001277754339335413	-0.0010620738715605427	-0.0024338826991412432	-0.000148015236307808	0.0015148513391329832	-0.00043786977875792665	0.00024699264341876415	-0.00420353047799904
0.0003416133459730464	-0.0025598994609401515	-0.0032452048933879762	-0.00027283403542299745	0.0010155761426735577	-0.0016860577699080448	-0.0004395107517136676	-0.005514127868705865
0.0017146201362379099	-0.002934355858285276	-0.0010608759088763797	0.0004760787592674731	0.0030750863280701868	-0.00025064158008558657	0.0006214490407634443	-0.0036418458819815758
0.0011529355402202235	-0.001623758467577563	-0.0010608759088763797	-0.000148015236307808	0.0021389453347082643	-0.0018732859685803849	-0.00018987315348417688	-0.00439075867667138
-0.0009065746451761836	0.00018611411958957547	0.0011858624751936997	-0.000148015236307808	0.0031374957276277815	-0.0015612389707930774	-0.00012746375392658216	-0.003766664681096321
0.0003416133459730464	0.0014967115102968442	0.0029333256628027993	0.00016403176148016563	0.004073636720989926	-0.0013740107721202932	0.00012217384430335265	-0.0030177518864067387
-0.0006569370469464708	0.0006229799164916283	0.001747547071210498	-2.3196437192618546e-05	0.0028878581293978467	-0.0017484671694651954	0.00012217384430335265	-0.003953892879768661
0.0009657073415478834	0.00012370472003198074	0.0008738154774059481	-8.560583675021327e-05	0.002575811131610317	-0.0019981047676955743	-6.505435436854334e-05	-0.00439075867667138
-0.00046970884827413073	-0.0007500268737732352	-0.0006864195115312555	-8.560583675021327e-05	0.002201354734265415	-0.00162364837035045	0.0003094020429759148	-0.0053893090695911194
0.002588351730043126	-0.0029967652578419823	-0.002933157895601113	-0.00021042463586540272	0.0017020795378055453	-0.0023101517654826598	-0.00012746375392658216	-0.006387859462511081
0.00046643214508779174	-0.003683268652974858	-0.003682070690290251	-2.3196437192618546e-05	0.0012652137409034925	-0.0013116013725631426	-0.00012746375392658216	-0.00545171846914827
0.0005912509442029812	-0.003308812255629956	-0.0031827954938308256	0.00016403176148016563	0.00039148214709783247	-0.0009371449752180183	0.00024699264341876415	-0.003953892879768661
0.0009032979419909548	-0.001186892670675288	-0.001185694707991125	-0.000148015236307808	-0.0004822494467064953	-0.0011867825734483972	-0.00018987315348417688	-0.0026432954890613924
-0.0013434404420789026	0.0007477987156068178	0.001747547071210498	3.921296236453209e-05	-0.0009815246431661429	0.00031104301593165573	-2.644954811836797e-06	0.00047717448881257063
0.0007160697433181706	0.0020583961063138645	0.0028709162632456486	0.00016403176148016563	-0.0025417596321033464	0.0005606806141620346	0.00018458324386116942	0.004346557261377004
-0.002279581435441269	0.0034938122961363227	0.004119104254395323	-0.00021042463586540272	-0.0037899476232536866	0.0013720028084092117	5.976444474620202e-05	0.00590679225031443
-9.525245092900647e-05	0.003618631095251068	0.003619829057935231	-2.3196437192618546e-05	-0.00872029018829501	0.0030570565964611607	-2.644954811836797e-06	0.007154980241464104
-0.0009065746451761836	0.0026824901018891456	0.0013730906738655957	0.00016403176148016563	-0.010530162775462149	0.003993197589823527	0.00012217384430335265	0.008340758833056183
0.0005912509442029812	0.002620080702331107	-0.0027459296969283287	-0.00027283403542299745	-0.01352581395422181	0.004617291585398364	-0.00012746375392658216	0.00908967162774621
0.0015273919375653477	0.0002485235191467261	-0.004555802284095467	3.921296236453209e-05	-0.015647733539176034	0.005054157382300861	-0.00012746375392658216	0.009713765623321269
-0.0005321182478317255	0.0021208055058714592	-0.003307614292945571	0.00022644116103709422	-0.015834961737848596	0.00636475477300813	0.0003718114425335095	0.012147732206063244
0.00046643214508779174	0.0018087585080839297	-0.003494842491618355	-0.00021042463586540272	-0.018331337720148166	0.005990298375662784	-0.00031469195259892224	0.012834235601195676
-0.0011562122434065625	0.0034938122961363227	-0.002059426301795897	-0.00021042463586540272	-0.019142659914395344	0.0062399359738929405	-0.00012746375392658216	0.016453980775530175
-0.0005321182478317255	0.005303684883303239	0.00031213088138892786	0.00016403176148016563	-0.01889302231616563	0.007113667567697934	-6.505435436854334e-05	0.016204343177300018
-0.0019675344376537396	0.004617181488170807	-0.00012473491551356908	-0.00021042463586540272	-0.019641935110855435	0.005740660777433293	-0.00031469195259892224	0.014956155186150122
-0.00034489004915938537	0.004117906291710716	-0.000998466509318341	0.00028885056059468894	-0.017769653124130924	0.006427164172565725	0.00043422084209066014	0.014644108188362814
-0.0015306686407516867	0.003681040494808663	-0.0040565270876355974	-0.00021042463586540272	-0.018643384717935696	0.004866929183628077	-0.0002522825530413275	0.011648457009603375
-0.0005945276473888761	-6.352347864080343e-05	-0.005679171476130396	-0.0003976528345372987	-0.017769653124130924	0.004742110384513332	-0.0002522825530413275	0.009900993821993387
0.0010281167411054781	6.12953204748301e-05	-0.0051174868801131534	0.00028885056059468894	-0.01652146513298125	0.005927888976105633	0.00018458324386116942	0.009713765623321269
0.00046643214508779174	0.00018611411958957547	-0.005429533877900461	0.0007257163574969638	-0.015959780536963786	0.006489573572122875	0.0008086772394357844	0.00977617502287842
0.0009032979419909548	0.0008726175147220072	-0.005367124478342866	-0.0003976528345372987	-0.016334236934308466	0.005491023179203136	-0.0004395107517136676	0.010213040819780916
-0.0015930780403090594	0.0020583961063138645	-0.003057976694715858	-0.0003976528345372987	-0.015647733539176034	0.007113667567697934	0.0004966302416482549	0.010899544214913348
0.0010281167411054781	0.0033065840974635385	-0.0017473793040088115	0.0004136693597098784	-0.013962679751124085	0.006427164172565725	-0.00031469195259892224	0.010150631420223766
-0.0017178968394242489	0.004117906291710716	-0.0013729229066634652	3.921296236453209e-05	-0.013026538757762163	0.0062399359738929405	5.976444474620202e-05	0.010275450219338511
-0.0001576618504866012	0.003868268693481447	-0.0018721981031235568	-0.000148015236307808	-0.01308894815731887	0.005803070176990888	-0.00012746375392658216	0.009152081027303804
0.0007160697433181706	0.002807308901003447	-0.0018721981031235568	0.0004136693597098784	-0.011965578965284607	0.006177526574335568	0.00043422084209066014	0.008902443429074092
-0.0010938028438489678	0.0010598457133939032	-0.003120386094273453	-0.000148015236307808	-0.012277625963071692	0.005865479576548038	-0.00012746375392658216	0.007654255437924196
0.0010905261406630729	0.0004357517178190662	-0.004118936487193192	-2.3196437192618546e-05	-0.012464854161744032	0.005428613779645541	-0.00012746375392658216	0.006655705045004012
-0.0005945276473888761	0.0014343021107392495	-0.003120386094273453	3.921296236453209e-05	-0.010967028572364423	0.006302345373450757	0.00018458324386116942	0.006218839248101737
0.0005912509442029812	0.0010598457133939032	-0.002933157895601113	-0.000148015236307808	-0.011216666170594136	0.005990298375662784	0.00018458324386116942	0.006468476846331672
-0.00034489004915938537	0.002370443104101616	-0.0023714732995836485	3.921296236453209e-05	-0.009656431181657377	0.005803070176990888	-0.00037710135215651697	0.006156429848544587
0.0003416133459730464	0.003244174697906388	-0.0015601511053362493	0.0004136693597098784	-0.008595471389180043	0.006614392371238065	0.0004966302416482549	0.006905342643234169
-0.0006569370469464708	0.0033065840974635385	-0.0028083390964854793	-0.00027283403542299745	-0.009531612382542631	0.0043676539871684295	-0.00031469195259892224	0.005095470056067253
-0.0010313934442918171	0.0019959867067562698	-0.0021842451009108643	-2.3196437192618546e-05	-0.008470652590065297	0.004866929183628077	0.00012217384430335265	0.0051578794556246255
0.0009032979419909548	6.12953204748301e-05	-0.0038692988889628133	-2.3196437192618546e-05	-0.00909474658563969	0.0037435599915935924	-0.00018987315348417688	0.003909691464474951
0.00021679454685852306	-0.0003131610768705162	-0.004181345886750343	0.00028885056059468894	-0.008221014991834918	0.003181875395576128	0.0003094020429759148	0.0034728256675724545
0.0007784791428753213	-0.0011244832711181374	-0.003994117688078447	-2.3196437192618546e-05	-0.008408243190507703	0.002620190799558886	-0.00012746375392658216	0.002723912872882428
-0.00034489004915938537	-0.0013117114697900334	-0.0038068894894056626	3.921296236453209e-05	-0.008345833790950108	0.002620190799558886	0.00012217384430335265	0.0028487316719973954
0.0014025731384506024	-0.0002507516773131435	-0.002933157895601113	0.00016403176148016563	-0.0077841491949324215	0.0031194659960187554	-0.00012746375392658216	0.003535235067129605
-0.0011562122434065625	0.0005605705169342556	-0.0017473793040088115	0.0001016223619225709	-0.008221014991834918	0.003431512993806507	0.00012217384430335265	0.0036600538662445725
0.0011529355402202235	0.0008726175147220072	-0.0018097887035664062	-0.000148015236307808	-0.008158605592278212	0.003805969391150743	-0.00012746375392658216	0.0040969196631472915
0.0007784791428753213	0.0016839397089691843	-0.0018721981031235568	0.0001016223619225709	-0.008033786793162578	0.004617291585398364	5.976444474620202e-05	0.004284147861819632
-9.525245092900647e-05	0.0007477987156068178	-0.0029955672951582635	3.921296236453209e-05	-0.008657880788737637	0.004554882185841214	0.00018458324386116942	0.004221738462262037
0.0012153449397782623	0.0004357517178190662	-0.0038068894894056626	0.00016403176148016563	-0.00903233718608254	0.004305244587610835	-6.505435436854334e-05	0.003784872665359762
-0.00046970884827413073	-0.00012593287819795407	-0.0038068894894056626	0.00022644116103709422	-0.008969927786524945	0.0049917479827437106	0.0003094020429759148	0.0034104162680144157
0.001277754339335413	-0.001186892670675288	-0.004555802284095467	-0.00027283403542299745	-0.010530162775462149	0.003993197589823527	-6.505435436854334e-05	0.004408966660934599
-0.0007193464465042876	-6.352347864080343e-05	-0.003494842491618355	-0.00021042463586540272	-0.009656431181657377	0.004742110384513332	0.00024699264341876415	0.005033060656509214
0.0010281167411054781	0.0005605705169342556	-0.0018721981031235568	-2.3196437192618546e-05	-0.009781249980772566	0.004554882185841214	5.976444474620202e-05	0.005220288855181776
-0.000844165245619477	0.0007477987156068178	-0.0008736477102040396	-0.000148015236307808	-0.009281974784312474	0.003993197589823527	-0.00012746375392658216	0.004908241857394469
-0.0010938028438489678	0.0021208055058714592	-0.000374372513743948	3.921296236453209e-05	-0.00921956538475488	0.0051789761814156066	5.976444474620202e-05	0.005407517053854116
0.0011529355402202235	0.0015591209098539949	-0.0018721981031235568	-2.3196437192618546e-05	-0.009469202982985259	0.00424283518805324	-0.00012746375392658216	0.004533785460049344
-0.0005945276473888761	0.0014343021107392495	-0.0023090639000260538	-2.3196437192618546e-05	-0.00909474658563969	0.004742110384513332	5.976444474620202e-05	0.004408966660934599
0.0011529355402202235	-0.0001883422777555488	-0.00355725189117595	3.921296236453209e-05	-0.009469202982985259	0.004866929183628077	-2.644954811836797e-06	0.0030983692702277743
0.0003416133459730464	-0.0005003892755428563	-0.004743030482768029	3.921296236453209e-05	-0.009406793583426998	0.004180425788495645	-0.00012746375392658216	0.00291114107155499
0.0009032979419909548	-0.0010620738715605427	-0.004118936487193192	-0.000148015236307808	-0.00872029018829501	0.004305244587610835	0.00012217384430335265	0.003535235067129605
-0.00034489004915938537	-0.0005003892755428563	-0.003057976694715858	-0.000148015236307808	-0.009281974784312474	0.003868378790708338	-0.00037710135215651697	0.0036600538662445725
0.0006536603437605759	6.12953204748301e-05	-6.232551595686253e-05	0.00016403176148016563	-0.008096196192719729	0.004679700984955737	0.00024699264341876415	0.005407517053854116
0.0004040227455310852	0.0022456243049864266	0.0005617684796184186	3.921296236453209e-05	-0.00890751838696735	0.004617291585398364	-2.644954811836797e-06	0.0053451076542965215
-0.0012186216429641572	0.0026824901018891456	0.0004993590800608239	-2.3196437192618546e-05	-0.008533061989622448	0.0049917479827437106	-2.644954811836797e-06	0.00571956405164209
0.0003416133459730464	0.0028697183005614857	0.00024972148183044496	0.0001016223619225709	-0.008033786793162578	0.005303794980530796	-2.644954811836797e-06	0.005220288855181776
-0.0006569370469464708	0.0014967115102968442	-0.0012481041075487198	3.921296236453209e-05	-0.008345833790950108	0.005927888976105633	0.00012217384430335265	0.0032855974688996703
0.0013401637388930077	0.0007477987156068178	-0.0032452048933879762	-8.560583675021327e-05	-0.008470652590065297	0.005054157382300861	-0.00012746375392658216	0.0032855974688996703
-0.0005321182478317255	0.00037334231826191555	-0.00355725189117595	-2.3196437192618546e-05	-0.007971377393605428	0.005927888976105633	0.00018458324386116942	0.0028487316719973954
0.0017146201362379099	-0.0006252080746580457	-0.004181345886750343	-0.000148015236307808	-0.007472102197145336	0.005491023179203136	-6.505435436854334e-05	0.0028487316719973954
-0.0005945276473888761	-0.00012593287819795407	-0.002246654500468681	-8.560583675021327e-05	-0.006972827000685244	0.005054157382300861	-0.00012746375392658216	0.00291114107155499
-0.0007817558460614382	0.0014967115102968442	-0.0007488289110888502	0.0001016223619225709	-0.0065359612037829695	0.0051789761814156066	0.00012217384430335265	0.003784872665359762
0.00027920394641589574	0.002557671302773956	0.00043694968050322913	0.00022644116103709422	-0.005537410810863008	0.0043676539871684295	0.00012217384430335265	0.003784872665359762
-0.0014058498416364973	0.0027448995014467403	0.0008114060778483534	-0.000148015236307808	-0.0052877732126332955	0.003868378790708338	-2.644954811836797e-06	0.0034728256675724545
0.0005912509442029812	0.0018087585080839297	-0.0001871443150711638	3.921296236453209e-05	-0.005599820210420603	0.003244284795133723	-0.00012746375392658216	0.002099818877307813
-0.0005945276473888761	0.0018087585080839297	-0.0010608759088763797	0.00016403176148016563	-0.004476451018386118	0.0031194659960187554	-0.00012746375392658216	0.00047717448881257063
0.0011529355402202235	-0.0002507516773131435	-0.0028083390964854793	-8.560583675021327e-05	-0.005038135614402917	0.0019960968039836047	-0.00018987315348417688	-0.0009582417010089994
0.00027920394641589574	-0.0014989396684623735	-0.004805439882325624	0.00022644116103709422	-0.0042268134201557395	0.002120915603098794	5.976444474620202e-05	-0.0015199262970271299
0.0017770295357955046	-0.0016861678671351576	-0.003994117688078447	0.00016403176148016563	-0.0035403100250233077	0.002557781400001291	0.00018458324386116942	-0.0010206511005674823
0.0017146201362379099	-0.0013117114697900334	-0.0036196612907335446	3.921296236453209e-05	-0.0036027194245809024	0.0012471840092940223	-2.644954811836797e-06	-0.0012078792992393783
-0.0009065746451761836	0.00012370472003198074	-0.0017473793040088115	-2.3196437192618546e-05	-0.0029786254290060654	0.0016216404066389245	-6.505435436854334e-05	4.030869191007369e-05
0.0007160697433181706	0.0007477987156068178	-0.0001871443150711638	3.921296236453209e-05	-0.003103444228121255	0.0018088686053112646	5.976444474620202e-05	0.0006644026874853548
-0.0010938028438489678	0.00130948331162406	0.0005617684796184186	-0.000148015236307808	-0.0031658536276786275	0.001496821607523735	-2.644954811836797e-06	0.0006644026874853548
0.00027920394641589574	0.001746349108526779	0.0004993590800608239	0.0001016223619225709	-0.00266657843121898	0.0009351370115069368	-2.644954811836797e-06	-8.451010720422758e-05
-0.0007193464465042876	0.0007477987156068178	-6.232551595686253e-05	-0.000148015236307808	-0.002479350232546196	-0.00018823218052843593	-0.00031469195259892224	-0.0018319732948142153
0.0010281167411054781	-0.0005003892755428563	-0.0018721981031235568	-2.3196437192618546e-05	-0.0011063434422817764	-6.341338141324648e-05	0.00012217384430335265	-0.0024560672903890524
-3.2843051371855836e-05	-0.0006876174742156405	-0.002870748496043518	0.00022644116103709422	-0.0007942964444940248	0.00012381481725931565	0.00024699264341876415	-0.003329798884193824
-3.2843051371855836e-05	-0.0019358054653653145	-0.003307614292945571	-0.00021042463586540272	-0.00041984004714934464	-0.0011243731738908025	-0.00012746375392658216	-0.004265939877556191
0.0013401637388930077	-0.0013117114697900334	-0.0023090639000260538	-0.000148015236307808	0.000703529144885362	-0.00162364837035045	-0.00018987315348417688	-0.004702805674458688
2.956634818573889e-05	-0.000562798675100451	-0.0008112383106464449	0.00016403176148016563	0.0019517171360354801	-0.0014364201716776659	0.0003718114425335095	-0.004016302279326256
0.000840888542432694	-0.00012593287819795407	-0.00012473491551356908	-0.00027283403542299745	0.002201354734265415	-0.003121473959730281	-0.00031469195259892224	-0.00420353047799904
-0.000844165245619477	0.0008102081151644125	0.0010610436760785102	-2.3196437192618546e-05	0.003199905127185154	-0.0031838833592878757	0.00018458324386116942	-0.003953892879768661
0.0012153449397782623	0.00037334231826191555	0.001123453075636105	0.00022644116103709422	0.0004538915466554272	-0.0032462927588452484	-0.00031469195259892224	-0.003329798884193824
-0.0011562122434065625	-0.00012593287819795407	-6.232551595686253e-05	0.0001016223619225709	-0.0026041690316613852	-0.0007499167765452341	5.976444474620202e-05	-0.0008334229018946981
0.0009657073415478834	-0.0001883422777555488	-0.0016849699044507727	-0.00021042463586540272	-0.006972827000685244	0.002120915603098794	-0.0002522825530413275	0.0020374094777502183
0.0010905261406630729	-0.00043797987598526156	-0.002059426301795897	0.00022644116103709422	-0.009406793583426998	0.004804519784070926	0.00018458324386116942	0.004658604259164534
-0.0009065746451761836	-0.0005003892755428563	-0.0027459296969283287	-0.000335243434979704	-0.012527263561301627	0.007238486366812902	-0.00031469195259892224	0.006468476846331672
0.001277754339335413	0.0008102081151644125	-0.0023090639000260538	0.00028885056059468894	-0.014274726748911393	0.009672452949555321	0.00012217384430335265	0.009152081027303804
-0.0009689840447342224	0.0024952619032163614	-0.0013729229066634652	0.00016403176148016563	-0.015460505340503694	0.012293647730969193	0.0003094020429759148	0.013645557795442853
9.197574774311157e-05	0.0029321277001188584	-0.001185694707991125	-2.3196437192618546e-05	-0.01801929072236086	0.01416592971769437	-0.0002522825530413275	0.015455430382610214
-0.001468259241194092	0.0043675438899410945	-0.0007488289110888502	-0.00021042463586540272	-0.020078800907758154	0.017161580896453144	0.00024699264341876415	0.017452531168449692
-3.2843051371855836e-05	0.005303684883303239	-0.00012473491551356908	-2.3196437192618546e-05	-0.02151421709758017	0.01784808429158602	-2.644954811836797e-06	0.01801421576446738
-0.0018427156385389942	0.004617181488170807	-0.001185694707991125	-2.3196437192618546e-05	-0.022450358090942535	0.01834735948804611	-0.00012746375392658216	0.018139034563582124
-0.0014058498416364973	0.003618631095251068	-0.0029955672951582635	-8.560583675021327e-05	-0.02301204268696022	0.01784808429158602	-6.505435436854334e-05	0.01820144396313972
0.0001543851473007063	0.002620080702331107	-0.0027459296969283287	0.0001016223619225709	-0.023760955481650026	0.019657956878753158	5.976444474620202e-05	0.018513490960926804
-0.0013434404420789026	0.0024328525036587667	-0.003682070690290251	3.921296236453209e-05	-0.023948183680322144	0.01984518507742572	0.00018458324386116942	0.018825537958714555
0.0006536603437605759	0.0028697183005614857	-0.0036196612907335446	0.0001016223619225709	-0.023636136682534614	0.019657956878753158	5.976444474620202e-05	0.017702168766679627
-0.0020299438372113343	0.0027448995014467403	-0.002870748496043518	-0.000335243434979704	-0.022762405088730064	0.020843735470345237	-2.644954811836797e-06	0.01589229617951249
0.0004040227455310852	0.0043675438899410945	-0.0027459296969283287	-2.3196437192618546e-05	-0.018331337720148166	0.019533138079638412	0.00012217384430335265	0.015080973985264867
-0.0017803062389809554	0.004991637885516376	-0.0006864195115312555	0.00022644116103709422	-0.01627182753475087	0.01628784930264837	0.00012217384430335265	0.013146282598983206
0.00046643214508779174	0.005366094282860834	-0.0011232853084335304	-8.560583675021327e-05	-0.014961230144043824	0.01572616470663113	-2.644954811836797e-06	0.011274000612258472
0.0003416133459730464	0.0037434498943662575	-0.0024338826991412432	3.921296236453209e-05	-0.013900270351566935	0.013604245121676461	-2.644954811836797e-06	0.009651356223763674
-9.525245092900647e-05	0.0029321277001188584	-0.0040565270876355974	3.921296236453209e-05	-0.012964129358204124	0.00998449994734285	5.976444474620202e-05	0.007279799040579293
0.0009657073415478834	0.0002485235191467261	-0.0042437552863079375	0.0001016223619225709	-0.01109184737147939	0.009173177753094786	-2.644954811836797e-06	0.0055947452525269
9.197574774311157e-05	-0.0008124362733299417	-0.005866399674802292	-8.560583675021327e-05	-0.009531612382542631	0.004804519784070926	-2.644954811836797e-06	0.0015381342812901266
0.0015273919375653477	-0.0019358054653653145	-0.004555802284095467	0.0001016223619225709	-0.008096196192719729	0.004180425788495645	0.00018458324386116942	0.001226087283502597
-0.00028248064960179065	-0.0016861678671351576	-0.004118936487193192	0.0001016223619225709	-0.0052877732126332955	0.0008103182123915253	-6.505435436854334e-05	0.00022753689058285786
0.0011529355402202235	-0.0010620738715605427	-0.002496292098698394	-0.000148015236307808	-0.003665128824138053	0.0016840498061965192	-6.505435436854334e-05	0.0006019932879282042
-0.0012186216429641572	-0.000562798675100451	-0.0005616007124162881	3.921296236453209e-05	-0.0017928468374142081	-0.0003130509796431813	5.976444474620202e-05	-0.0004589665045495739
-0.0012810310425213078	0.0008726175147220072	0.0008114060778483534	-2.3196437192618546e-05	-4.538364980422038e-05	0.0015592310070813298	5.976444474620202e-05	-0.0013326980983547898
0.0007160697433181706	0.0010598457133939032	-0.0006864195115312555	-2.3196437192618546e-05	0.0015772607386903559	-0.000812326176103495	-0.00018987315348417688	-0.003392208283751419
-0.00046970884827413073	0.0009350269142791579	-0.0006240101119738828	-0.000335243434979704	0.0031374957276277815	-0.0007499167765452341	-0.0002522825530413275	-0.005014852672246217
0.001464982538007753	0.00012370472003198074	-0.000998466509318341	0.0004136693597098784	0.0048225495156799525	-0.0011243731738908025	0.0003094020429759148	-0.008010503851005879
0.00021679454685852306	-0.00012593287819795407	-0.001622560504893622	-0.00027283403542299745	0.0054466435112545675	-0.0038079773548622686	0.00012217384430335265	-0.008322550848793187
0.001464982538007753	-0.0006876174742156405	-0.0004367819133015427	0.00022644116103709422	0.00862952288868657	-0.007864588326099486	0.0003094020429759148	-0.009258691842155553
0.0005288415446453865	-0.0002507516773131435	-0.0002495537146292026	-0.000335243434979704	0.009003979286031472	-0.009924098511496338	-0.00037710135215651697	-0.010694108031977567
0.0012153449397782623	-0.001186892670675288	0.0008738154774059481	3.921296236453209e-05	0.01037698607629678	-0.01173397109866392	-2.644954811836797e-06	-0.010319651634632221
0.0017770295357955046	-0.0008748456728879805	0.0011858624751936997	0.00022644116103709422	0.0109386706723138	-0.01273252149158366	0.00024699264341876415	-0.010756517431535162
-0.0007817558460614382	-0.0023102618627099947	0.00043694968050322913	-0.00027283403542299745	0.009940120279393838	-0.012545293292910875	-0.0002522825530413275	-0.010881336230649907
0.0017770295357955046	-0.002247852463152844	-0.000998466509318341	-2.3196437192618546e-05	0.009565663882049158	-0.013543843685830836	-0.00012746375392658216	-0.011380611427109777
-9.525245092900647e-05	-0.003683268652974858	-0.0017473793040088115	-2.3196437192618546e-05	0.009378435683376596	-0.012046018096450783	-6.505435436854334e-05	-0.011942296023127463
0.002525942330485531	-0.004120134449877355	-0.0033700236925031657	0.00035125996015272776	0.009628073281606309	-0.012919749690256	-0.00037710135215651697	-0.013440121612507516
0.0007160697433181706	-0.005555550639699591	-0.004555802284095467	-0.0003976528345372987	0.010002529678951433	-0.012295655694681162	0.00012217384430335265	-0.013190484014276693
0.0020266671340254394	-0.005430731840584846	-0.0032452048933879762	0.00016403176148016563	0.011001080071871394	-0.013231796688043085	0.00024699264341876415	-0.013315302813392327
0.0006536603437605759	-0.003683268652974858	0.0007489966782907587	-0.00027283403542299745	0.010689033074083865	-0.013543843685830836	-0.0002522825530413275	-0.013564940411621818
-0.0007193464465042876	0.00018611411958957547	0.003245372660590551	-0.000335243434979704	0.011625174067445787	-0.014167937681405673	-0.0002522825530413275	-0.012816027616932235
0.0010281167411054781	0.0024952619032163614	0.0062410238393495465	0.0004136693597098784	0.012498905661250559	-0.012545293292910875	0.00024699264341876415	-0.011380611427109777
-0.0006569370469464708	0.0023080337045440213	0.005679339243332526	-2.3196437192618546e-05	0.012374086862136258	-0.01267011209202562	5.976444474620202e-05	-0.011567839625782783
0.0015898013371229425	0.001122255112951498	0.0026836880645733086	-8.560583675021327e-05	0.011874811665676166	-0.01267011209202562	-6.505435436854334e-05	-0.011942296023127463
0.0005288415446453865	-0.002435080661825184	-0.0008736477102040396	-8.560583675021327e-05	0.01043939547585393	-0.009736870312824442	-2.644954811836797e-06	-0.011942296023127463
0.0030876269265029954	-0.006054825836159683	-0.005367124478342866	0.0001016223619225709	0.005758690509041875	-0.005867487540259564	0.00012217384430335265	-0.010257242235075514
0.0009657073415478834	-0.008363973619786025	-0.007301815864625638	-0.000148015236307808	0.003636770924087429	-0.0028094269619427514	-0.00018987315348417688	-0.007948094451448284
0.001464982538007753	-0.009050477014918457	-0.0013105135071063145	3.921296236453209e-05	0.0035743615245298344	-0.0013116013725631426	5.976444474620202e-05	-0.004765215074016282
-0.0009065746451761836	-0.00037557047642766683	0.005242473446430473	3.921296236453209e-05	0.005134596513467482	-0.00162364837035045	-2.644954811836797e-06	-0.0026432954890613924
-0.0032781318283610084	0.0058653694793211475	0.011982688598638491	-2.3196437192618546e-05	0.007443744297094268	-0.0006875073769883056	0.00018458324386116942	-0.0004589665045495739
-0.0015306686407516867	0.010046799249672667	0.014978339777398375	0.0004760787592674731	0.009503254482491563	-0.0006875073769883056	0.0003718114425335095	-0.0002717383058767897
-0.0022171720358836744	0.011544624839052275	0.013355695388903133	0.0001016223619225709	0.01043939547585393	-0.0005002791783159655	0.00024699264341876415	-0.0038914834802115106
-0.0001576618504866012	0.008424154861177868	0.00792607762740194	-0.000335243434979704	0.00794301949355436	0.002183325002656389	-0.00018987315348417688	-0.0045155774757859035
-9.525245092900647e-05	0.0043675438899410945	0.0010610436760785102	-0.00021042463586540272	0.0012652137409034925	0.006177526574335568	-2.644954811836797e-06	-0.0051396714713607405
0.0032748551251751135	-0.0001883422777555488	-0.005679171476130396	-8.560583675021327e-05	-0.0014807998396264566	0.004679700984955737	5.976444474620202e-05	-0.004765215074016282
0.002338714131812525	-0.00418254384943495	-0.011545655034534308	-8.560583675021327e-05	-0.002229712634316039	0.0009351370115069368	-6.505435436854334e-05	-0.00439075867667138
0.0005912509442029812	-0.006741329231291671	-0.008237956857987117	-0.00021042463586540272	-0.0021048938352012936	-0.003371111557960438	-0.0002522825530413275	-0.0030177518864067387
0.0009657073415478834	-0.004432181447665329	-0.0016849699044507727	0.00022644116103709422	-0.001605618638741424	-0.007302903730082022	0.00018458324386116942	-0.0005213759041071686
-0.0024044002345562365	-0.0019358054653653145	0.002808506863688054	-2.3196437192618546e-05	-0.0015432092391838292	-0.011609152299548287	0.00012217384430335265	0.0019750000781926236
-0.001468259241194092	0.0004357517178190662	0.0060537956406776505	-0.000148015236307808	-0.002229712634316039	-0.01179638049822107	-0.00018987315348417688	0.0036600538662445725
-0.002092353236768929	0.0012470739120666874	0.0058665674420053104	0.00016403176148016563	-0.00266657843121898	-0.009362413915479095	0.0003094020429759148	0.0012884966830601918
0.0012153449397782623	-0.0001883422777555488	0.0012482718747504062	0.00035125996015272776	-0.005225363813075257	-0.000999554374775613	-0.00012746375392658216	-0.0010830605001241889
0.00021679454685852306	-0.0036208592534172634	-0.0048678492818827745	-2.3196437192618546e-05	-0.0067231894024548655	0.004804519784070926	-6.505435436854334e-05	-0.0030801612859643335
0.003774130321634983	-0.006242054034832023	-0.014728534411965866	-2.3196437192618546e-05	-0.007721739795374827	0.007176076967255307	-2.644954811836797e-06	-0.003953892879768661
0.003961358520307323	-0.006491691633061958	-0.013542755820374008	-2.3196437192618546e-05	-0.007846558594490238	0.009547634150439688	-6.505435436854334e-05	-0.002705704888618987
0.0005288415446453865	-0.0036208592534172634	-0.007052178266395259	-2.3196437192618546e-05	-0.007035236400242839	0.01148232553672246	-2.644954811836797e-06	0.0007268120870429495
0.0007784791428753213	0.0018087585080839297	0.0005617684796184186	0.00022644116103709422	-0.004289222819713334	0.007363305165927647	0.00024699264341876415	0.0036600538662445725
-0.0032781318283610084	0.006739101073125919	0.00836294342430488	-0.000335243434979704	-0.0009191152436094363	0.0016840498061965192	-0.00031469195259892224	0.00571956405164209
-0.0030284942301312956	0.009297886454982862	0.015290386775185683	-2.3196437192618546e-05	0.0033247239263003436	-0.0008747355756608677	0.00024699264341876415	0.003784872665359762
-0.0039022258239362895	0.010046799249672667	0.015352796174742833	0.0001016223619225709	0.005696281109485168	-0.006741219134064336	5.976444474620202e-05	0.0009764496852724402
-0.0009689840447342224	0.0077376514660456586	0.011233775803949353	-0.000148015236307808	0.0033247239263003436	-0.002497379964155666	-6.505435436854334e-05	-0.0010830605001241889
-0.0017178968394242489	0.0023080337045440213	-0.002246654500468681	0.00022644116103709422	0.0014524419395753885	0.00037345241548925046	0.00012217384430335265	-0.003829074080653916
0.0015898013371229425	-0.005056275443239722	-0.007114587665952854	3.921296236453209e-05	0.0013900325400177937	0.002557781400001291	0.00012217384430335265	-0.005826174866493394
0.0024635329309277143	-0.005555550639699591	-0.008113138058872371	-0.0005848810332100829	0.0007659385444434008	0.004742110384513332	-0.0007515577495014192	-0.0066374970607407935
0.0004040227455310852	-0.001623758467577563	-0.0033700236925031657	-0.000148015236307808	0.0021389453347082643	0.0068640299694675555	-6.505435436854334e-05	-0.0034546176833087916
0.0004040227455310852	0.004617181488170807	0.0033077820601481456	0.00022644116103709422	0.0027006299307250625	0.005990298375662784	0.00018458324386116942	0.004783423058279723
-0.0028412660314585114	0.009734752251885137	0.010297634810586542	0.0001016223619225709	0.0027630393302826572	0.005366204380087947	-0.00018987315348417688	0.006655705045004012
-0.0024044002345562365	0.01141980603993753	0.013230876589788831	-0.000148015236307808	0.0031374957276277815	-0.0012491919730051038	0.00018458324386116942	0.006218839248101737
-0.0035277694265913873	0.010733302644805098	0.011608232201293589	0.00022644116103709422	0.0030750863280701868	-0.004619299549109668	0.00018458324386116942	0.0025990940737676826
-0.00034489004915938537	0.005303684883303239	-0.0018721981031235568	-0.000335243434979704	0.0016396701382479506	-0.006928447332736676	-0.0002522825530413275	-0.0019567920939291827
0.002775579928715022	-0.007802289023769227	-0.008300366257545155	0.00016403176148016563	0.0003290727475411259	-0.006491581535834845	0.00018458324386116942	-0.00507726207180359
0.00190184833491025	-0.011422034198103725	-0.011670473833649053	0.00016403176148016563	-0.0012935716409541165	-0.0044944807499947	0.00012217384430335265	-0.006325450062953486
0.0036493115225197936	-0.010922759001643634	-0.011171198637189628	3.921296236453209e-05	-0.0017304374378566134	-0.0036831585557475233	-6.505435436854334e-05	-0.006512678261625826
0.0005912509442029812	-0.006678919831734076	-0.006552903069935168	-0.00021042463586540272	-0.0014807998396264566	-0.0017484671694651954	-0.00012746375392658216	-0.000646194703221914
0.000840888542432694	-0.0006876174742156405	8.388360117628224e-08	-2.3196437192618546e-05	-0.0012935716409541165	0.000248633616374061	0.0005590396412058496	0.003597644466687422
-0.0014058498416364973	0.005678141280648363	0.006553070837137742	0.0004136693597098784	-0.0012311622413965218	0.0018712780048693034	-0.0004395107517136676	0.004471376060492194
-0.001468259241194092	0.008174517262947933	0.00836294342430488	-8.560583675021327e-05	-0.0011063434422817764	0.0026826001991160364	-6.505435436854334e-05	0.004908241857394469
-0.002529219033671426	0.007862470265160848	0.002746097464130459	0.00022644116103709422	-0.0014807998396264566	0.0013720028084092117	-2.644954811836797e-06	0.002536684674209644
0.00021679454685852306	-0.0007500268737732352	-0.003307614292945571	3.921296236453209e-05	-0.0014807998396264566	-0.0005626885778731161	5.976444474620202e-05	-0.0008334229018946981
0.0028379893282726165	-0.006117235235717278	-0.008237956857987117	3.921296236453209e-05	-0.002042484435643699	-0.0018732859685803849	5.976444474620202e-05	-0.004016302279326256
0.0016522107366803152	-0.009112886414476495	-0.010547104641614347	-0.000148015236307808	-0.0018552562369709147	-0.0036207491561899285	-6.505435436854334e-05	-0.005950993665608362
0.0030876269265029954	-0.008925658215804155	-0.008799641454004803	3.921296236453209e-05	-0.0006694776453788354	-0.005180984145127576	-2.644954811836797e-06	-0.004952443272688178
0.0006536603437605759	-0.006054825836159683	-0.004555802284095467	0.00016403176148016563	0.0010779855422307083	-0.005368212343799916	-0.00012746375392658216	-0.0037042552815391705
0.0010281167411054781	-0.002497490061382557	-0.00031196311418635325	-0.000148015236307808	0.0027630393302826572	-0.005056165346012387	-6.505435436854334e-05	-0.001457516897469091
-0.0013434404420789026	0.0012470739120666874	0.003245372660590551	0.00022644116103709422	0.0035743615245298344	-0.003932796153977458	0.00024699264341876415	-0.000646194703221914
0.00021679454685852306	0.0031193558987907544	0.002995735062360838	-0.000148015236307808	0.003699180323645024	-0.0030590645601726862	-6.505435436854334e-05	-0.00170715449569947
0.000840888542432694	-0.00037557047642766683	-0.0008112383106464449	-2.3196437192618546e-05	0.004073636720989926	-0.003558339756632334	-0.00012746375392658216	-0.004265939877556191
0.0007160697433181706	-0.003121584056957616	-0.0040565270876355974	0.00022644116103709422	0.004947368314794698	-0.0038079773548622686	0.00018458324386116942	-0.006512678261625826
0.002338714131812525	-0.006117235235717278	-0.006615312469492762	-0.00021042463586540272	0.004323274319220305	-0.004931346546897197	-0.00031469195259892224	-0.009009054243925396
0.0009032979419909548	-0.006616510432176925	-0.0057415808756879905	-8.560583675021327e-05	0.005072187113909887	-0.005617849942029629	-6.505435436854334e-05	-0.009445920040827893
0.0022138953326982236	-0.005243503641912062	-0.002870748496043518	0.00028885056059468894	0.006070737506829849	-0.00642917213627725	5.976444474620202e-05	-0.006949544058528323
-0.00022007125004419592	-0.0025598994609401515	0.0010610436760785102	-2.3196437192618546e-05	0.006195556305945038	-0.006054715738932348	5.976444474620202e-05	-0.0045155774757859035
0.0003416133459730464	0.0004981611173766609	0.004868017049085349	-0.000148015236307808	0.005384234111696973	-0.0040576149530924255	-0.00018987315348417688	-0.0017695638952566206
-0.002092353236768929	0.003244174697906388	0.008238124625189691	0.00035125996015272776	0.0048225495156799525	-0.0011243731738908025	0.0003094020429759148	0.0003523556896980473
-0.0025916284332290207	0.0043675438899410945	0.006428252038022553	-0.000335243434979704	0.0031374957276277815	0.0012471840092940223	-0.00037710135215651697	0.00041476508925564204
2.956634818573889e-05	0.00393067809303882	0.004243923053510512	0.00016403176148016563	0.002638220531167912	0.0031194659960187554	0.00012217384430335265	0.0002899462901400085
-0.0010938028438489678	0.002557671302773956	0.0014979094729807851	-8.560583675021327e-05	0.001764488937362696	0.003618741192478847	-6.505435436854334e-05	-0.0007086041027795087
0.0010905261406630729	0.001122255112951498	-0.0001871443150711638	-2.3196437192618546e-05	0.0012028043413454537	0.0031194659960187554	-6.505435436854334e-05	-0.0017695638952566206
-0.0001576618504866012	0.0006229799164916283	-0.0002495537146292026	3.921296236453209e-05	0.0012652137409034925	0.0022457344022135395	-6.505435436854334e-05	-0.0022064296921595616
0.0011529355402202235	0.0003109329187043208	0.0003745402809460785	-2.3196437192618546e-05	0.0014524419395753885	-0.002060514167253169	0.00012217384430335265	-0.001270288698796751
-0.00034489004915938537	0.0009350269142791579	0.0018723658703261314	-0.00021042463586540272	0.0010155761426735577	-0.0040576149530924255	-0.00031469195259892224	-0.0015199262970271299
0.0005288415446453865	0.0006853893160494451	0.0030581444619179887	-0.000148015236307808	0.0015148513391329832	-0.0046817089486674845	-6.505435436854334e-05	-0.0009582417010089994
0.0005288415446453865	0.0004981611173766609	0.002184412868113661	-2.3196437192618546e-05	0.001140394941788303	-0.005056165346012387	-0.00012746375392658216	-0.001270288698796751
-0.000844165245619477	-0.00012593287819795407	0.0014355000734231904	0.00022644116103709422	0.0014524419395753885	-0.003371111557960438	0.00018458324386116942	-0.0007086041027795087
0.0007784791428753213	-0.0014989396684623735	-0.000998466509318341	-0.000148015236307808	0.0001418445488685638	-0.003121473959730281	-0.0002522825530413275	-0.0018319732948142153
-0.00028248064960179065	-0.0019358054653653145	-0.002059426301795897	3.921296236453209e-05	0.00039148214709783247	-0.0018732859685803849	0.00012217384430335265	-0.00276811428817636
0.001464982538007753	-0.002247852463152844	-0.0029955672951582635	0.0001016223619225709	0.00020425394842593647	-0.0017484671694651954	0.00018458324386116942	-0.0030177518864067387
9.197574774311157e-05	-0.0023726712622675894	-0.0025587014982559886	-2.3196437192618546e-05	0.0007659385444434008	-0.002497379964155666	-2.644954811836797e-06	-0.0034546176833087916
0.001464982538007753	-0.002247852463152844	-0.001997016902238302	-0.000148015236307808	0.001140394941788303	-0.002934245761057497	-0.0002522825530413275	-0.0030801612859643335
-0.00034489004915938537	-0.0015613490680204123	0.001123453075636105	0.00035125996015272776	0.0017020795378055453	-0.0023725611650404765	0.0003094020429759148	-0.002081610893044372
-0.0010938028438489678	-0.0002507516773131435	0.0015603188725379358	-0.000335243434979704	0.0010155761426735577	-0.002684608162828006	-0.0002522825530413275	-0.00189438269437181
0.0005912509442029812	0.0008102081151644125	0.002371641066785557	3.921296236453209e-05	0.0010779855422307083	-0.0018732859685803849	-6.505435436854334e-05	-0.0010206511005674823
-0.0011562122434065625	0.0010598457133939032	0.002746097464130459	-2.3196437192618546e-05	0.0015148513391329832	-0.0006250979774307108	5.976444474620202e-05	-0.0004589665045495739
0.0005912509442029812	0.0013718927111818768	0.002371641066785557	0.0001016223619225709	0.0018268983369207348	0.00018622421681646628	0.00012217384430335265	-0.0007710135023371034
-0.0010938028438489678	0.0013718927111818768	0.0016851376716535693	-2.3196437192618546e-05	0.0019517171360354801	0.0009975464110640875	0.00018458324386116942	-0.0010206511005674823
0.000840888542432694	0.0011846645125095367	0.0012482718747504062	0.00028885056059468894	0.002388582932937977	0.0009975464110640875	5.976444474620202e-05	-0.0016447450961418753
-0.0007817558460614382	0.0006853893160494451	0.0003745402809460785	-0.00027283403542299745	0.0015772607386903559	-0.00018823218052843593	-0.0004395107517136676	-0.0026432954890613924
0.0007160697433181706	-0.00012593287819795407	6.249328315854896e-05	0.0004136693597098784	0.0027006299307250625	-1.0039818558738034e-06	0.0004966302416482549	-0.0016447450961418753
0.000840888542432694	-0.0011244832711181374	-0.0007488289110888502	-0.000148015236307808	0.0017020795378055453	-0.002060514167253169	-0.0002522825530413275	-0.0029553424868487
-0.0005945276473888761	-0.0009372550724453532	6.249328315854896e-05	3.921296236453209e-05	0.002014126535593075	-0.0021229235668103197	5.976444474620202e-05	-0.0022064296921595616
0.0007784791428753213	-0.0011244832711181374	8.388360117628224e-08	-8.560583675021327e-05	0.0013276231404610872	-0.003121473959730281	-0.0002522825530413275	-0.0022064296921595616
-0.0004072994487169801	-0.0006876174742156405	0.0003745402809460785	0.0001016223619225709	0.0014524419395753885	-0.002434970564597627	0.00024699264341876415	-0.0010206511005674823
0.0007160697433181706	-0.001186892670675288	-0.0006864195115312555	-0.000148015236307808	-4.538364980422038e-05	-0.002247742365925065	-0.00031469195259892224	-0.000646194703221914
-0.000844165245619477	-0.0014989396684623735	-0.001622560504893622	-0.0003976528345372987	-0.0008567058440513975	0.000248633616374061	0.0003094020429759148	-2.2100707647521034e-05
0.001464982538007753	-0.0014365302689052228	-0.0021218357013534916	3.921296236453209e-05	-0.0012311622413965218	0.0007479088128339306	0.00018458324386116942	-0.0002717383058767897
-9.525245092900647e-05	-0.002060624264480504	-0.0038068894894056626	-0.000148015236307808	-0.0018552562369709147	0.0004358618150468452	-0.00018987315348417688	-0.0010830605001241889
-9.525245092900647e-05	-0.0021230336640376546	-0.003120386094273453	0.00016403176148016563	-0.0012311622413965218	0.0005606806141620346	0.00018458324386116942	-0.000646194703221914
0.0012153449397782623	-0.001998214864922465	-0.0021842451009108643	-0.000148015236307808	-0.0011063434422817764	-0.0003130509796431813	-0.00018987315348417688	-0.0012078792992393783
-0.0006569370469464708	-0.0010620738715605427	-0.0004991913128586933	-2.3196437192618546e-05	-0.0004822494467064953	-0.00043786977875792665	0.00012217384430335265	-0.000646194703221914
0.0006536603437605759	-0.0003131610768705162	0.0007489966782907587	-0.00021042463586540272	-0.00041984004714934464	-0.0014364201716776659	-0.0002522825530413275	4.030869191007369e-05
-0.000844165245619477	0.0009350269142791579	0.002184412868113661	0.0001016223619225709	0.00039148214709783247	-0.000999554374775613	0.00012217384430335265	-8.451010720422758e-05
0.0007160697433181706	0.0012470739120666874	0.0024340504663429297	0.00016403176148016563	0.0004538915466554272	-0.00043786977875792665	-0.00031469195259892224	-0.0005213759041071686
-0.0012186216429641572	0.0008726175147220072	0.0016227282720959746	0.0004136693597098784	0.0008907573435579241	0.0010599558106212381	0.0003718114425335095	-8.451010720422758e-05
0.0010905261406630729	0.001122255112951498	0.0004993590800608239	0.0001016223619225709	0.0008283479440009955	0.0018712780048693034	0.0003094020429759148	-0.0001469195067618223
0.0005912509442029812	-0.00012593287819795407	-0.0007488289110888502	-0.00027283403542299745	-0.0004822494467064953	0.001496821607523735	-0.00037710135215651697	-0.0009582417010089994
-0.0007817558460614382	0.0003109329187043208	-0.000374372513743948	-0.00021042463586540272	-0.0003574306475917499	0.0018088686053112646	-0.00018987315348417688	-0.00020932890631941703
0.0010281167411054781	0.0009974363138367526	0.0008738154774059481	0.00022644116103709422	0.0001418445488685638	0.0014344122079668065	0.00018458324386116942	0.00016512749102526314
-0.0011562122434065625	0.0010598457133939032	0.0015603188725379358	-0.000148015236307808	7.943514931074702e-05	0.0004982712146035517	-2.644954811836797e-06	0.00016512749102526314
0.0003416133459730464	0.0011846645125095367	0.0023092316672279622	-0.000148015236307808	0.0002666633479835312	-0.0006875073769883056	-6.505435436854334e-05	0.00047717448881257063
-0.0012186216429641572	0.0016215303094115896	0.002808506863688054	-8.560583675021327e-05	0.0012652137409034925	-0.000999554374775613	0.0003718114425335095	0.00041476508925564204
0.000840888542432694	0.0014967115102968442	0.0028709162632456486	-0.0005848810332100829	0.00020425394842593647	-0.0014988295712354827	-0.0004395107517136676	-0.0007710135023371034
-0.0014058498416364973	0.00018611411958957547	0.0003745402809460785	0.00022644116103709422	0.000703529144885362	-0.0006250979774307108	0.00018458324386116942	-0.000646194703221914
-0.0004072994487169801	-0.00043797987598526156	-0.0006240101119738828	-2.3196437192618546e-05	0.0008907573435579241	-6.341338141324648e-05	0.00012217384430335265	-0.0010830605001241889
0.0012153449397782623	-0.0009372550724453532	-0.000998466509318341	0.00016403176148016563	0.0010155761426735577	0.00012381481725931565	0.00012217384430335265	-0.0016447450961418753
-0.0005945276473888761	-0.0006252080746580457	-0.0006864195115312555	-2.3196437192618546e-05	0.0015148513391329832	-1.0039818558738034e-06	5.976444474620202e-05	-0.0018319732948142153
0.0010281167411054781	-0.00012593287819795407	0.0001249026827161437	3.921296236453209e-05	0.0019517171360354801	-0.000812326176103495	-0.00012746375392658216	-0.0016447450961418753
-0.0007817558460614382	0.0004357517178190662	0.0014355000734231904	-2.3196437192618546e-05	0.0027006299307250625	-0.0011243731738908025	-0.00018987315348417688	-0.0018319732948142153
0.00046643214508779174	0.0004981611173766609	0.001934775269883282	-0.000148015236307808	0.0023261735333806044	-0.002060514167253169	-6.505435436854334e-05	-0.0013326980983547898
-0.0010313934442918171	0.0007477987156068178	0.0024340504663429297	0.0005384881588246238	0.0025134017320531665	-0.0017484671694651954	0.00043422084209066014	-0.0010206511005674823
0.0009657073415478834	0.0008102081151644125	0.001310681274308001	-0.000148015236307808	0.0019517171360354801	-0.00162364837035045	5.976444474620202e-05	-0.0013951074979114964
0.0007784791428753213	-0.0007500268737732352	-0.00012473491551356908	-0.00027283403542299745	0.001140394941788303	-0.0016860577699080448	-0.00037710135215651697	-0.002268839091716268
-0.00028248064960179065	-0.0005003892755428563	-0.0004991913128586933	0.00016403176148016563	0.0014524419395753885	-0.00043786977875792665	5.976444474620202e-05	-0.0015199262970271299
0.0013401637388930077	-0.0006876174742156405	-0.0009360571097616344	0.00016403176148016563	0.0012028043413454537	-6.341338141324648e-05	0.00018458324386116942	-0.0018319732948142153
-0.0004072994487169801	-0.0006876174742156405	-0.0011232853084335304	-0.000148015236307808	0.0008907573435579241	-1.0039818558738034e-06	-6.505435436854334e-05	-0.0017695638952566206
0.0011529355402202235	-0.0006252080746580457	-0.000998466509318341	-8.560583675021327e-05	0.0008907573435579241	-0.0006875073769883056	-0.00012746375392658216	-0.0020192014934867775
-0.0005321182478317255	-0.00043797987598526156	-0.0006864195115312555	-8.560583675021327e-05	0.0021389453347082643	-0.0021229235668103197	0.00024699264341876415	-0.0020192014934867775
0.0012153449397782623	-0.0005003892755428563	8.388360117628224e-08	-0.000335243434979704	0.0019517171360354801	-0.0036831585557475233	-0.00012746375392658216	-0.00276811428817636
-0.0007193464465042876	-0.0013117114697900334	-0.0006864195115312555	3.921296236453209e-05	0.0020765359351502255	-0.0044944807499947	-0.00018987315348417688	-0.003329798884193824
-9.525245092900647e-05	-0.002060624264480504	-0.0006864195115312555	0.00028885056059468894	0.0027006299307250625	-0.0040576149530924255	0.00043422084209066014	-0.0028929330872915493
0.0009032979419909548	-0.003059174657399577	-0.0019346075026811516	-0.0003976528345372987	0.0013900325400177937	-0.004868937147340047	-0.00037710135215651697	-0.004078711678883407
-0.00028248064960179065	-0.002684718260055341	-0.0018097887035664062	-2.3196437192618546e-05	0.0018893077364778854	-0.003745567955305118	-2.644954811836797e-06	-0.0035170270828666084
0.0015273919375653477	-0.002435080661825184	-0.0016849699044507727	0.0001016223619225709	0.0020765359351502255	-0.003121473959730281	5.976444474620202e-05	-0.0036418458819815758
-0.0004072994487169801	-0.0021230336640376546	-0.0013729229066634652	-8.560583675021327e-05	0.0022637641338225656	-0.002247742365925065	-0.00018987315348417688	-0.003829074080653916
0.0010905261406630729	-0.001623758467577563	-0.0010608759088763797	-0.00021042463586540272	0.0020765359351502255	-0.0012491919730051038	-0.00012746375392658216	-0.0028305236877341766
-0.00046970884827413073	-0.000562798675100451	-6.232551595686253e-05	0.00035125996015272776	0.002388582932937977	-0.00043786977875792665	0.00043422084209066014	-0.00189438269437181
0.0010281167411054781	0.00012370472003198074	0.0009362248769633208	-0.00027283403542299745	0.0015148513391329832	-0.000999554374775613	-0.00018987315348417688	-0.00189438269437181
0.0007784791428753213	0.00018611411958957547	0.0012482718747504062	-2.3196437192618546e-05	0.0014524419395753885	-0.000999554374775613	-2.644954811836797e-06	-0.0016447450961418753
-0.000844165245619477	0.0003109329187043208	0.0014355000734231904	-2.3196437192618546e-05	0.0015148513391329832	-0.0006875073769883056	5.976444474620202e-05	-0.0011454698996817836
0.0009032979419909548	0.00012370472003198074	0.0015603188725379358	0.00016403176148016563	0.0015772607386903559	-0.0007499167765452341	0.00012217384430335265	-0.001270288698796751
-0.0009689840447342224	-1.1140790832087077e-06	0.001310681274308001	-0.00021042463586540272	0.0016396701382479506	-0.0009371449752180183	-6.505435436854334e-05	-0.0020192014934867775
0.0007784791428753213	0.0003109329187043208	0.0012482718747504062	0.0001016223619225709	0.0019517171360354801	-0.0011243731738908025	0.00012217384430335265	-0.0018319732948142153
-0.0006569370469464708	0.0004981611173766609	0.0015603188725379358	3.921296236453209e-05	0.0019517171360354801	-0.0014364201716776659	-0.0004395107517136676	-0.0028305236877341766
0.0004040227455310852	6.12953204748301e-05	0.000686587278733608	3.921296236453209e-05	0.0027630393302826572	-0.0006250979774307108	0.00012217384430335265	-0.0022064296921595616
-0.0005945276473888761	0.0006853893160494451	0.0010610436760785102	0.0001016223619225709	0.002388582932937977	-0.000999554374775613	-6.505435436854334e-05	-0.002331248491274307
-0.0005945276473888761	0.00037334231826191555	0.001123453075636105	0.00016403176148016563	0.0027630393302826572	-0.000812326176103495	0.00024699264341876415	-0.00189438269437181
0.000840888542432694	-0.00037557047642766683	0.0004993590800608239	-8.560583675021327e-05	0.0020765359351502255	-0.0017484671694651954	-0.00012746375392658216	-0.0024560672903890524
-0.0009065746451761836	-0.0006876174742156405	8.388360117628224e-08	-0.00021042463586540272	0.0016396701382479506	-0.0018732859685803849	-0.00018987315348417688	-0.002081610893044372
0.0011529355402202235	-0.000562798675100451	0.0003745402809460785	0.00035125996015272776	0.0015772607386903559	-0.0012491919730051038	0.0003094020429759148	-0.001457516897469091
-0.0011562122434065625	-0.0013117114697900334	-0.00031196311418635325	-0.000335243434979704	0.0002666633479835312	-0.0015612389707930774	-2.644954811836797e-06	-0.0009582417010089994
0.0009032979419909548	-0.0008124362733299417	-0.00012473491551356908	3.921296236453209e-05	0.0002666633479835312	-0.0003130509796431813	5.976444474620202e-05	-0.0003341477054346065
-0.0006569370469464708	-0.00043797987598526156	0.0001249026827161437	0.00022644116103709422	0.00020425394842593647	0.000248633616374061	0.00018458324386116942	-0.0002717383058767897
0.0010905261406630729	-6.352347864080343e-05	0.00031213088138892786	-0.000148015236307808	-0.00017020244891896574	0.0006854994132763359	-2.644954811836797e-06	-8.451010720422758e-05
0.0007784791428753213	0.0004981611173766609	0.00031213088138892786	3.921296236453209e-05	-0.0007318870449364301	0.0012471840092940223	-6.505435436854334e-05	0.00010271809146766842
-0.0007817558460614382	0.0009350269142791579	0.000686587278733608	-2.3196437192618546e-05	-0.0006070682458221288	0.0018712780048693034	-6.505435436854334e-05	0.0006644026874853548
0.0005288415446453865	0.0006229799164916283	0.0003745402809460785	-0.00021042463586540272	-0.0013559810405112671	0.0014344122079668065	-0.00018987315348417688	0.00047717448881257063
-0.0006569370469464708	0.0010598457133939032	0.0009362248769633208	3.921296236453209e-05	-0.0007942964444940248	0.001746459205754114	0.00018458324386116942	0.0009764496852724402
0.000840888542432694	0.0010598457133939032	0.0009362248769633208	0.00022644116103709422	-0.0008567058440513975	0.0014344122079668065	0.00024699264341876415	0.0011636778839450024
-0.0007817558460614382	0.0008726175147220072	0.0011858624751936997	0.00016403176148016563	-0.001168752841838927	0.0004358618150468452	-0.00018987315348417688	0.00041476508925564204
0.0005912509442029812	0.0004357517178190662	0.0008114060778483534	-8.560583675021327e-05	-0.0009815246431661429	0.0007479088128339306	-6.505435436854334e-05	0.0011012684843876297
-0.0009065746451761836	0.0007477987156068178	0.0012482718747504062	0.0004136693597098784	-0.0007942964444940248	0.0010599558106212381	0.0003718114425335095	0.001475724881732532
-0.0009689840447342224	0.0004357517178190662	0.0004993590800608239	-0.00021042463586540272	-0.001605618638741424	0.0008103182123915253	-0.00012746375392658216	0.001226087283502597
0.0005912509442029812	0.0004981611173766609	0.00024972148183044496	3.921296236453209e-05	-0.0019176656365289535	0.0009351370115069368	-0.00018987315348417688	0.0011636778839450024
-0.0006569370469464708	0.0006229799164916283	0.0004993590800608239	0.00016403176148016563	-0.0014183904400688618	0.0016840498061965192	0.00024699264341876415	0.001850181279077212
0.0007784791428753213	0.00012370472003198074	-0.0001871443150711638	-2.3196437192618546e-05	-0.0017304374378566134	0.0011223652101788328	-6.505435436854334e-05	0.0006644026874853548
-0.0009065746451761836	-0.00012593287819795407	-0.0006240101119738828	-0.00021042463586540272	-0.0014807998396264566	0.0007479088128339306	0.0004966302416482549	0.0006644026874853548
0.0013401637388930077	0.00012370472003198074	-0.0001871443150711638	0.0004136693597098784	-0.0006694776453788354	-1.0039818558738034e-06	-0.00018987315348417688	-0.0002717383058767897
-0.0009689840447342224	-0.0008748456728879805	-0.000998466509318341	-8.560583675021327e-05	-0.00023261184847656047	-0.000375460379200776	-6.505435436854334e-05	-0.000646194703221914
0.0009657073415478834	-0.0007500268737732352	-0.0006240101119738828	-0.000148015236307808	0.0001418445488685638	-0.0005002791783159655	-0.00012746375392658216	-0.000646194703221914
0.0009657073415478834	-0.0006252080746580457	-0.00012473491551356908	0.00016403176148016563	0.0006411197453282114	-0.0005626885778731161	0.00012217384430335265	-0.0005837853036643192
-0.000844165245619477	-0.0005003892755428563	-0.0001871443150711638	-0.000148015236307808	0.0007659385444434008	-0.000812326176103495	-6.505435436854334e-05	-0.0007710135023371034
0.000840888542432694	-0.0002507516773131435	0.0001249026827161437	0.00016403176148016563	0.0006411197453282114	-0.0005002791783159655	-2.644954811836797e-06	-0.000646194703221914
-0.0005945276473888761	6.12953204748301e-05	0.0003745402809460785	0.00022644116103709422	0.0010155761426735577	0.00037345241548925046	0.0003094020429759148	-0.0007086041027795087
0.00027920394641589574	-0.0006876174742156405	-0.0006864195115312555	-0.00046006223409489344	-0.0006070682458221288	-0.0001258227809708412	0.0003718114425335095	0.0007268120870429495
-0.00046970884827413073	0.00018611411958957547	-6.232551595686253e-05	0.00022644116103709422	-0.0006694776453788354	0.0011223652101788328	-0.00012746375392658216	0.00022753689058285786
0.0009657073415478834	-6.352347864080343e-05	-0.0004991913128586933	-0.0005848810332100829	-0.0012311622413965218	0.0009351370115069368	-0.0004395107517136676	-8.451010720422758e-05
-0.0011562122434065625	-0.000562798675100451	-0.0002495537146292026	0.00016403176148016563	-0.00041984004714934464	0.001309593408851617	0.00024699264341876415	0.00041476508925564204
-0.0007817558460614382	0.0003109329187043208	-0.0001871443150711638	3.921296236453209e-05	-0.0005446588462636459	0.0011847746097364276	-2.644954811836797e-06	0.0006019932879282042
0.0010281167411054781	0.0006853893160494451	0.0004993590800608239	0.00028885056059468894	-0.00041984004714934464	0.0010599558106212381	0.0003094020429759148	0.000851630886158139
-0.0010313934442918171	0.0004981611173766609	0.0003745402809460785	-0.00021042463586540272	-0.0011063434422817764	0.0007479088128339306	-6.505435436854334e-05	0.0009764496852724402
0.0005912509442029812	0.00037334231826191555	0.0001873120822737384	-0.00021042463586540272	-0.0016680280382990187	0.00018622421681646628	-0.00031469195259892224	0.0015381342812901266
-0.0005945276473888761	0.0008102081151644125	0.0008738154774059481	0.00028885056059468894	-0.0008567058440513975	0.0006854994132763359	-0.00012746375392658216	0.000851630886158139
0.0006536603437605759	0.00012370472003198074	0.0001873120822737384	-8.560583675021327e-05	-0.0014183904400688618	0.00012381481725931565	-0.00012746375392658216	0.0007892214866001002
-0.0009065746451761836	-6.352347864080343e-05	6.249328315854896e-05	0.0001016223619225709	-0.0014183904400688618	-1.0039818558738034e-06	-6.505435436854334e-05	0.0005395838883701654
0.0009032979419909548	6.12953204748301e-05	0.00031213088138892786	0.00028885056059468894	-0.0006694776453788354	0.0007479088128339306	0.0003718114425335095	0.001038859084830035
0.000840888542432694	-6.352347864080343e-05	-6.232551595686253e-05	-8.560583675021327e-05	-0.0012935716409541165	0.00012381481725931565	-0.00012746375392658216	0.0002899462901400085
-0.0005945276473888761	0.0004357517178190662	0.00031213088138892786	3.921296236453209e-05	-0.0008567058440513975	0.0004358618150468452	0.00012217384430335265	0.0006644026874853548
0.0009032979419909548	0.0002485235191467261	0.00043694968050322913	0.00016403176148016563	-0.0006070682458221288	0.00018622421681646628	5.976444474620202e-05	0.0002899462901400085
-0.000844165245619477	0.0002485235191467261	0.0006241778791760133	-8.560583675021327e-05	-0.00023261184847656047	6.140541770172092e-05	-2.644954811836797e-06	-0.0004589665045495739
0.0007160697433181706	0.00012370472003198074	0.0004993590800608239	-8.560583675021327e-05	-4.538364980422038e-05	-0.0005002791783159655	5.976444474620202e-05	-0.00020932890631941703
-0.0007817558460614382	0.00037334231826191555	0.0009362248769633208	3.921296236453209e-05	0.0004538915466554272	-0.000812326176103495	-0.0002522825530413275	-0.0008958323014518488
0.0005912509442029812	-6.352347864080343e-05	0.000686587278733608	0.00022644116103709422	0.0012028043413454537	-0.0001258227809708412	0.00018458324386116942	-0.0004589665045495739
-0.0007817558460614382	0.0004357517178190662	0.0008738154774059481	0.0001016223619225709	0.0012652137409034925	-0.0006875073769883056	-6.505435436854334e-05	-0.0010206511005674823
-0.000844165245619477	0.0002485235191467261	0.0009986342765211376	3.921296236453209e-05	0.0018268983369207348	-0.00043786977875792665	0.00024699264341876415	-0.0010206511005674823
0.0007160697433181706	0.00012370472003198074	0.0005617684796184186	-0.000148015236307808	0.0015772607386903559	-0.0008747355756608677	-0.00031469195259892224	-0.0016447450961418753
-0.0006569370469464708	0.0003109329187043208	0.0008114060778483534	0.00016403176148016563	0.002388582932937977	-0.00043786977875792665	0.00018458324386116942	-0.001270288698796751
0.0009657073415478834	-1.1140790832087077e-06	0.0004993590800608239	0.0001016223619225709	0.002201354734265415	-0.000812326176103495	5.976444474620202e-05	-0.0017695638952566206
-0.000844165245619477	-0.0001883422777555488	0.0001873120822737384	-0.00021042463586540272	0.0019517171360354801	-0.0009371449752180183	0.0003094020429759148	-0.0015199262970271299
0.0012153449397782623	-6.352347864080343e-05	0.0003745402809460785	0.00028885056059468894	0.0014524419395753885	-0.0019356953681379796	-0.0005019201512712623	-0.002331248491274307
-0.0010938028438489678	-0.0009996644720025039	-0.0005616007124162881	-0.000148015236307808	0.0018268983369207348	-0.0021229235668103197	-0.00018987315348417688	-0.0023936578908314576
0.0007784791428753213	-0.0009996644720025039	-0.00012473491551356908	0.00022644116103709422	0.002388582932937977	-0.0016860577699080448	0.00018458324386116942	-0.0018319732948142153
0.0012153449397782623	-0.0007500268737732352	0.0001873120822737384	0.00035125996015272776	0.002825448729840696	-0.0019981047676955743	0.0003094020429759148	-0.002144020292601967
-0.0007817558460614382	-0.0013741208693476281	-0.0004367819133015427	-0.000335243434979704	0.0023261735333806044	-0.002684608162828006	-0.00018987315348417688	-0.0028305236877341766
0.0009032979419909548	-0.0009372550724453532	-0.00031196311418635325	-2.3196437192618546e-05	0.0022637641338225656	-0.0023725611650404765	-6.505435436854334e-05	-0.002705704888618987
-0.00046970884827413073	-0.0006876174742156405	0.0001873120822737384	0.00016403176148016563	0.002575811131610317	-0.0016860577699080448	0.00024699264341876415	-0.002705704888618987
0.0009657073415478834	-0.0008748456728879805	-0.0002495537146292026	-0.000148015236307808	0.0018268983369207348	-0.0021853329663679144	-0.0002522825530413275	-0.002580886089504242
-0.0007817558460614382	-0.0009372550724453532	-0.0001871443150711638	-0.000335243434979704	0.002014126535593075	-0.0011867825734483972	0.00018458324386116942	-0.002144020292601967
0.0011529355402202235	-0.0002507516773131435	0.0003745402809460785	-2.3196437192618546e-05	0.0019517171360354801	-0.0011867825734483972	0.00012217384430335265	-0.0020192014934867775
-0.0005945276473888761	-0.00037557047642766683	0.0001249026827161437	-8.560583675021327e-05	0.0012652137409034925	-0.0018108765690227902	-0.00012746375392658216	-0.002331248491274307
-0.0006569370469464708	-0.0003131610768705162	0.00031213088138892786	-2.3196437192618546e-05	0.001140394941788303	-0.0013740107721202932	-2.644954811836797e-06	-0.0016447450961418753
0.0009657073415478834	-0.0005003892755428563	0.00043694968050322913	0.0001016223619225709	0.0010155761426735577	-0.0013116013725631426	0.00012217384430335265	-0.0015823356965842805
-0.0007817558460614382	-0.0005003892755428563	0.00024972148183044496	-0.000148015236307808	0.0008283479440009955	-0.0014988295712354827	-2.644954811836797e-06	-0.0015823356965842805
0.000840888542432694	-0.0006876174742156405	0.0001873120822737384	-0.000148015236307808	0.000703529144885362	-0.0016860577699080448	-0.0002522825530413275	-0.0013326980983547898
-0.00046970884827413073	-0.00012593287819795407	0.0006241778791760133	0.00016403176148016563	0.0012652137409034925	-0.0010619637743332078	0.00012217384430335265	-0.0017695638952566206
0.0009657073415478834	-0.00043797987598526156	0.0004993590800608239	0.00016403176148016563	0.0008283479440009955	-0.00162364837035045	-0.00037710135215651697	-0.0022064296921595616
-0.0009689840447342224	-0.0007500268737732352	0.0001249026827161437	0.00028885056059468894	0.0012652137409034925	-0.000812326176103495	0.00024699264341876415	-0.0015823356965842805
0.0010905261406630729	-6.352347864080343e-05	0.0009362248769633208	0.00035125996015272776	0.0017020795378055453	-0.00043786977875792665	0.0004966302416482549	-0.0011454698996817836
0.0007160697433181706	-0.0006252080746580457	8.388360117628224e-08	-0.00021042463586540272	0.0008907573435579241	-0.0014988295712354827	-0.00031469195259892224	-0.0022064296921595616
-0.000844165245619477	-0.00037557047642766683	0.0001873120822737384	-0.000148015236307808	0.0012028043413454537	-0.0011867825734483972	-0.00018987315348417688	-0.0017695638952566206
0.0010905261406630729	-0.0002507516773131435	0.0006241778791760133	0.00035125996015272776	0.0018268983369207348	-0.0008747355756608677	0.0003094020429759148	-0.0015199262970271299
-0.0007817558460614382	-0.00037557047642766683	0.0003745402809460785	-2.3196437192618546e-05	0.0015148513391329832	-0.0010619637743332078	-2.644954811836797e-06	-0.001270288698796751
0.0011529355402202235	-1.1140790832087077e-06	0.0008738154774059481	0.00028885056059468894	0.0017020795378055453	-0.0006250979774307108	-0.00031469195259892224	-0.0013951074979114964
-0.0012186216429641572	-0.00043797987598526156	0.0003745402809460785	-0.000335243434979704	0.0009531667431155189	-0.0005002791783159655	-2.644954811836797e-06	-0.0010830605001241889
0.0007160697433181706	-6.352347864080343e-05	0.000686587278733608	-2.3196437192618546e-05	0.0008907573435579241	6.140541770172092e-05	-6.505435436854334e-05	-0.0005213759041071686
-0.000844165245619477	0.00037334231826191555	0.0012482718747504062	0.0004136693597098784	0.0012652137409034925	0.0006230900137191853	0.0003718114425335095	-0.0001469195067618223
-0.0011562122434065625	-1.1140790832087077e-06	0.0004993590800608239	-0.000335243434979704	0.000703529144885362	0.00018622421681646628	-0.0002522825530413275	-0.0007710135023371034
0.0007784791428753213	0.00018611411958957547	0.00043694968050322913	-8.560583675021327e-05	0.0007659385444434008	0.00012381481725931565	-0.00018987315348417688	-0.0008958323014518488
-0.0010938028438489678	0.0002485235191467261	0.0003745402809460785	-0.000148015236307808	0.000703529144885362	0.00031104301593165573	-0.00018987315348417688	-0.000646194703221914
0.0012153449397782623	0.0008102081151644125	0.0010610436760785102	0.0005384881588246238	0.0012652137409034925	0.0009351370115069368	0.0005590396412058496	-0.00020932890631941703
-0.000844165245619477	0.00037334231826191555	0.0004993590800608239	-2.3196437192618546e-05	0.0005163009462130219	0.00037345241548925046	-0.00018987315348417688	-0.0005213759041071686
0.0007160697433181706	0.0002485235191467261	0.0003745402809460785	-2.3196437192618546e-05	0.000703529144885362	0.0004358618150468452	0.00018458324386116942	0.00016512749102526314
-0.0007193464465042876	0.0004981611173766609	0.0008738154774059481	-0.00027283403542299745	-0.0003574306475917499	-0.000375460379200776	-0.00031469195259892224	-0.0005213759041071686
0.0005288415446453865	-0.00012593287819795407	0.00043694968050322913	3.921296236453209e-05	-0.00010779304936181511	0.00012381481725931565	5.976444474620202e-05	0.00041476508925564204
0.000840888542432694	0.00018611411958957547	6.249328315854896e-05	0.0001016223619225709	-0.0007942964444940248	0.00031104301593165573	-2.644954811836797e-06	0.00041476508925564204
-0.0007817558460614382	-6.352347864080343e-05	-6.232551595686253e-05	3.921296236453209e-05	-0.0009815246431661429	0.0006854994132763359	5.976444474620202e-05	0.000851630886158139
0.0009032979419909548	-0.0002507516773131435	-0.0005616007124162881	-2.3196437192618546e-05	-0.0016680280382990187	0.00037345241548925046	-6.505435436854334e-05	0.0006644026874853548
-0.0006569370469464708	-6.352347864080343e-05	-0.0006240101119738828	-2.3196437192618546e-05	-0.001605618638741424	0.0006854994132763359	-6.505435436854334e-05	0.0011012684843876297
0.0010905261406630729	-1.1140790832087077e-06	-0.00031196311418635325	0.00028885056059468894	-0.0012935716409541165	0.0010599558106212381	-2.644954811836797e-06	0.000851630886158139
-0.0007193464465042876	-0.0001883422777555488	-0.0005616007124162881	-8.560583675021327e-05	-0.0014183904400688618	0.0004358618150468452	-6.505435436854334e-05	0.0005395838883701654
0.0009032979419909548	-0.0002507516773131435	-0.0005616007124162881	0.0001016223619225709	-0.0008567058440513975	0.0009351370115069368	0.00024699264341876415	0.001038859084830035
-0.0006569370469464708	0.00012370472003198074	-0.00031196311418635325	-0.00021042463586540272	-0.0015432092391838292	0.000248633616374061	-0.00018987315348417688	0.00047717448881257063
-0.0010313934442918171	-0.0001883422777555488	-0.0001871443150711638	-0.000335243434979704	-0.0014183904400688618	0.00018622421681646628	-0.00031469195259892224	0.0005395838883701654
0.0007784791428753213	0.0002485235191467261	0.0001873120822737384	0.0001016223619225709	-0.0009815246431661429	0.0006230900137191853	-2.644954811836797e-06	0.000851630886158139
-0.0006569370469464708	0.0004981611173766609	0.000686587278733608	0.00028885056059468894	-0.00023261184847656047	0.0012471840092940223	0.0003718114425335095	0.0013509060826173425
0.0005912509442029812	-6.352347864080343e-05	8.388360117628224e-08	-0.00021042463586540272	-0.0007942964444940248	0.00037345241548925046	-0.00018987315348417688	0.0005395838883701654
-0.000844165245619477	0.0002485235191467261	0.0001873120822737384	-8.560583675021327e-05	-0.0003574306475917499	0.0007479088128339306	0.00018458324386116942	0.0007892214866001002
0.0009657073415478834	0.0006853893160494451	0.00043694968050322913	0.00028885056059468894	-0.0006694776453788354	0.0009975464110640875	-0.00012746375392658216	0.0006019932879282042
-0.0009689840447342224	0.0002485235191467261	8.388360117628224e-08	0.00016403176148016563	-0.00041984004714934464	0.0009351370115069368	0.00024699264341876415	0.0006019932879282042
0.0010281167411054781	0.0005605705169342556	-6.232551595686253e-05	-0.000148015236307808	-0.0003574306475917499	0.0006230900137191853	-0.00012746375392658216	0.0003523556896980473
0.0010281167411054781	0.0003109329187043208	0.00024972148183044496	0.00022644116103709422	0.00020425394842593647	0.0005606806141620346	0.00012217384430335265	0.0003523556896980473
-0.0009689840447342224	-0.00012593287819795407	-0.0002495537146292026	-0.00027283403542299745	-4.538364980422038e-05	-0.00018823218052843593	-0.00018987315348417688	-0.0002717383058767897
0.0009657073415478834	-6.352347864080343e-05	6.249328315854896e-05	3.921296236453209e-05	0.00020425394842593647	-0.00043786977875792665	5.976444474620202e-05	-0.0002717383058767897
-0.0009689840447342224	-0.00037557047642766683	-0.0002495537146292026	-0.00021042463586540272	1.7025749753374342e-05	-0.0006250979774307108	-0.00031469195259892224	-2.2100707647521034e-05
0.0011529355402202235	-1.1140790832087077e-06	0.00031213088138892786	0.0004760787592674731	0.000703529144885362	-0.00025064158008558657	-0.0002522825530413275	-0.0008958323014518488
-0.000844165245619477	-0.0006252080746580457	-0.0004367819133015427	-0.000335243434979704	0.0004538915466554272	-0.0008747355756608677	-2.644954811836797e-06	-0.0009582417010089994
0.0009032979419909548	-0.00043797987598526156	-0.0002495537146292026	0.0004136693597098784	0.0013276231404610872	-0.00025064158008558657	0.0004966302416482549	-0.00039655710499197916
-0.00028248064960179065	-1.1140790832087077e-06	-0.0006864195115312555	-0.000335243434979704	0.00020425394842593647	-0.0014988295712354827	-0.0004395107517136676	-0.00170715449569947
-0.0006569370469464708	-0.0003131610768705162	8.388360117628224e-08	-2.3196437192618546e-05	0.0010155761426735577	-0.0009371449752180183	5.976444474620202e-05	-0.0012078792992393783
0.0009657073415478834	-0.0002507516773131435	-6.232551595686253e-05	0.0001016223619225709	0.000703529144885362	-0.0009371449752180183	-0.00012746375392658216	-0.001270288698796751
-0.0005945276473888761	-6.352347864080343e-05	0.0003745402809460785	0.0001016223619225709	0.0010155761426735577	-0.0005002791783159655	0.00018458324386116942	-0.0007710135023371034
0.0009032979419909548	-0.0001883422777555488	0.0001873120822737384	3.921296236453209e-05	0.0006411197453282114	-0.0009371449752180183	-2.644954811836797e-06	-0.0008334229018946981
-0.0007817558460614382	-6.352347864080343e-05	0.00043694968050322913	-2.3196437192618546e-05	0.0007659385444434008	-0.0006875073769883056	5.976444474620202e-05	-0.0008334229018946981
0.0009032979419909548	-1.1140790832087077e-06	0.0005617684796184186	0.0001016223619225709	0.0010779855422307083	-0.0005626885778731161	-2.644954811836797e-06	-0.0007710135023371034
-0.000844165245619477	-6.352347864080343e-05	0.0005617684796184186	0.0001016223619225709	0.0009531667431155189	-0.0007499167765452341	-2.644954811836797e-06	-0.0010206511005674823
0.0009032979419909548	0.00018611411958957547	0.0007489966782907587	3.921296236453209e-05	0.0010779855422307083	-0.00025064158008558657	0.00012217384430335265	-0.0005837853036643192
0.0010905261406630729	0.0005605705169342556	0.001123453075636105	0.0004136693597098784	0.0013276231404610872	-6.341338141324648e-05	0.00024699264341876415	-0.0004589665045495739
-0.0011562122434065625	-6.352347864080343e-05	0.00031213088138892786	-0.0003976528345372987	0.0007659385444434008	-0.0008747355756608677	-0.00031469195259892224	-0.0012078792992393783
0.0006536603437605759	-6.352347864080343e-05	0.00043694968050322913	-0.000148015236307808	0.0008907573435579241	-0.000999554374775613	-0.0002522825530413275	-0.0013951074979114964
-0.0007817558460614382	0.00012370472003198074	0.0005617684796184186	3.921296236453209e-05	0.0014524419395753885	-0.0007499167765452341	-2.644954811836797e-06	-0.0012078792992393783
0.0011529355402202235	0.00018611411958957547	0.0008738154774059481	0.00035125996015272776	0.0018893077364778854	-0.0007499167765452341	-0.0002522825530413275	-0.00189438269437181
-0.0009689840447342224	-0.0005003892755428563	6.249328315854896e-05	-0.0003976528345372987	0.0015148513391329832	-0.000999554374775613	0.00012217384430335265	-0.0013326980983547898
0.0009657073415478834	-0.0001883422777555488	0.00043694968050322913	0.0001016223619225709	0.0016396701382479506	-0.0009371449752180183	0.00018458324386116942	-0.001270288698796751
-0.0005321182478317255	-0.0003131610768705162	-0.0002495537146292026	-0.00021042463586540272	0.0010779855422307083	-0.0018108765690227902	-0.00031469195259892224	-0.002081610893044372
-0.0006569370469464708	-0.0005003892755428563	0.0001249026827161437	-8.560583675021327e-05	0.0017020795378055453	-0.0014364201716776659	0.00012217384430335265	-0.00170715449569947
0.0007784791428753213	-0.0007500268737732352	-0.0001871443150711638	-8.560583675021327e-05	0.0015148513391329832	-0.0018732859685803849	-0.0002522825530413275	-0.002331248491274307
-0.0004072994487169801	-0.0003131610768705162	0.0004993590800608239	0.00035125996015272776	0.002575811131610317	-0.0013116013725631426	0.0003094020429759148	-0.0017695638952566206
0.0009032979419909548	-0.0006876174742156405	0.0001249026827161437	-2.3196437192618546e-05	0.0019517171360354801	-0.0018732859685803849	-6.505435436854334e-05	-0.0026432954890613924
-0.0010938028438489678	-0.0009372550724453532	-0.00031196311418635325	-0.0003976528345372987	0.0015772607386903559	-0.002060514167253169	0.0003718114425335095	-0.002081610893044372
0.0011529355402202235	-0.00043797987598526156	0.0004993590800608239	0.00028885056059468894	0.002014126535593075	-0.00162364837035045	5.976444474620202e-05	-0.002144020292601967
-0.0006569370469464708	-0.00043797987598526156	0.0001249026827161437	-2.3196437192618546e-05	0.0018268983369207348	-0.00162364837035045	-0.00012746375392658216	-0.002518476689946647
0.0009657073415478834	-0.0006876174742156405	0.0001873120822737384	3.921296236453209e-05	0.0019517171360354801	-0.0014364201716776659	0.00018458324386116942	-0.0020192014934867775
0.0010281167411054781	-0.0006252080746580457	0.0001249026827161437	-8.560583675021327e-05	0.0016396701382479506	-0.0017484671694651954	-2.644954811836797e-06	-0.002331248491274307
-0.0007817558460614382	-0.000562798675100451	6.249328315854896e-05	-0.00021042463586540272	0.0013900325400177937	-0.0013740107721202932	-0.00018987315348417688	-0.0019567920939291827
0.0010281167411054781	-0.0003131610768705162	0.0003745402809460785	0.00016403176148016563	0.0013900325400177937	-0.000999554374775613	0.00012217384430335265	-0.0016447450961418753
-0.0009689840447342224	-0.000562798675100451	0.0001249026827161437	-0.00027283403542299745	0.0010155761426735577	-0.0011867825734483972	-0.00012746375392658216	-0.0013326980983547898
0.0009032979419909548	-0.0002507516773131435	0.00024972148183044496	0.00016403176148016563	0.0010155761426735577	-0.0009371449752180183	0.00024699264341876415	-0.0008958323014518488
-0.0005945276473888761	-1.1140790832087077e-06	0.0006241778791760133	0.00016403176148016563	0.000703529144885362	-0.0011243731738908025	-0.00018987315348417688	-0.0015823356965842805
0.0007160697433181706	-0.0005003892755428563	0.0001873120822737384	-0.00021042463586540272	0.0009531667431155189	-0.0008747355756608677	-6.505435436854334e-05	-0.001270288698796751
-0.0007817558460614382	-0.0002507516773131435	0.0001873120822737384	0.0001016223619225709	0.0008283479440009955	-0.000812326176103495	-2.644954811836797e-06	-0.0012078792992393783
-0.0006569370469464708	0.00012370472003198074	0.0006241778791760133	0.00016403176148016563	0.0010155761426735577	-0.0001258227809708412	0.00018458324386116942	-0.0005213759041071686
0.000840888542432694	-0.00012593287819795407	0.00024972148183044496	3.921296236453209e-05	0.00039148214709783247	-0.0005626885778731161	0.00012217384430335265	-0.0008334229018946981
-0.000844165245619477	-6.352347864080343e-05	0.0001873120822737384	-0.000148015236307808	0.00039148214709783247	-0.00025064158008558657	-6.505435436854334e-05	-0.0005837853036643192
0.000840888542432694	-0.0002507516773131435	0.00031213088138892786	-2.3196437192618546e-05	0.0004538915466554272	-0.0001258227809708412	-6.505435436854334e-05	-0.0005837853036643192
-0.0010313934442918171	-0.0001883422777555488	0.0001249026827161437	-0.00021042463586540272	0.0003290727475411259	-0.00025064158008558657	0.00012217384430335265	-0.0004589665045495739
0.0010281167411054781	6.12953204748301e-05	0.0003745402809460785	0.0001016223619225709	1.7025749753374342e-05	-1.0039818558738034e-06	-0.00031469195259892224	-0.0004589665045495739
-0.0010313934442918171	-6.352347864080343e-05	0.0001249026827161437	0.0004136693597098784	0.0004538915466554272	0.0006854994132763359	0.0003718114425335095	0.0002899462901400085
0.0010905261406630729	0.0004357517178190662	0.00043694968050322913	-8.560583675021327e-05	1.7025749753374342e-05	0.00037345241548925046	-2.644954811836797e-06	4.030869191007369e-05
0.00046643214508779174	-6.352347864080343e-05	8.388360117628224e-08	-0.00027283403542299745	-0.0003574306475917499	-0.00018823218052843593	-0.0004395107517136676	-0.000646194703221914
-0.00034489004915938537	0.0008102081151644125	0.001123453075636105	0.0004760787592674731	0.0010155761426735577	0.0009975464110640875	0.0006214490407634443	0.0006019932879282042
0.0005912509442029812	-1.1140790832087077e-06	0.0001873120822737384	-0.00021042463586540272	1.7025749753374342e-05	-0.00025064158008558657	-0.00031469195259892224	-0.0007086041027795087
-0.0007817558460614382	0.00018611411958957547	0.00043694968050322913	-0.000148015236307808	0.0004538915466554272	6.140541770172092e-05	5.976444474620202e-05	-0.0004589665045495739
0.000840888542432694	0.00012370472003198074	0.00031213088138892786	3.921296236453209e-05	0.00020425394842593647	-0.0001258227809708412	0.0003718114425335095	0.00041476508925564204
-0.0005321182478317255	0.0004357517178190662	0.0007489966782907587	0.0004136693597098784	-0.00041984004714934464	-0.0003130509796431813	-0.0002522825530413275	-0.00039655710499197916
0.0007784791428753213	-0.00012593287819795407	8.388360117628224e-08	-0.00021042463586540272	-0.0005446588462636459	6.140541770172092e-05	-0.00018987315348417688	-2.2100707647521034e-05
-0.0009689840447342224	-1.1140790832087077e-06	0.0004993590800608239	0.0004136693597098784	-0.00017020244891896574	0.0007479088128339306	0.0003718114425335095	0.0007268120870429495
-0.0010313934442918171	-0.0002507516773131435	-0.0001871443150711638	-0.00027283403542299745	-0.0009191152436094363	0.00018622421681646628	-0.00018987315348417688	0.0002899462901400085
0.0009032979419909548	0.00012370472003198074	6.249328315854896e-05	0.00022644116103709422	-0.0007318870449364301	0.0006230900137191853	0.00024699264341876415	0.0007268120870429495
-0.000844165245619477	0.00012370472003198074	-6.232551595686253e-05	-0.000148015236307808	-0.0012311622413965218	0.0006854994132763359	-0.00018987315348417688	0.0009140402857157337
0.0010281167411054781	0.00037334231826191555	0.00024972148183044496	0.00028885056059468894	-0.0010439340427237376	0.0011223652101788328	0.0003718114425335095	0.0009764496852724402
-0.0009689840447342224	6.12953204748301e-05	-0.00031196311418635325	-0.00027283403542299745	-0.001605618638741424	0.0006854994132763359	-0.00012746375392658216	0.000851630886158139
0.0007784791428753213	0.00012370472003198074	-0.00031196311418635325	0.0001016223619225709	-0.0009191152436094363	0.0011847746097364276	0.00012217384430335265	0.001226087283502597
-0.0007193464465042876	0.00018611411958957547	0.0001249026827161437	0.00028885056059468894	-0.0008567058440513975	0.0008727276119493421	0.00024699264341876415	0.0009140402857157337
