Sensor_1	Sensor_2	Sensor_3	Sensor_4	Sensor_5	Sensor_6	Sensor_7	Sensor_8
0.0004826369975350353	0.0002956645640570521	0.00203781591243013	0.0004161542007330432	0.00037690366641052186	0.0004516759477573018	-0.00025018143580002317	0.0011995683739371987
-0.0005783227949416325	0.00010843636538493406	0.0014761313164133316	0.0005409729998477886	0.0008761788628701694	0.0015750451397924525	-0.0003750002349152126	0.0002634273805750542
0.00035781819842028995	0.0021679465507817852	0.00047758092349337034	0.0001665166025035525	0.0011258164610998822	0.0012005887424473283	0.00031150316021721913	0.0010747495748220093
-0.00045350399582688716	0.0002956645640570521	0.002474681709333071	0.0006033823994058274	0.00037690366641052186	0.0009509511442171714	-0.00018777203624287253	0.000949930775707486
0.00042022759797832876	0.0004828927627293922	0.000727218521722639	0.0007906105980779454	0.001188225860657477	-0.00023482744737468586	0.0004363219593319645	0.0014492059721675776
0.00042022759797832876	-0.00020361063240303956	0.0010392655195106126	0.00029133540161785376	0.00043931306596789454	0.0008261323451024261	-0.0003125908353576179	0.0006378837779195123
-0.0005159133953844819	0.000732530360959327	0.0001655339257058408	0.00047856360029063794	0.000564131865083084	0.0009509511442171714	0.000124274961544657	0.0015116153717242842
0.0006074557966502248	0.0021679465507817852	-0.00014651307208168873	0.0006033823994058274	0.0005017224655254893	-0.0005468744451619933	-0.0001253626366852778	0.0008251119765918524
-0.0005159133953844819	-0.00032842943151734083	0.0012264937181829527	0.0007282011985203507	0.0010009976619853589	0.0018246827380221653	0.0002490937606600685	0.0005754743783619176
0.00035781819842028995	0.0004828927627293922	-0.0002089224716390614	0.00022892600206025904	0.00012726606818014297	0.000202038349527367	-5.438375705324461e-07	0.0008251119765918524
-0.0005783227949416325	0.0018558995529944777	0.000976856119953018	0.0005409729998477886	0.0006889506641973853	0.001450226340677263	0.00018668436110247377	0.0007627025770347018
0.0007322745957654142	-0.000515657630189903	0.00203781591243013	0.00029133540161785376	0.0001896754677377377	-0.0001100086482599405	-0.0001253626366852778	0.0005130649788043229
-0.0007655509936141947	0.0011069867583042292	0.0014137219168555148	0.0006033823994058274	0.00043931306596789454	-0.0006716932442776269	6.186556198750637e-05	0.0003882461796900216
-0.000703141594057044	-0.0006404764293055365	0.0014761313164133316	0.0006033823994058274	0.00043931306596789454	0.001450226340677263	-6.295323712723899e-05	0.0008251119765918524
0.0006698651962078195	0.0016062619547640988	0.0001655339257058408	0.0006033823994058274	0.00043931306596789454	-0.00017241804781753522	6.186556198750637e-05	0.0007627025770347018
-0.0008279603931722335	0.0010445773587468565	0.000727218521722639	0.00022892600206025904	0.0003144942668527051	-0.00042205564604747003	-0.00018777203624287253	0.0005130649788043229
0.0006074557966502248	-0.0007028858288626871	0.0006023997226083377	0.00047856360029063794	0.0001896754677377377	0.0012005887424473283	-0.00018777203624287253	0.001324387173051944
-0.0005783227949416325	0.001980718352109445	-0.0005833788689841857	0.0006657917989634221	0.0006265412646397905	0.0002644477490849617	0.00018668436110247377	0.0010123401752644146
0.0007322745957654142	0.0007949397605169217	0.0006023997226083377	0.0007282011985203507	0.000564131865083084	0.0016998639389069758	-6.295323712723899e-05	0.0010747495748220093
-0.000703141594057044	-0.0008277046279774325	0.00022794332526299144	0.0004161542007330432	0.0003144942668527051	-0.0005468744451619933	-0.0001253626366852778	0.0006378837779195123
0.0006698651962078195	0.001793490153436661	0.0018505877137577897	0.0006033823994058274	0.00075136006375498	0.0004516759477573018	6.186556198750637e-05	0.0008251119765918524
0.0006698651962078195	-0.00020361063240303956	0.0018505877137577897	0.0006657917989634221	0.0005017224655254893	0.0013254075415620736	0.000124274961544657	0.0008251119765918524
-0.0005159133953844819	0.0024799935485688707	0.0009144467203954232	0.0004161542007330432	0.00043931306596789454	-0.0009213308425075617	-5.438375705324461e-07	0.0006378837779195123
0.0004826369975350353	0.000545302162287431	0.0021002253119881686	0.0005409729998477886	0.0005017224655254893	0.000202038349527367	-0.00018777203624287253	0.0003882461796900216
-0.00045350399582688716	0.00042048336317179746	0.001600950115528299	0.0006657917989634221	0.0008137694633125747	0.001450226340677263	0.00018668436110247377	0.0008875213761498912
0.0007322745957654142	0.002667221747241655	0.0006648091221659325	0.0005409729998477886	0.0006265412646397905	-0.0007341026438347775	6.186556198750637e-05	0.0011995683739371987
-0.0006407321944992272	0.00042048336317179746	0.0014761313164133316	0.0005409729998477886	0.000564131865083084	0.0013254075415620736	-0.0001253626366852778	0.0011995683739371987
0.00054504639709263	0.0001708457649420847	-2.1694272966499284e-05	0.0005409729998477886	0.0010634070615429536	0.0001396289499699943	0.00018668436110247377	0.0016364341708394736
-0.0005159133953844819	0.00223035595033938	0.0007896279212811219	0.00047856360029063794	0.0010009976619853589	0.0016374545393500473	-5.438375705324461e-07	0.001137158974380048
-0.00039109459626973653	0.0011069867583042292	0.0006023997226083377	0.0009154293971931349	0.001375454059330261	0.0017622733384645706	0.0004363219593319645	0.0019484811686272252
0.0004826369975350353	0.0021055371512241905	0.0008520373208382725	0.0004161542007330432	0.0006889506641973853	-0.0006716932442776269	-0.00018777203624287253	0.0007627025770347018
-0.0006407321944992272	-0.00014120123284544484	0.002474681709333071	0.0004161542007330432	0.0009385882624273201	0.0013254075415620736	-0.0001253626366852778	0.0008875213761498912
0.0006698651962078195	0.0017310807538792883	0.0017257689146426003	0.0007282011985203507	0.0006265412646397905	0.0003892665481997071	-5.438375705324461e-07	0.001137158974380048
-0.00039109459626973653	0.0027296311467990275	0.002661909908005855	0.0008530199976359842	0.0011258164610998822	-0.00023482744737468586	-0.00025018143580002317	0.0005754743783619176
0.00042022759797832876	-0.0004532482306327523	0.0019129971133153845	0.00022892600206025904	0.0006889506641973853	0.00032685714864255644	-6.295323712723899e-05	0.0012619777734947935
-0.000703141594057044	0.0018558995529944777	0.000352762124378625	0.0007282011985203507	0.0010634070615429536	0.00032685714864255644	0.00018668436110247377	0.0010747495748220093
0.0007322745957654142	0.001543852555206504	0.0009144467203954232	0.0003537448011754485	0.0006265412646397905	0.00188709213757976	-6.295323712723899e-05	0.0012619777734947935
0.0006074557966502248	0.0014814431556493535	-0.0009578352663288658	0.0005409729998477886	0.00075136006375498	0.0005764947468724912	-5.438375705324461e-07	0.0014492059721675776
-0.000703141594057044	0.001169396157862046	-0.00014651307208168873	0.00047856360029063794	0.0010634070615429536	0.0007637229455452754	-5.438375705324461e-07	0.001324387173051944
0.0006074557966502248	-0.0006404764293055365	0.000727218521722639	0.00047856360029063794	0.0008761788628701694	0.00188709213757976	-6.295323712723899e-05	0.0011995683739371987
-0.0005159133953844819	0.0019183089525518504	0.000539990323050743	0.0006033823994058274	0.0008137694633125747	0.0003892665481997071	0.00018668436110247377	0.0003882461796900216
0.00042022759797832876	0.001543852555206504	0.001975406512872979	0.0004161542007330432	0.0002520848672953324	-0.0006716932442776269	0.0005611407584471539	0.0012619777734947935
-0.0002662757971545471	0.000732530360959327	0.003098775704907464	0.0009154293971931349	2.447269065397606e-06	-0.0012957872398522419	-0.00018777203624287253	0.0003882461796900216
0.0004826369975350353	0.0021679465507817852	0.0013513125172981422	0.0005409729998477886	0.0006265412646397905	7.721955041239958e-05	-6.295323712723899e-05	0.0005130649788043229
-0.0006407321944992272	0.0009821679591892618	0.0012889031177405474	0.0008530199976359842	0.00075136006375498	0.0016374545393500473	0.0002490937606600685	0.0010747495748220093
-0.000703141594057044	0.0016686713543221376	-0.0003961506703118456	0.0003537448011754485	0.00043931306596789454	-0.00017241804781753522	-6.295323712723899e-05	0.0010123401752644146
0.00054504639709263	-1.6382433730255386e-05	0.0004151715239353315	0.00029133540161785376	0.00043931306596789454	0.000638904146430086	-0.00018777203624287253	0.0005754743783619176
-0.0005159133953844819	-0.00032842943151734083	0.0001655339257058408	0.0006657917989634221	0.0008137694633125747	0.0018246827380221653	0.00018668436110247377	0.0015116153717242842
0.00054504639709263	0.0014814431556493535	-0.0009578352663288658	0.0003537448011754485	0.0003144942668527051	-0.00042205564604747003	-0.00018777203624287253	0.001137158974380048
-0.0005783227949416325	4.602696582733934e-05	0.0006023997226083377	0.00047856360029063794	0.0006265412646397905	0.001075769943332583	6.186556198750637e-05	0.000949930775707486
0.0006698651962078195	0.00010843636538493406	0.0001655339257058408	0.0005409729998477886	0.00043931306596789454	-0.001046149641621863	-5.438375705324461e-07	0.0005754743783619176
-0.0006407321944992272	0.0023551747494545694	0.0010392655195106126	0.00047856360029063794	0.00012726606818014297	0.000202038349527367	-0.0001253626366852778	0.00020101798101723745
0.0004826369975350353	-7.879183328785011e-05	0.001600950115528299	0.00047856360029063794	0.00043931306596789454	0.0003892665481997071	6.186556198750637e-05	0.0008251119765918524
0.00042022759797832876	0.00223035595033938	0.0006648091221659325	0.0001665166025035525	-5.996213049219712e-05	-0.0016078342376395494	-0.0003750002349152126	7.619918190227004e-05
-0.00045350399582688716	-0.00032842943151734083	0.0017257689146426003	0.0007906105980779454	0.0008761788628701694	0.0018246827380221653	0.0002490937606600685	0.0011995683739371987
0.0006698651962078195	0.000545302162287431	-0.00027133187119665614	0.0006657917989634221	0.0006889506641973853	0.0009509511442171714	0.000124274961544657	0.0012619777734947935
-0.000703141594057044	0.0014190337560917587	-0.0003961506703118456	0.00022892600206025904	0.0006265412646397905	-0.0002972368469327247	-0.0001253626366852778	0.000949930775707486
0.0006698651962078195	-0.0006404764293055365	0.0008520373208382725	0.0006033823994058274	0.0005017224655254893	0.0017622733384645706	0.0005611407584471539	0.0018860717690691864
-0.00039109459626973653	0.0014190337560917587	0.00029035272482103025	0.0008530199976359842	0.00037690366641052186	-0.0006092838447202542	-0.0003125908353576179	0.0005130649788043229
0.00035781819842028995	0.001543852555206504	0.00010312452614824608	0.0007282011985203507	0.0010634070615429536	0.0018246827380221653	0.000124274961544657	0.0014492059721675776
-0.0005159133953844819	0.00010843636538493406	0.0006648091221659325	0.0006033823994058274	0.0008761788628701694	0.0002644477490849617	-5.438375705324461e-07	0.0011995683739371987
-0.000703141594057044	0.0019183089525518504	0.0019129971133153845	0.00029133540161785376	0.00075136006375498	-0.00048446504560506476	-0.0001253626366852778	0.0007002931774771071
0.0006074557966502248	-0.00014120123284544484	0.0025995005084482603	0.00047856360029063794	0.000564131865083084	0.0011381793428901776	-6.295323712723899e-05	0.0006378837779195123
-0.0002662757971545471	0.0027296311467990275	0.0019129971133153845	0.0009154293971931349	0.0011258164610998822	0.000202038349527367	0.0005611407584471539	0.0015116153717242842
0.0002954087988631393	0.0009821679591892618	0.0013513125172981422	0.0001665166025035525	0.00037690366641052186	-0.00042205564604747003	-0.00043740963447236325	0.0012619777734947935
-0.000703141594057044	-0.00039083883107537964	0.0008520373208382725	0.0004161542007330432	0.0010009976619853589	0.0020119109366945054	0.0002490937606600685	0.001574024771281879
0.0007946839953225648	0.0022927653498965306	-2.1694272966499284e-05	0.0007282011985203507	0.0014378634588874117	0.0013878169411196684	0.0002490937606600685	0.0015116153717242842
-0.0005159133953844819	0.0009821679591892618	0.0014761313164133316	0.0005409729998477886	0.0008761788628701694	0.00188709213757976	-6.295323712723899e-05	0.0014492059721675776
0.0006074557966502248	-0.00014120123284544484	4.071512659065135e-05	0.0005409729998477886	0.0008761788628701694	-0.0001100086482599405	-6.295323712723899e-05	0.0015116153717242842
0.0007946839953225648	0.0007949397605169217	0.001788178314200195	0.0007906105980779454	0.0012506352602155157	0.001262998142004479	0.0002490937606600685	0.001324387173051944
-0.0007655509936141947	4.602696582733934e-05	0.0006023997226083377	0.0003537448011754485	0.0008761788628701694	0.0015126357402348578	-6.295323712723899e-05	0.001324387173051944
0.00054504639709263	0.0029168593454713676	0.0006023997226083377	0.00047856360029063794	0.000564131865083084	-0.0007965120433923722	-0.00018777203624287253	0.0008251119765918524
-0.0005159133953844819	0.00035807396361464683	0.0027867287071201563	0.0007282011985203507	0.0012506352602155157	0.001450226340677263	0.00031150316021721913	0.0007627025770347018
0.0004826369975350353	0.0006077115618445816	0.0011016749190682074	0.00029133540161785376	0.00037690366641052186	0.000638904146430086	-0.0001253626366852778	0.0007627025770347018
-0.0007655509936141947	0.0027920405463566222	0.0012264937181829527	0.00047856360029063794	0.0008761788628701694	0.0013878169411196684	-5.438375705324461e-07	0.0008875213761498912
0.00054504639709263	-0.00032842943151734083	0.002225044111102692	0.0004161542007330432	0.00075136006375498	0.0008885417446595767	6.186556198750637e-05	0.001386796572609983
-0.0006407321944992272	0.0011069867583042292	0.0004151715239353315	0.0003537448011754485	0.000564131865083084	-0.0007341026438347775	-0.00025018143580002317	0.0006378837779195123
-0.0003286851967121418	-0.00014120123284544484	0.001788178314200195	0.0008530199976359842	0.0013130446597726664	0.002136729735810139	0.0004363219593319645	0.0015116153717242842
0.00023299939930576663	0.000545302162287431	-0.0004585600698694403	4.169780338836304e-05	-0.00012237153004979184	-0.0001100086482599405	-0.0005622284335875527	0.0005130649788043229
-0.0005783227949416325	0.0018558995529944777	0.0004151715239353315	0.0006033823994058274	0.0008137694633125747	0.000202038349527367	0.000124274961544657	0.0011995683739371987
0.0007322745957654142	-0.000515657630189903	0.0011016749190682074	0.0007282011985203507	0.0010009976619853589	0.0019495015371373547	0.00018668436110247377	0.0010123401752644146
-0.0007655509936141947	0.0012942149569770134	-0.00027133187119665614	0.0003537448011754485	0.0005017224655254893	0.0002644477490849617	-6.295323712723899e-05	0.0005754743783619176
0.00054504639709263	0.0014814431556493535	0.0012264937181829527	0.0003537448011754485	0.0008761788628701694	0.0015126357402348578	0.0002490937606600685	0.0010123401752644146
-0.0005159133953844819	-0.00020361063240303956	0.002225044111102692	0.0004161542007330432	2.447269065397606e-06	-0.0009837402420651564	-0.0001253626366852778	0.00045065557924761634
0.0006074557966502248	0.001980718352109445	0.001788178314200195	0.0006033823994058274	0.00043931306596789454	-0.00017241804781753522	0.000124274961544657	0.0006378837779195123
0.0007322745957654142	-0.0004532482306327523	0.0014137219168555148	0.0007282011985203507	0.000564131865083084	0.0015126357402348578	0.000124274961544657	0.0008251119765918524
-0.0006407321944992272	0.0018558995529944777	-0.00027133187119665614	0.0004161542007330432	0.000564131865083084	-0.0003596462464898753	-5.438375705324461e-07	0.0010123401752644146
0.00054504639709263	0.0004828927627293922	0.0006648091221659325	0.0005409729998477886	0.0005017224655254893	0.0002644477490849617	-0.00018777203624287253	0.0005754743783619176
-0.00039109459626973653	-0.00020361063240303956	0.0011016749190682074	0.0007282011985203507	0.0008761788628701694	0.002074320336252544	0.00031150316021721913	0.0007627025770347018
0.00042022759797832876	0.0016062619547640988	-0.0008330164672141205	0.00029133540161785376	0.0001896754677377377	-0.0002972368469327247	0.000124274961544657	0.0012619777734947935
-0.0006407321944992272	0.000545302162287431	0.000539990323050743	0.0005409729998477886	0.0009385882624273201	0.00188709213757976	0.00018668436110247377	0.001386796572609983
0.0007322745957654142	-0.0002660200319606343	0.000352762124378625	0.00047856360029063794	0.0008761788628701694	-0.0002972368469327247	6.186556198750637e-05	0.001137158974380048
-0.0006407321944992272	0.0022927653498965306	0.0021002253119881686	0.0003537448011754485	0.0005017224655254893	1.481015085480486e-05	-0.00018777203624287253	0.0003258367801324269
-0.00045350399582688716	0.0009197585596316671	0.0022874535106602867	0.0007282011985203507	0.0006265412646397905	0.001075769943332583	0.00018668436110247377	0.001137158974380048
0.0006074557966502248	0.0027296311467990275	0.0015385407159707043	0.0005409729998477886	0.00043931306596789454	-0.0011709684407370524	6.186556198750637e-05	0.0006378837779195123
-0.0005783227949416325	0.00035807396361464683	0.0023498629102183255	0.0004161542007330432	0.0009385882624273201	0.0009509511442171714	-6.295323712723899e-05	0.0007627025770347018
0.0006074557966502248	0.0004828927627293922	0.000727218521722639	0.0005409729998477886	0.0008761788628701694	0.001075769943332583	-5.438375705324461e-07	0.0011995683739371987
-0.000703141594057044	0.0023551747494545694	0.0004151715239353315	0.0004161542007330432	0.0009385882624273201	-0.00023482744737468586	0.00018668436110247377	0.0012619777734947935
0.0007322745957654142	-0.00014120123284544484	0.0017257689146426003	0.0007906105980779454	0.00075136006375498	0.001262998142004479	-5.438375705324461e-07	0.0015116153717242842
-0.0006407321944992272	0.000732530360959327	0.0001655339257058408	0.0006033823994058274	0.0008137694633125747	-4.7599248702345776e-05	-5.438375705324461e-07	0.0012619777734947935
0.0006698651962078195	0.00223035595033938	0.0011016749190682074	0.00047856360029063794	0.0013130446597726664	0.002136729735810139	0.000124274961544657	0.0016988435703968463
0.0006074557966502248	0.0013566243565346081	0.00022794332526299144	0.0005409729998477886	0.0010634070615429536	0.0008885417446595767	-5.438375705324461e-07	0.0015116153717242842
-0.0006407321944992272	0.0023551747494545694	0.0017257689146426003	0.00047856360029063794	0.0011258164610998822	-0.0001100086482599405	-5.438375705324461e-07	0.001137158974380048
0.0006074557966502248	0.00010843636538493406	0.0027867287071201563	0.0006033823994058274	0.0008137694633125747	0.0013878169411196684	-5.438375705324461e-07	0.000949930775707486
-0.0005159133953844819	0.0023551747494545694	0.0019129971133153845	0.0006033823994058274	0.0008761788628701694	0.0001396289499699943	0.00018668436110247377	0.0005754743783619176
0.0006074557966502248	0.0019183089525518504	0.0021002253119881686	0.0003537448011754485	0.0006889506641973853	-0.00048446504560506476	-0.0001253626366852778	0.0012619777734947935
-0.000703141594057044	-7.879183328785011e-05	0.0017257689146426003	0.0004161542007330432	0.001188225860657477	0.000638904146430086	0.0004363219593319645	0.0016364341708394736
0.0008570933948799375	0.0021055371512241905	0.000539990323050743	0.00047856360029063794	0.0011258164610998822	0.0007637229455452754	-5.438375705324461e-07	0.0011995683739371987
-0.000703141594057044	0.0011069867583042292	0.000727218521722639	0.0004161542007330432	0.000564131865083084	0.0017622733384645706	-0.00018777203624287253	0.0011995683739371987
-0.0005159133953844819	0.001980718352109445	-0.00014651307208168873	0.0007282011985203507	0.0009385882624273201	0.0008261323451024261	0.0002490937606600685	0.0018236623695120358
0.0004826369975350353	0.0009821679591892618	0.000727218521722639	0.0004161542007330432	0.0009385882624273201	0.0004516759477573018	-0.0001253626366852778	0.0010123401752644146
-0.00045350399582688716	-1.6382433730255386e-05	0.0010392655195106126	0.0006033823994058274	0.0012506352602155157	0.0019495015371373547	0.00018668436110247377	0.001574024771281879
0.0006074557966502248	0.002417584149011276	0.0006648091221659325	0.0006033823994058274	0.0008761788628701694	-0.00023482744737468586	0.000124274961544657	0.0008251119765918524
-0.0005783227949416325	0.0013566243565346081	0.0027243193075625616	0.00047856360029063794	0.0008137694633125747	7.721955041239958e-05	-0.00043740963447236325	0.0003258367801324269
0.00035781819842028995	0.00023325516449945738	0.00203781591243013	0.00029133540161785376	0.00043931306596789454	-0.001046149641621863	-5.438375705324461e-07	0.0007627025770347018
-0.0006407321944992272	0.0027296311467990275	0.0015385407159707043	0.0007282011985203507	0.0009385882624273201	0.0007637229455452754	0.00031150316021721913	0.0008251119765918524
0.0007322745957654142	0.0006077115618445816	0.0001655339257058408	0.0003537448011754485	0.0006265412646397905	0.0015126357402348578	-0.00018777203624287253	0.0011995683739371987
0.0006698651962078195	0.001793490153436661	-0.0003961506703118456	0.0006657917989634221	0.0009385882624273201	0.0001396289499699943	0.000124274961544657	0.001137158974380048
-0.0006407321944992272	-0.00020361063240303956	0.0007896279212811219	0.0004161542007330432	0.00075136006375498	0.001450226340677263	-5.438375705324461e-07	0.0010747495748220093
0.00042022759797832876	4.602696582733934e-05	-8.410367252409401e-05	0.0004161542007330432	0.0001896754677377377	0.0008885417446595767	-0.00018777203624287253	0.0008875213761498912
-0.0005783227949416325	0.0022927653498965306	0.0004151715239353315	0.0006033823994058274	0.00075136006375498	-0.0002972368469327247	0.000124274961544657	0.0008251119765918524
0.0006074557966502248	-7.879183328785011e-05	0.0012889031177405474	0.0005409729998477886	0.00075136006375498	0.0009509511442171714	-0.0003125908353576179	0.0007002931774771071
-0.0007655509936141947	0.000732530360959327	0.0001655339257058408	0.0001665166025035525	0.00037690366641052186	-0.0006092838447202542	6.186556198750637e-05	0.0007627025770347018
0.0006074557966502248	0.002417584149011276	0.0014137219168555148	0.0006657917989634221	0.0009385882624273201	0.0015126357402348578	0.00018668436110247377	0.0010747495748220093
-0.0005159133953844819	-7.879183328785011e-05	0.000539990323050743	0.00029133540161785376	6.485666862299233e-05	-0.00023482744737468586	-0.00025018143580002317	0.0005130649788043229
-0.0005783227949416325	0.0021055371512241905	0.0014137219168555148	0.0006033823994058274	0.00075136006375498	-0.00017241804781753522	0.000124274961544657	0.000949930775707486
0.0008570933948799375	-0.0002660200319606343	0.0016633595150858937	0.0009154293971931349	0.0012506352602155157	0.0020119109366945054	0.0004363219593319645	0.001386796572609983
-0.0005783227949416325	0.0014814431556493535	-0.00014651307208168873	0.00047856360029063794	0.0008761788628701694	0.0005764947468724912	0.000124274961544657	0.0014492059721675776
0.0004826369975350353	0.0012942149569770134	0.00047758092349337034	0.0004161542007330432	0.00043931306596789454	1.481015085480486e-05	-0.00025018143580002317	0.001386796572609983
-0.0005159133953844819	-0.00032842943151734083	0.001600950115528299	0.0006033823994058274	0.0010009976619853589	0.00188709213757976	-0.00018777203624287253	0.0008251119765918524
0.0004826369975350353	0.0016062619547640988	-0.00014651307208168873	0.0003537448011754485	0.0011258164610998822	0.0004516759477573018	0.000124274961544657	0.0014492059721675776
-0.0005783227949416325	0.001793490153436661	0.0012264937181829527	0.0009154293971931349	0.0015002728584454506	0.0020119109366945054	0.00037391255977481386	0.0016988435703968463
0.0008570933948799375	0.0002956645640570521	0.0004151715239353315	0.0001665166025035525	0.0006265412646397905	-0.00023482744737468586	-0.0003125908353576179	0.0010747495748220093
0.0007322745957654142	0.0013566243565346081	0.0021002253119881686	0.0006657917989634221	0.0009385882624273201	0.0002644477490849617	6.186556198750637e-05	0.0008251119765918524
-0.0005159133953844819	0.00042048336317179746	0.0021002253119881686	0.0006657917989634221	0.0010009976619853589	0.0018246827380221653	0.00018668436110247377	0.001386796572609983
0.0006698651962078195	0.00260481234768406	0.0012889031177405474	0.0007282011985203507	0.0008137694633125747	-0.0002972368469327247	6.186556198750637e-05	0.001137158974380048
-0.0007655509936141947	0.0008573491600745164	0.001788178314200195	0.0003537448011754485	0.0010634070615429536	0.0008885417446595767	-0.00018777203624287253	0.0014492059721675776
0.0006698651962078195	0.000545302162287431	0.0014137219168555148	0.0007906105980779454	0.0015002728584454506	0.0016998639389069758	6.186556198750637e-05	0.001324387173051944
-0.000703141594057044	0.002417584149011276	0.0009144467203954232	0.0004161542007330432	0.00043931306596789454	0.0008261323451024261	-0.0003750002349152126	0.0007627025770347018
0.00035781819842028995	0.00035807396361464683	0.0015385407159707043	0.0009778387967507296	0.0015626822580030453	0.002074320336252544	0.0004987313588895592	0.0023229375659719054
-0.0002662757971545471	0.001169396157862046	-2.1694272966499284e-05	0.00029133540161785376	0.00075136006375498	-0.00023482744737468586	-0.00018777203624287253	0.001137158974380048
-0.0005783227949416325	0.00023325516449945738	0.0012889031177405474	0.0006657917989634221	0.0014378634588874117	0.0019495015371373547	6.186556198750637e-05	0.0018860717690691864
0.0007946839953225648	0.001169396157862046	0.0001655339257058408	0.0008530199976359842	0.0015002728584454506	0.0015750451397924525	0.00031150316021721913	0.0019484811686272252
-0.00089036979272894	0.0023551747494545694	0.0004151715239353315	0.0001665166025035525	0.0006889506641973853	-0.0005468744451619933	-0.00025018143580002317	0.001137158974380048
0.0007322745957654142	0.0004828927627293922	0.001600950115528299	0.0006657917989634221	0.001375454059330261	0.001450226340677263	0.0002490937606600685	0.0023229375659719054
-0.000703141594057044	0.00223035595033938	-0.0008954258667712711	0.0004161542007330432	0.0012506352602155157	0.0005140853473148965	0.00031150316021721913	0.002822212762431553
0.0007946839953225648	0.0031040875441437077	-0.0005833788689841857	0.0007906105980779454	0.0021243668540198435	0.0017622733384645706	-5.438375705324461e-07	0.003196669159776677
-0.0006407321944992272	0.0009821679591892618	-0.0008954258667712711	0.0003537448011754485	0.0015002728584454506	0.0002644477490849617	-0.0003125908353576179	0.003196669159776677
0.00042022759797832876	0.0027920405463566222	-0.0018315668601338597	0.0008530199976359842	0.002436413851807373	0.0007637229455452754	0.00037391255977481386	0.003883172554908665
0.00042022759797832876	0.0011069867583042292	-0.002767707853495782	0.00022892600206025904	0.001375454059330261	0.001262998142004479	-0.00025018143580002317	0.0033214879588916446
-0.000703141594057044	0.0031664969437017465	-0.003953486445088528	0.00047856360029063794	0.0016875010571173465	0.0007637229455452754	-6.295323712723899e-05	0.003883172554908665
0.0006698651962078195	0.002667221747241655	-0.0029549360521685664	0.0007282011985203507	0.0019371386553475034	0.0009509511442171714	6.186556198750637e-05	0.0037583537557939195
-0.0008279603931722335	0.0016062619547640988	-0.003641439447300998	0.0003537448011754485	0.0016875010571173465	0.0013878169411196684	-0.00025018143580002317	0.00394558195446626
0.0004826369975350353	0.0031040875441437077	-0.00420312404331824	0.00047856360029063794	0.0017499104566749413	0.0002644477490849617	0.00018668436110247377	0.004632085349599135
-0.00039109459626973653	0.0029168593454713676	-0.0027052984539386316	0.0007906105980779454	0.0023115950526921836	0.0013878169411196684	0.000124274961544657	0.00450726655048439
0.0006074557966502248	0.001980718352109445	-0.003828667645973338	0.0004161542007330432	0.002061957454462693	0.00032685714864255644	-0.0001253626366852778	0.00450726655048439
-0.000703141594057044	0.0033537251423740866	-0.0028925266526109716	0.0007282011985203507	0.0018747292557899087	0.000638904146430086	-5.438375705324461e-07	0.0041952195526964164
-0.0005783227949416325	0.002417584149011276	-0.003641439447300998	0.0008530199976359842	0.0016875010571173465	0.0013878169411196684	6.186556198750637e-05	0.004444857150926795
0.0006698651962078195	0.0033537251423740866	-0.003828667645973338	0.0009778387967507296	0.0015626822580030453	0.0004516759477573018	6.186556198750637e-05	0.004007991354024298
-0.0006407321944992272	0.002667221747241655	-0.0025180702552660694	0.0008530199976359842	0.0013130446597726664	0.0008885417446595767	6.186556198750637e-05	0.0038207631553515142
0.00054504639709263	0.002417584149011276	-0.0037038488468581487	0.001102657595865919	0.0009385882624273201	0.0010133605437747661	-0.0001253626366852778	0.004257628952254455
-0.00039109459626973653	0.0034161345419314593	-0.003953486445088528	0.0014771139932103772	0.0016875010571173465	0.0011381793428901776	-0.00025018143580002317	0.003883172554908665
0.00035781819842028995	0.0020431277516665958	-0.0035790300477434034	0.0014771139932103772	0.0021243668540198435	0.002074320336252544	0.0002490937606600685	0.004944132347386443
-0.00045350399582688716	0.0020431277516665958	-0.004577580440663365	0.002787711383917424	0.0017499104566749413	0.000638904146430086	-0.00025018143580002317	0.004632085349599135
0.0004826369975350353	0.0027920405463566222	-0.0035166206481862528	0.005346496765775033	0.002186776253577438	0.0015750451397924525	0.00018668436110247377	0.005193769945616378
0.0006698651962078195	0.0020431277516665958	-0.005451312034467692	0.008030100946746721	0.0017499104566749413	0.0012005887424473283	6.186556198750637e-05	0.005006541746944038
-0.0007655509936141947	0.002667221747241655	-0.005638540233140477	0.012336349516212985	0.0012506352602155157	0.000202038349527367	-0.00018777203624287253	0.004632085349599135
0.0006698651962078195	0.0017310807538792883	-0.0048272180388932995	0.01726669208125542	0.0010009976619853589	0.0007013135459867925	0.000124274961544657	0.004444857150926795
-0.0007655509936141947	0.001793490153436661	-0.006949137623847745	0.0204495714586872	0.00037690366641052186	0.0002644477490849617	-0.00018777203624287253	0.00394558195446626
0.0007946839953225648	0.002854449945914217	-0.005700949632698071	0.01651777928656517	0.00037690366641052186	7.721955041239958e-05	-0.00018777203624287253	0.003883172554908665
-0.0007655509936141947	0.00223035595033938	-0.005014446237565862	0.014645497299840216	0.0014378634588874117	0.0015750451397924525	0.00037391255977481386	0.005006541746944038
0.0008570933948799375	0.0032913157428160478	-0.005326493235353391	0.0022260267879004036	0.001812319856232314	0.0013878169411196684	6.186556198750637e-05	0.0052561793451739725
-0.0005783227949416325	0.003728181539718989	-0.004265533442875835	0.0007282011985203507	0.0021243668540198435	0.002136729735810139	-0.0001253626366852778	0.005318588744731567
-0.00039109459626973653	0.0032289063432593412	-0.005139265036680607	0.0006657917989634221	0.0031229172469398048	0.002511186133154375	0.00031150316021721913	0.006129910938978744
0.00042022759797832876	0.00260481234768406	-0.0043903522419905805	0.00022892600206025904	0.0023740044522502224	0.001450226340677263	-0.00025018143580002317	0.005380998144288718
-0.0005783227949416325	0.00223035595033938	-0.00432794284243343	0.00047856360029063794	0.00287327964870987	0.002323957934482035	6.186556198750637e-05	0.00575545454163362
0.00054504639709263	0.0032913157428160478	-0.005326493235353391	0.0004161542007330432	0.0023740044522502224	0.001262998142004479	-0.0001253626366852778	0.005568226342961058
-0.0003286851967121418	0.003665772140161838	-0.0031421642508413505	0.0006657917989634221	0.002623642050479935	0.0016374545393500473	-0.0001253626366852778	0.004694494749156286
0.00054504639709263	0.0029792687450289623	-0.0043903522419905805	0.0004161542007330432	0.002061957454462693	0.001262998142004479	-5.438375705324461e-07	0.005068951146501188
-0.0006407321944992272	0.004165047336621264	-0.004889627438450672	0.0005409729998477886	0.0017499104566749413	0.0010133605437747661	6.186556198750637e-05	0.004632085349599135
0.0006698651962078195	0.003915409738391329	-0.00451517104110577	0.00022892600206025904	0.0017499104566749413	0.0016374545393500473	-6.295323712723899e-05	0.0048193135482714755
0.00054504639709263	0.0035409533410466487	-0.005388902634910098	0.0006033823994058274	0.002061957454462693	0.0016998639389069758	-5.438375705324461e-07	0.005318588744731567
-0.000703141594057044	0.002854449945914217	-0.004078305244203273	0.0003537448011754485	0.002186776253577438	0.0016998639389069758	-0.0001253626366852778	0.005318588744731567
0.0008570933948799375	0.00223035595033938	-0.005264083835795796	0.0006033823994058274	0.00268605145003753	0.0023863673340396296	0.00018668436110247377	0.005568226342961058
-0.000703141594057044	0.0029168593454713676	-0.005763359032255666	0.0005409729998477886	0.0027484608495951246	0.002074320336252544	6.186556198750637e-05	0.005505816943403463
0.0006698651962078195	0.0023551747494545694	-0.00451517104110577	0.0006033823994058274	0.0025612326509225625	0.00188709213757976	0.000124274961544657	0.00575545454163362
-0.0005783227949416325	0.0025424029481264654	-0.005763359032255666	0.00047856360029063794	0.002186776253577438	0.0010133605437747661	-6.295323712723899e-05	0.005380998144288718
0.0006698651962078195	0.003915409738391329	-0.005388902634910098	0.0005409729998477886	0.002249185653135033	0.0013254075415620736	0.000124274961544657	0.005131360546059227
-0.0005783227949416325	0.0036033627406033553	-0.005139265036680607	0.00047856360029063794	0.0015002728584454506	0.0009509511442171714	-0.0001253626366852778	0.004632085349599135
-0.000703141594057044	0.0046019131335233165	-0.0043903522419905805	0.0008530199976359842	0.001188225860657477	0.0005140853473148965	-5.438375705324461e-07	0.00450726655048439
0.0006074557966502248	0.0037905909392761394	-0.0037038488468581487	0.0020387985892278415	0.0011258164610998822	0.0007013135459867925	6.186556198750637e-05	0.003883172554908665
-0.0006407321944992272	0.0033537251423740866	-0.005451312034467692	0.004098308774624693	0.0013130446597726664	0.0008885417446595767	-5.438375705324461e-07	0.004257628952254455
0.00054504639709263	0.002854449945914217	-0.005076855637123456	0.007468416350729035	0.0010009976619853589	7.721955041239958e-05	-0.00018777203624287253	0.004070400753581449
-0.0005783227949416325	0.0016686713543221376	-0.005076855637123456	0.008966241940109088	0.0015002728584454506	0.0011381793428901776	6.186556198750637e-05	0.004070400753581449
0.0006698651962078195	0.001980718352109445	-0.006824318824733444	0.010089611132143794	0.001812319856232314	0.0009509511442171714	0.0002490937606600685	0.0048193135482714755
-0.0005159133953844819	0.0027920405463566222	-0.005139265036680607	0.004098308774624693	0.0018747292557899087	0.0016998639389069758	-0.0001253626366852778	0.004881722947828848
0.00054504639709263	0.001980718352109445	-0.00663709062606066	0.0022260267879004036	0.0029980984478246153	0.002323957934482035	0.00031150316021721913	0.006129910938978744
0.00054504639709263	0.003041678144586557	-0.005638540233140477	0.002350845587015593	0.002061957454462693	0.0012005887424473283	-0.00018777203624287253	0.005131360546059227
-0.0006407321944992272	0.0027296311467990275	-0.006012996630485379	0.008217329145419505	0.0013130446597726664	0.0015126357402348578	-6.295323712723899e-05	0.005006541746944038
0.0006698651962078195	0.0027296311467990275	-0.00701154702340534	0.01820283307461712	0.0001896754677377377	0.00032685714864255644	0.000124274961544657	0.004320038351811606
-0.0008279603931722335	0.0009197585596316671	-0.00732359402119287	0.03942202892416358	-0.0021194723158890483	-0.0017326530367547388	-0.00018777203624287253	0.001324387173051944
0.0006698651962078195	-0.00032842943151734083	-0.008446963213227798	0.045725378279469986	-0.0023067005145613884	-0.001483015438524804	-0.00018777203624287253	0.003196669159776677
-0.000703141594057044	0.0017310807538792883	-0.007573231619422582	0.025941598619745987	0.001375454059330261	0.0008885417446595767	6.186556198750637e-05	0.004132810153139266
0.0007322745957654142	0.002854449945914217	-0.00432794284243343	0.00615781896002221	0.0018747292557899087	0.0020119109366945054	0.00031150316021721913	0.004944132347386443
-0.00045350399582688716	0.0024799935485688707	-0.0065122718269454705	0.005720953163119491	0.0013130446597726664	0.0010133605437747661	-0.00043740963447236325	0.004444857150926795
-0.0003286851967121418	0.002854449945914217	-0.0043903522419905805	0.004847221569315163	0.00287327964870987	0.002074320336252544	0.0004363219593319645	0.0054434075438463125
0.00035781819842028995	0.0020431277516665958	-0.006574681226503065	0.005159268567102249	0.002061957454462693	0.0015750451397924525	-0.00025018143580002317	0.004694494749156286
-0.0006407321944992272	0.0032289063432593412	-0.005888177831370189	0.005096859167544654	0.0021243668540198435	0.0013878169411196684	6.186556198750637e-05	0.0054434075438463125
0.0007946839953225648	0.0034161345419314593	-0.004265533442875835	0.004347946372855072	0.002249185653135033	0.0017622733384645706	0.0002490937606600685	0.0048193135482714755
-0.0008279603931722335	0.0033537251423740866	-0.005451312034467692	0.004597583971084784	0.0016250916575597518	0.0012005887424473283	6.186556198750637e-05	0.00450726655048439
0.0006074557966502248	0.004352275535294048	-0.00420312404331824	0.004410355772412222	0.0015626822580030453	0.0008261323451024261	-5.438375705324461e-07	0.0043824477513687565
-0.0005783227949416325	0.004165047336621264	-0.003204573650398057	0.004722402770199974	0.0015002728584454506	0.0011381793428901776	0.000124274961544657	0.004444857150926795
0.0007322745957654142	0.003915409738391329	-0.004452761641548619	0.004098308774624693	0.001375454059330261	0.0007637229455452754	-5.438375705324461e-07	0.004444857150926795
0.00035781819842028995	0.0027920405463566222	-0.004577580440663365	0.0030997583817051755	0.0010634070615429536	0.000638904146430086	-0.0003750002349152126	0.0038207631553515142
-0.00045350399582688716	0.0027920405463566222	-0.006200224829158163	0.004784812169757124	0.002249185653135033	0.0023863673340396296	0.000124274961544657	0.0054434075438463125
0.0006698651962078195	0.0025424029481264654	-0.005763359032255666	0.004347946372855072	0.0024988232513645237	0.002136729735810139	0.00018668436110247377	0.005568226342961058
-0.0007655509936141947	0.0014190337560917587	-0.005950587230927784	0.0035366241786074504	0.0023740044522502224	0.002698414331826937	-0.0001253626366852778	0.0054434075438463125
0.00035781819842028995	0.0016062619547640988	-0.007510822219865432	0.004472765171969817	0.001999548054904654	0.002136729735810139	0.0006859595575623434	0.0063171391376515285
-0.0002662757971545471	0.0031040875441437077	-0.004764808639335705	0.003973489975510391	0.0018747292557899087	0.0015750451397924525	-0.00018777203624287253	0.004881722947828848
0.0004826369975350353	0.0022927653498965306	-0.005201674436238202	0.002600483185245084	0.0016875010571173465	0.0010133605437747661	-5.438375705324461e-07	0.005068951146501188
-0.0006407321944992272	0.0037905909392761394	-0.003391801849070619	0.001913979790112652	0.0014378634588874117	0.0001396289499699943	0.000124274961544657	0.004320038351811606
-0.0006407321944992272	0.004040228537506518	-0.004078305244203273	0.0014147045936527824	0.0012506352602155157	0.0002644477490849617	-5.438375705324461e-07	0.004070400753581449
0.00042022759797832876	0.0044146849348514206	-0.005700949632698071	0.0014147045936527824	0.0008761788628701694	-0.0001100086482599405	-0.0003125908353576179	0.004132810153139266
-0.0005783227949416325	0.004227456736178858	-0.00420312404331824	0.0010402481963078802	0.0017499104566749413	0.0004516759477573018	6.186556198750637e-05	0.004632085349599135
0.0007322745957654142	0.0031664969437017465	-0.005763359032255666	0.0010402481963078802	0.002186776253577438	0.001450226340677263	0.00018668436110247377	0.006005092139863555
-0.0006407321944992272	0.0029168593454713676	-0.007261184621635275	0.0008530199976359842	0.002623642050479935	0.0018246827380221653	6.186556198750637e-05	0.006254729738093934
0.0006698651962078195	0.0020431277516665958	-0.006387453027830059	0.001102657595865919	0.003060507847382654	0.002323957934482035	-0.0001253626366852778	0.006629186135438836
-0.0007655509936141947	0.001169396157862046	-0.007947688016767707	0.0005409729998477886	0.002623642050479935	0.0013254075415620736	-0.0003125908353576179	0.0065043673363236465
0.0004826369975350353	0.0020431277516665958	-0.005264083835795796	0.0009778387967507296	0.0027484608495951246	0.0015126357402348578	0.0002490937606600685	0.006691595534996431
0.0007946839953225648	0.0032289063432593412	-0.005513721434025731	0.0009154293971931349	0.0021243668540198435	0.0008885417446595767	0.0002490937606600685	0.006129910938978744
-0.000703141594057044	0.003915409738391329	-0.004889627438450672	0.0006033823994058274	0.00075136006375498	-0.0007341026438347775	-0.0001253626366852778	0.005380998144288718
0.00054504639709263	-0.003885765206294245	-0.011692251990217395	0.0003537448011754485	-0.008859687468097732	-0.008410458789405828	-0.0003750002349152126	-0.003293908394202072
-0.00039109459626973653	0.0029168593454713676	-0.005638540233140477	0.0007282011985203507	-0.0006840561260674782	-0.0009213308425075617	0.0002490937606600685	0.005318588744731567
0.00054504639709263	0.003665772140161838	-0.004889627438450672	0.00047856360029063794	6.485666862299233e-05	-0.00048446504560506476	-0.00018777203624287253	0.006192320338536339
-0.0007655509936141947	0.0027296311467990275	-0.00432794284243343	0.0004161542007330432	0.0016250916575597518	0.0021991391353668455	0.000124274961544657	0.007003642532783516
0.0007322745957654142	0.0016062619547640988	-0.00663709062606066	0.00047856360029063794	0.002061957454462693	0.002323957934482035	6.186556198750637e-05	0.007627736528358797
-0.0006407321944992272	0.001543852555206504	-0.005825768431813261	0.0007282011985203507	0.002249185653135033	0.002698414331826937	0.00018668436110247377	0.007690145927915948
-0.000703141594057044	0.0012318055574194187	-0.007261184621635275	0.00047856360029063794	0.0023115950526921836	0.002885642530499277	-5.438375705324461e-07	0.00837664932304838
0.00054504639709263	0.002417584149011276	-0.006012996630485379	0.0003537448011754485	0.0019371386553475034	0.001450226340677263	-0.0001253626366852778	0.008563877521720276
-0.0006407321944992272	0.003041678144586557	-0.005264083835795796	0.00029133540161785376	0.0013130446597726664	0.0010133605437747661	-5.438375705324461e-07	0.009375199715968341
0.0006698651962078195	0.003977819137948924	-0.0065122718269454705	0.0006657917989634221	0.00012726606818014297	-0.0001100086482599405	-6.295323712723899e-05	0.0077525553274730985
-0.0006407321944992272	0.0023551747494545694	-0.007698050418537772	0.0004161542007330432	-0.003055613309251859	-0.0034801162243642825	-0.00025018143580002317	0.00806460232526085
0.0006074557966502248	0.0023551747494545694	-0.007261184621635275	0.0003537448011754485	-0.00018478092960738657	-0.0007965120433923722	-5.438375705324461e-07	0.009874474912427988
-0.0005783227949416325	0.0044146849348514206	-0.006387453027830059	0.0004161542007330432	-0.0016826065189869954	-0.0017326530367547388	-0.0001253626366852778	0.009063152718180367
0.00054504639709263	0.0021055371512241905	-0.007573231619422582	0.0005409729998477886	-0.0004344185278368773	0.00032685714864255644	0.000124274961544657	0.009812065512870838
0.0006698651962078195	0.0007949397605169217	-0.0085717820123421	0.0004161542007330432	0.0001896754677377377	0.0009509511442171714	-6.295323712723899e-05	0.010248931309773113
-0.0008279603931722335	-0.00039083883107537964	-0.00807250681588223	0.00029133540161785376	-0.0006216467265094394	0.0005764947468724912	-0.00018777203624287253	0.009624837314198054
0.0007946839953225648	-0.00014120123284544484	-0.008197325614997863	0.0005409729998477886	0.0002520848672953324	0.0015750451397924525	0.000124274961544657	0.01043615950844523
-0.0006407321944992272	0.001543852555206504	-0.007947688016767707	0.0001665166025035525	0.00037690366641052186	0.0015126357402348578	-0.0001253626366852778	0.012183622696055219
0.0004826369975350353	0.0021055371512241905	-0.006387453027830059	0.0004161542007330432	-0.0004344185278368773	0.0007013135459867925	0.0002490937606600685	0.014055904682779508
-0.0003286851967121418	0.003041678144586557	-0.006262634228715758	0.0006657917989634221	-0.001120921922969309	-0.00017241804781753522	-0.0003125908353576179	0.014367951680567259
0.0004826369975350353	0.004102637937063669	-0.006262634228715758	0.0003537448011754485	-0.0013705595211994659	-0.0002972368469327247	6.186556198750637e-05	0.014742408077912383
-0.0005783227949416325	0.004040228537506518	-0.006012996630485379	0.0004161542007330432	-0.0013705595211994659	7.721955041239958e-05	-0.00018777203624287253	0.014305542281009664
-0.0005159133953844819	0.0032913157428160478	-0.006200224829158163	0.00047856360029063794	-0.000496827927394472	0.0008261323451024261	0.00018668436110247377	0.015116864475256842
0.00054504639709263	0.0019183089525518504	-0.006137815429600568	0.00047856360029063794	-0.0004344185278368773	0.0008261323451024261	-5.438375705324461e-07	0.01461758927879675
-0.0008279603931722335	0.000732530360959327	-0.008384553813670204	0.0001665166025035525	-0.00037200912828017074	0.0015126357402348578	-0.000499819034029958	0.014804817477469534
0.0008570933948799375	0.0010445773587468565	-0.007947688016767707	0.0008530199976359842	0.00075136006375498	0.0023863673340396296	0.00037391255977481386	0.0157409584708319
-0.0009527791922869788	-0.00039083883107537964	-0.008509372612785393	-8.312099572682641e-05	-0.00037200912828017074	0.0020119109366945054	0.00037391255977481386	0.01730119345976866
0.0010443215935527217	0.0008573491600745164	-0.008821419610572478	0.0008530199976359842	-0.0006216467265094394	0.0015750451397924525	-0.00018777203624287253	0.01823733445313147
-0.000703141594057044	0.0017310807538792883	-0.008010097416325301	0.0004161542007330432	-0.0012457407220844985	0.0009509511442171714	-0.0001253626366852778	0.01786287805578679
0.00054504639709263	0.0020431277516665958	-0.006761909425174961	0.0003537448011754485	-0.001745015918544146	0.0004516759477573018	-6.295323712723899e-05	0.0177380592566716
0.0006074557966502248	0.004227456736178858	-0.005139265036680607	0.0005409729998477886	-0.0023067005145613884	-0.0005468744451619933	-5.438375705324461e-07	0.017800468656229196
-0.0005159133953844819	0.004289866135736231	-0.00420312404331824	0.0006657917989634221	-0.0022442911150042377	-0.0003596462464898753	0.0002490937606600685	0.017550831057999483
0.0004826369975350353	0.003665772140161838	-0.006012996630485379	0.00029133540161785376	-0.002431519313677022	-0.000858921442949967	-0.00025018143580002317	0.01686432766286683
-0.00045350399582688716	0.0034161345419314593	-0.005388902634910098	0.0005409729998477886	-0.0016201971194289566	0.000202038349527367	0.000124274961544657	0.016677099464194267
0.00054504639709263	0.0014814431556493535	-0.006886728224290151	0.00047856360029063794	-0.0013081501216418712	0.0007637229455452754	-5.438375705324461e-07	0.017675649857114006
-0.0005159133953844819	0.0008573491600745164	-0.008696600811457289	0.00047856360029063794	-0.00030959972872168784	0.002136729735810139	-0.00025018143580002317	0.018050106254459575
0.0004826369975350353	0.0001708457649420847	-0.008259735014555014	0.0006657917989634221	0.0003144942668527051	0.0032600989278444015	0.0002490937606600685	0.018736609649591562
-0.00039109459626973653	-0.0004532482306327523	-0.009695151204377472	0.0003537448011754485	-0.00012237153004979184	0.00226154853492444	-5.438375705324461e-07	0.018986247247821053
-0.000703141594057044	0.0009197585596316671	-0.007573231619422582	0.00022892600206025904	-0.0008712843247398183	0.0013254075415620736	-0.00025018143580002317	0.019984797640741236
0.0009195027944381984	0.0021055371512241905	-0.006824318824733444	0.0007282011985203507	-0.0012457407220844985	0.0010133605437747661	0.00018668436110247377	0.020109616439856426
-0.0005783227949416325	0.003478543941489054	-0.006387453027830059	0.0003537448011754485	-0.001745015918544146	0.0001396289499699943	-5.438375705324461e-07	0.020546482236758257
0.0006074557966502248	0.004165047336621264	-0.004764808639335705	0.0003537448011754485	-0.002868385110579297	-0.0009213308425075617	-0.0001253626366852778	0.021295395031448283
-0.000703141594057044	0.004165047336621264	-0.005700949632698071	0.00022892600206025904	-0.003055613309251859	-0.0007341026438347775	0.00031150316021721913	0.02273081122127074
0.0009195027944381984	0.00453950373396661	-0.005763359032255666	0.0008530199976359842	-0.0024939287132341725	0.000202038349527367	-0.00025018143580002317	0.02173226082835078
-0.0008279603931722335	0.0027296311467990275	-0.006325043628272908	0.00029133540161785376	-0.0019322441172169302	0.001450226340677263	-0.0003125908353576179	0.02104575743321835
0.0004826369975350353	0.0014814431556493535	-0.008759010211014662	0.0005409729998477886	-0.00037200912828017074	0.002698414331826937	0.00018668436110247377	0.022293945424368466
0.0006074557966502248	-1.6382433730255386e-05	-0.008883829010130073	0.00047856360029063794	-0.000933693724296969	0.0026360049322695644	-6.295323712723899e-05	0.021981898426580715
-0.000703141594057044	-0.00014120123284544484	-0.010194426400837342	0.00022892600206025904	-0.000496827927394472	0.002698414331826937	-0.00018777203624287253	0.022356354823925617
0.0006074557966502248	0.0011069867583042292	-0.009133466608359786	0.0006033823994058274	-0.000496827927394472	0.002074320336252544	-6.295323712723899e-05	0.023666952214632664
-0.0005159133953844819	0.001980718352109445	-0.00719877522207768	0.0005409729998477886	-0.0010585125234121584	0.0013254075415620736	0.000124274961544657	0.02372936161419026
0.00054504639709263	0.0029168593454713676	-0.00719877522207768	0.0004161542007330432	-0.0016201971194289566	7.721955041239958e-05	-5.438375705324461e-07	0.02372936161419026
-0.0005783227949416325	0.00453950373396661	-0.005201674436238202	0.0004161542007330432	-0.002868385110579297	-0.0012957872398522419	6.186556198750637e-05	0.02273081122127074
0.0007322745957654142	0.004913960131310846	-0.004078305244203273	0.0003537448011754485	-0.0026811569119065126	-0.0011709684407370524	-6.295323712723899e-05	0.022231536024811094
-0.000703141594057044	0.004477094334409015	-0.005451312034467692	0.00022892600206025904	-0.003055613309251859	-0.0009213308425075617	-0.0003125908353576179	0.021669851428793185
-0.0005783227949416325	0.0025424029481264654	-0.006012996630485379	0.0006033823994058274	-0.0024939287132341725	0.0008885417446595767	0.000124274961544657	0.021295395031448283
0.0007322745957654142	0.0009197585596316671	-0.008259735014555014	0.0006657917989634221	-0.0011833313225269038	0.0020119109366945054	0.000124274961544657	0.020671301035873668
-0.0006407321944992272	-7.879183328785011e-05	-0.00813491621544049	0.00029133540161785376	-0.0014953783203146553	0.00226154853492444	-0.0001253626366852778	0.020671301035873668
0.0004826369975350353	-0.0008277046279774325	-0.008821419610572478	0.0004161542007330432	-0.0016826065189869954	0.002760823731384532	-0.00018777203624287253	0.022356354823925617
-0.00039109459626973653	-7.879183328785011e-05	-0.00919587600791738	0.0006657917989634221	-0.0008088749251817795	0.002948051930056872	-0.000499819034029958	0.023230086417730833
0.00035781819842028995	0.000545302162287431	-0.007822869217652961	4.169780338836304e-05	-0.002993203909694264	0.0005764947468724912	-5.438375705324461e-07	0.02454068380843788
-0.0005159133953844819	0.0022927653498965306	-0.006449862427387654	0.0006657917989634221	-0.003242841507924199	-0.000858921442949967	0.0002490937606600685	0.025476824801800024
0.0007946839953225648	0.004102637937063669	-0.004265533442875835	0.00010410720294595777	-0.004865485896418553	-0.0020447000345418243	-0.00025018143580002317	0.026163328196932456
0.00042022759797832876	0.0046019131335233165	-0.005014446237565862	0.0001665166025035525	-0.005177532894206083	-0.002294337632772425	-0.0003750002349152126	0.025164777804012273
-0.00089036979272894	0.004102637937063669	-0.006262634228715758	0.00010410720294595777	-0.004740667097303808	-0.0015454248380819546	-0.0005622284335875527	0.024977549605340377
0.0009195027944381984	0.0032913157428160478	-0.005388902634910098	0.0008530199976359842	-0.003492479106154134	0.0001396289499699943	0.0004987313588895592	0.02441586500932269
-0.0006407321944992272	0.0007949397605169217	-0.008259735014555014	0.0003537448011754485	-0.0031804321083666043	0.001262998142004479	-6.295323712723899e-05	0.020733710435431263
0.0004826369975350353	-0.000515657630189903	-0.009632741804819656	0.00022892600206025904	-0.002868385110579297	0.002074320336252544	0.00031150316021721913	0.021108166832775943
-0.0003286851967121418	-0.0005780670297479418	-0.008384553813670204	0.0007282011985203507	-0.003617297905268879	0.002136729735810139	-0.0003750002349152126	0.02042166343764351
0.00035781819842028995	-0.001139751625764962	-0.010069607601722153	0.00029133540161785376	-0.0041789825012865656	0.0013878169411196684	6.186556198750637e-05	0.023230086417730833
-0.0005783227949416325	0.0009197585596316671	-0.006387453027830059	0.0005409729998477886	-0.005551989291551429	0.000202038349527367	6.186556198750637e-05	0.024353455609765096
-0.00089036979272894	0.003665772140161838	-0.006761909425174961	-8.312099572682641e-05	-0.006612949084028541	-0.0012957872398522419	-0.00043740963447236325	0.024852730806225187
0.0006074557966502248	0.0054756447273289766	-0.004889627438450672	0.0003537448011754485	-0.007049814880930594	-0.0020447000345418243	-0.00018777203624287253	0.026288146996047645
-0.00039109459626973653	0.006162148122460964	-0.0035790300477434034	0.0006033823994058274	-0.007424271278275718	-0.0019198812354270789	0.0002490937606600685	0.026163328196932456
0.0004826369975350353	0.00453950373396661	-0.005950587230927784	0.00022892600206025904	-0.007673908876505875	-0.0017950624363123335	-0.00025018143580002317	0.024353455609765096
-0.00045350399582688716	0.003853000338833734	-0.0060754060300429735	0.00047856360029063794	-0.007049814880930594	-0.00042205564604747003	-0.0001253626366852778	0.02204430782613831
0.00054504639709263	0.0017310807538792883	-0.007073956422962935	0.00047856360029063794	-0.006238492686683417	0.0025735955327119697	0.00031150316021721913	0.020796119834988414
-0.0005159133953844819	0.00023325516449945738	-0.00900864780924504	0.00029133540161785376	-0.007174633680045783	0.00226154853492444	-0.00025018143580002317	0.01973516004251108
0.00042022759797832876	-0.0006404764293055365	-0.007635641018980177	0.0006657917989634221	-0.0071122242804881886	0.002948051930056872	0.00018668436110247377	0.020733710435431263
0.0006698651962078195	0.0008573491600745164	-0.007822869217652961	0.0006033823994058274	-0.0075490900773904634	0.00188709213757976	6.186556198750637e-05	0.020920938634103603
-0.0006407321944992272	0.0027296311467990275	-0.005763359032255666	0.00022892600206025904	-0.008610049869868242	0.000202038349527367	-0.00018777203624287253	0.022418764223483212
0.00054504639709263	0.0044146849348514206	-0.004265533442875835	0.0003537448011754485	-0.009546190863230608	-0.001233377840294425	-0.00018777203624287253	0.023167677018172794
-0.00045350399582688716	0.006349376321133748	-0.003454211248628658	0.0006033823994058274	-0.009358962664557824	-0.0017950624363123335	0.0002490937606600685	0.02454068380843788
0.0006074557966502248	0.006848651517593396	-0.0020187950588062	0.00047856360029063794	-0.01010787545924785	-0.0032928880256919424	-0.0003125908353576179	0.02273081122127074
-0.0007655509936141947	0.0060997387229033695	-0.002830117253053377	0.0001665166025035525	-0.009109325066328111	-0.0012957872398522419	0.000124274961544657	0.02154503262967844
0.0007322745957654142	0.005413235327770938	-0.00420312404331824	0.0005409729998477886	-0.008547640470310647	0.0002644477490849617	0.00018668436110247377	0.019485522444281145
-0.0005159133953844819	0.003728181539718989	-0.0065122718269454705	0.0003537448011754485	-0.008610049869868242	0.0008885417446595767	-0.0003125908353576179	0.016489871265521927
-0.00039109459626973653	0.0009821679591892618	-0.0066995000256178106	0.0006033823994058274	-0.00761149947694828	0.0023863673340396296	0.0002490937606600685	0.01661469006463645
0.00042022759797832876	0.0002956645640570521	-0.006200224829158163	0.00029133540161785376	-0.008547640470310647	0.0017622733384645706	-0.0003125908353576179	0.015990596069062057
-0.00039109459626973653	0.001169396157862046	-0.0060754060300429735	0.0008530199976359842	-0.00798595587429296	0.0021991391353668455	0.0004363219593319645	0.01730119345976866
0.00035781819842028995	0.001793490153436661	-0.005950587230927784	0.0001665166025035525	-0.0092341438654433	0.000202038349527367	-0.0003750002349152126	0.019797569442068452
-0.0006407321944992272	0.003728181539718989	-0.003454211248628658	0.0005409729998477886	-0.009296553265000673	-0.0005468744451619933	6.186556198750637e-05	0.020296844638528322
0.0007322745957654142	0.004664322533080911	-0.003454211248628658	0.0006657917989634221	-0.010232694258362596	-0.0019198812354270789	6.186556198750637e-05	0.021420213830563473
-0.0006407321944992272	0.005850101124673435	-0.0023308420565932852	0.0004161542007330432	-0.011543291649070087	-0.0024191564318871706	-0.00018777203624287253	0.021295395031448283
0.0004826369975350353	0.006037329323346219	-0.003266983049956096	0.0006033823994058274	-0.011293654050840152	-0.001233377840294425	0.0002490937606600685	0.021607442029236035
0.00035781819842028995	0.004289866135736231	-0.004577580440663365	0.00010410720294595777	-0.01241702324287508	-0.0012957872398522419	-0.00043740963447236325	0.020484072837200662
-0.00045350399582688716	0.003478543941489054	-0.00451517104110577	0.0006033823994058274	-0.011917748046414989	0.0001396289499699943	0.0002490937606600685	0.01985997884162627
0.00054504639709263	0.0016686713543221376	-0.00701154702340534	0.0003537448011754485	-0.012167385644644924	0.0008261323451024261	-0.00025018143580002317	0.01786287805578679
-0.00039109459626973653	0.0016062619547640988	-0.005888177831370189	0.0007282011985203507	-0.010919197653495472	0.0017622733384645706	0.00037391255977481386	0.01661469006463645
0.00042022759797832876	0.0006077115618445816	-0.006387453027830059	0.00022892600206025904	-0.011543291649070087	0.0007013135459867925	-6.295323712723899e-05	0.017488421658441222
-0.0006407321944992272	0.0016062619547640988	-0.006387453027830059	0.0004161542007330432	-0.010482331856592975	0.0001396289499699943	0.000124274961544657	0.018424562651804033
0.0007322745957654142	0.002854449945914217	-0.004265533442875835	-8.312099572682641e-05	-0.011480882249512492	-0.001483015438524804	-0.000499819034029958	0.018050106254459575
-0.0010151885918445736	0.0031040875441437077	-0.003017345451726161	0.0007906105980779454	-0.010482331856592975	-0.0013581966394098366	0.00031150316021721913	0.018799019049148713
-0.0005159133953844819	0.005600463526443278	-0.0016443386614612976	0.00047856360029063794	-0.010731969454822465	-0.002107109434099419	-5.438375705324461e-07	0.018799019049148713
0.0004826369975350353	0.005226007129099042	-0.002767707853495782	0.00029133540161785376	-0.011668110448185054	-0.0023567470323291317	-0.00018777203624287253	0.01792528745534394
-0.0005783227949416325	0.0048515507317536954	-0.0037662582464157435	0.0004161542007330432	-0.011605701048627681	-0.0013581966394098366	0.000124274961544657	0.018174925053573876
0.00054504639709263	0.0037905909392761394	-0.0037038488468581487	0.00047856360029063794	-0.012042566845529734	-0.0009213308425075617	-0.00018777203624287253	0.015990596069062057
-0.00045350399582688716	0.0024799935485688707	-0.004952036838008267	0.0006657917989634221	-0.011480882249512492	0.000638904146430086	-0.00018777203624287253	0.014492770479682449
0.0004826369975350353	0.0010445773587468565	-0.006387453027830059	0.00029133540161785376	-0.010856788253937433	0.0015750451397924525	-5.438375705324461e-07	0.014492770479682449
-0.000703141594057044	0.0008573491600745164	-0.005264083835795796	0.0007282011985203507	-0.010731969454822465	0.0016374545393500473	0.00018668436110247377	0.014430361080124854
0.0007946839953225648	0.0006701209614021764	-0.005264083835795796	0.0004161542007330432	-0.010856788253937433	0.001075769943332583	6.186556198750637e-05	0.015428911473044371
0.0004826369975350353	0.0025424029481264654	-0.003391801849070619	0.00029133540161785376	-0.011605701048627681	-0.00042205564604747003	-0.00025018143580002317	0.016177824267733953
-0.00045350399582688716	0.004352275535294048	-0.002642889054381259	0.0006033823994058274	-0.011543291649070087	-0.0006716932442776269	6.186556198750637e-05	0.017675649857114006
0.0006698651962078195	0.005600463526443278	-0.0016443386614612976	0.0006033823994058274	-0.011480882249512492	-0.0015454248380819546	6.186556198750637e-05	0.018174925053573876
-0.000703141594057044	0.0060997387229033695	-0.0009578352663288658	0.00022892600206025904	-0.01198015744597214	-0.002294337632772425	-0.0001253626366852778	0.017176374660653915
0.00054504639709263	0.005725282325558467	-0.0023308420565932852	0.0005409729998477886	-0.011730519847742649	-0.001670243637197144	0.000124274961544657	0.016427461865964332
-0.00045350399582688716	0.0048515507317536954	-0.002580479654823664	0.0006033823994058274	-0.011106425852167812	-0.0001100086482599405	-0.0001253626366852778	0.014118314082337102
0.0004826369975350353	0.0031040875441437077	-0.0035166206481862528	0.0005409729998477886	-0.01060715065570772	0.001450226340677263	6.186556198750637e-05	0.01318217308897518
-0.0006407321944992272	0.0016686713543221376	-0.005014446237565862	0.0006657917989634221	-0.010170284858805001	0.002323957934482035	0.000124274961544657	0.012807716691630056
-0.000703141594057044	0.000545302162287431	-0.0048272180388932995	0.00047856360029063794	-0.010170284858805001	0.0021991391353668455	-5.438375705324461e-07	0.012558079093400343
0.0006074557966502248	0.0009821679591892618	-0.005264083835795796	0.0004161542007330432	-0.009795828461460099	0.0017622733384645706	-6.295323712723899e-05	0.01274530729207246
-0.0005783227949416325	0.002854449945914217	-0.003204573650398057	0.0005409729998477886	-0.009546190863230608	0.001075769943332583	6.186556198750637e-05	0.014055904682779508
0.0007322745957654142	0.0044146849348514206	-0.001956385659249049	0.0006657917989634221	-0.009795828461460099	-0.0001100086482599405	0.00018668436110247377	0.015491320872601966
-0.0006407321944992272	0.005350825928213787	-0.0020187950588062	0.00029133540161785376	-0.010232694258362596	-0.000858921442949967	-0.00025018143580002317	0.01555373027215956
0.00054504639709263	0.006411785720690899	-0.0008330164672141205	0.0003537448011754485	-0.010856788253937433	-0.000858921442949967	0.0004363219593319645	0.01580336787038905
-0.0002662757971545471	0.0065366045198060885	-0.001145063465001428	0.0001665166025035525	-0.012292204443759669	-0.0006716932442776269	-0.0003750002349152126	0.014118314082337102
0.00023299939930576663	0.004477094334409015	-0.0037662582464157435	0.0003537448011754485	-0.011792929247300243	0.0010133605437747661	-6.295323712723899e-05	0.013494220086762265
0.0007322745957654142	0.001793490153436661	-0.005201674436238202	0.0007906105980779454	-0.01185533864685695	0.0024487767335967803	0.0002490937606600685	0.01224603209561237
-0.0005159133953844819	0.0006077115618445816	-0.006325043628272908	0.0006657917989634221	-0.011356063450397302	0.003759374124304493	0.00018668436110247377	0.011559528700480382
0.00042022759797832876	0.0001708457649420847	-0.005451312034467692	0.0004161542007330432	-0.012104976245087329	0.0030104613296144667	-0.00025018143580002317	0.011122662903577885
-0.0005783227949416325	0.0009197585596316671	-0.004889627438450672	0.0030997583817051755	-0.012292204443759669	0.002760823731384532	6.186556198750637e-05	0.013494220086762265
0.0006698651962078195	0.0021055371512241905	-0.004015895844645678	0.005034449767987503	-0.012354613843317264	0.0013878169411196684	-0.00018777203624287253	0.014430361080124854
-0.0008279603931722335	0.0035409533410466487	-0.0020812044583637945	0.008779013741436303	-0.014164486430484624	-0.002543975231001916	-0.0001253626366852778	0.014305542281009664
0.0006074557966502248	0.004102637937063669	-0.00220602325747854	0.030060618990540355	-0.014726171026501866	-0.002980841027904635	-5.438375705324461e-07	0.014492770479682449
-0.0006407321944992272	0.0046019131335233165	-0.0010202446658862385	0.016580188686122765	-0.014039667631369435	-0.002294337632772425	6.186556198750637e-05	0.015179273874814658
-0.0005783227949416325	0.0046019131335233165	-0.003017345451726161	0.011337799123293912	-0.014414124028714559	-0.001046149641621863	-5.438375705324461e-07	0.01461758927879675
0.00042022759797832876	0.0029792687450289623	-0.0043903522419905805	0.008279738544976212	-0.014164486430484624	0.000638904146430086	-0.00025018143580002317	0.01336940128764752
-0.0005783227949416325	0.0016062619547640988	-0.00451517104110577	0.003411805379492261	-0.01310352663800729	0.0025735955327119697	0.000124274961544657	0.012308441495169964
0.00054504639709263	-0.00032842943151734083	-0.00663709062606066	0.0020387985892278415	-0.012916298439334506	0.003572145925631709	-6.295323712723899e-05	0.009812065512870838
-0.0005783227949416325	-0.000515657630189903	-0.005576130833582882	0.0010402481963078802	-0.011668110448185054	0.00469551511766686	6.186556198750637e-05	0.009687246713755648
0.00054504639709263	0.00010843636538493406	-0.00470239923977811	0.0008530199976359842	-0.011543291649070087	0.0030104613296144667	0.000124274961544657	0.011434709901365192
-0.0005159133953844819	0.0012942149569770134	-0.00432794284243343	0.0003537448011754485	-0.012791479640220205	0.0013254075415620736	-0.00025018143580002317	0.01355662948631986
0.00042022759797832876	0.0031664969437017465	-0.0005833788689841857	0.0004161542007330432	-0.013852439432696873	1.481015085480486e-05	-6.295323712723899e-05	0.015990596069062057
0.0007322745957654142	0.005850101124673435	-0.000708197668098931	0.0006657917989634221	-0.013914848832254467	1.481015085480486e-05	0.000124274961544657	0.01686432766286683
-0.0006407321944992272	0.005850101124673435	-0.00027133187119665614	0.0003537448011754485	-0.013353164236237003	7.721955041239958e-05	-5.438375705324461e-07	0.01611541486817636
0.0004826369975350353	0.00453950373396661	-0.001956385659249049	0.0003537448011754485	-0.013790030033139722	0.0001396289499699943	-0.00025018143580002317	0.014055904682779508
-0.00045350399582688716	0.002667221747241655	-0.003454211248628658	0.0006033823994058274	-0.013165936037564663	0.0030104613296144667	0.0002490937606600685	0.01099784410446314
0.00054504639709263	0.0009821679591892618	-0.004015895844645678	0.00047856360029063794	-0.013228345437122258	0.004133830521649617	-0.0001253626366852778	0.010061703111100329
-0.0007655509936141947	-0.0006404764293055365	-0.005451312034467692	0.00022892600206025904	-0.013165936037564663	0.0066302065039489655	0.0002490937606600685	0.010623387707118015
0.0007322745957654142	-0.0005780670297479418	-0.005950587230927784	0.00029133540161785376	-0.014226895830041775	0.006505387704833998	-6.295323712723899e-05	0.011871575698267467
-0.0006407321944992272	0.0004828927627293922	-0.003828667645973338	0.0005409729998477886	-0.01528785562251933	0.005069971515011318	-0.0001253626366852778	0.01343181068720467
-0.00039109459626973653	0.004040228537506518	-0.0020812044583637945	0.0008530199976359842	-0.014476533428272154	0.004633105718109265	0.00037391255977481386	0.015428911473044371
0.0006074557966502248	0.005163597729541003	-0.0005209694694261469	0.0004161542007330432	-0.01428930522959937	0.002323957934482035	-6.295323712723899e-05	0.015616139671716711
-0.0005783227949416325	0.005600463526443278	-0.000708197668098931	0.0004161542007330432	-0.013540392434909343	0.001075769943332583	-5.438375705324461e-07	0.015491320872601966
0.0006698651962078195	0.005288416528656192	-0.0007706070676565258	0.0006657917989634221	-0.012167385644644924	0.0016374545393500473	6.186556198750637e-05	0.013306991888089481
-0.00045350399582688716	0.004726731932638506	-0.0005209694694261469	0.0006657917989634221	-0.011231244651282557	0.00188709213757976	-6.295323712723899e-05	0.01106025350402029
0.0004826369975350353	0.0024799935485688707	-0.003017345451726161	0.0004161542007330432	-0.010731969454822465	0.0049451527158965725	-6.295323712723899e-05	0.009687246713755648
-0.0005783227949416325	0.001169396157862046	-0.0035166206481862528	0.0006657917989634221	-0.01060715065570772	0.005382018512798847	0.00018668436110247377	0.00868869632083591
0.0006698651962078195	0.0002956645640570521	-0.004889627438450672	0.0005409729998477886	-0.010856788253937433	0.006380568905718809	-5.438375705324461e-07	0.008563877521720276
0.00042022759797832876	-0.00014120123284544484	-0.004140714643760868	0.00022892600206025904	-0.011480882249512492	0.005943703108816534	-0.0003125908353576179	0.00875110572039306
-0.00039109459626973653	0.0018558995529944777	-0.0023308420565932852	0.0007282011985203507	-0.011480882249512492	0.005444427912356442	0.00031150316021721913	0.010873025305347506
0.0006698651962078195	0.002417584149011276	-0.002393251456151324	0.0006033823994058274	-0.012167385644644924	0.0043210587203221795	0.000124274961544657	0.011621938100037976
-0.00089036979272894	0.0033537251423740866	-0.0008330164672141205	4.169780338836304e-05	-0.012229795044202074	0.003322508327401996	-0.0003125908353576179	0.01262048849295705
0.0006074557966502248	0.004352275535294048	-2.1694272966499284e-05	0.00047856360029063794	-0.012292204443759669	0.0019495015371373547	0.00031150316021721913	0.013057354289859546
-0.00039109459626973653	0.004289866135736231	-0.0005833788689841857	0.0006657917989634221	-0.011480882249512492	0.003135280128729656	-5.438375705324461e-07	0.011809166298710316
0.0004826369975350353	0.0034161345419314593	-0.0005833788689841857	0.0003537448011754485	-0.011356063450397302	0.0030104613296144667	-5.438375705324461e-07	0.01056097830756042
-0.0006407321944992272	0.0027296311467990275	-0.003266983049956096	0.0005409729998477886	-0.011480882249512492	0.004383468119878886	-0.0001253626366852778	0.009312790316410746
-0.00045350399582688716	0.0010445773587468565	-0.002455660855708919	0.0007906105980779454	-0.010544741256150125	0.005631656111028782	0.0004363219593319645	0.009125562117737962
0.00054504639709263	-7.879183328785011e-05	-0.0037038488468581487	0.0004161542007330432	-0.011480882249512492	0.005257199713684102	-0.00018777203624287253	0.0077525553274730985
-0.000703141594057044	4.602696582733934e-05	-0.004015895844645678	0.0004161542007330432	-0.011106425852167812	0.0061933407070460245	-0.0001253626366852778	0.008439058722605974
0.0007322745957654142	0.001169396157862046	-0.0021436138579213893	0.0006033823994058274	-0.010794378854380282	0.005694065510586377	0.000124274961544657	0.010061703111100329
-0.000703141594057044	0.0017310807538792883	-0.00220602325747854	0.0004161542007330432	-0.011418472849954897	0.004633105718109265	-0.0003125908353576179	0.01056097830756042
0.0004826369975350353	0.002417584149011276	-0.0018315668601338597	0.0003537448011754485	-0.010981607053052178	0.003946602322976833	0.00031150316021721913	0.011809166298710316
-0.00045350399582688716	0.003728181539718989	-8.410367252409401e-05	-8.312099572682641e-05	-0.012292204443759669	0.002323957934482035	-0.0005622284335875527	0.010623387707118015
0.00023299939930576663	0.0027296311467990275	-0.001145063465001428	0.0006033823994058274	-0.010981607053052178	0.004196239921206768	0.0002490937606600685	0.01118507230313548
0.00042022759797832876	0.002417584149011276	-0.0013947010632313628	0.0003537448011754485	-0.011418472849954897	0.003384917726959369	-0.0003125908353576179	0.009624837314198054
-0.00039109459626973653	0.0016686713543221376	-0.0022684326570361346	0.0007282011985203507	-0.010357513057477785	0.00469551511766686	0.00037391255977481386	0.009375199715968341
0.0004826369975350353	0.0002956645640570521	-0.0035166206481862528	0.00029133540161785376	-0.010482331856592975	0.004882743316338978	-0.00025018143580002317	0.007627736528358797
-0.0005159133953844819	0.0006077115618445816	-0.002830117253053377	0.0006033823994058274	-0.009733419061902948	0.005257199713684102	0.000124274961544657	0.007128461331898706
0.0007322745957654142	-0.0004532482306327523	-0.003828667645973338	0.0006657917989634221	-0.009983056660132883	0.005631656111028782	-0.0001253626366852778	0.007440508329686013
-0.000703141594057044	-0.00039083883107537964	-0.0033293924495134686	0.00029133540161785376	-0.01060715065570772	0.0055692467114711874	-6.295323712723899e-05	0.00806460232526085
0.0006074557966502248	0.00042048336317179746	-0.0021436138579213893	0.00047856360029063794	-0.010919197653495472	0.005257199713684102	-5.438375705324461e-07	0.009187971517295557
-0.0006407321944992272	0.0012318055574194187	-0.001145063465001428	0.0006033823994058274	-0.010731969454822465	0.005257199713684102	6.186556198750637e-05	0.009812065512870838
-0.0006407321944992272	0.00260481234768406	-0.00027133187119665614	0.0003537448011754485	-0.010981607053052178	0.004445877519436481	-5.438375705324461e-07	0.010248931309773113
0.0006074557966502248	0.0024799935485688707	-0.0010202446658862385	0.0004161542007330432	-0.011044016452610217	0.0036345553251897478	-0.00018777203624287253	0.009874474912427988
-0.0005159133953844819	0.0029168593454713676	4.071512659065135e-05	0.0006033823994058274	-0.009421372064115419	0.004133830521649617	0.00018668436110247377	0.009812065512870838
0.0007946839953225648	0.0027296311467990275	-0.0002089224716390614	0.0005409729998477886	-0.00917173446588504	0.0028232331309421266	0.000124274961544657	0.00818942112437604
-0.0007655509936141947	0.0014190337560917587	-0.0018939762596914544	0.00047856360029063794	-0.00917173446588504	0.003572145925631709	6.186556198750637e-05	0.007565327128800758
0.0006698651962078195	0.001169396157862046	-0.0015819292619037029	0.0005409729998477886	-0.009296553265000673	0.00469551511766686	-5.438375705324461e-07	0.007253280131013229
-0.000703141594057044	0.0006701209614021764	-0.00220602325747854	0.0004161542007330432	-0.009608600262788203	0.005818884309701566	-0.0001253626366852778	0.007066051932340667
0.00054504639709263	-0.00014120123284544484	-0.0015195198623461081	0.0006657917989634221	-0.008922096867655771	0.006567797104391371	0.000124274961544657	0.008002192925703477
0.0007946839953225648	0.001169396157862046	-0.0015195198623461081	0.0007282011985203507	-0.0092341438654433	0.005444427912356442	0.0002490937606600685	0.008314239923490785
-0.0005783227949416325	0.0014814431556493535	-0.0013947010632313628	0.00047856360029063794	-0.009046915666770516	0.005444427912356442	6.186556198750637e-05	0.00875110572039306
0.00054504639709263	0.00260481234768406	4.071512659065135e-05	0.00047856360029063794	-0.008922096867655771	0.004196239921206768	-0.0001253626366852778	0.008875924519508027
-0.0006407321944992272	0.0029168593454713676	4.071512659065135e-05	0.00047856360029063794	-0.00842282167119568	0.0030104613296144667	6.186556198750637e-05	0.00837664932304838
0.0006698651962078195	0.0025424029481264654	-0.00014651307208168873	0.00047856360029063794	-0.00798595587429296	0.0030104613296144667	-5.438375705324461e-07	0.008002192925703477
-0.0006407321944992272	0.0029792687450289623	0.00022794332526299144	0.0004161542007330432	-0.00798595587429296	0.0023863673340396296	0.00018668436110247377	0.007440508329686013
0.0007946839953225648	0.001980718352109445	-0.0008330164672141205	4.169780338836304e-05	-0.00842282167119568	0.003572145925631709	-0.0003750002349152126	0.006379548537208457
-0.00089036979272894	0.00035807396361464683	-0.0017067480610186703	0.0005409729998477886	-0.00811077467340815	0.004196239921206768	0.000124274961544657	0.006129910938978744
-0.0005783227949416325	-0.000515657630189903	-0.003079754851283756	0.0005409729998477886	-0.008859687468097732	0.005382018512798847	6.186556198750637e-05	0.006379548537208457
0.0007322745957654142	-0.000515657630189903	-0.0027052984539386316	0.0007282011985203507	-0.008797278068540582	0.0066302065039489655	0.0002490937606600685	0.0065043673363236465
-0.0007655509936141947	-7.879183328785011e-05	-0.001769157460576487	0.0001665166025035525	-0.009920647260575288	0.006380568905718809	-0.00025018143580002317	0.007066051932340667
0.0007322745957654142	0.0009197585596316671	-0.0017067480610186703	0.0007282011985203507	-0.01066956005526487	0.006380568905718809	6.186556198750637e-05	0.009437609115525936
-0.0006407321944992272	0.001980718352109445	-0.0004585600698694403	0.0005409729998477886	-0.01041992245703538	0.0060061125083741285	-0.0003750002349152126	0.009187971517295557
0.0002954087988631393	0.002667221747241655	0.00010312452614824608	0.0001665166025035525	-0.01029510365792019	0.0032600989278444015	-5.438375705324461e-07	0.009562427914640459
-0.0005159133953844819	0.003041678144586557	-8.410367252409401e-05	0.00047856360029063794	-0.009358962664557824	0.003322508327401996	-6.295323712723899e-05	0.008813515119950655
0.00054504639709263	0.0029792687450289623	-0.00033374127075425086	0.00047856360029063794	-0.00842282167119568	0.002511186133154375	0.000124274961544657	0.007877374126588288
0.00054504639709263	0.0008573491600745164	-0.0023308420565932852	0.00047856360029063794	-0.008360412271638085	0.0028232331309421266	-6.295323712723899e-05	0.006566776735880797
-0.0005159133953844819	0.0002956645640570521	-0.0021436138579213893	0.0006033823994058274	-0.007299452479160973	0.004133830521649617	0.00018668436110247377	0.006129910938978744
0.0006074557966502248	-0.0004532482306327523	-0.002642889054381259	0.0005409729998477886	-0.00761149947694828	0.0034473271265169636	6.186556198750637e-05	0.005318588744731567
-0.0008279603931722335	-0.001139751625764962	-0.003391801849070619	0.0001665166025035525	-0.00842282167119568	0.005007562115454167	-0.00025018143580002317	0.006192320338536339
0.00054504639709263	-7.879183328785011e-05	-0.0015819292619037029	0.0004161542007330432	-0.008610049869868242	0.005382018512798847	0.000124274961544657	0.007440508329686013
-0.0005783227949416325	0.0014190337560917587	-0.0008954258667712711	0.00047856360029063794	-0.009296553265000673	0.004445877519436481	0.00018668436110247377	0.008314239923490785
0.0006698651962078195	0.001980718352109445	-0.0004585600698694403	0.0003537448011754485	-0.009358962664557824	0.003135280128729656	-6.295323712723899e-05	0.00875110572039306
-0.000703141594057044	0.0032289063432593412	0.000727218521722639	0.0006657917989634221	-0.009483781463673013	0.002074320336252544	0.000124274961544657	0.008813515119950655
-0.000703141594057044	0.0021055371512241905	-0.00033374127075425086	0.0001665166025035525	-0.0092341438654433	0.002698414331826937	-0.00025018143580002317	0.007877374126588288
0.00054504639709263	0.0019183089525518504	-0.00027133187119665614	0.00029133540161785376	-0.008672459269425392	0.0020119109366945054	-0.00018777203624287253	0.006691595534996431
-0.00039109459626973653	0.001169396157862046	-0.0012074728645585786	0.0007906105980779454	-0.008485231070753052	0.003384917726959369	0.0002490937606600685	0.006941233133225921
0.0006074557966502248	-0.00032842943151734083	-0.0022684326570361346	0.0006033823994058274	-0.008485231070753052	0.004757924517224454	0.00018668436110247377	0.0052561793451739725
-0.0008279603931722335	-0.00032842943151734083	-0.0018315668601338597	0.0001665166025035525	-0.008672459269425392	0.004196239921206768	-6.295323712723899e-05	0.00575545454163362
0.00054504639709263	-0.0005780670297479418	-0.0020812044583637945	0.00047856360029063794	-0.007861137075177771	0.005506837311914037	0.0004363219593319645	0.006941233133225921
-0.00045350399582688716	0.0006701209614021764	-0.0008954258667712711	0.00029133540161785376	-0.008859687468097732	0.004009011722533984	-0.0003125908353576179	0.007003642532783516
0.0004826369975350353	0.0014190337560917587	-2.1694272966499284e-05	0.0003537448011754485	-0.009483781463673013	0.004196239921206768	-6.295323712723899e-05	0.00825183052393319
0.0006074557966502248	0.0029792687450289623	0.00047758092349337034	0.0005409729998477886	-0.009858237861017471	0.004820333916781605	-6.295323712723899e-05	0.008875924519508027
-0.00045350399582688716	0.0035409533410466487	0.0011016749190682074	0.0007282011985203507	-0.009483781463673013	0.004820333916781605	0.00037391255977481386	0.009375199715968341
0.0006074557966502248	0.0021055371512241905	-0.0008954258667712711	0.0003537448011754485	-0.010170284858805001	0.004258649320764141	-0.0001253626366852778	0.00837664932304838
-0.0008279603931722335	0.001793490153436661	-0.0010202446658862385	0.00022892600206025904	-0.009296553265000673	0.0051323809145689125	-0.00025018143580002317	0.007253280131013229
0.0007322745957654142	0.0016686713543221376	-0.0008330164672141205	0.0007282011985203507	-0.00823559347252334	0.0045082869189940755	-0.00018777203624287253	0.006254729738093934
-0.0007655509936141947	4.602696582733934e-05	-0.002455660855708919	0.00022892600206025904	-0.007174633680045783	0.00457069631855167	-5.438375705324461e-07	0.005693045142076469
0.0006074557966502248	0.00042048336317179746	-0.0015819292619037029	0.0006657917989634221	-0.006987405481372999	0.004009011722533984	0.0002490937606600685	0.006254729738093934
-0.0005159133953844819	0.0008573491600745164	-0.0015819292619037029	0.0007282011985203507	-0.007424271278275718	0.00457069631855167	0.00031150316021721913	0.0065043673363236465
-0.000703141594057044	0.0013566243565346081	-0.0005833788689841857	0.0003537448011754485	-0.007923546474736254	0.0043210587203221795	-6.295323712723899e-05	0.006878823733668327
0.00042022759797832876	0.0016062619547640988	-0.000708197668098931	0.0003537448011754485	-0.009483781463673013	0.003821783523862088	-0.0003125908353576179	0.007315689530571268
-0.0003286851967121418	0.0018558995529944777	-0.0004585600698694403	0.0009154293971931349	-0.00917173446588504	0.005818884309701566	0.00037391255977481386	0.00875110572039306
0.0002954087988631393	0.0016062619547640988	-0.0005209694694261469	0.0001665166025035525	-0.010045466059690256	0.004633105718109265	-0.0003750002349152126	0.007814964727031137
-0.0006407321944992272	0.0014814431556493535	-0.000708197668098931	0.0003537448011754485	-0.010045466059690256	0.004633105718109265	6.186556198750637e-05	0.007378098930128418
0.0006074557966502248	0.0011069867583042292	-0.0012074728645585786	0.0006657917989634221	-0.008485231070753052	0.004757924517224454	0.00018668436110247377	0.007066051932340667
-0.0005159133953844819	0.0014190337560917587	-8.410367252409401e-05	0.00029133540161785376	-0.00917173446588504	0.003322508327401996	-0.00018777203624287253	0.006005092139863555
0.0004826369975350353	0.0006701209614021764	-0.0010826540654440553	0.00047856360029063794	-0.008360412271638085	0.004071421122091579	6.186556198750637e-05	0.0063171391376515285
0.0007946839953225648	0.0013566243565346081	-0.00014651307208168873	0.0007282011985203507	-0.008048365273850555	0.003322508327401996	0.00018668436110247377	0.006192320338536339
-0.0005159133953844819	0.0012318055574194187	-0.0008954258667712711	0.0005409729998477886	-0.008360412271638085	0.0031976895282868067	0.00018668436110247377	0.006566776735880797
0.0004826369975350353	0.0010445773587468565	-0.0010202446658862385	0.0004161542007330432	-0.008922096867655771	0.004009011722533984	-0.0003125908353576179	0.006441957936766274
-0.0005159133953844819	0.001980718352109445	0.00022794332526299144	0.0006657917989634221	-0.008922096867655771	0.004633105718109265	0.0002490937606600685	0.007066051932340667
0.00042022759797832876	0.0010445773587468565	-0.0013322916636742121	0.00022892600206025904	-0.01041992245703538	0.0045082869189940755	-0.0001253626366852778	0.007502917729243608
-0.0007655509936141947	0.0012942149569770134	-0.0010202446658862385	0.0001665166025035525	-0.010232694258362596	0.004820333916781605	-0.0001253626366852778	0.007253280131013229
0.00054504639709263	0.0018558995529944777	-0.000708197668098931	0.0007282011985203507	-0.00967100966234491	0.005506837311914037	0.00031150316021721913	0.0077525553274730985
-0.00045350399582688716	0.0014190337560917587	-0.0008330164672141205	0.00029133540161785376	-0.009608600262788203	0.00457069631855167	-0.00025018143580002317	0.0063171391376515285
-0.000703141594057044	0.001980718352109445	-0.0002089224716390614	0.0004161542007330432	-0.009046915666770516	0.0036969647247468984	-6.295323712723899e-05	0.006566776735880797
0.0008570933948799375	0.001543852555206504	-0.0008330164672141205	0.0007906105980779454	-0.008734868668982987	0.004009011722533984	0.00031150316021721913	0.006754004934553581
-0.00089036979272894	0.0012942149569770134	-0.0012074728645585786	0.00010410720294595777	-0.009109325066328111	0.003322508327401996	-0.0003125908353576179	0.006005092139863555
0.0007322745957654142	0.0014814431556493535	-0.0008330164672141205	0.0004161542007330432	-0.009608600262788203	0.003946602322976833	-6.295323712723899e-05	0.007128461331898706
-0.0006407321944992272	0.0006701209614021764	-0.0021436138579213893	0.00047856360029063794	-0.010856788253937433	0.005881293709258939	0.000124274961544657	0.007378098930128418
0.0007322745957654142	0.0008573491600745164	-0.0014571104627889575	0.0006657917989634221	-0.01185533864685695	0.007878394495098862	-5.438375705324461e-07	0.007814964727031137
-0.0005783227949416325	0.0009197585596316671	-0.0015195198623461081	0.00047856360029063794	-0.013041117238449473	0.00856489789023085	-0.0001253626366852778	0.00825183052393319
0.00054504639709263	0.000732530360959327	-0.0008330164672141205	0.0006033823994058274	-0.01260425144154742	0.009251401285362837	0.00018668436110247377	0.00900074331862366
0.0006074557966502248	0.001793490153436661	-0.0008954258667712711	0.0004161542007330432	-0.013602801834467382	0.008315260292001359	-0.0001253626366852778	0.008813515119950655
-0.000703141594057044	0.0021679465507817852	-0.0010826540654440553	0.00047856360029063794	-0.013041117238449473	0.008689716689346039	-6.295323712723899e-05	0.009250380916853151
0.0007322745957654142	0.0027920405463566222	0.0001655339257058408	0.0006657917989634221	-0.011668110448185054	0.00806562269377098	0.00018668436110247377	0.008938333919066066
-0.0007655509936141947	0.0024799935485688707	-0.0008330164672141205	0.00029133540161785376	-0.011605701048627681	0.006318159506161658	-0.0001253626366852778	0.007627736528358797
0.0006074557966502248	0.0017310807538792883	-0.0017067480610186703	0.0004161542007330432	-0.011106425852167812	0.0066302065039489655	0.00018668436110247377	0.007690145927915948
-0.0005159133953844819	0.0018558995529944777	-0.001145063465001428	0.0006657917989634221	-0.011044016452610217	0.007441528698196143	-0.0001253626366852778	0.006878823733668327
0.00054504639709263	0.0006701209614021764	-0.002642889054381259	0.0004161542007330432	-0.010794378854380282	0.009251401285362837	0.000124274961544657	0.007253280131013229
-0.0005159133953844819	0.00042048336317179746	-0.0020812044583637945	0.0004161542007330432	-0.011106425852167812	0.00918899188580613	-0.00025018143580002317	0.007066051932340667
-0.0005159133953844819	0.0011069867583042292	-0.001956385659249049	0.0006657917989634221	-0.011168835251724962	0.009625857682708405	0.00031150316021721913	0.00806460232526085
0.0004826369975350353	0.0013566243565346081	-0.0017067480610186703	0.00029133540161785376	-0.011418472849954897	0.009251401285362837	-0.00025018143580002317	0.007877374126588288
-0.00045350399582688716	0.0031040875441437077	4.071512659065135e-05	0.0006033823994058274	-0.010856788253937433	0.008315260292001359	0.00018668436110247377	0.00862628692127787
0.0006074557966502248	0.002417584149011276	-0.0009578352663288658	0.00047856360029063794	-0.011730519847742649	0.007566347497310888	-6.295323712723899e-05	0.00837664932304838
-0.0005159133953844819	0.002667221747241655	-0.0006457882685413363	0.0006033823994058274	-0.010357513057477785	0.007878394495098862	-0.00025018143580002317	0.006878823733668327
0.00042022759797832876	0.0021679465507817852	-0.0010826540654440553	0.00029133540161785376	-0.010544741256150125	0.007566347497310888	-6.295323712723899e-05	0.006941233133225921
-0.0006407321944992272	0.0010445773587468565	-0.0027052984539386316	0.0007282011985203507	-0.009608600262788203	0.008003213294213607	0.00018668436110247377	0.0063171391376515285
0.0006698651962078195	0.0006077115618445816	-0.002767707853495782	0.0004161542007330432	-0.009858237861017471	0.008689716689346039	6.186556198750637e-05	0.005880273340748365
0.0006698651962078195	-0.0008901140275350272	-0.003953486445088528	0.0006033823994058274	-0.01041992245703538	0.00875212608890319	-5.438375705324461e-07	0.005693045142076469
-0.0005783227949416325	-7.879183328785011e-05	-0.0025180702552660694	0.00047856360029063794	-0.009858237861017471	0.009376220084478026	6.186556198750637e-05	0.00594268274030596
0.00054504639709263	0.0002956645640570521	-0.0017067480610186703	0.0003537448011754485	-0.01060715065570772	0.00875212608890319	-0.0001253626366852778	0.0060675015394211496
-0.0007655509936141947	0.0012318055574194187	-0.0016443386614612976	0.0003537448011754485	-0.010794378854380282	0.007940803894655568	-0.00018777203624287253	0.007190870731455856
0.0009195027944381984	0.0025424029481264654	0.000352762124378625	0.0008530199976359842	-0.009608600262788203	0.008003213294213607	-0.0003750002349152126	0.006566776735880797
-0.0008279603931722335	0.002667221747241655	-8.410367252409401e-05	0.00010410720294595777	-0.009733419061902948	0.006318159506161658	-6.295323712723899e-05	0.006629186135438836
0.0006698651962078195	0.0022927653498965306	-0.0008954258667712711	0.0005409729998477886	-0.008610049869868242	0.006755025303063711	0.000124274961544657	0.006192320338536339
-0.0005783227949416325	0.0022927653498965306	-0.00220602325747854	0.00010410720294595777	-0.0092341438654433	0.005881293709258939	-0.0003750002349152126	0.004881722947828848
-0.00039109459626973653	0.00035807396361464683	-0.0028925266526109716	0.0007282011985203507	-0.00823559347252334	0.007815985095541267	0.00037391255977481386	0.005193769945616378
0.0004826369975350353	4.602696582733934e-05	-0.002830117253053377	0.0004161542007330432	-0.00811077467340815	0.007191891099965986	-0.00018777203624287253	0.004007991354024298
-0.0005159133953844819	-0.00014120123284544484	-0.0028925266526109716	0.0006033823994058274	-0.00773631827606347	0.007441528698196143	0.00018668436110247377	0.0043824477513687565
0.00042022759797832876	-0.00032842943151734083	-0.0029549360521685664	0.00022892600206025904	-0.007673908876505875	0.006755025303063711	-0.00025018143580002317	0.00450726655048439
-0.0005783227949416325	0.0014190337560917587	-0.000708197668098931	0.0006657917989634221	-0.006550539684470502	0.006130931307488874	-6.295323712723899e-05	0.0041952195526964164
0.0006698651962078195	0.0016062619547640988	-0.0008954258667712711	0.0005409729998477886	-0.006051264488011077	0.00457069631855167	-5.438375705324461e-07	0.0043824477513687565
-0.000703141594057044	0.0016062619547640988	-0.0005209694694261469	0.00022892600206025904	-0.00561439869110858	0.002948051930056872	-0.00025018143580002317	0.0036335349566796182
0.0004826369975350353	0.0019183089525518504	-0.0008330164672141205	0.0005409729998477886	-0.005177532894206083	0.0030728707291716173	6.186556198750637e-05	0.0037583537557939195
0.0006074557966502248	0.0002956645640570521	-0.0012698822641166174	0.0005409729998477886	-0.0041789825012865656	0.003384917726959369	-5.438375705324461e-07	0.002634984563759657
-0.0007655509936141947	0.00010843636538493406	-0.0010826540654440553	0.0004161542007330432	-0.0033676603070389444	0.002511186133154375	-6.295323712723899e-05	0.0018236623695120358
0.00054504639709263	-0.0009525234270926219	-0.00220602325747854	0.0004161542007330432	-0.0033052509074813496	0.00226154853492444	-0.0001253626366852778	0.0010747495748220093
-0.00039109459626973653	-0.00032842943151734083	-0.001145063465001428	0.0006657917989634221	-0.0016826065189869954	0.0025735955327119697	0.00031150316021721913	0.0008251119765918524
0.00054504639709263	0.0001708457649420847	-0.0003961506703118456	0.00047856360029063794	-0.0016201971194289566	0.0016374545393500473	6.186556198750637e-05	0.001324387173051944
-0.0006407321944992272	0.00010843636538493406	-0.0005833788689841857	0.0004161542007330432	-0.001120921922969309	0.0012005887424473283	-6.295323712723899e-05	0.001386796572609983
0.0006698651962078195	0.0014190337560917587	0.0006648091221659325	0.0007282011985203507	-0.000496827927394472	0.0008261323451024261	0.00037391255977481386	0.002198118766856716
-0.00045350399582688716	0.0021679465507817852	0.00047758092349337034	0.0004161542007330432	-0.001120921922969309	0.000202038349527367	-0.0001253626366852778	0.0014492059721675776
-0.0006407321944992272	0.001543852555206504	0.001164084318625802	0.0005409729998477886	0.00012726606818014297	0.0002644477490849617	-6.295323712723899e-05	0.001137158974380048
0.0007322745957654142	0.0014190337560917587	0.0009144467203954232	0.0007282011985203507	0.00075136006375498	-0.0006716932442776269	0.00018668436110247377	0.0006378837779195123
-0.0009527791922869788	-0.0002660200319606343	-0.0003961506703118456	0.00010410720294595777	0.0006265412646397905	-0.0005468744451619933	-0.00043740963447236325	-0.0002358478158852595
0.0006074557966502248	0.000545302162287431	0.0008520373208382725	0.0006657917989634221	0.001999548054904654	-0.0005468744451619933	0.000124274961544657	-0.0004230760145571555
-0.0005159133953844819	0.0006701209614021764	0.0006648091221659325	0.0006657917989634221	0.0023740044522502224	-0.0014206060389672093	-0.00018777203624287253	-0.0008599418114596524
0.0004826369975350353	-7.879183328785011e-05	4.071512659065135e-05	0.0004161542007330432	0.0029980984478246153	-0.0016078342376395494	0.000124274961544657	-0.0004854854141156384
-0.00045350399582688716	0.001169396157862046	0.0013513125172981422	0.0005409729998477886	0.002061957454462693	-0.002107109434099419	-6.295323712723899e-05	-0.0004230760145571555
0.00054504639709263	0.0009821679591892618	0.0007896279212811219	0.0007906105980779454	0.002249185653135033	-0.00042205564604747003	0.00037391255977481386	0.0003258367801324269
0.00054504639709263	0.0009197585596316671	0.0008520373208382725	0.0003537448011754485	0.0012506352602155157	-0.001046149641621863	-0.00025018143580002317	-0.00036066661500000485
-0.0007655509936141947	0.0002956645640570521	-0.00014651307208168873	0.0003537448011754485	-0.00030959972872168784	1.481015085480486e-05	-0.0001253626366852778	0.0005754743783619176
0.0007322745957654142	4.602696582733934e-05	-0.00014651307208168873	0.0006033823994058274	-0.0011833313225269038	0.0019495015371373547	0.000124274961544657	0.001137158974380048
-0.000703141594057044	0.00035807396361464683	0.000352762124378625	0.0004161542007330432	-0.0025563381127917673	0.002511186133154375	6.186556198750637e-05	0.0025725751642020622
0.0006074557966502248	-7.879183328785011e-05	-0.0003961506703118456	0.00047856360029063794	-0.004990304695533299	0.0036345553251897478	-5.438375705324461e-07	0.0036959443562363248
-0.000703141594057044	0.0001708457649420847	-2.1694272966499284e-05	0.00047856360029063794	-0.006987405481372999	0.00575647491014375	6.186556198750637e-05	0.0041952195526964164
0.0006074557966502248	0.0010445773587468565	0.0006023997226083377	0.00047856360029063794	-0.00829800287208049	0.006505387704833998	6.186556198750637e-05	0.004944132347386443
-0.0005783227949416325	0.0009821679591892618	-0.0006457882685413363	0.00029133540161785376	-0.009358962664557824	0.007316709899081175	-0.0003125908353576179	0.005068951146501188
-0.00045350399582688716	0.0022927653498965306	-0.00027133187119665614	0.0006033823994058274	-0.010482331856592975	0.009064173086690941	0.0002490937606600685	0.006691595534996431
0.00042022759797832876	0.0011069867583042292	-0.00220602325747854	0.00029133540161785376	-0.013290754836679852	0.01074922687474289	-0.00025018143580002317	0.006878823733668327
-0.000703141594057044	0.0011069867583042292	-0.0018315668601338597	0.00022892600206025904	-0.013540392434909343	0.012247052464122943	-0.00018777203624287253	0.007253280131013229
0.0006698651962078195	0.001543852555206504	-0.0017067480610186703	0.0006033823994058274	-0.013415573635794598	0.01187259606677804	-5.438375705324461e-07	0.007627736528358797
-0.00045350399582688716	0.0009197585596316671	-0.0020812044583637945	0.0006657917989634221	-0.013165936037564663	0.012247052464122943	-0.0001253626366852778	0.006754004934553581
0.0004826369975350353	0.0008573491600745164	-0.0014571104627889575	0.0003537448011754485	-0.012479432642432231	0.00918899188580613	-0.00018777203624287253	0.006816414334111176
-0.0008279603931722335	0.0016686713543221376	-0.0008954258667712711	0.0006033823994058274	-0.011543291649070087	0.00875212608890319	0.000124274961544657	0.006754004934553581
0.0006698651962078195	0.0013566243565346081	-0.00014651307208168873	0.0001665166025035525	-0.010482331856592975	0.0068798441021789	-0.0003125908353576179	0.005817863941191659
0.0007322745957654142	0.0022927653498965306	0.0001655339257058408	0.0006033823994058274	-0.009546190863230608	0.0060061125083741285	-5.438375705324461e-07	0.005693045142076469
-0.0006407321944992272	0.001543852555206504	-0.0012074728645585786	0.00047856360029063794	-0.008922096867655771	0.006255750106603619	-5.438375705324461e-07	0.005630635742519097
0.0006074557966502248	0.0016062619547640988	-0.001145063465001428	0.0006033823994058274	-0.008048365273850555	0.006567797104391371	6.186556198750637e-05	0.004881722947828848
-0.0007655509936141947	0.00042048336317179746	-0.002455660855708919	0.0003537448011754485	-0.008922096867655771	0.007379119298638548	-0.00018777203624287253	0.00450726655048439
0.0007946839953225648	-0.0002660200319606343	-0.0033293924495134686	0.0007282011985203507	-0.008485231070753052	0.008315260292001359	-0.0001253626366852778	0.00394558195446626
-0.0006407321944992272	-0.0004532482306327523	-0.0027052984539386316	0.00022892600206025904	-0.007923546474736254	0.007940803894655568	-0.0001253626366852778	0.0037583537557939195
0.00054504639709263	-0.000515657630189903	-0.0025180702552660694	0.0007282011985203507	-0.005926445688896109	0.006755025303063711	0.00037391255977481386	0.004007991354024298
-0.00045350399582688716	0.00010843636538493406	0.0001655339257058408	0.0004161542007330432	-0.0046158482981890625	0.004383468119878886	-6.295323712723899e-05	0.003009440961104337
-0.0007655509936141947	0.0012942149569770134	0.000539990323050743	0.0001665166025035525	-0.003679707304826474	0.002074320336252544	-0.00025018143580002317	0.0026973939633168076
0.0004826369975350353	0.0016686713543221376	0.0007896279212811219	0.00047856360029063794	-0.002369109914119427	0.001450226340677263	-0.00018777203624287253	0.002385346965529056
-0.0002662757971545471	0.00260481234768406	0.0021002253119881686	0.0009778387967507296	-0.0002471903291645372	0.001450226340677263	0.0005611407584471539	0.002634984563759657
0.00054504639709263	0.001169396157862046	-0.0002089224716390614	0.00029133540161785376	-0.0014329689207570606	0.0002644477490849617	-0.00025018143580002317	0.0008251119765918524
-0.0007655509936141947	0.0004828927627293922	-0.0012074728645585786	0.00022892600206025904	-0.000496827927394472	0.001262998142004479	0.00037391255977481386	0.0005130649788043229
0.0008570933948799375	0.0006701209614021764	-0.000708197668098931	0.0007906105980779454	-0.00018478092960738657	0.0026360049322695644	-0.0001253626366852778	0.00020101798101723745
-0.0007655509936141947	-0.0007028858288626871	-0.002393251456151324	0.00047856360029063794	0.0006889506641973853	0.002948051930056872	-5.438375705324461e-07	-0.00017343841632766477
0.0006074557966502248	-0.0005780670297479418	-0.00014651307208168873	0.0006657917989634221	0.0015002728584454506	0.00188709213757976	0.000124274961544657	0.00020101798101723745
0.0006698651962078195	0.0006077115618445816	0.00022794332526299144	0.0007282011985203507	0.001812319856232314	0.000202038349527367	0.0002490937606600685	0.00020101798101723745
-0.000703141594057044	0.001169396157862046	0.0019129971133153845	0.0003537448011754485	0.00268605145003753	-0.0007965120433923722	-0.00018777203624287253	-4.861961721247532e-05
0.0006074557966502248	0.002417584149011276	0.0029115475062351237	0.0006033823994058274	0.0031229172469398048	-0.003542525623921877	-6.295323712723899e-05	-0.0002358478158852595
-0.0006407321944992272	0.0018558995529944777	0.002412272309775476	0.00047856360029063794	0.0036221924433998964	-0.004416257217726427	0.000124274961544657	-0.0013592170079199661
0.00054504639709263	0.0012942149569770134	0.0023498629102183255	0.0003537448011754485	0.004371105238089923	-0.004478666617284244	-5.438375705324461e-07	-0.0013592170079199661
-0.000703141594057044	0.0013566243565346081	0.0012889031177405474	0.00047856360029063794	0.003060507847382654	-0.002107109434099419	0.00018668436110247377	-0.0014216264074773388
0.0007322745957654142	-0.0007028858288626871	-0.0007706070676565258	0.00022892600206025904	0.0023740044522502224	-0.000858921442949967	-6.295323712723899e-05	-0.0018584922043796137
-0.0008279603931722335	-0.0012645704248801515	-0.0014571104627889575	0.0004161542007330432	0.0008761788628701694	0.0003892665481997071	-0.0001253626366852778	-0.0017336734052644243
-0.0005159133953844819	-0.0014517986235527136	-0.0012698822641166174	0.0006657917989634221	0.0005017224655254893	0.002074320336252544	0.00018668436110247377	-0.0005478948136723449
0.0006698651962078195	0.00010843636538493406	0.0006023997226083377	0.0006033823994058274	0.0006889506641973853	0.0005140853473148965	0.000124274961544657	-0.0004230760145571555
-0.0005783227949416325	0.0010445773587468565	0.0016633595150858937	0.00047856360029063794	-0.00018478092960738657	-0.0002972368469327247	0.000124274961544657	0.0006378837779195123
0.0004826369975350353	0.001169396157862046	0.002225044111102692	0.0003537448011754485	-0.0008712843247398183	-0.001233377840294425	-0.0003125908353576179	0.0012619777734947935
-0.0005159133953844819	0.0025424029481264654	0.003910097899155085	0.0006657917989634221	0.0005017224655254893	-0.0019822906349846736	-0.00018777203624287253	0.0008875213761498912
0.00054504639709263	0.00223035595033938	0.0025995005084482603	0.0003537448011754485	-0.0012457407220844985	-0.0005468744451619933	-5.438375705324461e-07	0.0011995683739371987
-0.0006407321944992272	0.0008573491600745164	0.0015385407159707043	0.0005409729998477886	-0.001745015918544146	0.0004516759477573018	-6.295323712723899e-05	0.0007627025770347018
0.00054504639709263	0.000545302162287431	-0.001956385659249049	0.0001665166025035525	-0.004678257697746213	0.0028232331309421266	-0.00025018143580002317	0.001386796572609983
0.0006698651962078195	-0.0014517986235527136	-0.0023308420565932852	0.00047856360029063794	-0.0069249960818160705	0.007503938097753737	-5.438375705324461e-07	0.0025725751642020622
-0.0005159133953844819	0.00010843636538493406	-0.0017067480610186703	0.0006033823994058274	-0.009483781463673013	0.009875495280938562	0.000124274961544657	0.004756904148713881
0.0006074557966502248	0.0002956645640570521	-0.00220602325747854	0.00047856360029063794	-0.013165936037564663	0.011810186667220002	6.186556198750637e-05	0.006629186135438836
-0.0007655509936141947	0.0010445773587468565	-0.0013947010632313628	0.00022892600206025904	-0.015475083821192115	0.014056925051290081	-0.00018777203624287253	0.010311340709330263
0.0006074557966502248	0.003041678144586557	-0.00027133187119665614	0.0005409729998477886	-0.01765941280570371	0.014493790848192134	0.00018668436110247377	0.01224603209561237
-0.0005159133953844819	0.002854449945914217	-0.000708197668098931	0.0006033823994058274	-0.021154339180923465	0.017427032627394423	-0.00025018143580002317	0.012433260294285153
0.0004826369975350353	0.0023551747494545694	-0.0009578352663288658	0.00047856360029063794	-0.022527345971188106	0.0182383548216416	-6.295323712723899e-05	0.01324458248853233
-0.0005783227949416325	0.0027920405463566222	-0.0035790300477434034	0.0007282011985203507	-0.024274809158797428	0.020422683806154085	0.0002490937606600685	0.013931085883664318
-0.0006407321944992272	0.0006701209614021764	-0.004577580440663365	0.00022892600206025904	-0.025335768951274984	0.022357375192435747	-0.00018777203624287253	0.013743857684992422
0.00054504639709263	0.000732530360959327	-0.00470239923977811	0.0005409729998477886	-0.026271909944636906	0.023418334984913303	-6.295323712723899e-05	0.01336940128764752
-0.00045350399582688716	0.0006701209614021764	-0.005201674436238202	0.0006033823994058274	-0.026022272346407416	0.023855200781815356	0.00018668436110247377	0.013993495283222357
0.00035781819842028995	0.0010445773587468565	-0.004889627438450672	0.0001665166025035525	-0.025835044147735076	0.022607012790666126	-0.0003125908353576179	0.013993495283222357
-0.0005783227949416325	0.0023551747494545694	-0.003641439447300998	0.00029133540161785376	-0.02521095015216024	0.022107737594206034	-6.295323712723899e-05	0.014055904682779508
0.0006698651962078195	0.0027920405463566222	-0.0037662582464157435	0.0006033823994058274	-0.02327625876587769	0.021109187201286073	0.00018668436110247377	0.014305542281009664
-0.00045350399582688716	0.0031664969437017465	-0.0025180702552660694	0.00010410720294595777	-0.023837943361895375	0.019486542812791274	-0.0003750002349152126	0.01324458248853233
0.00035781819842028995	0.00260481234768406	-0.0035790300477434034	0.0007906105980779454	-0.022277708372957727	0.020297865007038896	0.00031150316021721913	0.013931085883664318
0.00054504639709263	0.0017310807538792883	-0.0037662582464157435	0.0005409729998477886	-0.021403976779152956	0.019424133413234124	-0.0001253626366852778	0.012495669693842748
-0.0008279603931722335	0.0009821679591892618	-0.004764808639335705	0.00022892600206025904	-0.021091929781365426	0.018675220618543653	-0.00025018143580002317	0.011684347499595571
0.0006074557966502248	0.0004828927627293922	-0.005139265036680607	0.0003537448011754485	-0.019843741790216196	0.018550401819429352	-6.295323712723899e-05	0.010810615905790355
-0.00039109459626973653	0.0012942149569770134	-0.003891077045530489	0.0007282011985203507	-0.018158688002164247	0.018487992419871313	0.00018668436110247377	0.010061703111100329
0.0007322745957654142	0.001169396157862046	-0.004015895844645678	0.0006657917989634221	-0.017534594006588966	0.017364623227836384	-0.0001253626366852778	0.009624837314198054
-0.0006407321944992272	0.001543852555206504	-0.004078305244203273	0.0003537448011754485	-0.015911949618094168	0.01555475064066969	6.186556198750637e-05	0.009500018515083086
0.0007322745957654142	0.00260481234768406	-0.0028925266526109716	0.0005409729998477886	-0.015537493220749043	0.014930656645094853	0.000124274961544657	0.009624837314198054
-0.0005783227949416325	0.002417584149011276	-0.003641439447300998	0.00029133540161785376	-0.015163036823404141	0.013994515651732486	-0.0001253626366852778	0.00875110572039306
-0.0007655509936141947	0.001980718352109445	-0.003017345451726161	0.0001665166025035525	-0.014663761626944494	0.013932106252174892	-0.0001253626366852778	0.008563877521720276
0.0006074557966502248	0.0014190337560917587	-0.003641439447300998	0.0006033823994058274	-0.014850989825617056	0.013682468653944957	-6.295323712723899e-05	0.008439058722605974
-0.0005159133953844819	0.0009821679591892618	-0.0035790300477434034	0.0006033823994058274	-0.013852439432696873	0.013495240455272395	0.00018668436110247377	0.008314239923490785
0.0006074557966502248	0.0007949397605169217	-0.003079754851283756	0.00047856360029063794	-0.014039667631369435	0.013245602857042904	-6.295323712723899e-05	0.008002192925703477
-0.0005783227949416325	0.0006077115618445816	-0.003266983049956096	0.0005409729998477886	-0.014039667631369435	0.01305837465837012	6.186556198750637e-05	0.007565327128800758
0.0006074557966502248	0.0008573491600745164	-0.002767707853495782	0.0006033823994058274	-0.013790030033139722	0.011622958468547662	-0.0003750002349152126	0.007190870731455856
-0.00089036979272894	0.0009197585596316671	-0.002455660855708919	0.00047856360029063794	-0.013602801834467382	0.01106127387253042	-6.295323712723899e-05	0.007378098930128418
0.0006074557966502248	0.0014190337560917587	-0.0020812044583637945	0.0007282011985203507	-0.013041117238449473	0.0116853678681057	0.00031150316021721913	0.007939783526145883
0.00054504639709263	0.001543852555206504	-0.0025180702552660694	0.0003537448011754485	-0.014039667631369435	0.011560549068990067	-0.00018777203624287253	0.007440508329686013
-0.0006407321944992272	0.0011069867583042292	-0.003391801849070619	0.00029133540161785376	-0.014414124028714559	0.012059824265450159	-6.295323712723899e-05	0.007627736528358797
0.00054504639709263	0.0006701209614021764	-0.0037038488468581487	0.0003537448011754485	-0.014850989825617056	0.012808737060139963	-0.00025018143580002317	0.007440508329686013
-0.00045350399582688716	0.0007949397605169217	-0.003266983049956096	0.0007282011985203507	-0.014538942827829082	0.013620059254387362	0.0004363219593319645	0.007128461331898706
0.00042022759797832876	-0.00032842943151734083	-0.004265533442875835	4.169780338836304e-05	-0.015787130818979422	0.012746327660582812	-0.00025018143580002317	0.007440508329686013
-0.0007655509936141947	0.0002956645640570521	-0.003266983049956096	0.0003537448011754485	-0.014663761626944494	0.012496690062352434	0.00037391255977481386	0.0077525553274730985
0.0007946839953225648	0.0010445773587468565	-0.0021436138579213893	0.0001665166025035525	-0.014850989825617056	0.011248502071202982	-0.00025018143580002317	0.007128461331898706
-0.0007655509936141947	0.0007949397605169217	-0.0013322916636742121	0.0006033823994058274	-0.013665211234024977	0.010249951678282798	0.000124274961544657	0.007128461331898706
-0.0005783227949416325	0.0020431277516665958	-0.0008954258667712711	0.0006657917989634221	-0.013228345437122258	0.010000314080053307	0.00018668436110247377	0.007253280131013229
0.00035781819842028995	0.0011069867583042292	-0.002455660855708919	0.00010410720294595777	-0.013602801834467382	0.008814535488460784	-0.00043740963447236325	0.0060675015394211496
-0.0006407321944992272	0.0010445773587468565	-0.0020812044583637945	0.0003537448011754485	-0.012729070240662166	0.009688267082266	6.186556198750637e-05	0.006192320338536339
0.0006698651962078195	0.00042048336317179746	-0.002830117253053377	0.0005409729998477886	-0.013415573635794598	0.010312361077840393	-6.295323712723899e-05	0.0065043673363236465
-0.00039109459626973653	-7.879183328785011e-05	-0.003079754851283756	0.0007906105980779454	-0.012916298439334506	0.011498139669432916	-0.00018777203624287253	0.005817863941191659
0.00042022759797832876	-0.0007652952284202819	-0.0031421642508413505	0.0001665166025035525	-0.014039667631369435	0.011810186667220002	6.186556198750637e-05	0.006629186135438836
-0.0005783227949416325	0.0002956645640570521	-0.0022684326570361346	0.0005409729998477886	-0.013852439432696873	0.011622958468547662	-5.438375705324461e-07	0.006005092139863555
0.00054504639709263	0.0004828927627293922	-0.0002089224716390614	0.0004161542007330432	-0.013415573635794598	0.01093645507341523	6.186556198750637e-05	0.007253280131013229
0.0006698651962078195	0.00260481234768406	0.000352762124378625	0.0004161542007330432	-0.013852439432696873	0.010000314080053307	-0.0001253626366852778	0.007440508329686013
-0.0005783227949416325	0.002854449945914217	0.00047758092349337034	0.0004161542007330432	-0.013602801834467382	0.010499589276512955	-5.438375705324461e-07	0.007877374126588288
0.0006698651962078195	0.0033537251423740866	0.0001655339257058408	0.0006657917989634221	-0.013790030033139722	0.010374770477397988	0.000124274961544657	0.007939783526145883
-0.0007655509936141947	0.00223035595033938	-0.0014571104627889575	0.0001665166025035525	-0.015163036823404141	0.011186092671645609	-0.00025018143580002317	0.008127011724818445
0.0004826369975350353	0.001543852555206504	-0.002455660855708919	0.0004161542007330432	-0.015849540218536573	0.01293355585925493	0.0004363219593319645	0.009187971517295557
-0.0003286851967121418	0.0014190337560917587	-0.0031421642508413505	0.0008530199976359842	-0.017721822205261084	0.016615710433146802	-0.0001253626366852778	0.008875924519508027
0.00054504639709263	-0.00014120123284544484	-0.00420312404331824	0.00029133540161785376	-0.018845191397296235	0.01761426082606654	-0.00018777203624287253	0.009624837314198054
-0.0007655509936141947	-0.0002660200319606343	-0.0037662582464157435	0.0008530199976359842	-0.019157238395083764	0.018425583020314162	0.00031150316021721913	0.01056097830756042
-0.0006407321944992272	0.00035807396361464683	-0.003017345451726161	0.00029133540161785376	-0.02028060758711825	0.019174495815003745	-0.00018777203624287253	0.01099784410446314
0.0006698651962078195	0.001980718352109445	-0.0023308420565932852	0.0005409729998477886	-0.020218198187560876	0.017739079625182175	-5.438375705324461e-07	0.01099784410446314
-0.0006407321944992272	0.0027920405463566222	-0.0007706070676565258	0.00047856360029063794	-0.019718922991101007	0.0170525762300493	-5.438375705324461e-07	0.011247481702692408
0.0008570933948799375	0.0035409533410466487	-0.0008330164672141205	0.0006657917989634221	-0.018408325600393738	0.014993066044652448	0.0002490937606600685	0.009187971517295557
-0.0007655509936141947	0.0033537251423740866	-0.0008954258667712711	0.00022892600206025904	-0.017160137609244064	0.012621508861467179	-6.295323712723899e-05	0.008127011724818445
0.0006074557966502248	0.00260481234768406	-0.0018939762596914544	0.0004161542007330432	-0.013914848832254467	0.010249951678282798	6.186556198750637e-05	0.006816414334111176
-0.0006407321944992272	0.0021679465507817852	-0.003204573650398057	0.0006033823994058274	-0.01260425144154742	0.01112368327208757	0.00018668436110247377	0.005880273340748365
0.0006698651962078195	-0.00032842943151734083	-0.005451312034467692	0.00022892600206025904	-0.01185533864685695	0.010187542278726092	-0.0001253626366852778	0.004444857150926795
0.0006074557966502248	-0.0021383020186851454	-0.0043903522419905805	0.0005409729998477886	-0.010794378854380282	0.011310911470760576	-5.438375705324461e-07	0.004007991354024298
-0.0005783227949416325	-0.0015142080231098642	-0.0037038488468581487	0.0005409729998477886	-0.009546190863230608	0.010125132879168497	6.186556198750637e-05	0.0041952195526964164
0.0006698651962078195	-0.00039083883107537964	-0.0012698822641166174	0.0005409729998477886	-0.008485231070753052	0.008315260292001359	-5.438375705324461e-07	0.0038207631553515142
-0.000703141594057044	0.0004828927627293922	0.0006648091221659325	0.00029133540161785376	-0.0071122242804881886	0.007129481700408391	-6.295323712723899e-05	0.0035711255571220235
0.00054504639709263	0.0029792687450289623	0.0018505877137577897	0.0004161542007330432	-0.0058640362893385145	0.0032600989278444015	0.0002490937606600685	0.0036959443562363248
-0.0005783227949416325	0.0031664969437017465	0.0033484133031378427	0.0005409729998477886	-0.0035548885057117285	0.0005764947468724912	-0.00018777203624287253	0.002198118766856716
0.0004826369975350353	0.0035409533410466487	0.0016633595150858937	0.0004161542007330432	-0.0025563381127917673	0.001450226340677263	0.00018668436110247377	0.0015116153717242842
-0.00045350399582688716	0.0024799935485688707	-0.001956385659249049	0.0004161542007330432	-0.0033052509074813496	0.00226154853492444	-0.00025018143580002317	0.0006378837779195123
-0.00039109459626973653	0.00035807396361464683	-0.003017345451726161	0.0007282011985203507	-0.00424139190084416	0.004445877519436481	0.00037391255977481386	0.0012619777734947935
0.0004826369975350353	-0.0014517986235527136	-0.004140714643760868	0.00029133540161785376	-0.00773631827606347	0.007691166296426077	-0.00018777203624287253	0.002198118766856716
-0.0005783227949416325	-0.00020361063240303956	-0.003641439447300998	0.0005409729998477886	-0.009983056660132883	0.010062723479610458	0.000124274961544657	0.004320038351811606
0.0006698651962078195	4.602696582733934e-05	-0.0017067480610186703	0.0007282011985203507	-0.012292204443759669	0.012434280662794839	0.000124274961544657	0.00837664932304838
-0.000703141594057044	0.0016686713543221376	-0.0015195198623461081	0.00022892600206025904	-0.01491339922517465	0.01187259606677804	-6.295323712723899e-05	0.009999293711543622
0.0006074557966502248	0.00260481234768406	-0.00033374127075425086	0.0006033823994058274	-0.016223996615881475	0.012559099461910028	0.000124274961544657	0.01043615950844523
-0.0005783227949416325	0.0021679465507817852	0.00022794332526299144	0.00022892600206025904	-0.011917748046414989	0.007316709899081175	-0.0003125908353576179	0.0065043673363236465
0.00042022759797832876	0.0017310807538792883	-2.1694272966499284e-05	0.0003537448011754485	-0.002618747512348918	0.00188709213757976	6.186556198750637e-05	0.0012619777734947935
0.0007322745957654142	0.0006701209614021764	0.00010312452614824608	0.0007906105980779454	0.005619293229238931	-0.006350948604009199	0.00018668436110247377	-0.0044172775862363345
-0.00039109459626973653	0.0009821679591892618	0.0014761313164133316	0.0007282011985203507	0.007990850412423756	-0.009346599782768417	0.00031150316021721913	-0.006039921974731577
0.0004826369975350353	0.001169396157862046	0.0016633595150858937	0.0003537448011754485	0.007054709419061389	-0.010532378374360718	-0.00025018143580002317	-0.006476787771634074
-0.000703141594057044	0.002417584149011276	0.0046590106938451115	0.00047856360029063794	0.009800722999591116	-0.011842975765067543	-5.438375705324461e-07	-0.008224250959243617
0.0009195027944381984	0.0027296311467990275	0.005407923488534694	0.0009778387967507296	0.014169380968614975	-0.01508826454205714	-0.0001253626366852778	-0.009784485948180377
-0.00089036979272894	0.001980718352109445	0.003910097899155085	0.00022892600206025904	0.015355159560207499	-0.013091163756217439	-5.438375705324461e-07	-0.008473888557473552
0.0007322745957654142	-0.0010149328266497726	0.001788178314200195	0.0005409729998477886	0.011922642584545784	-0.007973592992503553	0.000124274961544657	-0.006788834769421159
-0.0005783227949416325	-0.00288721481337495	-0.0015819292619037029	0.0006657917989634221	0.008802172606671377	-0.0020447000345418243	0.00018668436110247377	-0.005790284376501642
-0.0007655509936141947	-0.006132503590364324	-0.001145063465001428	0.00029133540161785376	0.006617843622159114	0.0003892665481997071	-0.0001253626366852778	-0.004791733983581681
0.0004826369975350353	-0.003636127608064754	0.001600950115528299	0.00047856360029063794	0.005744112028354564	0.0007013135459867925	-0.00018777203624287253	-0.003730774191104347
-0.00039109459626973653	0.0001708457649420847	0.006531292680569845	0.0008530199976359842	0.00805325981198135	-0.0007341026438347775	0.0004363219593319645	-0.0022953580012823327
0.0004826369975350353	0.005350825928213787	0.008778031064639036	0.00047856360029063794	0.009863132399148267	-0.00878491518675073	-5.438375705324461e-07	-0.0034187271933168173
-0.0006407321944992272	0.007160698515380481	0.009464534459771468	0.0004161542007330432	0.010799273392511077	-0.010469968974803123	-0.0001253626366852778	-0.004479686985794373
0.0004826369975350353	0.00722310791493852	0.008590802865966696	0.00047856360029063794	0.010549635794280698	-0.00859768698807839	0.00018668436110247377	-0.005041371581811616
-0.0005159133953844819	0.00647419512024805	0.004721420093402706	0.00047856360029063794	0.008302897410211507	-0.006163720405336637	-6.295323712723899e-05	-0.005665465577386897
0.00054504639709263	0.0027920405463566222	-0.005763359032255666	0.0004161542007330432	0.005744112028354564	-0.0021695188336572357	6.186556198750637e-05	-0.004666915184466935
0.0006074557966502248	-0.0033240806102774467	-0.00732359402119287	0.00047856360029063794	0.0019371386553475034	0.003384917726959369	-6.295323712723899e-05	-0.0027322237981843855
-0.00039109459626973653	-0.004946724998772245	-0.006387453027830059	0.0007906105980779454	0.00043931306596789454	0.006692615903506116	0.0004363219593319645	-0.0004854854141156384
0.0004826369975350353	-0.005133953197444585	-0.004140714643760868	0.0003537448011754485	0.00012726606818014297	0.0038841929234192385	-6.295323712723899e-05	-0.0002982572154428542
-0.000703141594057044	-0.002575167815586976	0.0006648091221659325	0.0004161542007330432	0.0015626822580030453	-0.0006716932442776269	-0.0001253626366852778	0.0007627025770347018
0.0007946839953225648	-0.0005780670297479418	0.004097326097827425	0.0007906105980779454	0.0031229172469398048	-0.006163720405336637	-0.0001253626366852778	-0.0004230760145571555
-0.000703141594057044	4.602696582733934e-05	0.0052831046894197264	0.00022892600206025904	0.0033725548451697396	-0.011655747566395203	-0.0001253626366852778	-0.0018584922043796137
0.0004826369975350353	-0.00020361063240303956	0.004783829492960301	0.0007282011985203507	0.002623642050479935	-0.009159371584095855	0.00031150316021721913	-0.002420176800396856
-0.00045350399582688716	-0.0013269798244375242	-0.0022684326570361346	0.0005409729998477886	0.0006889506641973853	-0.004353847818169054	-5.438375705324461e-07	-0.004042821188891654
-0.0007655509936141947	-0.006132503590364324	-0.006200224829158163	0.00022892600206025904	-0.0013705595211994659	0.0012005887424473283	-0.00018777203624287253	-0.004167639988006844
0.00054504639709263	-0.006506959987709449	-0.00807250681588223	0.0005409729998477886	-0.004366210699958906	0.007441528698196143	-0.0001253626366852778	-0.002857042597299575
-0.00039109459626973653	-0.004385040402754559	-0.006449862427387654	0.0008530199976359842	-0.006737767883143286	0.012309461863680538	0.0004987313588895592	-0.00011102901677007004
0.00042022759797832876	-0.0009525234270926219	-0.0035166206481862528	0.00022892600206025904	-0.00967100966234491	0.0116853678681057	-0.0003750002349152126	0.005193769945616378
-0.00045350399582688716	0.0029168593454713676	0.0021002253119881686	0.0005409729998477886	-0.009421372064115419	0.010998864472973269	-0.0003125908353576179	0.005817863941191659
0.0004826369975350353	0.006848651517593396	0.006905749077914747	0.00029133540161785376	-0.0023067005145613884	-0.0014206060389672093	0.0002490937606600685	0.005318588744731567
-0.00039109459626973653	0.009345027499892966	0.01146163524561139	0.0001665166025035525	0.002623642050479935	-0.008223230590733488	-0.0003125908353576179	0.0016988435703968463
0.00042022759797832876	0.007847201910512913	0.009339715660656722	0.0006033823994058274	0.006992300019503794	-0.011406109968165046	6.186556198750637e-05	-0.0006727136127875344
0.0007946839953225648	0.002854449945914217	0.005782379885879818	0.0006657917989634221	0.007304347017291324	-0.0095338279814412	0.00018668436110247377	-0.0027322237981843855
-0.0005783227949416325	-0.00032842943151734083	0.0013513125172981422	0.00047856360029063794	0.006180977825256617	-0.0057892640079915125	0.000124274961544657	-0.004105230588449249
0.00042022759797832876	-0.00220071141824274	-0.002393251456151324	0.00029133540161785376	0.0050576086332219106	-0.0024815658314447653	-0.0003125908353576179	-0.005228599780483956
-0.0002662757971545471	-0.0012021610253225568	-0.001956385659249049	0.0010402481963078802	0.005182427432336656	0.0026360049322695644	0.0006859595575623434	-0.002857042597299575
0.00017058999974794986	0.0002956645640570521	-0.0018939762596914544	-0.0001455303952841991	0.002061957454462693	0.0030104613296144667	6.186556198750637e-05	0.0011995683739371987
-0.0005159133953844819	0.004289866135736231	0.0017257689146426003	0.00047856360029063794	-0.0008088749251817795	0.002511186133154375	-0.0003125908353576179	0.003508716157564429
0.00042022759797832876	0.006911060917150547	0.004346963696057804	0.0009778387967507296	-5.996213049219712e-05	0.0012005887424473283	0.0005611407584471539	0.00594268274030596
-0.0002662757971545471	0.008658524104760534	0.005782379885879818	0.0003537448011754485	0.00043931306596789454	-0.003168069226577197	-0.00018777203624287253	0.004569675950041541
-0.000703141594057044	0.004289866135736231	0.0034108227026949933	0.0003537448011754485	0.002623642050479935	-0.0062261298048940095	-6.295323712723899e-05	0.002385346965529056
0.0006074557966502248	-0.0002660200319606343	0.0004151715239353315	0.0006033823994058274	0.0042462864389747335	-0.00660058620223869	6.186556198750637e-05	-0.0004230760145571555
-0.0006407321944992272	-0.004322631003196964	-0.002830117253053377	0.0004161542007330432	0.004745561635434603	-0.005477217010203539	0.000124274961544657	-0.002857042597299575
0.00054504639709263	-0.006756597585938939	-0.004952036838008267	0.0004161542007330432	0.003871830041629387	-0.0031056598270196023	-6.295323712723899e-05	-0.0031690895950873266
-0.00045350399582688716	-0.006819006985496756	-0.0048272180388932995	0.0006033823994058274	0.0024988232513645237	0.000638904146430086	-6.295323712723899e-05	-0.0018584922043796137
0.0004826369975350353	-0.004759496800099461	-0.0035166206481862528	0.0004161542007330432	-0.003055613309251859	0.00457069631855167	0.000124274961544657	0.0012619777734947935
-0.0005159133953844819	-0.0008901140275350272	-0.000708197668098931	0.00047856360029063794	-0.005052714095091337	0.005382018512798847	-6.295323712723899e-05	0.0035711255571220235
0.0006074557966502248	0.0025424029481264654	0.004596601294287517	0.0006657917989634221	-0.004927895295976148	0.0049451527158965725	0.00031150316021721913	0.005380998144288718
0.0004826369975350353	0.006037329323346219	0.0046590106938451115	0.00022892600206025904	-0.0048030764968609585	0.0020119109366945054	-0.0003125908353576179	0.004257628952254455
-0.0006407321944992272	0.00503877893042648	0.003473232102253032	0.00047856360029063794	-0.0029307945101366695	0.00032685714864255644	-5.438375705324461e-07	0.003259078559334272
0.0006698651962078195	0.0024799935485688707	0.0012889031177405474	0.0007282011985203507	-0.0010585125234121584	-0.0011085590411799018	0.00018668436110247377	0.001324387173051944
-0.0005783227949416325	-0.0012021610253225568	-0.0014571104627889575	0.00047856360029063794	0.00012726606818014297	-0.0017326530367547388	0.000124274961544657	-0.003106680195529732
0.00042022759797832876	-0.004447449802312153	-0.003953486445088528	0.00029133540161785376	0.0003144942668527051	-0.0026063846305595106	0.00031150316021721913	-0.0027322237981843855
-0.0005159133953844819	-0.005695637793461383	-0.003953486445088528	0.0007282011985203507	0.0006889506641973853	0.0003892665481997071	0.000124274961544657	-0.002420176800396856
0.0006698651962078195	-0.005633228393904677	-0.003017345451726161	0.0004161542007330432	0.0002520848672953324	0.001075769943332583	-5.438375705324461e-07	-0.0010471700101324366
-0.0006407321944992272	-0.003448899409392192	0.00047758092349337034	0.00047856360029063794	-0.0007464655256241848	0.0013254075415620736	-0.00018777203624287253	0.0005130649788043229
-0.00039109459626973653	0.00223035595033938	0.0025370911088902215	0.0007906105980779454	-0.0008712843247398183	0.0025735955327119697	0.00037391255977481386	0.0025101657646444675
0.0004826369975350353	0.003041678144586557	0.002412272309775476	0.00022892600206025904	-0.0016201971194289566	0.0013878169411196684	-0.0003125908353576179	0.0018860717690691864
-0.000703141594057044	0.0031664969437017465	0.0019129971133153845	0.0003537448011754485	6.485666862299233e-05	0.0005764947468724912	-6.295323712723899e-05	0.0010123401752644146
0.00054504639709263	0.0016686713543221376	0.00022794332526299144	0.0006033823994058274	0.0018747292557899087	-0.0012957872398522419	-0.0001253626366852778	-0.0027322237981843855
-0.0005783227949416325	-0.0007652952284202819	-0.001145063465001428	0.0006033823994058274	0.004371105238089923	-0.0023567470323291317	-0.0008118660318177096	-0.005665465577386897
4.5771200632982456e-05	-0.0038233558067370943	-0.0029549360521685664	-2.071159616900964e-05	0.007928441012866605	-0.0032928880256919424	0.0009980065553496509	-0.004542096385351746
-1.663819892461227e-05	-0.003698537007622349	-0.001145063465001428	0.00029133540161785376	0.006430615423486996	-0.0047283042155139565	-0.00018777203624287253	-0.005665465577386897
0.00042022759797832876	-0.004385040402754559	0.0012264937181829527	0.0003537448011754485	0.005432065030567035	-0.003979391420824374	-6.295323712723899e-05	-0.003668364791547196
0.0004826369975350353	0.0007949397605169217	0.003286003903580248	0.00047856360029063794	0.003497373644284707	-0.0024815658314447653	-0.00018777203624287253	-0.0012343982088047767
-0.0003286851967121418	0.003728181539718989	0.0057199704863226675	0.0007906105980779454	0.002436413851807373	-0.0001100086482599405	0.0004363219593319645	0.0015116153717242842
0.00054504639709263	0.005413235327770938	0.005782379885879818	0.00029133540161785376	0.0001896754677377377	0.0005140853473148965	-0.00018777203624287253	0.0021357093672995653
-0.0005783227949416325	0.0065366045198060885	0.005220695289862576	0.0005409729998477886	-0.0005592373269520667	0.0020119109366945054	6.186556198750637e-05	0.002822212762431553
0.0007322745957654142	0.00578769172511584	0.003473232102253032	0.0006033823994058274	-0.0010585125234121584	0.002323957934482035	-5.438375705324461e-07	0.0018860717690691864
-0.0006407321944992272	0.003915409738391329	0.0012264937181829527	0.0003537448011754485	-0.0013705595211994659	0.0015126357402348578	-0.0001253626366852778	0.0005130649788043229
0.00054504639709263	0.001793490153436661	-0.0007706070676565258	0.0006657917989634221	6.485666862299233e-05	0.0007013135459867925	0.00031150316021721913	-0.0002358478158852595
-0.00039109459626973653	0.0002956645640570521	-0.0013947010632313628	0.00010410720294595777	6.485666862299233e-05	-0.0016078342376395494	-0.0003750002349152126	-0.0016712640057077177
-0.0006407321944992272	-0.000515657630189903	0.000352762124378625	0.0005409729998477886	0.001188225860657477	-0.0024191564318871706	0.00018668436110247377	-0.0007351230123449071
0.0007322745957654142	0.00035807396361464683	0.0021002253119881686	0.0006657917989634221	0.001375454059330261	-0.0032304786261339036	0.0002490937606600685	-4.861961721247532e-05
-0.0009527791922869788	0.0013566243565346081	0.002849138106677751	0.00010410720294595777	0.00012726606818014297	-0.003542525623921877	-0.0003750002349152126	0.0007627025770347018
0.0007946839953225648	0.0027920405463566222	0.00403491669826983	0.0006657917989634221	-0.00018478092960738657	-0.0022319282332143864	0.000124274961544657	0.002634984563759657
-0.0006407321944992272	0.0029168593454713676	0.003286003903580248	0.0005409729998477886	-0.0009961031238545637	-0.0009837402420651564	0.000124274961544657	0.0020732999677419706
0.0007322745957654142	0.0021679465507817852	0.001975406512872979	0.0006657917989634221	-0.0010585125234121584	0.0001396289499699943	-0.00025018143580002317	0.0007627025770347018
-0.0007655509936141947	0.0004828927627293922	-0.00014651307208168873	0.0006033823994058274	-0.00012237153004979184	0.000202038349527367	6.186556198750637e-05	-0.00036066661500000485
0.0006698651962078195	-0.0006404764293055365	-0.0020812044583637945	0.00047856360029063794	0.000564131865083084	0.000202038349527367	-5.438375705324461e-07	-0.0012343982088047767
0.0007322745957654142	-0.0021383020186851454	-0.001145063465001428	0.0006657917989634221	0.001375454059330261	-4.7599248702345776e-05	0.000124274961544657	-0.0017336734052644243
-0.0005783227949416325	-0.0014517986235527136	0.00010312452614824608	0.00047856360029063794	0.0017499104566749413	-0.0013581966394098366	0.000124274961544657	-0.0016712640057077177
0.00054504639709263	0.00010843636538493406	0.001975406512872979	0.00047856360029063794	0.0017499104566749413	-0.0024191564318871706	-6.295323712723899e-05	-0.0010471700101324366
-0.00045350399582688716	0.001980718352109445	0.0042221448969426145	0.0006033823994058274	0.0021243668540198435	-0.0020447000345418243	0.00018668436110247377	0.0007002931774771071
0.00054504639709263	0.0029792687450289623	0.0046590106938451115	0.0003537448011754485	0.0015002728584454506	-0.0023567470323291317	-0.0001253626366852778	0.0015116153717242842
-0.0007655509936141947	0.0037905909392761394	0.004471782495172549	0.0003537448011754485	0.0008761788628701694	0.000638904146430086	6.186556198750637e-05	0.001761252969954441
0.0007322745957654142	0.003665772140161838	0.0034108227026949933	0.0004161542007330432	0.000564131865083084	0.0020119109366945054	-0.0001253626366852778	0.0015116153717242842
-0.000703141594057044	0.002667221747241655	-0.0007706070676565258	0.00022892600206025904	0.0002520848672953324	0.00188709213757976	-0.0003125908353576179	0.00020101798101723745
-0.0005159133953844819	0.00035807396361464683	-0.0015195198623461081	0.0006033823994058274	0.0015626822580030453	0.002136729735810139	0.000124274961544657	-0.0002358478158852595
0.0007322745957654142	-0.0007028858288626871	-0.0015195198623461081	0.0007906105980779454	0.002623642050479935	0.0008261323451024261	0.00031150316021721913	-0.0012968076083623714
-0.0006407321944992272	-0.0008277046279774325	-0.0008954258667712711	0.00047856360029063794	0.0034349642447271123	-0.0011085590411799018	6.186556198750637e-05	-0.0019209016039372084
0.00054504639709263	-0.000515657630189903	0.00029035272482103025	0.00047856360029063794	0.003684601842957491	-0.00291843162834704	-6.295323712723899e-05	-0.0011095794096900313
-0.0005783227949416325	0.00035807396361464683	0.0015385407159707043	0.0005409729998477886	0.003934239441186982	-0.003604935023479028	-5.438375705324461e-07	-0.0006727136127875344
0.0004826369975350353	0.00042048336317179746	0.0015385407159707043	0.0004161542007330432	0.0016875010571173465	-0.0027936128292318507	-0.00018777203624287253	1.3789782344675316e-05
-0.000703141594057044	0.00035807396361464683	0.000976856119953018	0.0005409729998477886	0.00043931306596789454	-0.0005468744451619933	-6.295323712723899e-05	0.0006378837779195123
0.0006698651962078195	-0.00014120123284544484	-0.0015195198623461081	0.0006033823994058274	2.447269065397606e-06	0.0019495015371373547	0.0002490937606600685	0.0008875213761498912
0.00054504639709263	-0.002450349016472675	-0.0031421642508413505	0.0003537448011754485	-0.000933693724296969	0.002323957934482035	-0.0001253626366852778	-0.0002358478158852595
-0.00039109459626973653	-0.0025127584160293814	-0.0035166206481862528	0.0007282011985203507	-0.0007464655256241848	0.0032600989278444015	0.00018668436110247377	7.619918190227004e-05
0.0006074557966502248	-0.0029496242129325445	-0.0031421642508413505	0.0006033823994058274	-0.0010585125234121584	0.002511186133154375	6.186556198750637e-05	-0.0006727136127875344
-0.0008279603931722335	-0.00238793961691508	-0.0018315668601338597	0.0001665166025035525	-0.0009961031238545637	0.001075769943332583	-0.00025018143580002317	-0.0006727136127875344
0.0007322745957654142	-0.0008277046279774325	0.0004151715239353315	0.0006657917989634221	0.00012726606818014297	-0.0006092838447202542	-0.00025018143580002317	-0.0010471700101324366
-0.00089036979272894	0.00010843636538493406	0.0018505877137577897	0.00029133540161785376	0.0019371386553475034	-0.0034801162243642825	0.0002490937606600685	-0.0006103042132299397
0.0007946839953225648	0.0016062619547640988	0.003473232102253032	0.00047856360029063794	0.001999548054904654	-0.003604935023479028	6.186556198750637e-05	-0.00036066661500000485
-0.0005783227949416325	0.0021679465507817852	0.003036366305350313	0.0006033823994058274	0.001375454059330261	-0.0023567470323291317	-5.438375705324461e-07	-4.861961721247532e-05
-0.00045350399582688716	0.001793490153436661	0.0021002253119881686	0.0006657917989634221	0.0008761788628701694	-0.00023482744737468586	0.0002490937606600685	0.0003258367801324269
0.00042022759797832876	0.0007949397605169217	0.0004151715239353315	0.00010410720294595777	-0.0004344185278368773	0.0005140853473148965	-0.000499819034029958	-0.0004230760145571555
-0.0007655509936141947	0.0007949397605169217	0.0001655339257058408	0.00047856360029063794	2.447269065397606e-06	0.0015750451397924525	-5.438375705324461e-07	0.00013860858145986477
0.0007322745957654142	0.0008573491600745164	0.0006648091221659325	0.0007906105980779454	0.0006265412646397905	0.0013254075415620736	0.0002490937606600685	-0.00036066661500000485
-0.0008279603931722335	0.0006701209614021764	0.0007896279212811219	0.00022892600206025904	0.00075136006375498	-0.0001100086482599405	0.000124274961544657	-4.861961721247532e-05
0.0006698651962078195	0.001543852555206504	0.002412272309775476	0.0006033823994058274	0.002186776253577438	-0.0024815658314447653	0.000124274961544657	0.0002634273805750542
-0.00045350399582688716	0.0025424029481264654	0.0035356415018101828	0.0005409729998477886	0.0024988232513645237	-0.003542525623921877	-5.438375705324461e-07	-4.861961721247532e-05
0.00054504639709263	0.0024799935485688707	0.003722869700482745	0.0004161542007330432	0.0029980984478246153	-0.003792163222152034	6.186556198750637e-05	0.00020101798101723745
0.0004826369975350353	0.0019183089525518504	0.002474681709333071	0.0004161542007330432	0.0027484608495951246	-0.0036673444230366226	-6.295323712723899e-05	-0.0006103042132299397
-0.00039109459626973653	0.0016686713543221376	0.0015385407159707043	0.0006657917989634221	0.0032477360460549942	-0.0017326530367547388	0.00031150316021721913	1.3789782344675316e-05
0.0006698651962078195	0.00035807396361464683	0.00022794332526299144	0.0005409729998477886	0.0025612326509225625	-0.0007341026438347775	-5.438375705324461e-07	-0.0007975324119029459
-0.0006407321944992272	-0.00014120123284544484	-0.0004585600698694403	0.0004161542007330432	0.0024988232513645237	0.00032685714864255644	6.186556198750637e-05	-0.0007975324119029459
0.0007322745957654142	4.602696582733934e-05	-0.00027133187119665614	0.0007282011985203507	0.0027484608495951246	0.0004516759477573018	-0.0001253626366852778	-0.001171988809247626
-0.0008279603931722335	-7.879183328785011e-05	0.00022794332526299144	0.0001665166025035525	0.0032477360460549942	-0.0018574718358699283	-5.438375705324461e-07	-0.001171988809247626
0.0006074557966502248	0.0006077115618445816	0.0013513125172981422	0.0006657917989634221	0.0038094206420717924	-0.0026063846305595106	0.0002490937606600685	-0.0004230760145571555
-0.0005783227949416325	0.001543852555206504	0.003722869700482745	0.0009154293971931349	0.003934239441186982	-0.0032928880256919424	0.00037391255977481386	-0.00036066661500000485
-0.0008279603931722335	0.001543852555206504	0.0032235945040226532	0.00010410720294595777	0.0033725548451697396	-0.004229029019053865	-0.00025018143580002317	-0.0009223512110172472
0.0006698651962078195	0.0016062619547640988	0.0027867287071201563	0.0005409729998477886	0.0031853266464969554	-0.0037297538225942173	6.186556198750637e-05	-0.0007975324119029459
-0.00039109459626973653	0.0014814431556493535	0.0019129971133153845	0.0007282011985203507	0.0029356890482670206	-0.0021695188336572357	0.0002490937606600685	-0.0002982572154428542
0.0006074557966502248	0.000545302162287431	0.00047758092349337034	0.00047856360029063794	0.0015626822580030453	-0.0009837402420651564	-5.438375705324461e-07	-0.0002982572154428542
-0.0005783227949416325	0.0001708457649420847	-0.00033374127075425086	0.0003537448011754485	0.0009385882624273201	0.0007013135459867925	-0.00025018143580002317	-0.0006727136127875344
0.00042022759797832876	-7.879183328785011e-05	-0.0010202446658862385	0.0004161542007330432	0.0012506352602155157	0.001262998142004479	0.00031150316021721913	0.00013860858145986477
-0.00039109459626973653	0.0002956645640570521	-8.410367252409401e-05	0.00029133540161785376	0.0010634070615429536	-0.0007341026438347775	-0.00018777203624287253	-0.0007975324119029459
0.0004826369975350353	-1.6382433730255386e-05	0.0006648091221659325	0.00029133540161785376	0.0015626822580030453	-0.0019822906349846736	-0.0001253626366852778	-0.0005478948136723449
0.0006698651962078195	0.00035807396361464683	0.001600950115528299	0.0007282011985203507	0.002061957454462693	-0.002543975231001916	0.000124274961544657	-0.0002982572154428542
-0.0005159133953844819	0.0001708457649420847	0.0017257689146426003	0.0006033823994058274	0.002186776253577438	-0.003168069226577197	0.00018668436110247377	-0.0002982572154428542
0.0006074557966502248	-0.0002660200319606343	0.0012264937181829527	0.00047856360029063794	0.001999548054904654	-0.003604935023479028	-5.438375705324461e-07	-0.0007975324119029459
-0.000703141594057044	-0.0008277046279774325	0.000352762124378625	0.0004161542007330432	0.0021243668540198435	-0.0030432504274620076	-6.295323712723899e-05	-0.0012968076083623714
0.0007322745957654142	-0.001139751625764962	-0.00027133187119665614	0.0007282011985203507	0.0025612326509225625	-0.0020447000345418243	-0.00025018143580002317	-0.0021081298026095485
-0.0008279603931722335	-0.0018886644204549885	-0.0013947010632313628	0.0001665166025035525	0.002061957454462693	-0.00048446504560506476	-6.295323712723899e-05	-0.002045720403052398
0.0006074557966502248	-0.001576617422667903	-0.0014571104627889575	0.0006657917989634221	0.0023115950526921836	0.0005764947468724912	0.00037391255977481386	-0.0012968076083623714
-0.0003286851967121418	-0.0009525234270926219	-0.0006457882685413363	0.00022892600206025904	0.001375454059330261	-0.00023482744737468586	-0.00025018143580002317	-0.0017336734052644243
-0.00045350399582688716	0.0001708457649420847	0.000727218521722639	0.00047856360029063794	0.002186776253577438	-0.00042205564604747003	0.00018668436110247377	-0.0009223512110172472
0.00035781819842028995	0.00042048336317179746	0.0011016749190682074	0.00029133540161785376	0.001812319856232314	-0.001670243637197144	-0.0003125908353576179	-0.0011095794096900313
-0.00039109459626973653	0.0010445773587468565	0.002412272309775476	0.0006657917989634221	0.0027484608495951246	-0.001483015438524804	0.00037391255977481386	-0.0002358478158852595
