Sensor_1	Sensor_2	Sensor_3	Sensor_4	Sensor_5	Sensor_6	Sensor_7	Sensor_8
0.00034562476815525045	0.0019364504109011804	0.0010477633863454905	0.0005674454636681592	9.544879426681696e-05	-0.0014650690279665035	6.637650867702405e-05	0.000546049372959434
-0.0005281068256495214	0.0008130812188662517	0.001983904379707857	0.0008794924614563548	0.0007195427898412099	0.0014057633516779688	0.00019119530779199145	0.000982915169862597
0.0007200811655003747	-0.00012305977449611483	0.0006733069890008103	0.0004426266645534138	0.0004699051916117192	-0.0002792904363744242	-0.0002456704891105055	0.0007956869711898129
-0.0009025632229939795	0.0012499470157687487	0.00036125999121350283	0.0007546736623407213	0.00028267699293915705	0.0009064881552178772	-5.844229043772131e-05	0.00048363997340272746
-0.0006529256247642667	1.7590246190746228e-06	-0.00013801520524681088	0.0007546736623407213	0.0005323145911693139	0.0014681727512355636	3.967109118985235e-06	0.0012949621676499046
0.0007200811655003747	0.0015619940135558341	-0.00020042460480418356	0.0010667206601282508	0.0006571333902836152	-9.206223770164002e-05	0.0002536047073495862	0.0009205057703050024
-0.0006529256247642667	-6.06503749385201e-05	0.0011101727859030852	0.000817083061898316	0.0006571333902836152	0.0009064881552178772	3.967109118985235e-06	0.0007332775716322182
0.0004704435672699958	0.0001889872232914147	-0.00020042460480418356	0.0005050360641110085	9.544879426681696e-05	0.0002823941596432622	-0.00018326108955335485	0.00042123057384513274
-0.0007153350243220835	0.0018740410113438077	0.0007981257881159998	0.0006922642627837927	9.544879426681696e-05	-0.0009657938315068559	6.637650867702405e-05	0.00017159297561497588
0.0005328529668275905	-0.00037269737272604964	0.0020463137792650077	0.0008794924614563548	0.00028267699293915705	0.0001575753605282948	6.637650867702405e-05	0.0008580963707469635
-0.0005281068256495214	0.0011251282166535592	0.0006733069890008103	0.0006922642627837927	0.00022026759338156232	-0.0010282032310635625	-0.00018326108955335485	0.00017159297561497588
0.00040803416771328926	0.0014371752144410888	0.00135981038413302	0.0007546736623407213	0.00028267699293915705	0.0012809445525627794	0.0002536047073495862	0.0006084587725170287
0.0005952623663851853	0.0006882624197515064	-0.0006372904017064585	0.0007546736623407213	0.0001578581938239676	0.00021998476008566747	-5.844229043772131e-05	0.0007956869711898129
-0.00046569742609192666	0.0010003094175385918	-0.00013801520524681088	0.000817083061898316	0.0005323145911693139	3.2756561413105345e-05	0.0002536047073495862	0.0007332775716322182
0.0005328529668275905	-0.0009343819687432919	0.0004236693907702094	0.0004426266645534138	-0.00015418880396356194	0.0010313069543330666	-0.00018326108955335485	0.00029641177473016533
-0.000403288026534776	0.0008130812188662517	-0.00045006220303456246	0.0007546736623407213	0.0004074957920543465	0.00040721295875800756	0.0002536047073495862	4.6774176499786435e-05
0.0004704435672699958	0.0008130812188662517	0.0002364411920978693	0.0004426266645534138	3.3039394709222236e-05	-0.0005913374341619537	-0.00018326108955335485	0.000358821174287538
-0.0007153350243220835	-0.0006223349709562065	0.0004860787903282482	0.0004426266645534138	0.0004699051916117192	-0.00015447163725923474	0.00012878590823417468	0.0009205057703050024
0.0007824905650575253	0.0015619940135558341	0.00011162239298312393	0.000629854863226198	0.0005323145911693139	-0.00021688103681638538	3.967109118985235e-06	0.00048363997340272746
-0.0005281068256495214	0.0008754906184238465	0.0014222197836903927	0.0006922642627837927	0.00022026759338156232	0.0009688975547754719	6.637650867702405e-05	0.000358821174287538
-0.00046569742609192666	0.001998859810458775	0.000922944587230301	0.0007546736623407213	0.0006571333902836152	-0.0003416998359315748	0.00019119530779199145	0.000982915169862597
0.00034562476815525045	0.00012657782373426407	0.0009853539867878958	0.0003802172649958191	-0.00015418880396356194	-0.0004665186350467643	-0.0003080798886681002	-0.00020286342173014837
-0.0005281068256495214	-0.00012305977449611483	0.0007357163885575169	0.0005674454636681592	0.0004699051916117192	0.0011561257534484781	6.637650867702405e-05	0.0007332775716322182
0.0004704435672699958	0.0014371752144410888	-0.00038765280347696773	0.0005050360641110085	0.00028267699293915705	-0.0005913374341619537	-0.00018326108955335485	0.0011701433685351592
-0.0002784692274195866	0.0005010342210787222	0.0015470385828055822	0.0010667206601282508	0.0011564085867437068	0.0012809445525627794	-0.00018326108955335485	0.0006708681720746235
0.0005328529668275905	-0.0002478785736113043	4.9212993425529206e-05	0.0004426266645534138	0.0006571333902836152	-2.965283814404529e-05	0.00012878590823417468	0.0010453245694195257
-0.000590516225206672	0.0017492222122286183	-0.00013801520524681088	0.0005674454636681592	0.00022026759338156232	0.0007816693561035759	-0.00012085168999576013	0.0006084587725170287
0.0005328529668275905	-0.00012305977449611483	-0.00038765280347696773	0.0005674454636681592	0.0005323145911693139	0.0011561257534484781	3.967109118985235e-06	0.0011701433685351592
0.0005328529668275905	0.0018740410113438077	0.00011162239298312393	0.0007546736623407213	0.0006571333902836152	-0.0006537468337193264	-5.844229043772131e-05	0.0007332775716322182
-0.000590516225206672	6.416842417666935e-05	0.001983904379707857	0.0009419018610135055	0.0007195427898412099	0.0011561257534484781	0.00012878590823417468	0.0008580963707469635
0.0005328529668275905	0.000750671819308657	0.0008605351876731504	0.0006922642627837927	0.0003450863924965297	0.0003448035592008569	-0.00012085168999576013	0.0006084587725170287
-0.000590516225206672	0.002435725607360606	0.0015470385828055822	0.0010667206601282508	0.0009691803880711447	-0.0005289280346036929	0.00019119530779199145	0.000358821174287538
0.0005328529668275905	-0.00012305977449611483	0.0017966761810350729	0.000817083061898316	0.00022026759338156232	0.000719259956545093	0.00012878590823417468	0.0014821903663226887
-0.00046569742609192666	0.0014371752144410888	0.0004860787903282482	0.0009419018610135055	0.0006571333902836152	-0.00040410923548916955	-5.844229043772131e-05	0.0007956869711898129
0.0004704435672699958	0.0016244034131134288	0.0002364411920978693	0.000817083061898316	0.0009691803880711447	0.0016554009499083477	0.00019119530779199145	0.0012949621676499046
-0.00046569742609192666	-0.00012305977449611483	-0.000949337399493988	0.0005050360641110085	0.0003450863924965297	9.516596097070007e-05	-0.0002456704891105055	0.000982915169862597
-0.000590516225206672	0.0013747658148839381	-0.00045006220303456246	0.0008794924614563548	0.0007819521893988046	0.0001575753605282948	3.967109118985235e-06	0.0013573715672070552
0.0005952623663851853	-0.00012305977449611483	-0.0005748810021493078	0.000817083061898316	0.0006571333902836152	0.0009688975547754719	-0.00012085168999576013	0.0013573715672070552
-0.000590516225206672	0.001811631611785991	-0.0014486125959540797	0.0008794924614563548	0.0014060461849740857	0.0004696223583156023	0.00019119530779199145	0.0023559219601270165
0.00065767176594278	0.0016244034131134288	-0.0006996998012640532	0.0008794924614563548	0.0012188179863013016	-0.00040410923548916955	-5.844229043772131e-05	0.0025431501587995786
-0.0005281068256495214	0.0010627188170961865	-0.0006372904017064585	0.0010667206601282508	0.0012812273858593404	0.0010313069543330666	-0.00012085168999576013	0.0025431501587995786
0.0005328529668275905	0.00262295380603339	-0.0023223441897584074	0.0009419018610135055	0.0014060461849740857	-9.206223770164002e-05	6.637650867702405e-05	0.002855197156586664
-0.000590516225206672	0.0020612692100159258	-0.0017606595937416092	0.0010667206601282508	0.001343636785416491	0.000719259956545093	-5.844229043772131e-05	0.0029800159557022976
0.00065767176594278	0.0013747658148839381	-0.0040073979778108	0.0009419018610135055	0.00159327438364687	-2.965283814404529e-05	3.967109118985235e-06	0.0032296535539317883
0.0004704435672699958	0.0017492222122286183	-0.0031336663840064727	0.000629854863226198	0.0006571333902836152	-0.00015447163725923474	-0.0003080798886681002	0.002418331359684167
-0.0005281068256495214	0.0018740410113438077	-0.0035705321809085255	0.0006922642627837927	0.0010315897876291835	0.0010937163538908834	0.00012878590823417468	0.0034168817526043505
0.000844899964614898	0.002872591404263547	-0.004569082573828487	0.0009419018610135055	0.001343636785416491	0.0005944411574307917	0.0002536047073495862	0.003479291152161945
-0.0007153350243220835	0.001998859810458775	-0.003695350980023271	0.0005050360641110085	0.0010939991871867782	0.0004696223583156023	3.967109118985235e-06	0.0034168817526043505
0.00040803416771328926	0.0011251282166535592	-0.0050683577702885785	0.0003802172649958191	0.0009691803880711447	0.0007816693561035759	0.0003160141069067368	0.004540250944639501
-0.00046569742609192666	0.0028101820047059523	-0.004881129571615794	0.000817083061898316	0.0009691803880711447	0.0002823941596432622	-0.0002456704891105055	0.003728928750391436
0.00034562476815525045	0.0014371752144410888	-0.004381854375155703	0.0005674454636681592	0.00159327438364687	0.0011561257534484781	-5.844229043772131e-05	0.004540250944639501
-0.0006529256247642667	0.0016868128126714677	-0.005193176569403324	0.0009419018610135055	0.00159327438364687	0.00021998476008566747	3.967109118985235e-06	0.004415432145523868
-0.000590516225206672	0.001998859810458775	-0.00394498857825365	0.000817083061898316	0.00159327438364687	0.0007816693561035759	-5.844229043772131e-05	0.00410338514773656
0.0005952623663851853	0.00224849740868871	-0.0054428141676328146	0.0008794924614563548	0.0012812273858593404	0.0009064881552178772	-5.844229043772131e-05	0.00410338514773656
-0.000590516225206672	0.0032470478016086712	-0.0050683577702885785	0.0010667206601282508	0.0012812273858593404	0.0006568505569883865	0.00012878590823417468	0.0040409757481794095
0.0007200811655003747	0.0025605444064757954	-0.0036329415804661203	0.0013787676579157804	0.0009691803880711447	0.0007816693561035759	0.00012878590823417468	0.0036041099512771346
-0.000840153823437273	0.0023109068082458606	-0.005317995368518513	0.0009419018610135055	0.0007819521893988046	0.0006568505569883865	-0.00012085168999576013	0.00354170055171954
0.0005952623663851853	0.0029350008038206976	-0.004693901372943232	0.0011915394592438844	0.0009691803880711447	0.0009688975547754719	-5.844229043772131e-05	0.0038537475495066253
-0.0006529256247642667	0.0017492222122286183	-0.004381854375155703	0.002065271053048212	0.0017180931827611712	0.001592991550350753	0.0002536047073495862	0.004415432145523868
0.000844899964614898	0.00224849740868871	-0.004818720172058422	0.0016284052561454931	0.0014060461849740857	0.0007816693561035759	-5.844229043772131e-05	0.004353022745966717
0.0007824905650575253	0.001811631611785991	-0.004069807377368395	0.0022524992517207743	0.0019053213814337333	0.0015305821507931583	0.0002536047073495862	0.004540250944639501
-0.000590516225206672	0.0024981350069182007	-0.0054428141676328146	0.0015659958565883425	0.0018429119818761386	0.0010937163538908834	3.967109118985235e-06	0.004540250944639501
0.0005952623663851853	0.0029350008038206976	-0.00413221677692599	0.0016284052561454931	0.0012812273858593404	0.000532031757873197	3.967109118985235e-06	0.0040409757481794095
-0.00046569742609192666	0.002872591404263547	-0.00394498857825365	0.001441177057473153	0.0015308649840892752	0.0012809445525627794	0.00012878590823417468	0.0036041099512771346
0.00040803416771328926	0.002872591404263547	-0.005817270564978383	0.001253948858800591	0.0008443615889563993	0.00040721295875800756	6.637650867702405e-05	0.003916156949063776
-0.000590516225206672	0.003496685399838384	-0.003695350980023271	0.0013163582583581857	0.0008443615889563993	0.0011561257534484781	3.967109118985235e-06	0.003916156949063776
0.00065767176594278	0.0028101820047059523	-0.0041946261764833626	0.0015035864570307478	0.0019053213814337333	0.0018426291485804658	0.0005032423055790769	0.004789888542868992
-0.000403288026534776	0.0031846384020510765	-0.004506673174270892	0.001690814655703532	0.0007195427898412099	0.0005944411574307917	-0.00043289868778284557	0.0038537475495066253
-0.000403288026534776	0.0018740410113438077	-0.005005948370730984	0.0036879154415425663	0.001780502582318766	0.002029857347252806	0.0002536047073495862	0.004977116741541554
0.00040803416771328926	0.0014371752144410888	-0.007003049156570462	0.009616808399504295	0.001343636785416491	0.0009688975547754719	-0.0002456704891105055	0.0042282039468515276
-0.0006529256247642667	0.0008130812188662517	-0.006441364560552776	0.02066327212117991	0.0005947239907269086	0.0002823941596432622	6.637650867702405e-05	0.003916156949063776
0.0004704435672699958	0.0010627188170961865	-0.007252686754800397	0.011177043388441499	0.0008443615889563993	0.0007816693561035759	-0.0003080798886681002	0.005476391938001424
-0.0003408786269771813	0.0035590947993959787	-0.006191726962323285	0.005560197428267966	0.001967730780991328	0.0012809445525627794	0.0003160141069067368	0.004914707341983959
0.0007824905650575253	0.0035590947993959787	-0.004943538971173389	0.003563096642427821	0.001343636785416491	0.0008440787556607265	-0.00012085168999576013	0.004540250944639501
-0.0007777444238792341	0.0031846384020510765	-0.006878230357455273	0.0034382778433126315	0.0012812273858593404	0.00021998476008566747	3.967109118985235e-06	0.004290613346409566
0.0005328529668275905	0.004058369995855848	-0.005005948370730984	0.0026893650486234932	0.0009691803880711447	0.0005944411574307917	-5.844229043772131e-05	0.004415432145523868
0.0007824905650575253	0.0031846384020510765	-0.006066908163208096	0.0034382778433126315	0.0014060461849740857	0.0012185351530056288	0.0002536047073495862	0.004540250944639501
-0.0006529256247642667	0.0029974102033782923	-0.0058796799645353115	0.0030014120464105787	0.0010939991871867782	0.000532031757873197	-0.00012085168999576013	0.004290613346409566
0.0007824905650575253	0.0023109068082458606	-0.005193176569403324	0.002314908651278369	0.0014684555845312364	0.0010937163538908834	0.00012878590823417468	0.004353022745966717
-0.0007153350243220835	0.001811631611785991	-0.007252686754800397	0.0020028616534910615	0.001780502582318766	0.0013433539521203741	-0.00012085168999576013	0.0046650697437542465
0.0004704435672699958	0.0021860880091311152	-0.00625413636188088	0.002065271053048212	0.0015308649840892752	0.0006568505569883865	-0.0002456704891105055	0.004415432145523868
-0.0007777444238792341	0.001811631611785991	-0.006066908163208096	0.001253948858800591	0.0018429119818761386	0.0013433539521203741	0.0002536047073495862	0.004852297942426587
0.000844899964614898	0.002872591404263547	-0.006691002158782933	0.0007546736623407213	0.0015308649840892752	0.0005944411574307917	6.637650867702405e-05	0.004540250944639501
-0.0005281068256495214	0.0031846384020510765	-0.005630042366305599	0.0003802172649958191	0.0010939991871867782	0.000532031757873197	-0.00018326108955335485	0.0038537475495066253
-0.0006529256247642667	0.003059819602935887	-0.006441364560552776	0.0005050360641110085	0.0014060461849740857	0.0010937163538908834	6.637650867702405e-05	0.004415432145523868
0.0007824905650575253	0.003496685399838384	-0.004569082573828487	0.0006922642627837927	0.0009067709885139941	0.0002823941596432622	0.00019119530779199145	0.003916156949063776
-0.0007777444238792341	0.0023733162078038994	-0.005130767169845729	0.0001929890663239231	0.00028267699293915705	0.0004696223583156023	-0.0003080798886681002	0.0036041099512771346
0.00065767176594278	0.002872591404263547	-0.00625413636188088	0.0006922642627837927	0.0009691803880711447	0.0011561257534484781	0.00012878590823417468	0.004540250944639501
-0.00046569742609192666	0.0029350008038206976	-0.004818720172058422	0.000629854863226198	0.0014684555845312364	0.0010313069543330666	-0.00012085168999576013	0.0042282039468515276
0.0005328529668275905	0.0016244034131134288	-0.006191726962323285	0.0005050360641110085	0.001780502582318766	0.001592991550350753	-5.844229043772131e-05	0.004977116741541554
-0.0006529256247642667	0.002435725607360606	-0.007065458556128057	0.0008794924614563548	0.0017180931827611712	0.0012809445525627794	0.0002536047073495862	0.004914707341983959
0.0007824905650575253	0.002685363205590985	-0.006753411558340083	0.0004426266645534138	0.0017180931827611712	0.0016554009499083477	6.637650867702405e-05	0.004977116741541554
0.00034562476815525045	0.0029974102033782923	-0.007502324353030554	0.00025539846588062964	0.001343636785416491	0.0005944411574307917	-0.00037048928822569493	0.0046650697437542465
-0.00046569742609192666	0.0036215041989526853	-0.005505223567190853	0.0006922642627837927	0.0019053213814337333	0.0009064881552178772	0.00019119530779199145	0.004977116741541554
0.00065767176594278	0.0033094572011653778	-0.006378955160995181	0.000629854863226198	0.0015308649840892752	0.0008440787556607265	3.967109118985235e-06	0.004540250944639501
-0.000590516225206672	0.004370416993643378	-0.005505223567190853	0.0004426266645534138	0.001343636785416491	0.0002823941596432622	6.637650867702405e-05	0.003728928750391436
0.0005328529668275905	0.003995960596298254	-0.0041946261764833626	0.0005050360641110085	0.0007819521893988046	-0.00015447163725923474	6.637650867702405e-05	0.004165794547294377
-0.0005281068256495214	0.003746322998068319	-0.00538040476807522	0.0005674454636681592	0.0011564085867437068	0.0004696223583156023	-5.844229043772131e-05	0.00410338514773656
0.0005952623663851853	0.003746322998068319	-0.00538040476807522	0.000629854863226198	0.0016556837832035765	0.0011561257534484781	0.0003160141069067368	0.0044778415450819065
-0.000403288026534776	0.003059819602935887	-0.007127867955685652	0.0004426266645534138	0.0014684555845312364	0.001780219749022871	-0.00018326108955335485	0.004602660344196652
-0.000403288026534776	0.0028101820047059523	-0.005942089364092906	0.0007546736623407213	0.002154958979663668	0.002029857347252806	0.0003160141069067368	0.005538801337558574
0.0005952623663851853	0.001811631611785991	-0.006191726962323285	0.0004426266645534138	0.0017180931827611712	0.0019050385481380605	-0.00012085168999576013	0.004977116741541554
-0.0006529256247642667	0.0020612692100159258	-0.007876780750375234	0.0005050360641110085	0.002404596577894047	0.00259154194327027	3.967109118985235e-06	0.00585084833534677
0.000844899964614898	0.0029974102033782923	-0.00612931756276569	0.0007546736623407213	0.002404596577894047	0.0016554009499083477	0.00012878590823417468	0.005289163739329084
-0.0007153350243220835	0.002872591404263547	-0.005754861165420788	0.0005050360641110085	0.0018429119818761386	0.0017178103494652763	6.637650867702405e-05	0.005101935540656299
0.0007200811655003747	0.0034342760002807893	-0.006378955160995181	0.000629854863226198	0.0010315897876291835	-2.965283814404529e-05	-0.00018326108955335485	0.00410338514773656
-0.000840153823437273	0.003995960596298254	-0.004756310772500827	0.0007546736623407213	0.001343636785416491	0.000532031757873197	0.00012878590823417468	0.0040409757481794095
0.0007824905650575253	0.003871141797183064	-0.005942089364092906	0.0003802172649958191	0.0012188179863013016	0.0006568505569883865	6.637650867702405e-05	0.004290613346409566
0.0005952623663851853	0.003683913598511168	-0.004756310772500827	0.000629854863226198	0.0009691803880711447	0.0004696223583156023	-0.00012085168999576013	0.003916156949063776
-0.00046569742609192666	0.0028101820047059523	-0.005317995368518513	0.0006922642627837927	0.0017180931827611712	0.001592991550350753	0.00019119530779199145	0.0044778415450819065
0.0005328529668275905	0.0023109068082458606	-0.007065458556128057	0.0003802172649958191	0.0016556837832035765	0.0014057633516779688	-0.00018326108955335485	0.0046650697437542465
-0.0007153350243220835	0.0021860880091311152	-0.005942089364092906	0.0003802172649958191	0.0019053213814337333	0.0014057633516779688	-0.00018326108955335485	0.004852297942426587
0.0007824905650575253	0.001811631611785991	-0.006566183359668187	0.000817083061898316	0.0024670059774511977	0.0020922667468108447	-0.00012085168999576013	0.004977116741541554
-0.0006529256247642667	0.0023733162078038994	-0.007127867955685652	0.00031780786543822437	0.0011564085867437068	0.0002823941596432622	-0.00018326108955335485	0.0040409757481794095
0.0004704435672699958	0.0028101820047059523	-0.005317995368518513	0.0006922642627837927	0.0016556837832035765	0.0007816693561035759	0.00019119530779199145	0.004290613346409566
-0.000403288026534776	0.0032470478016086712	-0.005317995368518513	0.00031780786543822437	0.0007195427898412099	-0.0009033844319492612	-0.0002456704891105055	0.0031672441543746377
-0.0006529256247642667	0.0044328263932007506	-0.0033833039822357414	0.0005674454636681592	0.0004699051916117192	-0.0008409750323916665	3.967109118985235e-06	0.0030424253552594482
0.0005328529668275905	0.003746322998068319	-0.005130767169845729	0.000629854863226198	0.0001578581938239676	-0.00021688103681638538	-0.00018326108955335485	0.0030424253552594482
-0.000590516225206672	0.003871141797183064	-0.00538040476807522	0.0011291300596862897	0.0008443615889563993	0.0002823941596432622	0.00019119530779199145	0.003916156949063776
0.00065767176594278	0.0027477726051483575	-0.005130767169845729	0.001253948858800591	0.0009067709885139941	9.516596097070007e-05	-5.844229043772131e-05	0.0044778415450819065
-0.0007153350243220835	0.0012499470157687487	-0.007689552551702894	0.0011915394592438844	0.00159327438364687	0.0017178103494652763	6.637650867702405e-05	0.004852297942426587
0.00065767176594278	0.0013123564153263434	-0.007627143152145299	0.0015035864570307478	0.0018429119818761386	0.001592991550350753	0.00019119530779199145	0.004852297942426587
-0.00046569742609192666	0.0012499470157687487	-0.006441364560552776	0.0009419018610135055	0.001967730780991328	0.001780219749022871	6.637650867702405e-05	0.005039526141099149
0.0007824905650575253	0.0013747658148839381	-0.007439914953472959	0.0006922642627837927	0.0018429119818761386	0.000719259956545093	-0.00012085168999576013	0.004914707341983959
0.00040803416771328926	0.0031846384020510765	-0.006441364560552776	0.0007546736623407213	0.0015308649840892752	3.2756561413105345e-05	-0.0003080798886681002	0.004165794547294377
-0.0002784692274195866	0.004308007594085561	-0.006378955160995181	0.0010043112605711002	0.002154958979663668	0.0004696223583156023	0.0005032423055790769	0.004914707341983959
0.00040803416771328926	0.004807282790545431	-0.005630042366305599	0.00025539846588062964	0.0003450863924965297	-0.0016522972266388436	-0.0003080798886681002	0.0033544723530467557
-0.0006529256247642667	0.004807282790545431	-0.0046314919733860815	0.0005050360641110085	0.0003450863924965297	-0.0007785656328340718	3.967109118985235e-06	0.003978566348621371
0.0005952623663851853	0.004058369995855848	-0.006378955160995181	0.0005674454636681592	0.0008443615889563993	-2.965283814404529e-05	3.967109118985235e-06	0.0040409757481794095
-0.0006529256247642667	0.0036215041989526853	-0.005817270564978383	0.0004426266645534138	0.0016556837832035765	0.0004696223583156023	-0.00012085168999576013	0.0037913381499490306
0.0005952623663851853	0.0021236786095735205	-0.006441364560552776	0.0005674454636681592	0.0020925495801065175	0.001592991550350753	-0.00012085168999576013	0.004977116741541554
-0.000590516225206672	0.001811631611785991	-0.00612931756276569	0.0009419018610135055	0.002591824776566387	0.0014681727512355636	0.0003160141069067368	0.004914707341983959
-0.000590516225206672	0.0014371752144410888	-0.006691002158782933	0.0003802172649958191	0.0024670059774511977	0.001592991550350753	3.967109118985235e-06	0.004540250944639501
0.00065767176594278	0.002685363205590985	-0.007127867955685652	0.000629854863226198	0.002404596577894047	0.0008440787556607265	3.967109118985235e-06	0.0046650697437542465
-0.000590516225206672	0.0035590947993959787	-0.004693901372943232	0.000629854863226198	0.002217368379221263	0.0002823941596432622	0.0002536047073495862	0.004290613346409566
0.0005328529668275905	0.0033718666007234166	-0.0052555859689609186	0.0003802172649958191	0.0009691803880711447	-2.965283814404529e-05	-0.00012085168999576013	0.003978566348621371
-0.0005281068256495214	0.0046200545918726466	-0.004881129571615794	0.0005674454636681592	0.0008443615889563993	-9.206223770164002e-05	0.00012878590823417468	0.0032296535539317883
0.00065767176594278	0.004744873390987836	-0.002821619386218499	0.000629854863226198	0.0006571333902836152	0.0002823941596432622	-0.00018326108955335485	0.003728928750391436
-0.0007153350243220835	0.003683913598511168	-0.004506673174270892	0.0010043112605711002	0.0016556837832035765	0.0013433539521203741	0.0004408329060214822	0.004789888542868992
0.0009697187637300875	0.0036215041989526853	-0.0054428141676328146	5.760867651360968e-06	0.0010315897876291835	0.000532031757873197	-0.00043289868778284557	0.003916156949063776
0.00065767176594278	0.0016868128126714677	-0.006815820957898566	0.0005050360641110085	0.0017180931827611712	0.001780219749022871	3.967109118985235e-06	0.004789888542868992
-0.0006529256247642667	0.0021860880091311152	-0.0075647337525877045	0.0005050360641110085	0.0022797777787788576	0.002029857347252806	3.967109118985235e-06	0.005601210737116169
0.00065767176594278	0.0019364504109011804	-0.006628592759225782	0.000629854863226198	0.002342187178336008	0.0014681727512355636	6.637650867702405e-05	0.004852297942426587
-0.00046569742609192666	0.0023733162078038994	-0.007751961951260045	0.0006922642627837927	0.0024670059774511977	0.0017178103494652763	6.637650867702405e-05	0.005413982538443829
0.0007824905650575253	0.003746322998068319	-0.006691002158782933	0.0007546736623407213	0.002404596577894047	0.00040721295875800756	6.637650867702405e-05	0.004165794547294377
-0.000590516225206672	0.003746322998068319	-0.005317995368518513	0.0004426266645534138	0.0012188179863013016	-0.0004665186350467643	-0.00018326108955335485	0.003978566348621371
0.0005328529668275905	0.004058369995855848	-0.006191726962323285	0.0006922642627837927	0.0011564085867437068	-0.0010282032310635625	0.00012878590823417468	0.003978566348621371
-0.0005281068256495214	0.005244148587448372	-0.004069807377368395	0.0005050360641110085	0.0007819521893988046	-0.0014650690279665035	-0.00012085168999576013	0.002917606556144259
-0.00046569742609192666	0.004058369995855848	-0.0056924517658631935	0.0005674454636681592	0.0011564085867437068	-0.00015447163725923474	0.00019119530779199145	0.003916156949063776
0.00065767176594278	0.003871141797183064	-0.005505223567190853	0.0007546736623407213	0.0012188179863013016	-0.00040410923548916955	0.00012878590823417468	0.0037913381499490306
-0.00046569742609192666	0.002872591404263547	-0.005754861165420788	0.000817083061898316	0.0017180931827611712	0.00021998476008566747	0.00019119530779199145	0.0037913381499490306
0.00040803416771328926	0.001811631611785991	-0.008313646547277731	0.00031780786543822437	0.0015308649840892752	0.0002823941596432622	-0.0002456704891105055	0.004353022745966717
-0.0007777444238792341	0.0020612692100159258	-0.0073775055539153644	0.00031780786543822437	0.0019053213814337333	0.0004696223583156023	3.967109118985235e-06	0.0044778415450819065
0.0005952623663851853	0.0012499470157687487	-0.008001599549490424	0.0005050360641110085	0.0020301401805484787	0.0010937163538908834	-0.00018326108955335485	0.005226754339771489
-0.0007777444238792341	0.001998859810458775	-0.009000149942410163	0.0007546736623407213	0.002154958979663668	0.00021998476008566747	0.00037842350646433154	0.004602660344196652
0.000844899964614898	0.0029350008038206976	-0.006628592759225782	0.0005674454636681592	0.0015308649840892752	0.0003448035592008569	6.637650867702405e-05	0.004290613346409566
0.0005952623663851853	0.0033094572011653778	-0.006628592759225782	0.000629854863226198	0.0010315897876291835	-9.206223770164002e-05	6.637650867702405e-05	0.004353022745966717
-0.0007153350243220835	0.003933551196740659	-0.004506673174270892	0.00031780786543822437	0.0004074957920543465	-0.001340250228851536	-0.00018326108955335485	0.0030424253552594482
0.00040803416771328926	0.0034342760002807893	-0.005193176569403324	0.0003802172649958191	0.00022026759338156232	-0.001153022030178752	-0.0002456704891105055	0.0027927877570295134
-0.00046569742609192666	0.003871141797183064	-0.005567632966748004	0.0006922642627837927	0.0009691803880711447	-0.0002792904363744242	0.0002536047073495862	0.002917606556144259
0.0004704435672699958	0.0031222290024930377	-0.005130767169845729	0.0003802172649958191	0.0007819521893988046	-0.0009657938315068559	-0.00012085168999576013	0.0037913381499490306
-0.0007153350243220835	0.00224849740868871	-0.006691002158782933	0.0004426266645534138	0.002154958979663668	0.0005944411574307917	0.0002536047073495862	0.004540250944639501
0.0007200811655003747	0.002435725607360606	-0.007315096154357992	0.00025539846588062964	0.001967730780991328	0.0001575753605282948	-0.00018326108955335485	0.0042282039468515276
-0.0006529256247642667	0.001811631611785991	-0.008126418348605613	0.000629854863226198	0.0022797777787788576	0.0007816693561035759	3.967109118985235e-06	0.005039526141099149
-0.0007153350243220835	0.00262295380603339	-0.007627143152145299	0.0003802172649958191	0.0022797777787788576	0.0001575753605282948	3.967109118985235e-06	0.005413982538443829
0.0005952623663851853	0.0031222290024930377	-0.005942089364092906	0.0005674454636681592	0.001780502582318766	-0.0007785656328340718	3.967109118985235e-06	0.0046650697437542465
-0.0006529256247642667	0.0038087323976254694	-0.006503773960110593	0.0004426266645534138	0.0012812273858593404	-0.0006537468337193264	-0.00012085168999576013	0.005164344940214338
0.0005952623663851853	0.004932101589660176	-0.004881129571615794	0.0005674454636681592	0.0011564085867437068	-0.0017147066261964383	6.637650867702405e-05	0.004415432145523868
-0.0007153350243220835	0.005119329788332738	-0.003508122781351375	0.0004426266645534138	0.0005323145911693139	-0.001964344224426373	-5.844229043772131e-05	0.004789888542868992
0.00065767176594278	0.00455764519231594	-0.0052555859689609186	0.0004426266645534138	0.0008443615889563993	-0.0010906126306216013	0.00012878590823417468	0.005663620136674208
-0.00046569742609192666	0.004932101589660176	-0.005130767169845729	0.0005674454636681592	0.0010939991871867782	-0.0005913374341619537	3.967109118985235e-06	0.005289163739329084
0.0005952623663851853	0.0033718666007234166	-0.008313646547277731	0.00025539846588062964	0.0015308649840892752	0.0008440787556607265	-5.844229043772131e-05	0.00622530473269145
0.000844899964614898	0.00224849740868871	-0.007439914953472959	0.0009419018610135055	0.0025294153770083483	0.0015305821507931583	0.0004408329060214822	0.00728626452516834
-0.000840153823437273	0.0008130812188662517	-0.008064008949047352	0.00013057966676632837	0.0017180931827611712	0.0013433539521203741	-0.00037048928822569493	0.006849398728266287
0.0005328529668275905	0.0013123564153263434	-0.009187378141082503	0.0005050360641110085	0.0019053213814337333	0.001780219749022871	-0.00018326108955335485	0.007972767920300994
-0.00046569742609192666	0.0029350008038206976	-0.0069406397570128675	0.000817083061898316	0.002154958979663668	0.0009688975547754719	0.00019119530779199145	0.00822240551853115
0.0005328529668275905	0.0031846384020510765	-0.006441364560552776	0.0006922642627837927	0.0009067709885139941	-0.00021688103681638538	-5.844229043772131e-05	0.009220955911450668
-0.0007777444238792341	0.00455764519231594	-0.006753411558340083	0.0009419018610135055	0.0001578581938239676	-0.0016522972266388436	0.0002536047073495862	0.009533002909238197
0.000844899964614898	0.005930651982580359	-0.0044442637747137415	0.00025539846588062964	-0.0005910546008656148	-0.0020267536239835238	-0.0002456704891105055	0.009096137112335478
-0.000840153823437273	0.005119329788332738	-0.006691002158782933	0.0005050360641110085	-0.00021659820352071257	-0.0012778408292939414	-5.844229043772131e-05	0.00996986870614025
-0.000590516225206672	0.00455764519231594	-0.006191726962323285	0.0006922642627837927	0.0004074957920543465	-0.0004665186350467643	6.637650867702405e-05	0.01053155330215838
0.0005952623663851853	0.0024981350069182007	-0.008064008949047352	0.0004426266645534138	0.0006571333902836152	0.000532031757873197	-5.844229043772131e-05	0.010281915703928224
-0.0006529256247642667	0.0017492222122286183	-0.009561834538427183	0.0005050360641110085	0.0014060461849740857	0.001592991550350753	3.967109118985235e-06	0.011405284895963153
0.0005328529668275905	0.0008754906184238465	-0.0088129217437376	0.0003802172649958191	0.001343636785416491	0.0017178103494652763	-0.00018326108955335485	0.012341425889325075
-0.0003408786269771813	0.0006258530201939116	-0.009249787540640098	0.0006922642627837927	0.0019053213814337333	0.002841179541500427	-0.0003080798886681002	0.011842150692865427
0.00034562476815525045	0.0010627188170961865	-0.009499425138870032	0.00013057966676632837	0.00028267699293915705	0.0003448035592008569	6.637650867702405e-05	0.011842150692865427
-0.0006529256247642667	0.0024981350069182007	-0.006378955160995181	0.0005050360641110085	-0.0007158733999803601	-0.00040410923548916955	-0.00012085168999576013	0.01103082849861825
0.0005952623663851853	0.0032470478016086712	-0.004319444975598552	0.0006922642627837927	-0.0007158733999803601	-0.000716156233276477	0.0003160141069067368	0.011405284895963153
0.0004704435672699958	0.0048696921901030255	-0.0031960757835631792	0.00025539846588062964	-0.0023385177884756025	-0.0020891630235411185	-0.0003080798886681002	0.010593962701715531
-0.0005281068256495214	0.004495235792758345	-0.0046314919733860815	0.0004426266645534138	-0.002026470790687851	-0.0008409750323916665	6.637650867702405e-05	0.012029378891537768
0.00065767176594278	0.003871141797183064	-0.005942089364092906	0.000629854863226198	-0.001589604993785132	-0.00040410923548916955	3.967109118985235e-06	0.012965519884899912
-0.0006529256247642667	0.0023733162078038994	-0.006191726962323285	0.0005050360641110085	-0.0008406921990959937	0.000719259956545093	6.637650867702405e-05	0.013090338684014657
0.0005952623663851853	0.0003138060224063821	-0.009437015739312438	0.00025539846588062964	-0.0004662358017506474	0.0018426291485804658	3.967109118985235e-06	0.014338526675164776
-0.0005281068256495214	0.0001889872232914147	-0.009686653337542594	0.0005050360641110085	0.0005323145911693139	0.003090817139729918	0.0002536047073495862	0.01521225826896977
0.000844899964614898	-0.0002478785736113043	-0.009062559341967313	6.817026720873365e-05	3.3039394709222236e-05	0.00240431374459793	-0.00043289868778284557	0.015836352264544162
-0.0009025632229939795	-0.0005599255713986118	-0.009000149942410163	0.0004426266645534138	-0.00015418880396356194	0.0014057633516779688	-0.00018326108955335485	0.01739658725348181
-0.0003408786269771813	0.003059819602935887	-0.006878230357455273	0.0006922642627837927	-0.0003414170026363461	0.0007816693561035759	0.00037842350646433154	0.01870718464418908
0.0004704435672699958	0.0038087323976254694	-0.007627143152145299	0.0001929890663239231	-0.0018392425920155109	-0.0010282032310635625	-0.0002456704891105055	0.018332728246843955
-0.000590516225206672	0.0054937861856783066	-0.0054428141676328146	0.0004426266645534138	-0.0020888801902452236	-0.0015898878270812489	3.967109118985235e-06	0.019268869240206765
0.0007200811655003747	0.005119329788332738	-0.005193176569403324	0.000629854863226198	-0.0021512895898030404	-0.0014650690279665035	0.00012878590823417468	0.018644775244631484
-0.000590516225206672	0.004370416993643378	-0.007252686754800397	0.00031780786543822437	-0.0019640613911302562	-0.0009657938315068559	-5.844229043772131e-05	0.018519956445516295
0.00065767176594278	0.003683913598511168	-0.0069406397570128675	0.0005674454636681592	-0.000965510998210739	0.0012185351530056288	-5.844229043772131e-05	0.017771043650826712
-0.0007153350243220835	0.0016868128126714677	-0.008376055946835326	0.0005050360641110085	-0.0002790076030778632	0.00240431374459793	-5.844229043772131e-05	0.017771043650826712
0.0007200811655003747	0.0009379000179809971	-0.009374606339755287	0.00013057966676632837	-0.0002790076030778632	0.0025291325437126755	-0.0002456704891105055	0.018083090648614686
0.0007824905650575253	0.0005010342210787222	-0.00993629093577253	0.000817083061898316	-0.0002790076030778632	0.003090817139729918	0.00019119530779199145	0.019144050441091576
-0.00046569742609192666	0.0014371752144410888	-0.010061109734887275	0.000629854863226198	-9.177940440596721e-05	0.00240431374459793	0.00019119530779199145	0.020579466630913368
0.0005328529668275905	0.0021236786095735205	-0.008126418348605613	0.00031780786543822437	-0.0012151485964406739	0.0007816693561035759	-0.0002456704891105055	0.020517057231355773
-0.0006529256247642667	0.0029350008038206976	-0.007751961951260045	0.0004426266645534138	-0.0019640613911302562	0.0003448035592008569	-5.844229043772131e-05	0.02089151362870112
0.0007200811655003747	0.004245598194528188	-0.006441364560552776	0.0006922642627837927	-0.0016520143933431708	-0.0003416998359315748	-0.0002456704891105055	0.020392238432241028
-0.0007777444238792341	0.00455764519231594	-0.004756310772500827	0.0001929890663239231	-0.002463336587590348	-0.0010282032310635625	3.967109118985235e-06	0.020080191434453942
0.00065767176594278	0.004120779395412999	-0.005754861165420788	0.0004426266645534138	-0.0018392425920155109	-0.00040410923548916955	-0.00012085168999576013	0.020641876030470963
-0.0006529256247642667	0.003871141797183064	-0.0058796799645353115	0.0006922642627837927	-0.0020888801902452236	0.00021998476008566747	3.967109118985235e-06	0.01976814443666619
-0.0007777444238792341	0.0013747658148839381	-0.008563284145507222	0.0001929890663239231	-0.001589604993785132	0.0010937163538908834	-0.0002456704891105055	0.01920645984064917
0.0007200811655003747	0.001187537616211376	-0.0088129217437376	0.0007546736623407213	-0.0007158733999803601	0.0019674479476956552	0.00012878590823417468	0.020017782034896348
-0.00046569742609192666	0.000750671819308657	-0.008251237147720136	0.000629854863226198	-0.0011527391968830791	0.0023419043450403354	0.00012878590823417468	0.02089151362870112
0.0005328529668275905	0.0002513966228487874	-0.00993629093577253	0.00025539846588062964	-0.001402376795113236	0.0017178103494652763	-0.0003080798886681002	0.02307584261321316
-0.00046569742609192666	0.0018740410113438077	-0.008376055946835326	0.0004426266645534138	-0.0012775579959980465	0.0013433539521203741	6.637650867702405e-05	0.022763795615425853
0.0005952623663851853	0.002435725607360606	-0.0069406397570128675	0.000629854863226198	-0.0020888801902452236	-0.0005289280346036929	3.967109118985235e-06	0.022326929818523578
-0.0006529256247642667	0.0033718666007234166	-0.006753411558340083	0.0001929890663239231	-0.0031498399827227797	-0.0020267536239835238	-0.0003080798886681002	0.021328379425603394
0.00040803416771328926	0.004495235792758345	-0.0041946261764833626	0.0003802172649958191	-0.0033994775809522704	-0.0020267536239835238	-0.00012085168999576013	0.02107874182737346
0.000844899964614898	0.0044328263932007506	-0.005505223567190853	0.000817083061898316	-0.002463336587590348	-0.0016522972266388436	0.0002536047073495862	0.021141151226931054
-0.0009025632229939795	0.003496685399838384	-0.006066908163208096	6.817026720873365e-05	-0.0031498399827227797	-0.0018395254253116278	-0.00037048928822569493	0.020641876030470963
0.0007200811655003747	0.002435725607360606	-0.006815820957898566	0.000629854863226198	-0.0025881553867050933	-0.0002792904363744242	6.637650867702405e-05	0.020579466630913368
-0.0005281068256495214	0.0010627188170961865	-0.009312196940197692	0.0005674454636681592	-0.0012775579959980465	0.0013433539521203741	0.00012878590823417468	0.020766694829586374
0.0005328529668275905	1.7590246190746228e-06	-0.009374606339755287	0.00031780786543822437	-0.0016520143933431708	0.0012809445525627794	-0.0002456704891105055	0.02120356062648865
-0.0006529256247642667	-0.0007471537700709519	-0.01012351913444487	0.00025539846588062964	-0.0005910546008656148	0.0023419043450403354	0.00037842350646433154	0.022202111019407944
0.0009073093641731589	-0.00018546917405370955	-0.010497975531789994	6.817026720873365e-05	-0.0022761083889175637	0.000719259956545093	-0.0003080798886681002	0.022701386215868258
-0.0007777444238792341	0.0005010342210787222	-0.007814371350818083	0.0003802172649958191	-0.002900202384492845	-0.0002792904363744242	-0.00018326108955335485	0.022888614414540376
-0.0006529256247642667	0.003496685399838384	-0.0069406397570128675	0.0003802172649958191	-0.003274658781837525	-0.001153022030178752	-5.844229043772131e-05	0.02407439300613312
0.0007824905650575253	0.005181739187890333	-0.004569082573828487	0.000629854863226198	-0.004085980976085146	-0.0023388006217708313	0.00019119530779199145	0.025384990396840168
-0.0007777444238792341	0.0048696921901030255	-0.005630042366305599	0.0001929890663239231	-0.004710074971659983	-0.002838075818231145	-0.00012085168999576013	0.025135352798610677
0.0007200811655003747	0.004807282790545431	-0.006566183359668187	0.0004426266645534138	-0.004210799775200336	-0.002213981822656086	-5.844229043772131e-05	0.025135352798610677
-0.000403288026534776	0.003995960596298254	-0.00625413636188088	0.000629854863226198	-0.003711524578740244	-0.0009657938315068559	-0.00043289868778284557	0.023013433213655565
0.00034562476815525045	0.0013123564153263434	-0.009561834538427183	0.00013057966676632837	-0.0016520143933431708	0.0019674479476956552	0.00012878590823417468	0.023512708410115435
-0.0005281068256495214	0.000563443620636761	-0.010373156732674804	0.0004426266645534138	-0.0017768331924579162	0.0021546761463684394	-5.844229043772131e-05	0.022326929818523578
0.0005952623663851853	-0.0006847443705133571	-0.011122069527364387	0.0001929890663239231	-0.0012775579959980465	0.0021546761463684394	-0.0002456704891105055	0.021702835822948296
0.0007200811655003747	1.7590246190746228e-06	-0.009374606339755287	0.0005674454636681592	-0.0011527391968830791	0.0013433539521203741	6.637650867702405e-05	0.02176524522250589
-0.0006529256247642667	0.0017492222122286183	-0.006691002158782933	0.0005050360641110085	-0.002026470790687851	0.0002823941596432622	3.967109118985235e-06	0.021702835822948296
0.00065767176594278	0.0032470478016086712	-0.005817270564978383	0.000629854863226198	-0.002463336587590348	-0.0009657938315068559	6.637650867702405e-05	0.021141151226931054
-0.0007153350243220835	0.005181739187890333	-0.0037577603795808656	0.00013057966676632837	-0.0036491151791826493	-0.002650847619558805	-0.00012085168999576013	0.02189006402162108
0.00065767176594278	0.0061178801812526995	-0.002447162988874041	0.0005674454636681592	-0.004585256172545238	-0.0031501228160188965	0.00012878590823417468	0.02213970161985057
-0.0006529256247642667	0.005306557987005522	-0.004069807377368395	0.0005050360641110085	-0.0040235715765275515	-0.0020891630235411185	-0.00012085168999576013	0.021141151226931054
0.00065767176594278	0.00455764519231594	-0.0046314919733860815	0.0001929890663239231	-0.0036491151791826493	-0.0005913374341619537	-0.0002456704891105055	0.019268869240206765
-0.000840153823437273	0.002435725607360606	-0.008064008949047352	0.0009419018610135055	-0.0014647861946708307	0.0018426291485804658	0.0003160141069067368	0.018207909447728987
-0.0009649726225520183	-0.0008719725691856972	-0.008875331143295195	5.760867651360968e-06	-0.0015271955942284254	0.0019674479476956552	-0.00037048928822569493	0.017209359054809026
0.0005952623663851853	-0.0013712477656457889	-0.008500874745950515	0.0003802172649958191	-0.0012775579959980465	0.0025291325437126755	-5.844229043772131e-05	0.017521406052596333
-0.0006529256247642667	-0.0008095631696281025	-0.009124968741524908	0.0003802172649958191	-0.0010279203977683338	0.0022794949454827407	-0.00018326108955335485	0.018519956445516295
0.0009697187637300875	0.0014995846139986835	-0.005942089364092906	0.0010667206601282508	-0.0012775579959980465	0.0013433539521203741	0.0005032423055790769	0.022014882820735826
-0.0006529256247642667	0.00262295380603339	-0.004881129571615794	0.0003802172649958191	-0.002900202384492845	-0.0006537468337193264	-0.0003080798886681002	0.022638976816310663
0.0005328529668275905	0.004245598194528188	-0.004693901372943232	0.0001929890663239231	-0.004772484371217134	-0.002838075818231145	0.00012878590823417468	0.0244488494034778
-0.0005281068256495214	0.0061178801812526995	-0.0023223441897584074	0.00025539846588062964	-0.00564621596502235	-0.003274941615133642	-0.0002456704891105055	0.02376234600834537
0.00040803416771328926	0.0054937861856783066	-0.004881129571615794	0.0005674454636681592	-0.004772484371217134	-0.0018395254253116278	0.00012878590823417468	0.02376234600834537
0.00065767176594278	0.003746322998068319	-0.005193176569403324	0.000629854863226198	-0.004522846772987643	-0.000716156233276477	0.00012878590823417468	0.022264520418966205
-0.0007777444238792341	0.0010627188170961865	-0.008188827748162986	0.00025539846588062964	-0.003961162176969957	0.0007816693561035759	-0.0002456704891105055	0.01976814443666619
0.0004704435672699958	-0.0003102879731680108	-0.009499425138870032	0.00025539846588062964	-0.003087430583165185	0.0020922667468108447	-0.0002456704891105055	0.018332728246843955
-0.0006529256247642667	-0.0006223349709562065	-0.008688102944622411	0.0005050360641110085	-0.0030250211836080343	0.0027163607423852376	6.637650867702405e-05	0.017958271849499052
0.0007200811655003747	-0.0005599255713986118	-0.009187378141082503	0.0006922642627837927	-0.002837792984935472	0.0023419043450403354	-5.844229043772131e-05	0.019144050441091576
-0.0007153350243220835	0.000563443620636761	-0.008001599549490424	0.00025539846588062964	-0.0052717595676772255	-0.000716156233276477	-0.00037048928822569493	0.01989296323578138
0.00040803416771328926	0.0023733162078038994	-0.0058796799645353115	0.000817083061898316	-0.004834893770774729	-0.0008409750323916665	0.0005032423055790769	0.02157801702383355
-0.00021605982786199185	0.004120779395412999	-0.0040073979778108	6.817026720873365e-05	-0.006582356958384716	-0.0029628946173463344	-0.0004953080873404403	0.02120356062648865
-0.0006529256247642667	0.005306557987005522	-0.0026968005871037537	0.00031780786543822437	-0.0067695851570570564	-0.0029004852177887397	-5.844229043772131e-05	0.02107874182737346
0.0005328529668275905	0.003746322998068319	-0.005005948370730984	0.0003802172649958191	-0.006894403956172246	-0.0020891630235411185	-0.0003080798886681002	0.019955372635338753
-0.000403288026534776	0.003496685399838384	-0.0050683577702885785	0.000817083061898316	-0.005895853563252285	-0.0003416998359315748	0.0004408329060214822	0.020205010233568688
0.0005952623663851853	0.0014371752144410888	-0.006503773960110593	0.0004426266645534138	-0.006582356958384716	0.0002823941596432622	-0.00012085168999576013	0.016834902657464346
-0.0006529256247642667	-0.00018546917405370955	-0.008937740542852568	0.0003802172649958191	-0.00583344416369469	0.0019050385481380605	0.0002536047073495862	0.016585265059234633
0.0007824905650575253	-6.06503749385201e-05	-0.007939190149932829	0.0006922642627837927	-0.0061454911614824415	0.0019674479476956552	-0.0002456704891105055	0.01664767445879156
-0.000840153823437273	-0.00037269737272604964	-0.007751961951260045	0.0005050360641110085	-0.0061454911614824415	0.0012809445525627794	-5.844229043772131e-05	0.01733417785392377
0.00065767176594278	0.000750671819308657	-0.005193176569403324	0.0005674454636681592	-0.006707175757499462	0.00021998476008566747	6.637650867702405e-05	0.01958091623799385
0.00065767176594278	0.004308007594085561	-0.003882579178695611	0.0006922642627837927	-0.007518497951746639	-0.0010906126306216013	0.00012878590823417468	0.020454647831798622
-0.000840153823437273	0.0048696921901030255	-0.00413221677692599	0.0001929890663239231	-0.008080182547764325	-0.0020267536239835238	-0.0003080798886681002	0.02070428543002878
0.0007200811655003747	0.005868242583022765	-0.0025719817879887863	0.000629854863226198	-0.007955363748649136	-0.0023388006217708313	6.637650867702405e-05	0.021016332427815865
-0.0005281068256495214	0.00505692038877581	-0.0033833039822357414	0.000629854863226198	-0.00764331675086205	-0.0014650690279665035	0.0002536047073495862	0.018020681249056647
0.00040803416771328926	0.0033094572011653778	-0.005567632966748004	0.0001929890663239231	-0.007768135549976796	-0.0010282032310635625	0.00012878590823417468	0.016959721456579535
-0.0005281068256495214	0.002685363205590985	-0.0050683577702885785	0.0003802172649958191	-0.006831994556614651	0.001592991550350753	-0.0002456704891105055	0.014837801871624645
0.00040803416771328926	0.0008754906184238465	-0.007502324353030554	0.0006922642627837927	-0.00583344416369469	0.0031532265392879566	0.0002536047073495862	0.01521225826896977
-0.00046569742609192666	0.0008130812188662517	-0.006503773960110593	0.000817083061898316	-0.006707175757499462	0.003090817139729918	0.0003160141069067368	0.015524305266757077
-0.0007153350243220835	0.0008130812188662517	-0.007502324353030554	0.00031780786543822437	-0.007580907351304456	0.00240431374459793	-0.00037048928822569493	0.015649124065871822
0.0007824905650575253	0.0023733162078038994	-0.006004498763650501	0.0007546736623407213	-0.007144041554401959	0.0021546761463684394	0.00019119530779199145	0.017084540255694725
-0.0007777444238792341	0.0032470478016086712	-0.0044442637747137415	0.00013057966676632837	-0.008267410746436665	0.0005944411574307917	-0.00018326108955335485	0.017583815452154594
0.0005952623663851853	0.004058369995855848	-0.004569082573828487	0.0005050360641110085	-0.008267410746436665	3.2756561413105345e-05	3.967109118985235e-06	0.019144050441091576
-0.0006529256247642667	0.004994510989218215	-0.003508122781351375	0.0005050360641110085	-0.008392229545551855	0.0001575753605282948	0.0002536047073495862	0.019518506838436256
0.000844899964614898	0.005368967386563117	-0.0025719817879887863	0.0007546736623407213	-0.010014873934046431	0.0003448035592008569	-0.0002456704891105055	0.018956822242419014
-0.000840153823437273	0.004058369995855848	-0.005130767169845729	0.0006922642627837927	-0.009952464534489058	0.001780219749022871	6.637650867702405e-05	0.019268869240206765
0.00065767176594278	0.004120779395412999	-0.005630042366305599	0.0005050360641110085	-0.010077283333604026	0.0027787701419428323	6.637650867702405e-05	0.018332728246843955
0.0005328529668275905	0.0013747658148839381	-0.007814371350818083	0.00031780786543822437	-0.010014873934046431	0.0031532265392879566	-0.00012085168999576013	0.016585265059234633
-0.0003408786269771813	0.0018740410113438077	-0.006691002158782933	0.0009419018610135055	-0.008829095342453908	0.0044014145304371866	0.0004408329060214822	0.016460446260119443
0.0004704435672699958	0.0012499470157687487	-0.006566183359668187	0.0004426266645534138	-0.009265961139356849	0.0035900923361900094	-0.00012085168999576013	0.01508743946985458
-0.0006529256247642667	0.0016244034131134288	-0.006815820957898566	0.00025539846588062964	-0.008704276543339162	0.0033404547379602967	-0.00012085168999576013	0.015337077068084293
0.00065767176594278	0.0029974102033782923	-0.0046314919733860815	0.0006922642627837927	-0.008454638945109227	0.0029035889410575777	0.0003160141069067368	0.015274667668527142
-0.00046569742609192666	0.003871141797183064	-0.003508122781351375	0.0006922642627837927	-0.008641867143781568	0.0008440787556607265	-0.0003080798886681002	0.014026479677377468
0.00034562476815525045	0.0038087323976254694	-0.004257035576040957	0.0001929890663239231	-0.008704276543339162	0.0009688975547754719	-0.0002456704891105055	0.014276117275607403
-0.0007153350243220835	0.0046200545918726466	-0.0033208945826785907	0.000817083061898316	-0.009141142340241215	0.0017178103494652763	0.0003160141069067368	0.014338526675164776
-0.000590516225206672	0.0034342760002807893	-0.005130767169845729	0.0004426266645534138	-0.009390779938471594	0.0027163607423852376	3.967109118985235e-06	0.013839251478705128
0.00065767176594278	0.0028101820047059523	-0.005130767169845729	0.0005050360641110085	-0.009890055134931464	0.0035900923361900094	-5.844229043772131e-05	0.013090338684014657
-0.000590516225206672	0.0014995846139986835	-0.006691002158782933	0.0004426266645534138	-0.010077283333604026	0.004775870927782755	3.967109118985235e-06	0.01252865408799786
0.0004704435672699958	0.00037621542196397684	-0.007814371350818083	0.0003802172649958191	-0.010139692733161176	0.005524783722472337	-0.00012085168999576013	0.012591063487555454
-0.0005281068256495214	0.0008130812188662517	-0.00625413636188088	0.0005674454636681592	-0.010014873934046431	0.00627369651716192	-0.0002456704891105055	0.012091788291095362
0.0004704435672699958	0.0002513966228487874	-0.007065458556128057	0.0003802172649958191	-0.009952464534489058	0.005212736724685252	6.637650867702405e-05	0.013027929284457507
-0.0006529256247642667	0.0013747658148839381	-0.006191726962323285	0.0006922642627837927	-0.010202102132718771	0.00471346152822516	0.00019119530779199145	0.013776842079147533
0.0007200811655003747	0.0024981350069182007	-0.0040073979778108	0.00025539846588062964	-0.010638967929621046	0.003465273537075264	-0.00012085168999576013	0.013901660878262723
0.00065767176594278	0.004120779395412999	-0.0031960757835631792	0.000629854863226198	-0.010389330331391555	0.0033404547379602967	6.637650867702405e-05	0.014276117275607403
-0.000590516225206672	0.0046200545918726466	-0.0021351159910865114	0.0005674454636681592	-0.0105141491305063	0.0034028641375176694	3.967109118985235e-06	0.01440093607472237
0.00034562476815525045	0.003683913598511168	-0.004319444975598552	0.0001929890663239231	-0.011387880724311072	0.0029659983406151724	-0.00037048928822569493	0.013215157483130291
-0.0006529256247642667	0.0032470478016086712	-0.0046314919733860815	0.00031780786543822437	-0.010888605527851647	0.005025508526012468	3.967109118985235e-06	0.013027929284457507
0.000844899964614898	0.002685363205590985	-0.004818720172058422	0.000817083061898316	-0.011387880724311072	0.00627369651716192	-5.844229043772131e-05	0.01240383528888267
-0.0006529256247642667	0.0010627188170961865	-0.007065458556128057	0.0003802172649958191	-0.011762337121656419	0.00820838790344447	0.00012878590823417468	0.01252865408799786
0.00065767176594278	0.0008130812188662517	-0.006628592759225782	0.0001929890663239231	-0.012324021717673439	0.007958750305213869	-0.0003080798886681002	0.01265347288711216
-0.000840153823437273	0.0006258530201939116	-0.006004498763650501	0.0010043112605711002	-0.011325471324753478	0.008021159704771907	0.0004408329060214822	0.013339976282244592
-0.000840153823437273	0.0019364504109011804	-0.004756310772500827	0.00013057966676632837	-0.011512699523426262	0.006835381113179606	-0.0002456704891105055	0.013215157483130291
0.0007824905650575253	0.0033718666007234166	-0.003258485183121218	0.0006922642627837927	-0.010951014927408353	0.005961649519374834	0.0002536047073495862	0.013527204480917376
-0.0007153350243220835	0.003683913598511168	-0.0036329415804661203	0.00031780786543822437	-0.010888605527851647	0.0052751461242424025	-0.00018326108955335485	0.013527204480917376
0.0007200811655003747	0.004495235792758345	-0.0023223441897584074	0.000629854863226198	-0.010951014927408353	0.005587193122029488	0.00012878590823417468	0.013402385681802631
-0.00046569742609192666	0.004308007594085561	-0.0030088475848912832	0.0005050360641110085	-0.011450290123868667	0.005836830720259867	-0.0003080798886681002	0.01227901648976748
0.00040803416771328926	0.0028101820047059523	-0.0054428141676328146	0.0003802172649958191	-0.011512699523426262	0.00889489129857668	0.00037842350646433154	0.012154197690652735
-0.0003408786269771813	0.002435725607360606	-0.0046314919733860815	0.0003802172649958191	-0.012386431117231256	0.009019710097691869	-0.0002456704891105055	0.01053155330215838
0.0004704435672699958	0.0006258530201939116	-0.007252686754800397	0.0004426266645534138	-0.011387880724311072	0.009893441691496863	0.00012878590823417468	0.010219506304370629
0.0005952623663851853	1.7590246190746228e-06	-0.0054428141676328146	0.0005674454636681592	-0.011263061925196327	0.010143079289726797	3.967109118985235e-06	0.0099074593065831
-0.0005281068256495214	0.000563443620636761	-0.004818720172058422	0.0006922642627837927	-0.011387880724311072	0.009643804093266706	0.0002536047073495862	0.011405284895963153
0.00065767176594278	0.0015619940135558341	-0.004319444975598552	0.0005674454636681592	-0.012324021717673439	0.008333206702559659	3.967109118985235e-06	0.012591063487555454
-0.0006529256247642667	0.0031846384020510765	-0.0016358407946264197	0.0005050360641110085	-0.013072934512363465	0.00820838790344447	-5.844229043772131e-05	0.01571153346542986
0.0005328529668275905	0.004183188794970594	-0.001573431395068825	0.0004426266645534138	-0.013821847307053048	0.006211287117604325	0.00012878590823417468	0.0158987616641022
-0.000590516225206672	0.00505692038877581	-0.0014486125959540797	0.0005050360641110085	-0.013322572110593178	0.006024058918932429	-0.00012085168999576013	0.014775392472067495
0.00065767176594278	0.004994510989218215	-0.0010741561986091774	0.0005050360641110085	-0.013072934512363465	0.006523334115392299	3.967109118985235e-06	0.013464795081359782
-0.0007153350243220835	0.003871141797183064	-0.004381854375155703	0.0006922642627837927	-0.011949565320328315	0.007709112706984378	0.00012878590823417468	0.011342875496405558
-0.0007777444238792341	0.00043862482152112747	-0.00538040476807522	0.0001929890663239231	-0.011575108922983857	0.008520434901231555	-0.0003080798886681002	0.009345774710565857
0.00065767176594278	-0.0008719725691856972	-0.007003049156570462	0.0007546736623407213	-0.010763786728736457	0.0097062134928243	0.00019119530779199145	0.00853445251631868
-0.000403288026534776	-0.0008719725691856972	-0.00612931756276569	0.0006922642627837927	-0.010264511532276366	0.011328857881318877	0.0003160141069067368	0.00853445251631868
0.00040803416771328926	-0.000497516171840573	-0.00538040476807522	0.00025539846588062964	-0.011762337121656419	0.0097062134928243	-0.0002456704891105055	0.009845049907025949
-0.0006529256247642667	0.000750671819308657	-0.0046314919733860815	0.0003802172649958191	-0.011512699523426262	0.008145978503886875	-5.844229043772131e-05	0.01121805669729059
0.0005952623663851853	0.002435725607360606	-0.0021351159910865114	0.0005674454636681592	-0.011200652525638732	0.005399964923357148	6.637650867702405e-05	0.012154197690652735
-0.000590516225206672	0.003933551196740659	-0.0006372904017064585	0.0005674454636681592	-0.011263061925196327	0.004588642729109971	3.967109118985235e-06	0.012029378891537768
0.00065767176594278	0.003683913598511168	-0.0013237937968393343	0.0004426266645534138	-0.011075833726523987	0.005337555523799997	-5.844229043772131e-05	0.011530103695077898
0.0007200811655003747	0.0025605444064757954	-0.002447162988874041	0.000629854863226198	-0.011387880724311072	0.005649602521587083	3.967109118985235e-06	0.01040673450304297
-0.0007777444238792341	0.0002513966228487874	-0.0050683577702885785	0.00025539846588062964	-0.011824746521213125	0.007085018711409097	-0.00018326108955335485	0.009033727712778772
0.0004704435672699958	-0.0008095631696281025	-0.005317995368518513	0.0003802172649958191	-0.01163751832254123	0.00877007249946149	-0.00012085168999576013	0.007660720922513908
-0.0005281068256495214	-0.0013712477656457889	-0.005817270564978383	0.0006922642627837927	-0.01163751832254123	0.010267898088841099	0.00012878590823417468	0.007847949121186248
0.0007200811655003747	-0.0014960665647605342	-0.006441364560552776	0.0007546736623407213	-0.011699927722098824	0.01045512628751366	-5.844229043772131e-05	0.008908908913663138
-0.0006529256247642667	-0.0004351067722834223	-0.004506673174270892	0.0003802172649958191	-0.013010525112805649	0.009643804093266706	-0.00012085168999576013	0.010344325103485374
0.0005952623663851853	0.0009379000179809971	-0.003508122781351375	0.000629854863226198	-0.012136793519001099	0.00839561610211681	0.0002536047073495862	0.011842150692865427
-0.0005281068256495214	0.0028101820047059523	-0.00038765280347696773	0.00031780786543822437	-0.012386431117231256	0.006835381113179606	-0.0002456704891105055	0.011904560092422578
-0.0005281068256495214	0.004245598194528188	-0.000512471602591269	0.0005050360641110085	-0.011699927722098824	0.00577442132070205	6.637650867702405e-05	0.01240383528888267
0.0005328529668275905	0.0035590947993959787	-0.0014486125959540797	0.0005050360641110085	-0.011200652525638732	0.005212736724685252	-0.0002456704891105055	0.011155647297732996
-0.0005281068256495214	0.0033094572011653778	-0.0008869279999363933	0.000629854863226198	-0.009890055134931464	0.00577442132070205	0.00012878590823417468	0.010281915703928224
0.0005328529668275905	0.0012499470157687487	-0.003258485183121218	0.00031780786543822437	-0.010077283333604026	0.0052751461242424025	-0.00018326108955335485	0.006786989328708692
-0.0007777444238792341	0.0002513966228487874	-0.0041946261764833626	0.00031780786543822437	-0.009328370538914	0.006772971713622011	0.0003160141069067368	0.006474942330921385
0.000844899964614898	1.7590246190746228e-06	-0.0036329415804661203	0.0007546736623407213	-0.009702826936259124	0.008021159704771907	-5.844229043772131e-05	0.006412532931363568
-0.0006529256247642667	-0.0009343819687432919	-0.004943538971173389	0.0004426266645534138	-0.010014873934046431	0.00858284430078915	-0.00018326108955335485	0.006849398728266287
0.0004704435672699958	-0.000497516171840573	-0.0019478877924141713	0.0007546736623407213	-0.010139692733161176	0.008957300698134052	0.0004408329060214822	0.008784090114548171
0.0004704435672699958	0.0012499470157687487	-0.0025719817879887863	0.0004426266645534138	-0.011512699523426262	0.007397065709196848	-0.00018326108955335485	0.009096137112335478
-0.0006529256247642667	0.00224849740868871	-0.000949337399493988	0.00025539846588062964	-0.010888605527851647	0.007397065709196848	-0.00012085168999576013	0.009845049907025949
0.00065767176594278	0.0033718666007234166	0.00011162239298312393	0.0006922642627837927	-0.010638967929621046	0.006585743514949671	3.967109118985235e-06	0.01040673450304297
-0.0005281068256495214	0.0029350008038206976	-0.0006996998012640532	0.0005674454636681592	-0.009890055134931464	0.005961649519374834	0.00019119530779199145	0.008784090114548171
0.0004704435672699958	0.0023733162078038994	-0.0007621092008216479	0.0004426266645534138	-0.009765236335816274	0.00627369651716192	3.967109118985235e-06	0.008347224317645896
-0.0005281068256495214	0.0020612692100159258	-0.001386203196396485	0.0004426266645534138	-0.009702826936259124	0.006772971713622011	6.637650867702405e-05	0.007223855125610967
0.0005952623663851853	0.0006258530201939116	-0.0033208945826785907	0.0005050360641110085	-0.009453189338029189	0.008145978503886875	6.637650867702405e-05	0.006786989328708692
-0.000590516225206672	0.0002513966228487874	-0.0035705321809085255	0.000629854863226198	-0.010139692733161176	0.00820838790344447	0.00012878590823417468	0.006537351730478758
-0.0007153350243220835	-0.0003102879731680108	-0.00413221677692599	0.0004426266645534138	-0.010264511532276366	0.00877007249946149	-5.844229043772131e-05	0.0069742175273810325
0.00065767176594278	0.0006258530201939116	-0.002384753589316446	0.000629854863226198	-0.010202102132718771	0.009082119497249241	0.00012878590823417468	0.007660720922513908
-0.000840153823437273	0.001187537616211376	-0.0022599347902012568	0.0001929890663239231	-0.011200652525638732	0.00808356910432928	-0.0002456704891105055	0.008659271315432981
0.0007200811655003747	0.0021236786095735205	-0.0016358407946264197	0.0007546736623407213	-0.011325471324753478	0.00845802550167396	0.00019119530779199145	0.01053155330215838
-0.0006529256247642667	0.0029974102033782923	-0.000325243403919373	0.0005050360641110085	-0.011263061925196327	0.00845802550167396	-0.00018326108955335485	0.009845049907025949
0.00040803416771328926	0.0027477726051483575	-0.0010741561986091774	0.00031780786543822437	-0.011200652525638732	0.0075842939078691884	6.637650867702405e-05	0.00959541230879557
-0.0005281068256495214	0.0024981350069182007	-0.0014486125959540797	0.0005674454636681592	-0.010763786728736457	0.006897790512737201	-5.844229043772131e-05	0.00840963371720349
0.00065767176594278	0.002435725607360606	-0.002634391187546381	0.0004426266645534138	-0.010638967929621046	0.006835381113179606	6.637650867702405e-05	0.007660720922513908
0.0005952623663851853	0.00037621542196397684	-0.0036329415804661203	0.0005050360641110085	-0.010389330331391555	0.0071474281109666915	3.967109118985235e-06	0.006786989328708692
-0.000590516225206672	0.00043862482152112747	-0.003071256984448878	0.0005674454636681592	-0.010638967929621046	0.00820838790344447	3.967109118985235e-06	0.006911808127823438
0.0007200811655003747	-0.0002478785736113043	-0.004069807377368395	0.0006922642627837927	-0.011200652525638732	0.00845802550167396	0.00012878590823417468	0.007036626926938627
-0.0007777444238792341	-0.000497516171840573	-0.004319444975598552	0.00013057966676632837	-0.011699927722098824	0.008832481899019085	-0.0002456704891105055	0.007847949121186248
0.0007200811655003747	0.0003138060224063821	-0.0025095723884311916	0.0005674454636681592	-0.011887155920771164	0.009394166495036327	3.967109118985235e-06	0.008784090114548171
-0.0006529256247642667	0.0008130812188662517	-0.0026968005871037537	0.0005674454636681592	-0.011200652525638732	0.008270797303001176	0.00019119530779199145	0.008908908913663138
0.0007200811655003747	0.0015619940135558341	-0.001573431395068825	0.00013057966676632837	-0.011512699523426262	0.0071474281109666915	-0.0003080798886681002	0.00872168071499102
-0.000840153823437273	0.0019364504109011804	-0.0010741561986091774	0.000817083061898316	-0.011075833726523987	0.006523334115392299	0.00019119530779199145	0.009096137112335478
-0.0006529256247642667	0.00224849740868871	-0.0006996998012640532	0.0005050360641110085	-0.01045173973094915	0.006585743514949671	6.637650867702405e-05	0.00853445251631868
0.0002832153685980998	0.0017492222122286183	-0.001386203196396485	6.817026720873365e-05	-0.010888605527851647	0.005399964923357148	-0.0004953080873404403	0.00728626452516834
-0.00046569742609192666	0.0013123564153263434	-0.0023223441897584074	0.0006922642627837927	-0.009765236335816274	0.005836830720259867	0.0002536047073495862	0.007348673924726379
0.00065767176594278	0.0006258530201939116	-0.002634391187546381	0.000629854863226198	-0.009578008137144378	0.0063361059167199585	3.967109118985235e-06	0.00622530473269145
-0.0005281068256495214	6.416842417666935e-05	-0.002821619386218499	0.0005674454636681592	-0.009078732940684286	0.006772971713622011	-0.00012085168999576013	0.005788438935788731
0.0005952623663851853	-0.0007471537700709519	-0.004069807377368395	0.0005050360641110085	-0.009578008137144378	0.00808356910432928	-5.844229043772131e-05	0.006474942330921385
-0.000590516225206672	-0.00012305977449611483	-0.002634391187546381	0.0007546736623407213	-0.009890055134931464	0.007896340905657162	0.00019119530779199145	0.0075983115229558695
0.0007824905650575253	0.0010003094175385918	-0.0018854783928565766	0.00025539846588062964	-0.010389330331391555	0.007646703307426783	-0.00012085168999576013	0.008159996118973556
0.0007200811655003747	0.002872591404263547	-7.560580568921615e-05	0.0005050360641110085	-0.010014873934046431	0.0071474281109666915	3.967109118985235e-06	0.00872168071499102
-0.0006529256247642667	0.0033094572011653778	-7.560580568921615e-05	0.0005050360641110085	-0.009952464534489058	0.005961649519374834	3.967109118985235e-06	0.008908908913663138
0.0007824905650575253	0.00262295380603339	-0.0006996998012640532	0.0006922642627837927	-0.009078732940684286	0.005712011921144677	0.0002536047073495862	0.00822240551853115
-0.0007777444238792341	0.0023733162078038994	-0.0008245186003792426	0.00025539846588062964	-0.009141142340241215	0.0052751461242424025	-0.00012085168999576013	0.006849398728266287
0.0005328529668275905	0.0013747658148839381	-0.0021351159910865114	0.0005674454636681592	-0.010014873934046431	0.00577442132070205	0.00019119530779199145	0.006724579929151542
-0.000590516225206672	0.0002513966228487874	-0.0031336663840064727	0.0006922642627837927	-0.010264511532276366	0.00820838790344447	6.637650867702405e-05	0.00622530473269145
0.00065767176594278	-0.00018546917405370955	-0.0026968005871037537	0.0003802172649958191	-0.0105141491305063	0.008270797303001176	3.967109118985235e-06	0.006287714132249045
-0.000590516225206672	-0.0008095631696281025	-0.00344571338179378	0.0005050360641110085	-0.01070137732917864	0.008520434901231555	-5.844229043772131e-05	0.006537351730478758
-0.0002784692274195866	0.0008754906184238465	-0.0007621092008216479	0.0008794924614563548	-0.010264511532276366	0.010330307488398693	0.0004408329060214822	0.008159996118973556
0.0004704435672699958	0.0011251282166535592	-0.0016358407946264197	0.00031780786543822437	-0.01219920291855825	0.00870766309990434	-0.00018326108955335485	0.008284814918088301
-0.00046569742609192666	0.0027477726051483575	-0.00045006220303456246	0.0006922642627837927	-0.01201197471988591	0.009768622892381229	0.00012878590823417468	0.009845049907025949
0.0007200811655003747	0.0034342760002807893	0.0004860787903282482	0.0006922642627837927	-0.012324021717673439	0.009331757095478732	0.00012878590823417468	0.009096137112335478
-0.0009025632229939795	0.0027477726051483575	-0.0011365655981665501	5.760867651360968e-06	-0.012698478115018341	0.007646703307426783	0.0002536047073495862	0.008596861915875387
0.000844899964614898	0.00262295380603339	-0.0008245186003792426	0.0006922642627837927	-0.010576558530063895	0.007334656309639476	-5.844229043772131e-05	0.007660720922513908
-0.0006529256247642667	0.00224849740868871	-0.0014486125959540797	0.0006922642627837927	-0.010202102132718771	0.007397065709196848	0.00019119530779199145	0.006724579929151542
0.0007200811655003747	0.0006258530201939116	-0.002884028785776094	0.0003802172649958191	-0.009702826936259124	0.007521884508312038	-0.00012085168999576013	0.00585084833534677
0.0005952623663851853	0.0003138060224063821	-0.002447162988874041	0.000629854863226198	-0.009640417536701085	0.006960199912294351	3.967109118985235e-06	0.00585084833534677
-0.0005281068256495214	-6.06503749385201e-05	-0.002821619386218499	0.0005674454636681592	-0.009640417536701085	0.0071474281109666915	0.00012878590823417468	0.00622530473269145
0.0005328529668275905	0.000750671819308657	-0.0015110219955112303	0.0004426266645534138	-0.010077283333604026	0.006897790512737201	-0.00018326108955335485	0.006474942330921385
-0.0006529256247642667	0.001811631611785991	-0.0006372904017064585	0.0003802172649958191	-0.010638967929621046	0.006460924715834482	3.967109118985235e-06	0.007972767920300994
0.0004704435672699958	0.0017492222122286183	-0.0012613843972817396	0.0004426266645534138	-0.011325471324753478	0.006398515316277109	-5.844229043772131e-05	0.008347224317645896
-0.0006529256247642667	0.002435725607360606	-0.00013801520524681088	0.0003802172649958191	-0.010638967929621046	0.006211287117604325	0.00019119530779199145	0.008097586719415961
0.0007200811655003747	0.0024981350069182007	-0.0005748810021493078	0.0005674454636681592	-0.010077283333604026	0.006585743514949671	6.637650867702405e-05	0.007223855125610967
-0.0005281068256495214	0.0013747658148839381	-0.0016982501941837924	0.000629854863226198	-0.009453189338029189	0.006585743514949671	0.00019119530779199145	0.006162895333133855
-0.0009025632229939795	-0.0003102879731680108	-0.003071256984448878	5.760867651360968e-06	-0.010014873934046431	0.0054623743229147426	-0.00043289868778284557	0.004977116741541554
0.00065767176594278	-0.0005599255713986118	-0.0031336663840064727	0.000629854863226198	-0.009453189338029189	0.005836830720259867	6.637650867702405e-05	0.004914707341983959
-0.0005281068256495214	0.0001889872232914147	-0.0014486125959540797	0.0007546736623407213	-0.008953914141569097	0.0063361059167199585	0.0003160141069067368	0.005601210737116169
0.00040803416771328926	-0.00012305977449611483	-0.0019478877924141713	0.00025539846588062964	-0.010264511532276366	0.005337555523799997	-0.0003080798886681002	0.006537351730478758
-0.000590516225206672	0.0006882624197515064	-0.0013237937968393343	0.0004426266645534138	-0.010014873934046431	0.0058992401198172395	-5.844229043772131e-05	0.00728626452516834
0.00065767176594278	0.001998859810458775	-1.319640613162143e-05	0.000629854863226198	-0.010888605527851647	0.006897790512737201	0.00019119530779199145	0.00822240551853115
-0.0005281068256495214	0.001998859810458775	-0.00038765280347696773	0.0003802172649958191	-0.011450290123868667	0.00702260931185239	-0.00012085168999576013	0.007910358520743399
0.0005328529668275905	0.0018740410113438077	-0.0008245186003792426	0.00031780786543822437	-0.011512699523426262	0.007646703307426783	-0.00018326108955335485	0.007972767920300994
0.000844899964614898	0.0016868128126714677	-0.001573431395068825	0.0009419018610135055	-0.011263061925196327	0.00839561610211681	0.0004408329060214822	0.008159996118973556
-0.000840153823437273	0.0008754906184238465	-0.002197525390643662	0.0001929890663239231	-0.011263061925196327	0.008270797303001176	-0.00018326108955335485	0.0069742175273810325
0.00065767176594278	0.0013123564153263434	-0.0016358407946264197	0.0005050360641110085	-0.010638967929621046	0.007709112706984378	3.967109118985235e-06	0.006724579929151542
-0.0007153350243220835	0.0010627188170961865	-0.0023223441897584074	0.0003802172649958191	-0.010139692733161176	0.006960199912294351	-0.00012085168999576013	0.006162895333133855
0.000844899964614898	0.0013123564153263434	-0.0015110219955112303	0.000817083061898316	-0.008766685942896757	0.006398515316277109	-0.00018326108955335485	0.00585084833534677
-0.0007153350243220835	0.0014995846139986835	-0.0010741561986091774	0.00031780786543822437	-0.008454638945109227	0.004463823929994781	-5.844229043772131e-05	0.005538801337558574
0.0005328529668275905	0.0008130812188662517	-0.0020727065915289167	0.000817083061898316	-0.0073936791526318935	0.005150327325127213	0.00037842350646433154	0.006162895333133855
-0.0003408786269771813	0.0013747658148839381	-0.0010117467990513607	0.00031780786543822437	-0.008392229545551855	0.004463823929994781	-0.0002456704891105055	0.005601210737116169
-0.0006529256247642667	0.00043862482152112747	-0.0018854783928565766	0.00031780786543822437	-0.008766685942896757	0.005087917925569618	-5.844229043772131e-05	0.006038076534018666
0.0005328529668275905	0.0009379000179809971	-0.000949337399493988	0.0004426266645534138	-0.008641867143781568	0.005587193122029488	-0.00018326108955335485	0.006038076534018666
-0.000403288026534776	0.0013747658148839381	-7.560580568921615e-05	0.0006922642627837927	-0.008267410746436665	0.00608646831848958	0.0003160141069067368	0.006724579929151542
0.0005952623663851853	0.0009379000179809971	-0.0008869279999363933	0.0005050360641110085	-0.008766685942896757	0.005212736724685252	3.967109118985235e-06	0.005975667134461071
-0.0006529256247642667	0.0017492222122286183	0.0004860787903282482	0.0003802172649958191	-0.00789295434909243	0.005087917925569618	-0.00012085168999576013	0.0059132577349034765
0.0005328529668275905	0.0020612692100159258	4.9212993425529206e-05	0.0005674454636681592	-0.007144041554401959	0.003964548733535134	0.0002536047073495862	0.00585084833534677
-0.0005281068256495214	0.0017492222122286183	-0.0002628340043617783	0.0004426266645534138	-0.007144041554401959	0.003527682936632859	-5.844229043772131e-05	0.004977116741541554
0.0005328529668275905	0.0016868128126714677	-0.000949337399493988	0.0005674454636681592	-0.007268860353517148	0.003902139333977539	-5.844229043772131e-05	0.005164344940214338
0.0005328529668275905	0.0003138060224063821	-0.0016358407946264197	0.0005674454636681592	-0.007144041554401959	0.0046510521286675655	3.967109118985235e-06	0.004540250944639501
-0.0007153350243220835	0.000750671819308657	-0.0010117467990513607	0.00031780786543822437	-0.006831994556614651	0.004900689726897278	-5.844229043772131e-05	0.0046650697437542465
0.0005952623663851853	0.00037621542196397684	-0.0014486125959540797	0.0004426266645534138	-0.007081632154844364	0.004463823929994781	-5.844229043772131e-05	0.004602660344196652
-0.0005281068256495214	0.0006882624197515064	-0.0007621092008216479	0.000629854863226198	-0.0063327193601547815	0.0048382803273399055	6.637650867702405e-05	0.004977116741541554
0.00065767176594278	0.0017492222122286183	0.0004860787903282482	0.000629854863226198	-0.005895853563252285	0.0035900923361900094	-0.00012085168999576013	0.005039526141099149
-0.0006529256247642667	0.0016244034131134288	0.0002364411920978693	0.00031780786543822437	-0.00564621596502235	0.0020922667468108447	3.967109118985235e-06	0.004914707341983959
0.00065767176594278	0.0021236786095735205	0.0006733069890008103	0.0006922642627837927	-0.004585256172545238	0.0012809445525627794	0.0003160141069067368	0.004789888542868992
-0.00046569742609192666	0.0027477726051483575	-0.00038765280347696773	0.0003802172649958191	-0.0052717595676772255	0.0003448035592008569	-0.00018326108955335485	0.00354170055171954
-0.0007153350243220835	0.0009379000179809971	-0.0010741561986091774	0.00031780786543822437	-0.004210799775200336	0.0007816693561035759	-5.844229043772131e-05	0.003104834754816599
0.0007200811655003747	0.00037621542196397684	-0.0010741561986091774	0.0006922642627837927	-0.003898752777412362	0.0017178103494652763	0.00012878590823417468	0.0026055595583571733
-0.0007777444238792341	-0.001121610167415632	-0.0030088475848912832	0.00031780786543822437	-0.004834893770774729	0.0023419043450403354	-0.00012085168999576013	0.002293512560569866
0.0007200811655003747	-0.0011840195669732267	-0.0025719817879887863	0.000629854863226198	-0.004335618574315081	0.003090817139729918	0.00012878590823417468	0.002480740759242206
-0.0006529256247642667	-0.0005599255713986118	-0.0014486125959540797	0.0005674454636681592	-0.004273209174757042	0.003465273537075264	0.00012878590823417468	0.002418331359684167
0.00065767176594278	-0.000497516171840573	-0.0011365655981665501	0.0005674454636681592	-0.002900202384492845	0.0003448035592008569	-0.00018326108955335485	0.0023559219601270165
-0.0007777444238792341	0.00043862482152112747	0.0004236693907702094	0.0004426266645534138	-0.0021512895898030404	-0.0017147066261964383	-0.00012085168999576013	0.002480740759242206
0.0005952623663851853	0.0018740410113438077	0.00223354197793757	0.0007546736623407213	-0.0010903297973254844	-0.0020891630235411185	0.0004408329060214822	0.002855197156586664
0.0005328529668275905	0.0018740410113438077	0.0020463137792650077	0.0003802172649958191	-0.0002790076030778632	-0.0033373510146907925	-0.00012085168999576013	0.0014821903663226887
-0.000590516225206672	0.0016868128126714677	0.0014846291832482095	0.0003802172649958191	0.0003450863924965297	-0.003649398012478322	3.967109118985235e-06	0.0010453245694195257
0.0005952623663851853	0.00012657782373426407	-0.000512471602591269	0.0006922642627837927	0.0004074957920543465	-0.00258843822000121	6.637650867702405e-05	0.00017159297561497588
-0.0005281068256495214	-0.00012305977449611483	-0.00045006220303456246	0.0005674454636681592	0.0016556837832035765	-0.001964344224426373	0.00012878590823417468	-0.0012638232142072603
0.0005952623663851853	-0.0009343819687432919	-0.0014486125959540797	0.0005050360641110085	0.0011564085867437068	-0.001964344224426373	-5.844229043772131e-05	-0.0012638232142072603
-0.0006529256247642667	-0.0013712477656457889	-0.001573431395068825	0.00031780786543822437	0.0020301401805484787	-0.0021515724230989353	-0.0002456704891105055	-0.001139004415092515
0.00040803416771328926	-6.06503749385201e-05	-1.319640613162143e-05	0.0008794924614563548	0.0025294153770083483	-0.0027756664186735502	0.0004408329060214822	0.00042123057384513274
-0.000403288026534776	0.0012499470157687487	0.00223354197793757	0.0003802172649958191	0.0024670059774511977	-0.003961445010266074	-0.00012085168999576013	-1.56352230573642e-05
-0.00046569742609192666	0.0033718666007234166	0.003981005165547558	0.000817083061898316	0.003840012767715617	-0.005334451800530937	0.0003160141069067368	0.0009205057703050024
0.0005952623663851853	0.0023733162078038994	0.003044864172185191	0.0005050360641110085	0.003465556370370937	-0.007019505588582886	-5.844229043772131e-05	4.6774176499786435e-05
-0.0007777444238792341	0.0010627188170961865	0.00223354197793757	0.00025539846588062964	0.004089650365945552	-0.006582639791680389	-5.844229043772131e-05	-0.000702138618189796
0.0007200811655003747	0.0009379000179809971	0.0016718573819207716	0.0005674454636681592	0.004900972560193173	-0.006769867990352729	0.00012878590823417468	-0.0020127360088972868
-0.0007153350243220835	-0.0009343819687432919	-0.00020042460480418356	0.0005050360641110085	0.004214469165060741	-0.004959995403186035	0.0003160141069067368	-0.002387192406241745
0.0007824905650575253	-0.0016832947634333184	-0.000949337399493988	0.0008794924614563548	0.0035903751694861263	-0.003212532215575603	-0.0003080798886681002	-0.002824058203144464
-0.000840153823437273	-0.001558475964318573	-0.000949337399493988	0.0007546736623407213	0.0028414623747961	-0.0017147066261964383	6.637650867702405e-05	-0.0016382796115526066
0.0007200811655003747	-0.0014336571652033836	0.00135981038413302	0.0009419018610135055	0.003715193968601316	-0.001964344224426373	0.0005032423055790769	-0.0004525010199605273
0.00034562476815525045	0.0012499470157687487	0.0022959513774951645	0.00025539846588062964	0.002342187178336008	-0.003649398012478322	-0.0003080798886681002	-0.0002652728212877431
-0.0006529256247642667	0.0019364504109011804	0.0029200453730700016	0.0005050360641110085	0.0009691803880711447	-0.002838075818231145	-5.844229043772131e-05	0.0013573715672070552
0.00065767176594278	0.0025605444064757954	0.0037313675673176228	0.0006922642627837927	-0.00015418880396356194	-0.0017147066261964383	0.00012878590823417468	0.002480740759242206
-0.0009025632229939795	0.0025605444064757954	0.0024831795761679487	5.760867651360968e-06	-0.003087430583165185	-0.001153022030178752	-0.00037048928822569493	0.004415432145523868
0.0007824905650575253	0.0014371752144410888	0.00135981038413302	0.0007546736623407213	-0.004772484371217134	0.002653951342827865	3.967109118985235e-06	0.0040409757481794095
-0.0005281068256495214	0.0006258530201939116	4.9212993425529206e-05	0.0005050360641110085	-0.006020672362367252	0.005587193122029488	0.0002536047073495862	0.0038537475495066253
0.00065767176594278	0.0002513966228487874	-0.0011365655981665501	0.00025539846588062964	-0.007705726150419645	0.008021159704771907	-0.00012085168999576013	0.0037913381499490306
-0.0007777444238792341	-0.0012464289665308215	-0.002447162988874041	0.0005050360641110085	-0.008891504742011946	0.009456575894593922	-0.00012085168999576013	0.0046650697437542465
-0.0003408786269771813	0.0012499470157687487	-0.001386203196396485	0.000817083061898316	-0.009952464534489058	0.010642354486186001	0.0004408329060214822	0.006724579929151542
0.0002832153685980998	0.0006258530201939116	-0.0018230689932989819	0.00013057966676632837	-0.011699927722098824	0.009831032291938824	-0.00037048928822569493	0.006474942330921385
-0.0006529256247642667	0.0027477726051483575	0.00036125999121350283	0.00025539846588062964	-0.01045173973094915	0.00845802550167396	-5.844229043772131e-05	0.007348673924726379
0.0005952623663851853	0.003059819602935887	0.0004860787903282482	0.0005674454636681592	-0.010576558530063895	0.006523334115392299	3.967109118985235e-06	0.00728626452516834
-0.0006529256247642667	0.0021236786095735205	0.0002988505916559081	0.0004426266645534138	-0.009702826936259124	0.006398515316277109	6.637650867702405e-05	0.006412532931363568
0.0007824905650575253	0.0019364504109011804	0.00036125999121350283	0.0005674454636681592	-0.009702826936259124	0.005399964923357148	-0.0002456704891105055	0.005788438935788731
-0.0009025632229939795	0.0005010342210787222	-0.0012613843972817396	0.0009419018610135055	-0.009141142340241215	0.00702260931185239	0.00037842350646433154	0.005476391938001424
0.000844899964614898	-0.0005599255713986118	-0.0021351159910865114	6.817026720873365e-05	-0.009390779938471594	0.006710562314064417	-0.00037048928822569493	0.004415432145523868
0.0005328529668275905	-0.0009967913683004426	-0.0027592099866609043	0.0003802172649958191	-0.009827645735373647	0.006772971713622011	-0.00018326108955335485	0.0044778415450819065
-0.0007153350243220835	-0.0003102879731680108	-0.0023223441897584074	0.0003802172649958191	-0.009265961139356849	0.00702260931185239	-0.00012085168999576013	0.004727479143311397
0.0007824905650575253	0.0011251282166535592	-0.0005748810021493078	0.000817083061898316	-0.008454638945109227	0.00627369651716192	0.0003160141069067368	0.005164344940214338
-0.0007777444238792341	0.001187537616211376	-0.0010741561986091774	0.0001929890663239231	-0.009141142340241215	0.005524783722472337	-0.0002456704891105055	0.005476391938001424
0.00065767176594278	0.0020612692100159258	-0.00013801520524681088	0.000629854863226198	-0.008267410746436665	0.005399964923357148	0.0003160141069067368	0.005663620136674208
-0.000403288026534776	0.0025605444064757954	0.0004860787903282482	0.0006922642627837927	-0.007955363748649136	0.0036525017357480483	-0.00043289868778284557	0.004540250944639501
0.00034562476815525045	0.0010003094175385918	-0.001386203196396485	0.0003802172649958191	-0.005771034764137095	0.003964548733535134	6.637650867702405e-05	0.0042282039468515276
-0.0005281068256495214	0.0008130812188662517	-0.0008869279999363933	0.0006922642627837927	-0.004148390375642741	0.002653951342827865	6.637650867702405e-05	0.0030424253552594482
-0.0007777444238792341	-0.0004351067722834223	-0.001573431395068825	0.0003802172649958191	-0.0027753835853776554	0.0022794949454827407	-0.00012085168999576013	0.0021686937614546764
0.00065767176594278	-0.00012305977449611483	-0.0006996998012640532	0.000629854863226198	-0.0017144237929003214	0.0019050385481380605	0.00012878590823417468	0.0014821903663226887
-0.000590516225206672	0.0009379000179809971	-0.000325243403919373	0.0005050360641110085	-0.0017768331924579162	0.0015305821507931583	6.637650867702405e-05	0.002043874962339487
0.00065767176594278	0.0011251282166535592	0.00011162239298312393	0.0007546736623407213	-0.0016520143933431708	0.0021546761463684394	0.00019119530779199145	0.002231103161011827
-0.0006529256247642667	0.0019364504109011804	0.0004860787903282482	0.0004426266645534138	-0.0007782827995379549	0.0009064881552178772	-0.00018326108955335485	0.0015445997658793953
0.0004704435672699958	0.0021860880091311152	0.0004236693907702094	0.0004426266645534138	0.0010939991871867782	0.0006568505569883865	0.0002536047073495862	0.0016694185649945847
-0.00046569742609192666	0.0014371752144410888	0.0007981257881159998	0.0001929890663239231	0.0005323145911693139	-0.0009033844319492612	-0.00037048928822569493	0.000546049372959434
0.0002832153685980998	0.0013123564153263434	0.0006108975894432156	0.000629854863226198	0.0007819521893988046	0.000532031757873197	0.0002536047073495862	0.0014821903663226887
0.0005328529668275905	0.0003138060224063821	0.00011162239298312393	0.0005674454636681592	0.0007819521893988046	0.0004696223583156023	-5.844229043772131e-05	0.0012325527680923098
-0.000403288026534776	0.0014995846139986835	0.0014222197836903927	0.0008794924614563548	0.0028414623747961	-0.0010282032310635625	0.0005032423055790769	0.0010453245694195257
0.0004704435672699958	1.7590246190746228e-06	0.0006733069890008103	0.0003802172649958191	0.0026542341761237598	-0.001777116025754033	-0.00018326108955335485	-0.00014045402217255365
-0.0005281068256495214	0.0010627188170961865	0.0016094479823631769	0.0006922642627837927	0.003652784569043721	-0.0021515724230989353	0.00012878590823417468	-0.0005149104195172338
0.0005328529668275905	0.0010627188170961865	0.00223354197793757	0.0005050360641110085	0.003278328171698819	-0.0029628946173463344	6.637650867702405e-05	0.00010918357605738116
-0.0006529256247642667	0.0017492222122286183	0.0021711325783806412	0.0005050360641110085	0.0026542341761237598	-0.003899035610708035	6.637650867702405e-05	-0.00032768222084489373
0.0007200811655003747	0.0016868128126714677	0.0019214949801502623	0.0003802172649958191	0.0027790529752389492	-0.003087713416461302	-5.844229043772131e-05	-0.00032768222084489373
-0.0007153350243220835	0.0016244034131134288	0.0014846291832482095	0.0010043112605711002	0.003465556370370937	-0.002838075818231145	0.0005032423055790769	4.6774176499786435e-05
-0.000590516225206672	0.0001889872232914147	0.0004236693907702094	0.0003802172649958191	0.00321591877214078	-0.0022763912222141247	0.00012878590823417468	-0.0010765950155349202
0.0004704435672699958	-0.0007471537700709519	-0.0002628340043617783	0.0004426266645534138	0.0020925495801065175	-0.003087713416461302	-0.00018326108955335485	-0.002137554808012032
-0.0005281068256495214	-0.0003102879731680108	0.00011162239298312393	0.000629854863226198	0.0029662811739108452	-0.0020267536239835238	0.0002536047073495862	-0.0005773198190748285
0.0005328529668275905	-0.0006223349709562065	0.0009853539867878958	0.0003802172649958191	0.0027790529752389492	-0.002213981822656086	-0.00012085168999576013	-0.0009517762164201748
-0.0006529256247642667	0.0005010342210787222	0.0015470385828055822	0.000629854863226198	0.00321591877214078	-0.0037742168115937336	0.00019119530779199145	-0.0012014138146496656
0.00065767176594278	6.416842417666935e-05	0.0016718573819207716	0.0007546736623407213	0.0031535093725836294	-0.00508481420230078	-0.0002456704891105055	-0.0015134608124374171
-0.000840153823437273	0.0001889872232914147	0.00223354197793757	0.0003802172649958191	0.0029662811739108452	-0.006208183394335709	-0.00012085168999576013	-0.0015134608124374171
0.0005952623663851853	0.0015619940135558341	0.0014846291832482095	0.0005674454636681592	0.0022797777787788576	-0.003212532215575603	6.637650867702405e-05	-0.0005773198190748285
0.00065767176594278	0.000563443620636761	0.0006733069890008103	0.0006922642627837927	0.002217368379221263	-0.0027756664186735502	0.00019119530779199145	-0.0009517762164201748
-0.0007153350243220835	-0.00018546917405370955	-0.00045006220303456246	0.00025539846588062964	0.0009691803880711447	-0.0014026596284089088	-5.844229043772131e-05	-0.000889366816862136
0.0005952623663851853	-0.0018081135625480638	-0.002010297191971322	0.0005674454636681592	-0.0007782827995379549	0.001592991550350753	3.967109118985235e-06	-0.00039009162040204437
-0.0006529256247642667	-0.0014336571652033836	-0.001573431395068825	0.0003802172649958191	-0.002026470790687851	0.00240431374459793	3.967109118985235e-06	-0.00020286342173014837
0.0002832153685980998	-0.0031187109532553325	-0.003258485183121218	6.817026720873365e-05	-0.006894403956172246	0.0027163607423852376	0.00019119530779199145	0.003728928750391436
-0.00046569742609192666	-0.0005599255713986118	-0.0010117467990513607	0.0006922642627837927	-0.010014873934046431	0.006960199912294351	6.637650867702405e-05	0.005601210737116169
0.0007200811655003747	0.0008130812188662517	0.0006108975894432156	0.00013057966676632837	-0.013197753311478433	0.007833931506099567	-0.0003080798886681002	0.007348673924726379
-0.000840153823437273	0.0016868128126714677	0.0006108975894432156	0.0003802172649958191	-0.015756538693335598	0.01057994508662885	-0.00018326108955335485	0.008971318313221177
-0.0005281068256495214	0.0029350008038206976	4.9212993425529206e-05	0.0005050360641110085	-0.018003277077405233	0.01320113986804361	-5.844229043772131e-05	0.010656372101273126
0.000844899964614898	0.0023733162078038994	-0.0018854783928565766	0.0006922642627837927	-0.021248565854394386	0.016758475642820292	0.00019119530779199145	0.01196696949197995
-0.0007153350243220835	0.0011251282166535592	-0.004381854375155703	0.00031780786543822437	-0.024743492229613473	0.0218760464065344	-0.00012085168999576013	0.013215157483130291
0.0002832153685980998	0.0010003094175385918	-0.0063165457614380305	0.0001929890663239231	-0.028113599805718037	0.024871697585293173	-0.00043289868778284557	0.016522855659677038
-0.000403288026534776	0.00037621542196397684	-0.007190277355242802	0.0007546736623407213	-0.03067238518757498	0.029989268349007947	-0.00043289868778284557	0.017209359054809026
0.00034562476815525045	-0.0006223349709562065	-0.007939190149932829	0.0001929890663239231	-0.03447935856058204	0.03186155033573246	-0.00018326108955335485	0.018457547045959144
-0.0006529256247642667	0.0006258530201939116	-0.007627143152145299	0.0005674454636681592	-0.034229720962351884	0.03173673153661727	3.967109118985235e-06	0.018582365845074333
0.0005952623663851853	0.0001889872232914147	-0.0050683577702885785	0.0003802172649958191	-0.03291912357164484	0.02899071795608843	3.967109118985235e-06	0.01889441284286142
0.0004704435672699958	0.003059819602935887	-0.003508122781351375	0.00031780786543822437	-0.03179575437960991	0.025995066777328324	-0.0002456704891105055	0.018020681249056647
-0.000590516225206672	0.0031846384020510765	-0.0029464381853336885	0.000629854863226198	-0.02998588179244277	0.02543338218131108	0.00012878590823417468	0.018519956445516295
0.0004704435672699958	0.004495235792758345	-0.0033208945826785907	0.0001929890663239231	-0.027676734008815984	0.022188093404321485	-0.0003080798886681002	0.016585265059234633
-0.000403288026534776	0.0029974102033782923	-0.0035705321809085255	0.0005674454636681592	-0.025866861421648846	0.022188093404321485	0.00012878590823417468	0.013027929284457507
0.00034562476815525045	0.0024981350069182007	-0.006503773960110593	0.00031780786543822437	-0.024244217033153603	0.0198789456206947	0.0005656517051366716	0.01221660709021033
-0.0003408786269771813	0.0015619940135558341	-0.006066908163208096	0.0009419018610135055	-0.020749290657934738	0.021189543011401968	-0.00012085168999576013	0.010656372101273126
0.0005328529668275905	-0.0004351067722834223	-0.007939190149932829	0.0003802172649958191	-0.01943869326722747	0.020503039616269092	-0.00018326108955335485	0.01009468750525544
-0.0007777444238792341	-0.0002478785736113043	-0.006066908163208096	0.000817083061898316	-0.018939418070767156	0.02175122760741921	0.0003160141069067368	0.010656372101273126
-0.000590516225206672	0.0006258530201939116	-0.004569082573828487	0.0004426266645534138	-0.018627371072979848	0.018630757629544803	6.637650867702405e-05	0.010781190900387871
0.0005952623663851853	0.0001889872232914147	-0.0021351159910865114	0.0004426266645534138	-0.018752189872094815	0.01794425423441237	-0.00012085168999576013	0.010843600299945466
-0.000590516225206672	0.0029974102033782923	-0.0006372904017064585	0.0005674454636681592	-0.01725436428271565	0.014324509060077872	0.00012878590823417468	0.01121805669729059
0.00034562476815525045	0.003683913598511168	0.0008605351876731504	0.00013057966676632837	-0.01700472668448505	0.012202589475123649	-0.00037048928822569493	0.011467694295520303
-0.0005281068256495214	0.004308007594085561	0.00036125999121350283	0.0005674454636681592	-0.016068585691122683	0.012389817673796433	3.967109118985235e-06	0.00996986870614025
0.0007200811655003747	0.005306557987005522	-0.0006372904017064585	0.0005674454636681592	-0.015132444697760317	0.014449327859193284	-5.844229043772131e-05	0.009345774710565857
-0.0007153350243220835	0.0029350008038206976	-0.002634391187546381	0.0003802172649958191	-0.014695578900858042	0.014386918459635911	-0.00012085168999576013	0.008284814918088301
0.0005952623663851853	0.0032470478016086712	-0.006503773960110593	0.0004426266645534138	-0.014508350702185258	0.0182563012321999	-5.844229043772131e-05	0.007723130322071059
0.0005952623663851853	0.0002513966228487874	-0.008126418348605613	0.0005674454636681592	-0.014383531903070734	0.018381120031314868	6.637650867702405e-05	0.007161445726053817
-0.0009025632229939795	1.7590246190746228e-06	-0.007689552551702894	5.760867651360968e-06	-0.014757988300415859	0.017382569638394685	-0.00037048928822569493	0.006537351730478758
0.00065767176594278	-0.00012305977449611483	-0.006503773960110593	0.000629854863226198	-0.015382082295990251	0.0182563012321999	6.637650867702405e-05	0.008284814918088301
-0.0007153350243220835	0.0019364504109011804	-0.005005948370730984	0.00031780786543822437	-0.015756538693335598	0.014948603055653154	-5.844229043772131e-05	0.010157096904813034
0.00065767176594278	0.000750671819308657	-0.0031336663840064727	0.0005674454636681592	-0.01644304208846803	0.015323059452997612	-0.0003080798886681002	0.01009468750525544
-0.0007777444238792341	0.0023733162078038994	-0.0033208945826785907	6.817026720873365e-05	-0.01619340449023765	0.01114162968264587	-0.00018326108955335485	0.009408184110123452
0.0005328529668275905	0.0008754906184238465	-0.002634391187546381	0.0007546736623407213	-0.015194854097317911	0.011516086079991217	0.0003160141069067368	0.00959541230879557
-0.00046569742609192666	0.0001889872232914147	-0.004693901372943232	0.0004426266645534138	-0.015132444697760317	0.01095440148397353	-0.00018326108955335485	0.007660720922513908
-0.0006529256247642667	-0.0024946169576800514	-0.005817270564978383	0.000629854863226198	-0.015382082295990251	0.014386918459635911	6.637650867702405e-05	0.0075983115229558695
0.0005328529668275905	-0.0014960665647605342	-0.0073775055539153644	0.0005050360641110085	-0.015257263496875506	0.01320113986804361	-5.844229043772131e-05	0.006724579929151542
-0.0006529256247642667	-0.003243529752370522	-0.0069406397570128675	0.00031780786543822437	-0.014820397699973231	0.016321609845917573	-5.844229043772131e-05	0.00635012353180664
0.00065767176594278	-0.0016832947634333184	-0.006503773960110593	0.0005050360641110085	-0.01263606871546119	0.013762824464060852	-5.844229043772131e-05	0.0036665193508347294
-0.0005281068256495214	-0.000497516171840573	-0.004069807377368395	0.0006922642627837927	-0.008205001346879515	0.010080669890168759	-0.00018326108955335485	0.0009205057703050024
0.0004704435672699958	1.7590246190746228e-06	-0.0021351159910865114	0.00031780786543822437	0.0027790529752389492	-0.003836626211150884	6.637650867702405e-05	-0.0015758702119950119
-0.000590516225206672	0.0031222290024930377	0.0012349915850178306	0.0006922642627837927	0.006898073346032874	-0.008330102979289933	0.00019119530779199145	-0.0031361052009322155
0.0007824905650575253	0.0029350008038206976	0.004043414565104708	0.00031780786543822437	0.009269630529217254	-0.013822130140349165	-5.844229043772131e-05	-0.004259474392966922
0.00065767176594278	0.0028101820047059523	0.0048547367593527735	0.0005674454636681592	0.011079503116384393	-0.014321405336809256	0.00012878590823417468	-0.005570071783673747
-0.000590516225206672	0.0006882624197515064	0.00348172996908791	0.0005674454636681592	0.01432479189337399	-0.014446224135923558	0.00012878590823417468	-0.006755850375266048
0.0005952623663851853	-0.0014336571652033836	0.0016094479823631769	0.0006922642627837927	0.018006946467266083	-0.014695861734153937	0.0002536047073495862	-0.009002588759336128
-0.0005281068256495214	-0.004554127143077791	-0.00020042460480418356	0.0006922642627837927	0.019130315659300345	-0.011013707160262065	0.0003160141069067368	-0.00956427335535337
0.0005328529668275905	-0.005802315134227243	-0.000949337399493988	0.000629854863226198	0.017445261871247952	-0.008205284180175187	0.0004408329060214822	-0.0077544007681862315
-0.00046569742609192666	-0.005615086935555347	0.00135981038413302	0.0008794924614563548	0.01189082531063157	-0.005646498798318023	-0.00018326108955335485	-0.006318984578363773
0.0004704435672699958	-0.0018081135625480638	0.004480280362007427	0.0001929890663239231	0.009893724524792091	-0.00857974057752009	-0.00037048928822569493	-0.0036977897969492357
-0.000840153823437273	0.0035590947993959787	0.013467233898285524	0.0009419018610135055	0.011079503116384393	-0.012761170347871609	0.00037842350646433154	-0.0018255078102245026
-0.0009025632229939795	0.011984363739656612	0.012843139902711131	6.817026720873365e-05	0.012390100507091661	-0.018003559910700906	-0.0004953080873404403	-0.002574420604914529
0.0007200811655003747	0.01117304154540899	0.00966026052527913	0.000629854863226198	0.013763107297356525	-0.016443324921763702	6.637650867702405e-05	-0.0030736958013746207
-0.0005281068256495214	0.007366068172402596	0.0037937769668752175	0.0006922642627837927	0.01201564410974676	-0.010389613164687228	0.00012878590823417468	-0.0035105615982764515
0.0007824905650575253	0.0008754906184238465	-0.0036329415804661203	0.0010043112605711002	0.008645536533642861	-0.0019019348248687784	0.0004408329060214822	-0.005445252984559001
-0.0009025632229939795	-0.006301590330687334	-0.009561834538427183	0.00025539846588062964	0.006024341752227658	0.0052751461242424025	0.0003160141069067368	-0.0051956153863288446
0.00065767176594278	-0.009422060308561742	-0.010747613130019262	0.0008794924614563548	0.004900972560193173	0.007646703307426783	0.0004408329060214822	-0.004197064993409327
-0.0005281068256495214	-0.00892278511210165	-0.006628592759225782	0.00031780786543822437	0.004526516162848049	0.00021998476008566747	-0.00018326108955335485	-0.0030736958013746207
0.00040803416771328926	-0.005365449337324968	0.006727018746076618	0.0004426266645534138	0.0054626571562108595	-0.01076406956203213	0.00012878590823417468	-0.0010141856159773255
0.00065767176594278	0.005244148587448372	0.010970857915985954	0.0005050360641110085	0.0044016973637337475	-0.01775392231247075	-0.00018326108955335485	0.000358821174287538
-0.0005281068256495214	0.008364618565322779	0.012531092904923602	0.000629854863226198	0.004027240966387957	-0.0180659693102585	0.00019119530779199145	0.002667968957914768
0.0004704435672699958	0.005868242583022765	0.007413522141209494	0.00031780786543822437	0.0020301401805484787	-0.01475827113371131	-0.00018326108955335485	0.0013573715672070552
-0.0007153350243220835	-0.0008095631696281025	-0.0008245186003792426	0.0003802172649958191	0.0009067709885139941	-0.005896136396547735	-0.00018326108955335485	-0.004821158988984164
0.00065767176594278	-0.007424959522722041	-0.009312196940197692	0.0006922642627837927	-0.0005286452013082421	0.003090817139729918	0.0004408329060214822	-0.00725512557172614
-0.000403288026534776	-0.013728308878028228	-0.015677955695061696	0.0007546736623407213	-0.004710074971659983	0.015198240653883088	-0.0002456704891105055	-0.007879219567300977
0.00040803416771328926	-0.01491408746962053	-0.015490727496388912	0.0006922642627837927	-0.0069568133557291745	0.014324509060077872	0.00019119530779199145	-0.00494597778809891
-0.00046569742609192666	-0.01110711409661369	-0.0010741561986091774	0.0005674454636681592	-0.007268860353517148	0.00858284430078915	6.637650867702405e-05	0.000358821174287538
-0.0007153350243220835	0.004744873390987836	0.007975206737226737	0.0001929890663239231	-0.006270309960597187	-0.00021688103681638538	-0.0002456704891105055	0.004914707341983959
0.00034562476815525045	0.01073617574850716	0.013342415099170779	6.817026720873365e-05	-0.003524296380067904	-0.009952747367784731	-0.000557717486898035	0.006412532931363568
-0.0002784692274195866	0.01341977992947907	0.01596360988058554	0.000817083061898316	0.0028414623747961	-0.01369731134123442	0.0005032423055790769	0.006849398728266287
0.00034562476815525045	0.01111063214585184	0.012531092904923602	0.0001929890663239231	0.006835663946475723	-0.013010807946101544	-0.00037048928822569493	-0.00020286342173014837
-0.000590516225206672	0.004932101589660176	0.005291602556254604	0.0005674454636681592	0.007522167341607711	-0.006832277389910768	-5.844229043772131e-05	-0.004821158988984164
0.0005328529668275905	-0.003243529752370522	-0.003695350980023271	0.0005674454636681592	0.003465556370370937	0.006585743514949671	0.00019119530779199145	-0.006256575178806623
-0.0005281068256495214	-0.006613637328474864	-0.008064008949047352	0.0005674454636681592	0.002217368379221263	0.00839561610211681	6.637650867702405e-05	-0.006631031576150859
0.00065767176594278	-0.006988093725819322	-0.0033833039822357414	0.00031780786543822437	0.002404596577894047	0.005587193122029488	-0.00018326108955335485	-0.0051956153863288446
0.0007824905650575253	0.0033094572011653778	0.004168233364220342	0.000629854863226198	0.0033407375712559695	-0.0010906126306216013	0.00012878590823417468	-0.001950326609339692
-0.0007153350243220835	0.010112081752931878	0.011158086114658294	0.00031780786543822437	0.004027240966387957	-0.00733155258637086	-0.00012085168999576013	0.002667968957914768
0.0005328529668275905	0.01341977992947907	0.013592052697400714	0.0001929890663239231	0.0029038717743536946	-0.011949848153624432	-0.0003080798886681002	0.005476391938001424
-0.000590516225206672	0.012171591938329174	0.011345314313331079	0.0005050360641110085	0.0016556837832035765	-0.012074666952739621	-5.844229043772131e-05	0.004977116741541554
0.00065767176594278	0.007990162167976989	0.006539790547404722	0.000629854863226198	0.0020925495801065175	-0.008829378175750024	6.637650867702405e-05	0.00160700916543699
-0.000590516225206672	0.0020612692100159258	4.9212993425529206e-05	0.0003802172649958191	0.004900972560193173	0.002653951342827865	0.00019119530779199145	-0.0010765950155349202
0.0005952623663851853	-0.0033059391519281167	-0.004943538971173389	0.000629854863226198	0.0028414623747961	0.006835381113179606	0.00019119530779199145	-0.003885017995621798
-0.000590516225206672	-0.008485919315199375	-0.009437015739312438	0.000629854863226198	-0.0002790076030778632	0.007334656309639476	6.637650867702405e-05	-0.00494597778809891
-0.0005281068256495214	-0.0060519527324574	-0.005193176569403324	0.0005674454636681592	-0.0014647861946708307	0.006148877718047174	0.0002536047073495862	-0.0023247830066845943
0.0004704435672699958	-0.0014960665647605342	0.00017403179254071866	0.0004426266645534138	-0.0033994775809522704	0.0027787701419428323	-0.00018326108955335485	0.000546049372959434
-0.00046569742609192666	0.004370416993643378	0.005853287152272291	0.0006922642627837927	-0.0032122493822803744	-0.0004665186350467643	0.0002536047073495862	0.0046650697437542465
0.00065767176594278	0.0078029339693046484	0.008287253735013822	0.0005050360641110085	-0.0031498399827227797	-0.0035245792133635767	3.967109118985235e-06	0.0059132577349034765
-0.0009025632229939795	0.007490886971517563	0.006976656344306775	0.00013057966676632837	-0.0031498399827227797	-0.003649398012478322	0.0004408329060214822	0.005351573138886678
0.000844899964614898	0.0056810143843502026	0.004293052163334643	0.0009419018610135055	-0.002900202384492845	0.002217085545925146	-0.00012085168999576013	0.0021686937614546764
-0.000840153823437273	0.0003138060224063821	-0.0014486125959540797	0.00031780786543822437	-0.003274658781837525	0.0054623743229147426	-0.00018326108955335485	-0.0005149104195172338
0.0004704435672699958	-0.0041796707457328885	-0.007876780750375234	0.0006922642627837927	-0.0030250211836080343	0.00820838790344447	0.0002536047073495862	-0.0015134608124374171
0.0009073093641731589	-0.007424959522722041	-0.007252686754800397	0.0010043112605711002	-0.003087430583165185	0.007833931506099567	0.0004408329060214822	-0.002387192406241745
-0.0007777444238792341	-0.005739905734670092	-0.0046314919733860815	0.0001929890663239231	-0.0032122493822803744	0.005025508526012468	-0.00012085168999576013	-0.001950326609339692
0.0004704435672699958	-0.002806663955468025	-0.0007621092008216479	0.0003802172649958191	-0.002650564786262688	0.0016554009499083477	-0.00012085168999576013	-0.000702138618189796
-0.000590516225206672	0.0013747658148839381	0.003294501770415126	0.0005050360641110085	-0.000965510998210739	-0.001153022030178752	6.637650867702405e-05	0.0014821903663226887
0.00065767176594278	0.004058369995855848	0.005291602556254604	0.000629854863226198	0.00028267699293915705	-0.0035869886129207273	-0.00018326108955335485	0.0021686937614546764
-0.0007153350243220835	0.004370416993643378	0.004979555558467075	0.00025539846588062964	0.002404596577894047	-0.002463619420886465	3.967109118985235e-06	0.000982915169862597
0.00065767176594278	0.0033718666007234166	0.0029824547726275963	0.0007546736623407213	0.0044016973637337475	-0.0009033844319492612	0.00037842350646433154	-0.0008269574173045413
-0.000403288026534776	0.0009379000179809971	-0.0031960757835631792	0.0004426266645534138	0.00515061015842333	-0.0008409750323916665	-5.844229043772131e-05	-0.004072246194294138
-0.0005281068256495214	-0.004366898944405229	-0.004069807377368395	0.0006922642627837927	0.005961932352670951	0.0001575753605282948	0.0003160141069067368	-0.005070796587213655
0.00040803416771328926	-0.005303039937767817	-0.0037577603795808656	0.0003802172649958191	0.0054626571562108595	-0.0009657938315068559	-0.00018326108955335485	-0.006318984578363773
-0.0007777444238792341	-0.0038052143483877643	-0.0013237937968393343	0.0004426266645534138	0.0056498853548827555	-0.0027756664186735502	-0.00012085168999576013	-0.005445252984559001
0.000844899964614898	-0.0012464289665308215	0.0023583607770532033	0.0007546736623407213	0.005899522953112912	-0.00502240480274363	0.00019119530779199145	-0.0020751454084544374
-0.000840153823437273	0.0016868128126714677	0.00510437435758182	6.817026720873365e-05	0.00515061015842333	-0.007081914988140481	-0.00018326108955335485	-0.0002652728212877431
0.0005328529668275905	0.004308007594085561	0.006851837545192252	0.0004426266645534138	0.003715193968601316	-0.006020955195663147	6.637650867702405e-05	0.0010453245694195257
-0.0005281068256495214	0.005368967386563117	0.00722629394253671	0.00031780786543822437	0.002404596577894047	-0.004772767204513251	-0.00018326108955335485	0.0006084587725170287
0.0004704435672699958	0.004807282790545431	0.0029824547726275963	0.0005050360641110085	0.0025294153770083483	-0.0015274784275236541	0.00012878590823417468	0.0006084587725170287
0.0004704435672699958	0.0014371752144410888	-0.00020042460480418356	0.0004426266645534138	0.00159327438364687	0.0004696223583156023	-0.00012085168999576013	-0.000702138618189796
-0.0006529256247642667	-0.0004351067722834223	-0.0018854783928565766	0.0005050360641110085	0.0012812273858593404	0.0022794949454827407	6.637650867702405e-05	-0.001326232613764855
0.0005952623663851853	-0.0013088383660881941	-0.0021351159910865114	0.0005674454636681592	0.0012188179863013016	0.0025291325437126755	0.00012878590823417468	-0.0016382796115526066
-0.000590516225206672	-0.0009967913683004426	-0.0010741561986091774	0.0005050360641110085	0.0012188179863013016	0.0013433539521203741	3.967109118985235e-06	-0.000702138618189796
0.0007824905650575253	-0.0002478785736113043	0.000922944587230301	0.0007546736623407213	0.0009067709885139941	-0.0009657938315068559	-0.00018326108955335485	0.00010918357605738116
-0.0007777444238792341	0.001187537616211376	0.002795226573955034	0.00025539846588062964	0.0009067709885139941	-0.004959995403186035	-0.00012085168999576013	0.0010453245694195257
0.0005952623663851853	0.002685363205590985	0.0044178709624498325	0.0005050360641110085	0.0007195427898412099	-0.0048351766040708455	6.637650867702405e-05	0.0017318279645519574
-0.000590516225206672	0.0031846384020510765	0.003294501770415126	0.0006922642627837927	0.0004074957920543465	-0.003649398012478322	0.00012878590823417468	0.0016694185649945847
-0.0006529256247642667	0.0011251282166535592	0.00117258218546068	0.0003802172649958191	-0.0002790076030778632	-0.0012778408292939414	6.637650867702405e-05	0.0013573715672070552
0.0005952623663851853	-0.00037269737272604964	-0.0010741561986091774	0.000629854863226198	-0.0004662358017506474	0.0012809445525627794	3.967109118985235e-06	0.0007332775716322182
-0.0006529256247642667	-0.0016832947634333184	-0.0023223441897584074	0.0005050360641110085	-9.177940440596721e-05	0.003465273537075264	0.00012878590823417468	0.00029641177473016533
0.0005328529668275905	-0.002619435756795685	-0.002634391187546381	0.0004426266645534138	-2.937000484837249e-05	0.003527682936632859	-5.844229043772131e-05	-0.0009517762164201748
-0.0006529256247642667	-0.0021201605603358153	-0.0015110219955112303	0.0005050360641110085	0.0005323145911693139	0.002653951342827865	0.00012878590823417468	-0.0005773198190748285
0.00065767176594278	-0.0007471537700709519	0.0005484881898856209	0.000817083061898316	0.0005947239907269086	-0.0015898878270812489	0.00019119530779199145	0.00029641177473016533
-0.000590516225206672	0.0010627188170961865	0.002857635973512629	0.0004426266645534138	0.00022026759338156232	-0.003274941615133642	-5.844229043772131e-05	0.0011077339689771204
0.0005952623663851853	0.002685363205590985	0.005229193156697454	0.0005674454636681592	0.00022026759338156232	-0.0035245792133635767	6.637650867702405e-05	0.0019190561632242975
0.0004704435672699958	0.002685363205590985	0.0037937769668752175	0.0003802172649958191	-9.177940440596721e-05	-0.0035245792133635767	-0.00018326108955335485	0.0010453245694195257
-0.0006529256247642667	0.00224849740868871	0.0024831795761679487	0.0003802172649958191	0.0005947239907269086	-0.0014650690279665035	-0.00018326108955335485	0.000982915169862597
0.0007824905650575253	0.001187537616211376	0.0009853539867878958	0.0006922642627837927	0.0012812273858593404	0.0008440787556607265	0.0002536047073495862	0.00048363997340272746
-0.0006529256247642667	6.416842417666935e-05	-0.0008245186003792426	0.0005050360641110085	0.0010939991871867782	0.0023419043450403354	-5.844229043772131e-05	-0.0002652728212877431
0.0007200811655003747	-0.0003102879731680108	-0.000949337399493988	0.000629854863226198	0.001780502582318766	0.003028407740172767	-5.844229043772131e-05	-0.0008269574173045413
-0.0007153350243220835	6.416842417666935e-05	-0.0005748810021493078	0.0004426266645534138	0.0026542341761237598	0.0001575753605282948	6.637650867702405e-05	-0.0009517762164201748
0.0007200811655003747	0.000750671819308657	0.0008605351876731504	0.0004426266645534138	0.00321591877214078	-0.002213981822656086	3.967109118985235e-06	-0.0005149104195172338
-0.0007153350243220835	0.0016868128126714677	0.003044864172185191	0.0005674454636681592	0.003278328171698819	-0.0043983108071681265	3.967109118985235e-06	-0.0006397292186324233
-0.00046569742609192666	0.0021236786095735205	0.003232092370857531	0.0006922642627837927	0.0033407375712559695	-0.0048351766040708455	0.00019119530779199145	-7.804462261495893e-05
0.0005328529668275905	0.0013123564153263434	0.00223354197793757	0.0005050360641110085	0.0030910999730264788	-0.0043983108071681265	-5.844229043772131e-05	-0.00020286342173014837
-0.000590516225206672	0.00012657782373426407	0.0007357163885575169	0.0005674454636681592	0.0026542341761237598	-0.0020891630235411185	0.00012878590823417468	-1.56352230573642e-05
0.00065767176594278	-0.0012464289665308215	-0.001386203196396485	0.0006922642627837927	0.00159327438364687	3.2756561413105345e-05	6.637650867702405e-05	-0.0006397292186324233
-0.000590516225206672	-0.002432207558123345	-0.0026968005871037537	0.0005050360641110085	0.0011564085867437068	0.00240431374459793	3.967109118985235e-06	-0.0010141856159773255
0.00065767176594278	-0.0027442545559104303	-0.0031960757835631792	0.000629854863226198	0.0004074957920543465	0.0033404547379602967	0.00012878590823417468	-0.000702138618189796
-0.0006529256247642667	-0.0023073887590081554	-0.002384753589316446	0.0004426266645534138	-0.00040382640219305266	0.002029857347252806	-0.00012085168999576013	-0.0006397292186324233
0.0005328529668275905	-0.0014960665647605342	0.0004236693907702094	0.0005050360641110085	-0.00021659820352071257	0.000719259956545093	0.00019119530779199145	0.00029641177473016533
0.0005328529668275905	0.00037621542196397684	0.0012349915850178306	0.00031780786543822437	-0.000965510998210739	-0.0014650690279665035	-0.0002456704891105055	4.6774176499786435e-05
-0.000590516225206672	0.001187537616211376	0.0020463137792650077	0.0005050360641110085	-0.0007158733999803601	-0.0017147066261964383	3.967109118985235e-06	0.0007956869711898129
0.0005952623663851853	0.000750671819308657	0.0017342667814774781	0.0005674454636681592	-0.0007158733999803601	-0.0018395254253116278	6.637650867702405e-05	0.00042123057384513274
-0.000590516225206672	0.0005010342210787222	0.0010477633863454905	0.00031780786543822437	-0.0005286452013082421	-0.0009033844319492612	3.967109118985235e-06	0.00010918357605738116
0.0007200811655003747	-6.06503749385201e-05	0.00011162239298312393	0.0007546736623407213	-0.0005910546008656148	0.000532031757873197	-0.0004953080873404403	-0.00039009162040204437
-0.0009649726225520183	-0.0008719725691856972	-0.0010117467990513607	-5.66485319064558e-05	-0.001402376795113236	0.003090817139729918	0.00019119530779199145	0.00042123057384513274
0.0007824905650575253	-0.00018546917405370955	-0.00045006220303456246	0.00031780786543822437	-0.0021512895898030404	0.0029035889410575777	-0.00012085168999576013	0.0006708681720746235
-0.0007153350243220835	0.0002513966228487874	0.0009853539867878958	0.0006922642627837927	-0.0020888801902452236	0.0019674479476956552	0.00012878590823417468	0.0012325527680923098
-0.000403288026534776	0.0021236786095735205	0.00223354197793757	0.0005050360641110085	-0.0017144237929003214	0.0004696223583156023	0.00012878590823417468	0.0015445997658793953
0.00065767176594278	0.00262295380603339	0.002857635973512629	0.0005050360641110085	-0.0013399673955556413	-0.0012154314297361246	-0.00018326108955335485	0.0013573715672070552
-0.000403288026534776	0.003059819602935887	0.0036065487682022113	0.000629854863226198	-0.00021659820352071257	-0.0015274784275236541	0.0003160141069067368	0.0017942373641095521
0.0004704435672699958	0.0021236786095735205	0.0024831795761679487	0.00031780786543822437	-0.0005910546008656148	-0.002463619420886465	-0.0002456704891105055	0.0012949621676499046
-0.0006529256247642667	0.0019364504109011804	0.0021087231788230465	0.0005050360641110085	-2.937000484837249e-05	-0.0012154314297361246	0.0002536047073495862	0.000982915169862597
0.000844899964614898	0.001187537616211376	0.0014846291832482095	0.000817083061898316	9.544879426681696e-05	3.2756561413105345e-05	-0.00018326108955335485	0.00017159297561497588
-0.0007153350243220835	0.0003138060224063821	0.00017403179254071866	0.0004426266645534138	0.00028267699293915705	0.00040721295875800756	-0.00012085168999576013	-0.00014045402217255365
0.0004704435672699958	1.7590246190746228e-06	0.0007981257881159998	0.0008794924614563548	0.0015308649840892752	0.0009064881552178772	0.0005032423055790769	0.000358821174287538
0.00034562476815525045	0.00043862482152112747	0.0006733069890008103	0.0001929890663239231	0.0012188179863013016	-0.0009033844319492612	-0.0003080798886681002	-0.0005773198190748285
-0.000590516225206672	0.0013123564153263434	0.001983904379707857	0.0005674454636681592	0.0022797777787788576	-0.0014026596284089088	0.00012878590823417468	4.6774176499786435e-05
0.0005328529668275905	0.0013747658148839381	0.002420770176610354	0.00031780786543822437	0.002342187178336008	-0.002650847619558805	-0.00012085168999576013	-0.0002652728212877431
-0.000840153823437273	0.0017492222122286183	0.0024831795761679487	0.00025539846588062964	0.002591824776566387	-0.0029004852177887397	-0.0003080798886681002	0.00042123057384513274
0.0007824905650575253	0.001998859810458775	0.0029200453730700016	0.0009419018610135055	0.0035279657699285316	-0.0022763912222141247	0.00019119530779199145	0.00010918357605738116
-0.000590516225206672	0.001187537616211376	0.0019214949801502623	0.0005050360641110085	0.0029662811739108452	-0.0012778408292939414	-0.00018326108955335485	-0.0006397292186324233
0.0004704435672699958	0.0003138060224063821	0.0007981257881159998	0.0005674454636681592	0.0028414623747961	9.516596097070007e-05	0.00012878590823417468	-0.0002652728212877431
-0.0006529256247642667	0.0002513966228487874	-1.319640613162143e-05	0.0008794924614563548	0.002591824776566387	0.0010313069543330666	0.0003160141069067368	-0.0002652728212877431
-0.0007777444238792341	-0.0002478785736113043	-0.0005748810021493078	0.00031780786543822437	0.00159327438364687	0.0009688975547754719	-0.00012085168999576013	-0.0005149104195172338
0.00065767176594278	0.0002513966228487874	-1.319640613162143e-05	0.0005674454636681592	0.0015308649840892752	0.0009064881552178772	3.967109118985235e-06	-0.00020286342173014837
-0.0005281068256495214	0.000750671819308657	0.0006108975894432156	0.0006922642627837927	0.0019053213814337333	0.0008440787556607265	0.0002536047073495862	0.00042123057384513274
0.0002832153685980998	0.00037621542196397684	0.0002364411920978693	0.00013057966676632837	0.0009691803880711447	-0.0005913374341619537	-0.00043289868778284557	0.00042123057384513274
-0.00046569742609192666	0.0008754906184238465	0.000922944587230301	0.0005674454636681592	0.0018429119818761386	-0.0004665186350467643	-5.844229043772131e-05	4.6774176499786435e-05
0.0005952623663851853	0.0005010342210787222	0.0006108975894432156	0.000629854863226198	0.0020925495801065175	-0.0005913374341619537	0.0003160141069067368	0.00017159297561497588
-0.0005281068256495214	1.7590246190746228e-06	0.0004860787903282482	0.0005050360641110085	0.0014684555845312364	-0.0009657938315068559	-5.844229043772131e-05	-0.0005773198190748285
0.0005328529668275905	-0.0007471537700709519	-0.0008245186003792426	0.0003802172649958191	0.001343636785416491	-0.0007785656328340718	-5.844229043772131e-05	-0.000889366816862136
0.0005952623663851853	-0.0012464289665308215	-0.0008245186003792426	0.0005674454636681592	0.0014060461849740857	-0.0006537468337193264	3.967109118985235e-06	-0.001326232613764855
-0.000590516225206672	-0.0009967913683004426	-0.000325243403919373	0.0005674454636681592	0.0020925495801065175	-0.0005913374341619537	0.00012878590823417468	-0.001139004415092515
0.00065767176594278	-0.0005599255713986118	0.0002364411920978693	0.0005674454636681592	0.0020925495801065175	-0.001153022030178752	6.637650867702405e-05	-0.0013886420133222277
-0.000840153823437273	-0.00018546917405370955	0.0005484881898856209	0.0001929890663239231	0.0017180931827611712	-0.0017147066261964383	-0.0003080798886681002	-0.000702138618189796
0.000844899964614898	0.0005010342210787222	0.0015470385828055822	0.0008794924614563548	0.0019053213814337333	-0.0016522972266388436	-0.0002456704891105055	-0.0008269574173045413
-0.0007777444238792341	0.00043862482152112747	0.00135981038413302	0.00013057966676632837	0.0005947239907269086	-0.002463619420886465	-0.0002456704891105055	-0.0008269574173045413
0.0005328529668275905	0.00043862482152112747	0.0014846291832482095	0.0005674454636681592	0.0010315897876291835	-0.001964344224426373	3.967109118985235e-06	-0.0004525010199605273
-0.0006529256247642667	0.000750671819308657	0.0016718573819207716	0.0007546736623407213	0.0016556837832035765	-0.001964344224426373	0.0002536047073495862	-0.000702138618189796
-0.0007153350243220835	0.0002513966228487874	0.0012974009845754253	0.00025539846588062964	0.0020301401805484787	-0.0025260288204436154	-0.00012085168999576013	-0.0012638232142072603
0.0007200811655003747	0.00037621542196397684	0.0014846291832482095	0.0005674454636681592	0.0026542341761237598	-0.0027132570191159555	3.967109118985235e-06	-0.0015758702119950119
-0.0007153350243220835	0.000563443620636761	0.0016718573819207716	0.0003802172649958191	0.0030910999730264788	-0.0027756664186735502	-5.844229043772131e-05	-0.0016382796115526066
0.0007200811655003747	0.000750671819308657	0.0020463137792650077	0.0006922642627837927	0.003652784569043721	-0.003212532215575603	0.00019119530779199145	-0.001763098410667352
-0.0006529256247642667	0.0010627188170961865	0.0021087231788230465	0.00031780786543822437	0.0037776033681589105	-0.0037742168115937336	6.637650867702405e-05	-0.0018255078102245026
0.0007200811655003747	0.0012499470157687487	0.0023583607770532033	0.000629854863226198	0.004963381959750768	-0.004148673208938858	0.0003160141069067368	-0.0017006890111093131
-0.00046569742609192666	0.0012499470157687487	0.002420770176610354	0.0003802172649958191	0.004900972560193173	-0.004772767204513251	-0.0002456704891105055	-0.0023247830066845943
0.00034562476815525045	0.000563443620636761	0.0017966761810350729	0.0003802172649958191	0.0056498853548827555	-0.004273492008053159	3.967109118985235e-06	-0.002199964207569405
0.0007200811655003747	0.00043862482152112747	0.0014846291832482095	0.000629854863226198	0.005774704153998389	-0.003899035610708035	3.967109118985235e-06	-0.002137554808012032
-0.0006529256247642667	0.0001889872232914147	0.0014846291832482095	0.0005674454636681592	0.006086751151785252	-0.003274941615133642	0.00012878590823417468	-0.0018879172097820973
0.00065767176594278	6.416842417666935e-05	0.00135981038413302	0.0006922642627837927	0.00571229475444035	-0.0031501228160188965	0.00019119530779199145	-0.0020127360088972868
-0.0006529256247642667	6.416842417666935e-05	0.0011101727859030852	0.0005050360641110085	0.005275428957538519	-0.003025304016903707	3.967109118985235e-06	-0.001763098410667352
0.0007200811655003747	0.0003138060224063821	0.0016094479823631769	0.000629854863226198	0.005275428957538519	-0.0027756664186735502	-0.00012085168999576013	-0.0015758702119950119
-0.0007153350243220835	0.00037621542196397684	0.0016094479823631769	0.00031780786543822437	0.003652784569043721	-0.0022763912222141247	-0.00018326108955335485	-0.001326232613764855
0.0004704435672699958	0.0006258530201939116	0.0016094479823631769	0.000817083061898316	0.003465556370370937	-0.000716156233276477	0.00037842350646433154	0.00010918357605738116
-0.000403288026534776	0.0013747658148839381	0.0017342667814774781	0.0005674454636681592	0.0020925495801065175	-0.0005289280346036929	3.967109118985235e-06	-1.56352230573642e-05
-0.0005281068256495214	0.0012499470157687487	0.0016718573819207716	0.0005050360641110085	0.001780502582318766	0.0001575753605282948	6.637650867702405e-05	0.00048363997340272746
0.0005952623663851853	0.0010627188170961865	0.0014846291832482095	0.0005050360641110085	0.0012188179863013016	0.0002823941596432622	-0.00012085168999576013	0.000358821174287538
-0.0005281068256495214	0.0011251282166535592	0.0016718573819207716	0.000629854863226198	0.0014060461849740857	0.000532031757873197	0.00019119530779199145	0.0006708681720746235
0.0005328529668275905	0.0010627188170961865	0.0016094479823631769	0.0004426266645534138	0.0007819521893988046	-0.0003416998359315748	-5.844229043772131e-05	0.0006084587725170287
-0.0007153350243220835	0.0013123564153263434	0.0017966761810350729	0.0004426266645534138	0.0005947239907269086	-0.0002792904363744242	0.00012878590823417468	0.0009205057703050024
0.0007200811655003747	0.0015619940135558341	0.0022959513774951645	0.0007546736623407213	-2.937000484837249e-05	-0.000716156233276477	-5.844229043772131e-05	0.0007956869711898129
-0.0007777444238792341	0.0014371752144410888	0.001983904379707857	0.0001929890663239231	-0.0005286452013082421	-0.0009657938315068559	-0.0003080798886681002	0.0006084587725170287
0.0004704435672699958	0.0013123564153263434	0.0016718573819207716	0.0005050360641110085	-0.0003414170026363461	-0.00040410923548916955	-0.00012085168999576013	0.0010453245694195257
0.0009073093641731589	0.0013123564153263434	0.0017966761810350729	0.0010043112605711002	0.00022026759338156232	0.0002823941596432622	0.0004408329060214822	0.0013573715672070552
-0.0007777444238792341	0.00043862482152112747	0.0008605351876731504	0.0001929890663239231	-0.0004662358017506474	-0.0002792904363744242	-0.00018326108955335485	0.00048363997340272746
0.0005328529668275905	6.416842417666935e-05	0.0004860787903282482	0.0003802172649958191	-0.0003414170026363461	-0.0002792904363744242	-5.844229043772131e-05	0.00017159297561497588
-0.0005281068256495214	6.416842417666935e-05	0.0004236693907702094	0.0005674454636681592	-9.177940440596721e-05	0.0001575753605282948	6.637650867702405e-05	0.00010918357605738116
0.00065767176594278	-6.06503749385201e-05	0.0004860787903282482	0.000629854863226198	0.00022026759338156232	-9.206223770164002e-05	-0.00012085168999576013	-0.00014045402217255365
-0.0006529256247642667	-6.06503749385201e-05	0.00036125999121350283	0.00031780786543822437	0.0004699051916117192	-0.0005289280346036929	-0.00018326108955335485	-0.0002652728212877431
0.0004704435672699958	-0.00012305977449611483	0.0004236693907702094	0.0006922642627837927	0.0015308649840892752	-0.00040410923548916955	0.0003160141069067368	-1.56352230573642e-05
-0.00046569742609192666	6.416842417666935e-05	4.9212993425529206e-05	0.00031780786543822437	0.0010939991871867782	-0.0014650690279665035	-0.00018326108955335485	-0.0009517762164201748
-0.000590516225206672	-0.0004351067722834223	0.00017403179254071866	0.0004426266645534138	0.0014684555845312364	-0.0008409750323916665	-5.844229043772131e-05	-0.000889366816862136
0.0004704435672699958	-0.0005599255713986118	-0.0002628340043617783	0.0004426266645534138	0.0011564085867437068	-0.0007785656328340718	-0.0002456704891105055	-0.001139004415092515
-0.0003408786269771813	-0.0002478785736113043	0.00011162239298312393	0.000817083061898316	0.0016556837832035765	0.00021998476008566747	0.0004408329060214822	-0.00039009162040204437
0.0005328529668275905	-0.0006223349709562065	-0.00045006220303456246	0.00025539846588062964	0.0007819521893988046	-0.00015447163725923474	-0.0003080798886681002	-0.00039009162040204437
-0.00046569742609192666	1.7590246190746228e-06	-0.00013801520524681088	0.0006922642627837927	0.0014684555845312364	0.000719259956545093	0.00012878590823417468	-0.0005149104195172338
0.0007200811655003747	6.416842417666935e-05	4.9212993425529206e-05	0.0006922642627837927	0.0010939991871867782	0.00021998476008566747	-0.0002456704891105055	-0.000702138618189796
-0.000840153823437273	-6.06503749385201e-05	-0.00020042460480418356	0.00031780786543822437	0.0007195427898412099	0.0001575753605282948	-0.0002456704891105055	-0.0005773198190748285
0.0004704435672699958	0.00012657782373426407	0.00036125999121350283	0.0007546736623407213	0.0007195427898412099	0.0009064881552178772	0.0003160141069067368	0.000358821174287538
0.0007824905650575253	0.0006882624197515064	0.0006108975894432156	0.0008794924614563548	0.0003450863924965297	0.0009688975547754719	0.0002536047073495862	0.0006084587725170287
-0.000840153823437273	0.0003138060224063821	0.00011162239298312393	0.0001929890663239231	-0.00040382640219305266	0.0006568505569883865	-0.00018326108955335485	0.00042123057384513274
0.0005952623663851853	0.0005010342210787222	0.0002364411920978693	0.0005674454636681592	-0.0004662358017506474	0.0007816693561035759	-5.844229043772131e-05	0.0006084587725170287
-0.00046569742609192666	0.000750671819308657	0.0007981257881159998	0.000629854863226198	3.3039394709222236e-05	0.0010937163538908834	0.0002536047073495862	0.0006708681720746235
0.00034562476815525045	0.0005010342210787222	0.0004860787903282482	0.00031780786543822437	-0.0005910546008656148	0.0006568505569883865	0.00012878590823417468	0.001419780966765094
-0.00046569742609192666	0.0010003094175385918	0.0009853539867878958	0.0005050360641110085	-0.0009031015986531443	0.0012185351530056288	3.967109118985235e-06	0.0012949621676499046
0.00065767176594278	0.0010627188170961865	0.000922944587230301	0.0005674454636681592	-0.0009031015986531443	0.0015305821507931583	0.0002536047073495862	0.0017942373641095521
-0.00046569742609192666	0.0012499470157687487	0.0009853539867878958	0.0004426266645534138	-0.0013399673955556413	0.0009688975547754719	-0.00012085168999576013	0.0013573715672070552
-0.000590516225206672	0.001187537616211376	0.0012974009845754253	0.0005674454636681592	-0.000965510998210739	0.0013433539521203741	6.637650867702405e-05	0.0017318279645519574
0.00065767176594278	0.0013123564153263434	0.0015470385828055822	0.0006922642627837927	-0.0005910546008656148	0.0008440787556607265	6.637650867702405e-05	0.0015445997658793953
-0.0006529256247642667	0.0013123564153263434	0.0016718573819207716	0.0003802172649958191	-0.0003414170026363461	0.0009064881552178772	3.967109118985235e-06	0.00160700916543699
0.00065767176594278	0.001187537616211376	0.0016094479823631769	0.0005674454636681592	-0.0005286452013082421	0.0006568505569883865	3.967109118985235e-06	0.0017318279645519574
-0.0007153350243220835	0.0013123564153263434	0.0016718573819207716	0.0004426266645534138	-0.0005286452013082421	0.0009688975547754719	0.00019119530779199145	0.0015445997658793953
0.0007200811655003747	0.0013747658148839381	0.0017342667814774781	0.0007546736623407213	-0.0003414170026363461	0.0005944411574307917	-0.00018326108955335485	0.0011077339689771204
-0.0007777444238792341	0.0011251282166535592	0.0014222197836903927	0.0005674454636681592	9.544879426681696e-05	0.0002823941596432622	3.967109118985235e-06	0.0006708681720746235
0.0005952623663851853	0.0010003094175385918	0.0012974009845754253	0.0005050360641110085	0.0006571333902836152	0.0001575753605282948	6.637650867702405e-05	0.0007332775716322182
0.0007824905650575253	0.0012499470157687487	0.0014222197836903927	0.000817083061898316	0.0012188179863013016	0.0003448035592008569	0.0002536047073495862	0.0006708681720746235
-0.0006529256247642667	0.0008754906184238465	0.0011101727859030852	0.00031780786543822437	0.0009691803880711447	0.0003448035592008569	-5.844229043772131e-05	0.00048363997340272746
0.0005952623663851853	0.0008130812188662517	0.0006733069890008103	0.0005050360641110085	0.0009067709885139941	0.0001575753605282948	-0.00012085168999576013	0.00017159297561497588
-0.0005281068256495214	0.000750671819308657	0.000922944587230301	0.0006922642627837927	0.0016556837832035765	0.00040721295875800756	0.00019119530779199145	-0.00039009162040204437
0.00040803416771328926	0.0002513966228487874	0.0002988505916559081	0.00025539846588062964	0.0012812273858593404	-0.00040410923548916955	0.00012878590823417468	4.6774176499786435e-05
-0.0005281068256495214	0.00043862482152112747	0.0006108975894432156	0.000629854863226198	0.0024670059774511977	-0.000716156233276477	0.00019119530779199145	-0.0006397292186324233
0.0007824905650575253	0.00012657782373426407	0.0004236693907702094	0.00031780786543822437	0.002342187178336008	-0.001340250228851536	-5.844229043772131e-05	-0.0010141856159773255
-0.0007153350243220835	-0.0003102879731680108	4.9212993425529206e-05	0.0003802172649958191	0.002217368379221263	-0.0015274784275236541	-0.0002456704891105055	-0.0012638232142072603
-0.0003408786269771813	0.0002513966228487874	0.0006733069890008103	0.0008794924614563548	0.00302869057346844	-0.0006537468337193264	0.0005032423055790769	-0.00032768222084489373
0.0005328529668275905	-0.00018546917405370955	-7.560580568921615e-05	0.0004426266645534138	0.0020925495801065175	-0.0014026596284089088	-0.00012085168999576013	-0.001139004415092515
-0.0007153350243220835	-0.0002478785736113043	-7.560580568921615e-05	0.00025539846588062964	0.002154958979663668	-0.001153022030178752	-5.844229043772131e-05	-0.0010141856159773255
0.0005952623663851853	-0.0002478785736113043	-0.00020042460480418356	0.0005050360641110085	0.0018429119818761386	-0.0012778408292939414	-0.00012085168999576013	-0.0007645480177478348
-0.00046569742609192666	-6.06503749385201e-05	0.0002988505916559081	0.000629854863226198	0.002342187178336008	-0.0009657938315068559	3.967109118985235e-06	-0.0012014138146496656
0.0005952623663851853	-0.0003102879731680108	4.9212993425529206e-05	0.0005674454636681592	0.0012188179863013016	-0.0015274784275236541	-0.0002456704891105055	-0.0012638232142072603
-0.0007153350243220835	-0.0003102879731680108	4.9212993425529206e-05	0.000817083061898316	0.0014684555845312364	-0.001153022030178752	0.0002536047073495862	-0.0005773198190748285
0.0007824905650575253	1.7590246190746228e-06	0.0007981257881159998	0.0004426266645534138	0.0011564085867437068	-0.0012778408292939414	6.637650867702405e-05	-0.00039009162040204437
0.0005328529668275905	0.00012657782373426407	0.0008605351876731504	0.00025539846588062964	0.0008443615889563993	-0.001777116025754033	-0.00018326108955335485	-0.0007645480177478348
-0.000590516225206672	0.000563443620636761	0.0012349915850178306	0.0005674454636681592	0.001343636785416491	-0.0012778408292939414	3.967109118985235e-06	-0.00032768222084489373
0.0007824905650575253	0.0006258530201939116	0.00135981038413302	0.000817083061898316	0.0014684555845312364	-0.0014650690279665035	0.0002536047073495862	-0.00032768222084489373
-0.0007777444238792341	0.00037621542196397684	0.0008605351876731504	0.00013057966676632837	0.0009067709885139941	-0.001777116025754033	-0.0002456704891105055	-0.00039009162040204437
0.00065767176594278	0.0005010342210787222	0.0012349915850178306	0.000629854863226198	0.0007819521893988046	-0.001340250228851536	0.00019119530779199145	4.6774176499786435e-05
-0.000403288026534776	0.0008754906184238465	0.0014222197836903927	0.0006922642627837927	0.0007195427898412099	-0.0014650690279665035	-0.00018326108955335485	-0.0005149104195172338
0.0004704435672699958	0.00043862482152112747	0.0010477633863454905	0.0003802172649958191	0.0014060461849740857	-0.0014026596284089088	6.637650867702405e-05	-0.00020286342173014837
-0.0007153350243220835	0.0006882624197515064	0.0016718573819207716	0.0005674454636681592	0.0019053213814337333	-0.001777116025754033	3.967109118985235e-06	-0.00032768222084489373
-0.00021605982786199185	0.0013747658148839381	0.0023583607770532033	0.0009419018610135055	0.0030910999730264788	-0.0014026596284089088	0.0005032423055790769	0.00023400237517234856
0.00034562476815525045	0.000563443620636761	0.0017342667814774781	0.00025539846588062964	0.0022797777787788576	-0.00240121002132887	-0.0002456704891105055	-0.0008269574173045413
-0.00046569742609192666	0.0010627188170961865	0.0021087231788230465	0.000629854863226198	0.0027166435756813545	-0.0018395254253116278	0.00019119530779199145	-0.00014045402217255365
0.0005952623663851853	0.0009379000179809971	0.0019214949801502623	0.0005674454636681592	0.002217368379221263	-0.0018395254253116278	-5.844229043772131e-05	0.00023400237517234856
-0.00046569742609192666	0.0011251282166535592	0.0021711325783806412	0.0007546736623407213	0.0025294153770083483	-0.0010282032310635625	-0.00037048928822569493	-0.0006397292186324233
0.00034562476815525045	0.0006882624197515064	0.0014222197836903927	0.00013057966676632837	0.0027166435756813545	-0.0004665186350467643	0.0003160141069067368	0.000358821174287538
-0.000403288026534776	0.0012499470157687487	0.0021711325783806412	0.0007546736623407213	0.0025294153770083483	-0.00040410923548916955	0.0002536047073495862	0.00010918357605738116
0.0007200811655003747	0.0012499470157687487	0.0014222197836903927	0.0001929890663239231	0.0020301401805484787	-0.0004665186350467643	-0.00018326108955335485	-1.56352230573642e-05
0.0007200811655003747	0.001187537616211376	0.0015470385828055822	0.0005674454636681592	0.0020301401805484787	-9.206223770164002e-05	3.967109118985235e-06	0.00010918357605738116
-0.0006529256247642667	0.0010627188170961865	0.0012974009845754253	0.0005050360641110085	0.00159327438364687	9.516596097070007e-05	0.00012878590823417468	0.00048363997340272746
0.00065767176594278	0.0010627188170961865	0.0014222197836903927	0.0005674454636681592	0.0015308649840892752	3.2756561413105345e-05	6.637650867702405e-05	0.00029641177473016533
-0.000840153823437273	0.0006882624197515064	0.0009853539867878958	0.00013057966676632837	0.0011564085867437068	-0.00040410923548916955	-0.0002456704891105055	0.00029641177473016533
0.00065767176594278	0.0010627188170961865	0.0012349915850178306	0.000629854863226198	0.0014684555845312364	-0.0002792904363744242	0.00019119530779199145	0.0006084587725170287
-0.00046569742609192666	0.0010003094175385918	0.0012349915850178306	0.000629854863226198	0.0010315897876291835	0.0002823941596432622	0.00012878590823417468	0.000546049372959434
0.0007200811655003747	0.0008754906184238465	0.0011101727859030852	6.817026720873365e-05	9.544879426681696e-05	0.0002823941596432622	-0.0003080798886681002	0.000358821174287538
-0.000840153823437273	0.00043862482152112747	0.0008605351876731504	0.0008794924614563548	0.00022026759338156232	0.0012809445525627794	0.00037842350646433154	0.0012325527680923098
-0.000840153823437273	0.0003138060224063821	0.00011162239298312393	0.00025539846588062964	-0.0005910546008656148	0.0010937163538908834	-0.00012085168999576013	0.0007956869711898129
0.00034562476815525045	1.7590246190746228e-06	-0.000325243403919373	0.00025539846588062964	-0.0013399673955556413	0.0007816693561035759	-0.00037048928822569493	0.00029641177473016533
-0.0003408786269771813	0.0003138060224063821	0.0002988505916559081	0.0007546736623407213	-0.0006534640004236536	0.0014681727512355636	0.00037842350646433154	0.0010453245694195257
0.0005952623663851853	6.416842417666935e-05	-7.560580568921615e-05	0.0005674454636681592	-0.0010903297973254844	0.0009688975547754719	6.637650867702405e-05	0.0007956869711898129
-0.000840153823437273	1.7590246190746228e-06	-7.560580568921615e-05	0.00025539846588062964	-0.0014647861946708307	0.0010313069543330666	3.967109118985235e-06	0.000982915169862597
0.00065767176594278	0.0001889872232914147	0.0002988505916559081	0.0005674454636681592	-0.0013399673955556413	0.0014681727512355636	0.00019119530779199145	0.0015445997658793953
-0.000590516225206672	0.0005010342210787222	0.0004860787903282482	0.00031780786543822437	-0.002213698989360413	0.0008440787556607265	-0.0003080798886681002	0.0006708681720746235
0.0005328529668275905	-6.06503749385201e-05	0.00017403179254071866	0.0005050360641110085	-0.0016520143933431708	0.0012809445525627794	0.00012878590823417468	0.0011701433685351592
0.00065767176594278	0.0001889872232914147	0.00017403179254071866	0.0006922642627837927	-0.001402376795113236	0.0010313069543330666	6.637650867702405e-05	0.0007956869711898129
-0.0007777444238792341	1.7590246190746228e-06	-0.00020042460480418356	0.00013057966676632837	-0.0017144237929003214	0.0009688975547754719	-0.0002456704891105055	0.0006084587725170287
0.00065767176594278	0.00043862482152112747	0.00011162239298312393	0.000629854863226198	-0.0015271955942284254	0.0013433539521203741	3.967109118985235e-06	0.0007956869711898129
-0.0005281068256495214	0.000563443620636761	0.0002988505916559081	0.0005674454636681592	-0.0013399673955556413	0.001592991550350753	0.00012878590823417468	0.0007332775716322182
0.0004704435672699958	0.0003138060224063821	-1.319640613162143e-05	0.0003802172649958191	-0.0018392425920155109	0.0012185351530056288	-0.0002456704891105055	0.0010453245694195257
-0.0007153350243220835	0.0006258530201939116	0.00017403179254071866	0.00025539846588062964	-0.0007782827995379549	0.001592991550350753	0.0004408329060214822	0.0012949621676499046
0.0009073093641731589	0.0008130812188662517	0.0005484881898856209	0.0005674454636681592	-0.0005910546008656148	0.0010937163538908834	6.637650867702405e-05	0.000982915169862597
-0.000590516225206672	0.0006258530201939116	-1.319640613162143e-05	0.0001929890663239231	-0.0010279203977683338	0.000532031757873197	-0.0003080798886681002	0.000358821174287538
-0.0006529256247642667	0.0006258530201939116	0.00036125999121350283	0.0005050360641110085	-0.0006534640004236536	0.0010937163538908834	-5.844229043772131e-05	0.0010453245694195257
0.0007200811655003747	0.0005010342210787222	0.00036125999121350283	0.0007546736623407213	-0.0007158733999803601	0.0012809445525627794	0.00012878590823417468	0.0011701433685351592
-0.0007153350243220835	0.000563443620636761	0.0002988505916559081	0.00025539846588062964	-0.0009031015986531443	0.0012185351530056288	-5.844229043772131e-05	0.0011077339689771204
0.00065767176594278	0.0006258530201939116	0.0002364411920978693	0.0004426266645534138	-0.0007158733999803601	0.0011561257534484781	-0.00012085168999576013	0.0017318279645519574
-0.000403288026534776	0.0011251282166535592	0.0008605351876731504	0.000817083061898316	3.3039394709222236e-05	0.0018426291485804658	3.967109118985235e-06	0.000982915169862597
0.0005952623663851853	0.000750671819308657	0.0004860787903282482	0.0005674454636681592	-0.0003414170026363461	0.0011561257534484781	-5.844229043772131e-05	0.0011077339689771204
-0.0006529256247642667	0.000750671819308657	0.0004236693907702094	0.0008794924614563548	-0.00021659820352071257	0.0015305821507931583	0.0002536047073495862	0.0013573715672070552
0.0007824905650575253	0.0009379000179809971	0.00011162239298312393	0.00013057966676632837	-0.0009031015986531443	0.0009688975547754719	-0.00043289868778284557	0.000982915169862597
0.0009073093641731589	0.0011251282166535592	0.00117258218546068	0.0010043112605711002	3.3039394709222236e-05	0.0018426291485804658	0.0004408329060214822	0.0017942373641095521
-0.0007153350243220835	0.0008754906184238465	0.000922944587230301	0.0003802172649958191	-0.00015418880396356194	0.0013433539521203741	6.637650867702405e-05	0.001419780966765094
0.0004704435672699958	0.0009379000179809971	0.0008605351876731504	0.0004426266645534138	-0.00021659820352071257	0.0010313069543330666	-0.00018326108955335485	0.0011701433685351592
-0.000403288026534776	0.0013123564153263434	0.0014846291832482095	0.0008794924614563548	0.0006571333902836152	0.0014681727512355636	0.0004408329060214822	0.0009205057703050024
0.00040803416771328926	0.0008754906184238465	0.0008605351876731504	0.0003802172649958191	-9.177940440596721e-05	0.0005944411574307917	0.0003160141069067368	0.001419780966765094
-0.000403288026534776	0.001187537616211376	0.00135981038413302	0.000629854863226198	-9.177940440596721e-05	0.0004696223583156023	-0.00018326108955335485	0.0007332775716322182
0.00040803416771328926	0.0008754906184238465	0.000922944587230301	0.0001929890663239231	9.544879426681696e-05	0.0003448035592008569	-0.0002456704891105055	0.0006708681720746235
-0.000840153823437273	0.0008130812188662517	0.0012974009845754253	0.0007546736623407213	0.0006571333902836152	0.000532031757873197	0.00019119530779199145	0.000982915169862597
-0.0005281068256495214	0.001187537616211376	0.0012974009845754253	0.000629854863226198	0.0012812273858593404	3.2756561413105345e-05	0.00012878590823417468	0.0007332775716322182
0.0005328529668275905	0.0008130812188662517	0.000922944587230301	0.0004426266645534138	0.0011564085867437068	-0.0006537468337193264	-0.00012085168999576013	-1.56352230573642e-05
-0.000840153823437273	0.000750671819308657	0.000922944587230301	0.00025539846588062964	0.0015308649840892752	-0.000716156233276477	-0.00018326108955335485	-1.56352230573642e-05
0.0005952623663851853	0.000750671819308657	0.0009853539867878958	0.000629854863226198	0.0015308649840892752	-0.0007785656328340718	3.967109118985235e-06	0.000358821174287538
-0.0003408786269771813	0.0009379000179809971	0.0012349915850178306	0.0007546736623407213	0.0019053213814337333	-0.0005289280346036929	-0.00012085168999576013	-0.0005773198190748285
0.0004704435672699958	0.0003138060224063821	0.0004860787903282482	0.00031780786543822437	0.0017180931827611712	-0.0012778408292939414	3.967109118985235e-06	-0.0004525010199605273
-0.000590516225206672	0.0002513966228487874	0.0005484881898856209	0.0006922642627837927	0.002404596577894047	-0.0015898878270812489	0.00012878590823417468	-0.0007645480177478348
0.0007824905650575253	0.0002513966228487874	0.0006108975894432156	0.00031780786543822437	0.0024670059774511977	-0.0020267536239835238	-5.844229043772131e-05	-0.0010141856159773255
0.0005328529668275905	6.416842417666935e-05	0.0005484881898856209	0.0005674454636681592	0.002342187178336008	-0.0020891630235411185	-0.00018326108955335485	-0.0012014138146496656
-0.0005281068256495214	0.0001889872232914147	0.0008605351876731504	0.000629854863226198	0.0027166435756813545	-0.0016522972266388436	0.0003160141069067368	-0.0007645480177478348
0.0004704435672699958	-0.0002478785736113043	0.00036125999121350283	0.00025539846588062964	0.0018429119818761386	-0.002213981822656086	-0.0002456704891105055	-0.0013886420133222277
-0.0006529256247642667	-6.06503749385201e-05	0.0004860787903282482	0.0003802172649958191	0.001967730780991328	-0.0018395254253116278	3.967109118985235e-06	-0.0012638232142072603
0.0005952623663851853	-0.00012305977449611483	0.00036125999121350283	0.0005050360641110085	0.001967730780991328	-0.0020267536239835238	0.0003160141069067368	-0.000889366816862136
-0.00046569742609192666	6.416842417666935e-05	0.0007981257881159998	0.0006922642627837927	0.0018429119818761386	-0.0023388006217708313	-0.00018326108955335485	-0.0015134608124374171
0.0004704435672699958	-0.00012305977449611483	0.0002988505916559081	0.00025539846588062964	0.0019053213814337333	-0.001964344224426373	-0.0002456704891105055	-0.001139004415092515
-0.000840153823437273	-6.06503749385201e-05	0.000922944587230301	0.000817083061898316	0.002217368379221263	-0.0015898878270812489	0.0002536047073495862	-0.0007645480177478348
-0.0009025632229939795	-6.06503749385201e-05	0.0004236693907702094	0.00013057966676632837	0.0015308649840892752	-0.001964344224426373	-0.0003080798886681002	-0.001139004415092515
0.0009697187637300875	0.000563443620636761	0.00117258218546068	0.0008794924614563548	0.0020925495801065175	-0.0015274784275236541	0.0003160141069067368	-0.0005773198190748285
-0.0009025632229939795	0.0001889872232914147	0.0006733069890008103	0.00025539846588062964	0.0017180931827611712	-0.0019019348248687784	-0.00018326108955335485	-0.0009517762164201748
0.00065767176594278	0.0002513966228487874	0.0011101727859030852	0.000629854863226198	0.0022797777787788576	-0.0019019348248687784	6.637650867702405e-05	-0.0010141856159773255
-0.0007777444238792341	0.0002513966228487874	0.0010477633863454905	0.00025539846588062964	0.002154958979663668	-0.002213981822656086	6.637650867702405e-05	-0.0007645480177478348
0.0007200811655003747	0.000563443620636761	0.00117258218546068	0.0007546736623407213	0.0022797777787788576	-0.001777116025754033	6.637650867702405e-05	-0.0005773198190748285
-0.0007153350243220835	0.0005010342210787222	0.0012349915850178306	0.0005050360641110085	0.002342187178336008	-0.001964344224426373	-5.844229043772131e-05	-0.0006397292186324233
0.0005952623663851853	0.0006882624197515064	0.0017966761810350729	0.0006922642627837927	0.0027790529752389492	-0.0014650690279665035	0.00012878590823417468	-0.00020286342173014837
0.00065767176594278	0.000750671819308657	0.0016718573819207716	0.000629854863226198	0.00302869057346844	-0.001964344224426373	0.00012878590823417468	-0.000702138618189796
-0.000590516225206672	0.0008754906184238465	0.0017966761810350729	0.0004426266645534138	0.003403146970813564	-0.001964344224426373	0.00019119530779199145	-0.0005773198190748285
0.0005952623663851853	0.0006882624197515064	0.0016718573819207716	0.0005674454636681592	0.003278328171698819	-0.0023388006217708313	3.967109118985235e-06	-0.0010141856159773255
-0.0005281068256495214	0.0008754906184238465	0.0019214949801502623	0.000629854863226198	0.0035903751694861263	-0.0019019348248687784	0.0002536047073495862	-0.0009517762164201748
0.00040803416771328926	0.0006882624197515064	0.0016718573819207716	0.00031780786543822437	0.0029662811739108452	-0.0022763912222141247	6.637650867702405e-05	-0.00039009162040204437
-0.000590516225206672	0.0011251282166535592	0.001983904379707857	0.0005050360641110085	0.0031535093725836294	-0.0015898878270812489	3.967109118985235e-06	-0.0005149104195172338
0.00065767176594278	0.0011251282166535592	0.0018590855805926676	0.0007546736623407213	0.0037776033681589105	-0.001340250228851536	0.0003160141069067368	-0.00014045402217255365
-0.00046569742609192666	0.0012499470157687487	0.0016094479823631769	0.00031780786543822437	0.00321591877214078	-0.0020891630235411185	-0.00018326108955335485	-0.0010141856159773255
-0.000403288026534776	0.001187537616211376	0.0018590855805926676	0.000629854863226198	0.003715193968601316	-0.0014650690279665035	0.00019119530779199145	-0.0004525010199605273
0.00065767176594278	0.0006882624197515064	0.0016094479823631769	0.0007546736623407213	0.003278328171698819	-0.0015274784275236541	0.00019119530779199145	-0.000702138618189796
-0.000840153823437273	0.0006258530201939116	0.0012974009845754253	0.00031780786543822437	0.0027790529752389492	-0.0015274784275236541	-0.00012085168999576013	-0.0007645480177478348
0.00040803416771328926	0.000563443620636761	0.0011101727859030852	0.00025539846588062964	0.002154958979663668	-0.0015898878270812489	-0.0003080798886681002	-7.804462261495893e-05
-0.00046569742609192666	0.0009379000179809971	0.0016094479823631769	0.0006922642627837927	0.0027790529752389492	-0.0006537468337193264	-0.00012085168999576013	-0.000702138618189796
0.00040803416771328926	0.00037621542196397684	0.0010477633863454905	0.00031780786543822437	0.0022797777787788576	-0.0007785656328340718	0.00019119530779199145	-0.00014045402217255365
-0.00046569742609192666	0.0008130812188662517	0.0012974009845754253	0.0005050360641110085	0.001343636785416491	-0.0007785656328340718	-0.00018326108955335485	-0.0002652728212877431
0.0005328529668275905	0.0005010342210787222	0.00117258218546068	0.0006922642627837927	0.0014684555845312364	3.2756561413105345e-05	0.0002536047073495862	0.00029641177473016533
0.0005952623663851853	6.416842417666935e-05	0.00036125999121350283	0.0004426266645534138	0.00022026759338156232	-0.00021688103681638538	-5.844229043772131e-05	-0.00014045402217255365
-0.0006529256247642667	6.416842417666935e-05	0.0002988505916559081	0.00025539846588062964	-0.00015418880396356194	9.516596097070007e-05	-5.844229043772131e-05	4.6774176499786435e-05
0.0007824905650575253	0.00037621542196397684	0.0004236693907702094	0.0007546736623407213	-2.937000484837249e-05	0.0005944411574307917	0.00012878590823417468	0.000358821174287538
-0.0006529256247642667	1.7590246190746228e-06	0.00017403179254071866	0.0005050360641110085	-9.177940440596721e-05	0.000532031757873197	6.637650867702405e-05	0.00023400237517234856
0.0005952623663851853	6.416842417666935e-05	0.0002364411920978693	0.0005050360641110085	-0.0003414170026363461	0.0003448035592008569	-5.844229043772131e-05	0.00042123057384513274
-0.000590516225206672	0.00012657782373426407	0.00011162239298312393	0.0004426266645534138	-0.0011527391968830791	0.0007816693561035759	-0.00012085168999576013	0.00029641177473016533
0.0005328529668275905	-6.06503749385201e-05	-1.319640613162143e-05	0.0004426266645534138	-0.0011527391968830791	0.0009688975547754719	3.967109118985235e-06	0.0006708681720746235
-0.0006529256247642667	1.7590246190746228e-06	-1.319640613162143e-05	0.0005674454636681592	-0.0014647861946708307	0.0008440787556607265	3.967109118985235e-06	0.000546049372959434
-0.0006529256247642667	1.7590246190746228e-06	-0.00013801520524681088	0.0004426266645534138	-0.0014647861946708307	0.0009688975547754719	-0.00012085168999576013	0.0006084587725170287
0.0007824905650575253	1.7590246190746228e-06	0.00017403179254071866	0.0005674454636681592	-0.0009031015986531443	0.0008440787556607265	0.00012878590823417468	0.00048363997340272746
-0.0007777444238792341	0.00012657782373426407	-1.319640613162143e-05	0.00025539846588062964	-0.0008406921990959937	0.0005944411574307917	-5.844229043772131e-05	0.000358821174287538
0.00065767176594278	0.0001889872232914147	0.0002364411920978693	0.0005050360641110085	-0.0007782827995379549	0.0006568505569883865	-5.844229043772131e-05	0.0007956869711898129
-0.000590516225206672	0.00043862482152112747	0.0002364411920978693	0.0005050360641110085	-0.0006534640004236536	0.0011561257534484781	0.00012878590823417468	0.0006708681720746235
0.00065767176594278	0.00037621542196397684	0.0002988505916559081	0.0006922642627837927	-0.0010279203977683338	0.0009688975547754719	-0.00012085168999576013	0.000546049372959434
-0.0007153350243220835	0.0002513966228487874	4.9212993425529206e-05	0.000629854863226198	-0.0005910546008656148	0.0010937163538908834	6.637650867702405e-05	0.0006708681720746235
0.0007200811655003747	0.0005010342210787222	0.0005484881898856209	0.0006922642627837927	3.3039394709222236e-05	0.0010937163538908834	0.0002536047073495862	0.0008580963707469635
0.00034562476815525045	1.7590246190746228e-06	-7.560580568921615e-05	0.0001929890663239231	-0.0004662358017506474	3.2756561413105345e-05	-0.00043289868778284557	-0.00014045402217255365
-0.000590516225206672	0.0005010342210787222	0.0005484881898856209	0.0005050360641110085	0.0001578581938239676	0.0007816693561035759	0.00012878590823417468	0.0006708681720746235
0.0007824905650575253	0.0008130812188662517	0.0008605351876731504	0.0007546736623407213	0.00022026759338156232	0.0009688975547754719	0.00012878590823417468	0.0008580963707469635
-0.0006529256247642667	0.0006258530201939116	0.000922944587230301	0.0005050360641110085	0.0004074957920543465	0.0009688975547754719	6.637650867702405e-05	0.0006084587725170287
0.0005328529668275905	0.000563443620636761	0.0006108975894432156	0.00031780786543822437	-2.937000484837249e-05	0.000532031757873197	0.00012878590823417468	0.0011077339689771204
-0.0005281068256495214	0.0008754906184238465	0.000922944587230301	0.0005674454636681592	0.0004074957920543465	0.0006568505569883865	3.967109118985235e-06	0.0006708681720746235
0.00065767176594278	0.0006882624197515064	0.0007357163885575169	0.000629854863226198	0.0007195427898412099	0.0011561257534484781	0.00019119530779199145	0.0010453245694195257
-0.000590516225206672	0.0008130812188662517	0.000922944587230301	0.0005050360641110085	0.0004074957920543465	0.0009688975547754719	3.967109118985235e-06	0.0009205057703050024
-0.0006529256247642667	0.0010003094175385918	0.000922944587230301	0.0005050360641110085	0.0003450863924965297	0.0014057633516779688	3.967109118985235e-06	0.0012949621676499046
0.0005952623663851853	0.0008754906184238465	0.0007981257881159998	0.0005050360641110085	3.3039394709222236e-05	0.0010937163538908834	-5.844229043772131e-05	0.0009205057703050024
-0.0005281068256495214	0.0012499470157687487	0.00135981038413302	0.0006922642627837927	0.0005947239907269086	0.0016554009499083477	0.00019119530779199145	0.0015445997658793953
0.0007200811655003747	0.0010003094175385918	0.0010477633863454905	0.0005674454636681592	0.0004699051916117192	0.0010313069543330666	6.637650867702405e-05	0.0007332775716322182
-0.0007153350243220835	0.0008754906184238465	0.0007981257881159998	0.0003802172649958191	0.0005323145911693139	0.0006568505569883865	0.0003160141069067368	0.0008580963707469635
0.0007824905650575253	0.0010003094175385918	0.0011101727859030852	0.0007546736623407213	0.0004699051916117192	0.00021998476008566747	-0.00012085168999576013	0.000546049372959434
-0.0007153350243220835	0.0006882624197515064	0.0007981257881159998	0.0005674454636681592	0.0005947239907269086	0.00040721295875800756	6.637650867702405e-05	0.0006084587725170287
0.00065767176594278	0.000750671819308657	0.0008605351876731504	0.00031780786543822437	0.0004074957920543465	0.0003448035592008569	-0.00012085168999576013	0.0007332775716322182
0.00065767176594278	0.0008754906184238465	0.0009853539867878958	0.0006922642627837927	0.0006571333902836152	0.0003448035592008569	0.00019119530779199145	0.0007332775716322182
-0.000840153823437273	0.0005010342210787222	0.0006108975894432156	0.0001929890663239231	0.0005947239907269086	-0.00015447163725923474	-0.00018326108955335485	0.00017159297561497588
0.00065767176594278	0.0008754906184238465	0.0010477633863454905	0.0006922642627837927	0.0010939991871867782	-0.00021688103681638538	6.637650867702405e-05	0.00029641177473016533
-0.0006529256247642667	0.000750671819308657	0.0007981257881159998	0.0003802172649958191	0.0009067709885139941	-0.0003416998359315748	-5.844229043772131e-05	0.00029641177473016533
0.000844899964614898	0.0006258530201939116	0.0010477633863454905	0.0008794924614563548	0.0009691803880711447	-0.00015447163725923474	-0.00012085168999576013	-0.00014045402217255365
-0.000840153823437273	0.0001889872232914147	0.0004236693907702094	0.00025539846588062964	0.00028267699293915705	-0.0007785656328340718	-0.00012085168999576013	-7.804462261495893e-05
0.0005952623663851853	0.00043862482152112747	0.0006108975894432156	0.0005674454636681592	0.0007195427898412099	-0.0005289280346036929	0.00012878590823417468	0.00017159297561497588
-0.0005281068256495214	0.00037621542196397684	0.0004236693907702094	0.00025539846588062964	0.0005323145911693139	-0.0010906126306216013	-0.0002456704891105055	-0.0004525010199605273
-0.0006529256247642667	0.0003138060224063821	0.0006733069890008103	0.0003802172649958191	0.0010315897876291835	-0.0010282032310635625	3.967109118985235e-06	-0.00020286342173014837
0.000844899964614898	0.0002513966228487874	0.0006733069890008103	0.0007546736623407213	0.0010315897876291835	-0.0010282032310635625	0.0002536047073495862	-0.00039009162040204437
-0.0007153350243220835	-6.06503749385201e-05	0.00036125999121350283	0.00031780786543822437	0.0007819521893988046	-0.0009033844319492612	-0.00012085168999576013	-0.0004525010199605273
0.00065767176594278	1.7590246190746228e-06	0.0004860787903282482	0.0005674454636681592	0.0005947239907269086	-0.0009657938315068559	6.637650867702405e-05	-0.00020286342173014837
-0.0006529256247642667	0.0001889872232914147	0.00036125999121350283	0.0005050360641110085	0.0004074957920543465	-0.000716156233276477	0.00012878590823417468	-0.00020286342173014837
0.0007200811655003747	0.00012657782373426407	0.0005484881898856209	0.000629854863226198	0.0005947239907269086	-0.0009657938315068559	-0.0002456704891105055	-0.0005773198190748285
-0.000840153823437273	1.7590246190746228e-06	0.0002988505916559081	0.0004426266645534138	0.0007819521893988046	-0.0010906126306216013	-0.00012085168999576013	-0.0005149104195172338
0.0005328529668275905	0.00012657782373426407	0.0008605351876731504	0.0007546736623407213	0.0011564085867437068	-0.00040410923548916955	0.0003160141069067368	0.00010918357605738116
0.0005952623663851853	0.0001889872232914147	0.0006108975894432156	0.0005050360641110085	0.0007819521893988046	-0.000716156233276477	-5.844229043772131e-05	-0.00032768222084489373
-0.0007153350243220835	6.416842417666935e-05	0.0004860787903282482	0.00025539846588062964	0.0004699051916117192	-0.0005913374341619537	-0.00012085168999576013	-0.0002652728212877431
0.0005952623663851853	0.000563443620636761	0.0006108975894432156	0.000629854863226198	0.0005947239907269086	-0.0002792904363744242	3.967109118985235e-06	-1.56352230573642e-05
-0.0003408786269771813	0.000563443620636761	0.000922944587230301	0.0006922642627837927	0.0009067709885139941	3.2756561413105345e-05	0.0003160141069067368	-0.00020286342173014837
0.0004704435672699958	0.0003138060224063821	0.0006108975894432156	0.0003802172649958191	0.0009067709885139941	-0.0005289280346036929	0.00012878590823417468	4.6774176499786435e-05
-0.000590516225206672	0.0006882624197515064	0.000922944587230301	0.0005050360641110085	0.0012188179863013016	-0.0005913374341619537	-0.00012085168999576013	-7.804462261495893e-05
0.0005328529668275905	0.0006882624197515064	0.000922944587230301	0.000817083061898316	0.001780502582318766	0.00021998476008566747	0.00037842350646433154	0.0007332775716322182
-0.0003408786269771813	0.001187537616211376	0.000922944587230301	0.00025539846588062964	0.0009067709885139941	-0.0006537468337193264	-0.0002456704891105055	-7.804462261495893e-05
-0.0005281068256495214	0.0010003094175385918	0.0012974009845754253	0.0005674454636681592	0.0012812273858593404	-9.206223770164002e-05	0.00019119530779199145	0.0006084587725170287
0.00065767176594278	0.0010003094175385918	0.0011101727859030852	0.0007546736623407213	0.001343636785416491	-0.00021688103681638538	0.00012878590823417468	0.000358821174287538
-0.000590516225206672	0.0006882624197515064	0.0012349915850178306	0.0004426266645534138	0.0017180931827611712	-0.0002792904363744242	0.00012878590823417468	0.00042123057384513274
0.0005952623663851853	0.0008754906184238465	0.0012974009845754253	0.0005050360641110085	0.001780502582318766	-0.0004665186350467643	6.637650867702405e-05	0.000358821174287538
-0.0007777444238792341	0.0009379000179809971	0.0012349915850178306	0.00031780786543822437	0.0015308649840892752	-0.00021688103681638538	0.0002536047073495862	0.0007956869711898129
0.0007200811655003747	0.001187537616211376	0.0016094479823631769	0.000817083061898316	0.0009067709885139941	-0.00021688103681638538	-0.0003080798886681002	0.00048363997340272746
-0.0009025632229939795	0.0008130812188662517	0.0011101727859030852	0.0003802172649958191	0.0009691803880711447	3.2756561413105345e-05	-5.844229043772131e-05	0.000546049372959434
0.0005952623663851853	0.0010627188170961865	0.00135981038413302	0.0007546736623407213	0.0011564085867437068	0.00040721295875800756	0.00019119530779199145	0.000982915169862597
0.0007824905650575253	0.0010003094175385918	0.0012974009845754253	0.0006922642627837927	0.0012812273858593404	9.516596097070007e-05	0.00019119530779199145	0.00048363997340272746
-0.0005281068256495214	0.0008754906184238465	0.00117258218546068	0.0005050360641110085	0.0011564085867437068	-2.965283814404529e-05	0.00012878590823417468	0.00048363997340272746
0.00040803416771328926	0.0006882624197515064	0.0007981257881159998	0.0003802172649958191	0.0005947239907269086	-2.965283814404529e-05	-0.00018326108955335485	0.00029641177473016533
-0.00046569742609192666	0.0010003094175385918	0.00117258218546068	0.0007546736623407213	0.0009691803880711447	0.000719259956545093	0.00037842350646433154	0.00042123057384513274
0.0004704435672699958	0.00043862482152112747	0.0006733069890008103	0.00025539846588062964	-2.937000484837249e-05	3.2756561413105345e-05	6.637650867702405e-05	0.0009205057703050024
-0.0006529256247642667	0.000750671819308657	0.0007981257881159998	0.0005674454636681592	0.00028267699293915705	0.000719259956545093	0.00019119530779199145	0.0008580963707469635
0.0007824905650575253	0.0008130812188662517	0.0011101727859030852	0.0005050360641110085	9.544879426681696e-05	0.00040721295875800756	3.967109118985235e-06	0.0007332775716322182
-0.000590516225206672	0.0006882624197515064	0.0007357163885575169	0.0006922642627837927	-2.937000484837249e-05	0.0003448035592008569	0.00012878590823417468	0.0006708681720746235
-0.0009025632229939795	-6.06503749385201e-05	0.00011162239298312393	6.817026720873365e-05	-0.0008406921990959937	-2.965283814404529e-05	-0.0003080798886681002	0.00017159297561497588
0.0004704435672699958	0.0001889872232914147	0.00017403179254071866	0.00031780786543822437	-0.0009031015986531443	0.0002823941596432622	-0.0002456704891105055	0.000358821174287538
-0.000403288026534776	0.0005010342210787222	0.0006733069890008103	0.0006922642627837927	-0.0005286452013082421	0.0010937163538908834	0.0003160141069067368	0.0011077339689771204
0.0005952623663851853	0.00037621542196397684	0.0002988505916559081	0.000629854863226198	-0.0008406921990959937	0.000719259956545093	3.967109118985235e-06	0.00048363997340272746
-0.0007777444238792341	0.0001889872232914147	0.00011162239298312393	0.0001929890663239231	-0.000965510998210739	0.0005944411574307917	-0.00012085168999576013	0.00029641177473016533
0.0005328529668275905	6.416842417666935e-05	-1.319640613162143e-05	0.0004426266645534138	-0.0003414170026363461	0.0007816693561035759	0.0003160141069067368	0.0006708681720746235
-0.000403288026534776	0.0002513966228487874	0.0002988505916559081	0.00031780786543822437	-0.0011527391968830791	9.516596097070007e-05	-0.0003080798886681002	-7.804462261495893e-05
0.0004704435672699958	-0.0002478785736113043	-1.319640613162143e-05	0.0004426266645534138	-0.000965510998210739	0.0006568505569883865	-5.844229043772131e-05	0.000546049372959434
0.0007824905650575253	0.0003138060224063821	0.0002364411920978693	0.0006922642627837927	-0.0007158733999803601	0.000719259956545093	0.00019119530779199145	0.0006084587725170287
-0.000590516225206672	0.0001889872232914147	4.9212993425529206e-05	0.0003802172649958191	-0.0007158733999803601	0.000532031757873197	-5.844229043772131e-05	0.00048363997340272746
0.00034562476815525045	6.416842417666935e-05	-0.00013801520524681088	0.00031780786543822437	-0.0006534640004236536	0.0002823941596432622	-0.0003080798886681002	0.00010918357605738116
-0.0005281068256495214	0.00043862482152112747	0.0004860787903282482	0.0006922642627837927	0.00022026759338156232	0.000532031757873197	0.0002536047073495862	-7.804462261495893e-05
0.0004704435672699958	1.7590246190746228e-06	-1.319640613162143e-05	0.0003802172649958191	-0.00021659820352071257	3.2756561413105345e-05	6.637650867702405e-05	0.00048363997340272746
-0.0005281068256495214	0.0003138060224063821	0.00017403179254071866	0.0004426266645534138	-0.0005910546008656148	0.00021998476008566747	-0.0002456704891105055	0.00010918357605738116
0.00034562476815525045	1.7590246190746228e-06	-0.00013801520524681088	0.0007546736623407213	0.00022026759338156232	0.0010313069543330666	0.00037842350646433154	0.0010453245694195257
-0.0003408786269771813	0.0006258530201939116	0.00011162239298312393	0.00031780786543822437	-0.00040382640219305266	0.00040721295875800756	-0.00018326108955335485	0.00023400237517234856
-0.0005281068256495214	0.000563443620636761	0.0005484881898856209	0.000629854863226198	0.00022026759338156232	0.0007816693561035759	0.00019119530779199145	0.0008580963707469635
0.0007200811655003747	0.0008130812188662517	0.0007981257881159998	0.0007546736623407213	0.0005323145911693139	0.000532031757873197	0.00019119530779199145	0.000546049372959434
-0.0006529256247642667	0.0008754906184238465	0.000922944587230301	0.0004426266645534138	0.0007819521893988046	0.0006568505569883865	6.637650867702405e-05	0.000982915169862597
0.00034562476815525045	0.000563443620636761	0.0005484881898856209	0.00025539846588062964	-2.937000484837249e-05	0.0001575753605282948	-0.0004953080873404403	0.0014821903663226887
-0.000403288026534776	0.001187537616211376	0.00135981038413302	0.0009419018610135055	0.0007819521893988046	0.0011561257534484781	-0.00018326108955335485	0.0006084587725170287
0.0004704435672699958	0.000563443620636761	0.0006108975894432156	0.0003802172649958191	0.00022026759338156232	0.0008440787556607265	0.00012878590823417468	0.0011701433685351592
-0.0005281068256495214	0.0010627188170961865	0.000922944587230301	0.000629854863226198	0.0004074957920543465	0.0006568505569883865	-5.844229043772131e-05	0.0009205057703050024
0.0005952623663851853	0.0009379000179809971	0.0014222197836903927	0.000629854863226198	0.0012188179863013016	0.0009064881552178772	0.0002536047073495862	0.0012325527680923098
0.0005952623663851853	0.0010003094175385918	0.0010477633863454905	0.0004426266645534138	0.0007195427898412099	0.0003448035592008569	-0.00012085168999576013	0.0006708681720746235
-0.0006529256247642667	0.001187537616211376	0.0012974009845754253	0.0005674454636681592	0.0008443615889563993	0.000719259956545093	6.637650867702405e-05	0.0011077339689771204
0.0005952623663851853	0.0011251282166535592	0.0012349915850178306	0.0006922642627837927	0.0007195427898412099	0.0006568505569883865	0.00012878590823417468	0.000982915169862597
-0.0007777444238792341	0.0008130812188662517	0.000922944587230301	0.0001929890663239231	0.0004074957920543465	0.00021998476008566747	-0.0002456704891105055	0.00042123057384513274
0.0005328529668275905	0.0008130812188662517	0.0007357163885575169	0.0005050360641110085	0.0005323145911693139	-2.965283814404529e-05	0.0005032423055790769	0.0010453245694195257
-0.0003408786269771813	0.0012499470157687487	0.0016094479823631769	0.000817083061898316	0.0010939991871867782	-0.0005289280346036929	-0.00018326108955335485	0.00017159297561497588
0.00040803416771328926	0.000750671819308657	0.0009853539867878958	0.0004426266645534138	0.0015308649840892752	-0.00021688103681638538	0.00012878590823417468	0.000358821174287538
-0.0005281068256495214	0.0008754906184238465	0.0007357163885575169	0.00025539846588062964	0.0008443615889563993	-0.0007785656328340718	-0.00043289868778284557	-0.00020286342173014837
-0.0003408786269771813	0.001187537616211376	0.0014846291832482095	0.0008794924614563548	0.001780502582318766	9.516596097070007e-05	0.0005032423055790769	0.0007956869711898129
0.0005952623663851853	0.0006258530201939116	0.000922944587230301	0.0004426266645534138	0.0010315897876291835	-0.000716156233276477	3.967109118985235e-06	-7.804462261495893e-05
-0.000840153823437273	0.00043862482152112747	0.0006733069890008103	0.00031780786543822437	0.0011564085867437068	-0.0007785656328340718	-0.0002456704891105055	-0.00014045402217255365
0.0009073093641731589	0.000750671819308657	0.00117258218546068	0.0009419018610135055	0.0018429119818761386	-0.000716156233276477	0.0004408329060214822	-0.000889366816862136
-0.001027382022109613	-0.00012305977449611483	0.0002988505916559081	6.817026720873365e-05	0.0012188179863013016	-0.0016522972266388436	3.967109118985235e-06	-0.0006397292186324233
0.00065767176594278	0.0001889872232914147	0.0006108975894432156	0.0005050360641110085	0.0014684555845312364	-0.0009033844319492612	0.00012878590823417468	-0.0002652728212877431
-0.000590516225206672	0.00037621542196397684	0.0007357163885575169	0.0005674454636681592	0.0011564085867437068	-0.0010906126306216013	3.967109118985235e-06	-0.0005149104195172338
0.0005952623663851853	0.00012657782373426407	0.0006108975894432156	0.0003802172649958191	0.0012812273858593404	-0.0008409750323916665	6.637650867702405e-05	-0.0002652728212877431
0.0005328529668275905	-6.06503749385201e-05	0.0002364411920978693	0.0005050360641110085	0.0009067709885139941	-0.0012154314297361246	-5.844229043772131e-05	-0.0007645480177478348
-0.0003408786269771813	0.0001889872232914147	0.0007981257881159998	0.0007546736623407213	0.0017180931827611712	-0.0008409750323916665	0.00037842350646433154	-0.0002652728212877431
0.0005328529668275905	-0.0003102879731680108	0.00017403179254071866	0.00031780786543822437	0.0010939991871867782	-0.001777116025754033	-0.00018326108955335485	-0.0012014138146496656
-0.0007153350243220835	0.00012657782373426407	0.0002988505916559081	0.0005050360641110085	0.0012812273858593404	-0.001153022030178752	-5.844229043772131e-05	-0.0004525010199605273
0.0007824905650575253	0.0002513966228487874	0.0006733069890008103	0.0007546736623407213	0.001343636785416491	-0.0009657938315068559	-0.00012085168999576013	-0.0005149104195172338
-0.0007153350243220835	6.416842417666935e-05	0.0002988505916559081	0.00025539846588062964	0.0008443615889563993	-0.0009657938315068559	-0.00012085168999576013	-0.0005773198190748285
0.0005328529668275905	0.0002513966228487874	0.0004236693907702094	0.000629854863226198	0.00159327438364687	-0.0004665186350467643	0.00037842350646433154	4.6774176499786435e-05
-0.0003408786269771813	0.000563443620636761	0.0004236693907702094	0.0005050360641110085	0.001343636785416491	-0.0014026596284089088	-0.00012085168999576013	-0.000702138618189796
-0.0007153350243220835	0.0001889872232914147	0.0005484881898856209	0.0003802172649958191	0.0015308649840892752	-0.001153022030178752	-0.00012085168999576013	-0.0005773198190748285
0.0005328529668275905	0.0001889872232914147	0.0006733069890008103	0.0004426266645534138	0.0014060461849740857	-0.0012154314297361246	-5.844229043772131e-05	-0.0006397292186324233
-0.0005281068256495214	0.0005010342210787222	0.0007981257881159998	0.0005050360641110085	0.0014060461849740857	-0.0007785656328340718	6.637650867702405e-05	-7.804462261495893e-05
0.0007824905650575253	0.0005010342210787222	0.0009853539867878958	0.0008794924614563548	0.00159327438364687	-0.0006537468337193264	0.0003160141069067368	-0.0002652728212877431
-0.000590516225206672	0.00037621542196397684	0.0008605351876731504	0.00031780786543822437	0.0014684555845312364	-0.0008409750323916665	-0.00012085168999576013	-0.00032768222084489373
0.0004704435672699958	0.00043862482152112747	0.0007981257881159998	0.0005050360641110085	0.0026542341761237598	-0.0003416998359315748	0.0004408329060214822	0.000358821174287538
-0.0003408786269771813	0.0010627188170961865	0.0016718573819207716	0.0003802172649958191	0.001967730780991328	-0.0012154314297361246	-0.00012085168999576013	-0.0004525010199605273
0.0004704435672699958	0.0005010342210787222	0.0008605351876731504	0.0001929890663239231	0.0018429119818761386	-0.0010282032310635625	-0.00037048928822569493	-0.00032768222084489373
0.0009073093641731589	0.0010003094175385918	0.0015470385828055822	0.0010043112605711002	0.002404596577894047	-0.0003416998359315748	0.0005032423055790769	0.00023400237517234856
-0.0007153350243220835	0.0006258530201939116	0.0010477633863454905	0.00031780786543822437	0.0018429119818761386	-0.0008409750323916665	-5.844229043772131e-05	-0.00014045402217255365
0.0005328529668275905	0.000750671819308657	0.0011101727859030852	0.0004426266645534138	0.001780502582318766	-0.000716156233276477	-0.0002456704891105055	-0.00014045402217255365
-0.000590516225206672	0.0009379000179809971	0.0015470385828055822	0.0006922642627837927	0.0025294153770083483	-0.0002792904363744242	0.0002536047073495862	4.6774176499786435e-05
0.0007200811655003747	0.0010003094175385918	0.0015470385828055822	0.0006922642627837927	0.0025294153770083483	-0.0006537468337193264	-0.00018326108955335485	-7.804462261495893e-05
-0.000840153823437273	0.0008130812188662517	0.0012349915850178306	0.0003802172649958191	0.002404596577894047	-0.0003416998359315748	0.0002536047073495862	0.00029641177473016533
0.0007824905650575253	0.0010627188170961865	0.0016718573819207716	0.0001929890663239231	0.0015308649840892752	-0.0005913374341619537	-0.0002456704891105055	-1.56352230573642e-05
-0.000840153823437273	0.000750671819308657	0.0012974009845754253	0.0007546736623407213	0.0016556837832035765	-0.00021688103681638538	0.0002536047073495862	0.000358821174287538
-0.0007153350243220835	0.0006882624197515064	0.0011101727859030852	0.0003802172649958191	0.0014060461849740857	-0.0002792904363744242	-5.844229043772131e-05	0.00017159297561497588
0.0005952623663851853	0.000750671819308657	0.0010477633863454905	0.0005674454636681592	0.0014684555845312364	-0.0002792904363744242	-5.844229043772131e-05	0.00017159297561497588
-0.000403288026534776	0.0009379000179809971	0.0014222197836903927	0.0007546736623407213	0.0019053213814337333	-2.965283814404529e-05	0.0003160141069067368	0.00048363997340272746
0.0004704435672699958	0.0005010342210787222	0.0008605351876731504	0.00031780786543822437	0.0012812273858593404	-0.000716156233276477	-0.00018326108955335485	4.6774176499786435e-05
