Sensor_1	Sensor_2	Sensor_3	Sensor_4	Sensor_5	Sensor_6	Sensor_7	Sensor_8
-0.00027359646094149426	-3.40316340214919e-05	0.00038797226349474023	-0.00014907384202844653	0.000347607133204475	0.0009194597013111316	-0.00019614533830458747	0.0004886444428069403
0.0016610949253406115	0.0007148811606685346	0.0009496568595124266	0.0003502013544320892	0.0008468823296645667	0.0004825939044090788	0.00024072045859835356	0.00017659744501874464
-0.0012097374543038608	0.0007148811606685346	0.001261703857299512	-0.000273892641143636	0.000347607133204475	-0.00020390949072379705	-8.917139632247384e-06	0.00036382564369130677
0.0009121821306505851	0.0004652435624381557	0.0014489320559722962	0.00022538255531645568	0.0007220635305500434	0.0002329563061786999	0.00024072045859835356	0.0007382820410368751
-0.000336005860499089	0.0010269281584560641	0.0011992944577419173	-0.00014907384202844653	9.796953497498428e-05	-0.00020390949072379705	-0.00019614533830458747	5.1778645903999276e-05
0.0006001351328632776	0.0004652435624381557	0.0007000192612822698	0.0001629731557595271	0.0002851977336468803	0.0004825939044090788	5.349225992579143e-05	0.0006134632419216857
0.0012866385279957093	0.0010269281584560641	1.3515866150060063e-05	0.0001629731557595271	0.0006596541309924486	0.00017054690662110517	0.00017831105904075883	0.0009879196392663658
-0.0008352810569587366	0.0004652435624381557	-4.889353340753466e-05	-0.00021148324158604126	0.0002851977336468803	0.0002329563061786999	-0.00019614533830458747	0.0006134632419216857
0.0017235043248982063	9.078716509325346e-05	-0.00023612173208054088	0.00010056375620193236	0.0005348353318772592	0.0007322315026385695	5.349225992579143e-05	0.0007382820410368751
0.0002256787355185974	0.0007148811606685346	-0.0005481687298676263	0.00010056375620193236	0.0007220635305500434	0.0006698221030809748	5.349225992579143e-05	0.0006134632419216857
0.0012242291284381146	0.0004652435624381557	0.0008248380603974592	0.0001629731557595271	0.0006596541309924486	0.0007322315026385695	-7.132653918895393e-05	0.0006134632419216857
0.00010085993640340796	9.078716509325346e-05	0.0007000192612822698	-8.666444247085181e-05	0.0006596541309924486	0.00010813750706351044	-8.917139632247384e-06	0.0006134632419216857
0.0012866385279957093	0.0009645187588980253	0.000637609861724675	0.0001629731557595271	0.0009092917292226055	0.0006698221030809748	0.00024072045859835356	0.0004886444428069403
-0.0007104622578437692	0.0007772905602256852	0.001261703857299512	3.815435664389355e-05	0.0005348353318772592	0.00035777510529388934	-8.917139632247384e-06	0.0003014162441343782
-0.00046082465961427843	0.0013389751562433716	0.0013241132568571068	-2.4255042913257086e-05	0.0008468823296645667	0.00010813750706351044	5.349225992579143e-05	0.0008006914405944698
0.0009745915302081798	0.0009021093593404306	0.001511341455529891	0.00022538255531645568	0.0005972447314344098	0.0005450033039662294	5.349225992579143e-05	0.0006134632419216857
3.845053684581323e-05	0.0009021093593404306	0.0010120662590700213	0.00022538255531645568	0.0010341105283373508	0.000857050301753981	0.00024072045859835356	0.001362376036611268
0.0014114573271104547	0.0014013845558005222	0.0005127910626099297	-2.4255042913257086e-05	0.0009717011287797561	0.0002329563061786999	-7.132653918895393e-05	0.0014871948357264575
3.845053684581323e-05	0.0010269281584560641	0.0007624286608396424	0.00010056375620193236	0.001221338727010135	0.0014187348977707792	0.00011590165948294207	0.0012999666370541174
0.0023475983204728212	0.0007772905602256852	0.00020074406482240015	0.00022538255531645568	0.0010965199278945015	0.000857050301753981	-8.917139632247384e-06	0.001175147837938928
0.0002256787355185974	0.0010269281584560641	0.00045038166305233496	0.0001629731557595271	0.0010965199278945015	0.001293916098656256	0.00011590165948294207	0.0009879196392663658
0.001785913724455357	0.0005276529619959724	0.0005752004621670803	-0.000273892641143636	0.0009092917292226055	0.0006074127035233801	-0.00019614533830458747	0.0008631008401511764
0.0015986855257830168	0.0014013845558005222	0.0017609790537596037	0.00022538255531645568	0.0012837481265668416	0.0006698221030809748	0.00024072045859835356	0.0010503290388237385
-0.0001487776618263048	0.0008396999597832799	0.0017609790537596037	-0.00014907384202844653	0.0009717011287797561	0.0011066878999834717	-0.00019614533830458747	0.0008631008401511764
0.002222779521358076	0.0017134315535884959	0.0018233884533171985	0.000599838952662024	0.0016582045239117438	0.001044278500425877	0.0004903580568278443	0.0014871948357264575
-0.00027359646094149426	0.0015886127544733064	0.0021978448506618786	3.815435664389355e-05	0.0012837481265668416	0.0006698221030809748	5.349225992579143e-05	0.0011127384383813332
0.0014114573271104547	0.0009645187588980253	0.001698569654202453	0.00010056375620193236	0.0009717011287797561	0.000857050301753981	0.00024072045859835356	0.0019240606326289544
0.00035049753463378686	0.0019006597522603919	0.0010120662590700213	0.00022538255531645568	0.0007220635305500434	0.0004201845048505959	-0.0002585547378617381	0.0008631008401511764
0.001161819728880964	0.0012141563571284042	0.0008248380603974592	0.00022538255531645568	0.0011589293274525403	0.0016059630964435634	0.00024072045859835356	0.0015496042352836081
0.0005377257333056829	0.0008396999597832799	-0.00023612173208054088	-2.4255042913257086e-05	0.0010965199278945015	0.0006074127035233801	-7.132653918895393e-05	0.0012375572374960786
0.00010085993640340796	0.0012141563571284042	0.0010120662590700213	0.00010056375620193236	0.0013461575261244363	0.0012315066990986612	0.00017831105904075883	0.0014247854361688628
0.0018483231240129516	0.0001531965646508482	0.0009496568595124266	-2.4255042913257086e-05	0.0006596541309924486	0.0009818691008682823	-0.00019614533830458747	0.0007382820410368751
0.00035049753463378686	0.0011517469575705874	0.0007624286608396424	3.815435664389355e-05	0.0010341105283373508	0.0006698221030809748	-8.917139632247384e-06	0.001175147837938928
0.0014738667266680494	0.0013389751562433716	0.001885797852874349	0.0004750201535468346	0.001408566925682031	0.001044278500425877	0.00042794865727024956	0.0006134632419216857
-8.636826226915417e-05	0.000402834162880783	0.001511341455529891	-8.666444247085181e-05	0.0007844729301069719	0.000857050301753981	-8.917139632247384e-06	0.0006758726414788363
0.0012866385279957093	0.0012141563571284042	0.001261703857299512	0.00010056375620193236	0.0008468823296645667	0.0004825939044090788	-8.917139632247384e-06	0.0006758726414788363
-0.0008976904565167754	0.0009645187588980253	0.001698569654202453	3.815435664389355e-05	0.00047242593231966445	0.0002329563061786999	-8.917139632247384e-06	0.0006134632419216857
0.0012242291284381146	0.0006524717611109399	0.0005752004621670803	-0.00021148324158604126	0.0005972447314344098	4.5728107506359805e-05	-0.00013373593874699274	0.0009255102397087711
0.0010994103293229252	0.0007772905602256852	0.000637609861724675	0.00010056375620193236	0.00047242593231966445	0.0006074127035233801	-0.00013373593874699274	0.0007382820410368751
0.0004753163337480881	0.0006524717611109399	1.3515866150060063e-05	0.00022538255531645568	0.0010965199278945015	0.0012315066990986612	0.0003031298581555042	0.0014247854361688628
0.0017235043248982063	0.0005900623615533451	-0.0004857593303100316	0.00010056375620193236	0.0006596541309924486	0.0004825939044090788	5.349225992579143e-05	0.0008631008401511764
-0.0003984152600566837	-3.40316340214919e-05	0.00020074406482240015	-0.00014907384202844653	0.00041001653276206973	0.0007946409021963863	-0.00019614533830458747	0.0005510538423640909
0.0015986855257830168	0.0001531965646508482	0.0002631534643795508	0.00022538255531645568	0.0005348353318772592	0.0006698221030809748	-7.132653918895393e-05	0.0004262350432489015
-0.0006480528582861744	0.0007148811606685346	0.000637609861724675	-0.00014907384202844653	0.00022278833409017373	0.0002953657057362946	-7.132653918895393e-05	0.00017659744501874464
0.0009121821306505851	0.00027801536376559355	0.001261703857299512	0.0002877919548740504	0.0008468823296645667	0.0006074127035233801	0.00017831105904075883	0.0009879196392663658
-0.0001487776618263048	0.0009021093593404306	0.001698569654202453	0.00022538255531645568	0.0007844729301069719	-1.668129205123492e-05	0.00011590165948294207	0.0005510538423640909
-0.0010849186551891155	0.000402834162880783	0.0017609790537596037	-0.00021148324158604126	0.00022278833409017373	0.0002329563061786999	-0.00019614533830458747	0.00023900684457678345
0.0014738667266680494	0.0012765657566857769	0.0008872474599548319	0.00041261075398923985	0.0006596541309924486	0.00035777510529388934	0.00024072045859835356	0.0010503290388237385
-0.000336005860499089	0.001463793955358117	0.0005127910626099297	0.0001629731557595271	0.0009092917292226055	0.0004201845048505959	0.00024072045859835356	0.0012375572374960786
0.0014738667266680494	0.0001531965646508482	1.3515866150060063e-05	-2.4255042913257086e-05	0.00041001653276206973	0.000857050301753981	-0.00019614533830458747	0.0012375572374960786
0.0004753163337480881	0.0005276529619959724	-0.0005481687298676263	-8.666444247085181e-05	0.0009092917292226055	0.0007946409021963863	0.00042794865727024956	0.0012375572374960786
0.0018483231240129516	0.0010893375580132147	0.0005752004621670803	0.0004750201535468346	0.0007844729301069719	0.0011066878999834717	-0.00019614533830458747	0.0007382820410368751
-2.3958862711559448e-05	0.0002156059642084429	0.0007624286608396424	3.815435664389355e-05	0.0010341105283373508	0.0005450033039662294	5.349225992579143e-05	0.0009879196392663658
0.0020979607222424423	0.0009645187588980253	0.001885797852874349	0.00010056375620193236	0.001408566925682031	0.0011066878999834717	5.349225992579143e-05	0.0012999666370541174
0.001785913724455357	0.0010269281584560641	0.002135435451104284	0.0005374295531039852	0.001408566925682031	0.0011690972995410664	0.00042794865727024956	0.001175147837938928
-0.000336005860499089	0.0012141563571284042	0.0016361602546444143	-0.00033630204070034253	0.0009717011287797561	0.00017054690662110517	-0.00032096413741933283	0.0008006914405944698
0.001161819728880964	0.0015262033549157117	0.0023850730493344408	0.0001629731557595271	0.0010965199278945015	0.0006074127035233801	0.00011590165948294207	0.0010503290388237385
0.00010085993640340796	0.0012765657566857769	0.0016361602546444143	0.0001629731557595271	0.001221338727010135	0.0011066878999834717	0.00017831105904075883	0.0010503290388237385
0.0015362761262256441	0.0013389751562433716	0.00038797226349474023	-0.00033630204070034253	0.0007844729301069719	0.0002329563061786999	0.0003655392577130989	0.0020488794317437
0.00035049753463378686	0.0017134315535884959	0.001511341455529891	0.0002877919548740504	0.0014709763252394037	0.001481144297328374	5.349225992579143e-05	0.0015496042352836081
0.0022851889209152265	0.0009021093593404306	0.0005752004621670803	-0.00014907384202844653	0.0014709763252394037	0.001044278500425877	-0.00013373593874699274	0.0016744230343987976
0.0007249539319780229	0.001463793955358117	0.0011992944577419173	3.815435664389355e-05	0.0011589293274525403	0.001293916098656256	-7.132653918895393e-05	0.0011127384383813332
0.0009745915302081798	0.0012141563571284042	0.0013241132568571068	0.0004750201535468346	0.0016582045239117438	0.0018556006946739423	0.00042794865727024956	0.0019240606326289544
0.0016610949253406115	0.0015262033549157117	0.0013865226564142574	0.00010056375620193236	0.001408566925682031	0.0004825939044090788	-8.917139632247384e-06	0.0011127384383813332
-0.000336005860499089	0.0011517469575705874	0.0026347106475643756	-8.666444247085181e-05	0.001221338727010135	0.0009194597013111316	0.00011590165948294207	0.0008631008401511764
0.001785913724455357	0.0010893375580132147	0.001885797852874349	0.00022538255531645568	0.0009717011287797561	0.0007946409021963863	-8.917139632247384e-06	0.001612013634841647
3.845053684581323e-05	0.0020254785513755813	0.0020106166519899826	0.0003502013544320892	0.0017206139234697826	0.0009194597013111316	-0.00032096413741933283	0.0005510538423640909
0.001161819728880964	0.0007772905602256852	0.0016361602546444143	-0.00014907384202844653	0.0011589293274525403	0.0007946409021963863	0.00011590165948294207	0.0014871948357264575
0.0002256787355185974	0.0012765657566857769	0.001261703857299512	0.0003502013544320892	0.0012837481265668416	0.0007322315026385695	0.0003031298581555042	0.0015496042352836081
0.0015986855257830168	0.0018382503527027971	0.000637609861724675	-0.00014907384202844653	0.0009092917292226055	0.001044278500425877	-0.00019614533830458747	0.001175147837938928
0.002222779521358076	0.0006524717611109399	-0.0002985311316372474	-2.4255042913257086e-05	0.0008468823296645667	0.0007322315026385695	-7.132653918895393e-05	0.001175147837938928
-8.636826226915417e-05	0.0009021093593404306	7.592526570676661e-05	3.815435664389355e-05	0.0009092917292226055	0.0007946409021963863	-8.917139632247384e-06	0.0011127384383813332
0.0016610949253406115	0.0003404247633231883	0.0010120662590700213	0.0002877919548740504	0.0009717011287797561	0.0011690972995410664	0.00017831105904075883	0.0008006914405944698
-0.00021118706138389953	0.0005900623615533451	0.000637609861724675	-0.000273892641143636	0.00047242593231966445	0.0002953657057362946	-0.00032096413741933283	0.0004886444428069403
0.0010370009297657745	0.0010269281584560641	0.0013241132568571068	3.815435664389355e-05	0.0005972447314344098	0.00010813750706351044	0.00011590165948294207	0.0009255102397087711
-0.00021118706138389953	0.0007772905602256852	0.0016361602546444143	0.0001629731557595271	0.0005348353318772592	4.5728107506359805e-05	5.349225992579143e-05	0.0004886444428069403
0.0012242291284381146	0.0007148811606685346	0.0008872474599548319	-2.4255042913257086e-05	0.0005348353318772592	0.00017054690662110517	5.349225992579143e-05	0.0004886444428069403
-0.0007728716574015859	0.0008396999597832799	0.0008248380603974592	0.0001629731557595271	0.0002851977336468803	0.0004201845048505959	-7.132653918895393e-05	0.0005510538423640909
-0.0001487776618263048	0.0010269281584560641	0.0001383346652652495	-2.4255042913257086e-05	0.0007844729301069719	0.00017054690662110517	5.349225992579143e-05	0.0011127384383813332
0.0009745915302081798	0.0007148811606685346	0.00038797226349474023	-2.4255042913257086e-05	0.00041001653276206973	0.00035777510529388934	-7.132653918895393e-05	0.0007382820410368751
3.845053684581323e-05	0.0005900623615533451	0.00020074406482240015	0.00010056375620193236	0.0007844729301069719	0.0011066878999834717	5.349225992579143e-05	0.0012999666370541174
0.001785913724455357	0.0009645187588980253	-0.00036094053119484215	0.0001629731557595271	0.0009092917292226055	0.0004201845048505959	5.349225992579143e-05	0.0010503290388237385
-0.000336005860499089	0.0007772905602256852	0.0010120662590700213	-2.4255042913257086e-05	0.0009092917292226055	0.0009194597013111316	-8.917139632247384e-06	0.0006758726414788363
0.0018483231240129516	0.0003404247633231883	0.001074475658626728	0.00010056375620193236	0.0011589293274525403	0.0005450033039662294	0.00011590165948294207	0.0010503290388237385
-2.3958862711559448e-05	0.0013389751562433716	0.0010120662590700213	0.0002877919548740504	0.0010965199278945015	0.0006698221030809748	0.00024072045859835356	0.0006758726414788363
0.001161819728880964	0.0010893375580132147	0.001511341455529891	-0.00014907384202844653	0.0009092917292226055	0.0007322315026385695	-7.132653918895393e-05	0.0008006914405944698
0.0014114573271104547	0.0014013845558005222	0.0014489320559722962	0.0001629731557595271	0.0010341105283373508	0.0002953657057362946	5.349225992579143e-05	0.0009255102397087711
-0.00027359646094149426	0.0012141563571284042	0.002135435451104284	0.00010056375620193236	0.0012837481265668416	0.001044278500425877	0.00011590165948294207	0.0010503290388237385
0.0018483231240129516	0.0009645187588980253	0.0011368850581843226	3.815435664389355e-05	0.0009092917292226055	0.0007322315026385695	-8.917139632247384e-06	0.0010503290388237385
0.00035049753463378686	0.0020254785513755813	0.001074475658626728	0.0001629731557595271	0.0016582045239117438	0.0009818691008682823	0.00017831105904075883	0.0017368324339559482
0.0018483231240129516	0.001463793955358117	0.0011992944577419173	0.0003502013544320892	0.0014709763252394037	0.0014187348977707792	0.00011590165948294207	0.0018616512330713597
0.0009121821306505851	0.0010893375580132147	0.0005127910626099297	-2.4255042913257086e-05	0.0012837481265668416	0.001044278500425877	-7.132653918895393e-05	0.0014871948357264575
0.002035551322685736	0.0014013845558005222	0.000637609861724675	0.00022538255531645568	0.0017206139234697826	0.0018556006946739423	0.00024072045859835356	0.001612013634841647
0.0004753163337480881	0.0011517469575705874	0.0009496568595124266	-8.666444247085181e-05	0.0011589293274525403	0.0007946409021963863	-0.00019614533830458747	0.0011127384383813332
0.00016326933596122473	0.0018382503527027971	0.0021978448506618786	3.815435664389355e-05	0.0016582045239117438	0.0009194597013111316	0.00011590165948294207	0.0015496042352836081
0.001785913724455357	0.0010893375580132147	0.0021978448506618786	0.0001629731557595271	0.001408566925682031	0.0013563254982138506	-8.917139632247384e-06	0.0011127384383813332
0.0009121821306505851	0.0019630691518179866	0.002135435451104284	0.0003502013544320892	0.0020950703208144628	0.0014187348977707792	0.00042794865727024956	0.001986470032186549
0.0015362761262256441	0.0015886127544733064	0.002322663649776846	-8.666444247085181e-05	0.001221338727010135	0.0005450033039662294	-7.132653918895393e-05	0.0011127384383813332
-0.00021118706138389953	0.0010893375580132147	0.002135435451104284	-0.00014907384202844653	0.0009717011287797561	0.0011066878999834717	0.0003655392577130989	0.0019240606326289544
0.0020979607222424423	0.0019630691518179866	0.0013865226564142574	0.0004750201535468346	0.0013461575261244363	0.0009194597013111316	-8.917139632247384e-06	0.0016744230343987976
-8.636826226915417e-05	0.0017134315535884959	0.0010120662590700213	3.815435664389355e-05	0.0010341105283373508	0.0012315066990986612	-7.132653918895393e-05	0.001362376036611268
0.002035551322685736	0.0007772905602256852	0.0005752004621670803	0.0002877919548740504	0.0016582045239117438	0.001481144297328374	0.0003655392577130989	0.0021112888313012945
0.0015986855257830168	0.0010269281584560641	0.000637609861724675	-0.000273892641143636	0.0009717011287797561	0.0007322315026385695	-0.00032096413741933283	0.0009255102397087711
0.0004753163337480881	0.0007148811606685346	0.0011992944577419173	-2.4255042913257086e-05	0.0012837481265668416	0.001481144297328374	0.00011590165948294207	0.0014247854361688628
0.002222779521358076	0.0015262033549157117	0.0013241132568571068	0.0004750201535468346	0.0016582045239117438	0.0009818691008682823	0.0004903580568278443	0.001612013634841647
-0.0005232340591714291	0.0009645187588980253	0.0015737508550868196	-0.00033630204070034253	0.0008468823296645667	0.0004825939044090788	-0.00032096413741933283	0.0008006914405944698
0.0017235043248982063	0.0007148811606685346	0.0020106166519899826	0.0002877919548740504	0.0009717011287797561	0.0009818691008682823	-0.00013373593874699274	0.0009255102397087711
-0.00021118706138389953	0.0012765657566857769	0.0013865226564142574	-8.666444247085181e-05	0.0007220635305500434	0.0002953657057362946	-8.917139632247384e-06	0.0004886444428069403
0.0008497727310936565	0.0010269281584560641	0.0018233884533171985	0.00010056375620193236	0.0009717011287797561	0.0007322315026385695	0.00017831105904075883	0.001175147837938928
-0.00021118706138389953	0.0010269281584560641	0.000637609861724675	0.00010056375620193236	0.0007844729301069719	0.00017054690662110517	-0.00013373593874699274	0.0011127384383813332
-0.00027359646094149426	0.0009645187588980253	0.0007624286608396424	-2.4255042913257086e-05	0.0009092917292226055	0.0009194597013111316	5.349225992579143e-05	0.0012999666370541174
0.0020979607222424423	0.0004652435624381557	-0.0002985311316372474	0.00010056375620193236	0.0007220635305500434	0.0009194597013111316	-8.917139632247384e-06	0.0011127384383813332
0.00028808813507574804	0.0009645187588980253	-0.00036094053119484215	-2.4255042913257086e-05	0.0007844729301069719	0.0007322315026385695	-7.132653918895393e-05	0.0012999666370541174
0.0015986855257830168	0.0004652435624381557	0.0007000192612822698	0.00022538255531645568	0.0008468823296645667	0.001044278500425877	0.00011590165948294207	0.0009879196392663658
0.00010085993640340796	0.0004652435624381557	0.00038797226349474023	-8.666444247085181e-05	0.0009092917292226055	0.000857050301753981	-0.00038337353697692755	0.00036382564369130677
0.0009745915302081798	0.0009645187588980253	0.0007000192612822698	-0.00021148324158604126	0.001408566925682031	0.0014187348977707792	0.000552767456385439	0.001175147837938928
-0.00021118706138389953	0.0011517469575705874	0.002759529446679121	-0.00014907384202844653	0.00047242593231966445	0.00010813750706351044	-0.00032096413741933283	0.00036382564369130677
0.001349047927553304	0.0005276529619959724	0.002135435451104284	0.0001629731557595271	0.0012837481265668416	0.0004825939044090788	0.00024072045859835356	0.001175147837938928
0.0009745915302081798	0.0008396999597832799	0.0018233884533171985	3.815435664389355e-05	0.0005972447314344098	0.0006074127035233801	-0.00013373593874699274	0.0007382820410368751
0.00010085993640340796	0.0012765657566857769	0.0011368850581843226	0.00022538255531645568	0.0012837481265668416	0.0007946409021963863	0.00017831105904075883	0.001612013634841647
0.001349047927553304	0.0014013845558005222	0.0005127910626099297	3.815435664389355e-05	0.0008468823296645667	0.0002953657057362946	-7.132653918895393e-05	0.0011127384383813332
0.00028808813507574804	0.0008396999597832799	0.0005752004621670803	0.00010056375620193236	0.0009717011287797561	0.0015435536968859687	-8.917139632247384e-06	0.0017368324339559482
0.0024724171195882327	0.0010269281584560641	-0.00011130293296512939	0.00022538255531645568	0.001408566925682031	0.0011690972995410664	-0.00019614533830458747	0.001175147837938928
3.845053684581323e-05	0.0009645187588980253	0.00038797226349474023	-0.00033630204070034253	0.001408566925682031	0.001481144297328374	0.00017831105904075883	0.0012999666370541174
0.002222779521358076	0.0009021093593404306	0.001511341455529891	0.00010056375620193236	0.0016582045239117438	0.0012315066990986612	5.349225992579143e-05	0.0017368324339559482
0.0007249539319780229	0.001651022154030457	0.0024474824488915914	0.0002877919548740504	0.0015957951243545931	0.0009818691008682823	0.00024072045859835356	0.001362376036611268
0.00016326933596122473	0.0009645187588980253	0.002135435451104284	-8.666444247085181e-05	0.0011589293274525403	0.0011690972995410664	-0.00013373593874699274	0.0010503290388237385
0.002035551322685736	0.0018382503527027971	0.002073026051546689	0.0003502013544320892	0.0014709763252394037	0.0007946409021963863	0.00017831105904075883	0.0014247854361688628
-0.0001487776618263048	0.0017758409531452024	0.0026347106475643756	0.00022538255531645568	0.001845432722584528	0.0012315066990986612	0.0003031298581555042	0.001612013634841647
0.001973141923128141	0.0012765657566857769	0.0017609790537596037	3.815435664389355e-05	0.0013461575261244363	0.0011066878999834717	-8.917139632247384e-06	0.00223610763041604
0.0007873633315353956	0.0022127067500481434	0.001074475658626728	0.0001629731557595271	0.0017206139234697826	0.0011690972995410664	-0.00013373593874699274	0.0016744230343987976
0.0019107325235705463	0.0015886127544733064	0.001261703857299512	3.815435664389355e-05	0.0017830233230269332	0.0018556006946739423	0.00017831105904075883	0.0022985170299740787
0.0009745915302081798	0.0014013845558005222	0.0010120662590700213	3.815435664389355e-05	0.0017206139234697826	0.0011066878999834717	-8.917139632247384e-06	0.001799241833513987
0.0026596453182601287	0.0017758409531452024	0.0020106166519899826	0.0001629731557595271	0.0017206139234697826	0.0016683724960011581	0.00024072045859835356	0.0019240606326289544
0.0024724171195882327	0.0009645187588980253	0.0018233884533171985	0.0003502013544320892	0.0016582045239117438	0.0017307818955583087	0.00024072045859835356	0.0015496042352836081
0.00035049753463378686	0.0018382503527027971	0.001511341455529891	-8.666444247085181e-05	0.0015333857247969984	0.0006698221030809748	-8.917139632247384e-06	0.0015496042352836081
0.0016610949253406115	0.001651022154030457	0.0026347106475643756	0.0001629731557595271	0.0015333857247969984	0.0012315066990986612	0.00011590165948294207	0.0012999666370541174
0.0005377257333056829	0.0012765657566857769	0.002572301248006781	0.0002877919548740504	0.0017206139234697826	0.0014187348977707792	0.0003655392577130989	0.0009255102397087711
0.0014114573271104547	0.0015262033549157117	0.0018233884533171985	-0.00021148324158604126	0.001221338727010135	0.00017054690662110517	5.349225992579143e-05	0.001362376036611268
3.845053684581323e-05	0.0015262033549157117	0.0022602542502192513	-2.4255042913257086e-05	0.0015333857247969984	0.001044278500425877	0.00017831105904075883	0.0018616512330713597
0.0023475983204728212	0.001463793955358117	0.0011368850581843226	-0.00014907384202844653	0.0015333857247969984	0.0004825939044090788	-0.00013373593874699274	0.0021112888313012945
0.00016326933596122473	0.002087887950932954	1.3515866150060063e-05	-2.4255042913257086e-05	0.0012837481265668416	0.0007946409021963863	-7.132653918895393e-05	0.0018616512330713597
0.0009745915302081798	0.001651022154030457	-0.0005481687298676263	0.0001629731557595271	0.0019078421221421227	0.0009818691008682823	0.0003031298581555042	0.0025481546282035694
0.0018483231240129516	0.0017758409531452024	-0.0007353969285399664	-0.00014907384202844653	0.0013461575261244363	-1.668129205123492e-05	-0.00019614533830458747	0.001986470032186549
0.0005377257333056829	0.0017134315535884959	-0.00017371233252250207	-2.4255042913257086e-05	0.0017830233230269332	0.0007322315026385695	5.349225992579143e-05	0.0024857452286464188
0.0025348265191458275	0.0019630691518179866	-0.0012970815245572087	3.815435664389355e-05	0.0015957951243545931	0.00017054690662110517	-7.132653918895393e-05	0.003234658023335557
0.0005377257333056829	0.002524753747835673	-0.0006729875289823717	0.0001629731557595271	0.002282298519487025	0.0004825939044090788	-0.00019614533830458747	0.0027353828268761315
0.0022851889209152265	0.001651022154030457	-0.0014843097232299929	-8.666444247085181e-05	0.002219889119929652	0.00010813750706351044	0.00024072045859835356	0.0037339332197956487
0.0009745915302081798	0.0025871631473932677	-0.0021708131183619805	0.0003502013544320892	0.0020950703208144628	-0.00020390949072379705	0.00024072045859835356	0.003671523820238498
0.0020979607222424423	0.0027743913460653857	-0.002045994319247235	3.815435664389355e-05	0.0017206139234697826	-1.668129205123492e-05	5.349225992579143e-05	0.0037339332197956487
0.0023475983204728212	0.0025871631473932677	-0.003169363511281942	-8.666444247085181e-05	0.001408566925682031	-0.0005159564885108825	-0.0002585547378617381	0.003484295621566158
0.0005377257333056829	0.0030864383438529153	-0.0019211755201324898	0.0001629731557595271	0.0016582045239117438	-1.668129205123492e-05	0.00017831105904075883	0.0038587520189112823
0.0026596453182601287	0.002337525549162889	-0.0024204507165923594	3.815435664389355e-05	0.0011589293274525403	-1.668129205123492e-05	-8.917139632247384e-06	0.0036091144206813475
0.0012242291284381146	0.0026495725469499742	-0.003106954111724791	-8.666444247085181e-05	0.0015957951243545931	0.00017054690662110517	-7.132653918895393e-05	0.004045980217583178
0.0026596453182601287	0.003148847743410066	-0.0022332225179195753	0.00041261075398923985	0.001845432722584528	0.0002329563061786999	0.00011590165948294207	0.004295617815813335
0.0012866385279957093	0.002275116149605294	-0.0024204507165923594	0.00010056375620193236	0.002282298519487025	-0.00020390949072379705	-8.917139632247384e-06	0.00435802721537093
0.0029716923160481024	0.002711981946508013	-0.0032941823103971313	3.815435664389355e-05	0.0025319361177169597	-1.668129205123492e-05	-7.132653918895393e-05	0.00473248361271561
0.0009121821306505851	0.0032112571429676606	-0.0030445447121671965	0.00041261075398923985	0.0025943455172741103	0.0004825939044090788	0.00024072045859835356	0.005231758809175258
0.0014738667266680494	0.00333607594208285	-0.003731048107299628	-0.00021148324158604126	0.0024071173186022143	-0.00014150009116620232	-0.00013373593874699274	0.005169349409618551
0.0029092829164905076	0.0036481229398701576	-0.002919725913052007	0.00010056375620193236	0.0023447079190446196	-1.668129205123492e-05	-8.917139632247384e-06	0.005169349409618551
0.0017235043248982063	0.0036481229398701576	-0.003169363511281942	0.00010056375620193236	0.002282298519487025	0.0006074127035233801	-8.917139632247384e-06	0.005543805806963231
0.0033461487133930046	0.004147398136330027	-0.0028573165134944123	0.0003502013544320892	0.0020950703208144628	0.00017054690662110517	0.0003031298581555042	0.004794893012273205
0.0010994103293229252	0.0038977605381005365	-0.002545269515707327	-8.666444247085181e-05	0.0015333857247969984	-7.909069160882964e-05	-7.132653918895393e-05	0.004794893012273205
0.003470967512508194	0.00352330414075519	-0.0036062293081844388	0.00010056375620193236	0.0024071173186022143	0.0004825939044090788	0.0003655392577130989	0.0054813964074056365
0.001973141923128141	0.0040849887367724325	-0.003106954111724791	-0.00021148324158604126	0.0019702515216992733	4.5728107506359805e-05	-0.00032096413741933283	0.004857302411830355
0.0031589205147202204	0.00333607594208285	-0.003918276305971968	0.00010056375620193236	0.0030312113141768293	0.0012315066990986612	5.349225992579143e-05	0.006167899802538068
0.00384542390985243	0.004209807535887622	-0.0032317729108395366	0.0005374295531039852	0.003530486510636477	0.000857050301753981	0.0004903580568278443	0.006604765599440121
0.001785913724455357	0.0034608947411975954	-0.0036686387077420335	-0.000273892641143636	0.002906392515062084	0.0006698221030809748	-0.0002585547378617381	0.006355128001210408
0.004219880307197776	0.0036481229398701576	-0.0046047797011044	0.0002877919548740504	0.003280848912406986	0.0011066878999834717	0.00011590165948294207	0.006791993798112905
0.0019107325235705463	0.0040849887367724325	-0.00410550450464453	0.00010056375620193236	0.0029688019146192346	0.0006074127035233801	0.00011590165948294207	0.005731034005635349
0.003221329914277815	0.003585713540312785	-0.003731048107299628	-2.4255042913257086e-05	0.002032660921257312	0.00017054690662110517	0.0003031298581555042	0.0061054904029804735
0.002222779521358076	0.004209807535887622	-0.004043095105086492	0.00022538255531645568	0.0011589293274525403	-0.00039113768939613713	-0.00019614533830458747	0.005044530610503362
0.002846873516932913	0.004334626335002811	-0.0036062293081844388	0.0002877919548740504	0.0016582045239117438	0.0004825939044090788	0.0003655392577130989	0.005418987007848042
0.0016610949253406115	0.004147398136330027	-0.004542370301546361	-8.666444247085181e-05	0.001408566925682031	0.00010813750706351044	-0.00032096413741933283	0.004794893012273205
0.0016610949253406115	0.0038353511385429417	-0.0032941823103971313	0.0002877919548740504	0.002282298519487025	0.0004825939044090788	0.0003655392577130989	0.005356577608290447
0.003221329914277815	0.0028368007456229805	-0.0036686387077420335	0.00010056375620193236	0.002032660921257312	0.0004201845048505959	5.349225992579143e-05	0.005106940010060512
0.002222779521358076	0.0029616195447372817	-0.004667189100661551	0.00010056375620193236	0.0027815737159468945	0.0009194597013111316	0.00011590165948294207	0.005793443405193166
0.0031589205147202204	0.0028368007456229805	-0.004355142102874021	3.815435664389355e-05	0.002219889119929652	0.00010813750706351044	-7.132653918895393e-05	0.005980671603865728
0.0019107325235705463	0.0025871631473932677	-0.004667189100661551	0.00010056375620193236	0.002719164316389744	0.0007322315026385695	0.00011590165948294207	0.005793443405193166
0.0035957863116224953	0.0030240289442957646	-0.005228873696679237	0.0001629731557595271	0.0021574797203716134	-0.0003287282898385424	-7.132653918895393e-05	0.005606215206520826
0.001161819728880964	0.003772941738985347	-0.004043095105086492	0.0002877919548740504	0.001845432722584528	-0.00014150009116620232	0.00017831105904075883	0.005231758809175258
0.003221329914277815	0.00352330414075519	-0.0046047797011044	-0.00021148324158604126	0.0011589293274525403	-0.0008904128858564508	-7.132653918895393e-05	0.004670074213158459
0.002222779521358076	0.004209807535887622	-0.0036686387077420335	0.00010056375620193236	0.00047242593231966445	-0.0015769162809884385	-0.00013373593874699274	0.004045980217583178
0.0015986855257830168	0.003772941738985347	-0.003980685705529341	0.0002877919548740504	0.0011589293274525403	-0.0003287282898385424	0.0003655392577130989	0.004670074213158459
0.002784464117375318	0.0032736665425252554	-0.005228873696679237	-8.666444247085181e-05	0.0010965199278945015	-0.0008904128858564508	-0.00019614533830458747	0.004170799016698368
0.001161819728880964	0.003398485341640445	-0.004230323303759276	3.815435664389355e-05	0.0017830233230269332	-0.00045354708895373186	5.349225992579143e-05	0.005231758809175258
0.003470967512508194	0.0023999349487204835	-0.005603330094024139	0.0001629731557595271	0.0021574797203716134	0.00017054690662110517	0.00024072045859835356	0.0061054904029804735
0.0021603701218009252	0.0030864383438529153	-0.005416101895351577	0.0002877919548740504	0.002906392515062084	0.00010813750706351044	-8.917139632247384e-06	0.005980671603865728
0.0033461487133930046	0.002899210145180575	-0.005041645498006453	3.815435664389355e-05	0.0030312113141768293	0.0006074127035233801	-7.132653918895393e-05	0.006417537400767559
0.0021603701218009252	0.002899210145180575	-0.005478511294909172	0.00022538255531645568	0.0027815737159468945	-0.00039113768939613713	0.00011590165948294207	0.006043081003423323
0.0014114573271104547	0.004147398136330027	-0.0046047797011044	-8.666444247085181e-05	0.002032660921257312	-0.0010776410845285689	-7.132653918895393e-05	0.005543805806963231
0.003408558112950155	0.0040849887367724325	-0.005291283096236832	3.815435664389355e-05	0.0015957951243545931	-0.0010152316849709742	-8.917139632247384e-06	0.005169349409618551
0.0015362761262256441	0.005395586127480145	-0.004043095105086492	0.00022538255531645568	0.0015957951243545931	-0.0013272786827580596	0.0003655392577130989	0.005356577608290447
0.002597235918702978	0.004833901531462903	-0.003793457506857223	-2.4255042913257086e-05	0.0007844729301069719	-0.001888963278775746	-0.00013373593874699274	0.005106940010060512
0.0019107325235705463	0.004459445134117335	-0.005104054897564492	-0.00014907384202844653	0.0014709763252394037	-0.00082800348629819	5.349225992579143e-05	0.005606215206520826
0.0035957863116224953	0.004771492131904864	-0.004667189100661551	0.0003502013544320892	0.0030312113141768293	0.0004201845048505959	0.00017831105904075883	0.006292718601652814
0.002222779521358076	0.0038977605381005365	-0.004230323303759276	0.00010056375620193236	0.0032184395128493914	0.0006698221030809748	-7.132653918895393e-05	0.0061054904029804735
0.004282289706754927	0.0030240289442957646	-0.004979236098449302	0.00010056375620193236	0.0032184395128493914	0.0006698221030809748	-7.132653918895393e-05	0.006355128001210408
0.004219880307197776	0.003398485341640445	-0.004479960901989211	0.0006622483522196188	0.003530486510636477	0.0011066878999834717	0.00042794865727024956	0.0067295843985553105
0.0025348265191458275	0.00352330414075519	-0.005228873696679237	0.00010056375620193236	0.003343258311964581	0.0006698221030809748	0.00011590165948294207	0.006417537400767559
0.0033461487133930046	0.004334626335002811	-0.0042927327033168705	-2.4255042913257086e-05	0.0023447079190446196	-0.0007655940867412614	-0.00019614533830458747	0.005668624606078421
0.002035551322685736	0.004709082732347714	-0.0034190011095116546	0.0002877919548740504	0.0024071173186022143	-0.00039113768939613713	0.00024072045859835356	0.004857302411830355
0.003470967512508194	0.004896310931020498	-0.004167913904202125	3.815435664389355e-05	0.0014709763252394037	-0.0013272786827580596	-8.917139632247384e-06	0.004857302411830355
0.0012866385279957093	0.005707633125267675	-0.0026076789152649216	3.815435664389355e-05	0.0013461575261244363	-0.0006407752876260719	0.0003031298581555042	0.005106940010060512
0.003470967512508194	0.004833901531462903	-0.0030445447121671965	-8.666444247085181e-05	0.0016582045239117438	-0.0003287282898385424	-0.00013373593874699274	0.005106940010060512
0.0018483231240129516	0.0040849887367724325	-0.003356591709954504	0.00022538255531645568	0.002032660921257312	-0.00039113768939613713	5.349225992579143e-05	0.005169349409618551
0.002222779521358076	0.002899210145180575	-0.004479960901989211	0.0002877919548740504	0.0025943455172741103	0.0011066878999834717	0.00011590165948294207	0.005918262204307689
0.004219880307197776	0.0028368007456229805	-0.005166464297121642	0.0003502013544320892	0.003280848912406986	0.0013563254982138506	0.00017831105904075883	0.006167899802538068
0.0019107325235705463	0.0029616195447372817	-0.004355142102874021	3.815435664389355e-05	0.002906392515062084	0.0006698221030809748	-7.132653918895393e-05	0.0061054904029804735
0.00384542390985243	0.0028368007456229805	-0.005291283096236832	0.0001629731557595271	0.002719164316389744	0.0005450033039662294	-0.0002585547378617381	0.00666717499899816
0.0025348265191458275	0.0042722169354447725	-0.004729598500219145	0.000599838952662024	0.003343258311964581	0.0004201845048505959	-7.132653918895393e-05	0.005294168208732852
0.0031589205147202204	0.004584263933232968	-0.00410550450464453	0.00010056375620193236	0.0015333857247969984	-0.001452097481873249	-7.132653918895393e-05	0.005044530610503362
0.0017235043248982063	0.004459445134117335	-0.004479960901989211	0.00022538255531645568	0.0009717011287797561	-0.0023882384752356156	-8.917139632247384e-06	0.00454525541404327
0.002846873516932913	0.0053331767279221065	-0.003169363511281942	0.00041261075398923985	0.0010965199278945015	-0.0022010102765632755	0.00024072045859835356	0.00454525541404327
0.0031589205147202204	0.0040849887367724325	-0.0046047797011044	0.0001629731557595271	0.0009717011287797561	-0.001452097481873249	-8.917139632247384e-06	0.0044204366149280805
0.0012866385279957093	0.0040849887367724325	-0.004667189100661551	0.00010056375620193236	0.0014709763252394037	-0.0010776410845285689	-0.00013373593874699274	0.00473248361271561
0.00328373931383541	0.003398485341640445	-0.004230323303759276	0.00041261075398923985	0.0020950703208144628	-0.0003287282898385424	0.00017831105904075883	0.005106940010060512
0.002035551322685736	0.0022127067500481434	-0.005915377091811669	-8.666444247085181e-05	0.0023447079190446196	0.0005450033039662294	-0.00019614533830458747	0.0054813964074056365
0.0035333769120657887	0.002462344348277634	-0.005603330094024139	0.0002877919548740504	0.0025943455172741103	0.0004201845048505959	-0.00013373593874699274	0.005793443405193166
0.001785913724455357	0.002337525549162889	-0.005790558292696479	0.00010056375620193236	0.002719164316389744	0.0005450033039662294	0.0003655392577130989	0.006043081003423323
0.004032652108525214	0.0025871631473932677	-0.006227424089598754	0.00010056375620193236	0.0021574797203716134	-0.0007655940867412614	-8.917139632247384e-06	0.005543805806963231
0.0014738667266680494	0.00352330414075519	-0.004979236098449302	0.0003502013544320892	0.0013461575261244363	-0.0011400504840861636	-8.917139632247384e-06	0.004982121210945989
0.0017235043248982063	0.0042722169354447725	-0.005041645498006453	0.00041261075398923985	0.0015957951243545931	-0.0010776410845285689	0.00017831105904075883	0.005356577608290447
0.002222779521358076	0.004709082732347714	-0.00410550450464453	3.815435664389355e-05	0.0007220635305500434	-0.002700285473023367	-0.00032096413741933283	0.004108389617140773
0.0012866385279957093	0.004584263933232968	-0.003918276305971968	0.0001629731557595271	0.0010965199278945015	-0.001701735080103406	-8.917139632247384e-06	0.004670074213158459
0.0033461487133930046	0.0038977605381005365	-0.005228873696679237	0.0003502013544320892	0.0013461575261244363	-0.0010776410845285689	-8.917139632247384e-06	0.005356577608290447
0.0015986855257830168	0.004209807535887622	-0.003980685705529341	0.000599838952662024	0.0021574797203716134	-0.0005783658880689213	-0.00032096413741933283	0.00473248361271561
0.00328373931383541	0.002524753747835673	-0.005291283096236832	-2.4255042913257086e-05	0.002843983115504045	0.0009194597013111316	-7.132653918895393e-05	0.005793443405193166
0.0024724171195882327	0.002524753747835673	-0.00604019589092597	0.0004750201535468346	0.003093620713734202	0.0006074127035233801	0.00011590165948294207	0.005918262204307689
0.0037206051107376847	0.0026495725469499742	-0.005416101895351577	0.0002877919548740504	0.003343258311964581	0.001044278500425877	0.00024072045859835356	0.006230309202095219
0.004157470907640182	0.003398485341640445	-0.0055409206944665446	0.0004750201535468346	0.003093620713734202	0.00035777510529388934	5.349225992579143e-05	0.0061054904029804735
0.0020979607222424423	0.004584263933232968	-0.0038558669064139295	0.0004750201535468346	0.003093620713734202	-0.0002663188902813918	0.0003031298581555042	0.006043081003423323
0.003408558112950155	0.004147398136330027	-0.004667189100661551	3.815435664389355e-05	0.0017206139234697826	-0.001452097481873249	-0.00032096413741933283	0.004794893012273205
0.001785913724455357	0.005395586127480145	-0.0038558669064139295	0.0003502013544320892	0.0019078421221421227	-0.0016393256805460332	0.00011590165948294207	0.0044204366149280805
0.0029092829164905076	0.005645223725709636	-0.002732497714379667	0.0005374295531039852	0.0015957951243545931	-0.002325829075678021	-8.917139632247384e-06	0.004482846014486119
0.001785913724455357	0.004709082732347714	-0.003793457506857223	0.0001629731557595271	0.0017830233230269332	-0.0012024598836437583	-8.917139632247384e-06	0.004607664813600865
0.0037206051107376847	0.004646673332790119	-0.004043095105086492	0.00041261075398923985	0.002469526718159365	-0.00014150009116620232	5.349225992579143e-05	0.005418987007848042
0.002035551322685736	0.004209807535887622	-0.005228873696679237	0.00041261075398923985	0.0031560301132917967	0.0011066878999834717	0.00011590165948294207	0.005855852804750539
0.0027220547178177235	0.003148847743410066	-0.005104054897564492	0.00022538255531645568	0.0038425335084240064	0.0013563254982138506	5.349225992579143e-05	0.006542356199882748
0.004095061508082587	0.0030864383438529153	-0.005041645498006453	0.0005374295531039852	0.003530486510636477	0.0011066878999834717	-8.917139632247384e-06	0.006417537400767559
0.003221329914277815	0.0032736665425252554	-0.005603330094024139	0.0005374295531039852	0.004154580506211314	0.0014187348977707792	0.0003655392577130989	0.00704163139634284
0.0037206051107376847	0.004022579337214838	-0.005416101895351577	0.00010056375620193236	0.002843983115504045	-0.0008904128858564508	-0.0002585547378617381	0.005606215206520826
0.001973141923128141	0.005083539129692394	-0.003980685705529341	0.0003502013544320892	0.0029688019146192346	-0.001452097481873249	-0.00013373593874699274	0.00491971181138795
0.0035957863116224953	0.005208357928807361	-0.004854417299334113	0.0003502013544320892	0.002282298519487025	-0.002513057274350583	0.0003031298581555042	0.004857302411830355
0.0017235043248982063	0.006269317721284473	-0.0032317729108395366	3.815435664389355e-05	0.0009717011287797561	-0.0032619700690408315	-0.00032096413741933283	0.003671523820238498
0.002846873516932913	0.005457995527037296	-0.0042927327033168705	0.0003502013544320892	0.0017830233230269332	-0.001452097481873249	0.00011590165948294207	0.004794893012273205
0.0033461487133930046	0.004646673332790119	-0.00410550450464453	0.000599838952662024	0.002032660921257312	-0.0012024598836437583	0.00024072045859835356	0.004794893012273205
0.0019107325235705463	0.00333607594208285	-0.004729598500219145	0.00010056375620193236	0.0023447079190446196	-7.909069160882964e-05	-7.132653918895393e-05	0.005169349409618551
0.004032652108525214	0.0023999349487204835	-0.006102605290483565	0.0003502013544320892	0.0027815737159468945	0.0007946409021963863	5.349225992579143e-05	0.005668624606078421
0.0019107325235705463	0.0028368007456229805	-0.005478511294909172	0.0003502013544320892	0.0030312113141768293	0.0007322315026385695	5.349225992579143e-05	0.005918262204307689
0.00384542390985243	0.002524753747835673	-0.0055409206944665446	0.0005374295531039852	0.0030312113141768293	0.0006074127035233801	-8.917139632247384e-06	0.005543805806963231
0.0021603701218009252	0.003148847743410066	-0.005790558292696479	0.0001629731557595271	0.0019078421221421227	-0.0019513726783333407	-0.00013373593874699274	0.0044204366149280805
0.0029092829164905076	0.004147398136330027	-0.004729598500219145	0.0005374295531039852	0.002219889119929652	-0.0017641444796610006	0.00042794865727024956	0.00473248361271561
0.0016610949253406115	0.004833901531462903	-0.004854417299334113	0.00010056375620193236	0.0008468823296645667	-0.003386788868155799	-0.00032096413741933283	0.0033594768224511906
0.0005377257333056829	0.0053331767279221065	-0.0034190011095116546	0.00022538255531645568	0.0006596541309924486	-0.003574017066828139	-0.00013373593874699274	0.003234658023335557
0.002784464117375318	0.0042722169354447725	-0.004355142102874021	0.0004750201535468346	0.0005972447314344098	-0.0026378760734653284	-7.132653918895393e-05	0.003297067422893152
0.001785913724455357	0.0040849887367724325	-0.0049168266988917075	0.00041261075398923985	0.001408566925682031	-0.001264869283201353	0.00017831105904075883	0.00435802721537093
0.002846873516932913	0.003148847743410066	-0.00479200789977674	0.00041261075398923985	0.0013461575261244363	-0.0012024598836437583	-7.132653918895393e-05	0.005356577608290447
0.002035551322685736	0.0021502973504905487	-0.00604019589092597	0.0004750201535468346	0.002282298519487025	0.0009818691008682823	0.00024072045859835356	0.005855852804750539
0.004095061508082587	0.0022127067500481434	-0.00604019589092597	0.0006622483522196188	0.0027815737159468945	0.0006074127035233801	-7.132653918895393e-05	0.005543805806963231
0.0015986855257830168	0.002337525549162889	-0.005353692495793982	0.0004750201535468346	0.0025319361177169597	0.0002329563061786999	-7.132653918895393e-05	0.005356577608290447
0.00384542390985243	0.0023999349487204835	-0.005228873696679237	0.000599838952662024	0.0027815737159468945	-0.0007031846871836667	0.00017831105904075883	0.005418987007848042
0.0029092829164905076	0.004584263933232968	-0.004167913904202125	0.0005374295531039852	0.0021574797203716134	-0.0022634196761208702	5.349225992579143e-05	0.00435802721537093
0.0017235043248982063	0.004896310931020498	-0.004542370301546361	0.0003502013544320892	0.0015957951243545931	-0.002513057274350583	-7.132653918895393e-05	0.004170799016698368
0.0029716923160481024	0.005707633125267675	-0.004167913904202125	0.000599838952662024	0.001408566925682031	-0.0032619700690408315	-8.917139632247384e-06	0.003983570818026028
0.0015362761262256441	0.005645223725709636	-0.0032941823103971313	0.0006622483522196188	0.0019078421221421227	-0.0024506478747934324	0.0003655392577130989	0.0044204366149280805
0.0037206051107376847	0.004147398136330027	-0.005291283096236832	0.00022538255531645568	0.0016582045239117438	-0.0016393256805460332	0.00011590165948294207	0.005418987007848042
0.0023475983204728212	0.004459445134117335	-0.004667189100661551	0.0005374295531039852	0.002843983115504045	0.00035777510529388934	-8.917139632247384e-06	0.0054813964074056365
0.00384542390985243	0.0032736665425252554	-0.005041645498006453	0.00078706715133392	0.003780124108866856	0.0018556006946739423	0.0003655392577130989	0.006542356199882748
0.003221329914277815	0.002899210145180575	-0.005790558292696479	0.0005374295531039852	0.003343258311964581	0.0007322315026385695	-7.132653918895393e-05	0.005855852804750539
0.0026596453182601287	0.003148847743410066	-0.005416101895351577	0.00078706715133392	0.0035928959101940716	0.0007946409021963863	5.349225992579143e-05	0.0061054904029804735
0.004594336704542457	0.0038977605381005365	-0.005291283096236832	0.0009118859504488874	0.003717714709308817	0.0002329563061786999	0.00024072045859835356	0.006043081003423323
0.0019107325235705463	0.004896310931020498	-0.00410550450464453	0.0005374295531039852	0.002906392515062084	-0.0015769162809884385	-7.132653918895393e-05	0.004982121210945989
0.0037206051107376847	0.005270767328364956	-0.003918276305971968	0.0009118859504488874	0.002469526718159365	-0.0019513726783333407	0.00011590165948294207	0.005106940010060512
0.0024724171195882327	0.005707633125267675	-0.003980685705529341	0.00078706715133392	0.002719164316389744	-0.001701735080103406	-0.00032096413741933283	0.0037339332197956487
0.002846873516932913	0.005395586127480145	-0.003543819908626844	0.0002877919548740504	0.0021574797203716134	-0.0013896880823160984	0.00024072045859835356	0.004794893012273205
0.0020979607222424423	0.004958720330577204	-0.0036686387077420335	0.0007246577517763253	0.002032660921257312	-0.0005783658880689213	-8.917139632247384e-06	0.004794893012273205
0.00384542390985243	0.0040849887367724325	-0.00410550450464453	0.0005374295531039852	0.002719164316389744	-1.668129205123492e-05	0.00024072045859835356	0.005231758809175258
0.004032652108525214	0.0023999349487204835	-0.005603330094024139	0.00041261075398923985	0.0024071173186022143	0.0005450033039662294	-0.0002585547378617381	0.005106940010060512
0.0030965111151626257	0.002711981946508013	-0.005915377091811669	0.000599838952662024	0.0034056677115221756	0.0016683724960011581	0.00017831105904075883	0.006230309202095219
0.004032652108525214	0.0032112571429676606	-0.004854417299334113	0.0009742953500064822	0.0036553053097512223	0.001044278500425877	0.0003655392577130989	0.005918262204307689
0.0022851889209152265	0.002899210145180575	-0.005728148893139329	0.00041261075398923985	0.003093620713734202	0.0002953657057362946	-0.00019614533830458747	0.0054813964074056365
0.0039702427089676195	0.0040849887367724325	-0.005416101895351577	0.0008494765508915147	0.0030312113141768293	-0.00082800348629819	0.00024072045859835356	0.004794893012273205
0.0017235043248982063	0.005021129730134799	-0.004230323303759276	0.0008494765508915147	0.0017206139234697826	-0.0028251042721381125	-0.00019614533830458747	0.003983570818026028
0.0030965111151626257	0.004709082732347714	-0.005166464297121642	0.0006622483522196188	0.001845432722584528	-0.0030747418703680474	5.349225992579143e-05	0.004170799016698368
0.001349047927553304	0.005520404926594891	-0.0038558669064139295	0.0008494765508915147	0.0011589293274525403	-0.003324379468598204	-7.132653918895393e-05	0.0035467050211233087
0.0019107325235705463	0.004584263933232968	-0.004854417299334113	0.0008494765508915147	0.0016582045239117438	-0.0016393256805460332	0.00024072045859835356	0.0044204366149280805
0.00328373931383541	0.003960169937657243	-0.005353692495793982	0.0004750201535468346	0.0013461575261244363	-0.001701735080103406	-0.00013373593874699274	0.003921161418468433
0.0016610949253406115	0.0032736665425252554	-0.0049168266988917075	0.0004750201535468346	0.001845432722584528	-0.00039113768939613713	-7.132653918895393e-05	0.004482846014486119
0.004282289706754927	0.0021502973504905487	-0.006289833489156349	0.0008494765508915147	0.0023447079190446196	0.0013563254982138506	0.0003655392577130989	0.005169349409618551
0.0019107325235705463	0.0020254785513755813	-0.006165014690041604	0.00041261075398923985	0.0023447079190446196	0.0011066878999834717	-7.132653918895393e-05	0.004857302411830355
0.00328373931383541	0.0019630691518179866	-0.00604019589092597	0.0004750201535468346	0.002656754916831705	0.0006698221030809748	5.349225992579143e-05	0.005543805806963231
0.0023475983204728212	0.002524753747835673	-0.006726699286058846	0.0009742953500064822	0.002843983115504045	-0.0010152316849709742	0.00042794865727024956	0.005106940010060512
0.003470967512508194	0.004022579337214838	-0.005104054897564492	0.0002877919548740504	0.0019078421221421227	-0.0024506478747934324	-0.0002585547378617381	0.004170799016698368
0.003408558112950155	0.0053331767279221065	-0.005353692495793982	0.0007246577517763253	0.001845432722584528	-0.0026378760734653284	5.349225992579143e-05	0.00454525541404327
0.001349047927553304	0.006581364719072447	-0.0042927327033168705	0.0007246577517763253	0.0020950703208144628	-0.0036364264663852897	0.00017831105904075883	0.00435802721537093
0.0030965111151626257	0.006082089522612577	-0.00479200789977674	0.0007246577517763253	0.0016582045239117438	-0.0036988358659428844	5.349225992579143e-05	0.004045980217583178
0.0024724171195882327	0.0053331767279221065	-0.006227424089598754	0.0005374295531039852	0.002032660921257312	-0.0022634196761208702	5.349225992579143e-05	0.004794893012273205
0.00365819571118009	0.005021129730134799	-0.0059777864913692635	0.000599838952662024	0.0021574797203716134	-0.0018265538792181513	0.00024072045859835356	0.005731034005635349
0.002597235918702978	0.003960169937657243	-0.006227424089598754	0.0008494765508915147	0.0027815737159468945	0.0007322315026385695	-0.0002585547378617381	0.005731034005635349
0.004594336704542457	0.0026495725469499742	-0.007974887277208742	0.0006622483522196188	0.003780124108866856	0.0011690972995410664	0.00011590165948294207	0.006417537400767559
0.002846873516932913	0.003148847743410066	-0.0064146522882715384	0.0010991141491212275	0.004216989905769353	0.001481144297328374	0.000552767456385439	0.006604765599440121
0.0029716923160481024	0.0038977605381005365	-0.0064146522882715384	0.0003502013544320892	0.003904942907981823	0.00017054690662110517	-7.132653918895393e-05	0.006043081003423323
0.00384542390985243	0.005145948529249766	-0.004667189100661551	0.00078706715133392	0.0032184395128493914	-0.0015145068814306217	0.00017831105904075883	0.005169349409618551
0.002035551322685736	0.005645223725709636	-0.004729598500219145	0.0005374295531039852	0.002469526718159365	-0.0022634196761208702	-7.132653918895393e-05	0.00473248361271561
0.00365819571118009	0.006206908321727322	-0.004355142102874021	0.0007246577517763253	0.002282298519487025	-0.003137151269925642	0.00017831105904075883	0.0036091144206813475
0.0012866385279957093	0.006518955319514408	-0.003169363511281942	0.00041261075398923985	0.0019078421221421227	-0.003761245265500479	-0.00019614533830458747	0.003671523820238498
0.0035957863116224953	0.005457995527037296	-0.004230323303759276	0.00041261075398923985	0.0027815737159468945	-0.0005159564885108825	0.00042794865727024956	0.005044530610503362
0.002784464117375318	0.0053331767279221065	-0.00410550450464453	0.00010056375620193236	0.0021574797203716134	-0.0002663188902813918	-0.00019614533830458747	0.0044204366149280805
0.0037206051107376847	0.0038353511385429417	-0.0059777864913692635	0.00022538255531645568	0.0031560301132917967	0.002105238292903433	-8.917139632247384e-06	0.005918262204307689
0.005031202501445398	0.002524753747835673	-0.006227424089598754	0.0005374295531039852	0.0038425335084240064	0.0026669228889206753	0.0003031298581555042	0.006542356199882748
0.002846873516932913	0.0028368007456229805	-0.005416101895351577	0.00041261075398923985	0.0042793993053269475	0.002354875891133368	0.00024072045859835356	0.006542356199882748
0.004531927304985306	0.0025871631473932677	-0.006726699286058846	0.0001629731557595271	0.003468077111078882	0.001293916098656256	-7.132653918895393e-05	0.005918262204307689
0.0025348265191458275	0.004646673332790119	-0.005665739493581734	0.0002877919548740504	0.0036553053097512223	-0.0003287282898385424	5.349225992579143e-05	0.004857302411830355
0.0035957863116224953	0.006019680123054982	-0.004479960901989211	0.00041261075398923985	0.0032184395128493914	-0.0023882384752356156	0.00017831105904075883	0.005044530610503362
0.0024724171195882327	0.006706183518187192	-0.0049168266988917075	0.0002877919548740504	0.002282298519487025	-0.004447748660633355	-0.00013373593874699274	0.004045980217583178
0.003408558112950155	0.00720545871464684	-0.00479200789977674	0.00041261075398923985	0.0025943455172741103	-0.0034491982677133937	0.0003655392577130989	0.004607664813600865
0.0018483231240129516	0.00720545871464684	-0.005665739493581734	0.0001629731557595271	0.002282298519487025	-0.002138600877006125	5.349225992579143e-05	0.004794893012273205
0.0024724171195882327	0.004896310931020498	-0.005852967692254074	3.815435664389355e-05	0.0025319361177169597	-0.0010776410845285689	-8.917139632247384e-06	0.005044530610503362
0.004032652108525214	0.00333607594208285	-0.0064146522882715384	0.00022538255531645568	0.0025319361177169597	0.0002953657057362946	-0.00013373593874699274	0.005231758809175258
0.003034101715605697	0.0020254785513755813	-0.0074756120807493165	0.0001629731557595271	0.003093620713734202	0.0020428288933458383	0.00011590165948294207	0.006043081003423323
0.0039702427089676195	0.0019006597522603919	-0.006976336884288781	0.00010056375620193236	0.002843983115504045	0.0015435536968859687	-0.00013373593874699274	0.005731034005635349
0.002410007720030416	0.0025871631473932677	-0.006102605290483565	0.0002877919548740504	0.003280848912406986	0.0013563254982138506	0.00024072045859835356	0.005169349409618551
0.004095061508082587	0.00352330414075519	-0.006102605290483565	0.00041261075398923985	0.0023447079190446196	-0.0022634196761208702	-0.0002585547378617381	0.004170799016698368
0.0014114573271104547	0.004709082732347714	-0.005104054897564492	0.00022538255531645568	0.0019078421221421227	-0.003324379468598204	5.349225992579143e-05	0.0036091144206813475
0.0031589205147202204	0.0053331767279221065	-0.004979236098449302	0.0001629731557595271	0.0021574797203716134	-0.0036364264663852897	0.00011590165948294207	0.0038587520189112823
0.002410007720030416	0.006019680123054982	-0.004230323303759276	-2.4255042913257086e-05	0.0013461575261244363	-0.0045101580601900615	-7.132653918895393e-05	0.0029850204251065104
0.0014114573271104547	0.005021129730134799	-0.005166464297121642	-0.00014907384202844653	0.0014709763252394037	-0.0030747418703680474	-0.00013373593874699274	0.0036091144206813475
0.004032652108525214	0.004397035734560406	-0.0064146522882715384	0.0002877919548740504	0.0020950703208144628	-0.0012024598836437583	5.349225992579143e-05	0.00473248361271561
0.0021603701218009252	0.0038977605381005365	-0.005665739493581734	0.00022538255531645568	0.002906392515062084	-7.909069160882964e-05	0.0003031298581555042	0.005418987007848042
0.004095061508082587	0.002275116149605294	-0.007538021480306023	-2.4255042913257086e-05	0.0025943455172741103	0.0011066878999834717	-8.917139632247384e-06	0.006230309202095219
0.0030965111151626257	0.0023999349487204835	-0.007725249678978807	-2.4255042913257086e-05	0.0030312113141768293	0.0011066878999834717	-8.917139632247384e-06	0.005793443405193166
0.003907833309410025	0.002899210145180575	-0.0066018804869436565	0.00041261075398923985	0.0034056677115221756	0.000857050301753981	0.00042794865727024956	0.0061054904029804735
0.0026596453182601287	0.00352330414075519	-0.00604019589092597	0.0001629731557595271	0.002656754916831705	-0.0012024598836437583	5.349225992579143e-05	0.005169349409618551
0.0016610949253406115	0.005957270723497388	-0.0046047797011044	0.00022538255531645568	0.002656754916831705	-0.002575466673908622	0.00017831105904075883	0.0044204366149280805
0.003221329914277815	0.0057700425248248255	-0.004979236098449302	3.815435664389355e-05	0.001845432722584528	-0.0034491982677133937	-0.00013373593874699274	0.0037963426193536876
0.001785913724455357	0.006518955319514408	-0.0042927327033168705	-8.666444247085181e-05	0.0021574797203716134	-0.0036364264663852897	-8.917139632247384e-06	0.003921161418468433
0.0029716923160481024	0.006331727120842068	-0.003731048107299628	0.00022538255531645568	0.0019078421221421227	-0.003324379468598204	-8.917139632247384e-06	0.005044530610503362
0.0026596453182601287	0.0053331767279221065	-0.0046047797011044	0.0003502013544320892	0.0025943455172741103	-0.0009528222854138235	-8.917139632247384e-06	0.004670074213158459
0.0039702427089676195	0.004459445134117335	-0.005291283096236832	3.815435664389355e-05	0.002906392515062084	0.0007946409021963863	-7.132653918895393e-05	0.005231758809175258
0.002410007720030416	0.003585713540312785	-0.005353692495793982	0.0004750201535468346	0.0034056677115221756	0.002292466491575773	0.0003655392577130989	0.0061054904029804735
0.004968793101887359	0.002711981946508013	-0.005915377091811669	-8.666444247085181e-05	0.003530486510636477	0.0015435536968859687	-8.917139632247384e-06	0.005793443405193166
0.0044071085058701165	0.0037105323394279743	-0.005603330094024139	0.0001629731557595271	0.0035928959101940716	0.0009818691008682823	5.349225992579143e-05	0.005731034005635349
0.0031589205147202204	0.004521854533674929	-0.005852967692254074	0.00010056375620193236	0.003780124108866856	0.0004201845048505959	0.00017831105904075883	0.006043081003423323
0.003907833309410025	0.005894861323940015	-0.005166464297121642	3.815435664389355e-05	0.0034056677115221756	-0.0016393256805460332	-8.917139632247384e-06	0.005169349409618551
0.0022851889209152265	0.006643774118629597	-0.0046047797011044	-2.4255042913257086e-05	0.003343258311964581	-0.0022010102765632755	5.349225992579143e-05	0.005231758809175258
0.004282289706754927	0.0068310023173021595	-0.005416101895351577	0.0002877919548740504	0.0030312113141768293	-0.002575466673908622	-7.132653918895393e-05	0.00491971181138795
0.002035551322685736	0.007080639915532538	-0.0049168266988917075	-0.00014907384202844653	0.0025319361177169597	-0.0019513726783333407	5.349225992579143e-05	0.005044530610503362
0.0039702427089676195	0.006144498922169728	-0.005478511294909172	0.0001629731557595271	0.003280848912406986	-7.909069160882964e-05	0.0003031298581555042	0.005980671603865728
0.0031589205147202204	0.005145948529249766	-0.00604019589092597	-8.666444247085181e-05	0.002719164316389744	-0.00020390949072379705	-0.0002585547378617381	0.005106940010060512
0.0029716923160481024	0.003398485341640445	-0.006165014690041604	3.815435664389355e-05	0.0032184395128493914	0.0014187348977707792	0.00017831105904075883	0.005918262204307689
0.004719155503657646	0.0027743913460653857	-0.007038746283845931	3.815435664389355e-05	0.0030312113141768293	0.0015435536968859687	-7.132653918895393e-05	0.005731034005635349
0.0027220547178177235	0.0038353511385429417	-0.005416101895351577	0.0003502013544320892	0.0038425335084240064	0.0013563254982138506	0.00042794865727024956	0.006043081003423323
0.004095061508082587	0.0037105323394279743	-0.00604019589092597	0.00010056375620193236	0.0029688019146192346	0.00010813750706351044	-7.132653918895393e-05	0.005231758809175258
0.0024724171195882327	0.004896310931020498	-0.00604019589092597	-2.4255042913257086e-05	0.002843983115504045	-0.0009528222854138235	0.0003655392577130989	0.00454525541404327
0.0033461487133930046	0.005894861323940015	-0.004729598500219145	0.0003502013544320892	0.002282298519487025	-0.0028251042721381125	-8.917139632247384e-06	0.004170799016698368
0.0017235043248982063	0.0057700425248248255	-0.005291283096236832	3.815435664389355e-05	0.002032660921257312	-0.0034491982677133937	-0.00013373593874699274	0.003921161418468433
0.003221329914277815	0.006206908321727322	-0.004417551502431616	0.0001629731557595271	0.0025319361177169597	-0.0030747418703680474	0.00017831105904075883	0.004045980217583178
0.0037206051107376847	0.005145948529249766	-0.0059777864913692635	3.815435664389355e-05	0.0019702515216992733	-0.00207619147744853	-8.917139632247384e-06	0.004170799016698368
0.0023475983204728212	0.004833901531462903	-0.0064146522882715384	0.00010056375620193236	0.002469526718159365	-0.0008904128858564508	5.349225992579143e-05	0.004857302411830355
0.0035333769120657887	0.0036481229398701576	-0.006289833489156349	0.00010056375620193236	0.0023447079190446196	-0.0003287282898385424	-7.132653918895393e-05	0.004607664813600865
0.002597235918702978	0.002462344348277634	-0.007538021480306023	-2.4255042913257086e-05	0.0023447079190446196	0.0011066878999834717	-7.132653918895393e-05	0.005231758809175258
0.004032652108525214	0.002711981946508013	-0.007538021480306023	-2.4255042913257086e-05	0.0025943455172741103	0.000857050301753981	0.0004903580568278443	0.005793443405193166
0.0024724171195882327	0.00333607594208285	-0.006289833489156349	0.0003502013544320892	0.0025319361177169597	-0.00039113768939613713	-0.0002585547378617381	0.004982121210945989
0.0039702427089676195	0.0032112571429676606	-0.007538021480306023	-8.666444247085181e-05	0.002906392515062084	-0.0013272786827580596	-8.917139632247384e-06	0.004982121210945989
0.002035551322685736	0.004771492131904864	-0.005478511294909172	0.00010056375620193236	0.0025319361177169597	-0.002513057274350583	-7.132653918895393e-05	0.004295617815813335
0.002222779521358076	0.006269317721284473	-0.005353692495793982	0.00041261075398923985	0.002843983115504045	-0.0022634196761208702	0.0004903580568278443	0.004982121210945989
0.002784464117375318	0.006456545919957257	-0.005228873696679237	-0.00014907384202844653	0.0017206139234697826	-0.004073292263288231	-0.00013373593874699274	0.003484295621566158
0.0015986855257830168	0.006518955319514408	-0.004979236098449302	0.0001629731557595271	0.0019078421221421227	-0.003137151269925642	-8.917139632247384e-06	0.004045980217583178
0.004095061508082587	0.005395586127480145	-0.0064146522882715384	0.0001629731557595271	0.0019078421221421227	-0.0017641444796610006	0.00011590165948294207	0.005106940010060512
0.0023475983204728212	0.005145948529249766	-0.006227424089598754	0.00010056375620193236	0.0025943455172741103	-0.0007031846871836667	5.349225992579143e-05	0.0054813964074056365
0.004282289706754927	0.003772941738985347	-0.006976336884288781	0.0001629731557595271	0.003280848912406986	0.0018556006946739423	-8.917139632247384e-06	0.006542356199882748
0.003470967512508194	0.00333607594208285	-0.007912477877651147	0.0004750201535468346	0.004029761707097013	0.0016059630964435634	0.0003031298581555042	0.006479946800325598
0.004719155503657646	0.0038353511385429417	-0.006726699286058846	0.00022538255531645568	0.004092171106654163	0.0011066878999834717	0.00017831105904075883	0.006479946800325598
0.004531927304985306	0.004709082732347714	-0.007163565082961343	0.00010056375620193236	0.003530486510636477	-0.00039113768939613713	-0.00019614533830458747	0.005793443405193166
0.0023475983204728212	0.006331727120842068	-0.005166464297121642	0.0003502013544320892	0.004092171106654163	-0.0015145068814306217	0.0003031298581555042	0.005606215206520826
0.003470967512508194	0.006331727120842068	-0.0055409206944665446	-2.4255042913257086e-05	0.002719164316389744	-0.003137151269925642	-0.0002585547378617381	0.00435802721537093
0.0024724171195882327	0.00739268691331918	-0.004979236098449302	0.0009118859504488874	0.003093620713734202	-0.003386788868155799	0.0003031298581555042	0.004045980217583178
0.0033461487133930046	0.007330277513761585	-0.004542370301546361	0.0009742953500064822	0.0023447079190446196	-0.0036364264663852897	0.00024072045859835356	0.004982121210945989
0.0026596453182601287	0.006706183518187192	-0.0049168266988917075	0.00022538255531645568	0.0025319361177169597	-0.0006407752876260719	0.00011590165948294207	0.005231758809175258
0.004719155503657646	0.005582814326152485	-0.006102605290483565	0.0006622483522196188	0.003280848912406986	0.0009818691008682823	0.0003031298581555042	0.006043081003423323
0.0029092829164905076	0.004833901531462903	-0.007225974482518938	0.00022538255531645568	0.002843983115504045	0.002105238292903433	-0.00019614533830458747	0.0061054904029804735
0.0035957863116224953	0.0030864383438529153	-0.00691392748473163	0.0005374295531039852	0.003780124108866856	0.0030413792862657996	0.00042794865727024956	0.00704163139634284
0.004282289706754927	0.003398485341640445	-0.006102605290483565	0.0003502013544320892	0.0035928959101940716	0.0016683724960011581	-8.917139632247384e-06	0.006043081003423323
0.0029716923160481024	0.0038977605381005365	-0.006289833489156349	0.00041261075398923985	0.0038425335084240064	0.0011690972995410664	0.0003031298581555042	0.006230309202095219
0.004095061508082587	0.005083539129692394	-0.005915377091811669	0.00010056375620193236	0.003280848912406986	-0.0010776410845285689	-0.00013373593874699274	0.004794893012273205
0.0018483231240129516	0.006706183518187192	-0.004479960901989211	0.00010056375620193236	0.0034056677115221756	-0.0024506478747934324	0.00017831105904075883	0.00454525541404327
0.0037830145102952795	0.007143049315089245	-0.004854417299334113	0.0003502013544320892	0.002656754916831705	-0.003761245265500479	-7.132653918895393e-05	0.004482846014486119
0.001973141923128141	0.0076423245115493366	-0.004979236098449302	3.815435664389355e-05	0.002219889119929652	-0.0036364264663852897	-0.00019614533830458747	0.00423320841625574
0.00328373931383541	0.007080639915532538	-0.006352242888713944	0.0004750201535468346	0.0025319361177169597	-0.0009528222854138235	0.00042794865727024956	0.005793443405193166
0.004157470907640182	0.004896310931020498	-0.006976336884288781	0.0002877919548740504	0.0025319361177169597	-0.0002663188902813918	5.349225992579143e-05	0.005731034005635349
0.0023475983204728212	0.0034608947411975954	-0.007225974482518938	0.00010056375620193236	0.002656754916831705	0.000857050301753981	-8.917139632247384e-06	0.005855852804750539
0.004719155503657646	0.0027743913460653857	-0.00828693427499605	0.0003502013544320892	0.002843983115504045	0.0018556006946739423	-8.917139632247384e-06	0.006604765599440121
0.002597235918702978	0.0032736665425252554	-0.007225974482518938	0.0004750201535468346	0.003530486510636477	0.0017931912951163476	0.0003655392577130989	0.005918262204307689
0.0037830145102952795	0.003398485341640445	-0.007163565082961343	0.0004750201535468346	0.002843983115504045	0.00035777510529388934	-7.132653918895393e-05	0.005980671603865728
0.002035551322685736	0.004147398136330027	-0.007101155683403526	0.0002877919548740504	0.002032660921257312	-0.002513057274350583	-8.917139632247384e-06	0.0054813964074056365
0.002597235918702978	0.005582814326152485	-0.00604019589092597	0.0006622483522196188	0.0015333857247969984	-0.0030747418703680474	5.349225992579143e-05	0.0054813964074056365
0.0007873633315353956	0.005894861323940015	-0.006352242888713944	0.0007246577517763253	0.0009717011287797561	-0.0032619700690408315	5.349225992579143e-05	0.005606215206520826
0.0005377257333056829	0.006394136520400107	-0.005353692495793982	0.0005374295531039852	0.0011589293274525403	-0.0028251042721381125	0.00011590165948294207	0.005980671603865728
0.0026596453182601287	0.005021129730134799	-0.006289833489156349	0.000599838952662024	0.0007220635305500434	-0.001701735080103406	5.349225992579143e-05	0.006043081003423323
0.0017235043248982063	0.0040849887367724325	-0.0076628402794212125	0.00010056375620193236	0.0011589293274525403	0.00017054690662110517	-0.00013373593874699274	0.00704163139634284
0.003034101715605697	0.0034608947411975954	-0.007288383882076532	0.0006622483522196188	0.0016582045239117438	0.001293916098656256	5.349225992579143e-05	0.008289819387492958
0.0020979607222424423	0.002711981946508013	-0.007600430879863618	0.0009118859504488874	0.0024071173186022143	0.0030413792862657996	-0.00013373593874699274	0.008102591188819952
0.0035957863116224953	0.0020254785513755813	-0.008661390672341174	0.0002877919548740504	0.002282298519487025	0.0022300570920181784	0.00024072045859835356	0.008477047586164854
0.0012866385279957093	0.0032112571429676606	-0.007101155683403526	0.0001629731557595271	0.0012837481265668416	0.0009194597013111316	-0.00032096413741933283	0.00822740998793492
0.002597235918702978	0.0037105323394279743	-0.006851518085174035	0.000599838952662024	0.002032660921257312	0.0006074127035233801	0.0003655392577130989	0.00922596038085488
0.0015362761262256441	0.005894861323940015	-0.006289833489156349	3.815435664389355e-05	0.0009717011287797561	-0.0013272786827580596	-0.0002585547378617381	0.008289819387492958
0.0004129069341904934	0.006394136520400107	-0.006227424089598754	0.00041261075398923985	0.0007844729301069719	-0.0010152316849709742	0.00011590165948294207	0.008913913383067351
0.002035551322685736	0.006643774118629597	-0.006227424089598754	0.0005374295531039852	0.0006596541309924486	-0.0012024598836437583	5.349225992579143e-05	0.008913913383067351
0.00016326933596122473	0.006206908321727322	-0.005603330094024139	0.00022538255531645568	0.0005972447314344098	-0.0005783658880689213	-0.00013373593874699274	0.008601866385280044
0.0026596453182601287	0.004646673332790119	-0.007163565082961343	0.000599838952662024	0.000160378934532579	0.0002329563061786999	0.0003031298581555042	0.009600416778200005
0.0017235043248982063	0.004521854533674929	-0.00691392748473163	0.0005374295531039852	0.0012837481265668416	0.00272933228847827	5.349225992579143e-05	0.008789094583952828
0.002784464117375318	0.003148847743410066	-0.006851518085174035	0.0004750201535468346	0.0016582045239117438	0.003603063882283042	5.349225992579143e-05	0.00941318857952722
0.002035551322685736	0.002337525549162889	-0.007288383882076532	0.0010367047495640769	0.0016582045239117438	0.0032910168844955123	5.349225992579143e-05	0.00953800737864241
0.001161819728880964	0.003398485341640445	-0.006352242888713944	0.0010991141491212275	0.002032660921257312	0.003166198085380767	0.0003031298581555042	0.010037282575102502
0.0025348265191458275	0.00352330414075519	-0.007288383882076532	0.00078706715133392	0.0011589293274525403	0.0017931912951163476	-0.00019614533830458747	0.009974873175544907
3.845053684581323e-05	0.004896310931020498	-0.006227424089598754	0.0022224833411563782	0.001221338727010135	0.0006074127035233801	5.349225992579143e-05	0.010286920173331993
0.0009745915302081798	0.005270767328364956	-0.0059777864913692635	0.0014735705464667959	0.000160378934532579	-0.0003287282898385424	-0.00019614533830458747	0.010973423568464868
0.00016326933596122473	0.005957270723497388	-0.006165014690041604	0.001223932948236417	0.00041001653276206973	0.0004201845048505959	-0.00013373593874699274	0.010286920173331993
0.0008497727310936565	0.0057700425248248255	-0.006165014690041604	0.00078706715133392	-0.0002140774628127673	0.0009194597013111316	-8.917139632247384e-06	0.010661376570677339
-0.00027359646094149426	0.005270767328364956	-0.0066018804869436565	0.0009118859504488874	0.000347607133204475	0.0021676476924605836	0.00017831105904075883	0.010848604769349679
0.0026596453182601287	0.004459445134117335	-0.007912477877651147	0.0004750201535468346	0.0007220635305500434	0.0030413792862657996	-0.00019614533830458747	0.010848604769349679
0.0025348265191458275	0.002524753747835673	-0.008474162473668834	0.0005374295531039852	0.0008468823296645667	0.003977520279627944	-0.00013373593874699274	0.010911014168907274
0.0017235043248982063	0.002337525549162889	-0.009160665868801265	0.0009742953500064822	0.001845432722584528	0.004913661272990755	0.00024072045859835356	0.011784745762712046
0.0018483231240129516	0.0021502973504905487	-0.008848618871013736	0.0009118859504488874	0.001408566925682031	0.004289567277415474	-0.00013373593874699274	0.011659926963596856
0.00010085993640340796	0.002524753747835673	-0.008536571873225984	0.0004750201535468346	0.0010965199278945015	0.003977520279627944	5.349225992579143e-05	0.012096792760499353
0.0012866385279957093	0.0032112571429676606	-0.008786209471456363	0.0004750201535468346	0.00041001653276206973	0.0026669228889206753	0.00017831105904075883	0.012221611559614542
-0.001584193851648985	0.004397035734560406	-0.007101155683403526	0.00010056375620193236	-0.0012750372552898792	0.0009194597013111316	-0.00032096413741933283	0.011285470566251732
-0.0001487776618263048	0.004459445134117335	-0.007350793281633683	-8.666444247085181e-05	-0.0012126278557327286	0.0009818691008682823	-8.917139632247384e-06	0.011597517564039261
-0.0012097374543038608	0.005270767328364956	-0.0066018804869436565	3.815435664389355e-05	-0.0014622654539622193	0.001044278500425877	-7.132653918895393e-05	0.010536557771562371
-0.0005856434587290238	0.0040849887367724325	-0.007413202681190834	-0.00014907384202844653	-0.0011502184561746898	0.0022300570920181784	-7.132653918895393e-05	0.0105989671711193
0.0016610949253406115	0.002899210145180575	-0.008598981272783579	3.815435664389355e-05	-0.0008381714583873823	0.00291656048715061	5.349225992579143e-05	0.009912463775987312
-0.0001487776618263048	0.0022127067500481434	-0.008162115475881304	3.815435664389355e-05	-8.925866369757784e-05	0.004476795476088258	-8.917139632247384e-06	0.009912463775987312
0.0024724171195882327	0.0007772905602256852	-0.009160665868801265	-2.4255042913257086e-05	0.00041001653276206973	0.004976070672547905	5.349225992579143e-05	0.009850054376430162
0.0005377257333056829	0.0004652435624381557	-0.009347894067473161	-0.000273892641143636	0.0007220635305500434	0.0050384800721055	-0.00019614533830458747	0.010037282575102502
0.0010370009297657745	0.0008396999597832799	-0.008349343674553644	-8.666444247085181e-05	0.00047242593231966445	0.004913661272990755	0.0003655392577130989	0.011597517564039261
-8.636826226915417e-05	0.0018382503527027971	-0.007912477877651147	-0.00039871144025793726	-0.0008381714583873823	0.002978969886708205	-0.0004457829365340782	0.01122306116669436
-8.636826226915417e-05	0.002524753747835673	-0.006477061687829133	-0.00014907384202844653	-0.001337446654847474	0.0026669228889206753	-0.00013373593874699274	0.011971973961383942
-0.00046082465961427843	0.004459445134117335	-0.007163565082961343	3.815435664389355e-05	-0.002148768849094651	0.0020428288933458383	-0.00013373593874699274	0.012346430358729288
-0.002208287847223378	0.005021129730134799	-0.006976336884288781	-0.00014907384202844653	-0.0018367218513075656	0.002354875891133368	5.349225992579143e-05	0.012658477356516373
-0.0006480528582861744	0.004334626335002811	-0.0074756120807493165	-0.00014907384202844653	-0.002398406447324586	0.00291656048715061	-0.00019614533830458747	0.012284020959171693
-0.0006480528582861744	0.0034608947411975954	-0.009160665868801265	-8.666444247085181e-05	-0.0014622654539622193	0.004414386076530663	-7.132653918895393e-05	0.012346430358729288
0.0016610949253406115	0.0025871631473932677	-0.00928548466791601	0.0003502013544320892	-2.6849264140205165e-05	0.005849802266352677	-0.00019614533830458747	0.01184715516226964
-0.0001487776618263048	0.0010893375580132147	-0.009597531665703318	-0.00033630204070034253	0.0010965199278945015	0.007097990257502351	-8.917139632247384e-06	0.01203438336094198
0.002784464117375318	0.0006524717611109399	-0.010221625661277933	0.00010056375620193236	0.001845432722584528	0.007410037255289881	0.00017831105904075883	0.012533658557402072
0.0004753163337480881	0.0014013845558005222	-0.008598981272783579	-2.4255042913257086e-05	0.0007844729301069719	0.0062242586636978015	-7.132653918895393e-05	0.012471249157844477
-0.0007728716574015859	0.002899210145180575	-0.008349343674553644	-0.00021148324158604126	0.00022278833409017373	0.0050384800721055	-8.917139632247384e-06	0.013095343153419314
-0.0008352810569587366	0.004334626335002811	-0.007163565082961343	3.815435664389355e-05	-0.001087809056617095	0.004164748478300284	-7.132653918895393e-05	0.013344980751649249
-0.0025203348450106855	0.004958720330577204	-0.006726699286058846	3.815435664389355e-05	-0.0017119030521923762	0.003977520279627944	0.00017831105904075883	0.014156302945896426
-0.00046082465961427843	0.005021129730134799	-0.0076628402794212125	-0.00039871144025793726	-0.0022735876482098405	0.0031037886858231722	-0.0004457829365340782	0.013594618349879184
-0.0021458784476662274	0.005145948529249766	-0.00691392748473163	3.815435664389355e-05	-0.001524674853519814	0.004476795476088258	0.00024072045859835356	0.012845705555189157
0.0007873633315353956	0.004022579337214838	-0.0076628402794212125	0.0001629731557595271	-8.925866369757784e-05	0.006037030465025461	-0.0002585547378617381	0.01153510816448211
0.0004129069341904934	0.002711981946508013	-0.009223075268357972	-8.666444247085181e-05	0.0007844729301069719	0.007222809056617541	-0.00013373593874699274	0.0105989671711193
0.001785913724455357	0.0017758409531452024	-0.009223075268357972	0.0001629731557595271	0.0017206139234697826	0.008158950049979463	0.00024072045859835356	0.010786195369792084
0.0029716923160481024	0.000402834162880783	-0.009659941065260913	-2.4255042913257086e-05	0.0017206139234697826	0.007222809056617541	-0.00013373593874699274	0.010037282575102502
-0.00027359646094149426	0.0014013845558005222	-0.00809970607632371	-8.666444247085181e-05	0.0015333857247969984	0.007347627855732286	5.349225992579143e-05	0.010786195369792084
0.0009745915302081798	0.0019006597522603919	-0.008224524875438455	-2.4255042913257086e-05	9.796953497498428e-05	0.006099439864582612	-0.00019614533830458747	0.01122306116669436
-0.001147328054746266	0.003398485341640445	-0.007413202681190834	0.00010056375620193236	-8.925866369757784e-05	0.00541293646945018	0.00017831105904075883	0.01203438336094198
-0.0012721468538614555	0.0037105323394279743	-0.006664289886501251	-0.00014907384202844653	-0.0017119030521923762	0.004351976676973068	-0.00019614533830458747	0.012408839758286438
-0.002208287847223378	0.004022579337214838	-0.006664289886501251	-0.000273892641143636	-0.0022111782486522458	0.004164748478300284	-0.00013373593874699274	0.011971973961383942
-0.0006480528582861744	0.004022579337214838	-0.00691392748473163	-2.4255042913257086e-05	-0.003209728641572207	0.004039929679185983	5.349225992579143e-05	0.010286920173331993
-0.0033940664388159014	0.002275116149605294	-0.008661390672341174	-0.00033630204070034253	-0.0018991312508651603	0.004976070672547905	-0.00038337353697692755	0.009475597979084815
-0.010383919189254742	-0.009457850967202752	-0.020082310791361246	-0.00039871144025793726	-0.012695957374310174	-0.0038860640646152245	-0.00038337353697692755	-0.0021325503386080413
-0.009447778195892598	-0.011142904755254701	-0.021018451784723613	-0.0007107584380456888	-0.013320051369885011	-0.003948473464172819	-0.0007578299343218298	-0.0040048323253327744
-0.01687449674323349	-0.01881926090082553	-0.029256492526312128	-0.0009603960362756236	-0.020871588716341094	-0.010314232219036823	-0.0008826487334370192	-0.010932275676213576
-0.01937087272553284	-0.021939730878699493	-0.03275141890153144	-0.0011476242349479637	-0.024928199687577868	-0.013621930395583792	-0.0011946957312241047	-0.0048161545195799516
-0.01369161736580149	-0.01282795854330665	-0.022890733771448346	-0.0005235302393729047	-0.015441970954839457	-0.005633527252225434	-0.0006954205347644571	0.0036091144206813475
-0.0046422544299657975	-0.004277870803930828	-0.01465269302985961	-0.0006483490384880941	-0.032542146433591546	-0.020050098550004947	-0.0015067427290118562	-0.017173215631962835
-0.028170598063138597	-0.02481056325834441	-0.03599670767852081	-0.0010228054358332184	-0.02349278349775541	-0.011874467207974027	-0.0010074675325517646	-0.008061443296569548
-0.018247503533498355	-0.015636381523393528	-0.008973437670128481	-0.00014907384202844653	-0.0037090038380318546	0.002978969886708205	-0.00013373593874699274	0.008976322782624946
-0.0006480528582861744	0.0027743913460653857	-0.006664289886501251	-8.666444247085181e-05	-0.0020863594495370563	0.004414386076530663	-0.00013373593874699274	0.009350779179970514
-0.0014593750525337956	0.002275116149605294	-0.00691392748473163	-0.00014907384202844653	-0.001961540650421867	0.005288117670334991	-0.00013373593874699274	0.008913913383067351
0.0014114573271104547	0.0009645187588980253	-0.008349343674553644	0.00010056375620193236	-0.001337446654847474	0.005100889471662651	5.349225992579143e-05	0.007478497193245337
-0.0008976904565167754	0.0002156059642084429	-0.008349343674553644	-0.000273892641143636	-0.0005885338601574475	0.006037030465025461	-0.00019614533830458747	0.005855852804750539
0.0017235043248982063	-0.0005333068304811395	-0.008536571873225984	3.815435664389355e-05	-0.00033889626192751265	0.0064114868623699195	-7.132653918895393e-05	0.005294168208732852
-2.3958862711559448e-05	-0.00128221962517161	-0.009784759864375658	-8.666444247085181e-05	0.0002851977336468803	0.006598715061042704	0.00017831105904075883	0.006604765599440121
0.0007873633315353956	-3.40316340214919e-05	-0.007725249678978807	-0.000273892641143636	-0.00027648686236991793	0.006661124460599854	-0.0002585547378617381	0.008165000588377547
-0.0007728716574015859	0.0007148811606685346	-0.006352242888713944	0.00010056375620193236	-0.0002140774628127673	0.006099439864582612	-7.132653918895393e-05	0.009475597979084815
-0.0013345562534186062	0.003398485341640445	-0.004230323303759276	3.815435664389355e-05	0.0002851977336468803	0.006598715061042704	0.0003031298581555042	0.010723785970234934
0.00035049753463378686	0.00333607594208285	-0.0042927327033168705	-0.00014907384202844653	-0.001087809056617095	0.005100889471662651	-0.0002585547378617381	0.010037282575102502
-0.0005856434587290238	0.0038977605381005365	-0.00410550450464453	-0.00021148324158604126	-0.0008381714583873823	0.004664023674760376	-8.917139632247384e-06	0.009662826177757156
0.0007249539319780229	0.0038353511385429417	-0.0036062293081844388	0.0001629731557595271	-0.0009629902575023497	0.0051632988712202454	-8.917139632247384e-06	0.007728134791475272
3.845053684581323e-05	0.0026495725469499742	-0.00479200789977674	0.0001629731557595271	-0.0008381714583873823	0.00522570827077784	-0.00019614533830458747	0.005106940010060512
0.0016610949253406115	0.0009645187588980253	-0.006289833489156349	-8.666444247085181e-05	-0.0004013056614851074	0.0051632988712202454	-0.00013373593874699274	0.004108389617140773
-0.00021118706138389953	0.0001531965646508482	-0.006227424089598754	0.0003502013544320892	-8.925866369757784e-05	0.0053505270698925855	0.0003031298581555042	0.0036091144206813475
0.002410007720030416	-0.0006581256295963289	-0.007350793281633683	-0.000461120839815532	3.5560135417611605e-05	0.004976070672547905	-0.00038337353697692755	0.0033594768224511906
0.0010994103293229252	9.078716509325346e-05	-0.005603330094024139	0.00010056375620193236	9.796953497498428e-05	0.006286668063255174	0.00011590165948294207	0.005106940010060512
-0.00021118706138389953	0.0010269281584560641	-0.005665739493581734	-0.00014907384202844653	-0.00033889626192751265	0.005912211665909828	-0.00019614533830458747	0.006479946800325598
0.0010994103293229252	0.0026495725469499742	-0.003918276305971968	0.0002877919548740504	9.796953497498428e-05	0.006286668063255174	0.0003655392577130989	0.008165000588377547
-0.001584193851648985	0.003585713540312785	-0.002732497714379667	-0.000273892641143636	-0.000900580857944977	0.006536305661485109	-0.0002585547378617381	0.010224510773774398
0.0010994103293229252	0.0042722169354447725	-0.0027949071139372617	0.00010056375620193236	-0.001087809056617095	0.006037030465025461	0.00017831105904075883	0.009912463775987312
-0.0008976904565167754	0.004397035734560406	-0.002482860116149732	3.815435664389355e-05	-0.0012750372552898792	0.0062242586636978015	-7.132653918895393e-05	0.008664275784837638
0.0005377257333056829	0.00333607594208285	-0.003356591709954504	-0.00021148324158604126	-0.001087809056617095	0.005912211665909828	-0.0002585547378617381	0.0069792219967856894
0.00010085993640340796	0.0019630691518179866	-0.005728148893139329	0.0003502013544320892	-8.925866369757784e-05	0.0070355808579449786	0.0003031298581555042	0.005543805806963231
-0.000336005860499089	-0.0002836692322514267	-0.00691392748473163	-0.00021148324158604126	-0.0004637150610427021	0.00772208425307741	-0.00019614533830458747	0.00473248361271561
0.0020979607222424423	-0.0009077632278267078	-0.008037296676766115	-0.00014907384202844653	-0.00033889626192751265	0.0076596748535193715	-0.00019614533830458747	0.004482846014486119
-0.0003984152600566837	0.00027801536376559355	-0.007038746283845931	-2.4255042913257086e-05	0.00022278833409017373	0.009469547440686732	-7.132653918895393e-05	0.006417537400767559
0.0010994103293229252	0.001463793955358117	-0.0059777864913692635	0.00022538255531645568	-0.00015166806325517257	0.010842554230951373	0.0003031298581555042	0.010786195369792084
-0.0005856434587290238	0.0026495725469499742	-0.005852967692254074	-0.00014907384202844653	-0.0005261244606002968	0.010842554230951373	-7.132653918895393e-05	0.012783296155631563
0.00010085993640340796	0.004459445134117335	-0.00410550450464453	-8.666444247085181e-05	-0.001337446654847474	0.011778695224313962	-0.00019614533830458747	0.014156302945896426
-0.001396965652976201	0.005395586127480145	-0.003731048107299628	0.0003502013544320892	-0.0007757620588297875	0.01127942002785387	0.0003655392577130989	0.014343531144568766
0.001161819728880964	0.005957270723497388	-0.004230323303759276	-0.000273892641143636	-0.0015870842530774087	0.011341829427411465	-0.0002585547378617381	0.012908114954746752
0.0009745915302081798	0.004209807535887622	-0.005790558292696479	0.00010056375620193236	-0.0020239500499799057	0.011778695224313962	-8.917139632247384e-06	0.01172233636315445
0.0002256787355185974	0.0030240289442957646	-0.007350793281633683	0.00010056375620193236	-0.0008381714583873823	0.012465198619446616	0.00024072045859835356	0.010224510773774398
0.001161819728880964	0.001463793955358117	-0.007912477877651147	-2.4255042913257086e-05	-0.000900580857944977	0.013026883215463858	-7.132653918895393e-05	0.00841463818660726
0.0002256787355185974	0.0003404247633231883	-0.00928548466791601	-0.000273892641143636	-0.0009629902575023497	0.013026883215463858	-0.00019614533830458747	0.007728134791475272
0.0022851889209152265	0.0005900623615533451	-0.008973437670128481	0.00022538255531645568	-2.6849264140205165e-05	0.013089292615021453	-0.00032096413741933283	0.008726685184395233
-0.0010225092556315207	0.0011517469575705874	-0.007725249678978807	-0.00039871144025793726	-0.0009629902575023497	0.013463749012366355	-0.00013373593874699274	0.010286920173331993
0.0010994103293229252	0.002337525549162889	-0.006976336884288781	3.815435664389355e-05	-0.000713352659273081	0.013463749012366355	0.00011590165948294207	0.012284020959171693
-0.0005232340591714291	0.004459445134117335	-0.003543819908626844	0.0002877919548740504	-0.0013998560544050687	0.01396302420882578	0.00024072045859835356	0.01384425594810934
-0.0008976904565167754	0.006082089522612577	-0.00410550450464453	-8.666444247085181e-05	-0.0024608158468819585	0.013214111414136198	-8.917139632247384e-06	0.014281121745011172
0.0004753163337480881	0.006082089522612577	-0.004542370301546361	-2.4255042913257086e-05	-0.002835272244227083	0.013089292615021453	-0.00019614533830458747	0.01353220895032159
-0.0009600998560734819	0.005520404926594891	-0.004479960901989211	0.00010056375620193236	-0.0022735876482098405	0.014524708804843467	0.00017831105904075883	0.01328257135209121
0.0015986855257830168	0.00333607594208285	-0.007225974482518938	-0.00014907384202844653	-0.0028976816437846775	0.013026883215463858	-0.00019614533830458747	0.008664275784837638
0.00016326933596122473	0.0023999349487204835	-0.007850068478093553	3.815435664389355e-05	-0.0017119030521923762	0.013526158411923506	0.0003031298581555042	0.007291268994572775
0.0018483231240129516	0.0011517469575705874	-0.007912477877651147	0.0002877919548740504	-0.001337446654847474	0.012465198619446616	-0.00019614533830458747	0.0061054904029804735
0.0004753163337480881	-9.644103357864253e-05	-0.009223075268357972	-0.000273892641143636	-0.001087809056617095	0.012527608019003766	-0.0005081923360916729	0.006167899802538068
0.001349047927553304	0.0003404247633231883	-0.00604019589092597	0.00010056375620193236	-0.0007757620588297875	0.013463749012366355	0.00017831105904075883	0.008601866385280044
0.0014114573271104547	0.0029616195447372817	-0.005728148893139329	0.00010056375620193236	-0.001524674853519814	0.011965923422986746	5.349225992579143e-05	0.00953800737864241
-0.0012721468538614555	0.004646673332790119	-0.003980685705529341	-0.000273892641143636	-0.001961540650421867	0.012527608019003766	-7.132653918895393e-05	0.011285470566251732
0.0005377257333056829	0.005457995527037296	-0.0034190011095116546	0.00010056375620193236	-0.0028976816437846775	0.012964473815906707	-7.132653918895393e-05	0.012533658557402072
-0.000336005860499089	0.0057700425248248255	-0.003918276305971968	0.0001629731557595271	-0.0026480440455542986	0.013151702014578603	0.0003031298581555042	0.011472698764924516
0.0005377257333056829	0.005083539129692394	-0.004355142102874021	-2.4255042913257086e-05	-0.003209728641572207	0.01371338661059629	-7.132653918895393e-05	0.010536557771562371
-0.0005232340591714291	0.0038353511385429417	-0.005852967692254074	-2.4255042913257086e-05	-0.002772862844669932	0.014150252407498787	-8.917139632247384e-06	0.008601866385280044
0.002035551322685736	0.002337525549162889	-0.007600430879863618	-8.666444247085181e-05	-0.002398406447324586	0.015023984001303115	-7.132653918895393e-05	0.007540906592802932
-0.00027359646094149426	0.0012141563571284042	-0.00828693427499605	3.815435664389355e-05	-0.002398406447324586	0.014587118204401062	-8.917139632247384e-06	0.0069792219967856894
0.0004129069341904934	0.000402834162880783	-0.008224524875438455	-0.00014907384202844653	-0.0017119030521923762	0.014087843007941414	-0.00013373593874699274	0.007416087793687742
0.0009121821306505851	0.0015886127544733064	-0.006102605290483565	0.00022538255531645568	-0.001524674853519814	0.015523259197762984	0.00024072045859835356	0.009475597979084815
-0.0005232340591714291	0.0023999349487204835	-0.005728148893139329	-2.4255042913257086e-05	-0.002335997047766991	0.015460849798205833	0.00011590165948294207	0.01153510816448211
0.0007873633315353956	0.003585713540312785	-0.005353692495793982	-0.00014907384202844653	-0.002960091043341828	0.014649527603958656	-0.00038337353697692755	0.01453075934324155
-0.0012721468538614555	0.005270767328364956	-0.003169363511281942	0.0003502013544320892	-0.002398406447324586	0.016272171992453455	-0.00013373593874699274	0.01328257135209121
0.0007873633315353956	0.004709082732347714	-0.004479960901989211	-8.666444247085181e-05	-0.0037714132375890053	0.014462299405285872	-8.917139632247384e-06	0.012408839758286438
-0.0005856434587290238	0.004646673332790119	-0.00479200789977674	-2.4255042913257086e-05	-0.004208279034491502	0.015023984001303115	-0.00019614533830458747	0.011035832968022463
0.0004753163337480881	0.0038977605381005365	-0.0059777864913692635	0.00022538255531645568	-0.00345936623980192	0.014774346403073846	0.0003031298581555042	0.00972523557731475
0.001785913724455357	0.0014013845558005222	-0.007163565082961343	-8.666444247085181e-05	-0.0033345474406871745	0.013463749012366355	-0.00019614533830458747	0.0069792219967856894
-0.00021118706138389953	0.0010269281584560641	-0.0066018804869436565	-2.4255042913257086e-05	-0.0027104534451123374	0.014212661807055937	5.349225992579143e-05	0.00666717499899816
0.002222779521358076	0.0002156059642084429	-0.007288383882076532	0.0001629731557595271	-0.0025232252464397753	0.013338930213251166	0.00011590165948294207	0.006292718601652814
-0.0001487776618263048	0.0006524717611109399	-0.006289833489156349	-0.00014907384202844653	-0.002148768849094651	0.013650977211038695	-8.917139632247384e-06	0.008851503983509978
0.0007249539319780229	0.0013389751562433716	-0.005166464297121642	-8.666444247085181e-05	-0.002835272244227083	0.014150252407498787	0.0003031298581555042	0.010723785970234934
-2.3958862711559448e-05	0.002337525549162889	-0.004667189100661551	0.0002877919548740504	-0.0035217756393595145	0.013526158411923506	-0.00032096413741933283	0.011035832968022463
0.00028808813507574804	0.0027743913460653857	-0.004167913904202125	-0.00021148324158604126	-0.004021050835819384	0.015023984001303115	-8.917139632247384e-06	0.012783296155631563
-0.001396965652976201	0.0037105323394279743	-0.004355142102874021	3.815435664389355e-05	-0.004707554230951816	0.014462299405285872	-0.00019614533830458747	0.012408839758286438
-0.0007728716574015859	0.0042722169354447725	-0.0032941823103971313	0.0003502013544320892	-0.0037090038380318546	0.016022534394223076	0.00042794865727024956	0.012908114954746752
0.0007249539319780229	0.0029616195447372817	-0.004542370301546361	-0.00014907384202844653	-0.004894782429624378	0.015211212199975899	-0.00019614533830458747	0.01122306116669436
0.0002256787355185974	0.0023999349487204835	-0.005728148893139329	-2.4255042913257086e-05	-0.004333097833606692	0.014524708804843467	-8.917139632247384e-06	0.010349329572890031
0.0010994103293229252	0.0019006597522603919	-0.005228873696679237	0.0001629731557595271	-0.0037090038380318546	0.015398440398648239	0.00011590165948294207	0.00953800737864241
-0.0005232340591714291	0.0009645187588980253	-0.005790558292696479	-0.00021148324158604126	-0.004021050835819384	0.015460849798205833	5.349225992579143e-05	0.009850054376430162
0.0019107325235705463	0.0009021093593404306	-0.0064146522882715384	0.00010056375620193236	-0.003396956840244769	0.017083494186700188	0.00024072045859835356	0.012096792760499353
-0.0008352810569587366	0.0017134315535884959	-0.004854417299334113	-0.000273892641143636	-0.004832373030066339	0.01783240698139066	-0.00019614533830458747	0.013594618349879184
0.00028808813507574804	0.0015886127544733064	-0.0046047797011044	-2.4255042913257086e-05	-0.005019601228739123	0.018206863378735116	0.00011590165948294207	0.015903766133506414
-2.3958862711559448e-05	0.003960169937657243	-0.0036062293081844388	0.00022538255531645568	-0.00576851402342915	0.019205413771655078	-8.917139632247384e-06	0.017526410522000768
-0.0013345562534186062	0.004334626335002811	-0.0032941823103971313	0.0001629731557595271	-0.00595574222210149	0.019954326566345104	0.00024072045859835356	0.01852496091492095
0.0004129069341904934	0.004022579337214838	-0.0042927327033168705	-8.666444247085181e-05	-0.006517426818119176	0.018331682177850306	-0.00013373593874699274	0.016839907126868114
-0.0017090126507639525	0.004147398136330027	-0.003980685705529341	-0.000273892641143636	-0.00614297042077383	0.01845650097696594	-0.0002585547378617381	0.014655578142356074
0.0014114573271104547	0.0036481229398701576	-0.004667189100661551	0.00041261075398923985	-0.00576851402342915	0.017769997581833064	-0.00013373593874699274	0.012471249157844477
-0.000336005860499089	0.0022127067500481434	-0.006352242888713944	-0.00021148324158604126	-0.0052068294274114635	0.017769997581833064	-7.132653918895393e-05	0.011784745762712046
0.0008497727310936565	0.0015262033549157117	-0.005915377091811669	3.815435664389355e-05	-0.005518876425198993	0.017520359983602685	-8.917139632247384e-06	0.011597517564039261
-8.636826226915417e-05	0.0005276529619959724	-0.006726699286058846	0.00010056375620193236	-0.004894782429624378	0.017333131784930345	5.349225992579143e-05	0.01153510816448211
-0.0012097374543038608	0.0008396999597832799	-0.005353692495793982	-0.00014907384202844653	-0.005518876425198993	0.01808204457962037	-7.132653918895393e-05	0.012845705555189157
0.0009745915302081798	0.0013389751562433716	-0.005228873696679237	3.815435664389355e-05	-0.006517426818119176	0.016958675387585886	-7.132653918895393e-05	0.013781846548551746
-0.0008352810569587366	0.002711981946508013	-0.003918276305971968	-2.4255042913257086e-05	-0.006080561021216679	0.016709037789355508	5.349225992579143e-05	0.014967625140143603
-0.00027359646094149426	0.0036481229398701576	-0.0027949071139372617	0.00010056375620193236	-0.007079111414136197	0.017208312985815377	5.349225992579143e-05	0.015966175533063343
-0.0010225092556315207	0.0038353511385429417	-0.003356591709954504	-8.666444247085181e-05	-0.007765614809268628	0.016584218990240762	5.349225992579143e-05	0.01534208153748895
0.00035049753463378686	0.004147398136330027	-0.003356591709954504	0.00010056375620193236	-0.0075159772110386935	0.017894816380948253	-8.917139632247384e-06	0.014593168742798923
-0.001396965652976201	0.0037105323394279743	-0.0036062293081844388	-8.666444247085181e-05	-0.00795284300794119	0.016771447188913102	-0.00013373593874699274	0.012346430358729288
0.0015362761262256441	0.0022127067500481434	-0.006227424089598754	3.815435664389355e-05	-0.007266339612808981	0.017520359983602685	-7.132653918895393e-05	0.01122306116669436
0.0014114573271104547	0.0005900623615533451	-0.00604019589092597	0.00022538255531645568	-0.006954292615021451	0.018206863378735116	0.0003031298581555042	0.010536557771562371
0.00010085993640340796	-0.0006581256295963289	-0.007101155683403526	-0.000273892641143636	-0.007328749012365909	0.016209762592895416	-0.0002585547378617381	0.009288369780412031
0.0010370009297657745	-9.644103357864253e-05	-0.005665739493581734	-0.00014907384202844653	-0.007016702014578602	0.015148802800418748	-0.00013373593874699274	0.00916355098129773
-0.0007728716574015859	0.0011517469575705874	-0.003980685705529341	3.815435664389355e-05	-0.007328749012365909	0.014899165202188591	-8.917139632247384e-06	0.012096792760499353
0.001161819728880964	0.002087887950932954	-0.003106954111724791	0.0001629731557595271	-0.0075159772110386935	0.013588567811481544	-8.917139632247384e-06	0.013344980751649249
-0.001584193851648985	0.0034608947411975954	-0.0016091285223447382	-0.00014907384202844653	-0.00857693700351625	0.013588567811481544	-7.132653918895393e-05	0.014031484146781681
3.845053684581323e-05	0.0038977605381005365	-0.0015467191227871435	0.00022538255531645568	-0.007828024208825779	0.014025433608383375	0.0003655392577130989	0.01384425594810934
-0.0005856434587290238	0.0040849887367724325	-0.003169363511281942	-0.00039871144025793726	-0.008701755802630995	0.01390061480926863	-0.0005081923360916729	0.011597517564039261
-0.00046082465961427843	0.002337525549162889	-0.003980685705529341	-0.00014907384202844653	-0.008202480606170681	0.015336030999090644	5.349225992579143e-05	0.01122306116669436
0.0017235043248982063	0.0012141563571284042	-0.005790558292696479	0.0001629731557595271	-0.008015252407498785	0.015086393400861153	5.349225992579143e-05	0.00922596038085488
-0.0003984152600566837	0.0005900623615533451	-0.005041645498006453	0.00010056375620193236	-0.007391158411923504	0.016272171992453455	5.349225992579143e-05	0.008601866385280044
0.0015986855257830168	-0.00022125983269427607	-0.005852967692254074	-2.4255042913257086e-05	-0.00814007120661353	0.015211212199975899	-7.132653918895393e-05	0.008289819387492958
3.845053684581323e-05	0.0001531965646508482	-0.005353692495793982	-8.666444247085181e-05	-0.007828024208825779	0.014025433608383375	5.349225992579143e-05	0.009850054376430162
0.0006001351328632776	0.0012765657566857769	-0.002919725913052007	0.0001629731557595271	-0.008202480606170681	0.011903514023429151	-0.00019614533830458747	0.010536557771562371
-0.0007104622578437692	0.001651022154030457	-0.0026076789152649216	-2.4255042913257086e-05	-0.0075159772110386935	0.009906413237589895	-8.917139632247384e-06	0.010349329572890031
0.0007249539319780229	0.002337525549162889	-0.0002985311316372474	-8.666444247085181e-05	-0.006704655016791516	0.0098440038380323	0.00011590165948294207	0.010911014168907274
0.0008497727310936565	0.0026495725469499742	-0.0014219003236723982	-2.4255042913257086e-05	-0.007016702014578602	0.008720634645997372	-7.132653918895393e-05	0.009787644976872123
-0.0005856434587290238	0.0023999349487204835	-0.0019835849196900845	-2.4255042913257086e-05	-0.006080561021216679	0.00897027224422664	5.349225992579143e-05	0.008539456985722449
0.0009121821306505851	0.0019630691518179866	-0.0022332225179195753	0.00010056375620193236	-0.00576851402342915	0.009469547440686732	5.349225992579143e-05	0.007104040795899991
0.00016326933596122473	0.0005276529619959724	-0.003918276305971968	-0.000273892641143636	-0.00576851402342915	0.00897027224422664	-0.00013373593874699274	0.004108389617140773
0.0015986855257830168	0.00027801536376559355	-0.00410550450464453	3.815435664389355e-05	-0.005269238826969058	0.008720634645997372	0.0003655392577130989	0.004857302411830355
3.845053684581323e-05	0.0005276529619959724	-0.0027949071139372617	0.0002877919548740504	-0.005144420027853869	0.007160399657059946	-7.132653918895393e-05	0.004170799016698368
0.0019107325235705463	-0.0002836692322514267	-0.0034814105090692493	-8.666444247085181e-05	-0.004457916632721881	0.0062242586636978015	-8.917139632247384e-06	0.004670074213158459
-0.0003984152600566837	0.0007148811606685346	-0.0006729875289823717	0.00022538255531645568	-0.0045827354318370705	0.005475345869007553	0.00011590165948294207	0.005668624606078421
-2.3958862711559448e-05	0.0012141563571284042	-0.0007353969285399664	-2.4255042913257086e-05	-0.004333097833606692	0.004039929679185983	0.00011590165948294207	0.005918262204307689
0.0007249539319780229	0.0015886127544733064	7.592526570676661e-05	0.0001629731557595271	-0.003896232036704639	0.0034782450831682965	0.00011590165948294207	0.0054813964074056365
-0.0007728716574015859	0.001463793955358117	-4.889353340753466e-05	-8.666444247085181e-05	-0.0039586414362617894	0.0034158356836107018	-7.132653918895393e-05	0.005356577608290447
0.0015362761262256441	0.0005900623615533451	-0.0014219003236723982	-0.00014907384202844653	-0.0037714132375890053	0.0024172852906907405	-0.00019614533830458747	0.003234658023335557
-0.0005856434587290238	0.0009645187588980253	-0.0008602157276549338	0.00010056375620193236	-0.002585634645997148	0.0036654732818406366	0.00017831105904075883	0.002610564027761164
0.0015986855257830168	0.0004652435624381557	-0.0014843097232299929	0.00022538255531645568	-0.0031473192420143903	0.0032910168844955123	-0.00032096413741933283	0.0012375572374960786
0.00035049753463378686	-0.00047089743092398884	-0.0027949071139372617	0.0002877919548740504	-0.0022111782486522458	0.0041023390787426894	0.00024072045859835356	0.0015496042352836081
0.0014114573271104547	0.00027801536376559355	-0.0013594909241148034	3.815435664389355e-05	-0.0024608158468819585	0.0036654732818406366	5.349225992579143e-05	0.0019240606326289544
0.0016610949253406115	-0.0006581256295963289	-0.001858766120574451	-0.00021148324158604126	-0.002835272244227083	0.0016059630964435634	-0.00032096413741933283	0.001175147837938928
-0.0005856434587290238	0.0006524717611109399	0.00020074406482240015	0.00010056375620193236	-0.0017743124517499709	0.0017307818955583087	0.0003031298581555042	0.0024857452286464188
0.0012242291284381146	0.0004652435624381557	0.0001383346652652495	0.00010056375620193236	-0.0025232252464397753	0.0009194597013111316	-7.132653918895393e-05	0.002860201625991321
-2.3958862711559448e-05	0.0005900623615533451	0.00045038166305233496	0.0001629731557595271	-0.0016494936526347814	0.0002953657057362946	0.0003031298581555042	0.002173698230858445
0.0007249539319780229	0.0009021093593404306	0.0007000192612822698	-2.4255042913257086e-05	-0.0016494936526347814	-7.909069160882964e-05	5.349225992579143e-05	0.001986470032186549
-0.00021118706138389953	0.0004652435624381557	-4.889353340753466e-05	3.815435664389355e-05	-0.0010253996570603885	-7.909069160882964e-05	5.349225992579143e-05	0.0007382820410368751
0.0014738667266680494	-3.40316340214919e-05	-0.00042334993075288097	-2.4255042913257086e-05	-0.0005885338601574475	0.00035777510529388934	5.349225992579143e-05	0.00023900684457678345
-0.0005232340591714291	0.000402834162880783	-0.0012970815245572087	-0.00014907384202844653	-0.0012126278557327286	-7.909069160882964e-05	-0.00038337353697692755	-0.0006971341487855831
0.0004129069341904934	-3.40316340214919e-05	-0.0007353969285399664	0.00022538255531645568	0.000160378934532579	-0.00014150009116620232	0.0003031298581555042	-0.0006971341487855831
0.0010370009297657745	-0.00022125983269427607	-0.0005481687298676263	-8.666444247085181e-05	-0.0005885338601574475	-0.0003287282898385424	-0.00019614533830458747	-0.0010715905461302633
0.0004129069341904934	-0.0006581256295963289	-0.0008602157276549338	-8.666444247085181e-05	-0.0006509432597145981	-0.00039113768939613713	-8.917139632247384e-06	-0.000509905950113243
0.0012866385279957093	-0.0006581256295963289	-0.0004857593303100316	-8.666444247085181e-05	-0.0005261244606002968	-0.0015145068814306217	-0.0002585547378617381	0.0006758726414788363
-0.00046082465961427843	0.00027801536376559355	0.0009496568595124266	0.0002877919548740504	9.796953497498428e-05	-0.0005783658880689213	-0.00013373593874699274	0.00017659744501874464
0.0017235043248982063	-0.0005333068304811395	-0.00011130293296512939	-8.666444247085181e-05	-0.0005885338601574475	-0.0011400504840861636	-8.917139632247384e-06	0.0008631008401511764
-0.0007104622578437692	9.078716509325346e-05	0.0007000192612822698	0.0001629731557595271	-0.000900580857944977	-0.0003287282898385424	0.00011590165948294207	0.001362376036611268
0.0006625445324208723	0.0005276529619959724	0.0003255628639371455	-0.00021148324158604126	-0.0011502184561746898	0.00010813750706351044	-7.132653918895393e-05	0.001362376036611268
0.0009121821306505851	0.0006524717611109399	0.00045038166305233496	-8.666444247085181e-05	-0.001087809056617095	0.00017054690662110517	-7.132653918895393e-05	0.0009255102397087711
-0.0006480528582861744	0.0011517469575705874	0.00045038166305233496	3.815435664389355e-05	-0.001524674853519814	0.0019804194937882436	5.349225992579143e-05	0.0018616512330713597
0.001785913724455357	0.0003404247633231883	-0.00042334993075288097	0.00022538255531645568	-0.001961540650421867	0.0027917416880354207	0.00017831105904075883	0.0019240606326289544
-0.0005232340591714291	0.0007148811606685346	-0.0002985311316372474	-8.666444247085181e-05	-0.001961540650421867	0.0034158356836107018	-8.917139632247384e-06	0.00242333582908838
0.0009121821306505851	0.0001531965646508482	-0.0007978063280975611	-2.4255042913257086e-05	-0.0030849098424570176	0.004351976676973068	0.0003655392577130989	0.0033594768224511906
0.0002256787355185974	-0.00015885043313668135	-0.0008602157276549338	0.0001629731557595271	-0.003896232036704639	0.004976070672547905	-0.00038337353697692755	0.003234658023335557
0.0004129069341904934	9.078716509325346e-05	-0.0008602157276549338	-2.4255042913257086e-05	-0.004457916632721881	0.006723533860157893	5.349225992579143e-05	0.005294168208732852
-0.0008976904565167754	0.0005276529619959724	-0.0005481687298676263	0.00010056375620193236	-0.005144420027853869	0.006973171458387384	-7.132653918895393e-05	0.005918262204307689
-0.0015217844520913903	0.0019006597522603919	0.00038797226349474023	3.815435664389355e-05	-0.005019601228739123	0.008096540650422313	5.349225992579143e-05	0.0071664501954580295
0.0004753163337480881	0.0020254785513755813	0.0002631534643795508	0.00022538255531645568	-0.005893332822544339	0.009157500442899424	0.00017831105904075883	0.007977772389704763
-0.0009600998560734819	0.002087887950932954	-0.0004857593303100316	3.815435664389355e-05	-0.00614297042077383	0.0098440038380323	-8.917139632247384e-06	0.008102591188819952
3.845053684581323e-05	0.0025871631473932677	-0.00023612173208054088	0.00010056375620193236	-0.006205379820331425	0.010967373030066785	-8.917139632247384e-06	0.008539456985722449
-0.0010849186551891155	0.0020254785513755813	-0.0013594909241148034	-0.00014907384202844653	-0.007328749012365909	0.012465198619446616	-0.00019614533830458747	0.007915362990147168
0.0010370009297657745	0.001463793955358117	-0.002670088314822072	-8.666444247085181e-05	-0.007765614809268628	0.014711937003516251	-8.917139632247384e-06	0.008664275784837638
-0.0012721468538614555	0.0017758409531452024	-0.00210840371880483	0.0003502013544320892	-0.00845211820440106	0.015148802800418748	0.0003031298581555042	0.008976322782624946
0.0012242291284381146	0.0009021093593404306	-0.0032941823103971313	-0.00021148324158604126	-0.008826574601745962	0.014399890005728277	-7.132653918895393e-05	0.008789094583952828
-0.0001487776618263048	0.0012141563571284042	-0.002045994319247235	3.815435664389355e-05	-0.009325849798205832	0.015336030999090644	-0.00013373593874699274	0.009850054376430162
-0.0008352810569587366	0.001651022154030457	-0.001671537921902111	0.00022538255531645568	-0.009700306195550734	0.015960124994665925	0.0003031298581555042	0.01172233636315445
0.00016326933596122473	0.0019630691518179866	-0.0017339473214599277	-0.00014907384202844653	-0.010386809590683166	0.015211212199975899	-0.00013373593874699274	0.011659926963596856
-0.002208287847223378	0.0030240289442957646	-0.0007353969285399664	-2.4255042913257086e-05	-0.010574037789355506	0.016771447188913102	-8.917139632247384e-06	0.01328257135209121
0.0005377257333056829	0.0029616195447372817	-0.001234672125000058	0.0001629731557595271	-0.01076126598802829	0.016958675387585886	-7.132653918895393e-05	0.012408839758286438
-0.0016466032512063578	0.002899210145180575	-0.0019211755201324898	-0.00021148324158604126	-0.011010903586257781	0.018144453979177966	-8.917139632247384e-06	0.012408839758286438
-0.0001487776618263048	0.0030864383438529153	-0.0019835849196900845	-8.666444247085181e-05	-0.011572588182275467	0.01870613857519543	-0.00019614533830458747	0.012159202160056948
-0.0007728716574015859	0.002337525549162889	-0.003793457506857223	0.0001629731557595271	-0.011385359983603127	0.019267823171212672	5.349225992579143e-05	0.011472698764924516
-0.0012721468538614555	0.0015886127544733064	-0.0036062293081844388	-0.00021148324158604126	-0.011759816380947807	0.02014155476501789	-7.132653918895393e-05	0.011784745762712046
0.0010994103293229252	0.0010269281584560641	-0.004417551502431616	0.0001629731557595271	-0.012259091577407899	0.019205413771655078	-8.917139632247384e-06	0.01153510816448211
-0.001147328054746266	0.001651022154030457	-0.003169363511281942	3.815435664389355e-05	-0.011634997581833062	0.018893366773867548	0.00011590165948294207	0.012159202160056948
-0.00021118706138389953	0.0019006597522603919	-0.0024204507165923594	-0.00014907384202844653	-0.012446319776080239	0.018331682177850306	-0.00019614533830458747	0.013781846548551746
-0.0010225092556315207	0.002462344348277634	-0.0021708131183619805	-8.666444247085181e-05	-0.01219668217784986	0.017333131784930345	-0.00019614533830458747	0.013657027749436557
-0.0003984152600566837	0.0030864383438529153	-0.0015467191227871435	-0.00014907384202844653	-0.011447769383160722	0.017645178782717874	0.0003655392577130989	0.014593168742798923
-0.0015217844520913903	0.003772941738985347	-0.0007353969285399664	-0.000273892641143636	-0.012259091577407899	0.016334581392010605	-0.00032096413741933283	0.012658477356516373
0.0004753163337480881	0.0026495725469499742	-0.002482860116149732	-2.4255042913257086e-05	-0.011510178782717873	0.01770758818227547	5.349225992579143e-05	0.012658477356516373
0.0005377257333056829	0.0021502973504905487	-0.003356591709954504	0.0001629731557595271	-0.012071863378735559	0.018830957374310175	0.00011590165948294207	0.012221611559614542
-0.000336005860499089	0.0012141563571284042	-0.004979236098449302	-0.00021148324158604126	-0.01232150097696505	0.018394091577407456	-8.917139632247384e-06	0.011347879965809549
0.0004129069341904934	0.0009645187588980253	-0.004417551502431616	-0.000273892641143636	-0.012508729175637834	0.018643729175637835	-0.0002585547378617381	0.010723785970234934
-0.0008352810569587366	0.0012141563571284042	-0.00410550450464453	3.815435664389355e-05	-0.012571138575194984	0.019455051369885457	5.349225992579143e-05	0.012221611559614542
0.001349047927553304	0.001463793955358117	-0.003793457506857223	0.00041261075398923985	-0.01232150097696505	0.018518910376522646	-0.00032096413741933283	0.012720886756074412
-0.0018338314498782537	0.0017134315535884959	-0.0027949071139372617	-0.00039871144025793726	-0.013257641970327416	0.018206863378735116	0.00011590165948294207	0.014281121745011172
0.00035049753463378686	0.002711981946508013	-0.00210840371880483	3.815435664389355e-05	-0.012883185572982292	0.017333131784930345	0.00011590165948294207	0.014343531144568766
-0.0012097374543038608	0.0028368007456229805	-0.0015467191227871435	-8.666444247085181e-05	-0.012695957374310174	0.017208312985815377	-7.132653918895393e-05	0.014031484146781681
-0.001147328054746266	0.0030240289442957646	-0.0021708131183619805	0.00010056375620193236	-0.012571138575194984	0.017645178782717874	0.00011590165948294207	0.013969074747223642
0.0006625445324208723	0.0025871631473932677	-0.0032317729108395366	0.00010056375620193236	-0.012383910376522644	0.017270722385372972	-0.00013373593874699274	0.012408839758286438
-0.001147328054746266	0.0025871631473932677	-0.0027949071139372617	0.00010056375620193236	-0.011697406981390213	0.01845650097696594	0.00024072045859835356	0.012221611559614542
0.0012242291284381146	0.0015262033549157117	-0.004230323303759276	-8.666444247085181e-05	-0.01232150097696505	0.017769997581833064	-7.132653918895393e-05	0.010474148372004777
-0.00027359646094149426	0.0015886127544733064	-0.004230323303759276	0.0001629731557595271	-0.011510178782717873	0.017395541184488383	0.00011590165948294207	0.010349329572890031
0.0008497727310936565	0.0013389751562433716	-0.0032941823103971313	0.0001629731557595271	-0.011759816380947807	0.015648077996878174	-0.0002585547378617381	0.010099691974659653
-0.0005232340591714291	0.0007772905602256852	-0.004043095105086492	0.0003502013544320892	-0.010511628389797911	0.015086393400861153	0.0003655392577130989	0.0105989671711193
0.0010994103293229252	0.001651022154030457	-0.0017339473214599277	-0.000273892641143636	-0.011135722385373192	0.014587118204401062	-0.0002585547378617381	0.01122306116669436
0.0007873633315353956	0.002087887950932954	-0.001858766120574451	3.815435664389355e-05	-0.011322950584045088	0.014025433608383375	-8.917139632247384e-06	0.011659926963596856
-0.001147328054746266	0.0029616195447372817	-0.001047443926327718	0.0001629731557595271	-0.010324400191125793	0.01396302420882578	0.00024072045859835356	0.011971973961383942
0.0004129069341904934	0.0029616195447372817	-0.001047443926327718	0.00022538255531645568	-0.010137171992453009	0.01396302420882578	0.00017831105904075883	0.011472698764924516
-0.0006480528582861744	0.0021502973504905487	-0.00229563191747717	-0.00014907384202844653	-0.009825124994665924	0.013089292615021453	-8.917139632247384e-06	0.008913913383067351
0.0005377257333056829	0.0019630691518179866	-0.0026076789152649216	-8.666444247085181e-05	-0.00951307799687795	0.012465198619446616	0.0003655392577130989	0.009475597979084815
-0.0005856434587290238	0.002087887950932954	-0.0019835849196900845	0.00022538255531645568	-0.009887534394223518	0.012777245617233923	-0.00013373593874699274	0.008165000588377547
0.0015362761262256441	0.0008396999597832799	-0.003731048107299628	-0.00014907384202844653	-0.009325849798205832	0.012777245617233923	-0.00019614533830458747	0.008040181789262801
-0.0007728716574015859	0.0010269281584560641	-0.0021708131183619805	0.0003502013544320892	-0.008951393400861152	0.013026883215463858	0.00024072045859835356	0.008601866385280044
-0.000336005860499089	0.0004652435624381557	-0.0029821353126091577	-0.000273892641143636	-0.009388259197763427	0.01121701062829672	-0.0002585547378617381	0.008040181789262801
0.0004129069341904934	0.0010893375580132147	-0.0015467191227871435	3.815435664389355e-05	-0.0086393464030734	0.010655326032279033	-7.132653918895393e-05	0.008289819387492958
-0.0008976904565167754	0.0015262033549157117	-0.0008602157276549338	0.00010056375620193236	-0.008264890005729164	0.010717735431837072	0.00017831105904075883	0.009101141581739691
0.0008497727310936565	0.0012141563571284042	-0.0014219003236723982	-0.00021148324158604126	-0.00814007120661353	0.008845453445112339	-0.0002585547378617381	0.008040181789262801
-0.001147328054746266	0.002275116149605294	-0.0002985311316372474	0.00010056375620193236	-0.006579836217676327	0.008845453445112339	5.349225992579143e-05	0.0071664501954580295
0.0008497727310936565	0.0017134315535884959	-0.0007978063280975611	0.00010056375620193236	-0.00595574222210149	0.007160399657059946	-0.00013373593874699274	0.005855852804750539
-0.00046082465961427843	0.0013389751562433716	-0.001671537921902111	3.815435664389355e-05	-0.005269238826969058	0.006910762058829789	5.349225992579143e-05	0.004982121210945989
0.0009121821306505851	0.0015262033549157117	-0.0017963567210173004	-0.00021148324158604126	-0.006018151621659085	0.007160399657059946	-0.00019614533830458747	0.004982121210945989
0.0018483231240129516	0.0009021093593404306	-0.0019835849196900845	0.00041261075398923985	-0.005893332822544339	0.00753485605440507	0.0003655392577130989	0.005294168208732852
-0.0010225092556315207	0.0007772905602256852	-0.0017339473214599277	-0.00033630204070034253	-0.007266339612808981	0.008720634645997372	-0.00032096413741933283	0.005918262204307689
0.001349047927553304	0.0007772905602256852	-0.0019835849196900845	0.00041261075398923985	-0.0086393464030734	0.010842554230951373	0.00024072045859835356	0.007915362990147168
-0.0006480528582861744	0.0007772905602256852	-0.0022332225179195753	-2.4255042913257086e-05	-0.009388259197763427	0.012028332822544341	0.00011590165948294207	0.010099691974659653
-0.000336005860499089	0.0009645187588980253	-0.0019835849196900845	-0.000273892641143636	-0.011198131784930343	0.013775796010153885	-7.132653918895393e-05	0.011909564561827235
-0.0010849186551891155	0.0014013845558005222	-0.0021708131183619805	-0.00021148324158604126	-0.012071863378735559	0.016833856588470697	5.349225992579143e-05	0.012346430358729288
0.00016326933596122473	0.0020254785513755813	-0.0021708131183619805	3.815435664389355e-05	-0.012134272778293154	0.01845650097696594	0.00017831105904075883	0.013220161952534504
-0.0018338314498782537	0.002899210145180575	-0.002732497714379667	-8.666444247085181e-05	-0.013320051369885011	0.018518910376522646	-0.00013373593874699274	0.012908114954746752
-0.0013345562534186062	0.003148847743410066	-0.002482860116149732	0.00010056375620193236	-0.01275836677386799	0.019455051369885457	0.00017831105904075883	0.013095343153419314
3.845053684581323e-05	0.0028368007456229805	-0.0028573165134944123	-2.4255042913257086e-05	-0.013632098367672763	0.01989191716678751	-0.00019614533830458747	0.012908114954746752
-0.0003984152600566837	0.0023999349487204835	-0.0034190011095116546	3.815435664389355e-05	-0.013632098367672763	0.020203964164574595	0.00024072045859835356	0.013095343153419314
0.0006001351328632776	0.0020254785513755813	-0.003731048107299628	-2.4255042913257086e-05	-0.013507279568557573	0.019080594972540332	-0.00013373593874699274	0.013095343153419314
-0.0009600998560734819	0.0021502973504905487	-0.0026076789152649216	0.0002877919548740504	-0.013008004372097925	0.0200167359659027	-0.0002585547378617381	0.012471249157844477
0.0008497727310936565	0.0012141563571284042	-0.003918276305971968	-0.00021148324158604126	-0.013756917166787508	0.018955776173425587	-8.917139632247384e-06	0.013594618349879184
-0.0014593750525337956	0.0020254785513755813	-0.0026076789152649216	0.0001629731557595271	-0.014443420561919496	0.020203964164574595	-7.132653918895393e-05	0.014717987541914113
-0.0001487776618263048	0.002711981946508013	-0.002045994319247235	0.0001629731557595271	-0.014256192363247377	0.020328782963689784	0.00024072045859835356	0.015404490937046544
-0.0005232340591714291	0.00352330414075519	-0.0017339473214599277	-0.00014907384202844653	-0.014006554765017887	0.019392641970327418	-0.00019614533830458747	0.01453075934324155
-0.001584193851648985	0.0042722169354447725	-0.0012970815245572087	0.0001629731557595271	-0.013632098367672763	0.020266373564132634	5.349225992579143e-05	0.015154853338815943
0.0009121821306505851	0.003772941738985347	-0.0024204507165923594	0.0001629731557595271	-0.013257641970327416	0.019205413771655078	0.00011590165948294207	0.013969074747223642
-0.0013345562534186062	0.0036481229398701576	-0.002482860116149732	-0.00014907384202844653	-0.012820776173425141	0.018955776173425587	-7.132653918895393e-05	0.012408839758286438
0.0005377257333056829	0.002711981946508013	-0.003169363511281942	-0.00014907384202844653	-0.013632098367672763	0.019267823171212672	0.00011590165948294207	0.012408839758286438
-0.00021118706138389953	0.0023999349487204835	-0.00410550450464453	0.00010056375620193236	-0.01294559497254033	0.019517460769442607	0.00024072045859835356	0.012096792760499353
0.0007873633315353956	0.0022127067500481434	-0.0030445447121671965	-0.00033630204070034253	-0.013819326566345103	0.018893366773867548	-0.0002585547378617381	0.012221611559614542
-0.0009600998560734819	0.001463793955358117	-0.003918276305971968	-8.666444247085181e-05	-0.013756917166787508	0.018394091577407456	-0.0002585547378617381	0.012096792760499353
-0.0014593750525337956	0.0026495725469499742	-0.001858766120574451	0.0003502013544320892	-0.012883185572982292	0.019455051369885457	0.00042794865727024956	0.01384425594810934
0.0002256787355185974	0.0030240289442957646	-0.0022332225179195753	3.815435664389355e-05	-0.014193782963689783	0.019517460769442607	5.349225992579143e-05	0.014156302945896426
-0.0012721468538614555	0.00352330414075519	-0.0022332225179195753	-2.4255042913257086e-05	-0.013819326566345103	0.019579870169000202	-7.132653918895393e-05	0.014281121745011172
-0.00027359646094149426	0.0040849887367724325	-0.0015467191227871435	0.00022538255531645568	-0.013195232570769821	0.01982950776723036	0.00024072045859835356	0.01353220895032159
-0.0013345562534186062	0.00333607594208285	-0.0029821353126091577	-0.000273892641143636	-0.013694507767229913	0.019392641970327418	-8.917139632247384e-06	0.011784745762712046
0.0007249539319780229	0.0027743913460653857	-0.003543819908626844	-0.00014907384202844653	-0.012259091577407899	0.018394091577407456	-0.00019614533830458747	0.010786195369792084
-0.0012097374543038608	0.0026495725469499742	-0.003543819908626844	0.00022538255531645568	-0.012071863378735559	0.018019635180062776	0.00024072045859835356	0.010037282575102502
0.0014738667266680494	0.0017134315535884959	-0.0042927327033168705	-8.666444247085181e-05	-0.011385359983603127	0.017145903586258227	-8.917139632247384e-06	0.00916355098129773
0.0006001351328632776	0.0014013845558005222	-0.0036686387077420335	-2.4255042913257086e-05	-0.011510178782717873	0.017083494186700188	-0.00013373593874699274	0.009101141581739691
-0.000336005860499089	0.0013389751562433716	-0.0036686387077420335	3.815435664389355e-05	-0.011385359983603127	0.017145903586258227	0.00011590165948294207	0.009662826177757156
0.0006001351328632776	0.0018382503527027971	-0.0030445447121671965	-2.4255042913257086e-05	-0.011135722385373192	0.016084943793781115	-8.917139632247384e-06	0.009475597979084815
-0.0015217844520913903	0.002462344348277634	-0.00229563191747717	-0.00021148324158604126	-0.011260541184488382	0.016521809590683167	-0.00019614533830458747	0.010411738972447182
0.0007873633315353956	0.002524753747835673	-0.0027949071139372617	0.00010056375620193236	-0.011447769383160722	0.016646628389798357	0.0003031298581555042	0.010224510773774398
-0.0010849186551891155	0.0030240289442957646	-0.0022332225179195753	0.0002877919548740504	-0.0106364471889131	0.01689626598802829	-0.00013373593874699274	0.00916355098129773
0.0002256787355185974	0.002711981946508013	-0.002919725913052007	-8.666444247085181e-05	-0.010137171992453009	0.016521809590683167	0.00011590165948294207	0.008601866385280044
-0.00046082465961427843	0.002087887950932954	-0.0034814105090692493	3.815435664389355e-05	-0.009263440398648681	0.01589771559510833	5.349225992579143e-05	0.007540906592802932
-0.0009600998560734819	0.001651022154030457	-0.0038558669064139295	-0.00039871144025793726	-0.009887534394223518	0.015710487396435546	-0.00032096413741933283	0.0069792219967856894
0.0016610949253406115	0.0015886127544733064	-0.00410550450464453	0.0001629731557595271	-0.00957548739643621	0.015023984001303115	-8.917139632247384e-06	0.0068544031976705
-0.0007104622578437692	0.0018382503527027971	-0.002919725913052007	3.815435664389355e-05	-0.008701755802630995	0.014774346403073846	0.00011590165948294207	0.006916812597227651
0.0008497727310936565	0.0018382503527027971	-0.002919725913052007	-2.4255042913257086e-05	-0.009700306195550734	0.014711937003516251	-7.132653918895393e-05	0.007852953590590461
-0.00046082465961427843	0.0017134315535884959	-0.0032317729108395366	-0.000273892641143636	-0.009949943793781113	0.014462299405285872	-8.917139632247384e-06	0.008477047586164854
0.00016326933596122473	0.002524753747835673	-0.0022332225179195753	0.0001629731557595271	-0.010386809590683166	0.016833856588470697	0.00011590165948294207	0.00972523557731475
-0.0010225092556315207	0.0028368007456229805	-0.0022332225179195753	-2.4255042913257086e-05	-0.010511628389797911	0.016334581392010605	-7.132653918895393e-05	0.008913913383067351
0.0007873633315353956	0.002524753747835673	-0.0023580413170345427	-8.666444247085181e-05	-0.009450668597321021	0.016459400191125795	-7.132653918895393e-05	0.008477047586164854
0.0009121821306505851	0.002711981946508013	-0.002545269515707327	0.0001629731557595271	-0.009388259197763427	0.016147353193338265	0.00011590165948294207	0.007977772389704763
-0.0007104622578437692	0.002524753747835673	-0.003106954111724791	-0.00021148324158604126	-0.009076212199975897	0.015023984001303115	-0.00013373593874699274	0.007104040795899991
0.0004129069341904934	0.0030864383438529153	-0.00229563191747717	3.815435664389355e-05	-0.00876416520218859	0.014774346403073846	-8.917139632247384e-06	0.0067295843985553105
-0.0003984152600566837	0.0028368007456229805	-0.002482860116149732	0.00010056375620193236	-0.009201030999090642	0.015148802800418748	0.00011590165948294207	0.006542356199882748
0.001161819728880964	0.0025871631473932677	-0.0029821353126091577	-8.666444247085181e-05	-0.009263440398648681	0.013775796010153885	-7.132653918895393e-05	0.006916812597227651
-0.001147328054746266	0.002711981946508013	-0.00210840371880483	-0.00014907384202844653	-0.010199581392010382	0.015023984001303115	-0.00013373593874699274	0.0071664501954580295
0.0012242291284381146	0.0022127067500481434	-0.003169363511281942	3.815435664389355e-05	-0.009887534394223518	0.016209762592895416	0.00011590165948294207	0.0077905441910328666
-0.00046082465961427843	0.002337525549162889	-0.002670088314822072	-2.4255042913257086e-05	-0.01094849418670063	0.017457950584045978	-8.917139632247384e-06	0.008165000588377547
-0.0005232340591714291	0.0027743913460653857	-0.003106954111724791	0.0001629731557595271	-0.011572588182275467	0.018518910376522646	0.00011590165948294207	0.00903873218218254
0.0004753163337480881	0.002711981946508013	-0.0030445447121671965	0.00010056375620193236	-0.01094849418670063	0.018019635180062776	0.00011590165948294207	0.00841463818660726
-0.001396965652976201	0.00333607594208285	-0.002670088314822072	-0.00014907384202844653	-0.01094849418670063	0.018144453979177966	-7.132653918895393e-05	0.008352228787050553
0.001161819728880964	0.003148847743410066	-0.0030445447121671965	0.00022538255531645568	-0.01076126598802829	0.01783240698139066	0.00024072045859835356	0.007104040795899991
-0.0009600998560734819	0.0030864383438529153	-0.0029821353126091577	-0.00014907384202844653	-0.01001235319333782	0.016646628389798357	-8.917139632247384e-06	0.006791993798112905
0.0006625445324208723	0.0030240289442957646	-0.0026076789152649216	-2.4255042913257086e-05	-0.010261990791568198	0.015835306195550736	-7.132653918895393e-05	0.00666717499899816
-0.0001487776618263048	0.002524753747835673	-0.0036686387077420335	0.0002877919548740504	-0.009263440398648681	0.015336030999090644	0.00024072045859835356	0.006043081003423323
0.0012242291284381146	0.002462344348277634	-0.003356591709954504	-0.00014907384202844653	-0.010074762592895858	0.016022534394223076	-8.917139632247384e-06	0.006230309202095219
0.0014738667266680494	0.001651022154030457	-0.004043095105086492	0.0001629731557595271	-0.0106364471889131	0.016272171992453455	0.00011590165948294207	0.006292718601652814
-0.0008976904565167754	0.0020254785513755813	-0.003169363511281942	3.815435664389355e-05	-0.01001235319333782	0.016958675387585886	0.00011590165948294207	0.006542356199882748
0.00035049753463378686	0.0022127067500481434	-0.0032317729108395366	-0.00014907384202844653	-0.011322950584045088	0.01758276938316028	-0.0002585547378617381	0.0068544031976705
-0.0007728716574015859	0.002462344348277634	-0.003169363511281942	-0.00014907384202844653	-0.011073312985815376	0.017457950584045978	-7.132653918895393e-05	0.007104040795899991
0.0004129069341904934	0.0036481229398701576	-0.002045994319247235	0.0002877919548740504	-0.009762715595108329	0.016771447188913102	-8.917139632247384e-06	0.006791993798112905
-0.0012097374543038608	0.0034608947411975954	-0.0019211755201324898	-2.4255042913257086e-05	-0.009325849798205832	0.014711937003516251	-8.917139632247384e-06	0.005793443405193166
0.0009745915302081798	0.0032736665425252554	-0.0024204507165923594	-0.00021148324158604126	-0.008888984001303557	0.014275071206613976	-0.00032096413741933283	0.005106940010060512
-0.0012721468538614555	0.0034608947411975954	-0.0023580413170345427	0.00022538255531645568	-0.008951393400861152	0.014836755802630774	0.00024072045859835356	0.005418987007848042
-0.00027359646094149426	0.0022127067500481434	-0.003731048107299628	-0.00033630204070034253	-0.009201030999090642	0.013588567811481544	-0.0002585547378617381	0.004295617815813335
0.0009745915302081798	0.0021502973504905487	-0.003106954111724791	3.815435664389355e-05	-0.0086393464030734	0.014337480606170683	5.349225992579143e-05	0.003983570818026028
-8.636826226915417e-05	0.0018382503527027971	-0.0034190011095116546	0.0001629731557595271	-0.009138621599533492	0.015273621599533493	0.00017831105904075883	0.004982121210945989
0.0014114573271104547	0.0015262033549157117	-0.0036686387077420335	0.0001629731557595271	-0.009325849798205832	0.015211212199975899	0.00017831105904075883	0.005231758809175258
-0.0013345562534186062	0.002275116149605294	-0.002732497714379667	-0.00014907384202844653	-0.009825124994665924	0.016084943793781115	-0.00019614533830458747	0.006043081003423323
0.0006625445324208723	0.0026495725469499742	-0.002732497714379667	-2.4255042913257086e-05	-0.01001235319333782	0.017021084787142593	0.00024072045859835356	0.006479946800325598
-0.0008976904565167754	0.0034608947411975954	-0.001858766120574451	0.00010056375620193236	-0.010324400191125793	0.016209762592895416	-8.917139632247384e-06	0.006167899802538068
-2.3958862711559448e-05	0.0040849887367724325	-0.0019835849196900845	-8.666444247085181e-05	-0.01076126598802829	0.016022534394223076	-8.917139632247384e-06	0.0061054904029804735
0.0008497727310936565	0.0037105323394279743	-0.002482860116149732	3.815435664389355e-05	-0.009887534394223518	0.014961574601745964	-7.132653918895393e-05	0.00491971181138795
-0.0007104622578437692	0.0037105323394279743	-0.00210840371880483	0.00022538255531645568	-0.009388259197763427	0.015772896795993585	0.0003031298581555042	0.00491971181138795
0.001161819728880964	0.0019006597522603919	-0.004167913904202125	-0.00039871144025793726	-0.01094849418670063	0.015148802800418748	-0.0004457829365340782	0.003671523820238498
-8.636826226915417e-05	0.002087887950932954	-0.004043095105086492	3.815435664389355e-05	-0.009887534394223518	0.015585668597321023	0.00011590165948294207	0.0033594768224511906
0.0009121821306505851	0.0017758409531452024	-0.003543819908626844	3.815435664389355e-05	-0.009949943793781113	0.016084943793781115	5.349225992579143e-05	0.0037963426193536876
-0.00021118706138389953	0.0014013845558005222	-0.003918276305971968	-8.666444247085181e-05	-0.009825124994665924	0.015523259197762984	0.00011590165948294207	0.0037339332197956487
0.0010370009297657745	0.0021502973504905487	-0.0027949071139372617	3.815435664389355e-05	-0.010199581392010382	0.016022534394223076	-8.917139632247384e-06	0.004794893012273205
-0.0012097374543038608	0.0030240289442957646	-0.0019835849196900845	3.815435664389355e-05	-0.010698856588470695	0.015835306195550736	5.349225992579143e-05	0.004794893012273205
-0.001396965652976201	0.0038977605381005365	-0.0012970815245572087	-0.00014907384202844653	-0.009887534394223518	0.015273621599533493	-8.917139632247384e-06	0.004607664813600865
0.0004129069341904934	0.004209807535887622	-0.0014843097232299929	0.0001629731557595271	-0.010324400191125793	0.015460849798205833	-7.132653918895393e-05	0.004982121210945989
-0.000336005860499089	0.00352330414075519	-0.0019835849196900845	0.00022538255531645568	-0.00951307799687795	0.015336030999090644	0.0003031298581555042	0.004607664813600865
0.0007873633315353956	0.0028368007456229805	-0.002919725913052007	-0.00021148324158604126	-0.009388259197763427	0.013463749012366355	-0.0002585547378617381	0.0029850204251065104
-0.000336005860499089	0.002275116149605294	-0.0032317729108395366	-2.4255042913257086e-05	-0.009138621599533492	0.014399890005728277	0.00024072045859835356	0.0022985170299740787
0.0021603701218009252	0.001463793955358117	-0.003918276305971968	0.00022538255531645568	-0.008888984001303557	0.01340133961280876	-0.0002585547378617381	0.0015496042352836081
-0.0006480528582861744	0.0012765657566857769	-0.003731048107299628	0.00022538255531645568	-0.009076212199975897	0.014275071206613976	0.00017831105904075883	0.002610564027761164
0.001349047927553304	0.0015886127544733064	-0.0028573165134944123	0.00010056375620193236	-0.009138621599533492	0.013650977211038695	-8.917139632247384e-06	0.002860201625991321
0.00035049753463378686	0.0027743913460653857	-0.001671537921902111	-8.666444247085181e-05	-0.008826574601745962	0.013526158411923506	-8.917139632247384e-06	0.003047429824663217
-0.001147328054746266	0.00333607594208285	-0.001234672125000058	3.815435664389355e-05	-0.00951307799687795	0.014025433608383375	0.00011590165948294207	0.004295617815813335
0.0006001351328632776	0.003585713540312785	-0.0012970815245572087	0.00010056375620193236	-0.009700306195550734	0.013650977211038695	-8.917139632247384e-06	0.003983570818026028
-0.0013345562534186062	0.004209807535887622	-0.0011098533258853127	3.815435664389355e-05	-0.009325849798205832	0.014399890005728277	0.00011590165948294207	0.004295617815813335
0.0005377257333056829	0.0030864383438529153	-0.002545269515707327	-0.00021148324158604126	-0.010886084787143036	0.014524708804843467	0.00011590165948294207	0.0034218862220083412
-0.0005232340591714291	0.003148847743410066	-0.002919725913052007	3.815435664389355e-05	-0.010574037789355506	0.016022534394223076	-7.132653918895393e-05	0.002610564027761164
0.001161819728880964	0.002275116149605294	-0.0042927327033168705	0.0001629731557595271	-0.010511628389797911	0.017645178782717874	0.0003031298581555042	0.002672973427318537
-0.0001487776618263048	0.0013389751562433716	-0.005104054897564492	-0.00021148324158604126	-0.011010903586257781	0.016646628389798357	-0.00032096413741933283	0.0014247854361688628
-0.0003984152600566837	0.001463793955358117	-0.0046047797011044	-8.666444247085181e-05	-0.01076126598802829	0.016958675387585886	-7.132653918895393e-05	0.0020488794317437
0.0006001351328632776	0.0020254785513755813	-0.0029821353126091577	0.00022538255531645568	-0.010511628389797911	0.01770758818227547	0.00017831105904075883	0.002672973427318537
-0.0008976904565167754	0.00333607594208285	-0.0028573165134944123	3.815435664389355e-05	-0.011322950584045088	0.017333131784930345	0.00011590165948294207	0.003484295621566158
-0.00027359646094149426	0.003960169937657243	-0.0016091285223447382	-0.00014907384202844653	-0.012071863378735559	0.017021084787142593	-0.00038337353697692755	0.005106940010060512
-0.001147328054746266	0.005083539129692394	-0.0009226251272125285	0.0003502013544320892	-0.011447769383160722	0.01783240698139066	-0.0004457829365340782	0.003671523820238498
0.00010085993640340796	0.004459445134117335	-0.0017339473214599277	-0.00033630204070034253	-0.011198131784930343	0.015710487396435546	-8.917139632247384e-06	0.0037339332197956487
-0.0012097374543038608	0.004022579337214838	-0.0017963567210173004	3.815435664389355e-05	-0.011135722385373192	0.014337480606170683	-7.132653918895393e-05	0.002860201625991321
0.0014114573271104547	0.00352330414075519	-0.0029821353126091577	0.00022538255531645568	-0.00957548739643621	0.015336030999090644	0.0003031298581555042	0.002173698230858445
0.0018483231240129516	0.0011517469575705874	-0.005603330094024139	-0.00021148324158604126	-0.01044921899024076	0.013775796010153885	-0.00019614533830458747	0.0010503290388237385
-2.3958862711559448e-05	0.0005276529619959724	-0.004854417299334113	-8.666444247085181e-05	-0.01001235319333782	0.014774346403073846	-0.00013373593874699274	0.0007382820410368751
0.0014738667266680494	0.0010269281584560641	-0.00410550450464453	0.0003502013544320892	-0.009388259197763427	0.015523259197762984	0.00042794865727024956	0.0014871948357264575
-0.00046082465961427843	0.0019006597522603919	-0.0034814105090692493	-0.00014907384202844653	-0.011073312985815376	0.015273621599533493	-0.00013373593874699274	0.002860201625991321
-8.636826226915417e-05	0.002711981946508013	-0.0021708131183619805	3.815435664389355e-05	-0.012134272778293154	0.017021084787142593	0.00017831105904075883	0.004607664813600865
-0.0013345562534186062	0.004958720330577204	-0.001671537921902111	0.0001629731557595271	-0.015754017952626986	0.020952876959265065	-0.00032096413741933283	0.004482846014486119
-0.0010849186551891155	0.005083539129692394	-0.0005481687298676263	3.815435664389355e-05	-0.015878836751741954	0.022138655550857367	0.0003031298581555042	0.005793443405193166
-0.0018962408494362926	0.006082089522612577	-0.001671537921902111	3.815435664389355e-05	-0.014505829961477534	0.020828058160149876	-0.00013373593874699274	0.004045980217583178
-0.0009600998560734819	0.004334626335002811	-0.002545269515707327	0.0001629731557595271	-0.011322950584045088	0.018955776173425587	0.00024072045859835356	0.003047429824663217
0.0018483231240129516	0.0036481229398701576	-0.0046047797011044	-8.666444247085181e-05	-0.01076126598802829	0.016084943793781115	-0.00013373593874699274	0.0010503290388237385
-0.0003984152600566837	0.003148847743410066	-0.004043095105086492	3.815435664389355e-05	-0.010324400191125793	0.01758276938316028	5.349225992579143e-05	0.0007382820410368751
0.001785913724455357	0.0032112571429676606	-0.004979236098449302	0.00022538255531645568	-0.011447769383160722	0.017645178782717874	0.00011590165948294207	0.0009879196392663658
-0.0006480528582861744	0.0026495725469499742	-0.0029821353126091577	-8.666444247085181e-05	-0.01094849418670063	0.016771447188913102	-0.00019614533830458747	0.001362376036611268
0.0005377257333056829	0.0028368007456229805	-0.0028573165134944123	-2.4255042913257086e-05	-0.010199581392010382	0.01390061480926863	0.0003655392577130989	0.0022985170299740787
-0.0005232340591714291	0.0040849887367724325	-0.0011098533258853127	-0.00021148324158604126	-0.011759816380947807	0.014337480606170683	-0.00032096413741933283	0.001799241833513987
-0.0005856434587290238	0.00352330414075519	-0.0014843097232299929	3.815435664389355e-05	-0.01294559497254033	0.015273621599533493	5.349225992579143e-05	0.003297067422893152
-8.636826226915417e-05	0.004397035734560406	-0.0009850345267701233	0.00022538255531645568	-0.013257641970327416	0.017021084787142593	0.00017831105904075883	0.0024857452286464188
-0.0013345562534186062	0.0040849887367724325	-0.0034190011095116546	-0.00033630204070034253	-0.014131373564132632	0.017083494186700188	-0.00013373593874699274	0.0022985170299740787
0.0006625445324208723	0.0036481229398701576	-0.0036686387077420335	-8.666444247085181e-05	-0.013632098367672763	0.017395541184488383	-0.0002585547378617381	0.0011127384383813332
-0.00021118706138389953	0.0032736665425252554	-0.004167913904202125	0.0003502013544320892	-0.011572588182275467	0.01808204457962037	0.0004903580568278443	-0.00026026835188308617
0.002035551322685736	0.0020254785513755813	-0.005915377091811669	-8.666444247085181e-05	-0.011260541184488382	0.015148802800418748	5.349225992579143e-05	-0.0012588187448030475
0.00010085993640340796	0.000402834162880783	-0.00479200789977674	-0.00014907384202844653	-0.004021050835819384	0.006161849264139985	-0.00013373593874699274	-0.0013212281443606422
0.0021603701218009252	0.0003404247633231883	-0.004167913904202125	0.0002877919548740504	0.0021574797203716134	-0.0020137820778909354	0.0003031298581555042	-0.0014460469434760537
0.0010994103293229252	-0.00022125983269427607	0.0013241132568571068	-0.00021148324158604126	0.006713365888068479	-0.012685789402221426	-0.0002585547378617381	-0.002007731539493074
0.00035049753463378686	0.0019006597522603919	0.0047566302325188214	-8.666444247085181e-05	0.007836735080103407	-0.018677091759740527	-0.00019614533830458747	-0.0005723153496708377
0.0020979607222424423	0.0023999349487204835	0.007003368616588679	0.0004750201535468346	0.007961553879218597	-0.020362145547792476	0.00042794865727024956	0.0009255102397087711
0.00010085993640340796	0.0009021093593404306	0.005505543027208848	-0.00033630204070034253	0.007774325680546035	-0.022983340329207014	-0.0002585547378617381	0.0003014162441343782
0.0025348265191458275	-0.002343179417648722	0.0032588046431392126	-0.00021148324158604126	0.008523238475235617	-0.022546474532304517	-0.0002585547378617381	-0.0023197785372808255
0.0023475983204728212	-0.0055884681946383186	-0.0013594909241148034	3.815435664389355e-05	0.009147332470810898	-0.01936359515487296	0.0003031298581555042	-0.004441698122235049
0.004843974302772613	-0.009145803969414779	-0.006165014690041604	0.0001629731557595271	0.006026862492936491	-0.008005084435409815	-0.00032096413741933283	-0.006064342510729626
0.0021603701218009252	-0.012016636349059029	-0.008723800071898102	0.0001629731557595271	0.005589996696034216	-0.0057583460513397355	-8.917139632247384e-06	-0.005315429716040043
0.003470967512508194	-0.010331582561007524	-0.0004857593303100316	-2.4255042913257086e-05	0.0061516812920510144	-0.007817856236737253	-8.917139632247384e-06	-0.0036303759279878722
-0.0001487776618263048	0.0002156059642084429	0.0070657780161460515	0.00010056375620193236	0.007337459883643316	-0.014058796192486067	-8.917139632247384e-06	-0.0015084563430327602
-0.002208287847223378	0.007018230515974944	0.013431536771010055	-8.666444247085181e-05	0.008710466673908623	-0.021235877141597248	-8.917139632247384e-06	0.0010503290388237385
-0.0008352810569587366	0.009951472295176567	0.015366228157291939	0.0001629731557595271	0.009459379468598206	-0.024044300121684348	-0.00013373593874699274	0.001612013634841647
-0.0008352810569587366	0.008578465504912147	0.010560704391366027	0.00010056375620193236	0.008835285473022925	-0.02129828654115462	0.00011590165948294207	-0.0027566443341826563
0.002784464117375318	0.0015262033549157117	0.0007624286608396424	3.815435664389355e-05	0.006650956488510884	-0.013497111596468825	-8.917139632247384e-06	-0.006376389508517155
0.0029716923160481024	-0.00627497158977075	-0.009784759864375658	-0.00014907384202844653	0.004341808704884098	0.004351976676973068	0.00042794865727024956	-0.00912240308904666
0.00596734349480732	-0.012578320945076715	-0.015838471621452355	-0.00033630204070034253	0.003530486510636477	0.0053505270698925855	-0.0002585547378617381	-0.010308181680639183
0.0035333769120657887	-0.015573972123835933	-0.007974887277208742	-2.4255042913257086e-05	0.003967352307538974	-0.00014150009116620232	-7.132653918895393e-05	-0.007187711702764776
-0.0012097374543038608	-0.003341729810568239	0.0053807242280938805	0.0001629731557595271	0.0052779496982460206	-0.009752547623019359	0.00024072045859835356	-0.002007731539493074
-0.0017090126507639525	0.005083539129692394	0.015178999958619155	-8.666444247085181e-05	0.005777224894706112	-0.02192238053672968	-0.00019614533830458747	0.0020488794317437
-0.003893341635275771	0.010700385089866149	0.02004693312410355	-0.00014907384202844653	0.005777224894706112	-0.02772645469557622	-7.132653918895393e-05	0.005231758809175258
-0.0012721468538614555	0.010388338092078842	0.015865503353751587	3.815435664389355e-05	0.003717714709308817	-0.02410670952124172	-0.00013373593874699274	0.001612013634841647
-0.00027359646094149426	0.004147398136330027	0.003758079839599082	0.00010056375620193236	0.0009717011287797561	-0.011687239009301242	5.349225992579143e-05	-0.0037551947271028396
0.00384542390985243	-0.0051516023977356	-0.010658491458180874	0.00010056375620193236	-0.005082010628296718	0.018830957374310175	-8.917139632247384e-06	-0.007686986899224646
0.004095061508082587	-0.01245350214596197	-0.020893632985608868	0.00022538255531645568	-0.004707554230951816	0.02407334693713903	0.00017831105904075883	-0.009808906484179092
0.005842524695692131	-0.01463783113047401	-0.013654142636939648	-0.00033630204070034253	-0.0037090038380318546	0.018206863378735116	-0.0002585547378617381	-0.008186262095684294
0.0009121821306505851	-0.0005333068304811395	0.001074475658626728	0.0001629731557595271	-0.0018367218513075656	0.004913661272990755	5.349225992579143e-05	-0.0019453221399354792
-0.003269247639701156	0.00938978769915888	0.015428637556849534	0.0001629731557595271	0.0008468823296645667	-0.011000735614169255	0.00017831105904075883	0.004295617815813335
-0.0033316570392583067	0.015006633659333302	0.022418490307288375	-2.4255042913257086e-05	0.0023447079190446196	-0.023108159128322203	-0.00013373593874699274	0.007665725391917677
-0.004267798032620673	0.013633626869068438	0.02004693312410355	-0.00021148324158604126	0.002656754916831705	-0.024793212916374152	-0.00019614533830458747	0.004295617815813335
0.00010085993640340796	0.006394136520400107	0.00900046940242838	0.00022538255531645568	0.002282298519487025	-0.016492762775228487	-7.132653918895393e-05	-0.0017580939412631391
0.0009745915302081798	-0.0036537768083555466	-0.005915377091811669	-0.00014907384202844653	-0.002960091043341828	0.013089292615021453	0.00011590165948294207	-0.006189161309844815
0.004656746104100051	-0.012016636349059029	-0.016649793815699532	-2.4255042913257086e-05	-0.003396956840244769	0.01982950776723036	-7.132653918895393e-05	-0.00881035609125913
0.0035333769120657887	-0.013951327735342023	-0.011469813652428051	0.00022538255531645568	-0.0013998560544050687	0.0163969907915682	0.00017831105904075883	-0.007874215097896764
-0.0008352810569587366	9.078716509325346e-05	0.0011992944577419173	-0.00039871144025793726	3.5560135417611605e-05	0.004039929679185983	-0.0002585547378617381	-0.003006281932412813
-0.0012097374543038608	0.010700385089866149	0.014617315362601913	0.00010056375620193236	0.0017830233230269332	-0.009627728823904613	5.349225992579143e-05	0.0027353828268761315
-0.004891892028195954	0.01712855324428797	0.02235608090773078	-2.4255042913257086e-05	0.003093620713734202	-0.01824022596283781	0.00011590165948294207	0.0067295843985553105
-0.003019610041470777	0.0166292780478281	0.02054620832056364	0.00010056375620193236	0.0021574797203716134	-0.01942600455443011	-8.917139632247384e-06	0.0054813964074056365
-0.0025203348450106855	0.009889062895619194	0.010435885592250393	-2.4255042913257086e-05	0.0009092917292226055	-0.012436151803991713	-0.00019614533830458747	-0.0003850871509980536
0.0012866385279957093	0.0004652435624381557	-0.0034814105090692493	-8.666444247085181e-05	-0.0013998560544050687	0.010967373030066785	0.00017831105904075883	-0.004504107521792644
0.0020979607222424423	-0.007647978380034726	-0.013404505038709935	-8.666444247085181e-05	-0.0022111782486522458	0.015336030999090644	-0.00013373593874699274	-0.007437349300994267
0.004219880307197776	-0.011766998750829094	-0.012218726447118078	-0.00021148324158604126	-0.0005885338601574475	0.011778695224313962	-0.00013373593874699274	-0.007062892903649587
0.0022851889209152265	-0.0030296828127811537	-0.002045994319247235	0.0001629731557595271	0.0015957951243545931	0.0014187348977707792	0.00011590165948294207	-0.0035055571288726828
-0.001147328054746266	0.0038977605381005365	0.008750831804198445	0.00010056375620193236	0.003468077111078882	-0.010127004020364483	0.00017831105904075883	0.0010503290388237385
-0.0012097374543038608	0.008516056105354108	0.014929362360389664	-2.4255042913257086e-05	0.0034056677115221756	-0.01786576956549335	-8.917139632247384e-06	0.0033594768224511906
-0.0029572006419134045	0.009015331301813978	0.01405563076658467	-8.666444247085181e-05	0.0023447079190446196	-0.017803360165935755	-0.00013373593874699274	0.003484295621566158
-8.636826226915417e-05	0.005083539129692394	0.007440234413490732	0.00022538255531645568	0.00022278833409017373	-0.01043905101815179	-0.00019614533830458747	0.00023900684457678345
-0.0003984152600566837	-0.0007205350291539236	-0.002670088314822072	-0.000273892641143636	-0.0033345474406871745	0.009469547440686732	5.349225992579143e-05	-0.002631825535067911
0.002784464117375318	-0.00552605879508028	-0.010221625661277933	-2.4255042913257086e-05	-0.002960091043341828	0.014212661807055937	5.349225992579143e-05	-0.004566516921350017
0.001785913724455357	-0.007647978380034726	-0.009909578663490848	3.815435664389355e-05	-0.0026480440455542986	0.01127942002785387	-7.132653918895393e-05	-0.004504107521792644
0.0006625445324208723	-0.0016566760225158461	-0.002919725913052007	-2.4255042913257086e-05	-0.0009629902575023497	0.004039929679185983	5.349225992579143e-05	-0.002382187936837532
0.0009121821306505851	0.0023999349487204835	0.004070126837386834	0.0001629731557595271	9.796953497498428e-05	-0.004385339261075316	-7.132653918895393e-05	-1.0630753653595448e-05
-0.0012097374543038608	0.004771492131904864	0.008813241203755595	0.00022538255531645568	0.0012837481265668416	-0.010002185221249293	0.0003031298581555042	0.00223610763041604
-8.636826226915417e-05	0.003398485341640445	0.007689872011721111	-0.00021148324158604126	0.0007220635305500434	-0.012560970603106014	-0.0002585547378617381	0.00036382564369130677
-0.0010225092556315207	0.0006524717611109399	0.0035084422413695915	-0.00021148324158604126	0.0008468823296645667	-0.009066044227886927	0.00017831105904075883	-0.0012588187448030475
0.0019107325235705463	-0.002967273413223559	-0.0014843097232299929	0.0002877919548740504	0.0009717011287797561	0.001044278500425877	-8.917139632247384e-06	-0.0031935101310855973
0.0009121821306505851	-0.00552605879508028	-0.006165014690041604	3.815435664389355e-05	0.001221338727010135	0.00291656048715061	-0.00013373593874699274	-0.004254469923562709
0.002784464117375318	-0.005838105792867587	-0.0046047797011044	0.00041261075398923985	0.0024071173186022143	0.00254210408980593	0.00042794865727024956	-0.003068691331969964
0.0021603701218009252	-0.0017814948216310356	-0.0015467191227871435	-0.00014907384202844653	0.0025319361177169597	-0.003386788868155799	-0.00013373593874699274	-0.0028814631332976237
3.845053684581323e-05	0.0002156059642084429	0.0026347106475643756	-2.4255042913257086e-05	0.004029761707097013	-0.008566769031426835	-8.917139632247384e-06	-0.0014460469434760537
0.0015362761262256441	0.0007148811606685346	0.005068677230306795	0.00022538255531645568	0.004965902700458935	-0.011999286007089216	0.00017831105904075883	-0.0007595435483431778
-0.0003984152600566837	-0.0005333068304811395	0.004382173835173919	-0.00021148324158604126	0.004404218104441693	-0.013185064598681295	-7.132653918895393e-05	-0.0016956845417055444
0.0014738667266680494	-0.0022183606185339766	0.0022602542502192513	-0.00014907384202844653	0.003343258311964581	-0.011063145013726627	5.349225992579143e-05	-0.0016956845417055444
3.845053684581323e-05	-0.0030920922123387484	0.00045038166305233496	0.00010056375620193236	0.0017206139234697826	-0.0017641444796610006	0.0003031298581555042	-0.0017580939412631391
0.0018483231240129516	-0.0030920922123387484	-0.0006729875289823717	-0.00021148324158604126	0.000347607133204475	-0.00020390949072379705	-0.00019614533830458747	-0.001570865742590355
-0.000336005860499089	-0.0020311324198611924	0.0008872474599548319	3.815435664389355e-05	0.0002851977336468803	0.0002329563061786999	-8.917139632247384e-06	-0.0008843623474583673
-0.0008976904565167754	0.0027743913460653857	0.0026347106475643756	3.815435664389355e-05	0.00047242593231966445	-0.0005159564885108825	5.349225992579143e-05	0.0003014162441343782
0.0006625445324208723	0.003585713540312785	0.003758079839599082	0.00010056375620193236	0.0005972447314344098	-0.0022010102765632755	-8.917139632247384e-06	0.0004886444428069403
-0.0010225092556315207	0.0032112571429676606	0.0035084422413695915	-2.4255042913257086e-05	0.0007220635305500434	-0.0028875136716957073	-8.917139632247384e-06	0.00036382564369130677
0.0008497727310936565	0.0018382503527027971	0.00250989184844963	0.00010056375620193236	0.00047242593231966445	-0.002575466673908622	-7.132653918895393e-05	-0.00019785895232549144
-0.00027359646094149426	0.0005900623615533451	0.0017609790537596037	0.00022538255531645568	0.0010965199278945015	-0.0016393256805460332	-0.00038337353697692755	-0.0016956845417055444
0.0010994103293229252	-0.0009701726273834144	0.0001383346652652495	-0.000273892641143636	0.0012837481265668416	-0.0023882384752356156	5.349225992579143e-05	-0.0010715905461302633
-0.00027359646094149426	-0.0005333068304811395	0.001261703857299512	-8.666444247085181e-05	0.0009092917292226055	-0.0036364264663852897	-0.00032096413741933283	-0.0010091811465731126
0.0009121821306505851	0.0003404247633231883	0.0035084422413695915	0.0003502013544320892	0.0017206139234697826	-0.003324379468598204	0.00042794865727024956	0.0004886444428069403
0.0004753163337480881	0.002087887950932954	0.003383623442253958	-2.4255042913257086e-05	0.0007220635305500434	-0.0038860640646152245	-7.132653918895393e-05	5.1778645903999276e-05
-0.0008976904565167754	0.0022127067500481434	0.0026971200471219703	0.00010056375620193236	0.0009717011287797561	-0.002700285473023367	0.00011590165948294207	0.0004886444428069403
0.0010994103293229252	0.0009645187588980253	0.0011368850581843226	0.00022538255531645568	0.0009092917292226055	-0.001888963278775746	0.00011590165948294207	-0.0003226777514406809
-0.0003984152600566837	-0.0005333068304811395	-0.0009226251272125285	-0.000273892641143636	0.00047242593231966445	-0.0010776410845285689	-0.00013373593874699274	-0.0016332751421483938
0.0012866385279957093	-0.001469447823843506	-0.0017339473214599277	-0.00014907384202844653	0.000160378934532579	-0.00020390949072379705	0.0003031298581555042	-0.0008843623474583673
0.0002256787355185974	-0.0010325820269414532	-0.0005481687298676263	0.00022538255531645568	0.00041001653276206973	-0.002138600877006125	-0.00013373593874699274	-0.0010715905461302633
0.0012866385279957093	-0.0007829444287115184	0.00020074406482240015	-0.00014907384202844653	0.0007844729301069719	-0.0034491982677133937	-7.132653918895393e-05	-0.0001354495527687849
-0.0005856434587290238	0.000402834162880783	0.0032588046431392126	3.815435664389355e-05	0.0008468823296645667	-0.00475979565842044	-7.132653918895393e-05	0.00017659744501874464
-0.0005856434587290238	0.0017134315535884959	0.0035084422413695915	0.00010056375620193236	0.0012837481265668416	-0.0045101580601900615	0.00024072045859835356	0.0006134632419216857
0.0007873633315353956	0.0007148811606685346	0.001885797852874349	-0.000273892641143636	0.000347607133204475	-0.0038860640646152245	-0.00019614533830458747	-0.00026026835188308617
-0.0005232340591714291	0.0002156059642084429	0.00038797226349474023	3.815435664389355e-05	0.0005348353318772592	-0.0013896880823160984	5.349225992579143e-05	-0.00026026835188308617
0.0016610949253406115	-0.0006581256295963289	-0.0009226251272125285	0.0002877919548740504	0.0009092917292226055	0.00010813750706351044	0.00024072045859835356	-0.0013212281443606422
-0.0001487776618263048	-0.0013446290247287607	-0.0019211755201324898	-0.00021148324158604126	0.0006596541309924486	0.00010813750706351044	-0.00013373593874699274	-0.001570865742590355
0.0014114573271104547	-0.0011574008260559765	-0.001234672125000058	3.815435664389355e-05	0.0020950703208144628	-0.00207619147744853	0.0003031298581555042	-0.0006347247492284325
-2.3958862711559448e-05	2.8377765536102828e-05	0.0008248380603974592	-0.00014907384202844653	0.0013461575261244363	-0.004884614457535408	-0.0002585547378617381	-0.0010091811465731126
0.0009745915302081798	2.8377765536102828e-05	0.002946757645351461	-2.4255042913257086e-05	0.0017206139234697826	-0.005695936651782585	5.349225992579143e-05	-0.00019785895232549144
0.0008497727310936565	0.000402834162880783	0.002322663649776846	-8.666444247085181e-05	0.0009717011287797561	-0.005883164850454925	-0.00032096413741933283	-0.0006971341487855831
-2.3958862711559448e-05	0.0001531965646508482	0.001948207252432388	0.0002877919548740504	0.0014709763252394037	-0.0036364264663852897	0.00042794865727024956	-1.0630753653595448e-05
0.001349047927553304	-0.0013446290247287607	-0.000610578129425221	-2.4255042913257086e-05	-2.6849264140205165e-05	-0.002138600877006125	-0.00013373593874699274	-0.0012588187448030475
-2.3958862711559448e-05	-0.0015942666229586955	-0.0019211755201324898	-2.4255042913257086e-05	-0.00033889626192751265	0.000857050301753981	5.349225992579143e-05	-0.0012588187448030475
0.0017235043248982063	-0.001719085422073885	-0.0023580413170345427	0.0001629731557595271	-0.0007757620588297875	0.0028541510875934595	-7.132653918895393e-05	-0.0010715905461302633
-0.00027359646094149426	-0.0013446290247287607	-0.0024204507165923594	-0.00014907384202844653	-0.0011502184561746898	0.002292466491575773	-8.917139632247384e-06	-0.000946771747015962
0.0012866385279957093	-0.00047089743092398884	-0.0011722627254420193	-2.4255042913257086e-05	-0.0005885338601574475	0.0009194597013111316	-0.00013373593874699274	-0.0003850871509980536
-0.0005232340591714291	0.00027801536376559355	0.0013865226564142574	0.0003502013544320892	9.796953497498428e-05	-0.00045354708895373186	0.0003655392577130989	-1.0630753653595448e-05
-0.0005232340591714291	0.0003404247633231883	0.001261703857299512	-0.00014907384202844653	-0.0002140774628127673	-0.0015145068814306217	-8.917139632247384e-06	-0.00026026835188308617
0.0010370009297657745	-0.00015885043313668135	0.0008872474599548319	-0.00014907384202844653	-0.0005261244606002968	-0.0013896880823160984	-0.00019614533830458747	-0.0007595435483431778
-0.00027359646094149426	-9.644103357864253e-05	0.000637609861724675	0.00010056375620193236	-0.00033889626192751265	4.5728107506359805e-05	5.349225992579143e-05	-0.0003226777514406809
0.0017235043248982063	-9.644103357864253e-05	0.0002631534643795508	0.0004750201535468346	-8.925866369757784e-05	0.001044278500425877	0.00042794865727024956	-0.000946771747015962
-0.000336005860499089	-0.00040848803136661616	-0.0005481687298676263	-0.00021148324158604126	-0.00033889626192751265	0.0012315066990986612	-0.00019614533830458747	-0.0011339999456887462
0.0010994103293229252	9.078716509325346e-05	-0.00042334993075288097	-2.4255042913257086e-05	0.0002851977336468803	0.0020428288933458383	0.0003031298581555042	-0.00026026835188308617
-0.00021118706138389953	0.0010893375580132147	0.0007000192612822698	3.815435664389355e-05	-0.0004013056614851074	0.0011066878999834717	-8.917139632247384e-06	-0.00044749655055587034
0.0008497727310936565	0.0012765657566857769	0.0015737508550868196	-8.666444247085181e-05	-0.0004013056614851074	0.0007946409021963863	-0.00013373593874699274	-1.0630753653595448e-05
0.0009745915302081798	0.002087887950932954	0.002322663649776846	0.0002877919548740504	9.796953497498428e-05	0.0002953657057362946	0.0003031298581555042	0.0003014162441343782
-0.0012097374543038608	0.0012141563571284042	0.0016361602546444143	-0.00039871144025793726	-0.0005261244606002968	-0.0008904128858564508	-0.00032096413741933283	-0.00019785895232549144
0.0009121821306505851	0.0013389751562433716	0.0018233884533171985	0.00010056375620193236	-0.00027648686236991793	-0.00082800348629819	5.349225992579143e-05	-7.304015321119017e-05
-0.0007728716574015859	0.0011517469575705874	0.001511341455529891	-8.666444247085181e-05	-0.00033889626192751265	-0.00020390949072379705	-7.132653918895393e-05	5.1778645903999276e-05
0.001161819728880964	0.0009645187588980253	0.001261703857299512	0.0002877919548740504	-2.6849264140205165e-05	0.0002329563061786999	-8.917139632247384e-06	-0.00026026835188308617
-0.0006480528582861744	0.0007148811606685346	0.0007624286608396424	-8.666444247085181e-05	3.5560135417611605e-05	-0.00045354708895373186	-0.0002585547378617381	-0.0006347247492284325
0.0009745915302081798	0.0006524717611109399	0.00038797226349474023	0.0001629731557595271	0.0010341105283373508	-0.00039113768939613713	0.00024072045859835356	-0.00026026835188308617
-0.000336005860499089	0.0008396999597832799	0.0002631534643795508	-0.000273892641143636	0.0005972447314344098	-0.0018265538792181513	-0.00032096413741933283	-0.0010715905461302633
-0.00046082465961427843	0.0004652435624381557	0.0008248380603974592	-2.4255042913257086e-05	0.001408566925682031	-0.0019513726783333407	5.349225992579143e-05	-0.00044749655055587034
0.001161819728880964	0.0002156059642084429	0.0009496568595124266	0.0001629731557595271	0.0014709763252394037	-0.0028251042721381125	-8.917139632247384e-06	-0.0006971341487855831
-2.3958862711559448e-05	0.0002156059642084429	0.0015737508550868196	0.00022538255531645568	0.002282298519487025	-0.003324379468598204	0.0003031298581555042	-0.0001354495527687849
0.0012242291284381146	-0.00047089743092398884	0.001261703857299512	-2.4255042913257086e-05	0.0019078421221421227	-0.0045101580601900615	-8.917139632247384e-06	-0.0008219529479007726
-0.00046082465961427843	-0.0005333068304811395	0.001074475658626728	-0.00014907384202844653	0.0017830233230269332	-0.004260520461960571	-8.917139632247384e-06	-0.0008219529479007726
0.0014114573271104547	-0.0005333068304811395	0.0011992944577419173	3.815435664389355e-05	0.0011589293274525403	-0.0026378760734653284	5.349225992579143e-05	-0.0006971341487855831
-0.0003984152600566837	-0.0005333068304811395	0.0008248380603974592	-8.666444247085181e-05	0.0007844729301069719	-0.00207619147744853	-7.132653918895393e-05	-0.0010091811465731126
0.0012242291284381146	-0.00040848803136661616	0.0005752004621670803	0.00010056375620193236	0.0009717011287797561	-0.0010776410845285689	0.00011590165948294207	-0.0005723153496708377
0.0012866385279957093	9.078716509325346e-05	0.0005127910626099297	0.0001629731557595271	0.0010965199278945015	-0.0013896880823160984	5.349225992579143e-05	-0.0006971341487855831
-0.000336005860499089	0.0003404247633231883	0.0008248380603974592	3.815435664389355e-05	0.0013461575261244363	-0.001701735080103406	0.00017831105904075883	-0.0005723153496708377
0.0010994103293229252	0.000402834162880783	0.0008248380603974592	3.815435664389355e-05	0.0012837481265668416	-0.0022010102765632755	-7.132653918895393e-05	-0.0007595435483431778
-0.00021118706138389953	0.0004652435624381557	0.001511341455529891	0.00010056375620193236	0.0019078421221421227	-0.002325829075678021	0.00024072045859835356	-0.0008843623474583673
0.0010370009297657745	-0.00022125983269427607	0.0010120662590700213	-0.00014907384202844653	0.001408566925682031	-0.0036364264663852897	5.349225992579143e-05	-0.00044749655055587034
-0.00027359646094149426	-0.00015885043313668135	0.001261703857299512	3.815435664389355e-05	0.0019078421221421227	-0.003823654665058074	-8.917139632247384e-06	-0.0007595435483431778
0.0014114573271104547	-0.0006581256295963289	0.0011368850581843226	-0.00014907384202844653	0.0016582045239117438	-0.004073292263288231	-7.132653918895393e-05	-0.0008219529479007726
-0.0003984152600566837	-0.0009701726273834144	0.0007000192612822698	3.815435664389355e-05	0.0019078421221421227	-0.004073292263288231	-8.917139632247384e-06	-0.0010091811465731126
-0.00021118706138389953	-0.0008453538282691131	0.00045038166305233496	-8.666444247085181e-05	0.0020950703208144628	-0.0038860640646152245	-7.132653918895393e-05	-0.0008843623474583673
0.0017235043248982063	-0.0006581256295963289	0.0007624286608396424	0.0002877919548740504	0.0025319361177169597	-0.0038860640646152245	0.00024072045859835356	-0.0008219529479007726
-0.0001487776618263048	-0.0007829444287115184	0.00045038166305233496	-0.00014907384202844653	0.0023447079190446196	-0.004135701662845381	5.349225992579143e-05	-0.0010091811465731126
0.0014114573271104547	-0.0008453538282691131	0.0003255628639371455	-2.4255042913257086e-05	0.0023447079190446196	-0.004260520461960571	-0.00013373593874699274	-0.0006347247492284325
0.00010085993640340796	-0.0006581256295963289	0.0007624286608396424	0.00022538255531645568	0.002843983115504045	-0.003574017066828139	-8.917139632247384e-06	-0.0011964093452454527
0.0014114573271104547	-0.0010949914264988259	0.0005127910626099297	3.815435664389355e-05	0.0017830233230269332	-0.003761245265500479	-8.917139632247384e-06	-0.0007595435483431778
-0.0001487776618263048	-0.0010325820269414532	0.0005752004621670803	0.00022538255531645568	0.0017206139234697826	-0.003386788868155799	0.00024072045859835356	-0.0005723153496708377
0.0015362761262256441	-0.0009701726273834144	0.00038797226349474023	-0.00033630204070034253	0.0009092917292226055	-0.003823654665058074	-0.0002585547378617381	-0.0008843623474583673
0.0012866385279957093	-0.0008453538282691131	0.0008248380603974592	0.00010056375620193236	0.0010341105283373508	-0.0034491982677133937	5.349225992579143e-05	-0.0006347247492284325
-0.0005232340591714291	-0.0006581256295963289	0.0008872474599548319	-2.4255042913257086e-05	0.0013461575261244363	-0.003199560669483237	-7.132653918895393e-05	-0.0005723153496708377
0.0012242291284381146	-0.0006581256295963289	0.0008872474599548319	3.815435664389355e-05	0.0016582045239117438	-0.003324379468598204	-8.917139632247384e-06	-0.0008219529479007726
-0.00021118706138389953	-0.00022125983269427607	0.001074475658626728	-2.4255042913257086e-05	0.0019702515216992733	-0.0032619700690408315	0.00011590165948294207	-0.0011339999456887462
0.0012242291284381146	-0.00034607863180902143	0.0008248380603974592	-2.4255042913257086e-05	0.0017206139234697826	-0.0034491982677133937	0.00011590165948294207	-0.0006971341487855831
-0.00027359646094149426	-0.00022125983269427607	0.0011992944577419173	3.815435664389355e-05	0.0015957951243545931	-0.0036988358659428844	-7.132653918895393e-05	-0.0012588187448030475
0.001161819728880964	-0.00047089743092398884	0.0008872474599548319	-8.666444247085181e-05	0.001845432722584528	-0.003761245265500479	-8.917139632247384e-06	-0.000946771747015962
-0.0003984152600566837	-0.00040848803136661616	0.0013865226564142574	0.00010056375620193236	0.0019702515216992733	-0.004073292263288231	-7.132653918895393e-05	-0.0011339999456887462
-0.000336005860499089	-0.00047089743092398884	0.0015737508550868196	0.00010056375620193236	0.0023447079190446196	-0.004073292263288231	0.00024072045859835356	-0.0008219529479007726
0.0012242291284381146	-0.0007829444287115184	0.0011992944577419173	-0.00014907384202844653	0.0020950703208144628	-0.004572567459747656	-0.00013373593874699274	-0.0014460469434760537
-0.0007728716574015859	-0.0007205350291539236	0.0010120662590700213	-0.000273892641143636	0.0019702515216992733	-0.004135701662845381	-0.0002585547378617381	-0.0013836375439180149
0.0014738667266680494	-3.40316340214919e-05	0.0017609790537596037	0.0005374295531039852	0.002843983115504045	-0.002949923071253302	0.0004903580568278443	-0.0013212281443606422
-0.0007728716574015859	-0.00034607863180902143	0.0009496568595124266	-0.000273892641143636	0.001845432722584528	-0.0030123324708104526	-7.132653918895393e-05	-0.0011964093452454527
0.0009745915302081798	9.078716509325346e-05	0.001074475658626728	-2.4255042913257086e-05	0.001845432722584528	-0.0016393256805460332	0.00011590165948294207	-0.0007595435483431778
-0.0005232340591714291	0.0005276529619959724	0.0013241132568571068	-2.4255042913257086e-05	0.0012837481265668416	-0.001888963278775746	-7.132653918895393e-05	-0.0010091811465731126
0.0009745915302081798	0.000402834162880783	0.0013865226564142574	-2.4255042913257086e-05	0.0012837481265668416	-0.0015769162809884385	0.00011590165948294207	-0.0005723153496708377
0.0007873633315353956	0.000402834162880783	0.001074475658626728	-8.666444247085181e-05	0.0008468823296645667	-0.0017641444796610006	-0.00019614533830458747	-0.0008219529479007726
-0.0005856434587290238	0.0005900623615533451	0.0014489320559722962	3.815435664389355e-05	0.0011589293274525403	-0.0012024598836437583	0.00011590165948294207	-0.0003226777514406809
0.0009121821306505851	0.0001531965646508482	0.001074475658626728	-8.666444247085181e-05	0.0006596541309924486	-0.0018265538792181513	-0.00013373593874699274	-0.0007595435483431778
-0.0007104622578437692	0.0004652435624381557	0.0013241132568571068	3.815435664389355e-05	0.0009717011287797561	-0.001452097481873249	-8.917139632247384e-06	-0.00019785895232549144
0.0009745915302081798	0.0005900623615533451	0.0015737508550868196	0.0001629731557595271	0.0011589293274525403	-0.001452097481873249	-0.00019614533830458747	-0.0003226777514406809
-0.0008352810569587366	0.0005900623615533451	0.001261703857299512	-0.000273892641143636	0.0009092917292226055	-0.001701735080103406	0.00011590165948294207	0.000114188045461594
0.0009745915302081798	0.0010269281584560641	0.001698569654202453	0.00010056375620193236	0.0008468823296645667	-0.0012024598836437583	0.00011590165948294207	0.0003014162441343782
-0.0006480528582861744	0.0010269281584560641	0.0009496568595124266	-8.666444247085181e-05	9.796953497498428e-05	-0.001701735080103406	-0.00019614533830458747	-0.0003226777514406809
-0.0003984152600566837	0.000402834162880783	0.0008872474599548319	-2.4255042913257086e-05	0.000347607133204475	-0.0012024598836437583	0.00011590165948294207	0.000114188045461594
0.001161819728880964	0.0001531965646508482	0.00038797226349474023	0.00010056375620193236	-2.6849264140205165e-05	-0.0010152316849709742	-8.917139632247384e-06	-0.0001354495527687849
-0.00027359646094149426	2.8377765536102828e-05	0.00045038166305233496	0.0001629731557595271	0.000347607133204475	-0.0005159564885108825	0.00024072045859835356	0.00017659744501874464
0.0010370009297657745	-0.0007205350291539236	-0.00017371233252250207	-8.666444247085181e-05	-0.00027648686236991793	-0.0013272786827580596	-0.00019614533830458747	0.000114188045461594
-0.00027359646094149426	-0.00022125983269427607	0.0002631534643795508	3.815435664389355e-05	-2.6849264140205165e-05	-0.0008904128858564508	5.349225992579143e-05	-1.0630753653595448e-05
0.001349047927553304	-0.0002836692322514267	0.00038797226349474023	0.00010056375620193236	-0.000713352659273081	-0.0013272786827580596	-0.00038337353697692755	-0.0003226777514406809
-0.0008976904565167754	-0.0005957162300387342	-0.00017371233252250207	0.00022538255531645568	-0.0002140774628127673	-0.0006407752876260719	0.00017831105904075883	5.1778645903999276e-05
0.0012866385279957093	-3.40316340214919e-05	-4.889353340753466e-05	-0.00014907384202844653	-0.00027648686236991793	-0.00039113768939613713	5.349225992579143e-05	-0.0001354495527687849
0.001161819728880964	-0.0005333068304811395	-0.0004857593303100316	3.815435664389355e-05	-0.0004637150610427021	-0.0002663188902813918	-0.00013373593874699274	-0.00044749655055587034
-0.00027359646094149426	-0.0005333068304811395	-0.00036094053119484215	3.815435664389355e-05	-2.6849264140205165e-05	0.0002953657057362946	0.00017831105904075883	-0.00026026835188308617
0.0012242291284381146	-0.0009077632278267078	-0.0007978063280975611	-8.666444247085181e-05	-0.00033889626192751265	-0.00020390949072379705	-0.00013373593874699274	-0.0010091811465731126
-0.000336005860499089	-0.0005957162300387342	-0.00042334993075288097	-2.4255042913257086e-05	-2.6849264140205165e-05	0.0002953657057362946	5.349225992579143e-05	-0.000509905950113243
0.0014114573271104547	-0.00022125983269427607	7.592526570676661e-05	0.0002877919548740504	9.796953497498428e-05	0.0004201845048505959	5.349225992579143e-05	-0.0005723153496708377
-0.0005232340591714291	-0.0002836692322514267	7.592526570676661e-05	-8.666444247085181e-05	-0.0005885338601574475	-0.00014150009116620232	-0.0002585547378617381	-0.0010091811465731126
0.0007873633315353956	-0.0002836692322514267	7.592526570676661e-05	0.00010056375620193236	-8.925866369757784e-05	0.0006698221030809748	0.00017831105904075883	-0.0003850871509980536
-0.0005232340591714291	0.000402834162880783	0.0007000192612822698	0.0002877919548740504	-2.6849264140205165e-05	0.0006698221030809748	0.00024072045859835356	-0.0003226777514406809
-0.0008976904565167754	0.00027801536376559355	0.0003255628639371455	-0.000273892641143636	-0.0004637150610427021	0.0006074127035233801	-0.00019614533830458747	-0.0006971341487855831
0.0008497727310936565	0.0006524717611109399	0.0005127910626099297	0.0001629731557595271	-0.00027648686236991793	0.001293916098656256	5.349225992579143e-05	-0.00044749655055587034
-0.0005856434587290238	0.0009021093593404306	0.0007624286608396424	0.0001629731557595271	3.5560135417611605e-05	0.0017307818955583087	0.00024072045859835356	-0.0001354495527687849
0.0005377257333056829	0.000402834162880783	7.592526570676661e-05	-0.000461120839815532	-0.0010253996570603885	0.0006698221030809748	-0.0005081923360916729	-0.0001354495527687849
-0.0007728716574015859	0.0009645187588980253	0.0008872474599548319	-8.666444247085181e-05	-0.00027648686236991793	0.0012315066990986612	-7.132653918895393e-05	-0.0003226777514406809
0.0007873633315353956	0.0010269281584560641	0.0009496568595124266	0.00010056375620193236	0.00047242593231966445	0.0004825939044090788	0.0003031298581555042	0.0003014162441343782
-0.0005856434587290238	0.0012765657566857769	0.0015737508550868196	-0.00021148324158604126	-2.6849264140205165e-05	-0.0005783658880689213	-0.00019614533830458747	-0.000509905950113243
0.0007249539319780229	0.0007772905602256852	0.0010120662590700213	-0.000273892641143636	9.796953497498428e-05	-0.0005783658880689213	-0.0002585547378617381	-0.0003226777514406809
0.0012866385279957093	0.0010893375580132147	0.0014489320559722962	0.00041261075398923985	0.0008468823296645667	-7.909069160882964e-05	0.0003655392577130989	0.00023900684457678345
-0.0007728716574015859	0.000402834162880783	0.0008248380603974592	-8.666444247085181e-05	0.0002851977336468803	-0.0005159564885108825	-7.132653918895393e-05	-0.00026026835188308617
