Sensor_1	Sensor_2	Sensor_3	Sensor_4	Sensor_5	Sensor_6	Sensor_7	Sensor_8
3.30627317806087e-05	0.0006734847196758764	-0.002174489577514871	0.00035192481939838594	0.0011346723353378163	-0.0013063113273104054	0.00037627154104291627	-0.0003304114927937807
0.0013436601224878775	0.0024833573068427928	0.0007587522016867521	-0.00020975977661974454	0.00013612194241807707	-0.002242452320672328	-0.00024782245453192076	-0.0012041430865985525
0.0019053447185051198	0.0023585385077280474	-0.00023979819123320922	0.0002895154198403471	0.0005105783397625352	-0.0014935395259827455	0.00031386214148532154	0.00010645430410849421
-0.000653440663351601	0.001984082110382701	-0.0010511203854803863	-8.494097750455509e-05	0.0005105783397625352	-0.002055224122000432	-0.00018541305497477012	-0.00020559269367859123
0.0015308883211602176	0.0007358941192332491	-0.0024865365753024005	0.0002895154198403471	0.0012594911344530058	-0.00118149252819566	0.00018904334237057618	0.0011050046970284555
-0.0004038030651221103	-7.54280750143721e-05	-0.0052949595553895	-0.0005218067744066079	0.0006353971388777246	-0.0014311301264249288	-0.000622278851877045	0.002665239685965659
0.0014684789216026228	0.0001742095232160068	-0.004171590363354349	0.00041433421895553657	0.0019459945295849934	-0.0004949891330632283	-0.00024782245453192076	0.0027900584850806265
-9.175606733413666e-05	-0.0013860254657211968	-0.006168691149194272	-0.00039698797529164054	0.0014467193331249018	6.669546295445805e-05	0.00012663394281275941	0.0030396960833110054
0.0019677541180627145	4.939072410126144e-05	-0.0052949595553895	-0.00020975977661974454	0.0009474441366650321	-0.000994264329522876	-0.0003102318540895155	0.0012922328957010176
-0.0007782594624665684	4.939072410126144e-05	-0.00261135537441759	0.0001646966207258238	0.001009853536223071	-5.8123336160509353e-05	0.0002514527419281709	0.0017290986926037366
3.30627317806087e-05	0.001609625713038021	-0.0016128049814976286	0.00010228722116822908	0.0008226253375505088	-0.0004949891330632283	0.0002514527419281709	0.0011674140965858282
0.00046992852868266155	0.0011103505165779293	-0.0005518451890202947	-0.0003345785757340458	-0.0003007438544846419	-0.0021176335215575826	-0.000622278851877045	-0.0008296866892538723
9.547213133798138e-05	0.0015472163134804262	-0.0006766639881352621	0.0002895154198403471	0.0005105783397625352	-0.0008070361308507579	0.0004386809406000669	0.0010425952974708608
0.0011564319238150933	0.0014223975143656808	-0.0021120801779574983	-8.494097750455509e-05	0.00044816894020494047	-0.001805586523770053	-6.059425585913658e-05	0.001229823496143423
-0.000653440663351601	0.0009231223179055892	-0.0021120801779574983	-2.253157794696037e-05	0.0009474441366650321	-0.0014311301264249288	-0.0003102318540895155	0.002103555089948639
0.0014060695220454722	-0.0003874750728012355	-0.005170140756274311	-0.00027216917617733927	0.001821175730470248	-0.0006198079321779737	0.00031386214148532154	0.0031021054828686
3.30627317806087e-05	0.0006734847196758764	-0.005170140756274311	-0.0003345785757340458	0.0008850347371074374	-0.0013063113273104054	-0.0005598694523194503	0.0021659644895057895
0.0009067943255858246	-0.0006995220705892091	-0.005981462950521932	-2.253157794696037e-05	0.0015091287326824965	0.00025392366162679814	1.8151436975699653e-06	0.0033517430810976467
0.0017805259193903744	0.000548665920560687	-0.003984362164682453	0.00041433421895553657	0.0017587663309122092	4.286063396863327e-06	0.00031386214148532154	0.0025404208868504696
-0.0007158500629094178	-0.00032506567324408486	-0.0029234023722051194	-0.00039698797529164054	0.0007602159379929141	-0.0006822173317355684	-0.0003726412536471102	0.0008553670987989648
0.0019053447185051198	0.0009231223179055892	-0.0018000331801704128	0.0002271060202827524	0.0008850347371074374	-5.8123336160509353e-05	0.00018904334237057618	0.0012922328957010176
-0.0008406688620246072	0.0014848069139232756	-0.0004270263899055493	-0.00020975977661974454	0.00038575954064734574	-0.0012439019277523666	-0.00018541305497477012	-0.0001431832941209965
0.0012812507229302827	0.0015472163134804262	0.0001970676056697318	0.0001646966207258238	0.0005729877393201299	-0.00118149252819566	1.8151436975699653e-06	0.00060572950056903
-0.00015416546689173138	0.0019216727108251064	-0.0011759391845951317	-8.494097750455509e-05	0.0005105783397625352	-0.003053774514919949	-0.00018541305497477012	-8.077389456340178e-05
0.0007819755264701911	0.002046491509940296	-0.0013631673832674718	0.0002271060202827524	0.0013219005340106005	-0.0014935395259827455	0.00018904334237057618	0.0019787362908334494
-2.9346667776986024e-05	0.0014223975143656808	-0.005544597153619657	3.987782161019027e-05	0.0008850347371074374	-0.0016807677246553077	-0.00018541305497477012	0.0026028302864085084
-0.0005286218642368556	0.000548665920560687	-0.00510773135671716	-0.00020975977661974454	0.0015091287326824965	-0.0018679959233276477	-0.0001230036554171754	0.0024156020877361684
0.0020301635176203092	-0.0004498844723588302	-0.0060438723500790825	0.0002271060202827524	0.0015715381322398692	-0.00024535153483284944	0.00018904334237057618	0.0033517430810976467
0.00028270033001076555	-0.00020024687412911746	-0.006293509948309461	-0.00014735037706214982	0.0014467193331249018	0.0001915142620692034	-0.0001230036554171754	0.0034141524806552415
0.001031613124700348	-0.000512293871916425	-0.004171590363354349	3.987782161019027e-05	0.0010722629357802216	-0.0003701703339480389	-0.0001230036554171754	0.0024156020877361684
9.547213133798138e-05	-0.0005747032714740197	-0.0032978587695495776	-2.253157794696037e-05	0.001009853536223071	0.0007531988580866678	0.00012663394281275941	0.0016042798934885472
0.0015308883211602176	0.0008607129183484385	-0.001987261378842309	0.0001646966207258238	0.00044816894020494047	-0.001368720726867556	1.8151436975699653e-06	0.00041850130189646784
-0.001090306460254098	0.0009231223179055892	-0.0003646169903479546	-2.253157794696037e-05	0.00013612194241807707	-0.0013063113273104054	-0.00018541305497477012	0.0010425952974708608
0.0015932977207178123	0.0012351693156931187	-0.0014255767828250665	0.00010228722116822908	0.0008226253375505088	-0.0018679959233276477	0.00031386214148532154	0.0016042798934885472
0.0008443849260275638	0.0017344445121532104	-0.0020496707783999035	-8.494097750455509e-05	0.0006353971388777246	-0.0029289557158047597	-0.00024782245453192076	0.000980185897913266
0.00046992852868266155	0.0014848069139232756	-0.004233999762911944	0.0001646966207258238	0.0010722629357802216	-0.0015559489255403403	0.00012663394281275941	0.002914877284195816
0.0015308883211602176	0.001172759916135968	-0.00510773135671716	-8.494097750455509e-05	0.001384309933567307	-0.002055224122000432	-0.0001230036554171754	0.002478011487293319
0.00022029093045339287	0.0006110753201180597	-0.0047956843589296305	0.0002895154198403471	0.0021956321278149282	-0.0006198079321779737	0.00031386214148532154	0.0031021054828686
0.0019677541180627145	-0.0003874750728012355	-0.006231100548751867	0.00010228722116822908	0.0014467193331249018	-0.00024535153483284944	-0.0001230036554171754	0.0023531926881781295
-9.175606733413666e-05	-7.54280750143721e-05	-0.004483637361141879	-0.00020975977661974454	0.001009853536223071	0.00031633306118439286	1.8151436975699653e-06	0.0015418704939309524
0.0014684789216026228	-0.0006995220705892091	-0.0031106305708774595	0.0002895154198403471	0.0011346723353378163	0.0010652458558739752	0.00031386214148532154	0.0019787362908334494
0.00028270033001076555	0.0004238471214454975	-0.00011497939211757569	-0.00039698797529164054	1.130314330288762e-05	-0.0014311301264249288	-0.00043505065320426084	-0.0001431832941209965
-0.00034139366556451556	0.0016720351125956157	0.0009459804003593142	0.0001646966207258238	0.00038575954064734574	-0.000744626731292497	0.00031386214148532154	0.0010425952974708608
0.0012188413233731321	0.001984082110382701	-0.0012383485841527264	-0.00039698797529164054	-0.0007376096513869168	-0.0023048617202299226	-0.0005598694523194503	0.0007305482996837753
-0.0005910312637940063	0.0029826325033028844	-0.0005518451890202947	-2.253157794696037e-05	0.0005729877393201299	-0.0029913651153623544	6.422454325560878e-05	0.0015418704939309524
0.0015308883211602176	0.0019216727108251064	-0.00242412717574525	3.987782161019027e-05	0.0005729877393201299	-0.002492089918902929	0.00012663394281275941	0.0036637900788853983
0.000407519129125955	0.001609625713038021	-0.00492050315804482	0.00010228722116822908	0.0009474441366650321	-0.001368720726867556	0.00012663394281275941	0.0034141524806552415
0.0014684789216026228	0.0007983035187908438	-0.00492050315804482	0.0001646966207258238	0.0012594911344530058	6.669546295445805e-05	1.8151436975699653e-06	0.0036637900788853983
0.0001578815308955761	-0.0008867502692615492	-0.0060438723500790825	0.0001646966207258238	0.0015091287326824965	0.000940427056759674	0.00012663394281275941	0.0034141524806552415
0.0022173917162930934	-0.0007619314701468038	-0.004109180963797199	-0.00027216917617733927	0.001197081734894967	0.0005659706594147718	-0.00024782245453192076	0.0021659644895057895
0.0017805259193903744	-0.0009491596688189219	-0.0028609929726475247	0.0002271060202827524	0.0008226253375505088	0.0013148834541043541	0.00012663394281275941	0.002041145690391044
-0.00015416546689173138	0.0007983035187908438	-0.000926301586365641	0.00010228722116822908	0.0008850347371074374	0.0003787424607419876	0.00018904334237057618	0.0017290986926037366
0.00046992852868266155	0.0014223975143656808	0.0008835710008019415	-2.253157794696037e-05	0.00019853134197544975	-0.001805586523770053	-0.00024782245453192076	0.000792957699240926
-2.9346667776986024e-05	0.0023585385077280474	0.0005091146034568172	0.0001646966207258238	0.0005105783397625352	-0.0014311301264249288	0.0002514527419281709	0.0018539174917180379
0.0012812507229302827	0.00329467950108997	-0.0006142545885778894	-8.494097750455509e-05	0.00013612194241807707	-0.003053774514919949	0.00012663394281275941	0.002727649085523254
-0.0005910312637940063	0.0031074513024171857	-0.0008014827872504515	0.00010228722116822908	0.0002609407415330445	-0.0032410027135925112	-0.000622278851877045	0.0029772866837534107
0.0014684789216026228	0.001796853911710361	-0.0043588185620266895	0.00041433421895553657	0.0021956321278149282	-0.0017431771242124583	0.0005010903401576616	0.00466234047180536
0.0003451097295679162	0.002608176105957538	-0.005544597153619657	-2.253157794696037e-05	0.0016963569313550586	-0.0014935395259827455	-6.059425585913658e-05	0.003913427677115777
0.00046992852868266155	-7.54280750143721e-05	-0.00685519454432626	-8.494097750455509e-05	0.0016339475317974639	-0.00024535153483284944	-6.059425585913658e-05	0.004163065275345268
0.0015308883211602176	0.0004238471214454975	-0.004733274959372036	0.0001646966207258238	0.0019459945295849934	-0.000557398532620379	0.00012663394281275941	0.003538971279770431
-0.00015416546689173138	-0.00013783747457152273	-0.0035474963677799565	-2.253157794696037e-05	0.0014467193331249018	4.286063396863327e-06	6.422454325560878e-05	0.0029772866837534107
0.0019677541180627145	0.0007358941192332491	-0.0031106305708774595	3.987782161019027e-05	0.0005105783397625352	-5.8123336160509353e-05	-0.0001230036554171754	0.0024156020877361684
-0.0005286218642368556	0.0021089009094978906	-0.0004270263899055493	-2.253157794696037e-05	0.0010722629357802216	-0.0014935395259827455	0.00018904334237057618	0.002727649085523254
0.0012188413233731321	0.002420947907285198	0.0003842958043420719	0.00035192481939838594	0.00038575954064734574	-0.0023048617202299226	6.422454325560878e-05	0.0032269242819829014
-2.9346667776986024e-05	0.0027329949050731717	-0.0013631673832674718	-0.00020975977661974454	0.0005729877393201299	-0.003490640311822446	-0.0003102318540895155	0.0032269242819829014
0.0009067943255858246	0.0029202231037452897	-0.0033602681691071723	-0.00014735037706214982	0.0006978065384348753	-0.0026169087180176742	-0.00018541305497477012	0.004163065275345268
0.0021549823167346105	0.0017344445121532104	-0.005232550155831905	0.00035192481939838594	0.0015091287326824965	-0.0014935395259827455	0.0002514527419281709	0.004724749871362954
-0.00034139366556451556	0.0010479411170203345	-0.005170140756274311	-2.253157794696037e-05	0.0017587663309122092	-0.0012439019277523666	1.8151436975699653e-06	0.004599931072248209
0.0017805259193903744	-0.0008243408697035104	-0.006106281749636677	-8.494097750455509e-05	0.001384309933567307	-5.8123336160509353e-05	-6.059425585913658e-05	0.003913427677115777
0.00046992852868266155	4.939072410126144e-05	-0.005607006553176808	0.00010228722116822908	0.0014467193331249018	0.0006283800589719224	6.422454325560878e-05	0.0033517430810976467
0.0012812507229302827	0.00023661892277315744	-0.0031106305708774595	0.00010228722116822908	0.001384309933567307	-0.00030776093439044416	0.00012663394281275941	0.0031021054828686
9.547213133798138e-05	0.000548665920560687	-0.0022993083766300604	3.987782161019027e-05	0.0008226253375505088	-0.000994264329522876	0.00018904334237057618	0.0033517430810976467
0.0017805259193903744	0.0021713103090554853	-0.001113529785037537	-0.00020975977661974454	0.0007602159379929141	-0.0027417275171324196	-6.059425585913658e-05	0.003538971279770431
-0.0009030782615813138	0.002857813704187917	-0.0008014827872504515	3.987782161019027e-05	0.0005105783397625352	-0.003116183914477544	1.8151436975699653e-06	0.004287884074460457
-0.00027898426600692083	0.004168411094894742	-0.0016128049814976286	-0.00020975977661974454	0.0009474441366650321	-0.003989915508282538	-0.0001230036554171754	0.005348843866937347
0.0010940225242579427	0.003481907699762754	-0.00242412717574525	0.00010228722116822908	0.0015091287326824965	-0.0038650967091671262	1.8151436975699653e-06	0.006035347262069779
0.0001578815308955761	0.002233719708612858	-0.0054197783545044675	-0.00027216917617733927	0.001384309933567307	-0.0026169087180176742	-0.0001230036554171754	0.0061601660611854125
0.0014684789216026228	0.002608176105957538	-0.005544597153619657	3.987782161019027e-05	0.001821175730470248	-0.00242968051934489	-0.00018541305497477012	0.0063473942598573085
9.547213133798138e-05	0.001172759916135968	-0.00510773135671716	0.0002895154198403471	0.0023828603264874904	-0.0008694455304081306	-0.00024782245453192076	0.004599931072248209
0.0020301635176203092	4.939072410126144e-05	-0.006730375745211958	-0.00014735037706214982	0.0019459945295849934	-0.0003701703339480389	6.422454325560878e-05	0.004911978070035294
3.30627317806087e-05	0.0008607129183484385	-0.004296409162469539	-8.494097750455509e-05	0.0006978065384348753	-0.0006198079321779737	-0.0003102318540895155	0.003726199478443437
0.0011564319238150933	4.939072410126144e-05	-0.0028609929726475247	-0.00014735037706214982	0.0007602159379929141	-0.00030776093439044416	6.422454325560878e-05	0.004100655875788117
0.0009692037251427532	0.002420947907285198	-0.0010511203854803863	3.987782161019027e-05	0.0005729877393201299	-0.002242452320672328	1.8151436975699653e-06	0.004599931072248209
-0.00034139366556451556	0.002670585505515577	-0.0008638921868080462	0.0001646966207258238	0.0007602159379929141	-0.00242968051934489	0.00018904334237057618	0.005848119063397439
0.0012188413233731321	0.003045041902860479	-0.0032978587695495776	-0.00039698797529164054	0.00013612194241807707	-0.0035530497113795967	-0.0004974600527618556	0.006222575460742563
-0.0007158500629094178	0.004168411094894742	-0.00298581177176227	-8.494097750455509e-05	0.0012594911344530058	-0.003989915508282538	-6.059425585913658e-05	0.008406904445255048
0.0014684789216026228	0.003045041902860479	-0.004670865559814441	0.00010228722116822908	0.0013219005340106005	-0.0033658215127077007	-6.059425585913658e-05	0.008594132643926944
0.00028270033001076555	0.002795404304629878	-0.006605556946096769	-8.494097750455509e-05	0.001821175730470248	-0.00242968051934489	-0.00018541305497477012	0.008094857447466852
0.0013436601224878775	0.0022961291081704527	-0.006106281749636677	0.00010228722116822908	0.0021956321278149282	-0.000557398532620379	0.0002514527419281709	0.007533172851449832
0.00046992852868266155	0.0008607129183484385	-0.00635591934786639	-0.00014735037706214982	0.0016339475317974639	-0.000994264329522876	-0.0003102318540895155	0.0061601660611854125
-9.175606733413666e-05	0.0011103505165779293	-0.003609905767337551	0.00010228722116822908	0.0023204509269301177	-0.0008694455304081306	0.00018904334237057618	0.006472213058972498
0.0019677541180627145	0.0010479411170203345	-0.003422677568664767	0.0001646966207258238	0.001384309933567307	-0.000744626731292497	0.00012663394281275941	0.005473662666052537
3.30627317806087e-05	0.0025457667064003875	-0.001987261378842309	3.987782161019027e-05	0.0015091287326824965	-0.0016807677246553077	6.422454325560878e-05	0.006284984860300158
0.0008443849260275638	0.0034194983002051593	-0.0004270263899055493	0.0001646966207258238	0.001197081734894967	-0.003116183914477544	0.00018904334237057618	0.007595582251007427
-0.0002165748664493261	0.003918773496665251	-0.001737623780612818	-0.00020975977661974454	0.0005105783397625352	-0.003490640311822446	0.00012663394281275941	0.008968589041272068
0.0014060695220454722	0.00529178028692967	-0.0020496707783999035	0.0001646966207258238	0.0009474441366650321	-0.004364371905627662	-6.059425585913658e-05	0.009904730034634213
-0.0004038030651221103	0.004917323889584768	-0.0027361741735323353	0.0002271060202827524	0.0011346723353378163	-0.0032410027135925112	6.422454325560878e-05	0.00953027363728931
0.0020301635176203092	0.003918773496665251	-0.005607006553176808	-0.00020975977661974454	0.0016339475317974639	-0.0028041369166900143	-6.059425585913658e-05	0.00915581723994463
0.0014060695220454722	0.001172759916135968	-0.0060438723500790825	-0.00014735037706214982	0.0012594911344530058	-0.0017431771242124583	-0.0003102318540895155	0.007595582251007427
0.0012812507229302827	0.000548665920560687	-0.006543147546539174	0.00041433421895553657	0.0021332227282577776	0.0007531988580866678	0.0005010903401576616	0.00678426005676025
0.0015308883211602176	-1.3018675456777373e-05	-0.005669415952734402	-0.00014735037706214982	0.0015091287326824965	-0.00024535153483284944	-0.00024782245453192076	0.005224025067822602
-9.175606733413666e-05	-0.0003874750728012355	-0.0033602681691071723	0.0002271060202827524	0.002008403929142588	0.0006283800589719224	0.00031386214148532154	0.004787159270920549
0.0017805259193903744	0.0003614377218883469	-0.003609905767337551	-2.253157794696037e-05	0.0010722629357802216	-5.8123336160509353e-05	0.00018904334237057618	0.007845219849237361
-0.0005910312637940063	0.002857813704187917	-0.000926301586365641	0.00010228722116822908	0.001009853536223071	-0.0036154591109371914	-6.059425585913658e-05	0.00928063603905982
0.0009067943255858246	0.0036067264988774994	-0.0008014827872504515	3.987782161019027e-05	0.001197081734894967	-0.0038650967091671262	0.00012663394281275941	0.011090508626226958
0.0001578815308955761	0.005229370887372298	-0.002361717776187655	-8.494097750455509e-05	0.0013219005340106005	-0.00505087530075965	-0.0003102318540895155	0.012338696617376632
0.0001578815308955761	0.004667686291354833	-0.003422677568664767	0.0001646966207258238	0.0018835851300273987	-0.0035530497113795967	0.00018904334237057618	0.012525924816048528
0.0020301635176203092	0.003918773496665251	-0.005544597153619657	-2.253157794696037e-05	0.0016963569313550586	-0.003303412113150106	-0.0001230036554171754	0.011340146224456449
-0.0002165748664493261	0.002608176105957538	-0.005482187754062062	-0.00020975977661974454	0.002258041527372079	-0.00242968051934489	-0.0001230036554171754	0.010591233429766866
0.0022173917162930934	0.000548665920560687	-0.006418328747423985	0.0001646966207258238	0.0018835851300273987	-0.00030776093439044416	1.8151436975699653e-06	0.0068466694563174
0.0007819755264701911	0.00048625652100309225	-0.006168691149194272	3.987782161019027e-05	0.002258041527372079	0.0006283800589719224	6.422454325560878e-05	0.006534622458529649
0.0014684789216026228	0.00023661892277315744	-0.004046771564239604	0.00010228722116822908	0.0012594911344530058	0.00025392366162679814	1.8151436975699653e-06	0.006222575460742563
0.00028270033001076555	0.0004238471214454975	-0.003422677568664767	0.00010228722116822908	0.0012594911344530058	-0.0013063113273104054	0.00018904334237057618	0.007782810449679767
0.0015932977207178123	0.0025457667064003875	-0.0006142545885778894	-0.00014735037706214982	0.0006978065384348753	-0.003116183914477544	-0.0001230036554171754	0.010404005231094082
0.0017805259193903744	0.005104552088257108	-0.0013007579837103211	0.0002895154198403471	0.0008226253375505088	-0.0035530497113795967	0.00018904334237057618	0.01196424022003173
-0.0005286218642368556	0.006165511880734886	-0.002548945974859995	-0.00027216917617733927	0.0006353971388777246	-0.0048636471020873095	-0.00024782245453192076	0.01352447520896849
0.0011564319238150933	0.00541659908604486	-0.0027361741735323353	0.0002271060202827524	0.001009853536223071	-0.004301962506069623	6.422454325560878e-05	0.014023750405428581
0.000594747327797851	0.003669135898435094	-0.005794234751849592	-8.494097750455509e-05	0.0008850347371074374	-0.0023672711197877394	-6.059425585913658e-05	0.010778461628439429
0.001655707120275185	0.002608176105957538	-0.006605556946096769	-8.494097750455509e-05	0.0010722629357802216	-0.0017431771242124583	0.00031386214148532154	0.009467864237732604
0.0001578815308955761	0.000548665920560687	-0.0054197783545044675	0.0001646966207258238	0.0008850347371074374	0.0013772928536619489	-0.00018541305497477012	0.005598481465167726
0.0021549823167346105	-0.001323616066163602	-0.006730375745211958	-8.494097750455509e-05	0.0012594911344530058	0.0014397022532195436	-0.0001230036554171754	0.006284984860300158
9.547213133798138e-05	-0.0004498844723588302	-0.0026737647739747405	0.00010228722116822908	0.0009474441366650321	0.0006283800589719224	0.00012663394281275941	0.00715871645410493
-9.175606733413666e-05	0.0014223975143656808	-0.001987261378842309	-0.00014735037706214982	0.0006353971388777246	-0.000557398532620379	1.8151436975699653e-06	0.008656542043484539
0.0008443849260275638	0.004293229894009931	0.00025947700522643835	0.0001646966207258238	0.001009853536223071	-0.0023048617202299226	0.00018904334237057618	0.012463515416491378
-0.0007782594624665684	0.004979733289142807	0.0003842958043420719	3.987782161019027e-05	0.0002609407415330445	-0.0031785933140351386	0.00012663394281275941	0.014585435001445823
0.0013436601224878775	0.0059158742825047295	-0.0013631673832674718	-2.253157794696037e-05	-0.00011351565581230183	-0.003989915508282538	-0.00018541305497477012	0.01832999897489529
-0.001090306460254098	0.006227921280292481	-0.002174489577514871	-0.0003345785757340458	0.00019853134197544975	-0.004676418903414747	0.00012663394281275941	0.017081810983745394
0.0015932977207178123	0.004355639293567526	-0.003984362164682453	0.0001646966207258238	0.001009853536223071	-0.0014311301264249288	-0.00018541305497477012	0.014835072599676202
0.0001578815308955761	0.0029826325033028844	-0.00635591934786639	0.00010228722116822908	0.0015091287326824965	-0.00024535153483284944	6.422454325560878e-05	0.014273388003658516
0.0014060695220454722	0.0019216727108251064	-0.006418328747423985	-2.253157794696037e-05	0.0014467193331249018	0.0011900646549891647	6.422454325560878e-05	0.01183942142091654
0.002092572917177904	0.0007358941192332491	-0.005607006553176808	0.0001646966207258238	0.0015091287326824965	0.0010028364563168246	0.00018904334237057618	0.011277736824899298
-0.0005910312637940063	0.0007358941192332491	-0.0035474963677799565	-0.00027216917617733927	0.0008850347371074374	0.00031633306118439286	-0.0003102318540895155	0.011714602621801351
0.0019053447185051198	0.0015472163134804262	-0.0022368989770726877	0.0002271060202827524	0.0006978065384348753	0.0004411518602995823	0.0002514527419281709	0.011340146224456449
-0.0005910312637940063	0.0033570889006475646	-0.000926301586365641	-0.00020975977661974454	0.0003233501410906392	-0.001368720726867556	-6.059425585913658e-05	0.015334347796136072
0.0003451097295679162	0.004480458092682715	0.000571524003014412	0.0001646966207258238	-0.0003007438544846419	-0.002492089918902929	0.0002514527419281709	0.016270488789498216
-0.00015416546689173138	0.004605276891797239	-0.0005518451890202947	0.0001646966207258238	-0.0006127908522726155	-0.003053774514919949	-0.00024782245453192076	0.017331448581975772
0.0008443849260275638	0.004979733289142807	-0.002548945974859995	-2.253157794696037e-05	-0.00011351565581230183	-0.002055224122000432	1.8151436975699653e-06	0.019141321169142467
-0.0009030782615813138	0.004293229894009931	-0.005669415952734402	0.0002895154198403471	0.0003233501410906392	-0.0006822173317355684	0.0002514527419281709	0.01814277077622295
-0.0002165748664493261	0.0023585385077280474	-0.006730375745211958	-0.0003345785757340458	0.0006353971388777246	-0.0004325797335051895	-0.00024782245453192076	0.017518676780648557
0.0014684789216026228	0.0010479411170203345	-0.006106281749636677	0.0001646966207258238	0.0008850347371074374	0.0007531988580866678	1.8151436975699653e-06	0.015896032392153314
0.000594747327797851	0.00048625652100309225	-0.006168691149194272	3.987782161019027e-05	0.001009853536223071	0.0016893398514492564	0.00012663394281275941	0.01452302560188845
0.0015308883211602176	0.0015472163134804262	-0.004171590363354349	-2.253157794696037e-05	0.0008850347371074374	0.0005035612598562889	-6.059425585913658e-05	0.015334347796136072
-0.00034139366556451556	0.001984082110382701	-0.0020496707783999035	0.0001646966207258238	0.0006978065384348753	0.00031633306118439286	6.422454325560878e-05	0.014959891398790948
0.001655707120275185	0.0029826325033028844	-0.0012383485841527264	0.0001646966207258238	-0.00036315325404223664	-0.001805586523770053	-6.059425585913658e-05	0.017206629782860583
-0.0010278970606969473	0.004667686291354833	0.00013465820611213708	0.0001646966207258238	-0.0012368848478470085	-0.002242452320672328	1.8151436975699653e-06	0.018392408374452884
0.0007195661269130404	0.004917323889584768	-0.0013631673832674718	0.00010228722116822908	-0.0009872472496166296	-0.002242452320672328	0.00018904334237057618	0.019952643363389644
0.00046992852868266155	0.005229370887372298	-0.00242412717574525	-0.00020975977661974454	-0.0011744754482894137	-0.0028041369166900143	-0.00018541305497477012	0.021200831354539762
-0.000653440663351601	0.0034194983002051593	-0.004483637361141879	-0.00020975977661974454	-0.0012368848478470085	-0.001368720726867556	-0.0003726412536471102	0.019952643363389644
0.0019677541180627145	0.00329467950108997	-0.005357368954946873	0.0002271060202827524	-0.00011351565581230183	-0.00030776093439044416	0.00012663394281275941	0.019078911769585316
-0.000653440663351601	0.0022961291081704527	-0.005045321957159565	-0.00014735037706214982	-0.0002383344549270472	-5.8123336160509353e-05	1.8151436975699653e-06	0.016457716988171
0.0017181165198327797	0.0007983035187908438	-0.0060438723500790825	3.987782161019027e-05	-0.0005503814527141326	0.0006283800589719224	0.0002514527419281709	0.016582535787285302
0.000407519129125955	0.001796853911710361	-0.004670865559814441	0.0001646966207258238	-0.00042556265359983136	6.669546295445805e-05	-0.0003726412536471102	0.015771213593038125
0.0007195661269130404	0.0010479411170203345	-0.003173039970434832	0.00010228722116822908	-0.000487972053156982	0.0006283800589719224	0.00031386214148532154	0.015084710197905693
0.00022029093045339287	0.001609625713038021	-0.0018000331801704128	-2.253157794696037e-05	-0.0011744754482894137	-0.0008070361308507579	-0.00024782245453192076	0.016457716988171
-0.0012151252593692874	0.003731545297992689	-0.00011497939211757569	0.00010228722116822908	-0.0012992942474046032	-0.00118149252819566	0.00018904334237057618	0.01882927417135538
0.0014060695220454722	0.0038563640971078783	-0.001737623780612818	0.0001646966207258238	-0.0021106164416517803	-0.0013063113273104054	1.8151436975699653e-06	0.019141321169142467
-0.0007782594624665684	0.005042142688700402	-0.0022993083766300604	-2.253157794696037e-05	-0.0017985694438646949	-0.001618358325097713	6.422454325560878e-05	0.02213697234790213
0.0003451097295679162	0.004480458092682715	-0.00298581177176227	3.987782161019027e-05	-0.002547482238553833	-0.0021176335215575826	-0.00024782245453192076	0.023697207336839332
3.30627317806087e-05	0.003981182896222846	-0.004608456160257068	3.987782161019027e-05	-0.0021106164416517803	-0.000994264329522876	-0.00018541305497477012	0.024570938930644548
0.0010940225242579427	0.004230820494452336	-0.005357368954946873	-2.253157794696037e-05	-0.0016113412451919107	-0.0004325797335051895	1.8151436975699653e-06	0.02550707992400625
-0.00027898426600692083	0.00329467950108997	-0.005170140756274311	-0.00014735037706214982	-0.0021106164416517803	-0.0011190831286380654	-0.0003102318540895155	0.02469575772975885
0.001655707120275185	0.0031074513024171857	-0.00492050315804482	3.987782161019027e-05	-0.0014865224460769433	-0.0011190831286380654	0.00012663394281275941	0.02750418070984617
0.0010940225242579427	0.004293229894009931	-0.0052949595553895	-2.253157794696037e-05	-0.002360254039881493	-0.0017431771242124583	1.8151436975699653e-06	0.026692858515598994
-0.0005910312637940063	0.004917323889584768	-0.0060438723500790825	-0.0005842161739644247	-0.0033588044328014544	-0.0025544993184596354	-0.0006846882514346397	0.025631898723121438
0.0009067943255858246	0.006602377677637161	-0.003422677568664767	0.0005391530180702819	-0.0022354352407665257	-0.001992814722442837	0.0004386809406000669	0.027379361910731426
-0.0007782594624665684	0.00541659908604486	-0.004233999762911944	-0.00027216917617733927	-0.0035460326314737944	-0.0026169087180176742	-0.0001230036554171754	0.0250078047275466
0.0014684789216026228	0.0059158742825047295	-0.004483637361141879	3.987782161019027e-05	-0.0032963950332443037	-0.0025544993184596354	0.0002514527419281709	0.025943945720908967
-0.0005910312637940063	0.005853464882947579	-0.003422677568664767	0.0001646966207258238	-0.003608442031031389	-0.0019304053228852425	-0.0001230036554171754	0.023759616736396927
0.0012188413233731321	0.003981182896222846	-0.005232550155831905	-0.00014735037706214982	-0.003046757435013925	-0.001618358325097713	-0.0001230036554171754	0.023884435535511672
0.0001578815308955761	0.004106001695337147	-0.00635591934786639	3.987782161019027e-05	-0.002984348035456552	-0.00118149252819566	-0.00018541305497477012	0.02469575772975885
0.0005323379282402563	0.0022961291081704527	-0.007229650941671162	0.0002271060202827524	-0.00242266343943931	-0.00012053273571810408	0.00031386214148532154	0.024196482533299424
0.0017181165198327797	0.0027329949050731717	-0.0075416979394591355	3.987782161019027e-05	-0.00242266343943931	-0.0006822173317355684	1.8151436975699653e-06	0.023946844935069267
-0.0009654876611393526	0.002795404304629878	-0.005856644151406298	-0.00014735037706214982	-0.002609891638111872	-0.0008694455304081306	-0.00018541305497477012	0.02507021412710464
0.001655707120275185	0.0033570889006475646	-0.005731825352291997	0.0002271060202827524	-0.002797119836784212	-0.000994264329522876	0.00012663394281275941	0.02550707992400625
-0.00034139366556451556	0.00529178028692967	-0.0047956843589296305	3.987782161019027e-05	-0.002984348035456552	-0.0015559489255403403	-0.00018541305497477012	0.025819126921793778
0.0003451097295679162	0.005354189686487265	-0.0037347245664522966	-0.00014735037706214982	-0.00367085143058854	-0.0021800429211151773	0.00012663394281275941	0.02469575772975885
-0.0002165748664493261	0.005728646083832389	-0.003984362164682453	0.0002895154198403471	-0.003233985633686709	-0.0021176335215575826	0.0002514527419281709	0.024633348330201255
0.0012812507229302827	0.006290330679849632	-0.004608456160257068	-0.00014735037706214982	-0.0035460326314737944	-0.001992814722442837	-0.0001230036554171754	0.023385160339052247
0.0017181165198327797	0.0032322701015328192	-0.006917603943883854	-8.494097750455509e-05	-0.003608442031031389	-0.001618358325097713	-0.00024782245453192076	0.02151287835232729
-9.175606733413666e-05	0.0032322701015328192	-0.00685519454432626	-8.494097750455509e-05	-0.0027347104372266173	-0.0008070361308507579	-6.059425585913658e-05	0.022261791147017318
0.0017805259193903744	0.0018592633112683998	-0.007292060341229645	0.0001646966207258238	-0.0027347104372266173	-0.0003701703339480389	0.00018904334237057618	0.021263240754097357
0.0005323379282402563	0.001984082110382701	-0.008228201334591123	-2.253157794696037e-05	-0.002797119836784212	-0.0003701703339480389	1.8151436975699653e-06	0.02213697234790213
0.0012188413233731321	0.0031698607019756686	-0.006667966345654364	-2.253157794696037e-05	-0.003046757435013925	-0.0010566737290804706	0.00031386214148532154	0.02213697234790213
-9.175606733413666e-05	0.003669135898435094	-0.005170140756274311	0.00035192481939838594	-0.003858079629261324	-0.002055224122000432	-6.059425585913658e-05	0.021263240754097357
0.0015932977207178123	0.004667686291354833	-0.00510773135671716	-8.494097750455509e-05	-0.004294945426163821	-0.0026169087180176742	-0.0001230036554171754	0.022573838144804625
-0.0009654876611393526	0.006103102481177292	-0.0026737647739747405	0.00035192481939838594	-0.004544583024393312	-0.0025544993184596354	0.00031386214148532154	0.021887334749672194
-0.00027898426600692083	0.0056038272847172	-0.004233999762911944	-0.00020975977661974454	-0.004981448821296253	-0.0028041369166900143	-0.00018541305497477012	0.020763965557637265
0.0009067943255858246	0.0048549144900276175	-0.0043588185620266895	-0.00014735037706214982	-0.005168677019968593	-0.002492089918902929	-0.00024782245453192076	0.020701556158080114
0.0001578815308955761	0.002857813704187917	-0.005607006553176808	0.0001646966207258238	-0.0046069924239513504	-0.0008694455304081306	0.00018904334237057618	0.019765415164717304
0.0021549823167346105	0.001984082110382701	-0.007479288539901541	0.0001646966207258238	-0.004669401823508723	-0.0004325797335051895	0.00012663394281275941	0.019703005765160597
-0.00034139366556451556	0.0012351693156931187	-0.006792785144769109	-2.253157794696037e-05	-0.004544583024393312	-0.00012053273571810408	-0.00018541305497477012	0.01932854936781525
0.001655707120275185	0.00048625652100309225	-0.007416879140343946	-2.253157794696037e-05	-0.006104818013330959	-0.0008070361308507579	-0.00018541305497477012	0.02132565015365495
-2.9346667776986024e-05	0.0022961291081704527	-0.006980013343441671	0.00010228722116822908	-0.006728912008905352	-0.001805586523770053	1.8151436975699653e-06	0.024196482533299424
0.0007819755264701911	0.003981182896222846	-0.003048221171319865	3.987782161019027e-05	-0.007602643602711012	-0.002492089918902929	0.00018904334237057618	0.024758167129316444
0.0009692037251427532	0.007288881072769149	-0.001987261378842309	3.987782161019027e-05	-0.008351556397400595	-0.0035530497113795967	-0.0001230036554171754	0.025257442325776536
-0.0012151252593692874	0.0077881562692292405	-0.00030220759079035986	0.0002271060202827524	-0.008663603395188124	-0.003490640311822446	0.00031386214148532154	0.026692858515598994
0.0009067943255858246	0.006477558878521972	-0.002361717776187655	-0.00020975977661974454	-0.009786972587223053	-0.004052324907839688	-0.00024782245453192076	0.024508529531086953
-0.0007158500629094178	0.006290330679849632	-0.003235449369991983	-0.00020975977661974454	-0.009537334988993118	-0.003303412113150106	-0.00024782245453192076	0.023322750939494208
0.0010940225242579427	0.004293229894009931	-0.0036723151668942577	0.0002895154198403471	-0.008913240993417837	-0.001992814722442837	-0.00018541305497477012	0.02001505276294724
9.547213133798138e-05	0.0019216727108251064	-0.006543147546539174	-0.00027216917617733927	-0.008913240993417837	-0.0006822173317355684	0.00018904334237057618	0.0198278245642749
0.0015308883211602176	0.001984082110382701	-0.006418328747423985	-0.00014735037706214982	-0.009724563187665458	-0.000744626731292497	-6.059425585913658e-05	0.01964059636560256
-0.0004662124646792609	0.0011103505165779293	-0.006730375745211958	-2.253157794696037e-05	-0.010535885381912635	-0.0015559489255403403	-6.059425585913658e-05	0.019141321169142467
-0.000653440663351601	0.0040435922957804404	-0.0043588185620266895	-2.253157794696037e-05	-0.01072311358058542	-0.0021800429211151773	6.422454325560878e-05	0.020951193756309827
0.001031613124700348	0.0048549144900276175	-0.0033602681691071723	0.00010228722116822908	-0.011222388777044623	-0.003116183914477544	-0.0001230036554171754	0.020077462162504833
-2.9346667776986024e-05	0.006290330679849632	-0.00261135537441759	0.0002271060202827524	-0.01059829478147023	-0.003116183914477544	0.00037627154104291627	0.0198278245642749
0.00028270033001076555	0.006415149478964377	-0.0019248519792851582	-0.00020975977661974454	-0.011534435774832597	-0.004489190704741963	-0.00024782245453192076	0.017581086180205263
-0.0005286218642368556	0.005166961487814703	-0.0024865365753024005	-2.253157794696037e-05	-0.011159979377487916	-0.0034282309122644072	-6.059425585913658e-05	0.014897481999233353
0.001842935318947525	0.0037939546975500615	-0.00492050315804482	0.0001646966207258238	-0.010411066582797446	-0.001618358325097713	0.00012663394281275941	0.01396134100587143
-0.0004662124646792609	0.0025457667064003875	-0.0047956843589296305	-0.00014735037706214982	-0.01097275117881491	-0.0011190831286380654	-0.0001230036554171754	0.011589783822686606
0.0015932977207178123	-0.00013783747457152273	-0.0075416979394591355	3.987782161019027e-05	-0.011035160578372727	-0.0003701703339480389	0.00012663394281275941	0.011714602621801351
0.0008443849260275638	0.0004238471214454975	-0.006231100548751867	-0.00014735037706214982	-0.012220939169964584	-0.00118149252819566	-0.00018541305497477012	0.013774112807198646
-0.0002165748664493261	0.0013599881148083082	-0.005794234751849592	-8.494097750455509e-05	-0.013094670763769356	-0.0014311301264249288	-6.059425585913658e-05	0.015771213593038125
0.0013436601224878775	0.003918773496665251	-0.004421227961584728	3.987782161019027e-05	-0.013531536560672297	-0.0025544993184596354	0.00012663394281275941	0.01814277077622295
-0.0014023534580416275	0.0059158742825047295	-0.001987261378842309	-2.253157794696037e-05	-0.014155630556246912	-0.003490640311822446	1.8151436975699653e-06	0.020951193756309827
0.0009692037251427532	0.006352740079407226	-0.0022368989770726877	3.987782161019027e-05	-0.014592496353149409	-0.004301962506069623	6.422454325560878e-05	0.020701556158080114
-0.0007158500629094178	0.007413699871884338	-0.0019248519792851582	-2.253157794696037e-05	-0.013469127161114702	-0.004177143706954878	-0.0003726412536471102	0.01832999897489529
0.00022029093045339287	0.006040693081619919	-0.00242412717574525	0.0001646966207258238	-0.011846482772620126	-0.002492089918902929	0.0002514527419281709	0.014959891398790948
0.0003451097295679162	0.004230820494452336	-0.00492050315804482	0.0002271060202827524	-0.011409616975717407	-0.0018679959233276477	0.00018904334237057618	0.013025200012508842
-0.0007158500629094178	0.0010479411170203345	-0.005794234751849592	-0.0003345785757340458	-0.012220939169964584	-0.0016807677246553077	-0.00043505065320426084	0.011527374423129233
0.002279801115850244	0.00048625652100309225	-0.0064807381469815795	0.0001646966207258238	-0.011971301571735093	-0.000994264329522876	0.00012663394281275941	0.010965689827111769
-0.000653440663351601	0.0013599881148083082	-0.005232550155831905	-0.00027216917617733927	-0.01290744256509746	-0.001618358325097713	-0.00024782245453192076	0.012525924816048528
0.0009067943255858246	0.0019216727108251064	-0.003984362164682453	-8.494097750455509e-05	-0.013469127161114702	-0.0021176335215575826	-0.00024782245453192076	0.015396757195693445
0.0003451097295679162	0.0036067264988774994	-0.003235449369991983	0.00035192481939838594	-0.012782623765981826	-0.0018679959233276477	-0.0001230036554171754	0.016644945186842897
0.00028270033001076555	0.004979733289142807	-0.001987261378842309	-0.00014735037706214982	-0.013781174158901788	-0.003490640311822446	-0.0001230036554171754	0.01689458278507283
-0.0009654876611393526	0.004979733289142807	-0.001737623780612818	-2.253157794696037e-05	-0.013531536560672297	-0.0033658215127077007	-6.059425585913658e-05	0.015334347796136072
0.0013436601224878775	0.004730095690912872	-0.0022993083766300604	-0.00020975977661974454	-0.01315708016332695	-0.0031785933140351386	1.8151436975699653e-06	0.015022300798348542
0.0011564319238150933	0.0024833573068427928	-0.003984362164682453	-2.253157794696037e-05	-0.01303226136421265	-0.0026169087180176742	-0.00018541305497477012	0.012463515416491378
0.0005323379282402563	0.0021089009094978906	-0.005170140756274311	3.987782161019027e-05	-0.012158529770407434	-0.0015559489255403403	0.00012663394281275941	0.010840871027997023
0.0008443849260275638	0.0012351693156931187	-0.0047956843589296305	-8.494097750455509e-05	-0.012470576768194519	-0.0017431771242124583	-0.0001230036554171754	0.010216777032421742
3.30627317806087e-05	0.0001742095232160068	-0.005232550155831905	-0.00027216917617733927	-0.012470576768194519	-0.0013063113273104054	-0.00018541305497477012	0.010903280427554174
0.0017181165198327797	0.001609625713038021	-0.004670865559814441	0.0002271060202827524	-0.012595395567309708	-0.0013063113273104054	0.00031386214148532154	0.013649294008083679
-0.0007782594624665684	0.0029826325033028844	-0.0022368989770726877	0.0002895154198403471	-0.014592496353149409	-0.0031785933140351386	-0.0004974600527618556	0.013462065809411339
0.0008443849260275638	0.002420947907285198	-0.003422677568664767	-8.494097750455509e-05	-0.01446767755403422	-0.002866546316247609	-6.059425585913658e-05	0.01595844179171091
-0.0007158500629094178	0.0048549144900276175	-0.001113529785037537	0.0002895154198403471	-0.01434285875491903	-0.0029913651153623544	0.00012663394281275941	0.016769763985957642
-0.0004662124646792609	0.0044180486931246765	-0.002798583573089486	-0.00014735037706214982	-0.014405268154477069	-0.0031785933140351386	1.8151436975699653e-06	0.014897481999233353
0.0008443849260275638	0.004730095690912872	-0.002798583573089486	-2.253157794696037e-05	-0.013781174158901788	-0.003053774514919949	-0.0001230036554171754	0.013774112807198646
-0.0007782594624665684	0.003918773496665251	-0.002548945974859995	0.0002271060202827524	-0.012595395567309708	-0.0023048617202299226	0.00031386214148532154	0.012837971813836502
0.0019053447185051198	0.0021089009094978906	-0.00492050315804482	3.987782161019027e-05	-0.012470576768194519	-0.0021800429211151773	-6.059425585913658e-05	0.00903099844082944
-0.00027898426600692083	0.0021713103090554853	-0.004421227961584728	-8.494097750455509e-05	-0.011596845174389747	-0.0016807677246553077	0.00018904334237057618	0.008656542043484539
0.0015308883211602176	0.0013599881148083082	-0.003921952765124859	0.00035192481939838594	-0.012595395567309708	-0.0015559489255403403	-0.00024782245453192076	0.007657991650565021
0.00028270033001076555	0.0004238471214454975	-0.005607006553176808	0.0002895154198403471	-0.013344308361999735	-0.0013063113273104054	0.0002514527419281709	0.010341595831536488
0.0011564319238150933	0.001984082110382701	-0.003173039970434832	-0.00014735037706214982	-0.014218039955804729	-0.0016807677246553077	-0.0001230036554171754	0.011527374423129233
0.0015308883211602176	0.0019216727108251064	-0.004171590363354349	3.987782161019027e-05	-0.014966952750494311	-0.002055224122000432	-0.0001230036554171754	0.011340146224456449
-0.001090306460254098	0.0034194983002051593	-0.0021120801779574983	0.00010228722116822908	-0.014093221156689317	-0.002055224122000432	0.00018904334237057618	0.013150018811624031
0.0005323379282402563	0.002795404304629878	-0.00242412717574525	-8.494097750455509e-05	-0.014405268154477069	-0.0028041369166900143	-0.00018541305497477012	0.012588334215606567
-0.00015416546689173138	0.003731545297992689	-0.00298581177176227	0.0001646966207258238	-0.013593945960229448	-0.0023048617202299226	0.00018904334237057618	0.012401106016933783
0.0005323379282402563	0.004293229894009931	-0.001550395581940256	0.0002271060202827524	-0.012720214366424676	-0.002492089918902929	-0.00018541305497477012	0.010903280427554174
-0.000653440663351601	0.003045041902860479	-0.002548945974859995	-0.00027216917617733927	-0.011784073373062531	-0.002055224122000432	6.422454325560878e-05	0.009467864237732604
0.0017181165198327797	0.0032322701015328192	-0.0032978587695495776	0.0001646966207258238	-0.010910341779257315	-0.0014935395259827455	0.00031386214148532154	0.009779911235519245
-0.0005286218642368556	0.0031698607019756686	-0.0043588185620266895	-0.0005218067744066079	-0.012532986167752114	-0.002242452320672328	-0.0005598694523194503	0.007657991650565021
3.30627317806087e-05	0.0017344445121532104	-0.003921952765124859	0.00010228722116822908	-0.012408167368637368	-0.0011190831286380654	0.00012663394281275941	0.008906179641714917
0.0009692037251427532	0.0019216727108251064	-0.002174489577514871	0.00035192481939838594	-0.012345757969079774	-0.000994264329522876	0.00031386214148532154	0.010279186431979337
-0.0004038030651221103	0.0008607129183484385	-0.0035474963677799565	-0.00020975977661974454	-0.01315708016332695	-0.0014935395259827455	-0.0001230036554171754	0.009592683036846905
0.0007819755264701911	0.0022961291081704527	-0.002798583573089486	3.987782161019027e-05	-0.013094670763769356	-0.0017431771242124583	-0.00018541305497477012	0.012026649619589325
-0.0011527158598116927	0.0034194983002051593	-0.000926301586365641	0.0002895154198403471	-0.012096120370849395	-0.0015559489255403403	-0.0001230036554171754	0.010778461628439429
0.001031613124700348	0.002857813704187917	-0.0022368989770726877	-8.494097750455509e-05	-0.012033710971292688	-0.002492089918902929	1.8151436975699653e-06	0.011340146224456449
-0.0011527158598116927	0.004230820494452336	-0.001550395581940256	-0.00014735037706214982	-0.012096120370849395	-0.0027417275171324196	-0.00024782245453192076	0.010965689827111769
0.0003451097295679162	0.0040435922957804404	-0.0029234023722051194	0.00035192481939838594	-0.011784073373062531	-0.001805586523770053	0.0004386809406000669	0.010154367632864592
0.0012188413233731321	0.0025457667064003875	-0.003921952765124859	-0.00014735037706214982	-0.012033710971292688	-0.0021800429211151773	-0.0003102318540895155	0.008469313844812643
-9.175606733413666e-05	0.0012351693156931187	-0.003609905767337551	0.0002895154198403471	-0.011222388777044623	-0.0008070361308507579	0.00031386214148532154	0.008282085646139636
0.0019677541180627145	-0.0009491596688189219	-0.0064807381469815795	-0.00039698797529164054	-0.012720214366424676	-0.0014935395259827455	-0.0003726412536471102	0.00578570966384051
-0.0004038030651221103	-7.54280750143721e-05	-0.00492050315804482	-8.494097750455509e-05	-0.012470576768194519	-0.0006822173317355684	-6.059425585913658e-05	0.008219676246582042
0.0008443849260275638	-0.0004498844723588302	-0.0036723151668942577	0.00010228722116822908	-0.01296985196465461	-0.000744626731292497	-6.059425585913658e-05	0.008968589041272068
-0.00027898426600692083	0.00048625652100309225	-0.003921952765124859	-0.00014735037706214982	-0.013968402357574572	-0.0016807677246553077	0.00018904334237057618	0.011589783822686606
0.0003451097295679162	0.0029826325033028844	-0.0013631673832674718	-0.00020975977661974454	-0.014093221156689317	-0.0023048617202299226	-6.059425585913658e-05	0.012775562414278463
-0.0014647628575992222	0.0036067264988774994	-0.0012383485841527264	-0.00014735037706214982	-0.014218039955804729	-0.0029289557158047597	-0.0001230036554171754	0.012276287217819037
-0.0012151252593692874	0.00579105548338954	0.0001970676056697318	0.0002271060202827524	-0.012720214366424676	-0.0021800429211151773	0.00031386214148532154	0.013274837610738999
0.000594747327797851	0.0037939546975500615	-0.0018624425797275634	-0.00014735037706214982	-0.013406717761557108	-0.0029289557158047597	-0.00018541305497477012	0.011090508626226958
-2.9346667776986024e-05	0.003045041902860479	-0.0037971339660096692	-8.494097750455509e-05	-0.012845033165539865	-0.002055224122000432	-0.0001230036554171754	0.00953027363728931
0.0012188413233731321	0.002046491509940296	-0.0036723151668942577	0.00010228722116822908	-0.011846482772620126	-0.0014935395259827455	6.422454325560878e-05	0.006472213058972498
0.0003451097295679162	4.939072410126144e-05	-0.005232550155831905	-2.253157794696037e-05	-0.011784073373062531	-0.0009318549299652812	-0.0001230036554171754	0.005598481465167726
0.0017805259193903744	-0.00013783747457152273	-0.005544597153619657	-2.253157794696037e-05	-0.011659254573947342	-0.0006198079321779737	0.0002514527419281709	0.0074083540523348645
-0.0007158500629094178	0.00048625652100309225	-0.0031106305708774595	0.00010228722116822908	-0.012720214366424676	-0.0014311301264249288	-0.0001230036554171754	0.007845219849237361
0.0012812507229302827	0.0008607129183484385	-0.0011759391845951317	-8.494097750455509e-05	-0.012720214366424676	-0.0017431771242124583	-6.059425585913658e-05	0.010091958233306997
-2.9346667776986024e-05	0.004293229894009931	0.00013465820611213708	-2.253157794696037e-05	-0.013656355359787042	-0.0026169087180176742	6.422454325560878e-05	0.01183942142091654
-0.0005286218642368556	0.00454286749224031	-0.0001773887916751704	0.0002895154198403471	-0.013344308361999735	-0.002055224122000432	0.0004386809406000669	0.012525924816048528
0.000407519129125955	0.004230820494452336	-0.0011759391845951317	-0.00014735037706214982	-0.013406717761557108	-0.0028041369166900143	-0.0001230036554171754	0.011090508626226958
-0.0010278970606969473	0.003481907699762754	-0.0019248519792851582	-8.494097750455509e-05	-0.012595395567309708	-0.0021800429211151773	-0.0001230036554171754	0.007470763451892459
0.0017181165198327797	0.0011103505165779293	-0.004733274959372036	-8.494097750455509e-05	-0.01290744256509746	-0.001805586523770053	0.00031386214148532154	0.00703389765498974
0.00022029093045339287	0.0011103505165779293	-0.00492050315804482	0.0002271060202827524	-0.012345757969079774	-0.0008694455304081306	-0.0001230036554171754	0.005848119063397439
0.0014060695220454722	-0.0005747032714740197	-0.005357368954946873	3.987782161019027e-05	-0.011971301571735093	-0.0004325797335051895	0.00018904334237057618	0.005348843866937347
0.0008443849260275638	-0.0008867502692615492	-0.003984362164682453	3.987782161019027e-05	-0.012283348569522179	-0.0010566737290804706	-0.00018541305497477012	0.006284984860300158
-0.0009030782615813138	0.0012351693156931187	-0.001737623780612818	3.987782161019027e-05	-0.012033710971292688	-0.0009318549299652812	0.00012663394281275941	0.008406904445255048
0.0009692037251427532	0.0024833573068427928	-0.0014255767828250665	-8.494097750455509e-05	-0.012845033165539865	-0.001992814722442837	1.8151436975699653e-06	0.00903099844082944
-0.001527172257156817	0.0044180486931246765	0.0006339334025720067	-8.494097750455509e-05	-0.012096120370849395	-0.0018679959233276477	1.8151436975699653e-06	0.010965689827111769
0.0001578815308955761	0.0038563640971078783	-0.00011497939211757569	-8.494097750455509e-05	-0.012720214366424676	-0.002492089918902929	-0.0001230036554171754	0.010154367632864592
-0.0005286218642368556	0.0040435922957804404	-0.0011759391845951317	0.0001646966207258238	-0.012220939169964584	-0.0016807677246553077	0.0002514527419281709	0.009405454838174121
0.0005323379282402563	0.003669135898435094	-0.0013631673832674718	0.0002895154198403471	-0.011721663973504937	-0.0014311301264249288	1.8151436975699653e-06	0.0074083540523348645
-0.00027898426600692083	0.0017344445121532104	-0.0036723151668942577	0.0001646966207258238	-0.011534435774832597	-0.000994264329522876	6.422454325560878e-05	0.006035347262069779
0.0019677541180627145	0.0011103505165779293	-0.004483637361141879	-0.00014735037706214982	-0.010910341779257315	-0.0006822173317355684	-6.059425585913658e-05	0.005910528462955256
0.0017805259193903744	-1.3018675456777373e-05	-0.0052949595553895	-2.253157794696037e-05	-0.011035160578372727	-0.000994264329522876	-0.0001230036554171754	0.004974387469592445
0.00022029093045339287	0.0012975787152504914	-0.00385954336556682	0.0001646966207258238	-0.010223838384125328	-0.000557398532620379	0.00018904334237057618	0.005910528462955256
0.00046992852868266155	0.0015472163134804262	-0.00261135537441759	-0.00014735037706214982	-0.01097275117881491	-0.0014935395259827455	-0.00018541305497477012	0.006659441257644838
-0.0002165748664493261	0.001609625713038021	-0.0029234023722051194	-8.494097750455509e-05	-0.011472026375275002	-0.0014935395259827455	1.8151436975699653e-06	0.008032448047909257
0.0008443849260275638	0.002608176105957538	-0.002174489577514871	3.987782161019027e-05	-0.011472026375275002	-0.0015559489255403403	0.00012663394281275941	0.008656542043484539
-0.001277534658926438	0.0025457667064003875	-0.0016752143810547793	0.00010228722116822908	-0.012657804966867525	-0.0016807677246553077	-0.00018541305497477012	0.00734594465277727
0.0012188413233731321	0.0012351693156931187	-0.0034850869682223617	-0.0003345785757340458	-0.012408167368637368	-0.0014311301264249288	-0.0003726412536471102	0.00722112585366208
-0.001090306460254098	0.001609625713038021	-0.0026737647739747405	0.0004767436185131313	-0.011159979377487916	-0.0003701703339480389	0.0004386809406000669	0.007595582251007427
3.30627317806087e-05	0.0003614377218883469	-0.004733274959372036	-0.00027216917617733927	-0.011846482772620126	-0.0009318549299652812	-0.00018541305497477012	0.005910528462955256
0.0012188413233731321	0.001609625713038021	-0.0035474963677799565	0.00010228722116822908	-0.011159979377487916	-0.0006822173317355684	-6.059425585913658e-05	0.006222575460742563
-0.00034139366556451556	0.0017344445121532104	-0.00242412717574525	0.0002271060202827524	-0.010348657183240295	-0.0001829421352756988	0.00037627154104291627	0.00715871645410493
0.0014684789216026228	0.0012975787152504914	-0.003609905767337551	-0.00014735037706214982	-0.011159979377487916	-0.0010566737290804706	-0.00018541305497477012	0.00734594465277727
-0.0009030782615813138	0.0027329949050731717	-0.0019248519792851582	-0.00014735037706214982	-0.01059829478147023	-0.0006822173317355684	1.8151436975699653e-06	0.007470763451892459
0.0009692037251427532	0.002420947907285198	-0.001987261378842309	3.987782161019027e-05	-0.011097569977929878	-0.0008694455304081306	1.8151436975699653e-06	0.007470763451892459
-0.00034139366556451556	0.002420947907285198	-0.0024865365753024005	-2.253157794696037e-05	-0.011097569977929878	-0.0008694455304081306	-0.0001230036554171754	0.007720401050122172
0.000407519129125955	0.002795404304629878	-0.0020496707783999035	0.00035192481939838594	-0.01059829478147023	-0.00024535153483284944	0.0004386809406000669	0.007845219849237361
0.0008443849260275638	0.0014223975143656808	-0.0035474963677799565	-0.0003345785757340458	-0.011534435774832597	-0.00118149252819566	-0.00043505065320426084	0.0061601660611854125
-0.0010278970606969473	0.0022961291081704527	-0.0022993083766300604	-8.494097750455509e-05	-0.0102862477836827	-0.0004949891330632283	1.8151436975699653e-06	0.00678426005676025
0.0014684789216026228	0.001609625713038021	-0.00261135537441759	0.0002895154198403471	-0.010036610185452544	-0.00024535153483284944	0.00018904334237057618	0.006222575460742563
-2.9346667776986024e-05	0.0017344445121532104	-0.0035474963677799565	-8.494097750455509e-05	-0.010036610185452544	-0.000557398532620379	6.422454325560878e-05	0.005286434467380641
0.001031613124700348	0.001609625713038021	-0.0028609929726475247	-8.494097750455509e-05	-0.009724563187665458	-0.0006198079321779737	-0.0001230036554171754	0.005099206268708079
-0.00015416546689173138	0.000548665920560687	-0.003984362164682453	-8.494097750455509e-05	-0.009974200785895393	-0.0003701703339480389	6.422454325560878e-05	0.004599931072248209
0.001842935318947525	0.000985531717463184	-0.004171590363354349	-8.494097750455509e-05	-0.009911791386337354	-0.0001829421352756988	1.8151436975699653e-06	0.005099206268708079
-0.000653440663351601	0.0006734847196758764	-0.0043588185620266895	0.00010228722116822908	-0.010411066582797446	-0.000557398532620379	-0.0001230036554171754	0.00453752167269017
-0.00015416546689173138	0.000985531717463184	-0.003235449369991983	0.0001646966207258238	-0.009350106790320556	-5.8123336160509353e-05	0.0002514527419281709	0.004974387469592445
0.0005323379282402563	0.0009231223179055892	-0.00242412717574525	-8.494097750455509e-05	-0.009412516189877485	-0.0006198079321779737	-0.00018541305497477012	0.004787159270920549
-0.00034139366556451556	0.0010479411170203345	-0.0022993083766300604	-0.00014735037706214982	-0.008975650392975432	-0.0004949891330632283	0.00012663394281275941	0.004787159270920549
0.0007819755264701911	0.002046491509940296	-0.0013631673832674718	0.00010228722116822908	-0.008476375196515784	-0.0003701703339480389	-0.0001230036554171754	0.005660890864725321
-0.000653440663351601	0.0027329949050731717	-0.00023979819123320922	0.0002895154198403471	-0.007228187205365444	0.00031633306118439286	-0.0003102318540895155	0.0038510182775577384
0.0012812507229302827	0.0014223975143656808	-0.002174489577514871	-0.00027216917617733927	-0.007040959006693326	-0.00012053273571810408	-0.00018541305497477012	0.003975837076673372
-0.0007158500629094178	0.001984082110382701	-0.001737623780612818	0.0002895154198403471	-0.006167227412888554	0.00031633306118439286	0.00031386214148532154	0.0036013806793282477
0.0014684789216026228	0.0012975787152504914	-0.0033602681691071723	-8.494097750455509e-05	-0.006354455611561116	6.669546295445805e-05	1.8151436975699653e-06	0.002290783288620535
0.001031613124700348	0.0006110753201180597	-0.0027361741735323353	-2.253157794696037e-05	-0.005917589814658619	6.669546295445805e-05	-0.00018541305497477012	0.0021659644895057895
-0.0002165748664493261	0.00029902832233075216	-0.002548945974859995	3.987782161019027e-05	-0.005355905218640933	0.0001915142620692034	0.00012663394281275941	0.002478011487293319
0.0013436601224878775	0.0004238471214454975	-0.002361717776187655	3.987782161019027e-05	-0.005355905218640933	-0.0001829421352756988	1.8151436975699653e-06	0.0019163268912760767
-0.0013399440584840328	0.0012975787152504914	-0.0010511203854803863	-0.00039698797529164054	-0.004731811223065874	-0.0004325797335051895	-0.0003102318540895155	0.0025404208868504696
0.0011564319238150933	0.001796853911710361	-0.0003646169903479546	0.00035192481939838594	-0.004107717227491037	-0.0001829421352756988	0.00018904334237057618	0.002041145690391044
-0.0005286218642368556	0.0016720351125956157	-0.0003646169903479546	0.00010228722116822908	-0.0026723010376694667	-0.0006822173317355684	-0.0001230036554171754	0.0010425952974708608
0.0005323379282402563	0.0016720351125956157	-0.00023979819123320922	-0.00014735037706214982	-0.0024850728389966825	-0.00030776093439044416	1.8151436975699653e-06	0.00023127310322368366
-0.0002165748664493261	0.00048625652100309225	-0.0029234023722051194	-2.253157794696037e-05	-0.002360254039881493	-0.0006198079321779737	-0.00018541305497477012	-0.0011417336870409578
-0.0002165748664493261	-0.0005747032714740197	-0.002361717776187655	3.987782161019027e-05	-0.001548931845634316	0.00012910486251205278	0.00018904334237057618	-0.0012665524861559252
0.001842935318947525	-0.002634213456871315	-0.004046771564239604	-0.00020975977661974454	-0.0022978446403241204	-0.0004949891330632283	-0.00018541305497477012	-0.0026395592764205666
0.0005323379282402563	-0.001573253664393981	-0.0035474963677799565	0.0002271060202827524	-0.0012368848478470085	4.286063396863327e-06	0.0002514527419281709	-0.002389921678190632
0.0009692037251427532	-0.001573253664393981	-0.0018624425797275634	0.00010228722116822908	-0.0006752002518293221	6.669546295445805e-05	6.422454325560878e-05	-0.002202693479518736
-0.0004038030651221103	-0.0014484348652787915	-0.001987261378842309	-0.0003345785757340458	-0.0012368848478470085	-0.0008694455304081306	-0.0001230036554171754	-0.0012041430865985525
0.0007195661269130404	0.0004238471214454975	7.224880655454236e-05	3.987782161019027e-05	0.00044816894020494047	-0.0004325797335051895	6.422454325560878e-05	-0.0001431832941209965
-0.001277534658926438	0.0013599881148083082	0.0016948931950495627	-2.253157794696037e-05	-5.1106256254707105e-05	-0.0008694455304081306	-6.059425585913658e-05	-0.0009545054883681736
0.0012188413233731321	0.0010479411170203345	0.0013204367977039944	-2.253157794696037e-05	0.0008226253375505088	-5.8123336160509353e-05	6.422454325560878e-05	-0.0008296866892538723
0.0009067943255858246	0.0006734847196758764	0.0004467052038992225	0.0001646966207258238	0.0011346723353378163	-0.00030776093439044416	6.422454325560878e-05	-0.0016410088835010495
9.547213133798138e-05	-0.0010739784679341113	-0.0018000331801704128	-0.00027216917617733927	0.00044816894020494047	-0.00024535153483284944	-0.0001230036554171754	-0.0028891968746507235
0.0012812507229302827	-0.0008867502692615492	-0.001987261378842309	3.987782161019027e-05	0.0007602159379929141	4.286063396863327e-06	-0.0001230036554171754	-0.0032636532719954037
0.0001578815308955761	-0.001323616066163602	-0.0020496707783999035	0.0001646966207258238	0.0010722629357802216	0.0005035612598562889	0.00031386214148532154	-0.003450881470667966
0.001655707120275185	-0.0020725288608540726	-0.0028609929726475247	-0.00014735037706214982	1.130314330288762e-05	-0.00030776093439044416	-0.00024782245453192076	-0.0022651028790754424
-0.0009030782615813138	-0.0005747032714740197	-0.0008014827872504515	-0.0003345785757340458	7.37125428602603e-05	-0.00030776093439044416	0.0002514527419281709	-0.0007672772896962776
0.0012188413233731321	0.00048625652100309225	0.0001970676056697318	-2.253157794696037e-05	-0.0008624284505018842	-0.0003701703339480389	6.422454325560878e-05	0.00010645430410849421
-0.0007782594624665684	0.000985531717463184	0.001819711994164086	-8.494097750455509e-05	-0.0017361600443071001	-0.0006822173317355684	-0.0001230036554171754	0.0013546422952581683
-0.0007158500629094178	0.0018592633112683998	0.001008389799917131	0.0001646966207258238	-0.003483623231916644	-0.00024535153483284944	0.00012663394281275941	0.0026028302864085084
0.0011564319238150933	0.001172759916135968	-0.00011497939211757569	0.0001646966207258238	-0.005168677019968593	-5.8123336160509353e-05	0.00018904334237057618	0.002914877284195816
-0.0011527158598116927	0.0006734847196758764	-0.0013631673832674718	-0.0003345785757340458	-0.006853730808020986	-0.00030776093439044416	-0.00024782245453192076	0.0032269242819829014
0.0015308883211602176	-0.0006995220705892091	-0.0031106305708774595	-2.253157794696037e-05	-0.00860119399563053	0.00012910486251205278	1.8151436975699653e-06	0.004038246476230523
0.0001578815308955761	-0.000512293871916425	-0.004109180963797199	3.987782161019027e-05	-0.009599744388550269	0.0005659706594147718	6.422454325560878e-05	0.005224025067822602
0.0012812507229302827	0.0001742095232160068	-0.0031106305708774595	0.0001646966207258238	-0.011846482772620126	0.0006283800589719224	0.00018904334237057618	0.006659441257644838
-0.00015416546689173138	4.939072410126144e-05	-0.0031106305708774595	-0.00027216917617733927	-0.013094670763769356	-0.00024535153483284944	-0.00043505065320426084	0.007470763451892459
0.0009067943255858246	0.0015472163134804262	0.0005091146034568172	0.00041433421895553657	-0.012220939169964584	0.00112765525543157	0.0005634997397152564	0.010466414630652121
0.0006571567273554457	0.003045041902860479	-0.00011497939211757569	-8.494097750455509e-05	-0.013593945960229448	-0.0001829421352756988	-0.00018541305497477012	0.009779911235519245
-0.001277534658926438	0.004230820494452336	0.001008389799917131	0.00010228722116822908	-0.012720214366424676	0.0005659706594147718	6.422454325560878e-05	0.010528824030209272
0.00022029093045339287	0.003918773496665251	0.0011332085990320984	0.0002895154198403471	-0.011846482772620126	0.0006283800589719224	0.0002514527419281709	0.010154367632864592
-0.00034139366556451556	0.002795404304629878	-0.0006142545885778894	0.00010228722116822908	-0.011908892172177499	0.0005035612598562889	0.00018904334237057618	0.00715871645410493
0.0005323379282402563	0.002046491509940296	-0.001550395581940256	-0.0003345785757340458	-0.011534435774832597	0.00025392366162679814	0.00037627154104291627	0.00715871645410493
-0.00034139366556451556	0.0019216727108251064	-0.0014879861823824392	0.00035192481939838594	-0.01047347598235504	0.0003787424607419876	-0.00018541305497477012	0.004974387469592445
0.0015308883211602176	0.00029902832233075216	-0.0033602681691071723	3.987782161019027e-05	-0.009162878591648216	0.0008780176572020792	6.422454325560878e-05	0.005348843866937347
-0.0005286218642368556	0.0014223975143656808	-0.001987261378842309	0.00010228722116822908	-0.00860119399563053	0.0005659706594147718	6.422454325560878e-05	0.005224025067822602
-9.175606733413666e-05	0.001172759916135968	-0.0022368989770726877	-8.494097750455509e-05	-0.008101918799170216	0.00031633306118439286	6.422454325560878e-05	0.004724749871362954
0.00046992852868266155	0.002046491509940296	-0.000926301586365641	3.987782161019027e-05	-0.006978549607135731	0.00012910486251205278	-6.059425585913658e-05	0.004599931072248209
-0.000653440663351601	0.001609625713038021	-0.0008638921868080462	0.00010228722116822908	-0.006292046212003521	0.00025392366162679814	0.00018904334237057618	0.004412702873575425
0.0007819755264701911	0.000548665920560687	-0.0021120801779574983	-0.00039698797529164054	-0.006666502609348646	-0.0008694455304081306	-0.0004974600527618556	0.002914877284195816
-0.0010278970606969473	0.0011103505165779293	-0.0008638921868080462	0.00010228722116822908	-0.0046069924239513504	0.00031633306118439286	-0.0001230036554171754	0.0008553670987989648
0.0010940225242579427	-0.0005747032714740197	-0.0024865365753024005	-0.00020975977661974454	-0.00367085143058854	0.00012910486251205278	6.422454325560878e-05	0.00023127310322368366
-0.0002165748664493261	-0.0006995220705892091	-0.0027361741735323353	0.00010228722116822908	-0.00242266343943931	0.0001915142620692034	6.422454325560878e-05	-0.0002680020932359639
0.0009692037251427532	-0.0004498844723588302	-0.00261135537441759	-0.0003345785757340458	-0.0024850728389966825	-0.00012053273571810408	-0.00024782245453192076	-0.0012041430865985525
0.0014684789216026228	-7.54280750143721e-05	-0.0019248519792851582	0.0001646966207258238	-0.0013617036469617538	0.00012910486251205278	1.8151436975699653e-06	-0.0011417336870409578
-0.0005910312637940063	0.000985531717463184	-5.256999256086914e-05	0.0002895154198403471	-5.1106256254707105e-05	0.0007531988580866678	0.0004386809406000669	4.404490455089949e-05
0.0012812507229302827	0.00023661892277315744	-0.0008014827872504515	-2.253157794696037e-05	-0.0007376096513869168	-5.8123336160509353e-05	1.8151436975699653e-06	-0.0007048678901386829
-0.0007158500629094178	0.000985531717463184	-0.0005518451890202947	-0.00020975977661974454	-0.00036315325404223664	-0.0001829421352756988	-0.0003102318540895155	-8.077389456340178e-05
0.0009692037251427532	0.0014223975143656808	0.0007587522016867521	0.00041433421895553657	0.0009474441366650321	0.0005659706594147718	-0.0003102318540895155	-0.0016410088835010495
-0.000653440663351601	-0.00032506567324408486	-0.001113529785037537	-0.00045939737484923526	0.0008226253375505088	-0.0004949891330632283	-0.00018541305497477012	-0.0020778746804035464
0.0007195661269130404	4.939072410126144e-05	-0.0004894357894626999	0.0001646966207258238	0.0015715381322398692	-5.8123336160509353e-05	0.00018904334237057618	-0.0017658276826157948
-0.0007782594624665684	0.00011180012365841208	-0.0007390733876928568	3.987782161019027e-05	0.0012594911344530058	-0.0003701703339480389	1.8151436975699653e-06	-0.002764378075535534
-0.0009654876611393526	-0.0002626562736867122	-5.256999256086914e-05	-0.00020975977661974454	0.001821175730470248	-0.0004325797335051895	-0.0001230036554171754	-0.003014015673765913
0.001031613124700348	4.939072410126144e-05	0.0001970676056697318	0.0001646966207258238	0.002008403929142588	-0.0003701703339480389	6.422454325560878e-05	-0.003014015673765913
9.547213133798138e-05	-0.0003874750728012355	-0.0003646169903479546	0.0001646966207258238	0.002008403929142588	-0.00024535153483284944	0.00018904334237057618	-0.0028891968746507235
0.0009067943255858246	-0.00020024687412911746	-0.0006142545885778894	-0.00020975977661974454	0.0017587663309122092	-0.0009318549299652812	-0.00024782245453192076	-0.0030764250733235077
-0.0002165748664493261	-0.0007619314701468038	-0.0008014827872504515	-2.253157794696037e-05	0.001821175730470248	-0.0003701703339480389	-0.00024782245453192076	-0.003950156667127835
0.001842935318947525	-0.001760481863066321	-0.00261135537441759	-2.253157794696037e-05	0.001384309933567307	-0.0004325797335051895	0.00018904334237057618	-0.002951606274207874
-0.0004662124646792609	-0.001136387867491706	-0.0014255767828250665	-2.253157794696037e-05	0.00013612194241807707	-0.000994264329522876	-6.059425585913658e-05	-0.0031388344728806583
0.0012188413233731321	-0.0021349382604112233	-0.001737623780612818	-0.00014735037706214982	-0.00036315325404223664	-0.0008694455304081306	-0.0001230036554171754	-0.002764378075535534
0.00046992852868266155	-0.0006371126710316144	0.00013465820611213708	3.987782161019027e-05	-5.1106256254707105e-05	-0.0006822173317355684	-0.0001230036554171754	-0.0018282370821733895
-0.000653440663351601	-0.0003874750728012355	0.0001970676056697318	-2.253157794696037e-05	-0.0006127908522726155	-0.0008694455304081306	-6.059425585913658e-05	-0.0012665524861559252
0.0010940225242579427	0.00011180012365841208	0.0008835710008019415	0.00010228722116822908	-0.0010496566491742243	-0.0004325797335051895	6.422454325560878e-05	-0.0007048678901386829
-0.0011527158598116927	0.0012975787152504914	0.0014452555968191838	3.987782161019027e-05	-0.0012368848478470085	6.669546295445805e-05	0.00012663394281275941	0.0009177764983565595
0.0012188413233731321	0.0003614377218883469	7.224880655454236e-05	-2.253157794696037e-05	-0.0033588044328014544	4.286063396863327e-06	6.422454325560878e-05	0.0025404208868504696
-0.0004038030651221103	0.0006110753201180597	-0.0006766639881352621	-8.494097750455509e-05	-0.007665053002268163	0.000690789458529073	1.8151436975699653e-06	0.004100655875788117
0.001031613124700348	0.001172759916135968	-0.0013007579837103211	0.00010228722116822908	-0.010223838384125328	0.0015021116527764722	0.00012663394281275941	0.006222575460742563
3.30627317806087e-05	0.0006110753201180597	-0.002174489577514871	3.987782161019027e-05	-0.012720214366424676	0.0013148834541043541	1.8151436975699653e-06	0.007782810449679767
-0.001277534658926438	0.002046491509940296	-0.001550395581940256	-0.00027216917617733927	-0.014654905752707004	0.0013772928536619489	-0.0001230036554171754	0.010216777032421742
0.0007819755264701911	0.0024833573068427928	-0.0010511203854803863	3.987782161019027e-05	-0.01658959713898911	0.001564521052334067	-6.059425585913658e-05	0.012026649619589325
-0.0014647628575992222	0.004168411094894742	0.0004467052038992225	3.987782161019027e-05	-0.01702646293589183	0.002188615047909126	0.00018904334237057618	0.01396134100587143
-0.00027898426600692083	0.004667686291354833	0.0006339334025720067	-0.00020975977661974454	-0.0184618791257134	0.0016269304518916616	-0.00024782245453192076	0.015147119597463732
-0.0009030782615813138	0.00454286749224031	7.224880655454236e-05	0.00010228722116822908	-0.01896115432217349	0.002188615047909126	6.422454325560878e-05	0.014710253800561013
0.00046992852868266155	0.004605276891797239	-0.0008014827872504515	0.00010228722116822908	-0.01995970471509345	0.002188615047909126	-0.00024782245453192076	0.014210978604101365
-0.001277534658926438	0.003481907699762754	-0.001987261378842309	3.987782161019027e-05	-0.02045897991155332	0.0021262056483515313	0.00012663394281275941	0.013337247010296593
0.0015932977207178123	0.0022961291081704527	-0.004670865559814441	-8.494097750455509e-05	-0.020271751712880537	0.0021262056483515313	1.8151436975699653e-06	0.012713153014721312
0.0008443849260275638	0.0008607129183484385	-0.00492050315804482	-8.494097750455509e-05	-0.020271751712880537	0.002001386849236342	-0.0003102318540895155	0.012089059019146031
3.30627317806087e-05	0.001172759916135968	-0.00492050315804482	3.987782161019027e-05	-0.019210791920403425	0.0023134338470238713	0.0002514527419281709	0.012026649619589325
0.0007819755264701911	0.002046491509940296	-0.0034850869682223617	0.00010228722116822908	-0.018524288525270993	0.0022510244474662766	6.422454325560878e-05	0.011901830820474135
-0.0012151252593692874	0.002608176105957538	-0.0024865365753024005	-8.494097750455509e-05	-0.018025013328811346	0.002438252646139061	-0.0001230036554171754	0.012401106016933783
0.0007819755264701911	0.0032322701015328192	-0.0016128049814976286	0.0001646966207258238	-0.01740091933323651	0.002563071445254028	0.00012663394281275941	0.012338696617376632
-0.001527172257156817	0.004168411094894742	-0.0007390733876928568	-2.253157794696037e-05	-0.016402368940316547	0.0023134338470238713	-0.00018541305497477012	0.011340146224456449
0.000407519129125955	0.0036067264988774994	-0.0014255767828250665	0.00010228722116822908	-0.015403818547396586	0.0027502996439263683	0.00018904334237057618	0.010778461628439429
-0.0005286218642368556	0.0031698607019756686	-0.003173039970434832	3.987782161019027e-05	-0.014904543350936938	0.002563071445254028	1.8151436975699653e-06	0.009405454838174121
-0.00027898426600692083	0.0010479411170203345	-0.004608456160257068	-0.00014735037706214982	-0.014654905752707004	0.0026878902443687736	-6.059425585913658e-05	0.008094857447466852
0.0014060695220454722	0.0006110753201180597	-0.005482187754062062	-0.00014735037706214982	-0.01428044935536188	0.0023134338470238713	-0.0003726412536471102	0.006721850657202211
-0.00034139366556451556	0.0013599881148083082	-0.0036723151668942577	0.0002895154198403471	-0.012532986167752114	0.0033743936395012053	0.00037627154104291627	0.007533172851449832
0.001031613124700348	0.0007983035187908438	-0.004171590363354349	-0.00027216917617733927	-0.013281898962441918	0.002188615047909126	-0.00043505065320426084	0.007533172851449832
-0.0005286218642368556	0.0024833573068427928	-0.00261135537441759	-8.494097750455509e-05	-0.012345757969079774	0.002375843246581466	-0.0001230036554171754	0.008469313844812643
0.00022029093045339287	0.0034194983002051593	-0.0011759391845951317	-2.253157794696037e-05	-0.011784073373062531	0.0033743936395012053	0.00031386214148532154	0.008968589041272068
-0.0007782594624665684	0.003669135898435094	-0.0008014827872504515	0.00010228722116822908	-0.011534435774832597	0.0028751184430411136	1.8151436975699653e-06	0.008032448047909257
0.000594747327797851	0.003669135898435094	-0.0014255767828250665	-0.00014735037706214982	-0.010847932379700165	0.002999937242156303	-0.0001230036554171754	0.0074083540523348645
0.0014684789216026228	0.0015472163134804262	-0.0031106305708774595	0.0002271060202827524	-0.01072311358058542	0.002438252646139061	0.00012663394281275941	0.006035347262069779
-0.00027898426600692083	0.0008607129183484385	-0.003921952765124859	-8.494097750455509e-05	-0.009974200785895393	0.0020637962487939365	6.422454325560878e-05	0.004599931072248209
0.0014060695220454722	0.0001742095232160068	-0.003921952765124859	0.0002271060202827524	-0.009350106790320556	0.002375843246581466	0.0002514527419281709	0.004100655875788117
-0.0002165748664493261	-0.0011987972670488567	-0.005544597153619657	-0.0006466255735217974	-0.01047347598235504	0.0011900646549891647	-0.000622278851877045	0.0037886088780005878
0.001655707120275185	0.0003614377218883469	-0.0036723151668942577	0.00041433421895553657	-0.008975650392975432	0.002375843246581466	-0.00024782245453192076	0.004163065275345268
-0.000653440663351601	0.0006110753201180597	-0.003235449369991983	-0.00014735037706214982	-0.009662153788107863	0.002375843246581466	0.00012663394281275941	0.004724749871362954
0.0014060695220454722	0.0010479411170203345	-0.00242412717574525	-2.253157794696037e-05	-0.009786972587223053	0.0027502996439263683	1.8151436975699653e-06	0.005848119063397439
-0.0010278970606969473	0.0022961291081704527	-0.0011759391845951317	0.00035192481939838594	-0.01047347598235504	0.003187165440828865	0.00031386214148532154	0.006721850657202211
-0.0005910312637940063	0.001796853911710361	-0.0022993083766300604	-0.00014735037706214982	-0.011784073373062531	0.0031247560412714925	-6.059425585913658e-05	0.006534622458529649
0.000594747327797851	0.0017344445121532104	-0.003048221171319865	-0.00014735037706214982	-0.012595395567309708	0.003062346641713898	-0.0003102318540895155	0.006534622458529649
-0.00015416546689173138	0.001172759916135968	-0.0032978587695495776	0.0002271060202827524	-0.012532986167752114	0.003998487635076264	0.00037627154104291627	0.00715871645410493
0.0015308883211602176	0.00023661892277315744	-0.004421227961584728	-8.494097750455509e-05	-0.013781174158901788	0.003187165440828865	-0.0001230036554171754	0.005972937862512628
-0.0005910312637940063	0.0008607129183484385	-0.0037971339660096692	-2.253157794696037e-05	-0.01290744256509746	0.003686440637288735	-0.0001230036554171754	0.005536072065610131
0.0014684789216026228	0.00048625652100309225	-0.0037971339660096692	-2.253157794696037e-05	-0.011908892172177499	0.003936078235519114	0.00037627154104291627	0.006097756661627818
-2.9346667776986024e-05	0.0014848069139232756	-0.0028609929726475247	3.987782161019027e-05	-0.011596845174389747	0.003686440637288735	-6.059425585913658e-05	0.00578570966384051
0.0009067943255858246	0.0019216727108251064	-0.002361717776187655	-0.0003345785757340458	-0.012283348569522179	0.0033119842399440547	-0.00018541305497477012	0.005910528462955256
0.0014060695220454722	0.0019216727108251064	-0.0022368989770726877	0.0002271060202827524	-0.011971301571735093	0.003436803039059244	0.00012663394281275941	0.006097756661627818
-0.0009654876611393526	0.001796853911710361	-0.0020496707783999035	-2.253157794696037e-05	-0.011846482772620126	0.003936078235519114	-0.0001230036554171754	0.006409803659414903
0.0014060695220454722	0.0007358941192332491	-0.00298581177176227	3.987782161019027e-05	-0.012657804966867525	0.003624031237731584	6.422454325560878e-05	0.005910528462955256
-0.000653440663351601	0.0006734847196758764	-0.0034850869682223617	-0.00020975977661974454	-0.012782623765981826	0.0033743936395012053	-0.0003102318540895155	0.005972937862512628
0.0007819755264701911	0.0006734847196758764	-0.0029234023722051194	-2.253157794696037e-05	-0.012470576768194519	0.003686440637288735	0.00018904334237057618	0.0063473942598573085
-0.00027898426600692083	0.0007358941192332491	-0.00261135537441759	0.0002271060202827524	-0.012033710971292688	0.003998487635076264	-6.059425585913658e-05	0.005848119063397439
0.0008443849260275638	0.0012351693156931187	-0.0021120801779574983	0.0001646966207258238	-0.011347207576160256	0.004684991030208474	0.00018904334237057618	0.00678426005676025
-0.0009654876611393526	0.0024833573068427928	-0.001113529785037537	0.00010228722116822908	-0.011596845174389747	0.004560172231093951	0.00012663394281275941	0.006284984860300158
-0.0010278970606969473	0.002857813704187917	-0.0011759391845951317	-0.00027216917617733927	-0.011659254573947342	0.004684991030208474	-0.0003102318540895155	0.006409803659414903
0.0008443849260275638	0.0027329949050731717	-0.0012383485841527264	0.00010228722116822908	-0.011721663973504937	0.005309085025783533	6.422454325560878e-05	0.00678426005676025
-0.00034139366556451556	0.0021089009094978906	-0.0020496707783999035	3.987782161019027e-05	-0.012657804966867525	0.005808360222243625	0.00012663394281275941	0.00703389765498974
0.0007195661269130404	0.0018592633112683998	-0.002798583573089486	-2.253157794696037e-05	-0.013593945960229448	0.006182816619588305	-0.0001230036554171754	0.008032448047909257
-0.00034139366556451556	0.0014223975143656808	-0.0037347245664522966	3.987782161019027e-05	-0.01434285875491903	0.006557273016933207	-0.00043505065320426084	0.008157266847024891
0.0007195661269130404	0.0006734847196758764	-0.004046771564239604	-0.00020975977661974454	-0.015278999748281397	0.007867870407640476	0.0005010903401576616	0.00953027363728931
-0.00027898426600692083	0.0014848069139232756	-0.004046771564239604	-0.0003345785757340458	-0.01690164413677664	0.0077430516085250645	-0.0003102318540895155	0.008968589041272068
0.000594747327797851	0.0009231223179055892	-0.002798583573089486	-2.253157794696037e-05	-0.01646477833987392	0.009178467798347523	1.8151436975699653e-06	0.010404005231094082
0.001031613124700348	0.00329467950108997	-0.002174489577514871	0.0004767436185131313	-0.016090321942529018	0.008928830200118032	0.0004386809406000669	0.010404005231094082
-0.0016519910562717843	0.0027329949050731717	-0.0011759391845951317	-0.0003345785757340458	-0.016402368940316547	0.009677742994808058	-0.0003102318540895155	0.010154367632864592
0.0009067943255858246	0.003669135898435094	-0.00242412717574525	-2.253157794696037e-05	-0.015591046746068926	0.007867870407640476	-0.0001230036554171754	0.00903099844082944
-0.0007158500629094178	0.003669135898435094	-0.001113529785037537	0.0002271060202827524	-0.014030811757132167	0.009365695997019863	0.00018904334237057618	0.008718951443042133
0.0012812507229302827	0.002420947907285198	-0.0032978587695495776	0.0001646966207258238	-0.013094670763769356	0.0077430516085250645	-0.0003726412536471102	0.004974387469592445
9.547213133798138e-05	0.0017344445121532104	-0.004733274959372036	-0.0003345785757340458	-0.01097275117881491	0.007056548213393077	0.00037627154104291627	0.00466234047180536
0.0015308883211602176	4.939072410126144e-05	-0.004670865559814441	-0.00020975977661974454	-0.010910341779257315	0.0048098098293236635	-0.00018541305497477012	0.002852467884638221
0.0003451097295679162	-0.00020024687412911746	-0.004296409162469539	0.00010228722116822908	-0.009849381986780648	0.00593317902135837	1.8151436975699653e-06	0.0031021054828686
-0.00015416546689173138	-7.54280750143721e-05	-0.003921952765124859	3.987782161019027e-05	-0.00860119399563053	0.004123306434191676	0.00018904334237057618	0.0030396960833110054
0.0009067943255858246	0.0003614377218883469	-0.0014255767828250665	0.00010228722116822908	-0.007852281200940725	0.004435353431978761	6.422454325560878e-05	0.002914877284195816
-0.0015895816567141896	0.0004238471214454975	-0.0009887109859223475	-0.00045939737484923526	-0.006916140207578136	0.00324957484038646	-0.0003102318540895155	0.0025404208868504696
0.0009692037251427532	0.0021089009094978906	0.00013465820611213708	0.0001646966207258238	-0.005355905218640933	0.002375843246581466	1.8151436975699653e-06	0.0017290986926037366
-0.001090306460254098	0.0014223975143656808	0.0012580273981463996	0.0001646966207258238	-0.003483623231916644	0.003624031237731584	-0.0003726412536471102	-0.0011417336870409578
0.0009692037251427532	0.001172759916135968	-0.0010511203854803863	-0.00039698797529164054	-0.0014865224460769433	0.002812709043483963	0.0002514527419281709	-0.0010169148879266565
-0.00034139366556451556	0.0008607129183484385	-0.0004270263899055493	0.0002271060202827524	-0.000924837850059923	0.002001386849236342	0.0002514527419281709	-0.002389921678190632
0.0017805259193903744	0.0003614377218883469	-0.001550395581940256	-0.00020975977661974454	-0.000924837850059923	0.001751749251006851	-0.00018541305497477012	-0.003201243872438253
0.0009692037251427532	0.00048625652100309225	-0.0005518451890202947	-2.253157794696037e-05	-0.0003007438544846419	0.0021262056483515313	-6.059425585913658e-05	-0.002951606274207874
-9.175606733413666e-05	0.0021713103090554853	0.0005091146034568172	3.987782161019027e-05	0.0002609407415330445	0.0010028364563168246	6.422454325560878e-05	-0.002577149876863416
0.0008443849260275638	0.002233719708612858	0.0023813965901815504	0.0002271060202827524	0.0002609407415330445	0.0015021116527764722	0.00018904334237057618	-0.0015785994839434547
-0.0010278970606969473	0.002608176105957538	0.0016948931950495627	-0.00020975977661974454	-0.000924837850059923	-0.0003701703339480389	-0.00018541305497477012	-0.0005176396914663428
0.0005323379282402563	0.001984082110382701	0.00200694019283687	-8.494097750455509e-05	-0.0018609788434214014	0.00025392366162679814	0.00012663394281275941	0.00023127310322368366
-0.0010278970606969473	0.0010479411170203345	0.001008389799917131	0.00010228722116822908	-0.004232536026606226	-0.0008694455304081306	-0.00018541305497477012	-0.0006424584905810882
0.0012188413233731321	-1.3018675456777373e-05	-0.0011759391845951317	0.00010228722116822908	-0.004482173624836605	0.0010652458558739752	0.00012663394281275941	0.00016886370366608894
-0.0007158500629094178	-0.0016980724635087263	-0.0035474963677799565	0.0001646966207258238	-0.005355905218640933	6.669546295445805e-05	6.422454325560878e-05	-0.0005176396914663428
-0.00027898426600692083	-0.0023221664590835633	-0.003235449369991983	-0.00014735037706214982	-0.006104818013330959	0.001751749251006851	-0.0001230036554171754	-1.8364495006695236e-05
0.0011564319238150933	-0.001323616066163602	-0.0033602681691071723	3.987782161019027e-05	-0.006791321408462947	0.0021262056483515313	-0.0001230036554171754	0.0007305482996837753
-9.175606733413666e-05	0.00023661892277315744	-0.001737623780612818	0.0001646966207258238	-0.006728912008905352	0.0034992124386163947	0.00012663394281275941	0.0019163268912760767
0.0005323379282402563	-1.3018675456777373e-05	-0.0016128049814976286	-0.00027216917617733927	-0.007789871801382908	0.003686440637288735	-0.00043505065320426084	0.0032269242819829014
0.0001578815308955761	0.001609625713038021	-0.001737623780612818	0.00035192481939838594	-0.006978549607135731	0.003436803039059244	1.8151436975699653e-06	0.002290783288620535
0.0009692037251427532	-0.0002626562736867122	-0.0020496707783999035	3.987782161019027e-05	-0.005792771015543874	0.0019389774496796353	-6.059425585913658e-05	0.0011674140965858282
-0.0004038030651221103	-0.0008243408697035104	-0.0033602681691071723	3.987782161019027e-05	-0.003233985633686709	0.0005035612598562889	6.422454325560878e-05	-0.0012041430865985525
0.0017181165198327797	-0.0022597570595264127	-0.0022993083766300604	0.0001646966207258238	0.002694907324274576	-0.0021800429211151773	0.00018904334237057618	-0.004886297660490646
0.0010940225242579427	-0.002010119461296034	-0.0004270263899055493	-2.253157794696037e-05	0.007750068688431311	-0.0059246068945644215	1.8151436975699653e-06	-0.009504593227744218
-0.0004038030651221103	0.0001742095232160068	0.0014452555968191838	-2.253157794696037e-05	0.009310303677368958	-0.00785929828084675	-6.059425585913658e-05	-0.009816640225531525
0.000594747327797851	0.002420947907285198	0.005189819570268872	0.0001646966207258238	0.010683310467633378	-0.00736002308438688	0.00012663394281275941	-0.009192546229957133
-0.0014023534580416275	0.0032322701015328192	0.007311739155222874	-8.494097750455509e-05	0.012181136057012987	-0.006673519689254004	6.422454325560878e-05	-0.009317365029071878
0.0010940225242579427	0.0029202231037452897	0.00568909476672852	0.00010228722116822908	0.013616552246835445	-0.008046526479519311	-0.00018541305497477012	-0.011876150410929043
-2.9346667776986024e-05	0.00023661892277315744	0.0007587522016867521	-0.00027216917617733927	0.011057766864978502	-0.00742243248394403	-0.00024782245453192076	-0.012250606808274167
0.002529438714080401	-0.0037575826489060216	-0.004296409162469539	0.00010228722116822908	0.008998256679580985	-0.004676418903414747	0.00012663394281275941	-0.010940009417566676
0.0007819755264701911	-0.007190099624567514	-0.008477838932821502	3.987782161019027e-05	0.005815377302148983	-0.003116183914477544	-0.0001230036554171754	-0.009379774428629473
-0.0007782594624665684	-0.006753233827665239	-0.004109180963797199	-2.253157794696037e-05	0.00500405510790225	0.0003787424607419876	6.422454325560878e-05	-0.006072076252082725
-0.00027898426600692083	-0.0018853006621812884	0.0015700743959339292	3.987782161019027e-05	0.006127424299936957	-0.0003701703339480389	-0.0001230036554171754	-0.004387022464030554
-0.00215126625273121	0.004106001695337147	0.008123061349470495	0.00010228722116822908	0.009123075478696174	-0.000994264329522876	0.0002514527419281709	-0.0025147404773058213
-0.001277534658926438	0.006789605876309501	0.010681846731327216	0.00010228722116822908	0.010620901068075783	-0.0023672711197877394	1.8151436975699653e-06	-0.003388472071110593
-0.0017768098553860856	0.008599478463476862	0.011742806523805216	0.0001646966207258238	0.011931498458783274	-0.001618358325097713	1.8151436975699653e-06	-0.005011116459605391
-9.175606733413666e-05	0.006103102481177292	0.00818547074902809	-2.253157794696037e-05	0.006314652498609297	-0.0014935395259827455	-0.0001230036554171754	-0.0064465326494274056
3.30627317806087e-05	0.0029826325033028844	0.001008389799917131	0.0002271060202827524	0.0030693637216197	-0.0001829421352756988	0.00012663394281275941	-0.006633760848099968
0.0030287139105402705	-0.0016980724635087263	-0.01128626191290838	-2.253157794696037e-05	0.0002609407415330445	-0.0017431771242124583	1.8151436975699653e-06	-0.007632311241019485
0.0034031703078851727	-0.008251059417045292	-0.012035174707598406	-0.00020975977661974454	-0.0006752002518293221	-0.00242968051934489	-0.00024782245453192076	-0.007881948839249864
0.00046992852868266155	-0.0075645560219128605	-0.009476389325741241	-0.00027216917617733927	-0.0007376096513869168	-0.0033658215127077007	-0.00024782245453192076	-0.006009666852525131
0.0014684789216026228	-0.004444086044038897	-0.002548945974859995	0.00035192481939838594	-0.0009872472496166296	-0.003116183914477544	0.00031386214148532154	-0.002389921678190632
-0.0020888568531740592	-0.001323616066163602	0.0023813965901815504	-0.00014735037706214982	-0.0017361600443071001	-0.0051132847003168	-0.0001230036554171754	0.0021659644895057895
-0.0007158500629094178	0.0021089009094978906	0.005065000771153683	-8.494097750455509e-05	-0.0017361600443071001	-0.006735929088811599	0.00012663394281275941	0.0027900584850806265
-0.00215126625273121	0.0016720351125956157	0.005813913565843265	0.00010228722116822908	-0.0024850728389966825	-0.005175694099874839	0.00012663394281275941	-0.0001431832941209965
0.0008443849260275638	-0.00020024687412911746	0.001382846197261589	-2.253157794696037e-05	-0.0031715762341291143	-0.0034282309122644072	1.8151436975699653e-06	-0.0030764250733235077
0.000407519129125955	-0.0038199920484636163	-0.01128626191290838	-0.00020975977661974454	-0.004294945426163821	-0.0013063113273104054	-0.0003102318540895155	-0.006072076252082725
0.0034655797074423234	-0.00924960980996481	-0.014344322491225636	0.0002271060202827524	-0.004731811223065874	0.000940427056759674	0.00031386214148532154	-0.006945807845887497
0.003964854903902193	-0.009062381611292025	-0.014219503692110447	-0.00014735037706214982	-0.0058551804151010245	0.0016269304518916616	-0.00018541305497477012	-0.006758579647215157
0.0011564319238150933	-0.005442636436958415	-0.008852295330166404	0.00010228722116822908	-0.004731811223065874	0.0037488500368463296	1.8151436975699653e-06	-0.003450881470667966
0.0011564319238150933	-0.001136387867491706	-0.0005518451890202947	0.00010228722116822908	-0.002984348035456552	0.004684991030208474	0.00018904334237057618	0.002290783288620535
-0.0022760850518463993	0.004480458092682715	0.0063755981618611735	-0.00020975977661974454	-0.00036315325404223664	0.0016893398514492564	0.00012663394281275941	0.003975837076673372
-0.0018392192549441244	0.008599478463476862	0.013490269711414538	0.0002271060202827524	0.005815377302148983	0.00012910486251205278	-0.00018541305497477012	0.0036637900788853983
-0.0043355952372436946	0.009410800657724483	0.015986645693714108	0.0005391530180702819	0.00643947129772382	-0.0012439019277523666	0.0005634997397152564	0.002041145690391044
-0.0007158500629094178	0.009036344260379137	0.007561376753453253	-0.00027216917617733927	0.003943095315424472	-0.0009318549299652812	-0.00018541305497477012	-0.0004552302919087481
0.0009067943255858246	0.0010479411170203345	0.0015700743959339292	0.00010228722116822908	0.0018835851300273987	0.0013148834541043541	-0.0001230036554171754	-0.0022651028790754424
0.0008443849260275638	-0.0023221664590835633	-0.0033602681691071723	0.0001646966207258238	0.0015715381322398692	0.002625480844811623	0.00018904334237057618	-0.003950156667127835
0.0026542575131951462	-0.0030710792537731457	-0.005981462950521932	-2.253157794696037e-05	0.0010722629357802216	0.002188615047909126	-6.059425585913658e-05	-0.005073525859162764
0.00022029093045339287	-0.0014484348652787915	-0.0034850869682223617	-0.00027216917617733927	0.001197081734894967	0.003936078235519114	-0.0003102318540895155	0.0006681389001261806
0.0009067943255858246	0.0021089009094978906	0.0023813965901815504	0.00035192481939838594	0.0019459945295849934	0.005558722624013246	-0.000622278851877045	0.0031645148824253067
-0.0026505414491913015	0.006227921280292481	0.006562826360533736	-0.0006466255735217974	0.002008403929142588	0.004060897034633637	0.00018904334237057618	0.006409803659414903
-0.0014647628575992222	0.00947321005728119	0.011305940726902497	3.987782161019027e-05	0.0021956321278149282	0.002999937242156303	-6.059425585913658e-05	0.0068466694563174
-0.003586682442554112	0.009535619456838784	0.008497517746815175	0.0002271060202827524	0.0028197261233902093	0.00025392366162679814	0.0002514527419281709	0.00453752167269017
-0.0013399440584840328	0.002420947907285198	0.0021317589919520596	-0.00014735037706214982	0.0019459945295849934	-0.0021800429211151773	6.422454325560878e-05	0.0010425952974708608
0.0014684789216026228	-0.0028838510551012497	-0.0043588185620266895	-2.253157794696037e-05	1.130314330288762e-05	-0.0029913651153623544	-0.00018541305497477012	-0.0025147404773058213
0.0013436601224878775	-0.0069404620263380234	-0.00916434232795349	0.00010228722116822908	-0.0012992942474046032	-0.0028041369166900143	0.0002514527419281709	-0.004262203664915365
0.0032159421092123885	-0.009187200410407659	-0.011785537109368471	-8.494097750455509e-05	-0.0032963950332443037	-0.003303412113150106	-0.0001230036554171754	-0.004636660062260267
0.0012812507229302827	-0.008188650017487697	-0.010225302120430824	-0.00020975977661974454	-0.003483623231916644	-0.002242452320672328	0.0005634997397152564	-0.0020778746804035464
0.002467029314522584	-0.004693723642268388	-0.005232550155831905	0.0004767436185131313	-0.0026723010376694667	-0.0004325797335051895	-0.00024782245453192076	0.00010645430410849421
-0.0007158500629094178	-0.0009491596688189219	-0.0008638921868080462	0.0002895154198403471	-0.0018609788434214014	0.0004411518602995823	0.00018904334237057618	0.0027900584850806265
0.000407519129125955	0.00329467950108997	0.0063755981618611735	0.0001646966207258238	-0.0014241130465193486	0.0016269304518916616	0.00031386214148532154	0.00435029347401783
-0.0004662124646792609	0.0040435922957804404	0.004565725574693591	-0.00020975977661974454	-0.002173025841209375	0.0007531988580866678	-0.00018541305497477012	0.0031645148824253067
-0.0008406688620246072	0.001984082110382701	0.0010707991994745036	0.00010228722116822908	-0.0019233882429794402	0.0003787424607419876	0.0002514527419281709	0.0017915080921608872
0.001655707120275185	-0.0020725288608540726	-0.003984362164682453	-2.253157794696037e-05	-0.002547482238553833	-0.0008694455304081306	-0.0001230036554171754	-0.0012665524861559252
0.0009692037251427532	-0.005442636436958415	-0.007916154336804038	-8.494097750455509e-05	-0.00242266343943931	-0.0017431771242124583	6.422454325560878e-05	-0.005323163457392699
0.0030911233100978652	-0.0075645560219128605	-0.009476389325741241	0.0002271060202827524	-0.0018609788434214014	-0.00242968051934489	-0.00024782245453192076	-0.006196895051197915
0.0009067943255858246	-0.007502146622354822	-0.00878988593060881	-0.00014735037706214982	0.001009853536223071	-0.0028041369166900143	0.00012663394281275941	-0.0051983446582779536
0.002279801115850244	-0.005130589439170885	-0.004982912557601971	3.987782161019027e-05	0.002008403929142588	-0.0023672711197877394	6.422454325560878e-05	-0.003201243872438253
-0.0005286218642368556	-0.0020725288608540726	0.0027558529875264526	-2.253157794696037e-05	0.0027573167238321705	-0.0023048617202299226	1.8151436975699653e-06	-0.0017658276826157948
-0.0017768098553860856	0.0032322701015328192	0.005127410170710833	-8.494097750455509e-05	0.0038182765163092824	-0.0015559489255403403	-0.0001230036554171754	-0.0005800490910234934
3.30627317806087e-05	0.0035443170993203488	0.005439457168498363	0.0002271060202827524	0.004629598710556904	-0.0009318549299652812	0.00018904334237057618	-0.0007672772896962776
-0.0013399440584840328	0.001984082110382701	0.0028182623870840473	-8.494097750455509e-05	0.004629598710556904	-0.0015559489255403403	1.8151436975699653e-06	-0.0024523310777482266
0.001031613124700348	-0.0005747032714740197	-0.0003646169903479546	-2.253157794696037e-05	0.004567189310999309	-0.0021176335215575826	6.422454325560878e-05	-0.0058224386538525685
3.30627317806087e-05	-0.0027590322559860603	-0.003173039970434832	-0.00014735037706214982	0.004005504714982289	-0.0025544993184596354	0.00012663394281275941	-0.00632171385031266
0.002092572917177904	-0.003882401448021211	-0.003921952765124859	0.0001646966207258238	0.0038806859158673213	-0.00242968051934489	0.0002514527419281709	-0.005947257452967536
0.0003451097295679162	-0.003882401448021211	-0.0029234023722051194	-0.00014735037706214982	0.0034438201189650464	-0.0028041369166900143	-0.00018541305497477012	-0.0051983446582779536
0.0012812507229302827	-0.002446985258198753	0.0027558529875264526	-0.00020975977661974454	0.0034438201189650464	-0.0018679959233276477	-0.0003102318540895155	-0.002826787475093351
0.0003451097295679162	0.0034194983002051593	0.0063755981618611735	0.0005391530180702819	0.0038806859158673213	-0.0001829421352756988	0.0005010903401576616	4.404490455089949e-05
-0.0022136756522888046	0.0048549144900276175	0.007623786153010403	-0.00020975977661974454	0.002632497924717425	0.000690789458529073	-0.0001230036554171754	0.001417051694816207
-0.0007158500629094178	0.005541417885160049	0.007561376753453253	-8.494097750455509e-05	0.001384309933567307	0.0021262056483515313	-0.00018541305497477012	0.002478011487293319
-0.0016519910562717843	0.005229370887372298	0.006001141764516049	0.0001646966207258238	0.0008226253375505088	0.003436803039059244	0.0002514527419281709	0.0012922328957010176
9.547213133798138e-05	0.002795404304629878	0.0019445307932792755	-0.00039698797529164054	-0.0011744754482894137	0.002563071445254028	0.00012663394281275941	0.000792957699240926
-0.0004038030651221103	0.0012351693156931187	-0.0004894357894626999	-2.253157794696037e-05	-0.0017361600443071001	0.001564521052334067	-0.0001230036554171754	-0.0007672772896962776
0.0015932977207178123	-0.0006995220705892091	-0.0027361741735323353	-8.494097750455509e-05	-0.0012992942474046032	0.0005035612598562889	1.8151436975699653e-06	-0.001516190084386304
9.547213133798138e-05	-0.001760481863066321	-0.0022368989770726877	3.987782161019027e-05	-0.000924837850059923	-0.0011190831286380654	1.8151436975699653e-06	-0.001953055881288357
-0.0004038030651221103	-0.0010739784679341113	-0.0007390733876928568	-8.494097750455509e-05	-0.00036315325404223664	-0.002055224122000432	-6.059425585913658e-05	-0.0014537806848282653
0.001031613124700348	0.00011180012365841208	0.0013204367977039944	0.00035192481939838594	0.00038575954064734574	-0.00242968051934489	0.0002514527419281709	-0.0005800490910234934
-0.0012151252593692874	0.00029902832233075216	0.0017573025946064913	-0.0003345785757340458	-5.1106256254707105e-05	-0.0029289557158047597	-0.00024782245453192076	-0.00039282089235115336
0.000407519129125955	0.0004238471214454975	0.0017573025946064913	3.987782161019027e-05	-0.00017592505536945247	-0.0023672711197877394	-6.059425585913658e-05	0.0002936825027808343
-0.0009654876611393526	-1.3018675456777373e-05	0.0006339334025720067	-2.253157794696037e-05	-0.00036315325404223664	-0.0013063113273104054	0.00018904334237057618	-0.00020559269367859123
0.0012812507229302827	-0.0008867502692615492	-0.0009887109859223475	0.0002271060202827524	-0.0012992942474046032	-0.0001829421352756988	-0.0001230036554171754	-0.0010169148879266565
-0.0004662124646792609	-0.0020725288608540726	-0.003173039970434832	0.0001646966207258238	-0.0011120660487322631	0.0005035612598562889	0.00018904334237057618	-0.0013913712852706706
0.0017181165198327797	-0.0023221664590835633	-0.0036723151668942577	-0.00027216917617733927	-0.0014241130465193486	0.0005035612598562889	-0.00018541305497477012	-0.0017658276826157948
0.0015308883211602176	-0.0013860254657211968	-0.001987261378842309	0.00010228722116822908	-0.0007376096513869168	0.0005035612598562889	0.00012663394281275941	-0.0013913712852706706
-0.0007782594624665684	-0.00020024687412911746	-0.00011497939211757569	-0.00020975977661974454	-0.00017592505536945247	0.0001915142620692034	-0.00024782245453192076	-0.0010169148879266565
0.0009692037251427532	0.0012975787152504914	0.002443805989738923	0.0002895154198403471	0.0013219005340106005	0.00025392366162679814	0.00031386214148532154	-0.00020559269367859123
-0.0012151252593692874	0.0019216727108251064	0.0033799469831017337	-0.00020975977661974454	0.0017587663309122092	-0.0004949891330632283	-0.0001230036554171754	-0.0003304114927937807
0.00022029093045339287	0.0021713103090554853	0.0038168127800035645	-2.253157794696037e-05	0.0023204509269301177	-0.0006198079321779737	0.00018904334237057618	-8.077389456340178e-05
-0.001090306460254098	0.0021713103090554853	0.003504765782216479	0.0001646966207258238	0.002445269726045085	-0.00024535153483284944	-0.00018541305497477012	-0.0011417336870409578
0.000407519129125955	0.000985531717463184	0.0018821213937221248	0.0001646966207258238	0.0028197261233902093	0.0004411518602995823	0.00031386214148532154	-0.001079324287483363
-0.000653440663351601	0.0007358941192332491	-0.0008014827872504515	-0.00027216917617733927	0.0021956321278149282	-0.0004325797335051895	-0.0003726412536471102	-0.0026395592764205666
-0.00015416546689173138	-0.00020024687412911746	-0.0003646169903479546	0.00035192481939838594	0.0034438201189650464	6.669546295445805e-05	0.0005010903401576616	-0.0022651028790754424
0.001031613124700348	-0.0006995220705892091	-0.0008014827872504515	-8.494097750455509e-05	0.0028197261233902093	-0.001368720726867556	-0.0001230036554171754	-0.0033260626715529984
-0.0007158500629094178	-0.0003874750728012355	-0.0001773887916751704	-0.00027216917617733927	0.0027573167238321705	-0.0016807677246553077	-0.0003102318540895155	-0.0030764250733235077
0.0013436601224878775	0.0004238471214454975	0.0012580273981463996	0.0006015624176283207	0.003256591920292262	-0.0014311301264249288	0.0005010903401576616	-0.0022651028790754424
-0.0009030782615813138	-0.00020024687412911746	0.0006339334025720067	-0.00020975977661974454	0.0021956321278149282	-0.002492089918902929	-0.0001230036554171754	-0.0022651028790754424
0.0009692037251427532	-0.0006995220705892091	9.839406997169675e-06	-8.494097750455509e-05	0.0013219005340106005	-0.0023048617202299226	1.8151436975699653e-06	-0.0017658276826157948
-0.0005286218642368556	-0.0010115690683760725	-0.0006766639881352621	0.00010228722116822908	0.0008226253375505088	-0.0023048617202299226	6.422454325560878e-05	-0.002202693479518736
0.0012812507229302827	-0.0020725288608540726	-0.0029234023722051194	-8.494097750455509e-05	0.0005729877393201299	-0.001992814722442837	-6.059425585913658e-05	-0.0024523310777482266
0.0013436601224878775	-0.0028838510551012497	-0.003422677568664767	0.00010228722116822908	0.00019853134197544975	-0.0017431771242124583	-6.059425585913658e-05	-0.002764378075535534
-2.9346667776986024e-05	-0.00257180405731372	-0.0029234023722051194	3.987782161019027e-05	0.0006353971388777246	-0.0011190831286380654	0.00012663394281275941	-0.002327512278633481
0.0012188413233731321	-0.002384575858641158	-0.002548945974859995	-0.00014735037706214982	0.00019853134197544975	-0.0017431771242124583	-0.00018541305497477012	-0.002951606274207874
-0.0004038030651221103	-0.0012612066666064514	-0.0009887109859223475	-2.253157794696037e-05	0.001009853536223071	-0.0014935395259827455	6.422454325560878e-05	-0.0027019686759781614
0.0009692037251427532	-0.0008867502692615492	-0.00011497939211757569	-2.253157794696037e-05	0.001384309933567307	-0.0018679959233276477	0.00012663394281275941	-0.002327512278633481
-0.0005910312637940063	-0.00013783747457152273	0.001008389799917131	3.987782161019027e-05	0.00250767912560268	-0.0021176335215575826	0.00012663394281275941	-0.0027019686759781614
0.001031613124700348	0.0001742095232160068	0.001382846197261589	-8.494097750455509e-05	0.0021956321278149282	-0.0018679959233276477	-0.0001230036554171754	-0.002577149876863416
-0.0007158500629094178	4.939072410126144e-05	0.0009459804003593142	0.0002271060202827524	0.002008403929142588	-0.0011190831286380654	0.00012663394281275941	-0.002140284079961141
-0.0009030782615813138	-0.0003874750728012355	0.00032188640478492125	-0.00027216917617733927	0.001197081734894967	-0.0008070361308507579	-0.00018541305497477012	-0.0020154652808459517
0.0009692037251427532	-0.00013783747457152273	0.00032188640478492125	0.0001646966207258238	0.001009853536223071	-0.00012053273571810408	6.422454325560878e-05	-0.0016410088835010495
-0.000653440663351601	0.0004238471214454975	0.0009459804003593142	0.00010228722116822908	0.001384309933567307	0.0005659706594147718	0.00018904334237057618	-0.0008296866892538723
0.000407519129125955	0.00029902832233075216	0.0008211616012443468	-0.00027216917617733927	0.0005105783397625352	-0.0001829421352756988	-0.0003726412536471102	-8.077389456340178e-05
-0.0008406688620246072	0.0014223975143656808	0.0021317589919520596	0.00010228722116822908	0.0010722629357802216	0.000690789458529073	6.422454325560878e-05	4.404490455089949e-05
0.000594747327797851	0.0016720351125956157	0.002631034188411263	0.0002271060202827524	0.0008850347371074374	0.00012910486251205278	-0.0001230036554171754	-8.077389456340178e-05
-0.001277534658926438	0.0015472163134804262	0.0025686247888541125	-8.494097750455509e-05	0.0009474441366650321	-0.000557398532620379	-0.0001230036554171754	-0.0006424584905810882
0.0005323379282402563	0.0012351693156931187	0.0021317589919520596	0.0001646966207258238	0.0017587663309122092	-0.0004325797335051895	0.00018904334237057618	-0.0005800490910234934
0.001031613124700348	0.0004238471214454975	0.0013204367977039944	0.00010228722116822908	0.002008403929142588	-0.0009318549299652812	6.422454325560878e-05	-0.0015785994839434547
-0.0009030782615813138	-0.0005747032714740197	0.00013465820611213708	-0.0003345785757340458	0.002008403929142588	-0.001368720726867556	-0.00024782245453192076	-0.002389921678190632
0.0010940225242579427	-0.0005747032714740197	9.839406997169675e-06	0.0001646966207258238	0.0023828603264874904	-0.0012439019277523666	6.422454325560878e-05	-0.002577149876863416
-0.0007782594624665684	-0.0007619314701468038	-0.00023979819123320922	-0.00020975977661974454	0.0023204509269301177	-0.00118149252819566	-0.0001230036554171754	-0.0025147404773058213
0.0009067943255858246	-0.0005747032714740197	0.00025947700522643835	3.987782161019027e-05	0.0025700885251598304	-0.0011190831286380654	6.422454325560878e-05	-0.0018282370821733895
-0.0008406688620246072	4.939072410126144e-05	0.0006963428021296014	3.987782161019027e-05	0.0028197261233902093	-0.0006822173317355684	0.00031386214148532154	-0.0014537806848282653
0.001031613124700348	0.000548665920560687	0.0015076649963767785	-0.0003345785757340458	0.0019459945295849934	-0.000994264329522876	-0.0003102318540895155	-0.0015785994839434547
-0.001277534658926438	0.00011180012365841208	0.001382846197261589	0.00010228722116822908	0.0018835851300273987	-0.0006822173317355684	6.422454325560878e-05	-0.0011417336870409578
-0.0008406688620246072	0.00023661892277315744	0.0008835710008019415	3.987782161019027e-05	0.001384309933567307	-0.00030776093439044416	1.8151436975699653e-06	-0.0008296866892538723
0.0009692037251427532	-0.00013783747457152273	7.224880655454236e-05	0.00010228722116822908	0.0008226253375505088	-0.00030776093439044416	6.422454325560878e-05	-0.001079324287483363
-0.0004662124646792609	-0.0005747032714740197	-0.0007390733876928568	-2.253157794696037e-05	0.00038575954064734574	4.286063396863327e-06	6.422454325560878e-05	-0.000892096088811023
0.0014060695220454722	-0.0008243408697035104	-0.0013007579837103211	0.0002271060202827524	0.00013612194241807707	4.286063396863327e-06	0.00012663394281275941	-0.0012665524861559252
-0.00027898426600692083	-0.0009491596688189219	-0.0016128049814976286	-2.253157794696037e-05	0.00038575954064734574	-5.8123336160509353e-05	-0.0001230036554171754	-0.0018282370821733895
0.0011564319238150933	-0.0011987972670488567	-0.001737623780612818	-8.494097750455509e-05	0.0015091287326824965	-0.0004325797335051895	0.00031386214148532154	-0.001328961885713964
-0.00015416546689173138	-0.0007619314701468038	-0.0008014827872504515	-0.0003345785757340458	0.0008850347371074374	-0.0019304053228852425	-0.0004974600527618556	-0.0025147404773058213
0.0007195661269130404	-0.001323616066163602	-0.00023979819123320922	3.987782161019027e-05	0.0017587663309122092	-0.001618358325097713	0.00012663394281275941	-0.0017034182830586442
0.0008443849260275638	-0.0009491596688189219	-0.00030220759079035986	-2.253157794696037e-05	0.0014467193331249018	-0.0021800429211151773	-0.0001230036554171754	-0.002140284079961141
-0.0004662124646792609	-0.0009491596688189219	9.839406997169675e-06	0.0002271060202827524	0.0021332227282577776	-0.001992814722442837	0.00031386214148532154	-0.0018282370821733895
0.0009692037251427532	-0.0015108442648359421	-0.0008638921868080462	-2.253157794696037e-05	0.0014467193331249018	-0.0025544993184596354	-0.0001230036554171754	-0.0026395592764205666
-0.000653440663351601	-0.0018228912626236937	-0.0012383485841527264	-0.00020975977661974454	0.001197081734894967	-0.0021800429211151773	-0.00018541305497477012	-0.0022651028790754424
0.0015932977207178123	-0.0013860254657211968	-0.0008638921868080462	0.0004767436185131313	0.001821175730470248	-0.0012439019277523666	-0.0003726412536471102	-0.0030764250733235077
-0.0007158500629094178	-0.0019477100617388832	-0.001737623780612818	-0.00039698797529164054	0.0009474441366650321	-0.0009318549299652812	-6.059425585913658e-05	-0.0024523310777482266
0.0011564319238150933	-0.0011987972670488567	-0.000926301586365641	0.00010228722116822908	0.0012594911344530058	-0.00012053273571810408	0.00012663394281275941	-0.0013913712852706706
-0.0004662124646792609	-0.0003874750728012355	0.0003842958043420719	-0.00027216917617733927	0.00044816894020494047	-0.0004325797335051895	-0.0003102318540895155	-0.0015785994839434547
-0.0008406688620246072	0.0006734847196758764	0.0013204367977039944	-2.253157794696037e-05	0.0009474441366650321	6.669546295445805e-05	6.422454325560878e-05	-0.0006424584905810882
0.0005323379282402563	0.0006734847196758764	0.001632483795491968	3.987782161019027e-05	0.0009474441366650321	-0.0001829421352756988	1.8151436975699653e-06	-0.0007048678901386829
-0.0007782594624665684	0.0009231223179055892	0.0019445307932792755	0.00010228722116822908	0.0014467193331249018	6.669546295445805e-05	0.00012663394281275941	-0.00039282089235115336
0.00046992852868266155	0.00029902832233075216	0.0014452555968191838	-0.00014735037706214982	0.001009853536223071	-0.0006198079321779737	-0.0001230036554171754	-0.001079324287483363
-0.0009654876611393526	0.00023661892277315744	0.0013204367977039944	-8.494097750455509e-05	0.0013219005340106005	-0.0003701703339480389	1.8151436975699653e-06	-0.0013913712852706706
0.0009692037251427532	0.00023661892277315744	0.0008835710008019415	0.0001646966207258238	0.002008403929142588	-0.000557398532620379	0.00012663394281275941	-0.0017034182830586442
-0.000653440663351601	-7.54280750143721e-05	0.0006963428021296014	0.00010228722116822908	0.0021956321278149282	-0.0009318549299652812	-6.059425585913658e-05	-0.002327512278633481
0.0009692037251427532	-1.3018675456777373e-05	0.0005091146034568172	-2.253157794696037e-05	0.00288213552294736	-0.000744626731292497	6.422454325560878e-05	-0.002327512278633481
0.0007195661269130404	-0.0003874750728012355	0.0001970676056697318	-8.494097750455509e-05	0.0023828603264874904	-0.001368720726867556	-0.00024782245453192076	-0.002826787475093351
-0.0005910312637940063	0.0001742095232160068	0.000571524003014412	0.00010228722116822908	0.0028197261233902093	-0.0008694455304081306	0.00018904334237057618	-0.001953055881288357
0.0007819755264701911	-0.0004498844723588302	0.00013465820611213708	-8.494097750455509e-05	0.002008403929142588	-0.0013063113273104054	-0.0001230036554171754	-0.0022651028790754424
-0.0005286218642368556	-7.54280750143721e-05	0.00032188640478492125	0.0002271060202827524	0.002008403929142588	-0.000744626731292497	0.00031386214148532154	-0.0015785994839434547
0.0007819755264701911	-0.0007619314701468038	-0.00030220759079035986	0.00010228722116822908	0.001197081734894967	-0.0011190831286380654	0.00018904334237057618	-0.0010169148879266565
-0.000653440663351601	-0.0007619314701468038	-0.0003646169903479546	0.00010228722116822908	0.00038575954064734574	-0.0008694455304081306	1.8151436975699653e-06	-0.0012041430865985525
0.0008443849260275638	-0.0010739784679341113	-0.0006766639881352621	-0.00014735037706214982	0.00013612194241807707	-0.0004325797335051895	-0.0001230036554171754	-0.000892096088811023
-0.0007158500629094178	-0.0007619314701468038	-0.00030220759079035986	0.0001646966207258238	0.00013612194241807707	4.286063396863327e-06	6.422454325560878e-05	-0.0006424584905810882
-0.0009030782615813138	-0.00020024687412911746	-0.00023979819123320922	-0.00020975977661974454	-0.0002383344549270472	0.00031633306118439286	-0.00018541305497477012	-0.00039282089235115336
0.0009692037251427532	0.00023661892277315744	0.00032188640478492125	0.00010228722116822908	-0.00017592505536945247	0.0006283800589719224	1.8151436975699653e-06	-0.0001431832941209965
-0.0007158500629094178	0.0006110753201180597	0.000571524003014412	3.987782161019027e-05	-0.0002383344549270472	0.0007531988580866678	6.422454325560878e-05	0.0002936825027808343
0.0007819755264701911	0.00048625652100309225	0.000571524003014412	-0.00014735037706214982	-0.0006752002518293221	0.0005035612598562889	-0.00024782245453192076	0.0008553670987989648
-0.000653440663351601	0.0010479411170203345	0.001195617998589693	0.0002895154198403471	-5.1106256254707105e-05	0.0011900646549891647	0.00012663394281275941	0.00041850130189646784
0.001031613124700348	0.0007358941192332491	0.001008389799917131	0.0002895154198403471	-0.0008000190509445115	0.00025392366162679814	-0.0003102318540895155	0.00016886370366608894
-0.0010278970606969473	0.0003614377218883469	0.000571524003014412	0.0002271060202827524	-0.0008624284505018842	0.000690789458529073	6.422454325560878e-05	0.0007305482996837753
0.0007819755264701911	0.000548665920560687	0.001195617998589693	0.0001646966207258238	-0.0005503814527141326	0.0008780176572020792	0.00037627154104291627	0.001229823496143423
0.000594747327797851	0.00023661892277315744	0.0005091146034568172	-0.00014735037706214982	-0.0014241130465193486	6.669546295445805e-05	-0.00018541305497477012	0.00041850130189646784
-0.0008406688620246072	0.00029902832233075216	0.0007587522016867521	-8.494097750455509e-05	-0.0011120660487322631	0.0003787424607419876	1.8151436975699653e-06	0.000792957699240926
0.0008443849260275638	0.00029902832233075216	0.0005091146034568172	3.987782161019027e-05	-0.000924837850059923	0.00031633306118439286	-0.0001230036554171754	0.00041850130189646784
-0.0009654876611393526	0.0001742095232160068	0.00025947700522643835	-0.00027216917617733927	-0.0008000190509445115	6.669546295445805e-05	-0.0001230036554171754	-0.0001431832941209965
0.0007195661269130404	4.939072410126144e-05	9.839406997169675e-06	-2.253157794696037e-05	-0.0008000190509445115	4.286063396863327e-06	0.0002514527419281709	0.00010645430410849421
-0.0004662124646792609	0.0001742095232160068	0.00013465820611213708	0.0002271060202827524	-5.1106256254707105e-05	-0.000557398532620379	-0.0001230036554171754	-0.000892096088811023
0.0007819755264701911	-0.000512293871916425	-0.0005518451890202947	-0.00020975977661974454	0.0006353971388777246	-0.000744626731292497	-6.059425585913658e-05	-0.0011417336870409578
-0.000653440663351601	-0.0006371126710316144	-0.0006766639881352621	3.987782161019027e-05	0.0010722629357802216	-0.0011190831286380654	-0.0001230036554171754	-0.0016410088835010495
-0.0005910312637940063	-0.0008243408697035104	-0.00023979819123320922	0.0001646966207258238	0.0021332227282577776	-0.0009318549299652812	0.0002514527419281709	-0.0016410088835010495
0.0009692037251427532	-0.0009491596688189219	-0.0004270263899055493	-2.253157794696037e-05	0.002008403929142588	-0.0016807677246553077	6.422454325560878e-05	-0.002327512278633481
-0.0008406688620246072	-0.0008867502692615492	-0.00030220759079035986	-2.253157794696037e-05	0.0020708133286997388	-0.0015559489255403403	-0.00018541305497477012	-0.0020778746804035464
0.0009692037251427532	-0.0006371126710316144	-5.256999256086914e-05	0.0001646966207258238	0.0021332227282577776	-0.0012439019277523666	6.422454325560878e-05	-0.0018282370821733895
-0.0007782594624665684	-0.0006995220705892091	-0.0001773887916751704	-0.00014735037706214982	0.001821175730470248	-0.0010566737290804706	6.422454325560878e-05	-0.0017034182830586442
0.0010940225242579427	-0.0003874750728012355	-0.0001773887916751704	0.0002271060202827524	0.001821175730470248	-0.0004325797335051895	6.422454325560878e-05	-0.0015785994839434547
-0.0007158500629094178	-0.000512293871916425	-0.00023979819123320922	3.987782161019027e-05	0.0015715381322398692	-0.0004949891330632283	1.8151436975699653e-06	-0.0018282370821733895
0.0009692037251427532	-0.000512293871916425	-0.00030220759079035986	3.987782161019027e-05	0.0015091287326824965	-0.0001829421352756988	6.422454325560878e-05	-0.0013913712852706706
0.0009067943255858246	-0.00032506567324408486	-0.00023979819123320922	3.987782161019027e-05	0.001197081734894967	-0.0003701703339480389	-6.059425585913658e-05	-0.001516190084386304
-0.000653440663351601	-0.00013783747457152273	9.839406997169675e-06	-0.00014735037706214982	0.0009474441366650321	-0.00024535153483284944	-6.059425585913658e-05	-0.0011417336870409578
0.0011564319238150933	0.00023661892277315744	0.0005091146034568172	0.0002895154198403471	0.0009474441366650321	-5.8123336160509353e-05	0.0002514527419281709	-0.0005800490910234934
-0.0009654876611393526	-7.54280750143721e-05	0.00032188640478492125	-0.00027216917617733927	0.00013612194241807707	-0.000557398532620379	-0.00018541305497477012	-0.0004552302919087481
0.0007195661269130404	0.00011180012365841208	0.0006963428021296014	-8.494097750455509e-05	1.130314330288762e-05	-0.0004325797335051895	1.8151436975699653e-06	-8.077389456340178e-05
-0.0007782594624665684	0.00029902832233075216	0.0008211616012443468	-8.494097750455509e-05	-5.1106256254707105e-05	0.00012910486251205278	0.00031386214148532154	0.0003560919023388731
0.0010940225242579427	0.00048625652100309225	0.0010707991994745036	-0.00020975977661974454	-0.000924837850059923	4.286063396863327e-06	-6.059425585913658e-05	0.0002936825027808343
-0.0009030782615813138	0.0001742095232160068	0.00013465820611213708	-8.494097750455509e-05	-0.0016113412451919107	4.286063396863327e-06	-0.0003102318540895155	0.00023127310322368366
-0.0005286218642368556	0.00048625652100309225	0.0006339334025720067	0.0001646966207258238	-0.0010496566491742243	0.0007531988580866678	0.00018904334237057618	0.0009177764983565595
0.0006571567273554457	-1.3018675456777373e-05	9.839406997169675e-06	-0.00014735037706214982	-0.0017361600443071001	0.00012910486251205278	-0.0003102318540895155	0.00023127310322368366
-0.0007158500629094178	0.00011180012365841208	0.00025947700522643835	-8.494097750455509e-05	-0.0011120660487322631	0.0005035612598562889	1.8151436975699653e-06	0.00048091070145339643
0.0009692037251427532	0.0004238471214454975	0.0003842958043420719	0.0002271060202827524	-0.0008000190509445115	0.0005035612598562889	6.422454325560878e-05	0.0005433201010109912
-0.0007158500629094178	0.00029902832233075216	0.0007587522016867521	3.987782161019027e-05	-0.00042556265359983136	0.0005659706594147718	-0.00024782245453192076	4.404490455089949e-05
0.0006571567273554457	0.0001742095232160068	0.0005091146034568172	-0.00014735037706214982	-0.00017592505536945247	0.0005659706594147718	0.0002514527419281709	0.0007305482996837753
-0.0007158500629094178	0.0006734847196758764	0.0011332085990320984	0.00010228722116822908	-0.00011351565581230183	0.0004411518602995823	6.422454325560878e-05	0.0005433201010109912
0.0009067943255858246	0.0006734847196758764	0.0008211616012443468	-2.253157794696037e-05	-0.00017592505536945247	0.00031633306118439286	1.8151436975699653e-06	0.00041850130189646784
0.0005323379282402563	0.00011180012365841208	0.0005091146034568172	-0.00020975977661974454	-0.0002383344549270472	4.286063396863327e-06	-0.00024782245453192076	-0.00020559269367859123
-0.0007782594624665684	0.000548665920560687	0.0006339334025720067	0.0001646966207258238	0.0005105783397625352	0.0005659706594147718	0.00012663394281275941	0.00016886370366608894
0.0007195661269130404	4.939072410126144e-05	0.00013465820611213708	-8.494097750455509e-05	0.0006353971388777246	4.286063396863327e-06	-0.0001230036554171754	-0.0006424584905810882
-0.0007782594624665684	4.939072410126144e-05	9.839406997169675e-06	-8.494097750455509e-05	0.0007602159379929141	0.0001915142620692034	1.8151436975699653e-06	-0.0007672772896962776
0.0008443849260275638	-7.54280750143721e-05	-0.00030220759079035986	3.987782161019027e-05	0.0005729877393201299	-5.8123336160509353e-05	0.00037627154104291627	-0.0004552302919087481
-0.0004662124646792609	0.00011180012365841208	7.224880655454236e-05	0.0002895154198403471	0.0010722629357802216	-0.00030776093439044416	6.422454325560878e-05	-0.0010169148879266565
0.0010940225242579427	-0.00032506567324408486	-0.0004270263899055493	-0.00014735037706214982	0.0012594911344530058	-0.000557398532620379	-0.0001230036554171754	-0.0011417336870409578
-0.0007782594624665684	-0.000512293871916425	-0.00023979819123320922	0.0002271060202827524	0.0016963569313550586	-0.0006822173317355684	0.00018904334237057618	-0.0011417336870409578
-0.0007158500629094178	-0.0006371126710316144	-0.00030220759079035986	-2.253157794696037e-05	0.001384309933567307	-0.000994264329522876	1.8151436975699653e-06	-0.0012041430865985525
0.0007195661269130404	-0.0007619314701468038	-0.0004894357894626999	-8.494097750455509e-05	0.0010722629357802216	-0.00118149252819566	-0.00018541305497477012	-0.0014537806848282653
-0.0005910312637940063	-0.0004498844723588302	7.224880655454236e-05	3.987782161019027e-05	0.001384309933567307	-0.0006198079321779737	0.00012663394281275941	-0.0007672772896962776
0.0009692037251427532	-0.0004498844723588302	-0.00011497939211757569	3.987782161019027e-05	0.001009853536223071	-0.0008694455304081306	1.8151436975699653e-06	-0.0007672772896962776
-0.0007782594624665684	-0.00032506567324408486	7.224880655454236e-05	-8.494097750455509e-05	0.0008850347371074374	-0.0004949891330632283	-0.0003102318540895155	-0.001079324287483363
0.0007819755264701911	-0.00032506567324408486	-5.256999256086914e-05	-0.00027216917617733927	0.0003233501410906392	-0.00012053273571810408	-6.059425585913658e-05	-0.0006424584905810882
-0.0008406688620246072	-7.54280750143721e-05	7.224880655454236e-05	-8.494097750455509e-05	-0.00011351565581230183	-0.0001829421352756988	-0.0001230036554171754	-0.0005800490910234934
0.0009067943255858246	0.00011180012365841208	0.00025947700522643835	-8.494097750455509e-05	-0.000487972053156982	0.00031633306118439286	-0.00018541305497477012	4.404490455089949e-05
0.0013436601224878775	0.0008607129183484385	0.0011332085990320984	0.0005391530180702819	-0.00011351565581230183	0.0008780176572020792	0.0005634997397152564	0.000792957699240926
-0.001090306460254098	0.0001742095232160068	0.00025947700522643835	-0.00039698797529164054	-0.0011744754482894137	4.286063396863327e-06	-0.0003102318540895155	0.00016886370366608894
0.0008443849260275638	0.0003614377218883469	0.0006963428021296014	0.00010228722116822908	-0.0008624284505018842	0.0001915142620692034	6.422454325560878e-05	0.00048091070145339643
-0.0008406688620246072	0.0004238471214454975	0.0007587522016867521	3.987782161019027e-05	-0.0006127908522726155	0.00025392366162679814	-6.059425585913658e-05	-8.077389456340178e-05
0.0007195661269130404	-1.3018675456777373e-05	0.0005091146034568172	-8.494097750455509e-05	-0.000487972053156982	-0.00030776093439044416	-0.0001230036554171754	-1.8364495006695236e-05
-0.0008406688620246072	0.00011180012365841208	0.0004467052038992225	-0.00020975977661974454	0.0002609407415330445	0.00012910486251205278	0.00031386214148532154	4.404490455089949e-05
0.0011564319238150933	0.0004238471214454975	0.0008835710008019415	-0.00014735037706214982	1.130314330288762e-05	-0.0003701703339480389	-6.059425585913658e-05	-0.0005176396914663428
-0.0008406688620246072	-7.54280750143721e-05	0.00025947700522643835	-2.253157794696037e-05	0.00013612194241807707	-0.0006198079321779737	-6.059425585913658e-05	-0.000892096088811023
-0.0005910312637940063	0.00011180012365841208	0.00025947700522643835	0.00010228722116822908	0.0006978065384348753	-0.0001829421352756988	6.422454325560878e-05	-0.0006424584905810882
0.0011564319238150933	-0.00013783747457152273	0.00032188640478492125	0.0001646966207258238	0.0010722629357802216	-0.0004325797335051895	0.00012663394281275941	-0.0010169148879266565
