Sensor_1	Sensor_2	Sensor_3	Sensor_4	Sensor_5	Sensor_6	Sensor_7	Sensor_8
0.0007863370729397356	0.00016143550906111415	0.001345531232509467	0.000696053541593411	0.0011862370819843981	0.001452536637870594	0.0003841524271130936	0.0005234006482814912
-0.0008363073155550627	0.0006607107055212058	-2.7475557755174407e-05	0.00019677834513331938	0.0001876866890646589	1.7120448048135728e-05	-0.0006768073653644624	-0.00022551214640809114
0.00016224307736512067	0.0009727577033082913	0.0007214372369339639	0.000696053541593411	0.0016855122784442678	0.002263858832117771	0.001320293420475016	0.001833998038989204
0.00022465247692293744	0.0005983013059636111	0.0029057662214464486	0.0004464159433632542	-0.00012436030872287063	-0.0007317923466414467	-0.00030235096801933814	-3.828394773530697e-05
0.00034947127603746075	0.0009103483037506965	0.0014703500316246565	0.0008208723407086005	0.00025009608862225363	-0.0002949265497393938	-0.00011512276934699806	0.0004609912487247847
0.00022465247692293744	-0.0005874772856289123	0.0006590278373772573	-0.0004897250499986683	4.5849039231882216e-07	0.0007036238431801234	-0.000551988566249273	0.0002113536504944058
-0.00021221331997978155	0.0017840798975556904	-0.00021470375642773654	0.0013825569367258428	0.0009365994837542413	0.0005788050440658221	0.0006961994249006231	0.0015219510412014525
0.0007863370729397356	0.001035167102865886	0.0004093902391466564	0.001132919338495686	0.0006869618855243065	0.00045398624495063267	9.696029767747305e-06	0.0007730382465118701
-0.0008363073155550627	-0.0007122960847436577	0.00015975264091716568	-0.00024008745176873347	0.00012527728950706418	0.0011404896400835085	-0.00011512276934699806	0.0017715886394316094
0.0012232028698426767	0.00228335509401556	0.0005342090382620679	0.001569785135398627	0.001435874680214333	0.0007660332427386063	-0.0004271697671340835	-0.00022551214640809114
-0.0010235355142274027	9.902610950396351e-05	-2.7475557755174407e-05	0.0002591877446909141	4.5849039231882216e-07	0.0008284426422957569	-0.00011512276934699806	0.0005234006482814912
0.0005991088742673956	-0.0004626584865137229	0.0005966184378196626	0.0007584629411514499	0.0004997336868524105	-0.00041974534885413917	9.696029767747305e-06	0.0005234006482814912
-0.0005866697173244617	0.0012223953015384481	0.001595168830739624	0.0006336441420358163	0.0005621430864100052	7.952984760573045e-05	0.00013451482888293675	0.00027376305005222257
-0.0008363073155550627	-0.0007122960847436577	0.0007838466364924468	-0.0004897250499986683	-0.000249179107837616	0.00039157684539303794	-0.00023994156846174342	2.412545182184367e-05
0.0010359746711698925	0.00209612689534322	0.0014703500316246565	0.001320147537168248	0.0005621430864100052	-0.0002949265497393938	0.0006337900253430284	0.0008354476460690208
-0.0010859449137845534	-0.0005250678860708735	0.0008462560360495974	-0.00042731565044107356	-0.0004988167060675508	-0.00035733594929654444	-0.0006143979658068677	-0.00047514974463847004
0.0004742900751522061	-0.0004002490869563502	-0.00027711315598533126	-0.0004897250499986683	-0.000249179107837616	0.0002667580462782926	-0.00030235096801933814	0.0008354476460690208
-0.0005242603177673111	0.0014096235002107882	-0.0010260259506749136	0.0009456911398233458	0.00043732428729481576	-0.00035733594929654444	0.00019692422844075352	0.0005234006482814912
0.0007863370729397356	-0.0003378396873983114	0.0002221620404743163	0.0004464159433632542	0.0003749148877374431	0.0008908520418529076	0.00013451482888293675	0.0009602664451846543
-0.0005242603177673111	9.902610950396351e-05	9.734324135957095e-05	0.0007584629411514499	-0.00043640730650995607	-0.0007317923466414467	-0.00017753216890459278	0.00027376305005222257
0.0005366994747098008	0.0014096235002107882	0.0007214372369339639	0.00013436894557572465	0.0005621430864100052	0.0011404896400835085	0.00025933362799834825	0.0009602664451846543
0.0006615182738249903	9.902610950396351e-05	-0.0007763883524452009	0.0002591877446909141	0.00043732428729481576	0.0005163956445082274	-5.271336978895924e-05	0.0006482194473966807
-0.0005242603177673111	0.0012223953015384481	0.0004717996387046952	0.0010081005393813847	0.0005621430864100052	-0.00035733594929654444	0.00013451482888293675	0.0004609912487247847
0.0004742900751522061	-0.000649886685186507	0.0019072158285267093	-0.0003024968513263282	-0.00012436030872287063	0.0005163956445082274	-0.00030235096801933814	-0.00010069334729290169
-0.0003994415186525657	0.0010975765024232587	0.0014703500316246565	0.0003215971442485088	0.00025009608862225363	0.0002667580462782926	0.0003841524271130936	-0.00022551214640809114
0.0006615182738249903	0.001472032899768383	0.001158303033837127	0.0008832817402661952	-0.0003115885073947666	-0.0012310675431010942	7.210542932578612e-05	0.0006482194473966807
-0.0005866697173244617	-0.0002130208882840101	0.0016575782302972186	9.550146461423381e-06	0.0004997336868524105	1.7120448048135728e-05	7.210542932578612e-05	0.0006482194473966807
0.000723927673382585	0.0007231201050783564	-0.00015229435687036386	0.0009456911398233458	0.0004997336868524105	-0.00017010775062420436	7.210542932578612e-05	0.0006482194473966807
-0.0005866697173244617	0.0012223953015384481	0.00028457144003235513	7.19595460190181e-05	-6.19509091652759e-05	0.0009532614414105023	-0.00023994156846174342	0.0005234006482814912
-0.0003994415186525657	0.0015344422993255336	-0.00021470375642773654	0.0008832817402661952	0.0006245524859667118	0.0006412144436234168	0.00025933362799834825	0.001459541641644746
0.0005366994747098008	0.0007231201050783564	-0.00015229435687036386	0.0009456911398233458	0.0003749148877374431	1.7120448048135728e-05	-0.00017753216890459278	0.0005234006482814912
-0.0005242603177673111	-0.0005250678860708735	0.0002221620404743163	7.19595460190181e-05	0.0010614182828698748	0.0016397648365433781	7.210542932578612e-05	0.001209904043414367
0.0006615182738249903	0.0012223953015384481	-0.00027711315598533126	0.0010705099389389794	0.0006869618855243065	7.952984760573045e-05	9.696029767747305e-06	0.00033617244960959525
-0.0007738979159970238	0.0007231201050783564	0.001595168830739624	0.0008208723407086005	0.0001876866890646589	7.952984760573045e-05	7.210542932578612e-05	0.0004609912487247847
0.0007863370729397356	9.902610950396351e-05	0.002219262826314017	9.550146461423381e-06	0.00025009608862225363	-0.0005445641479686625	9.696029767747305e-06	0.0006482194473966807
-0.0007114885164398732	0.0018464892971135072	0.0009086654356067481	0.001132919338495686	0.0007493712850819012	1.7120448048135728e-05	0.00013451482888293675	0.0004609912487247847
0.000723927673382585	0.001035167102865886	0.0012831218329518723	0.00019677834513331938	0.0009365994837542413	0.0011404896400835085	0.00019692422844075352	0.0009602664451846543
0.0005991088742673956	0.001659261098441167	-8.988495731276913e-05	0.0010705099389389794	0.00025009608862225363	-0.00035733594929654444	-0.00011512276934699806	0.0007106288469542754
-0.00046185091820971635	0.0008479389041935459	0.001158303033837127	0.0010705099389389794	0.0006245524859667118	0.0008284426422957569	0.0003217430275554989	0.0010850852442991776
0.00034947127603746075	-0.0003378396873983114	-0.000339522555542926	-0.0003024968513263282	-0.000249179107837616	0.0006412144436234168	-0.0004271697671340835	0.0004609912487247847
-0.0005242603177673111	0.001659261098441167	-0.000963616551117541	0.0012577381376108754	0.0009365994837542413	0.0003291674458358873	0.00019692422844075352	0.0008978570456270596
0.0007863370729397356	-2.579268961122594e-05	0.00028457144003235513	0.0010081005393813847	0.00099900888331228	0.0010780802405259138	-0.00011512276934699806	0.0009602664451846543
-0.0007114885164398732	-0.0004626584865137229	0.00015975264091716568	-5.2859253096171344e-05	-0.00018676970828046535	-0.0008566111457566361	-0.00023994156846174342	0.00014894425093703312
0.0004742900751522061	0.0011599859019810754	0.00015975264091716568	0.0006336441420358163	0.0003749148877374431	0.00045398624495063267	0.00019692422844075352	0.0005234006482814912
-0.0003994415186525657	0.0007231201050783564	0.0015327594311820292	-0.00024008745176873347	-6.19509091652759e-05	7.952984760573045e-05	-0.00023994156846174342	2.412545182184367e-05
-0.00027462271953737627	0.00209612689534322	0.0012831218329518723	0.0012577381376108754	0.0007493712850819012	-0.0006069735475269233	0.00044656182667024424	0.0007730382465118701
0.0005366994747098008	3.6616709946368786e-05	0.001345531232509467	0.00038400654380610355	0.00025009608862225363	0.0002667580462782926	-0.00017753216890459278	0.00014894425093703312
-0.000337032119094971	0.0005358919064064604	0.0004717996387046952	0.0003215971442485088	0.0004997336868524105	0.0008908520418529076	0.00044656182667024424	0.0011474946438572164
3.7424278250153264e-05	0.0008479389041935459	-0.0009012071515599462	0.00038400654380610355	-0.0008108637038548583	-0.0014182957417738784	-0.0006768073653644624	0.0012723134429719618
-0.00014980392042218682	0.0003486637077336763	0.0010334842347219375	0.0006336441420358163	0.0006869618855243065	0.0013901272383129992	-0.00011512276934699806	0.001022675844741583
0.0004742900751522061	0.00028625430817608155	-0.0009012071515599462	0.00013436894557572465	0.0007493712850819012	0.00014193924716332518	0.0003217430275554989	0.0009602664451846543
-0.0003994415186525657	0.0011599859019810754	-0.0009012071515599462	0.00038400654380610355	0.0009365994837542413	0.0017021742361003067	0.00019692422844075352	0.0009602664451846543
0.0009111558720553692	-0.0004002490869563502	-0.000526750754214822	-0.0001776780522113608	-0.00043640730650995607	1.7120448048135728e-05	-0.00030235096801933814	0.00014894425093703312
0.0012232028698426767	0.0018464892971135072	0.0020320346276414547	0.001569785135398627	0.0006869618855243065	-0.000232517150181355	0.0008210182240153685	0.0006482194473966807
-0.0012107637128997428	-0.001273980680761122	0.0014079406320668397	-0.0013010472442458454	-0.0009356825029700477	-0.00035733594929654444	-0.0009264449635937311	-0.0009120155415400788
0.0009735652716122978	0.0015968516988831283	0.0012831218329518723	0.0008832817402661952	0.0003749148877374431	-0.00010769835106660963	0.0005713806257854337	0.0008354476460690208
-0.000961126114669808	0.0007231201050783564	0.0007838466364924468	0.0003215971442485088	4.5849039231882216e-07	-0.0007942017461990414	-0.00036476036757693286	-0.000662377943310366
9.983367780752594e-05	-0.0013363900803184947	-8.988495731276913e-05	-0.0007393626482286031	-0.0008732731034128971	-0.00010769835106660963	0.0006961994249006231	0.0017091792398740147
-0.00014980392042218682	0.0019088986966708799	0.00028457144003235513	0.0010081005393813847	6.286788994991355e-05	-0.000232517150181355	-0.00017753216890459278	0.00039858184916718997
0.0005366994747098008	0.0007855295046359512	-8.988495731276913e-05	9.550146461423381e-06	0.0008741900841970907	0.0017021742361003067	0.0003841524271130936	0.0013347228425291124
-0.000337032119094971	-0.0001506114887264154	-0.0016501199462499727	0.0005712347424788877	-0.00012436030872287063	-0.00035733594929654444	-5.271336978895924e-05	0.0005234006482814912
-0.0007114885164398732	0.0007231201050783564	3.493384180197623e-05	0.0008208723407086005	0.0006869618855243065	0.0003291674458358873	-0.00011512276934699806	0.0008354476460690208
0.0006615182738249903	-0.000649886685186507	0.0008462560360495974	9.550146461423381e-06	0.0005621430864100052	0.0013901272383129992	0.00013451482888293675	0.0007106288469542754
-0.0005866697173244617	0.0013472141006536376	0.00034698083958994985	0.0005712347424788877	0.0003125054881796263	-0.00035733594929654444	9.696029767747305e-06	0.0005234006482814912
0.0004742900751522061	0.00047348250684842164	0.001595168830739624	0.00038400654380610355	-6.19509091652759e-05	-0.0005445641479686625	-0.00023994156846174342	0.0008978570456270596
-0.000337032119094971	0.00022384490861848683	0.0021568534267570882	0.00019677834513331938	0.0007493712850819012	0.0012653084391978098	-0.00117608256182411	-0.0009120155415400788
-0.00021221331997978155	0.0006607107055212058	-0.00046434135465811543	-5.2859253096171344e-05	0.001623102878886673	0.0013277178387554045	0.0010082464226879306	0.001459541641644746
9.983367780752594e-05	0.0013472141006536376	0.0025313098241015464	7.19595460190181e-05	0.00025009608862225363	0.0008284426422957569	-5.271336978895924e-05	0.0007106288469542754
0.0005991088742673956	9.902610950396351e-05	9.734324135957095e-05	0.001320147537168248	0.0008741900841970907	1.7120448048135728e-05	0.0003841524271130936	0.0013347228425291124
0.00022465247692293744	-8.820208916882066e-05	0.00034698083958994985	0.0004464159433632542	0.00012527728950706418	0.00045398624495063267	-0.00036476036757693286	0.00039858184916718997
-0.00046185091820971635	0.0004110731072908269	3.493384180197623e-05	0.0003215971442485088	0.0006869618855243065	0.0013277178387554045	0.00013451482888293675	0.0013971322420871513
0.0006615182738249903	0.001659261098441167	-0.00021470375642773654	0.0015073757358405881	0.0008741900841970907	7.952984760573045e-05	0.00019692422844075352	0.0010850852442991776
-0.0007114885164398732	-0.0004002490869563502	0.0007214372369339639	0.0002591877446909141	0.0006245524859667118	0.001015670840968097	-0.00023994156846174342	0.0009602664451846543
0.000723927673382585	0.0004110731072908269	0.00034698083958994985	0.0006336441420358163	0.0004997336868524105	0.001015670840968097	-0.00017753216890459278	0.00027376305005222257
-0.0007114885164398732	0.001472032899768383	0.0006590278373772573	0.0010081005393813847	0.0008117806846394959	0.0013277178387554045	0.000508971226227839	0.0008354476460690208
0.0008487464724971083	-0.0001506114887264154	0.0023440816254296504	0.00013436894557572465	0.00025009608862225363	7.952984760573045e-05	-0.00017753216890459278	0.000585810047839086
-0.0006490791168820564	0.0007855295046359512	0.0009710748351643428	0.001320147537168248	0.0003749148877374431	-0.0006069735475269233	7.210542932578612e-05	0.0004609912487247847
-0.00046185091820971635	-0.0001506114887264154	0.0020320346276414547	0.00038400654380610355	0.0008117806846394959	0.0013277178387554045	0.00025933362799834825	0.0008354476460690208
0.0005366994747098008	0.001035167102865886	-2.7475557755174407e-05	0.0002591877446909141	-6.19509091652759e-05	-0.00041974534885413917	-0.00023994156846174342	0.00039858184916718997
-0.0007114885164398732	0.0015344422993255336	0.00015975264091716568	0.0008832817402661952	6.286788994991355e-05	-0.0006069735475269233	-0.00017753216890459278	0.0004609912487247847
0.0009111558720553692	-8.820208916882066e-05	0.0009710748351643428	0.0004464159433632542	0.0006869618855243065	0.0015149460374281887	0.0003841524271130936	0.001022675844741583
-0.0007114885164398732	0.0010975765024232587	-0.0008387977520027956	0.0005712347424788877	0.00043732428729481576	0.00020434864672069786	-0.00030235096801933814	2.412545182184367e-05
0.0004742900751522061	0.0004110731072908269	-0.00046434135465811543	0.0007584629411514499	0.0004997336868524105	0.0016397648365433781	7.210542932578612e-05	0.0008978570456270596
-0.0005866697173244617	-0.000649886685186507	0.0008462560360495974	0.0007584629411514499	0.0003125054881796263	7.952984760573045e-05	0.00025933362799834825	0.0007106288469542754
0.000723927673382585	0.0010975765024232587	0.0010334842347219375	0.000508825342921293	6.286788994991355e-05	-0.000232517150181355	-0.00017753216890459278	2.412545182184367e-05
0.0005991088742673956	-0.0007122960847436577	0.0012207124333942776	-0.0003024968513263282	-6.19509091652759e-05	0.0005163956445082274	-0.00017753216890459278	-3.828394773530697e-05
-0.0005866697173244617	0.0015344422993255336	0.0005966184378196626	0.000696053541593411	0.0003749148877374431	-0.0002949265497393938	0.00019692422844075352	0.0006482194473966807
0.0005366994747098008	0.0005358919064064604	0.001158303033837127	0.0004464159433632542	4.5849039231882216e-07	-0.0006069735475269233	-0.00017753216890459278	-0.00010069334729290169
-0.00046185091820971635	-2.579268961122594e-05	0.0010334842347219375	-0.00024008745176873347	0.0001876866890646589	0.0007036238431801234	0.00013451482888293675	0.0002113536504944058
0.00041188067559549957	0.0013472141006536376	-0.0005891601537728608	0.000508825342921293	-0.0003739979069532495	-0.001106248743986571	0.0005713806257854337	0.001022675844741583
-0.00027462271953737627	0.0007231201050783564	0.0012207124333942776	0.0008832817402661952	4.5849039231882216e-07	0.0007036238431801234	-0.00017753216890459278	0.0004609912487247847
0.00041188067559549957	-0.0005250678860708735	-0.00046434135465811543	0.000508825342921293	0.00025009608862225363	-0.0002949265497393938	-0.00017753216890459278	0.0007106288469542754
-0.0007114885164398732	0.001035167102865886	-8.988495731276913e-05	0.0006336441420358163	0.0003749148877374431	0.0007660332427386063	9.696029767747305e-06	0.0005234006482814912
-0.0003994415186525657	-0.0002130208882840101	0.0005966184378196626	0.00019677834513331938	0.0008117806846394959	0.0017645836356579014	0.00044656182667024424	0.0012723134429719618
0.0005366994747098008	0.0010975765024232587	-2.7475557755174407e-05	0.0007584629411514499	-6.19509091652759e-05	-0.0007942017461990414	-0.00011512276934699806	2.412545182184367e-05
-0.0005866697173244617	9.902610950396351e-05	0.0019072158285267093	0.0003215971442485088	0.00025009608862225363	0.0003291674458358873	7.210542932578612e-05	0.0002113536504944058
0.0007863370729397356	0.00022384490861848683	0.001158303033837127	7.19595460190181e-05	0.0001876866890646589	0.00045398624495063267	7.210542932578612e-05	0.0004609912487247847
-0.0006490791168820564	0.0017216704979983177	0.0007214372369339639	0.0010081005393813847	0.00043732428729481576	-0.0007942017461990414	-0.00017753216890459278	-0.00010069334729290169
0.0005991088742673956	-8.820208916882066e-05	0.0017199876298539252	7.19595460190181e-05	0.0003749148877374431	0.0007036238431801234	0.00013451482888293675	0.0010850852442991776
-0.00046185091820971635	0.0007855295046359512	0.0008462560360495974	0.0013825569367258428	0.0003125054881796263	-0.0008566111457566361	7.210542932578612e-05	0.0006482194473966807
0.0006615182738249903	0.0020337174957856252	0.0008462560360495974	0.0002591877446909141	0.0006245524859667118	0.0011404896400835085	9.696029767747305e-06	0.0008978570456270596
0.00041188067559549957	0.00022384490861848683	-0.000963616551117541	0.00013436894557572465	0.0003125054881796263	0.0006412144436234168	-0.00036476036757693286	0.0008354476460690208
-0.0003994415186525657	0.0015344422993255336	-0.0004019319551005207	0.0013825569367258428	0.0011238276824268034	0.0003291674458358873	0.0003217430275554989	0.001209904043414367
0.0005991088742673956	-0.000837114883858403	0.0004717996387046952	0.00038400654380610355	0.00043732428729481576	0.0013901272383129992	-5.271336978895924e-05	0.000585810047839086
-0.0005866697173244617	0.0007231201050783564	0.00015975264091716568	0.00038400654380610355	0.0004997336868524105	0.0005788050440658221	-5.271336978895924e-05	0.00039858184916718997
0.0007863370729397356	0.0014096235002107882	0.0014703500316246565	0.0012577381376108754	0.0004997336868524105	-0.00035733594929654444	7.210542932578612e-05	0.0007106288469542754
-0.0005866697173244617	-0.0003378396873983114	0.0021568534267570882	7.19595460190181e-05	0.0005621430864100052	-0.00017010775062420436	0.00019692422844075352	0.0006482194473966807
0.000723927673382585	0.0014096235002107882	0.0008462560360495974	0.001132919338495686	0.00043732428729481576	-0.00035733594929654444	-5.271336978895924e-05	0.0005234006482814912
-0.0006490791168820564	0.0014096235002107882	0.001969625228084304	0.0005712347424788877	0.0008741900841970907	0.0012653084391978098	0.0003841524271130936	0.0009602664451846543
-0.0007738979159970238	0.0015968516988831283	0.00015975264091716568	0.000508825342921293	6.286788994991355e-05	-0.00041974534885413917	-0.00017753216890459278	0.0007106288469542754
0.0005366994747098008	0.001035167102865886	0.0004093902391466564	0.0008832817402661952	6.286788994991355e-05	-0.0004821547484117339	-0.00023994156846174342	0.00033617244960959525
-0.0003994415186525657	0.00016143550906111415	0.0007214372369339639	0.00038400654380610355	0.0010614182828698748	0.0018269930352154962	0.0003841524271130936	0.001646769840316642
0.00041188067559549957	0.0009727577033082913	-0.001587710546692378	0.000696053541593411	0.0001876866890646589	-0.0002949265497393938	-0.0004271697671340835	0.001022675844741583
-0.0005242603177673111	0.0005358919064064604	0.0004093902391466564	0.0010081005393813847	0.00099900888331228	0.0008284426422957569	-0.0004271697671340835	0.00033617244960959525
0.0004742900751522061	-0.000837114883858403	0.00034698083958994985	-0.00024008745176873347	0.0009365994837542413	0.00045398624495063267	0.0006337900253430284	0.0012723134429719618
-0.00021221331997978155	0.0019713080962284746	0.0007838466364924468	0.000508825342921293	4.5849039231882216e-07	-0.00035733594929654444	-0.00023994156846174342	-0.00016310274685049642
0.0004742900751522061	0.00028625430817608155	0.001345531232509467	-0.0001776780522113608	0.00025009608862225363	0.0009532614414105023	9.696029767747305e-06	0.000585810047839086
0.0006615182738249903	0.001659261098441167	0.0006590278373772573	0.0009456911398233458	0.0003749148877374431	-0.0007317923466414467	9.696029767747305e-06	0.00027376305005222257
-0.0006490791168820564	0.00022384490861848683	0.0014079406320668397	0.00038400654380610355	0.00025009608862225363	7.952984760573045e-05	9.696029767747305e-06	0.00014894425093703312
0.00041188067559549957	-0.0004002490869563502	0.0004717996387046952	-0.00042731565044107356	-0.0003739979069532495	1.7120448048135728e-05	-0.00036476036757693286	-3.828394773530697e-05
-0.00027462271953737627	0.0021585362949008147	0.0004093902391466564	0.0012577381376108754	0.0005621430864100052	-0.00035733594929654444	0.00044656182667024424	0.00033617244960959525
0.0004742900751522061	-0.0001506114887264154	0.0005966184378196626	0.0003215971442485088	0.0001876866890646589	0.0003291674458358873	-0.00011512276934699806	0.0008354476460690208
-0.0005866697173244617	-2.579268961122594e-05	-0.0006515695533300114	-0.0001776780522113608	6.286788994991355e-05	-0.0004821547484117339	-0.00017753216890459278	0.0005234006482814912
0.0004742900751522061	0.0011599859019810754	-0.001150844749790103	0.0006336441420358163	0.00099900888331228	0.0017021742361003067	0.000508971226227839	0.0011474946438572164
-0.00021221331997978155	-0.0002130208882840101	-0.000339522555542926	-0.0001776780522113608	-0.00018676970828046535	0.00039157684539303794	-0.00017753216890459278	0.00033617244960959525
-0.0007738979159970238	0.0010975765024232587	0.00028457144003235513	0.000508825342921293	-0.00018676970828046535	-0.0008566111457566361	-0.00030235096801933814	-0.00010069334729290169
0.0007863370729397356	-0.0004002490869563502	0.0019072158285267093	0.00013436894557572465	0.0003749148877374431	0.0008284426422957569	0.0003217430275554989	0.00039858184916718997
-0.0006490791168820564	0.0005358919064064604	0.00034698083958994985	-0.0001776780522113608	6.286788994991355e-05	-4.528895150901491e-05	-0.00011512276934699806	0.00039858184916718997
0.0006615182738249903	0.0012848047010960428	0.0007214372369339639	0.0010081005393813847	0.00025009608862225363	-0.0007942017461990414	9.696029767747305e-06	0.00039858184916718997
-0.0005866697173244617	-0.0004002490869563502	0.0015327594311820292	-0.00011526865265354402	0.0001876866890646589	0.0008908520418529076	-5.271336978895924e-05	0.0005234006482814912
0.0005991088742673956	0.001035167102865886	0.0002221620404743163	0.00019677834513331938	0.00043732428729481576	-0.0002949265497393938	0.00025933362799834825	0.0007730382465118701
-0.0003994415186525657	0.001659261098441167	0.0007838466364924468	-0.00024008745176873347	-0.000249179107837616	0.0007660332427386063	-0.00036476036757693286	0.00039858184916718997
0.00041188067559549957	-0.0005874772856289123	-0.0006515695533300114	0.0008208723407086005	0.0009365994837542413	0.0007660332427386063	0.00044656182667024424	0.0015843604407590473
0.00041188067559549957	0.0003486637077336763	-0.0009012071515599462	0.0007584629411514499	0.0003125054881796263	-0.00017010775062420436	-0.00036476036757693286	0.00027376305005222257
-0.0006490791168820564	-0.0005874772856289123	0.0006590278373772573	-5.2859253096171344e-05	0.0005621430864100052	0.0015149460374281887	7.210542932578612e-05	0.0008978570456270596
0.0008487464724971083	0.0013472141006536376	0.0006590278373772573	0.0009456911398233458	0.0005621430864100052	0.0002667580462782926	0.00025933362799834825	0.0009602664451846543
-0.0007114885164398732	0.0008479389041935459	0.0015327594311820292	0.0007584629411514499	0.00025009608862225363	-0.00017010775062420436	9.696029767747305e-06	-0.00016310274685049642
0.00034947127603746075	-0.0005874772856289123	0.0012207124333942776	-0.0003649062508839229	-0.00012436030872287063	0.0003291674458358873	0.00044656182667024424	0.001209904043414367
-0.0003994415186525657	0.0019088986966708799	0.0008462560360495974	0.0011953287380532807	0.0005621430864100052	7.952984760573045e-05	9.696029767747305e-06	0.00039858184916718997
0.0005991088742673956	0.0007231201050783564	0.0014079406320668397	0.0002591877446909141	0.0006869618855243065	0.0012028990396406591	0.0003217430275554989	0.0009602664451846543
-0.0003994415186525657	0.0003486637077336763	-2.7475557755174407e-05	0.0008208723407086005	4.5849039231882216e-07	-0.0008566111457566361	-0.00030235096801933814	0.0004609912487247847
-0.0005242603177673111	0.0009103483037506965	0.001345531232509467	0.0009456911398233458	0.0008117806846394959	0.0005788050440658221	0.00025933362799834825	0.001022675844741583
0.0004742900751522061	-8.820208916882066e-05	-2.7475557755174407e-05	9.550146461423381e-06	0.00043732428729481576	0.0008908520418529076	-0.00017753216890459278	0.0007730382465118701
-0.0005866697173244617	0.0015344422993255336	-0.0008387977520027956	0.0010705099389389794	0.0008741900841970907	0.00014193924716332518	0.00013451482888293675	0.001209904043414367
0.0006615182738249903	0.00022384490861848683	0.00028457144003235513	0.0010705099389389794	0.0007493712850819012	0.0010780802405259138	9.696029767747305e-06	0.0013347228425291124
-0.000337032119094971	9.902610950396351e-05	0.0006590278373772573	0.0004464159433632542	0.0007493712850819012	0.0017021742361003067	-0.00017753216890459278	0.00027376305005222257
0.0005366994747098008	0.0012848047010960428	0.0002221620404743163	0.0008832817402661952	0.0006245524859667118	0.0007660332427386063	7.210542932578612e-05	0.0007106288469542754
-0.0006490791168820564	0.0003486637077336763	0.001969625228084304	0.0002591877446909141	0.0006245524859667118	0.0006412144436234168	7.210542932578612e-05	0.000585810047839086
0.000723927673382585	0.00028625430817608155	0.0007838466364924468	0.0010081005393813847	0.0003125054881796263	-0.0007317923466414467	9.696029767747305e-06	0.00039858184916718997
0.0005366994747098008	9.902610950396351e-05	0.00178239702941152	0.000508825342921293	0.0001876866890646589	0.00045398624495063267	-5.271336978895924e-05	0.00033617244960959525
-0.0005242603177673111	0.0009103483037506965	0.0010334842347219375	0.0003215971442485088	0.00043732428729481576	0.0005163956445082274	0.00013451482888293675	0.0008978570456270596
0.0005366994747098008	0.0017216704979983177	0.0004093902391466564	0.0010705099389389794	-6.19509091652759e-05	-0.001106248743986571	-5.271336978895924e-05	0.00033617244960959525
-0.0006490791168820564	-0.0002130208882840101	0.0008462560360495974	9.550146461423381e-06	0.0003125054881796263	0.0007036238431801234	-5.271336978895924e-05	0.001022675844741583
0.0005366994747098008	0.00047348250684842164	-0.000963616551117541	0.0003215971442485088	0.0001876866890646589	0.0005788050440658221	0.0003217430275554989	0.0010850852442991776
-0.00046185091820971635	0.0012848047010960428	-0.0006515695533300114	0.001320147537168248	0.0001876866890646589	0.0009532614414105023	-0.00036476036757693286	0.00033617244960959525
0.00041188067559549957	-0.0011491618816459326	3.493384180197623e-05	0.00038400654380610355	0.00043732428729481576	0.0005788050440658221	0.00013451482888293675	0.0008978570456270596
-0.0005866697173244617	0.0005983013059636111	0.0010958936342795322	0.0008832817402661952	0.0001876866890646589	-0.0004821547484117339	9.696029767747305e-06	0.00014894425093703312
-0.0008363073155550627	-0.0007747054843012524	0.0012831218329518723	-0.00042731565044107356	6.286788994991355e-05	0.0007036238431801234	-0.00017753216890459278	0.0002113536504944058
0.0005991088742673956	0.0007855295046359512	0.0002221620404743163	0.0003215971442485088	-6.19509091652759e-05	-0.0006069735475269233	9.696029767747305e-06	8.65348513794384e-05
-0.0005242603177673111	0.001035167102865886	0.001345531232509467	0.0008208723407086005	0.0003749148877374431	-0.0002949265497393938	0.00013451482888293675	0.00033617244960959525
0.0006615182738249903	-0.0003378396873983114	0.0014079406320668397	-0.00024008745176873347	-6.19509091652759e-05	0.0005163956445082274	9.696029767747305e-06	0.0005234006482814912
-0.0006490791168820564	0.0014096235002107882	-2.7475557755174407e-05	0.0002591877446909141	-6.19509091652759e-05	-0.0007317923466414467	-0.00023994156846174342	0.0002113536504944058
0.0005366994747098008	0.0007231201050783564	9.734324135957095e-05	0.000696053541593411	0.0008741900841970907	0.001452536637870594	0.0003217430275554989	0.0012723134429719618
-0.0003994415186525657	-8.820208916882066e-05	0.0005342090382620679	0.00038400654380610355	0.0001876866890646589	-0.0002949265497393938	-0.00023994156846174342	0.0005234006482814912
0.0004742900751522061	0.0006607107055212058	-0.00027711315598533126	0.0006336441420358163	0.0003749148877374431	0.0005163956445082274	-0.00011512276934699806	0.0007106288469542754
0.000723927673382585	-0.0004626584865137229	0.0005342090382620679	0.00013436894557572465	0.0003125054881796263	0.0013901272383129992	0.00013451482888293675	0.0007730382465118701
-0.0007738979159970238	0.0009103483037506965	-8.988495731276913e-05	0.00038400654380610355	6.286788994991355e-05	-0.00041974534885413917	-0.00011512276934699806	0.00039858184916718997
0.000723927673382585	0.00047348250684842164	0.0015327594311820292	0.0005712347424788877	0.0001876866890646589	-0.00017010775062420436	7.210542932578612e-05	2.412545182184367e-05
-0.0007114885164398732	-0.0002130208882840101	0.0012207124333942776	-0.0003024968513263282	0.0001876866890646589	0.0005788050440658221	-0.00017753216890459278	0.00039858184916718997
0.000723927673382585	0.0015968516988831283	0.0007838466364924468	0.0009456911398233458	0.00043732428729481576	-0.0007317923466414467	0.00013451482888293675	0.00033617244960959525
-0.0005866697173244617	0.00047348250684842164	0.0018448064289691146	0.0004464159433632542	0.00012527728950706418	0.0006412144436234168	9.696029767747305e-06	0.0007730382465118701
0.0007863370729397356	0.0003486637077336763	0.0009710748351643428	0.0012577381376108754	0.0007493712850819012	-0.000232517150181355	0.0003217430275554989	0.001209904043414367
-0.00046185091820971635	0.00209612689534322	0.00034698083958994985	0.0004464159433632542	0.00012527728950706418	0.0003291674458358873	-0.00030235096801933814	0.00027376305005222257
-0.00046185091820971635	0.00028625430817608155	-0.000339522555542926	0.0002591877446909141	0.0008117806846394959	0.0013277178387554045	0.00019692422844075352	0.0015219510412014525
0.0005366994747098008	0.0013472141006536376	-0.000963616551117541	0.001132919338495686	0.0003125054881796263	-0.000232517150181355	-0.00023994156846174342	0.0006482194473966807
-0.00046185091820971635	-8.820208916882066e-05	0.0009710748351643428	0.0007584629411514499	0.0010614182828698748	0.0016397648365433781	0.0003217430275554989	0.0012723134429719618
0.0005991088742673956	0.00016143550906111415	0.00034698083958994985	0.00019677834513331938	0.0003749148877374431	0.0005788050440658221	-0.00017753216890459278	0.0007106288469542754
-0.0005866697173244617	0.0017840798975556904	0.0010958936342795322	0.001320147537168248	0.0005621430864100052	-0.000232517150181355	7.210542932578612e-05	0.000585810047839086
0.0006615182738249903	3.6616709946368786e-05	0.0021568534267570882	0.0004464159433632542	0.00043732428729481576	0.00014193924716332518	-0.00011512276934699806	0.0007730382465118701
-0.0007738979159970238	0.0008479389041935459	0.0005966184378196626	0.001757013334070967	0.0008741900841970907	-0.00041974534885413917	0.0003841524271130936	0.001022675844741583
0.0009111558720553692	0.0020337174957856252	0.0007838466364924468	0.000508825342921293	0.0007493712850819012	0.0008284426422957569	-0.00011512276934699806	0.001209904043414367
0.0005991088742673956	0.0017216704979983177	-0.0012132541493472537	0.0012577381376108754	0.0007493712850819012	-0.00017010775062420436	9.696029767747305e-06	0.001646769840316642
-0.00046185091820971635	0.0022209456944584094	-0.0014628917475776326	0.0018818321331861565	0.0013110558810995876	-0.0002949265497393938	0.00013451482888293675	0.002083635637219139
0.0006615182738249903	0.0009103483037506965	-0.0016501199462499727	0.001320147537168248	0.001248646481542437	0.0007036238431801234	9.696029767747305e-06	0.0022084544363338843
-0.0007738979159970238	0.0019088986966708799	-0.003210354935186732	0.0018194227336281177	0.0011238276824268034	-4.528895150901491e-05	-0.00017753216890459278	0.002520501434121636
0.000723927673382585	0.0021585362949008147	-0.0023366233413819604	0.0022562885305310587	0.001435874680214333	-0.0002949265497393938	0.00019692422844075352	0.003144595429696695
-0.00046185091820971635	0.0013472141006536376	-0.0022742139418248097	0.0014449663362834375	0.0013110558810995876	-0.0002949265497393938	-0.00011512276934699806	0.003082186030138656
0.0005366994747098008	0.0024081738931303054	-0.003959267729877203	0.0027555637269909283	0.0021223780753467647	-4.528895150901491e-05	0.00025933362799834825	0.0036438706261567866
-0.0005866697173244617	0.0024081738931303054	-0.003522401932974928	0.001757013334070967	0.001248646481542437	-0.00010769835106660963	-0.0004271697671340835	0.003144595429696695
-0.00046185091820971635	0.002907449089590397	-0.004146495928549543	0.002817973126548079	0.0018103310775592352	-0.0002949265497393938	0.00025933362799834825	0.003955917623943428
0.0005366994747098008	0.00228335509401556	-0.003522401932974928	0.002817973126548079	0.001248646481542437	-0.0004821547484117339	-5.271336978895924e-05	0.0036438706261567866
-0.00046185091820971635	0.0021585362949008147	-0.0035848113325320785	0.0024435167292029547	0.0017479216780018625	0.0007660332427386063	0.0003217430275554989	0.004267964621731624
0.00041188067559549957	0.0026578114913606843	-0.004957818122796942	0.0025059261287605494	0.0006869618855243065	-0.0009814299448718256	-0.0004271697671340835	0.004080736423058617
-0.000337032119094971	0.0030322678887055865	-0.002835898537842052	0.0022562885305310587	0.0014982840797723718	0.00014193924716332518	-0.00023994156846174342	0.0034566424274840024
0.0005366994747098008	0.00209612689534322	-0.004084086528991948	0.0015073757358405881	0.001435874680214333	-4.528895150901491e-05	0.00025933362799834825	0.003893508224385833
-0.0003994415186525657	0.0032194960873783707	-0.0046457711250096345	0.001569785135398627	0.0008741900841970907	-0.0004821547484117339	-0.00030235096801933814	0.0032070048292538456
0.0004742900751522061	0.0018464892971135072	-0.004396133526779256	0.0018194227336281177	0.0014982840797723718	0.0005163956445082274	7.210542932578612e-05	0.004205555222173585
0.0005991088742673956	0.0026578114913606843	-0.00477058992412438	0.002630744927875739	0.0015606934793299665	-0.00017010775062420436	0.00013451482888293675	0.004143145822616434
-0.0005242603177673111	0.0019713080962284746	-0.003709630131646824	0.001320147537168248	0.0017479216780018625	0.0002667580462782926	0.00013451482888293675	0.004455192820403964
0.0005366994747098008	0.0020337174957856252	-0.0050826369219121315	0.001569785135398627	0.0015606934793299665	0.00045398624495063267	-0.00011512276934699806	0.004580011619518709
-0.00046185091820971635	0.0030322678887055865	-0.00458336172545204	0.002381107329645804	0.0019975592762315753	7.952984760573045e-05	0.00019692422844075352	0.004517602219961558
0.0005991088742673956	0.0021585362949008147	-0.0037720395312044186	0.0025059261287605494	0.0013734652806571823	0.00014193924716332518	-0.00036476036757693286	0.004143145822616434
-0.0007738979159970238	0.002345764493573599	-0.005332274520142066	0.0020690603318584966	0.0007493712850819012	-0.0006069735475269233	-5.271336978895924e-05	0.004080736423058617
0.0004742900751522061	0.0032819054869350772	-0.004708180524566785	0.0027555637269909283	0.0013110558810995876	0.00020434864672069786	0.0003841524271130936	0.004642421019076304
-0.000337032119094971	0.003157086687820776	-0.005332274520142066	0.0025059261287605494	0.0006245524859667118	-0.00035733594929654444	-5.271336978895924e-05	0.003893508224385833
-0.0005866697173244617	0.0034067242860504887	-0.00477058992412438	0.002630744927875739	0.0011862370819843981	-0.00017010775062420436	-0.00011512276934699806	0.004330374021288774
0.0009111558720553692	0.0027826302904756517	-0.003959267729877203	0.0022562885305310587	0.0017479216780018625	0.0005163956445082274	0.00044656182667024424	0.004829649217748644
-0.0008363073155550627	0.0024081738931303054	-0.006018777915274054	0.0013825569367258428	0.0013734652806571823	-4.528895150901491e-05	-0.0004271697671340835	0.004580011619518709
0.0005366994747098008	0.002907449089590397	-0.0050826369219121315	0.0012577381376108754	0.0017479216780018625	-0.0002949265497393938	-0.00011512276934699806	0.005578562012438226
-0.0003994415186525657	0.0022209456944584094	-0.004832999323681975	0.0010705099389389794	0.0023720156735771436	0.0007660332427386063	-0.0004271697671340835	0.0051416962155363954
0.0004742900751522061	0.0026578114913606843	-0.006767690709963636	0.0006336441420358163	0.0025592438722494837	0.0003291674458358873	0.00019692422844075352	0.005890609010225534
-0.0005242603177673111	0.0034067242860504887	-0.004708180524566785	0.003067610724778236	0.0016855122784442678	0.00020434864672069786	7.210542932578612e-05	0.005204105615093546
0.0005991088742673956	0.0026578114913606843	-0.005145046321469282	0.0035044765216800666	0.001623102878886673	-0.00017010775062420436	-0.00011512276934699806	0.004829649217748644
0.0008487464724971083	0.0037187712838380182	-0.0033975831338592943	0.00469025511327259	0.001435874680214333	-0.00041974534885413917	0.0003217430275554989	0.004517602219961558
-0.0007738979159970238	0.0032194960873783707	-0.003959267729877203	0.003005201325220641	0.0006869618855243065	-0.0002949265497393938	-0.00017753216890459278	0.004080736423058617
0.0005991088742673956	0.0036563618842808676	-0.00477058992412438	0.0025059261287605494	0.0011238276824268034	-0.0004821547484117339	-5.271336978895924e-05	0.004018327023501467
-0.00027462271953737627	0.0036563618842808676	-0.0033975831338592943	0.0028803825261056737	0.0017479216780018625	0.00014193924716332518	0.000508971226227839	0.003955917623943428
0.0002870618764803101	0.0020337174957856252	-0.005394683919698773	0.0015073757358405881	0.0010614182828698748	-0.000232517150181355	0.00025933362799834825	0.005391333813765886
-0.00046185091820971635	0.003157086687820776	-0.005581912118371557	0.001757013334070967	0.0021847874749043594	-4.528895150901491e-05	9.696029767747305e-06	0.005016877416421206
0.000723927673382585	0.0024081738931303054	-0.0046457711250096345	0.001569785135398627	0.002059968675789614	0.0006412144436234168	-5.271336978895924e-05	0.0053289244142087355
-0.0007114885164398732	0.0015344422993255336	-0.006518053111734146	0.001320147537168248	0.0019975592762315753	-4.528895150901491e-05	-5.271336978895924e-05	0.005016877416421206
-0.0005866697173244617	0.0026578114913606843	-0.00458336172545204	0.0012577381376108754	0.002059968675789614	7.952984760573045e-05	0.00013451482888293675	0.005266515014651141
0.0005366994747098008	0.0012223953015384481	-0.006455643712176329	0.0009456911398233458	0.00012527728950706418	-0.0012310675431010942	-0.00011512276934699806	0.0033942330279264077
-0.0005866697173244617	0.0034067242860504887	-0.005145046321469282	0.0006336441420358163	0.0009365994837542413	-0.001043839344428532	7.210542932578612e-05	0.004018327023501467
0.0005366994747098008	0.0032819054869350772	-0.003959267729877203	0.0006336441420358163	0.00043732428729481576	-0.0014807051413314731	-0.00017753216890459278	0.004143145822616434
-0.00046185091820971635	0.003531543085165678	-0.00458336172545204	0.0008832817402661952	0.0011238276824268034	-0.0004821547484117339	-0.00030235096801933814	0.0032694142288114403
0.0004742900751522061	0.0034691336856080834	-0.0052698651205844715	0.0002591877446909141	0.0013110558810995876	-0.0007942017461990414	7.210542932578612e-05	0.004018327023501467
-0.0005866697173244617	0.003094677288262737	-0.004520952325894445	0.000696053541593411	0.00187274047711683	7.952984760573045e-05	0.00013451482888293675	0.004704830418633454
0.0008487464724971083	0.0027826302904756517	-0.005956368515716459	0.00038400654380610355	0.0021847874749043594	-0.00010769835106660963	7.210542932578612e-05	0.005016877416421206
0.0004742900751522061	0.0017840798975556904	-0.005956368515716459	0.0002591877446909141	0.0018103310775592352	-0.0002949265497393938	-0.00023994156846174342	0.004642421019076304
-0.0006490791168820564	0.00209612689534322	-0.007142147107309205	0.0004464159433632542	0.002059968675789614	0.0005788050440658221	9.696029767747305e-06	0.005453743213323481
0.000723927673382585	0.0006607107055212058	-0.008203106899786539	0.0006336441420358163	-0.00018676970828046535	-0.0019799803377913427	0.00013451482888293675	0.0032070048292538456
-0.0005242603177673111	0.0021585362949008147	-0.005644321517929152	0.0003215971442485088	0.0011862370819843981	-0.000669382947084296	9.696029767747305e-06	0.004704830418633454
0.0006615182738249903	0.003344314886493116	-0.006018777915274054	0.0004464159433632542	0.0011862370819843981	-0.0005445641479686625	0.00013451482888293675	0.004018327023501467
-0.0005242603177673111	0.004155637080740293	-0.00458336172545204	0.00038400654380610355	0.0003125054881796263	-0.0014182957417738784	-0.00011512276934699806	0.003581461226599192
0.000723927673382585	0.0038435900829527636	-0.00427131472766451	0.00038400654380610355	0.0006245524859667118	-0.0008566111457566361	-5.271336978895924e-05	0.004018327023501467
-0.0007114885164398732	0.0039059994825103583	-0.004458542926337294	0.000696053541593411	0.001248646481542437	-0.0009190205453142308	0.00025933362799834825	0.004018327023501467
-0.0006490791168820564	0.0022209456944584094	-0.005332274520142066	0.0003215971442485088	0.00099900888331228	-0.00041974534885413917	-5.271336978895924e-05	0.004080736423058617
0.0004742900751522061	0.0020337174957856252	-0.007142147107309205	0.0003215971442485088	0.0014982840797723718	0.00014193924716332518	-0.00030235096801933814	0.004455192820403964
-0.00046185091820971635	0.002345764493573599	-0.005519502718814406	0.0005712347424788877	0.002496834472691445	0.0005788050440658221	0.0003841524271130936	0.005391333813765886
0.00034947127603746075	0.0008479389041935459	-0.006830100109522119	7.19595460190181e-05	0.0015606934793299665	7.952984760573045e-05	-0.0004895791666916782	0.005640971411996265
-0.000337032119094971	0.00209612689534322	-0.0069549189086364205	0.000696053541593411	0.0023720156735771436	0.0007660332427386063	7.210542932578612e-05	0.004455192820403964
0.0007863370729397356	0.0017840798975556904	-0.006018777915274054	0.0006336441420358163	0.0009365994837542413	-0.00035733594929654444	-5.271336978895924e-05	0.004455192820403964
-0.0006490791168820564	0.0024081738931303054	-0.005581912118371557	0.0003215971442485088	0.0007493712850819012	-0.0009814299448718256	-0.00011512276934699806	0.004205555222173585
0.0005991088742673956	0.004093227681182698	-0.003210354935186732	0.0004464159433632542	0.0006869618855243065	-0.0011686581435437216	7.210542932578612e-05	0.004080736423058617
0.000723927673382585	0.004093227681182698	-0.0038344489307620133	0.0006336441420358163	0.0006869618855243065	-0.0007317923466414467	0.00019692422844075352	0.0038310988248286826
-0.0007738979159970238	0.004093227681182698	-0.00477058992412438	0.00013436894557572465	0.0009365994837542413	-0.001043839344428532	-0.00017753216890459278	0.003768689425271088
0.0005991088742673956	0.003344314886493116	-0.003709630131646824	0.0004464159433632542	0.0013734652806571823	-0.0007317923466414467	9.696029767747305e-06	0.0038310988248286826
-0.000337032119094971	0.0026578114913606843	-0.004832999323681975	0.000696053541593411	0.002496834472691445	0.001015670840968097	0.00044656182667024424	0.004143145822616434
0.00034947127603746075	0.0017840798975556904	-0.006268415513504433	0.00013436894557572465	0.0018103310775592352	-4.528895150901491e-05	9.696029767747305e-06	0.004829649217748644
-0.0005866697173244617	0.001472032899768383	-0.0050826369219121315	0.0003215971442485088	0.0017479216780018625	0.0006412144436234168	0.00019692422844075352	0.004517602219961558
0.000723927673382585	0.0006607107055212058	-0.00726696590642395	0.00038400654380610355	0.002247196874461954	0.00020434864672069786	7.210542932578612e-05	0.004954468016863611
-0.0005866697173244617	0.0022209456944584094	-0.004708180524566785	0.00038400654380610355	0.001435874680214333	-0.0004821547484117339	-5.271336978895924e-05	0.004330374021288774
-0.0006490791168820564	0.0034691336856080834	-0.005394683919698773	0.0003215971442485088	0.0011238276824268034	-0.0002949265497393938	9.696029767747305e-06	0.004704830418633454
0.0006615182738249903	0.004592502877642346	-0.0042089053281069155	0.000508825342921293	0.0010614182828698748	-0.001293476942658911	9.696029767747305e-06	0.004143145822616434
-0.0007114885164398732	0.0042804558798552605	-0.0035848113325320785	0.00038400654380610355	0.0006869618855243065	-0.0016055239404462185	9.696029767747305e-06	0.003768689425271088
0.0005991088742673956	0.004155637080740293	-0.0050826369219121315	0.0004464159433632542	0.0007493712850819012	-0.001106248743986571	9.696029767747305e-06	0.003893508224385833
-0.0007738979159970238	0.004030818281625548	-0.004895408723239347	0.00019677834513331938	0.0010614182828698748	-0.0012310675431010942	0.00025933362799834825	0.004143145822616434
0.000723927673382585	0.0030322678887055865	-0.0046457711250096345	0.000696053541593411	0.0017479216780018625	-4.528895150901491e-05	-0.00017753216890459278	0.004455192820403964
-0.0007738979159970238	0.0020337174957856252	-0.00707973770775161	0.00019677834513331938	0.0017479216780018625	-0.000669382947084296	-0.00036476036757693286	0.004143145822616434
0.00041188067559549957	0.0017216704979983177	-0.006206006113946838	0.0007584629411514499	0.002746472070922046	0.0007660332427386063	0.0003841524271130936	0.005266515014651141
0.00034947127603746075	0.0017216704979983177	-0.008078288100670905	0.00013436894557572465	0.0017479216780018625	-0.000232517150181355	-0.00036476036757693286	0.004704830418633454
-0.00046185091820971635	0.0028450396900332464	-0.0058939591161588645	0.000508825342921293	0.0021847874749043594	-0.0004821547484117339	0.00013451482888293675	0.0048920586173060165
0.0005991088742673956	0.0029698584891479918	-0.005769140317044341	0.0004464159433632542	0.0011862370819843981	-0.0009190205453142308	-0.00011512276934699806	0.004267964621731624
-0.0003994415186525657	0.0045300934780856394	-0.005332274520142066	0.0007584629411514499	0.0015606934793299665	-0.000669382947084296	0.00044656182667024424	0.002957367231024355
0.00041188067559549957	0.004218046480297888	-0.004520952325894445	9.550146461423381e-06	0.0001876866890646589	-0.0026664837329237745	0.00013451482888293675	0.003706280025713493
-0.0005242603177673111	0.00440527467897045	-0.004333724127222105	0.0005712347424788877	0.0009365994837542413	-0.0015431145408886238	-0.00011512276934699806	0.003706280025713493
0.0005991088742673956	0.0042804558798552605	-0.005207455721026877	0.0005712347424788877	0.0014982840797723718	-0.0012310675431010942	0.00025933362799834825	0.0038310988248286826
-0.0005242603177673111	0.0038435900829527636	-0.0058939591161588645	0.0002591877446909141	0.0013734652806571823	-0.0006069735475269233	-0.00017753216890459278	0.003706280025713493
-0.0003994415186525657	0.002720220890918057	-0.006143596714389243	0.0006336441420358163	0.0026216532718068564	0.0005788050440658221	0.0003841524271130936	0.005016877416421206
0.0004742900751522061	0.0015968516988831283	-0.005956368515716459	0.00019677834513331938	0.0019351498766744246	1.7120448048135728e-05	-0.00023994156846174342	0.004143145822616434
-0.0005866697173244617	0.0015344422993255336	-0.0069549189086364205	0.0003215971442485088	0.0025592438722494837	0.0012028990396406591	7.210542932578612e-05	0.005266515014651141
0.0008487464724971083	0.0024705832926879	-0.0063308249130615835	0.000696053541593411	0.002684062671364451	0.0006412144436234168	0.00025933362799834825	0.004392783420845925
-0.0007114885164398732	0.0024705832926879	-0.005020227522354537	0.00013436894557572465	0.0019975592762315753	-0.00035733594929654444	-0.00011512276934699806	0.004205555222173585
0.0005991088742673956	0.0030322678887055865	-0.0054570933192563675	0.00038400654380610355	0.0011238276824268034	-0.0012310675431010942	0.00013451482888293675	0.004018327023501467
-0.0005866697173244617	0.004592502877642346	-0.00427131472766451	0.0006336441420358163	0.0008117806846394959	-0.0018551615386765974	7.210542932578612e-05	0.003144595429696695
0.000723927673382585	0.0047173216767575354	-0.0042089053281069155	0.0003215971442485088	0.0007493712850819012	-0.0013558863422165057	-5.271336978895924e-05	0.0036438706261567866
0.0005366994747098008	0.004467684078528045	-0.00427131472766451	0.000508825342921293	0.0011238276824268034	-0.0015431145408886238	9.696029767747305e-06	0.003581461226599192
-0.000337032119094971	0.0037187712838380182	-0.0035848113325320785	0.000696053541593411	0.0021847874749043594	-0.00041974534885413917	0.0003217430275554989	0.004267964621731624
0.0005366994747098008	0.0025954020918030896	-0.006268415513504433	0.0004464159433632542	0.0019975592762315753	7.952984760573045e-05	-0.00011512276934699806	0.004580011619518709
-0.0006490791168820564	0.0026578114913606843	-0.006393234312618734	0.00019677834513331938	0.0024344250731342942	0.00020434864672069786	-0.00011512276934699806	0.005079286815978357
0.0005991088742673956	0.00209612689534322	-0.006206006113946838	0.00038400654380610355	0.0026216532718068564	0.0003291674458358873	0.00025933362799834825	0.006389884206685625
-0.0005242603177673111	0.002720220890918057	-0.007454194105096512	0.000508825342921293	0.0025592438722494837	-0.00035733594929654444	-0.00011512276934699806	0.005204105615093546
0.0005366994747098008	0.0034067242860504887	-0.006268415513504433	0.00038400654380610355	0.002059968675789614	-0.0004821547484117339	-5.271336978895924e-05	0.005079286815978357
-0.0007114885164398732	0.003781180683395169	-0.005332274520142066	0.0006336441420358163	0.0018103310775592352	-0.0007942017461990414	0.00019692422844075352	0.005079286815978357
-0.0007738979159970238	0.005403825071889967	-0.004021677129434353	7.19595460190181e-05	0.0010614182828698748	-0.0022920273355790943	-0.00023994156846174342	0.003893508224385833
0.0006615182738249903	0.005216596873218071	-0.003522401932974928	0.000508825342921293	0.0008741900841970907	-0.002167208536463905	7.210542932578612e-05	0.0036438706261567866
-0.0005866697173244617	0.0049045498754298755	-0.004957818122796942	0.0002591877446909141	0.0011238276824268034	-0.0015431145408886238	-5.271336978895924e-05	0.004080736423058617
0.0007863370729397356	0.0045300934780856394	-0.004021677129434353	0.000696053541593411	0.0017479216780018625	-0.0014182957417738784	0.00025933362799834825	0.004330374021288774
-0.0006490791168820564	0.002720220890918057	-0.0052698651205844715	0.00038400654380610355	0.0017479216780018625	-0.000232517150181355	-0.00017753216890459278	0.0048920586173060165
0.0005366994747098008	0.0020337174957856252	-0.007329375305981545	0.0004464159433632542	0.002933700269593942	0.0011404896400835085	0.0003217430275554989	0.0055161526128806315
-0.0003994415186525657	0.00209612689534322	-0.005769140317044341	9.550146461423381e-06	0.00187274047711683	0.0006412144436234168	-0.0004895791666916782	0.004704830418633454
0.0002870618764803101	0.0005358919064064604	-0.007204556506866355	0.0005712347424788877	0.0028088814704791965	0.0009532614414105023	0.0003217430275554989	0.005890609010225534
0.0005991088742673956	0.0028450396900332464	-0.005644321517929152	0.0003215971442485088	0.0016855122784442678	-0.000669382947084296	-0.00017753216890459278	0.004392783420845925
-0.0003994415186525657	0.0034691336856080834	-0.005332274520142066	0.0007584629411514499	0.0013110558810995876	-0.0007317923466414467	0.0003217430275554989	0.004580011619518709
0.0004742900751522061	0.0042804558798552605	-0.005519502718814406	0.00013436894557572465	0.0003125054881796263	-0.0024792555342514344	-0.00017753216890459278	0.003519051827041597
-0.0007114885164398732	0.0049045498754298755	-0.0038344489307620133	0.0003215971442485088	0.0001876866890646589	-0.0030409401302686767	-0.00011512276934699806	0.003331823628368813
0.000723927673382585	0.00440527467897045	-0.00458336172545204	0.000508825342921293	0.0003749148877374431	-0.0022920273355790943	0.00019692422844075352	0.004080736423058617
-0.00046185091820971635	0.00440527467897045	-0.0050826369219121315	0.0004464159433632542	0.00099900888331228	-0.0017927521391190027	-0.00023994156846174342	0.0033942330279264077
0.00041188067559549957	0.003094677288262737	-0.005207455721026877	0.000696053541593411	0.0019975592762315753	0.00020434864672069786	0.0003841524271130936	0.004767239818191049
-0.000337032119094971	0.0019713080962284746	-0.008639972696688814	0.0003215971442485088	0.0008741900841970907	-0.001043839344428532	-5.271336978895924e-05	0.003581461226599192
-0.0005866697173244617	0.00022384490861848683	-0.0075790129042112575	0.00019677834513331938	0.001248646481542437	-0.0005445641479686625	-0.00011512276934699806	0.003955917623943428
0.0005366994747098008	0.0012223953015384481	-0.008015878701113976	0.0004464159433632542	0.00187274047711683	0.0003291674458358873	-0.00011512276934699806	0.005266515014651141
-0.00046185091820971635	0.0026578114913606843	-0.006455643712176329	0.00038400654380610355	0.0018103310775592352	-0.0007942017461990414	7.210542932578612e-05	0.005391333813765886
0.0005366994747098008	0.0028450396900332464	-0.005394683919698773	0.0004464159433632542	0.0006245524859667118	-0.002167208536463905	9.696029767747305e-06	0.004455192820403964
-0.0005242603177673111	0.0035939524847223847	-0.0063308249130615835	0.0003215971442485088	-0.0003115885073947666	-0.0026040743333661798	0.00025933362799834825	0.004267964621731624
0.0007863370729397356	0.004654912277199941	-0.005145046321469282	0.0006336441420358163	-0.0005612261056251455	-0.0035402153267285463	-0.00011512276934699806	0.004330374021288774
-0.0007738979159970238	0.004342865279413077	-0.004520952325894445	0.00038400654380610355	4.5849039231882216e-07	-0.002541664933808585	-0.00011512276934699806	0.0048920586173060165
0.0006615182738249903	0.003781180683395169	-0.006143596714389243	0.00019677834513331938	0.0008117806846394959	-0.002167208536463905	-0.00023994156846174342	0.005266515014651141
0.0006615182738249903	0.0021585362949008147	-0.006455643712176329	0.0006336441420358163	0.0013734652806571823	-0.0009190205453142308	0.00019692422844075352	0.005578562012438226
-0.0006490791168820564	0.001472032899768383	-0.008827200895361154	0.0003215971442485088	0.0018103310775592352	0.00020434864672069786	-5.271336978895924e-05	0.006327474807128697
0.0004742900751522061	0.0013472141006536376	-0.008515153897574068	0.00019677834513331938	0.0016855122784442678	-0.0005445641479686625	-0.00036476036757693286	0.006202656008013507
-0.00046185091820971635	0.0015344422993255336	-0.007641422303768852	0.0006336441420358163	0.002309606274019105	0.0002667580462782926	0.00025933362799834825	0.0072012064009330246
0.0002870618764803101	0.0024705832926879	-0.008889610294918748	9.550146461423381e-06	0.0013734652806571823	-0.0012310675431010942	0.00044656182667024424	0.008199756793853208
-0.000337032119094971	0.00440527467897045	-0.006268415513504433	0.0006336441420358163	0.0003749148877374431	-0.0029161213311537093	-0.00023994156846174342	0.007700481597393116
0.0006615182738249903	0.005029368674545509	-0.005956368515716459	0.0004464159433632542	0.0004997336868524105	-0.002978530730711304	0.00013451482888293675	0.008449394392083143
-0.0005866697173244617	0.006027919067465248	-0.003959267729877203	0.0006336441420358163	0.00043732428729481576	-0.0035402153267285463	0.00025933362799834825	0.007950119195623051
-0.0007114885164398732	0.004654912277199941	-0.005145046321469282	0.00019677834513331938	-0.0003115885073947666	-0.0029161213311537093	-0.00011512276934699806	0.007326025200048436
0.0005366994747098008	0.00440527467897045	-0.006081187314831649	0.00038400654380610355	0.00025009608862225363	-0.002104799136906088	-0.00017753216890459278	0.007263615800490397
-0.0003994415186525657	0.0034067242860504887	-0.005020227522354537	0.0005712347424788877	0.001248646481542437	-0.001043839344428532	0.0003217430275554989	0.007138797001375874
0.0006615182738249903	0.0015344422993255336	-0.007017328308194015	0.0003215971442485088	0.0009365994837542413	-0.00010769835106660963	-0.00017753216890459278	0.007263615800490397
-0.0005866697173244617	0.0017216704979983177	-0.0075790129042112575	0.0004464159433632542	0.0016855122784442678	0.0005163956445082274	0.00013451482888293675	0.007263615800490397
0.0006615182738249903	0.0012848047010960428	-0.00658046251129174	0.000508825342921293	0.0011238276824268034	-4.528895150901491e-05	-0.00023994156846174342	0.007825300396508306
-0.0007114885164398732	0.0013472141006536376	-0.007828650502441636	0.0006336441420358163	0.001248646481542437	-0.0009190205453142308	0.00013451482888293675	0.008823850789427823
0.0007863370729397356	0.003157086687820776	-0.005207455721026877	0.00038400654380610355	0.0006245524859667118	-0.001917570938233748	9.696029767747305e-06	0.009011078988100829
0.0006615182738249903	0.0042804558798552605	-0.005644321517929152	0.000508825342921293	-6.19509091652759e-05	-0.0020423897373484934	7.210542932578612e-05	0.009447944785003104
-0.0007738979159970238	0.005216596873218071	-0.005207455721026877	0.0002591877446909141	-0.0004988167060675508	-0.0030409401302686767	-0.00023994156846174342	0.009510354184560255
0.0008487464724971083	0.005216596873218071	-0.0036472207320896732	0.000696053541593411	-0.000249179107837616	-0.002728893132480925	0.00025933362799834825	0.009635172983675222
-0.0007738979159970238	0.0039059994825103583	-0.005831549716601936	7.19595460190181e-05	-0.000686044904740557	-0.0020423897373484934	-0.00017753216890459278	0.009447944785003104
0.0005991088742673956	0.0037187712838380182	-0.005956368515716459	0.00038400654380610355	-6.19509091652759e-05	-0.0014807051413314731	-0.00023994156846174342	0.009073488387657536
-0.0007114885164398732	0.00228335509401556	-0.006206006113946838	0.00013436894557572465	0.0006245524859667118	0.0006412144436234168	0.00013451482888293675	0.009572763584117627
0.000723927673382585	0.0014096235002107882	-0.008203106899786539	0.0003215971442485088	0.0009365994837542413	0.0005163956445082274	9.696029767747305e-06	0.010321676378807432
-0.0005242603177673111	0.0015344422993255336	-0.008203106899786539	0.0004464159433632542	0.00043732428729481576	0.0002667580462782926	-0.00017753216890459278	0.010883360974824674
-0.0005242603177673111	0.00209612689534322	-0.008702382096245964	0.0003215971442485088	0.0008741900841970907	0.0002667580462782926	9.696029767747305e-06	0.012256367765089538
0.000723927673382585	0.0034691336856080834	-0.007204556506866355	0.0006336441420358163	0.0003749148877374431	-0.001043839344428532	0.00019692422844075352	0.013130099358894753
-0.0008363073155550627	0.0034067242860504887	-0.006767690709963636	-0.00011526865265354402	-0.0008108637038548583	-0.0022920273355790943	-0.0004271697671340835	0.012693233561992256
0.0005991088742673956	0.00477973107631513	-0.006767690709963636	0.00038400654380610355	-0.0009356825029700477	-0.0026664837329237745	-0.00011512276934699806	0.013629374555354401
-0.0005242603177673111	0.005466234471448006	-0.004895408723239347	0.0004464159433632542	-0.0007484543042972636	-0.00279130253203852	-0.0004895791666916782	0.012381186564204727
0.00034947127603746075	0.0042804558798552605	-0.005831549716601936	9.550146461423381e-06	-0.0008732731034128971	-0.0014182957417738784	0.00013451482888293675	0.013067689959336715
-0.0005866697173244617	0.004218046480297888	-0.006767690709963636	0.000508825342921293	-0.0004988167060675508	-0.0007942017461990414	0.00013451482888293675	0.01275564296154963
0.000723927673382585	0.0032194960873783707	-0.007891059901998787	0.00019677834513331938	-0.0003739979069532495	0.0005788050440658221	-5.271336978895924e-05	0.012381186564204727
0.00041188067559549957	0.0007231201050783564	-0.009888160687838043	0.00013436894557572465	-0.00012436030872287063	0.0009532614414105023	-0.0004271697671340835	0.012506005363319916
-0.0003994415186525657	0.0009103483037506965	-0.008203106899786539	0.000696053541593411	0.0008741900841970907	0.0018894024347730909	0.00044656182667024424	0.013941421553141486
0.0002870618764803101	-0.0001506114887264154	-0.00963852308960833	-5.2859253096171344e-05	-0.0003739979069532495	0.0009532614414105023	-0.000551988566249273	0.01331732755756665
-0.000337032119094971	0.0021585362949008147	-0.008515153897574068	0.0005712347424788877	0.0004997336868524105	0.0009532614414105023	0.0003217430275554989	0.0152520189438492
0.000723927673382585	0.0030322678887055865	-0.006518053111734146	0.0004464159433632542	-0.0005612261056251455	-0.000669382947084296	0.0003217430275554989	0.01575129414030907
-0.0005866697173244617	0.0038435900829527636	-0.005956368515716459	0.000508825342921293	-0.0016845952976600742	-0.0024792555342514344	-0.00023994156846174342	0.0152520189438492
0.0005991088742673956	0.005029368674545509	-0.0057067309174867464	0.00038400654380610355	-0.0018718234963324143	-0.0022920273355790943	-5.271336978895924e-05	0.015501656542079134
-0.0006490791168820564	0.0053414156723328166	-0.0050826369219121315	0.000508825342921293	-0.0016845952976600742	-0.0013558863422165057	9.696029767747305e-06	0.014815153146946702
-0.0006490791168820564	0.0036563618842808676	-0.006081187314831649	0.0002591877446909141	-0.0011853201011999825	-0.000669382947084296	-5.271336978895924e-05	0.014315877950486833
0.0005366994747098008	0.0019088986966708799	-0.006081187314831649	0.0002591877446909141	-0.0009356825029700477	0.00020434864672069786	-0.00017753216890459278	0.013442146356681839
-0.0005866697173244617	0.0006607107055212058	-0.008203106899786539	0.00038400654380610355	-0.00018676970828046535	0.0018894024347730909	-5.271336978895924e-05	0.013379736957124688
0.0005991088742673956	0.00047348250684842164	-0.008577563297130775	0.0005712347424788877	0.00043732428729481576	0.0022014494325601763	9.696029767747305e-06	0.015189609544291827
-0.00046185091820971635	0.00047348250684842164	-0.007641422303768852	0.000508825342921293	0.0004997336868524105	0.0023262682316753658	7.210542932578612e-05	0.01625056933676916
0.0006615182738249903	0.0012223953015384481	-0.008452744498016473	0.0006336441420358163	-0.00012436030872287063	0.00020434864672069786	-0.00017753216890459278	0.017685985526591175
-0.0006490791168820564	0.002720220890918057	-0.007204556506866355	7.19595460190181e-05	-0.0015597764985453288	-0.0013558863422165057	-0.00030235096801933814	0.018060441923936743
0.0004742900751522061	0.0037187712838380182	-0.005956368515716459	0.0002591877446909141	-0.0014349576994301394	-0.0016679333400038132	7.210542932578612e-05	0.019183811115971228
0.0006615182738249903	0.006152737866579994	-0.004832999323681975	0.0005712347424788877	-0.0017470046972172248	-0.002167208536463905	0.00013451482888293675	0.019558267513315908
-0.0007114885164398732	0.005154187473660032	-0.0046457711250096345	0.00013436894557572465	-0.002308689293234467	-0.002167208536463905	-0.00017753216890459278	0.0184348983212812
0.0005991088742673956	0.0039059994825103583	-0.006767690709963636	0.00019677834513331938	-0.0019966422954471597	-0.0013558863422165057	-0.00023994156846174342	0.017249119729688678
-0.0005866697173244617	0.0030322678887055865	-0.006892509509078826	0.0003215971442485088	-0.0011853201011999825	7.952984760573045e-05	-5.271336978895924e-05	0.01568888474075192
0.0006615182738249903	0.0009103483037506965	-0.007641422303768852	0.0005712347424788877	-0.0006236355051825182	0.0015773554369857834	-0.00011512276934699806	0.01531442834340635
-0.0007738979159970238	-0.0002130208882840101	-0.009888160687838043	0.00013436894557572465	-0.0003115885073947666	0.00213904003300347	-0.00023994156846174342	0.01593852233898163
0.0006615182738249903	-0.00027543028784160484	-0.009139247893148461	0.0004464159433632542	-0.00043640730650995607	0.0023886776312329605	0.00013451482888293675	0.01749875732791839
-0.0005866697173244617	9.902610950396351e-05	-0.008702382096245964	0.0003215971442485088	-0.0011229107016423878	0.0005788050440658221	-0.00030235096801933814	0.018310079522166012
-0.00046185091820971635	0.0037187712838380182	-0.006018777915274054	0.0004464159433632542	-0.0016221858981020354	-0.0004821547484117339	0.00025933362799834825	0.020556817906235425
0.0005366994747098008	0.0045300934780856394	-0.0058939591161588645	0.00019677834513331938	-0.0033072396861544284	-0.002167208536463905	-0.00036476036757693286	0.020244770908448784
-0.000337032119094971	0.006090328467022399	-0.005332274520142066	0.0006336441420358163	-0.0024959174919072513	-0.0020423897373484934	0.0003841524271130936	0.021617777698713203
0.0002870618764803101	0.005466234471448006	-0.004957818122796942	9.550146461423381e-06	-0.004056152480844455	-0.0032281683289405727	-0.0004271697671340835	0.01943344871420072
-0.00046185091820971635	0.004467684078528045	-0.0054570933192563675	0.0002591877446909141	-0.0033072396861544284	-0.0016055239404462185	-0.00030235096801933814	0.01762357612703358
0.00041188067559549957	0.0030322678887055865	-0.007641422303768852	0.00019677834513331938	-0.0016221858981020354	0.0009532614414105023	0.00025933362799834825	0.01674984453322903
-0.0003994415186525657	0.001659261098441167	-0.0069549189086364205	0.0003215971442485088	-0.0017470046972172248	0.0015773554369857834	-0.00017753216890459278	0.014690334347831957
0.0004742900751522061	-0.0004002490869563502	-0.009513704290493585	0.0002591877446909141	-0.0008108637038548583	0.002076630633445875	-0.00011512276934699806	0.015002381345619042
0.000723927673382585	-2.579268961122594e-05	-0.007703831703326447	0.000696053541593411	-0.0010605013020852372	0.002076630633445875	0.00025933362799834825	0.01625056933676916
-0.0007738979159970238	0.00047348250684842164	-0.008203106899786539	-5.2859253096171344e-05	-0.001934232895890009	0.0005163956445082274	-0.00036476036757693286	0.01662502573411362
0.0005366994747098008	0.0027826302904756517	-0.00658046251129174	0.00038400654380610355	-0.002183870494119944	-0.000669382947084296	-0.00011512276934699806	0.018372488921723606
-0.000337032119094971	0.004654912277199941	-0.004021677129434353	0.0005712347424788877	-0.002995192688367343	-0.0014807051413314731	0.00019692422844075352	0.019558267513315908
0.0006615182738249903	0.005154187473660032	-0.004458542926337294	0.0004464159433632542	-0.0035568772843848073	-0.0024792555342514344	-0.00017753216890459278	0.01930862991508553
-0.0005866697173244617	0.005466234471448006	-0.00427131472766451	7.19595460190181e-05	-0.00399374308128686	-0.0022296179360210555	-0.00011512276934699806	0.01787321372526396
0.0005991088742673956	0.004592502877642346	-0.0038344489307620133	0.00038400654380610355	-0.0026831456905795914	-0.000669382947084296	9.696029767747305e-06	0.016500206934999095
-0.0005866697173244617	0.0027826302904756517	-0.006830100109522119	0.0005712347424788877	-0.0020590516950047544	0.00039157684539303794	0.00013451482888293675	0.0152520189438492
-0.0007114885164398732	-0.0002130208882840101	-0.007142147107309205	0.00013436894557572465	-0.0020590516950047544	0.001452536637870594	-0.00030235096801933814	0.014191059151371865
0.0009111558720553692	-0.0007122960847436577	-0.008702382096245964	0.0008208723407086005	-0.0006236355051825182	0.0025759058299053006	0.00044656182667024424	0.014565515548716768
-0.000961126114669808	-0.0005874772856289123	-0.008639972696688814	-0.00011526865265354402	-0.0014973670989877341	0.0015149460374281887	-0.0004895791666916782	0.0152520189438492
0.0009111558720553692	0.0007231201050783564	-0.006767690709963636	0.000696053541593411	-0.0016845952976600742	0.001452536637870594	0.00025933362799834825	0.01943344871420072
-0.0007114885164398732	0.0021585362949008147	-0.007204556506866355	9.550146461423381e-06	-0.002308689293234467	7.952984760573045e-05	0.00013451482888293675	0.022304281093845635
0.0007863370729397356	0.0045300934780856394	-0.0050826369219121315	0.0005712347424788877	-0.004493018277746508	-0.0022296179360210555	-0.00017753216890459278	0.023053193888535217
-0.0007114885164398732	0.005154187473660032	-0.004520952325894445	0.0002591877446909141	-0.0043681994786319844	-0.0026664837329237745	-0.00030235096801933814	0.023115603288092812
0.0005366994747098008	0.005591053270562307	-0.0042089053281069155	0.000508825342921293	-0.0036816960834995527	-0.0019799803377913427	0.00025933362799834825	0.022678737491190315
0.0004742900751522061	0.003531543085165678	-0.0054570933192563675	0.00013436894557572465	-0.0038689242821716707	-0.0016679333400038132	-0.00036476036757693286	0.01930862991508553
-0.0005866697173244617	0.0024705832926879	-0.007204556506866355	0.0003215971442485088	-0.001934232895890009	1.7120448048135728e-05	7.210542932578612e-05	0.01712430093057349
0.0004742900751522061	0.0010975765024232587	-0.007204556506866355	0.0003215971442485088	-0.0018718234963324143	0.0008908520418529076	-0.00023994156846174342	0.01512720014473401
-0.0003994415186525657	-0.0002130208882840101	-0.007641422303768852	0.0005712347424788877	-0.0004988167060675508	0.0023262682316753658	0.0003217430275554989	0.013130099358894753
0.00041188067559549957	-0.000649886685186507	-0.008889610294918748	7.19595460190181e-05	-0.0008732731034128971	0.0015149460374281887	0.0003217430275554989	0.014939971946061448
-0.0003994415186525657	0.0005983013059636111	-0.006393234312618734	0.0005712347424788877	-0.0017470046972172248	0.0006412144436234168	0.00013451482888293675	0.01568888474075192
0.000723927673382585	0.0012223953015384481	-0.006143596714389243	7.19595460190181e-05	-0.002371098692792506	-0.0007317923466414467	-0.00017753216890459278	0.01756116672747665
-0.0008363073155550627	0.002720220890918057	-0.0033975831338592943	0.0002591877446909141	-0.0037441054830571474	-0.0017927521391190027	-0.00017753216890459278	0.01874694531906873
-0.0005866697173244617	0.0045300934780856394	-0.003522401932974928	0.00038400654380610355	-0.0037441054830571474	-0.0018551615386765974	9.696029767747305e-06	0.018871764118183476
0.0005991088742673956	0.00477973107631513	-0.0036472207320896732	0.00038400654380610355	-0.003619286683941958	-0.0020423897373484934	-5.271336978895924e-05	0.0184348983212812
-0.0005866697173244617	0.004155637080740293	-0.002835898537842052	0.0003215971442485088	-0.00380651488261452	-0.0016679333400038132	9.696029767747305e-06	0.01749875732791839
0.0005366994747098008	0.002345764493573599	-0.004957818122796942	0.0002591877446909141	-0.003369649085712023	-0.0007942017461990414	-0.00017753216890459278	0.014503106149159617
-0.0005242603177673111	0.0017216704979983177	-0.0058939591161588645	0.000508825342921293	-0.002183870494119944	0.00045398624495063267	9.696029767747305e-06	0.013442146356681839
0.0005991088742673956	0.00016143550906111415	-0.0058939591161588645	0.00038400654380610355	-0.0016221858981020354	0.0017021742361003067	7.210542932578612e-05	0.013192508758452348
-0.0005866697173244617	-0.0007122960847436577	-0.007516603504654107	0.0003215971442485088	-0.0020590516950047544	0.0012653084391978098	-0.00017753216890459278	0.014066240352256676
0.0004742900751522061	-0.00027543028784160484	-0.0057067309174867464	0.0003215971442485088	-0.002558326891464846	0.001015670840968097	9.696029767747305e-06	0.01593852233898163
0.0005366994747098008	0.0014096235002107882	-0.006206006113946838	0.0004464159433632542	-0.0029327832888097483	-4.528895150901491e-05	9.696029767747305e-06	0.01731152912924583
-0.0007114885164398732	0.003157086687820776	-0.004895408723239347	7.19595460190181e-05	-0.0039313336817292655	-0.001293476942658911	-0.00030235096801933814	0.01899658291729822
0.0005991088742673956	0.004342865279413077	-0.003210354935186732	0.0005712347424788877	-0.004617837076862141	-0.001917570938233748	9.696029767747305e-06	0.019620676912873503
-0.0005866697173244617	0.004467684078528045	-0.003896858330319164	0.00019677834513331938	-0.004305790079073946	-0.0022296179360210555	-0.00011512276934699806	0.01943344871420072
0.0009735652716122978	0.004842140475872725	-0.003272764334744771	0.0006336441420358163	-0.004180971279959644	-0.002167208536463905	-0.0004271697671340835	0.01762357612703358
-0.0008363073155550627	0.0032819054869350772	-0.00427131472766451	9.550146461423381e-06	-0.0029327832888097483	-0.0002949265497393938	0.00019692422844075352	0.01662502573411362
0.000723927673382585	0.0021585362949008147	-0.006455643712176329	9.550146461423381e-06	-0.003182420887039683	0.0003291674458358873	-0.00036476036757693286	0.01562647534119388
-0.0007738979159970238	0.0009103483037506965	-0.007953469301556382	0.0002591877446909141	-0.002995192688367343	0.0011404896400835085	-0.00023994156846174342	0.015376837742964389
-0.0005866697173244617	-0.0005250678860708735	-0.00926406669226365	0.0005712347424788877	-0.0019966422954471597	0.0018894024347730909	7.210542932578612e-05	0.016375388135883906
0.000723927673382585	-0.0001506114887264154	-0.007766241102883598	0.0006336441420358163	-0.002807964489694559	0.0015773554369857834	9.696029767747305e-06	0.01756116672747665
-0.0005866697173244617	0.0005358919064064604	-0.0069549189086364205	0.0004464159433632542	-0.003369649085712023	0.0010780802405259138	0.00013451482888293675	0.01862212651995354
0.00041188067559549957	0.0020337174957856252	-0.00707973770775161	0.00019677834513331938	-0.004305790079073946	-0.0005445641479686625	-0.000551988566249273	0.021805005897385543
-0.00027462271953737627	0.004342865279413077	-0.003709630131646824	0.001132919338495686	-0.004305790079073946	-0.0006069735475269233	-0.0004271697671340835	0.020369589707563085
0.00041188067559549957	0.004155637080740293	-0.003959267729877203	0.00038400654380610355	-0.004617837076862141	-0.0016679333400038132	9.696029767747305e-06	0.02030718030800549
-0.0005242603177673111	0.005029368674545509	-0.004021677129434353	0.000508825342921293	-0.005241931072436756	-0.0016055239404462185	-0.00030235096801933814	0.01855971712039639
0.0005366994747098008	0.004342865279413077	-0.004333724127222105	0.001569785135398627	-0.0034944678848272126	0.00045398624495063267	0.0006337900253430284	0.017436347928361018
0.0002870618764803101	0.0009103483037506965	-0.007641422303768852	0.0013825569367258428	-0.004056152480844455	0.00039157684539303794	-0.0006143979658068677	0.014565515548716768
-0.0005242603177673111	0.00016143550906111415	-0.00658046251129174	0.0020690603318584966	-0.0031200114874820883	0.002263858832117771	0.00019692422844075352	0.014378287350044427
0.000723927673382585	-0.0012115712812035273	-0.007953469301556382	0.0018194227336281177	-0.0026207362910219967	0.0028255434281354574	7.210542932578612e-05	0.013254918158009499
-0.0007114885164398732	-0.0008995242834159978	-0.008140697500229166	0.0010705099389389794	-0.0026207362910219967	0.002451087030790111	-0.00011512276934699806	0.014877562546504297
0.0006615182738249903	0.0003486637077336763	-0.005644321517929152	0.0008832817402661952	-0.0035568772843848073	0.0022014494325601763	9.696029767747305e-06	0.0164377975354415
-0.0005242603177673111	0.0017216704979983177	-0.005207455721026877	0.000508825342921293	-0.004867474675091632	-0.000232517150181355	-5.271336978895924e-05	0.018185260723051044
0.0005366994747098008	0.0037187712838380182	-0.003709630131646824	0.0003215971442485088	-0.0056163874697816585	-0.0011686581435437216	9.696029767747305e-06	0.01874694531906873
-0.00046185091820971635	0.005154187473660032	-0.0022742139418248097	0.000508825342921293	-0.005553978070224508	-0.0018551615386765974	9.696029767747305e-06	0.018060441923936743
-0.0003994415186525657	0.005403825071889967	-0.002461442140497594	0.000508825342921293	-0.005054702873764416	-0.001293476942658911	0.00019692422844075352	0.01762357612703358
0.0006615182738249903	0.0039059994825103583	-0.0027734891382844573	0.000508825342921293	-0.005429159271109318	-0.0005445641479686625	7.210542932578612e-05	0.01562647534119388
-0.0006490791168820564	0.0019713080962284746	-0.005581912118371557	0.0002591877446909141	-0.004617837076862141	0.0007036238431801234	-0.00017753216890459278	0.014191059151371865
0.0005991088742673956	0.0009103483037506965	-0.006393234312618734	0.0004464159433632542	-0.004056152480844455	0.0018269930352154962	-5.271336978895924e-05	0.012506005363319916
-0.0007114885164398732	-0.0005874772856289123	-0.006455643712176329	0.0003215971442485088	-0.004305790079073946	0.0027631340285778627	0.00013451482888293675	0.012381186564204727
0.000723927673382585	-0.000837114883858403	-0.007703831703326447	0.000508825342921293	-0.004992293474206377	0.0026383152294628953	-0.00017753216890459278	0.014440696749602022
-0.0007114885164398732	0.00047348250684842164	-0.006206006113946838	0.0008208723407086005	-0.00611566266624175	0.0018894024347730909	0.00019692422844075352	0.01606334113809682
0.0007863370729397356	0.0014096235002107882	-0.004396133526779256	0.00038400654380610355	-0.006989394260046078	0.0003291674458358873	-0.00030235096801933814	0.01762357612703358
0.0007863370729397356	0.004966959274987914	-0.0023366233413819604	0.0007584629411514499	-0.007675897655178954	-0.0005445641479686625	7.210542932578612e-05	0.019371039314643568
-0.0005866697173244617	0.0053414156723328166	-0.0016501199462499727	0.0006336441420358163	-0.008050354052523634	-0.0011686581435437216	9.696029767747305e-06	0.019246220515528822
0.00041188067559549957	0.004592502877642346	-0.0035848113325320785	0.0003215971442485088	-0.008237582251196418	-0.0014182957417738784	-0.0004895791666916782	0.01774839492614877
-0.0005242603177673111	0.004592502877642346	-0.0031479455356300257	0.0007584629411514499	-0.007239031858276457	0.0003291674458358873	7.210542932578612e-05	0.015064790745176637
0.0007863370729397356	0.0024081738931303054	-0.004832999323681975	0.0009456911398233458	-0.006739756661816365	0.0013901272383129992	-0.00023994156846174342	0.013005280559779564
-0.0007114885164398732	0.0003486637077336763	-0.0075790129042112575	0.0004464159433632542	-0.006053253266684155	0.0030127716268077975	-0.00030235096801933814	0.011132998573055053
0.00041188067559549957	-0.000649886685186507	-0.007329375305981545	0.0008832817402661952	-0.004867474675091632	0.004260959617957472	0.000508971226227839	0.011195407972612648
-0.00027462271953737627	-0.001086752482088782	-0.007828650502441636	-5.2859253096171344e-05	-0.006178072065799345	0.0023262682316753658	-0.0006768073653644624	0.009822401182348006
-0.0003994415186525657	0.0009727577033082913	-0.004396133526779256	0.0010705099389389794	-0.0058036156684539986	0.0027631340285778627	0.0003217430275554989	0.012318777164647132
0.0005991088742673956	0.0019088986966708799	-0.0038344489307620133	0.0012577381376108754	-0.006926984860489149	0.0007660332427386063	-0.00011512276934699806	0.012693233561992256
-0.0005242603177673111	0.003781180683395169	-0.0025238515400547445	0.0015073757358405881	-0.00680216606137396	0.00020434864672069786	0.00019692422844075352	0.014315877950486833
0.0004742900751522061	0.004342865279413077	-0.000963616551117541	0.0010705099389389794	-0.007675897655178954	-0.0011686581435437216	-0.00023994156846174342	0.013629374555354401
-0.0003994415186525657	0.00440527467897045	-0.0013380729484628873	0.0016321945349557776	-0.007051803659603673	-0.0007317923466414467	0.0003217430275554989	0.01294287116022197
0.0007863370729397356	0.0038435900829527636	-0.0021493951427100644	0.001757013334070967	-0.007114213059161267	0.0006412144436234168	-0.00023994156846174342	0.01144504557084236
-0.0007738979159970238	0.0022209456944584094	-0.0029607173369572415	0.0008208723407086005	-0.006365300264471685	0.0023262682316753658	0.00013451482888293675	0.010571313977037589
0.000723927673382585	0.0005358919064064604	-0.005956368515716459	0.00038400654380610355	-0.0058036156684539986	0.0032624092250377323	9.696029767747305e-06	0.009510354184560255
0.00034947127603746075	-0.001273980680761122	-0.005644321517929152	0.00013436894557572465	-0.006365300264471685	0.0034496374237102945	-0.00030235096801933814	0.008761441389870228
-0.0005866697173244617	-0.0007747054843012524	-0.005831549716601936	0.0003215971442485088	-0.005928434467569188	0.0036992750219402293	9.696029767747305e-06	0.009447944785003104
0.000723927673382585	0.0007855295046359512	-0.004396133526779256	0.0006336441420358163	-0.00630289086491409	0.0033872280241526997	0.00019692422844075352	0.011008179773940308
-0.0006490791168820564	0.0019713080962284746	-0.002461442140497594	0.0002591877446909141	-0.0073014412578340515	0.002700724629020268	-5.271336978895924e-05	0.013379736957124688
0.0006615182738249903	0.003157086687820776	-0.0021493951427100644	0.000508825342921293	-0.007800716454293699	0.0015773554369857834	-0.00036476036757693286	0.01425346855092946
-0.0007114885164398732	0.004467684078528045	-0.0013380729484628873	9.550146461423381e-06	-0.008736857447656066	0.0010780802405259138	0.00013451482888293675	0.014627924948273918
0.000723927673382585	0.00477973107631513	-0.0005891601537728608	0.00013436894557572465	-0.008736857447656066	0.0013901272383129992	-0.00017753216890459278	0.014191059151371865
-0.0007738979159970238	0.004030818281625548	-0.0027110797387273067	0.000508825342921293	-0.008674448048098471	0.002513496430347706	7.210542932578612e-05	0.014066240352256676
-0.0005242603177673111	0.002345764493573599	-0.0035848113325320785	0.0004464159433632542	-0.008549629248983726	0.0036368656223830786	9.696029767747305e-06	0.013379736957124688
0.0006615182738249903	0.0009103483037506965	-0.005644321517929152	0.00038400654380610355	-0.008050354052523634	0.0040737314192849094	-0.00011512276934699806	0.012568414762877511
-0.0005866697173244617	0.0004110731072908269	-0.0052698651205844715	0.0002591877446909141	-0.007675897655178954	0.0046978254148601906	0.00013451482888293675	0.011819501968187485
0.0005366994747098008	-0.0003378396873983114	-0.005394683919698773	0.0006336441420358163	-0.008050354052523634	0.0046978254148601906	-0.00017753216890459278	0.012443595963762322
-0.000337032119094971	0.0005983013059636111	-0.0050826369219121315	0.0010081005393813847	-0.0073014412578340515	0.004885053613532309	-0.0004895791666916782	0.012443595963762322
0.00034947127603746075	0.0009727577033082913	-0.003896858330319164	7.19595460190181e-05	-0.009485770242346092	0.003324818624595327	-5.271336978895924e-05	0.014003830952699525
-0.0005866697173244617	0.0022209456944584094	-0.002648670339169934	0.0007584629411514499	-0.008986495045886	0.0027631340285778627	0.0003217430275554989	0.014877562546504297
0.0009111558720553692	0.0036563618842808676	-0.001400482348020038	0.00019677834513331938	-0.009735407840576027	0.0023262682316753658	-0.00011512276934699806	0.014440696749602022
0.0004742900751522061	0.003344314886493116	-0.0021493951427100644	0.00013436894557572465	-0.009922636039248367	0.0018269930352154962	-0.00036476036757693286	0.013130099358894753
-0.0003994415186525657	0.0036563618842808676	-0.0027734891382844573	0.000696053541593411	-0.008549629248983726	0.003075181026364948	0.00025933362799834825	0.013192508758452348
0.0006615182738249903	0.0024081738931303054	-0.0029607173369572415	0.000508825342921293	-0.00848721984942613	0.003512046823267889	0.00013451482888293675	0.01144504557084236
-0.0007114885164398732	0.0006607107055212058	-0.00458336172545204	0.00019677834513331938	-0.008112763452081229	0.0036992750219402293	-0.00011512276934699806	0.008948669588543234
0.0004742900751522061	-0.0001506114887264154	-0.005831549716601936	0.0002591877446909141	-0.007675897655178954	0.0038240938210554187	0.00013451482888293675	0.009198307186772725
-0.00046185091820971635	-0.0002130208882840101	-0.00458336172545204	0.0004464159433632542	-0.007925535253409333	0.0046978254148601906	7.210542932578612e-05	0.009323125985887915
0.0005991088742673956	-0.000649886685186507	-0.005145046321469282	0.00038400654380610355	-0.008175172851638823	0.004011322019727315	-5.271336978895924e-05	0.010134448180135092
-0.0006490791168820564	0.00028625430817608155	-0.0025238515400547445	0.0008208723407086005	-0.008986495045886	0.0034496374237102945	-0.00017753216890459278	0.010945770374382269
-0.0003994415186525657	0.0021585362949008147	-0.0018373481449225348	0.0014449663362834375	-0.00861203864854132	0.002950362227250203	0.00025933362799834825	0.011944320767302008
0.0005366994747098008	0.002907449089590397	-0.0014628917475776326	0.001132919338495686	-0.00911131384500119	0.0018269930352154962	-0.00011512276934699806	0.01169468316907274
-0.0008987167151117692	0.0030322678887055865	-0.000963616551117541	0.0008832817402661952	-0.008986495045886	0.001452536637870594	-0.00036476036757693286	0.011070589173497458
0.0008487464724971083	0.0027826302904756517	-0.0015253011471347833	0.0016321945349557776	-0.007800716454293699	0.0017645836356579014	0.00025933362799834825	0.009510354184560255
-0.0007114885164398732	0.0022209456944584094	-0.002461442140497594	0.001569785135398627	-0.007675897655178954	0.0018269930352154962	-5.271336978895924e-05	0.008511803791640737
0.0005366994747098008	0.0010975765024232587	-0.0028983079373996468	0.0019442415327433071	-0.008050354052523634	0.00357445622282504	-0.0004271697671340835	0.008199756793853208
-0.0008987167151117692	-0.0003378396873983114	-0.0050826369219121315	0.0023186979300882093	-0.007239031858276457	0.004760234814417785	0.00025933362799834825	0.008511803791640737
0.0007863370729397356	3.6616709946368786e-05	-0.00458336172545204	0.000696053541593411	-0.008050354052523634	0.005072281812204649	-5.271336978895924e-05	0.008636622590755039
0.0004742900751522061	-0.0005874772856289123	-0.0050826369219121315	0.0004464159433632542	-0.008237582251196418	0.004510597216187406	-0.00017753216890459278	0.008948669588543234
-0.00046185091820971635	0.0007855295046359512	-0.0025862609396123393	0.0005712347424788877	-0.008050354052523634	0.004885053613532309	0.0003217430275554989	0.010384085778365026
0.0004742900751522061	0.001035167102865886	-0.0019621669440377243	7.19595460190181e-05	-0.009548179641903687	0.0034496374237102945	-0.00036476036757693286	0.010446495177922399
-0.0006490791168820564	0.0024081738931303054	-0.001587710546692378	0.00019677834513331938	-0.009360951443230903	0.002950362227250203	-5.271336978895924e-05	0.012131548965974792
0.0008487464724971083	0.003531543085165678	9.734324135957095e-05	0.0006336441420358163	-0.008736857447656066	0.003137590425922987	-0.00011512276934699806	0.011132998573055053
-0.0007114885164398732	0.0032819054869350772	-0.00046434135465811543	0.00019677834513331938	-0.008175172851638823	0.0022014494325601763	-0.00011512276934699806	0.010259266979250281
0.0005991088742673956	0.0027826302904756517	-0.0017749387453651622	0.00038400654380610355	-0.007675897655178954	0.003324818624595327	-5.271336978895924e-05	0.009510354184560255
-0.0005866697173244617	0.002532992692245495	-0.003023126736514836	0.000508825342921293	-0.007363850657391646	0.004136140818842948	0.00013451482888293675	0.008511803791640737
-0.00046185091820971635	3.6616709946368786e-05	-0.004520952325894445	0.0004464159433632542	-0.00661493786270162	0.0046978254148601906	0.00013451482888293675	0.007950119195623051
0.0004742900751522061	-0.0005874772856289123	-0.0042089053281069155	0.00038400654380610355	-0.006926984860489149	0.004885053613532309	-0.00017753216890459278	0.00695156880270309
-0.0005242603177673111	-0.0009619336829735925	-0.004021677129434353	0.0006336441420358163	-0.00667734726225877	0.005321919410435028	0.00013451482888293675	0.007700481597393116
0.00034947127603746075	-0.0005250678860708735	-0.0036472207320896732	0.000508825342921293	-0.007051803659603673	0.0038865032206125694	-0.00036476036757693286	0.008511803791640737
-0.0003994415186525657	0.0010975765024232587	-0.0007139789528876062	0.0012577381376108754	-0.00642770966402928	0.004011322019727315	-0.00011512276934699806	0.008324575592967953
0.0005366994747098008	0.0019088986966708799	-0.00046434135465811543	0.0016321945349557776	-0.00630289086491409	0.0016397648365433781	0.0003217430275554989	0.009073488387657536
-0.00046185091820971635	0.0032194960873783707	0.0005966184378196626	0.003005201325220641	-0.006989394260046078	0.0007036238431801234	-5.271336978895924e-05	0.008262166193410359
0.0005366994747098008	0.0034067242860504887	-0.00015229435687036386	0.004627845713715439	-0.00680216606137396	0.0008908520418529076	-0.00011512276934699806	0.007762890996950267
0.0006615182738249903	0.0019713080962284746	-0.001400482348020038	0.00500230211106012	-0.006053253266684155	0.0012653084391978098	0.00013451482888293675	0.006701931204473599
-0.0007114885164398732	0.0003486637077336763	-0.0023366233413819604	0.010307101073447011	-0.006365300264471685	0.00213904003300347	-5.271336978895924e-05	0.0053289244142087355
0.0005991088742673956	-0.001710846477663619	-0.004708180524566785	0.012741067656188987	-0.006552528463143581	0.002513496430347706	-0.00023994156846174342	0.004205555222173585
-0.0006490791168820564	-0.002085302875008521	-0.005207455721026877	0.014550940243355681	-0.005741206268896848	0.003075181026364948	-0.00011512276934699806	0.004018327023501467
0.0005991088742673956	-0.0022725310736808613	-0.0038344489307620133	0.01136806086592368	-0.0058036156684539986	0.0038240938210554187	-5.271336978895924e-05	0.004954468016863611
-0.0005866697173244617	-0.0014612088794336842	-0.003522401932974928	0.007685906292032252	-0.0062404814653564955	0.0025759058299053006	-5.271336978895924e-05	0.005890609010225534
0.0005991088742673956	0.00022384490861848683	-0.0018373481449225348	0.013989255647338661	-0.007239031858276457	0.002513496430347706	0.0003841524271130936	0.007326025200048436
-0.0003994415186525657	0.0014096235002107882	-0.0010260259506749136	0.017671410221230976	-0.00879926684721366	0.0002667580462782926	-0.00030235096801933814	0.006826750003588344
-0.0007738979159970238	0.002532992692245495	-0.00015229435687036386	0.01430130264512619	-0.008362401050311163	0.0008284426422957569	-0.00023994156846174342	0.007575662798277927
0.000723927673382585	0.002345764493573599	-0.00015229435687036386	0.014613349642913276	-0.00798794465296604	0.0008908520418529076	7.210542932578612e-05	0.007076387601817835
-0.0008363073155550627	0.0008479389041935459	-0.0025862609396123393	0.013739618049108504	-0.007613488255621359	0.0008284426422957569	-0.00030235096801933814	0.006202656008013507
0.0008487464724971083	-2.579268961122594e-05	-0.0033351737343021437	0.016235994031407852	-0.007051803659603673	0.0023886776312329605	0.00013451482888293675	0.004704830418633454
-0.0007738979159970238	-0.001710846477663619	-0.00477058992412438	0.01448853084379853	-0.007426260056948797	0.003512046823267889	7.210542932578612e-05	0.004267964621731624
0.0006615182738249903	-0.0028342156696983256	-0.006268415513504433	0.017671410221230976	-0.00661493786270162	0.004573006615745001	-0.00011512276934699806	0.004517602219961558
-0.0005866697173244617	-0.0022725310736808613	-0.0050826369219121315	0.0043782081154852825	-0.006864575460931555	0.004635416015302596	-0.00017753216890459278	0.005453743213323481
0.0005366994747098008	-0.0015860276785488736	-0.003023126736514836	0.002381107329645804	-0.006490119063585986	0.00432336901751551	0.00013451482888293675	0.006826750003588344
0.0004742900751522061	0.0012848047010960428	-0.001150844749790103	0.0018818321331861565	-0.007675897655178954	0.0036368656223830786	-0.00011512276934699806	0.007326025200048436
-0.00046185091820971635	0.0024081738931303054	-0.0004019319551005207	0.0019442415327433071	-0.008299991650753569	0.0038240938210554187	9.696029767747305e-06	0.008886260188985196
0.0005991088742673956	0.002532992692245495	-0.0007139789528876062	0.001757013334070967	-0.008736857447656066	0.0033872280241526997	-0.00011512276934699806	0.009011078988100829
-0.0006490791168820564	0.0028450396900332464	-0.00021470375642773654	0.0010705099389389794	-0.008986495045886	0.004136140818842948	-0.00017753216890459278	0.008699031990313078
0.0005991088742673956	0.0017840798975556904	-0.0017125293458073454	0.0006336441420358163	-0.00892408564632885	0.004448187816629812	0.00013451482888293675	0.008574213191197444
-0.0005242603177673111	0.0012223953015384481	-0.0029607173369572415	0.000508825342921293	-0.008424810449868758	0.00625806040379695	-5.271336978895924e-05	0.007638072197835966
0.0005991088742673956	-2.579268961122594e-05	-0.003085536136072431	0.0005712347424788877	-0.007925535253409333	0.007006973198487421	0.00025933362799834825	0.008012528595180646
-0.0003994415186525657	-0.0007122960847436577	-0.004520952325894445	0.0002591877446909141	-0.008237582251196418	0.006445288602469512	-0.00011512276934699806	0.007388434599605587
-0.0008363073155550627	-0.00027543028784160484	-0.003085536136072431	9.550146461423381e-06	-0.00892408564632885	0.0068197449998146364	-0.00030235096801933814	0.007950119195623051
0.0006615182738249903	0.0007231201050783564	-0.002648670339169934	0.000508825342921293	-0.009048904445443595	0.0063828792029121395	-5.271336978895924e-05	0.009011078988100829
-0.0005242603177673111	0.0022209456944584094	-0.001150844749790103	0.000508825342921293	-0.008549629248983726	0.00625806040379695	0.0003217430275554989	0.009884810581905157
0.0006615182738249903	0.0028450396900332464	-0.00015229435687036386	0.00038400654380610355	-0.009735407840576027	0.005633966408222113	9.696029767747305e-06	0.010571313977037589
-0.0007738979159970238	0.003094677288262737	-0.000963616551117541	0.0002591877446909141	-0.01029709243659327	0.005384328809992178	0.00025933362799834825	0.010696132776152778
0.000723927673382585	0.0032819054869350772	-0.00046434135465811543	0.0005712347424788877	-0.009610589041461282	0.006445288602469512	7.210542932578612e-05	0.010259266979250281
-0.0005242603177673111	0.0026578114913606843	-0.0008387977520027956	0.00019677834513331938	-0.009922636039248367	0.006133241604682205	-0.00036476036757693286	0.00913589778721513
0.00034947127603746075	0.001035167102865886	-0.002835898537842052	0.0005712347424788877	-0.008362401050311163	0.0076310671940618136	0.00025933362799834825	0.00938553538544551
0.0005991088742673956	-0.0002130208882840101	-0.003459992533417333	0.0002591877446909141	-0.00892408564632885	0.007693476593619408	-0.00011512276934699806	0.008511803791640737
-0.0005866697173244617	-0.0004626584865137229	-0.00458336172545204	0.0002591877446909141	-0.008424810449868758	0.007506248394947068	-5.271336978895924e-05	0.008386984992525548
0.000723927673382585	0.00016143550906111415	-0.003459992533417333	0.0005712347424788877	-0.008299991650753569	0.007755885993176559	0.00013451482888293675	0.008511803791640737
-0.0005866697173244617	0.00028625430817608155	-0.002835898537842052	0.00038400654380610355	-0.008986495045886	0.00806793299096431	7.210542932578612e-05	0.008761441389870228
0.0004742900751522061	0.00047348250684842164	-0.003459992533417333	0.0002591877446909141	-0.009360951443230903	0.006882154399372231	0.00025933362799834825	0.009884810581905157
-0.0003994415186525657	0.0019088986966708799	-0.001587710546692378	0.0005712347424788877	-0.009922636039248367	0.007506248394947068	7.210542932578612e-05	0.009947219981462307
0.000723927673382585	0.0020337174957856252	-0.0014628917475776326	-5.2859253096171344e-05	-0.010234683037035675	0.006757335600257042	-0.00036476036757693286	0.009323125985887915
-0.0008987167151117692	0.0015344422993255336	-0.0013380729484628873	0.0005712347424788877	-0.009548179641903687	0.007693476593619408	0.00019692422844075352	0.009323125985887915
-0.0006490791168820564	0.0012848047010960428	-0.0023366233413819604	0.0003215971442485088	-0.009735407840576027	0.0074438389953894735	-5.271336978895924e-05	0.009011078988100829
0.0005991088742673956	0.0008479389041935459	-0.003272764334744771	0.000508825342921293	-0.008986495045886	0.007506248394947068	9.696029767747305e-06	0.008574213191197444
-0.0005866697173244617	0.0007231201050783564	-0.0027110797387273067	0.0003215971442485088	-0.008736857447656066	0.007943114191848899	7.210542932578612e-05	0.008074937994738018
0.0004742900751522061	-2.579268961122594e-05	-0.0038344489307620133	0.00038400654380610355	-0.009173723244558118	0.007693476593619408	-0.00017753216890459278	0.008137347394295613
-0.0005866697173244617	0.00022384490861848683	-0.003959267729877203	0.00038400654380610355	-0.008237582251196418	0.007818295392734598	-0.00017753216890459278	0.007575662798277927
0.0004742900751522061	0.00016143550906111415	-0.0031479455356300257	0.00019677834513331938	-0.008736857447656066	0.007818295392734598	0.00013451482888293675	0.008137347394295613
-0.0005866697173244617	0.0004110731072908269	-0.003210354935186732	0.00019677834513331938	-0.009048904445443595	0.006882154399372231	-0.00023994156846174342	0.007513253398720776
0.0004742900751522061	0.0005358919064064604	-0.0015253011471347833	0.0005712347424788877	-0.008674448048098471	0.007943114191848899	0.00019692422844075352	0.008199756793853208
0.00041188067559549957	0.0007231201050783564	-0.0027110797387273067	0.00013436894557572465	-0.009485770242346092	0.00625806040379695	-0.0004271697671340835	0.007263615800490397
-0.0007114885164398732	0.0015344422993255336	-0.0019621669440377243	0.0004464159433632542	-0.008362401050311163	0.00625806040379695	7.210542932578612e-05	0.007575662798277927
0.0009111558720553692	0.0015968516988831283	-0.000963616551117541	0.0007584629411514499	-0.008112763452081229	0.0063828792029121395	0.00025933362799834825	0.007138797001375874
-0.0007738979159970238	0.00047348250684842164	-0.002461442140497594	0.00019677834513331938	-0.00798794465296604	0.005509147609107368	-5.271336978895924e-05	0.006015427809340723
0.000723927673382585	0.0006607107055212058	-0.002399032740939999	0.00038400654380610355	-0.006989394260046078	0.005072281812204649	7.210542932578612e-05	0.005828199610668827
-0.0006490791168820564	0.0003486637077336763	-0.0019621669440377243	0.00038400654380610355	-0.006739756661816365	0.005384328809992178	-5.271336978895924e-05	0.0055161526128806315
0.0005991088742673956	-0.0004626584865137229	-0.003272764334744771	0.00038400654380610355	-0.005990843867126561	0.005633966408222113	0.00019692422844075352	0.0053289244142087355
-0.00046185091820971635	-8.820208916882066e-05	-0.002461442140497594	0.00019677834513331938	-0.006989394260046078	0.005821194606894897	-0.00036476036757693286	0.004829649217748644
-0.000337032119094971	-2.579268961122594e-05	-0.002461442140497594	0.0006336441420358163	-0.006053253266684155	0.005821194606894897	0.0003841524271130936	0.005828199610668827
0.00041188067559549957	3.6616709946368786e-05	-0.0017749387453651622	0.00019677834513331938	-0.006365300264471685	0.005197100611320282	-0.00017753216890459278	0.004954468016863611
-0.0005866697173244617	0.0007231201050783564	-0.0007139789528876062	0.0002591877446909141	-0.00642770966402928	0.005009872412647498	9.696029767747305e-06	0.005079286815978357
0.0005991088742673956	0.0010975765024232587	-0.0012132541493472537	0.00038400654380610355	-0.0062404814653564955	0.0036992750219402293	-0.00011512276934699806	0.0053289244142087355
-0.00046185091820971635	0.0017840798975556904	0.0005966184378196626	0.0006336441420358163	-0.004805065275534037	0.004260959617957472	-0.00017753216890459278	0.004267964621731624
0.0004742900751522061	0.0014096235002107882	9.734324135957095e-05	0.0003215971442485088	-0.00399374308128686	0.002887952827692608	7.210542932578612e-05	0.004517602219961558
-0.0005242603177673111	0.0013472141006536376	-0.0006515695533300114	0.0006336441420358163	-0.0030576020879249377	0.002887952827692608	0.00013451482888293675	0.003768689425271088
0.0006615182738249903	0.0010975765024232587	-0.0012756635489052925	9.550146461423381e-06	-0.0036816960834995527	0.002513496430347706	-0.00036476036757693286	0.0030197766305815055
0.0007863370729397356	-2.579268961122594e-05	-0.0017125293458073454	0.0006336441420358163	-0.002371098692792506	0.0027631340285778627	0.0003217430275554989	0.003144595429696695
-0.0007114885164398732	3.6616709946368786e-05	-0.001150844749790103	0.00038400654380610355	-0.0022462798936773165	0.0031999998254801376	7.210542932578612e-05	0.0028325484319087213
0.000723927673382585	-0.00027543028784160484	-0.001400482348020038	0.0005712347424788877	-0.0026207362910219967	0.0033872280241526997	7.210542932578612e-05	0.002957367231024355
-0.0005242603177673111	9.902610950396351e-05	-0.001400482348020038	0.00038400654380610355	-0.0026207362910219967	0.003137590425922987	0.00013451482888293675	0.002894957831466316
0.0005991088742673956	0.0005983013059636111	-0.00021470375642773654	0.0003215971442485088	-0.0033072396861544284	0.0031999998254801376	7.210542932578612e-05	0.0034566424274840024
-0.0005866697173244617	0.0008479389041935459	-0.00021470375642773654	0.0004464159433632542	-0.003244830286597278	0.0023262682316753658	-0.00011512276934699806	0.003082186030138656
0.0005991088742673956	0.001035167102865886	-2.7475557755174407e-05	0.0004464159433632542	-0.0033072396861544284	0.002263858832117771	9.696029767747305e-06	0.003331823628368813
-0.0006490791168820564	0.0017840798975556904	-2.7475557755174407e-05	0.000696053541593411	-0.002995192688367343	0.002263858832117771	0.00025933362799834825	0.0032694142288114403
-0.0007114885164398732	0.0004110731072908269	-0.0006515695533300114	0.0003215971442485088	-0.0026207362910219967	0.0027631340285778627	-5.271336978895924e-05	0.002957367231024355
0.0005991088742673956	0.0004110731072908269	-0.0005891601537728608	0.0003215971442485088	-0.003244830286597278	0.002950362227250203	-0.00017753216890459278	0.002707729632793976
-0.0006490791168820564	-0.00027543028784160484	-0.0019621669440377243	0.0004464159433632542	-0.0034944678848272126	0.0040737314192849094	7.210542932578612e-05	0.0034566424274840024
0.0007863370729397356	-0.0002130208882840101	-0.0017125293458073454	0.0007584629411514499	-0.0033072396861544284	0.005259510010877433	0.0003217430275554989	0.0034566424274840024
-0.0010235355142274027	-0.000649886685186507	-0.0020869857431524697	-0.0001776780522113608	-0.005304340471994129	0.005446738209549773	7.210542932578612e-05	0.004704830418633454
0.000723927673382585	-0.00027543028784160484	-0.0023366233413819604	0.00038400654380610355	-0.0058036156684539986	0.007256610796716911	0.0003217430275554989	0.0055161526128806315
-0.0003994415186525657	0.0007855295046359512	-0.0012132541493472537	-5.2859253096171344e-05	-0.00786312585385085	0.0068197449998146364	-0.000551988566249273	0.0051416962155363954
0.0002870618764803101	0.0004110731072908269	-0.001150844749790103	0.0005712347424788877	-0.0073014412578340515	0.007194201397159317	0.00025933362799834825	0.006452293606243442
0.0005991088742673956	0.0015968516988831283	-0.0008387977520027956	0.0004464159433632542	-0.007363850657391646	0.007006973198487421	-0.00011512276934699806	0.006140246608455913
-0.00046185091820971635	0.0015968516988831283	-0.0006515695533300114	0.0005712347424788877	-0.007239031858276457	0.0074438389953894735	0.00025933362799834825	0.006639521804916004
0.0004742900751522061	0.0004110731072908269	-0.0022742139418248097	0.00019677834513331938	-0.007239031858276457	0.006570107401584702	-0.00017753216890459278	0.005640971411996265
-0.0006490791168820564	0.0006607107055212058	-0.0017749387453651622	0.00019677834513331938	-0.006178072065799345	0.006944563798929382	-0.00011512276934699806	0.005016877416421206
0.0008487464724971083	0.0003486637077336763	-0.0018373481449225348	0.0006336441420358163	-0.005678796869339253	0.006757335600257042	-0.00023994156846174342	0.004205555222173585
-0.0008363073155550627	-0.0004626584865137229	-0.0033975831338592943	7.19595460190181e-05	-0.004867474675091632	0.00625806040379695	0.00013451482888293675	0.004080736423058617
0.000723927673382585	0.00022384490861848683	-0.0022742139418248097	9.550146461423381e-06	-0.0058036156684539986	0.005821194606894897	-0.0004271697671340835	0.003706280025713493
-0.0008987167151117692	-0.0004626584865137229	-0.0025862609396123393	0.0008208723407086005	-0.004493018277746508	0.006133241604682205	0.00044656182667024424	0.004205555222173585
-0.0007114885164398732	0.00022384490861848683	-0.0017125293458073454	7.19595460190181e-05	-0.004680246476419292	0.005446738209549773	-0.00017753216890459278	0.0033942330279264077
0.0005366994747098008	0.0003486637077336763	-0.0017125293458073454	0.0004464159433632542	-0.004929884074649227	0.004635416015302596	-0.00011512276934699806	0.0032070048292538456
-0.00046185091820971635	0.00047348250684842164	-0.0012756635489052925	0.0006336441420358163	-0.0033072396861544284	0.004573006615745001	0.0003841524271130936	0.003331823628368813
0.0002870618764803101	0.00022384490861848683	-0.000963616551117541	-5.2859253096171344e-05	-0.00399374308128686	0.0030127716268077975	-0.000551988566249273	0.0026453202332368253
-0.0005866697173244617	0.0007855295046359512	-0.000526750754214822	0.000508825342921293	-0.0030576020879249377	0.002950362227250203	0.00019692422844075352	0.0018964074385463547
0.000723927673382585	0.00047348250684842164	-0.0005891601537728608	0.0005712347424788877	-0.0011229107016423878	0.0017021742361003067	7.210542932578612e-05	0.001459541641644746
-0.0006490791168820564	0.0007855295046359512	0.00034698083958994985	0.000508825342921293	-0.0007484543042972636	0.0008908520418529076	0.00013451482888293675	0.001209904043414367
0.000723927673382585	0.0005358919064064604	-0.0012756635489052925	0.00013436894557572465	-6.19509091652759e-05	0.00039157684539303794	-0.00036476036757693286	0.0004609912487247847
0.000723927673382585	0.0006607107055212058	-2.7475557755174407e-05	0.0006336441420358163	0.0008741900841970907	0.0010780802405259138	0.00019692422844075352	0.0005234006482814912
-0.0005866697173244617	-0.0001506114887264154	-0.001150844749790103	0.00038400654380610355	0.0005621430864100052	0.0007660332427386063	0.00013451482888293675	0.0002113536504944058
0.0007863370729397356	0.00016143550906111415	-0.0007763883524452009	0.0006336441420358163	0.0011862370819843981	0.0007036238431801234	0.00013451482888293675	-0.00016310274685049642
-0.0006490791168820564	0.0004110731072908269	9.734324135957095e-05	0.00038400654380610355	0.0009365994837542413	0.00045398624495063267	9.696029767747305e-06	-0.0007247873428677387
0.0006615182738249903	0.00016143550906111415	-0.00021470375642773654	0.0004464159433632542	0.0008741900841970907	-0.0006069735475269233	-0.00023994156846174342	-0.001099243740212863
-0.0007738979159970238	0.0005983013059636111	0.0007838466364924468	0.00013436894557572465	0.0025592438722494837	-0.002541664933808585	0.0003841524271130936	-0.0009120155415400788
0.0007863370729397356	0.0018464892971135072	0.002406491024986801	0.00013436894557572465	0.002309606274019105	-0.0036650341258432917	-0.00023994156846174342	-0.00153610953711536
-0.0008363073155550627	0.0005983013059636111	0.0021568534267570882	0.00038400654380610355	0.003557794265169223	-0.0041643093223038274	-5.271336978895924e-05	-0.0020353847335752295
-0.0003994415186525657	0.0015344422993255336	0.002219262826314017	0.0006336441420358163	0.0038698412629563084	-0.004101899922745789	0.00025933362799834825	-0.00153610953711536
0.0005991088742673956	-0.0003378396873983114	0.0005342090382620679	0.0004464159433632542	0.003308156666939066	-0.0035402153267285463	7.210542932578612e-05	-0.00191056593446004
-0.0007738979159970238	-0.0004626584865137229	0.00015975264091716568	0.00019677834513331938	0.003370566066496661	-0.0026040743333661798	-0.00011512276934699806	-0.001972975334017635
0.0005366994747098008	-0.000837114883858403	-0.000339522555542926	0.0004464159433632542	0.002496834472691445	-0.0019799803377913427	-0.00017753216890459278	-0.0015985189366729546
-0.0005242603177673111	-0.0014612088794336842	-0.0009012071515599462	0.000508825342921293	0.002871290870036791	-0.0007317923466414467	0.00013451482888293675	-0.0016609283362305494
0.000723927673382585	-0.000649886685186507	3.493384180197623e-05	0.0005712347424788877	0.0005621430864100052	-0.0002949265497393938	-0.00017753216890459278	-0.0009120155415400788
-0.0007114885164398732	-8.820208916882066e-05	0.00034698083958994985	0.000696053541593411	0.0003125054881796263	0.0002667580462782926	0.00025933362799834825	-3.828394773530697e-05
0.000723927673382585	0.00022384490861848683	0.0023440816254296504	0.0003215971442485088	0.0001876866890646589	-0.0004821547484117339	7.210542932578612e-05	0.00027376305005222257
0.0005366994747098008	0.0017840798975556904	0.001969625228084304	0.0002591877446909141	-0.00131013890031495	-0.0013558863422165057	-0.00030235096801933814	0.0005234006482814912
-0.0005242603177673111	0.0012848047010960428	0.001969625228084304	0.0006336441420358163	-0.0011853201011999825	0.0007036238431801234	0.0003217430275554989	0.0019588168381043936
0.0005991088742673956	0.0010975765024232587	0.001595168830739624	0.00019677834513331938	-0.0024335080923501007	0.0013277178387554045	-0.00017753216890459278	0.0019588168381043936
-0.0007738979159970238	0.0005983013059636111	-0.000339522555542926	0.00019677834513331938	-0.004430608878189357	0.003324818624595327	-0.00017753216890459278	0.005266515014651141
0.0007863370729397356	-0.0003378396873983114	-0.0014628917475776326	0.0006336441420358163	-0.0056163874697816585	0.007319020196274506	-0.00011512276934699806	0.00676434060403075
-0.0006490791168820564	-0.00027543028784160484	-0.002399032740939999	0.00013436894557572465	-0.011170824030398041	0.013247913154236235	-0.00011512276934699806	0.008386984992525548
0.0004742900751522061	-0.0008995242834159978	-0.003959267729877203	0.00019677834513331938	-0.012793468418893283	0.016305973732552603	-0.00030235096801933814	0.009822401182348006
-0.0007738979159970238	-0.0007747054843012524	-0.0029607173369572415	0.0006336441420358163	-0.014166475209157703	0.0175541617237025	0.00025933362799834825	0.011320226771727615
-0.0007114885164398732	0.0009727577033082913	-0.0038344489307620133	0.00013436894557572465	-0.01628839479411237	0.017616571123259872	-0.00017753216890459278	0.012193958365532387
0.0004742900751522061	0.0017216704979983177	-0.0031479455356300257	0.0003215971442485088	-0.016662851191457273	0.01824066511883493	-0.00011512276934699806	0.012630824162434218
-0.0005866697173244617	0.0027826302904756517	-0.0020869857431524697	0.00038400654380610355	-0.016725260591014424	0.0179286181210474	7.210542932578612e-05	0.013005280559779564
0.0005366994747098008	0.0018464892971135072	-0.0033975831338592943	0.0003215971442485088	-0.017037307588801953	0.016742839529455322	-0.00011512276934699806	0.012506005363319916
-0.00046185091820971635	0.001659261098441167	-0.003085536136072431	0.000508825342921293	-0.01491538800384773	0.016992477127685035	-0.0004271697671340835	0.010758542175709929
0.00041188067559549957	0.0006607107055212058	-0.003896858330319164	9.550146461423381e-06	-0.0137920188118128	0.01586910793565055	0.00013451482888293675	0.010945770374382269
-0.00046185091820971635	-0.0001506114887264154	-0.005145046321469282	0.000508825342921293	-0.01285587781844999	0.01586910793565055	7.210542932578612e-05	0.010196857579692686
0.0006615182738249903	-0.0005250678860708735	-0.004957818122796942	0.0002591877446909141	-0.013230334215795336	0.016555611330782982	9.696029767747305e-06	0.010196857579692686
0.0006615182738249903	-0.0007747054843012524	-0.006018777915274054	0.0004464159433632542	-0.013854428211369951	0.016618020730340133	9.696029767747305e-06	0.010321676378807432
-0.0008987167151117692	-0.0001506114887264154	-0.005394683919698773	7.19595460190181e-05	-0.014228884608714853	0.017491752324144905	-0.00036476036757693286	0.010571313977037589
0.0009111558720553692	0.0009727577033082913	-0.003896858330319164	0.0008208723407086005	-0.014416112807387638	0.018927168513967363	0.0003841524271130936	0.011507454970399955
-0.0008363073155550627	0.0005983013059636111	-0.0052698651205844715	-5.2859253096171344e-05	-0.01491538800384773	0.017242114725915414	-0.00036476036757693286	0.010508904577480438
0.000723927673382585	0.0017216704979983177	-0.003896858330319164	0.000508825342921293	-0.01360479061314046	0.017366933525029715	7.210542932578612e-05	0.010446495177922399
-0.0005242603177673111	0.0017216704979983177	-0.003709630131646824	0.0004464159433632542	-0.0126062402202205	0.01580669853609251	-0.00017753216890459278	0.009198307186772725
0.0005366994747098008	0.0004110731072908269	-0.005207455721026877	0.00038400654380610355	-0.01092118643216855	0.0159315173352077	0.00013451482888293675	0.009011078988100829
-0.0005242603177673111	0.0006607107055212058	-0.0054570933192563675	0.0004464159433632542	-0.010858777032610512	0.015120195140960302	-0.00017753216890459278	0.008137347394295613
-0.0005866697173244617	-0.000837114883858403	-0.006206006113946838	0.0002591877446909141	-0.009173723244558118	0.014558510544943504	9.696029767747305e-06	0.007762890996950267
0.000723927673382585	-0.0005874772856289123	-0.005145046321469282	0.00038400654380610355	-0.00861203864854132	0.014246463547155308	-5.271336978895924e-05	0.0072012064009330246
-0.0005866697173244617	-0.0005874772856289123	-0.0050826369219121315	0.00019677834513331938	-0.00892408564632885	0.014246463547155308	-5.271336978895924e-05	0.0072012064009330246
0.000723927673382585	-0.0001506114887264154	-0.005207455721026877	0.000508825342921293	-0.00892408564632885	0.014121644748040563	7.210542932578612e-05	0.007825300396508306
-0.0005242603177673111	0.0009103483037506965	-0.0036472207320896732	0.0004464159433632542	-0.009173723244558118	0.014995376341845779	-5.271336978895924e-05	0.007825300396508306
0.0005991088742673956	0.0009727577033082913	-0.004084086528991948	0.0003215971442485088	-0.01067154883393795	0.014808148143172994	-0.00011512276934699806	0.008012528595180646
-0.0007738979159970238	0.0012223953015384481	-0.004396133526779256	0.000696053541593411	-0.01017227363747808	0.015057785741403373	0.0003217430275554989	0.007887709796065456
0.0008487464724971083	0.001659261098441167	-0.0042089053281069155	0.00019677834513331938	-0.010234683037035675	0.01355996015202332	-0.00011512276934699806	0.007138797001375874
0.0005991088742673956	0.0004110731072908269	-0.004396133526779256	0.000508825342921293	-0.00861203864854132	0.012311772160873868	7.210542932578612e-05	0.0065771124053579655
-0.0007114885164398732	0.00016143550906111415	-0.003709630131646824	0.00019677834513331938	-0.007800716454293699	0.011750087564856182	-5.271336978895924e-05	0.0059530184097831285
0.0005366994747098008	-0.0007747054843012524	-0.00477058992412438	0.0002591877446909141	-0.00798794465296604	0.01093876537060856	-0.00011512276934699806	0.0055161526128806315
-0.0006490791168820564	-0.0007747054843012524	-0.00477058992412438	0.0003215971442485088	-0.007239031858276457	0.01118840296883894	7.210542932578612e-05	0.006452293606243442
0.0007863370729397356	-0.0002130208882840101	-0.0037720395312044186	0.0005712347424788877	-0.008112763452081229	0.012249362761316274	9.696029767747305e-06	0.00695156880270309
-0.0005866697173244617	-0.0007747054843012524	-0.00458336172545204	0.00038400654380610355	-0.009485770242346092	0.012374181560431463	-0.00017753216890459278	0.006389884206685625
0.0004742900751522061	-0.0003378396873983114	-0.004458542926337294	0.0004464159433632542	-0.010234683037035675	0.013809597750253033	9.696029767747305e-06	0.007326025200048436
-0.0006490791168820564	0.0007231201050783564	-0.0038344489307620133	0.0004464159433632542	-0.01092118643216855	0.013622369551580693	7.210542932578612e-05	0.007263615800490397
-0.0005866697173244617	0.0007855295046359512	-0.0035848113325320785	0.00019677834513331938	-0.010733958233495544	0.013497550752465726	9.696029767747305e-06	0.007076387601817835
0.0005991088742673956	0.0008479389041935459	-0.003210354935186732	0.00038400654380610355	-0.011233233429955636	0.013123094355120601	-5.271336978895924e-05	0.00676434060403075
-0.00046185091820971635	0.00028625430817608155	-0.0036472207320896732	0.0005712347424788877	-0.009985045438805962	0.012686228558218104	0.00025933362799834825	0.00676434060403075
0.0004742900751522061	-0.0003378396873983114	-0.0035848113325320785	0.00019677834513331938	-0.009298542043673752	0.01075153717193622	-0.00030235096801933814	0.005266515014651141
-0.0005866697173244617	9.902610950396351e-05	-0.0028983079373996468	0.0003215971442485088	-0.008424810449868758	0.009877805578131893	-0.00030235096801933814	0.004704830418633454
0.0004742900751522061	-0.0005874772856289123	-0.003896858330319164	0.0002591877446909141	-0.007114213059161267	0.009440939781228952	0.0003841524271130936	0.0055161526128806315
-0.000337032119094971	0.00022384490861848683	-0.002399032740939999	9.550146461423381e-06	-0.00879926684721366	0.00887925518521171	-0.0004271697671340835	0.004829649217748644
0.00034947127603746075	-0.0005250678860708735	-0.0033351737343021437	0.0004464159433632542	-0.008299991650753569	0.009877805578131893	0.00019692422844075352	0.005765790211110788
0.0005366994747098008	-2.579268961122594e-05	-0.002835898537842052	0.0002591877446909141	-0.00861203864854132	0.010252261975476129	-0.00017753216890459278	0.0051416962155363954
-0.00046185091820971635	0.00022384490861848683	-0.002648670339169934	0.0005712347424788877	-0.009360951443230903	0.011500449966626247	0.00025933362799834825	0.006015427809340723
0.0005366994747098008	-0.0005250678860708735	-0.0037720395312044186	0.00019677834513331938	-0.00986022663969055	0.01106358416972375	-0.00011512276934699806	0.0055161526128806315
-0.0005242603177673111	0.0003486637077336763	-0.002399032740939999	0.00038400654380610355	-0.00923613264411638	0.011500449966626247	0.00013451482888293675	0.005703380811553638
0.0005366994747098008	0.00016143550906111415	-0.002461442140497594	0.0003215971442485088	-0.009985045438805962	0.01118840296883894	-0.00011512276934699806	0.0059530184097831285
-0.0007114885164398732	9.902610950396351e-05	-0.0027734891382844573	0.0002591877446909141	-0.00879926684721366	0.01068912777237907	0.00019692422844075352	0.006202656008013507
0.0008487464724971083	0.0009727577033082913	-0.0013380729484628873	0.00013436894557572465	-0.009610589041461282	0.010127443176361828	-0.00023994156846174342	0.006327474807128697
-0.000961126114669808	0.0005358919064064604	-0.0027110797387273067	0.0002591877446909141	-0.00911131384500119	0.010002624377246638	-0.00017753216890459278	0.006389884206685625
-0.0005242603177673111	0.0008479389041935459	-0.0022742139418248097	0.000508825342921293	-0.00879926684721366	0.011375631167511502	7.210542932578612e-05	0.0070139782022606845
0.0007863370729397356	-2.579268961122594e-05	-0.003272764334744771	0.0006336441420358163	-0.009548179641903687	0.012811047357333294	0.00013451482888293675	0.007263615800490397
-0.0006490791168820564	-0.0007122960847436577	-0.004396133526779256	0.00019677834513331938	-0.01010986423792093	0.013809597750253033	-0.00011512276934699806	0.007388434599605587
0.0006615182738249903	-8.820208916882066e-05	-0.003959267729877203	0.000508825342921293	-0.011170824030398041	0.015432242138748276	-5.271336978895924e-05	0.008636622590755039
-0.0005242603177673111	-0.00027543028784160484	-0.004458542926337294	0.0004464159433632542	-0.012231783822875153	0.016618020730340133	-0.00017753216890459278	0.008511803791640737
0.00041188067559549957	-0.0004626584865137229	-0.004458542926337294	0.00019677834513331938	-0.012294193222432748	0.015993926734765074	-0.00017753216890459278	0.008449394392083143
-0.0006490791168820564	0.0007231201050783564	-0.0033975831338592943	0.00038400654380610355	-0.012356602621990342	0.014683329344057805	-0.00023994156846174342	0.008199756793853208
0.0004742900751522061	0.00047348250684842164	-0.0027734891382844573	0.0008208723407086005	-0.010421911235708459	0.014808148143172994	0.0005713806257854337	0.008761441389870228
0.0004742900751522061	0.0006607107055212058	-0.003272764334744771	0.00013436894557572465	-0.01148287102818557	0.01355996015202332	-0.00030235096801933814	0.007762890996950267
-0.0006490791168820564	-2.579268961122594e-05	-0.004396133526779256	0.0003215971442485088	-0.01148287102818557	0.014496101145385465	-5.271336978895924e-05	0.008636622590755039
0.000723927673382585	-0.0003378396873983114	-0.00458336172545204	0.0006336441420358163	-0.010858777032610512	0.015182604540518119	0.00013451482888293675	0.008574213191197444
-0.0005242603177673111	-0.0007122960847436577	-0.0046457711250096345	0.0002591877446909141	-0.01148287102818557	0.016305973732552603	9.696029767747305e-06	0.008137347394295613
0.00041188067559549957	-0.0015236182789908348	-0.006081187314831649	0.0002591877446909141	-0.012106965023760408	0.016305973732552603	0.00013451482888293675	0.008511803791640737
-0.0005242603177673111	-0.000649886685186507	-0.005145046321469282	0.0004464159433632542	-0.01285587781844999	0.0179286181210474	7.210542932578612e-05	0.008886260188985196
0.000723927673382585	-0.0002130208882840101	-0.00458336172545204	0.0002591877446909141	-0.013542381213582422	0.017803799321932212	-0.00011512276934699806	0.00913589778721513
-0.0007738979159970238	3.6616709946368786e-05	-0.003459992533417333	0.0006336441420358163	-0.012793468418893283	0.017366933525029715	0.00019692422844075352	0.008886260188985196
-0.0007114885164398732	0.0010975765024232587	-0.003459992533417333	0.00013436894557572465	-0.013167924816237742	0.015494651538305426	-0.00017753216890459278	0.008199756793853208
0.0006615182738249903	0.0006607107055212058	-0.003896858330319164	0.00038400654380610355	-0.01160768982730076	0.01355996015202332	-5.271336978895924e-05	0.007326025200048436
-0.0006490791168820564	0.0008479389041935459	-0.003272764334744771	0.0003215971442485088	-0.010047454838363334	0.012561409759103359	9.696029767747305e-06	0.006514703005800815
0.0007863370729397356	0.0006607107055212058	-0.003272764334744771	0.0005712347424788877	-0.00986022663969055	0.012249362761316274	0.00013451482888293675	0.006826750003588344
-0.0006490791168820564	-0.0003378396873983114	-0.004333724127222105	0.0002591877446909141	-0.00986022663969055	0.012499000359545764	-0.00017753216890459278	0.006701931204473599
0.0005366994747098008	-0.0002130208882840101	-0.0038344489307620133	0.00038400654380610355	-0.010733958233495544	0.013809597750253033	0.00013451482888293675	0.007388434599605587
-0.0005866697173244617	-0.0002130208882840101	-0.004021677129434353	0.0003215971442485088	-0.011358052229070381	0.013934416549368223	-5.271336978895924e-05	0.007076387601817835
0.0005366994747098008	-0.0008995242834159978	-0.003896858330319164	0.0002591877446909141	-0.012294193222432748	0.015120195140960302	-0.00011512276934699806	0.007700481597393116
0.000723927673382585	0.0004110731072908269	-0.003959267729877203	0.000508825342921293	-0.01360479061314046	0.015993926734765074	0.00013451482888293675	0.008386984992525548
-0.0008363073155550627	9.902610950396351e-05	-0.004520952325894445	7.19595460190181e-05	-0.013667200012698055	0.015619470337420172	-0.00023994156846174342	0.008012528595180646
0.0006615182738249903	0.0007855295046359512	-0.0036472207320896732	0.0003215971442485088	-0.013667200012698055	0.015245013940075491	-0.00011512276934699806	0.007513253398720776
-0.0007738979159970238	0.0004110731072908269	-0.004396133526779256	0.00013436894557572465	-0.013542381213582422	0.0147457387436154	-0.00023994156846174342	0.007263615800490397
0.0007863370729397356	0.00016143550906111415	-0.004084086528991948	0.0005712347424788877	-0.011732508626415727	0.014184054147598157	7.210542932578612e-05	0.006701931204473599
-0.00046185091820971635	0.00016143550906111415	-0.003522401932974928	0.0004464159433632542	-0.010858777032610512	0.01287345675689111	9.696029767747305e-06	0.0065771124053579655
0.0005366994747098008	-0.00027543028784160484	-0.0042089053281069155	0.0004464159433632542	-0.00986022663969055	0.012311772160873868	0.00019692422844075352	0.006327474807128697
-0.0005242603177673111	-0.000649886685186507	-0.0036472207320896732	0.00013436894557572465	-0.010421911235708459	0.012374181560431463	-0.00017753216890459278	0.006077837208898318
-0.0005242603177673111	-0.000837114883858403	-0.004084086528991948	0.0002591877446909141	-0.010796367633053361	0.013310322553793386	-5.271336978895924e-05	0.00676434060403075
0.0006615182738249903	-0.0003378396873983114	-0.0042089053281069155	0.000508825342921293	-0.011358052229070381	0.013934416549368223	9.696029767747305e-06	0.0070139782022606845
-0.0005866697173244617	0.0004110731072908269	-0.003459992533417333	0.0003215971442485088	-0.01241901202154816	0.015432242138748276	9.696029767747305e-06	0.007887709796065456
0.0007863370729397356	0.0003486637077336763	-0.0037720395312044186	0.0005712347424788877	-0.013043106017122552	0.016555611330782982	0.00013451482888293675	0.008324575592967953
-0.0007738979159970238	0.00047348250684842164	-0.0042089053281069155	0.00019677834513331938	-0.01298069661756518	0.016430792531667793	0.00019692422844075352	0.007950119195623051
0.0007863370729397356	0.0009103483037506965	-0.003522401932974928	0.0006336441420358163	-0.011982146224645218	0.014995376341845779	-0.00011512276934699806	0.007138797001375874
-0.0007114885164398732	-8.820208916882066e-05	-0.00458336172545204	0.00019677834513331938	-0.010609139434380799	0.013622369551580693	-0.00017753216890459278	0.0059530184097831285
0.0004742900751522061	-0.0002130208882840101	-0.003896858330319164	0.0003215971442485088	-0.01017227363747808	0.013684778951138288	-0.00011512276934699806	0.006202656008013507
0.0009735652716122978	-2.579268961122594e-05	-0.004146495928549543	0.000696053541593411	-0.009360951443230903	0.01306068495556345	0.0003841524271130936	0.006327474807128697
-0.0005242603177673111	-2.579268961122594e-05	-0.003459992533417333	0.0004464159433632542	-0.00879926684721366	0.01306068495556345	0.00019692422844075352	0.006140246608455913
0.0004742900751522061	-0.0004002490869563502	-0.0037720395312044186	0.00019677834513331938	-0.009485770242346092	0.012561409759103359	-0.00023994156846174342	0.005828199610668827
-0.0005242603177673111	-0.0004002490869563502	-0.004021677129434353	0.0003215971442485088	-0.00911131384500119	0.012748637957776143	7.210542932578612e-05	0.006452293606243442
0.0006615182738249903	-2.579268961122594e-05	-0.0035848113325320785	0.0005712347424788877	-0.009735407840576027	0.013747188350695883	0.00025933362799834825	0.007326025200048436
-0.0003994415186525657	0.0004110731072908269	-0.003272764334744771	0.000696053541593411	-0.011982146224645218	0.014371282346270942	-0.00036476036757693286	0.006826750003588344
0.00041188067559549957	-0.0005874772856289123	-0.00458336172545204	0.0004464159433632542	-0.011358052229070381	0.014995376341845779	7.210542932578612e-05	0.007513253398720776
-0.0005866697173244617	0.0004110731072908269	-0.003522401932974928	0.000508825342921293	-0.011732508626415727	0.014433691745828314	7.210542932578612e-05	0.006889159403145495
-0.0008363073155550627	-2.579268961122594e-05	-0.003959267729877203	0.00019677834513331938	-0.010609139434380799	0.01318550375467864	-0.00017753216890459278	0.006202656008013507
0.0006615182738249903	0.0005358919064064604	-0.0031479455356300257	0.00038400654380610355	-0.009672998441017988	0.011999725163086117	9.696029767747305e-06	0.0055161526128806315
-0.0006490791168820564	0.00028625430817608155	-0.003210354935186732	0.0002591877446909141	-0.009672998441017988	0.01206213456264349	-5.271336978895924e-05	0.005703380811553638
0.0006615182738249903	-8.820208916882066e-05	-0.003459992533417333	0.000508825342921293	-0.008986495045886	0.011687678165299031	0.00013451482888293675	0.005453743213323481
-0.000961126114669808	-0.0005250678860708735	-0.0035848113325320785	-0.00011526865265354402	-0.009672998441017988	0.011562859366183398	0.00025933362799834825	0.006265065407571102
0.0008487464724971083	-0.0002130208882840101	-0.003522401932974928	0.000696053541593411	-0.010234683037035675	0.01318550375467864	9.696029767747305e-06	0.006639521804916004
-0.0007114885164398732	-0.0004626584865137229	-0.0037720395312044186	0.0005712347424788877	-0.010858777032610512	0.013934416549368223	0.00013451482888293675	0.006826750003588344
0.000723927673382585	0.00016143550906111415	-0.0042089053281069155	9.550146461423381e-06	-0.012294193222432748	0.014059235348483412	-0.00030235096801933814	0.006639521804916004
0.0005366994747098008	-8.820208916882066e-05	-0.0038344489307620133	0.00038400654380610355	-0.011919736825088068	0.014496101145385465	-0.00011512276934699806	0.006889159403145495
-0.0003994415186525657	0.0008479389041935459	-0.0027734891382844573	0.0006336441420358163	-0.011358052229070381	0.01462091994450021	0.00044656182667024424	0.007138797001375874
0.00034947127603746075	-0.00027543028784160484	-0.003959267729877203	7.19595460190181e-05	-0.012169374423318002	0.0129982755560063	-0.00036476036757693286	0.005640971411996265
-0.0005866697173244617	0.00047348250684842164	-0.0031479455356300257	0.0003215971442485088	-0.010359501836150864	0.012124543962201084	9.696029767747305e-06	0.0048920586173060165
0.0005366994747098008	0.0007231201050783564	-0.0027734891382844573	0.00038400654380610355	-0.009922636039248367	0.010626718372821031	0.0003217430275554989	0.0051416962155363954
-0.00046185091820971635	0.0004110731072908269	-0.002835898537842052	0.0006336441420358163	-0.008112763452081229	0.008941664584769082	-0.00011512276934699806	0.004267964621731624
0.0006615182738249903	3.6616709946368786e-05	-0.003023126736514836	0.00019677834513331938	-0.008175172851638823	0.009565758580343697	-0.00017753216890459278	0.004517602219961558
-0.0007738979159970238	-0.0001506114887264154	-0.0033351737343021437	0.000696053541593411	-0.008362401050311163	0.010189852575919423	0.00025933362799834825	0.005204105615093546
-0.0008987167151117692	-0.0009619336829735925	-0.003959267729877203	9.550146461423381e-06	-0.009298542043673752	0.010626718372821031	-0.00030235096801933814	0.0051416962155363954
0.0006615182738249903	-0.0003378396873983114	-0.0033975831338592943	0.0003215971442485088	-0.010733958233495544	0.011999725163086117	-5.271336978895924e-05	0.0059530184097831285
-0.0005866697173244617	-0.0004002490869563502	-0.003459992533417333	0.0004464159433632542	-0.01129564282951323	0.013123094355120601	9.696029767747305e-06	0.006701931204473599
0.0006615182738249903	9.902610950396351e-05	-0.0028983079373996468	0.0005712347424788877	-0.01092118643216855	0.012686228558218104	0.00019692422844075352	0.006265065407571102
-0.0005866697173244617	0.0005358919064064604	-0.002399032740939999	0.0002591877446909141	-0.011233233429955636	0.011937315763528522	-0.00030235096801933814	0.005204105615093546
0.00041188067559549957	3.6616709946368786e-05	-0.0027734891382844573	0.00019677834513331938	-0.008050354052523634	0.010252261975476129	0.0003841524271130936	0.0053289244142087355
-0.000337032119094971	0.0012848047010960428	-0.0012756635489052925	0.00019677834513331938	-0.00848721984942613	0.0081927517900795	-0.00017753216890459278	0.004080736423058617
0.00041188067559549957	0.0007855295046359512	-0.0019621669440377243	0.0003215971442485088	-0.006989394260046078	0.0081927517900795	7.210542932578612e-05	0.004018327023501467
0.0005991088742673956	0.00022384490861848683	-0.0022742139418248097	0.0002591877446909141	-0.006178072065799345	0.0074438389953894735	-0.00023994156846174342	0.0032070048292538456
-0.0003994415186525657	0.0003486637077336763	-0.002024576343594875	0.0006336441420358163	-0.005491568670666469	0.00831757058919469	0.0003841524271130936	0.0038310988248286826
0.0004742900751522061	-0.0007122960847436577	-0.0028983079373996468	0.00019677834513331938	-0.006053253266684155	0.007880704792292192	-0.00017753216890459278	0.0027701390323515707
-0.0006490791168820564	0.00022384490861848683	-0.0020869857431524697	0.0004464159433632542	-0.005928434467569188	0.008504798787866585	7.210542932578612e-05	0.0036438706261567866
0.0006615182738249903	0.00047348250684842164	-0.0018997575444801296	0.0004464159433632542	-0.006926984860489149	0.00844238938830899	0.00013451482888293675	0.003955917623943428
-0.0005866697173244617	0.0004110731072908269	-0.0017125293458073454	0.00038400654380610355	-0.006864575460931555	0.007194201397159317	9.696029767747305e-06	0.003706280025713493
0.0006615182738249903	0.0014096235002107882	-0.001150844749790103	0.000696053541593411	-0.006053253266684155	0.007006973198487421	0.0003841524271130936	0.0036438706261567866
-0.00046185091820971635	0.0012848047010960428	-0.001400482348020038	-5.2859253096171344e-05	-0.005491568670666469	0.004635416015302596	-0.0004271697671340835	0.0017091792398740147
-0.0005242603177673111	0.0009103483037506965	-0.0007139789528876062	0.0006336441420358163	-0.003369649085712023	0.0038240938210554187	0.00019692422844075352	0.001833998038989204
0.000723927673382585	-0.0002130208882840101	-0.0010260259506749136	0.0005712347424788877	-0.0026207362910219967	0.0034496374237102945	0.00013451482888293675	0.0010850852442991776
-0.0007738979159970238	-0.000837114883858403	-0.0018373481449225348	0.00013436894557572465	-0.001934232895890009	0.002887952827692608	-0.00011512276934699806	0.0004609912487247847
0.0005991088742673956	-0.0005874772856289123	-0.0017125293458073454	0.0003215971442485088	-0.0016845952976600742	0.0030127716268077975	-0.00011512276934699806	0.0013347228425291124
-0.0003994415186525657	-0.0004002490869563502	-0.0014628917475776326	0.0006336441420358163	-0.0022462798936773165	0.004510597216187406	9.696029767747305e-06	0.0013971322420871513
0.0005991088742673956	-0.00027543028784160484	-0.001587710546692378	0.0004464159433632542	-0.00399374308128686	0.004885053613532309	9.696029767747305e-06	0.0019588168381043936
-0.0006490791168820564	0.0003486637077336763	-0.0013380729484628873	0.0004464159433632542	-0.005429159271109318	0.005633966408222113	-0.00011512276934699806	0.0023332732354490737
0.0005366994747098008	0.0005358919064064604	-0.000526750754214822	0.000508825342921293	-0.005117112273321567	0.006320469803354989	0.0003217430275554989	0.003082186030138656
0.0005991088742673956	0.0009727577033082913	-0.0010884353502327304	0.0003215971442485088	-0.006053253266684155	0.005197100611320282	-5.271336978895924e-05	0.0026453202332368253
-0.0007738979159970238	0.00028625430817608155	-0.0012132541493472537	0.00019677834513331938	-0.005741206268896848	0.005384328809992178	-0.00017753216890459278	0.0027701390323515707
0.0005991088742673956	-2.579268961122594e-05	-0.0012132541493472537	0.0005712347424788877	-0.004305790079073946	0.005197100611320282	7.210542932578612e-05	0.0025829108336792306
-0.0008363073155550627	-0.0005250678860708735	-0.002399032740939999	9.550146461423381e-06	-0.004056152480844455	0.004136140818842948	-0.00023994156846174342	0.001833998038989204
0.0006615182738249903	-0.0013987994798760894	-0.002211804542267215	0.0004464159433632542	-0.002995192688367343	0.005072281812204649	7.210542932578612e-05	0.002083635637219139
-0.0005866697173244617	-0.001086752482088782	-0.002648670339169934	0.0004464159433632542	-0.0034944678848272126	0.005633966408222113	9.696029767747305e-06	0.0017715886394316094
0.0006615182738249903	-0.0012115712812035273	-0.003085536136072431	0.0002591877446909141	-0.004305790079073946	0.007006973198487421	-5.271336978895924e-05	0.0023332732354490737
-0.0005866697173244617	-0.0014612088794336842	-0.0027110797387273067	0.00038400654380610355	-0.005741206268896848	0.00607083220512461	-0.00017753216890459278	0.0023956826350062244
-0.00046185091820971635	0.00028625430817608155	-0.0010884353502327304	0.000508825342921293	-0.005553978070224508	0.0068197449998146364	0.00019692422844075352	0.0030197766305815055
0.0004742900751522061	0.00047348250684842164	-0.0012132541493472537	0.0003215971442485088	-0.00630289086491409	0.005009872412647498	-0.00011512276934699806	0.0023332732354490737
-0.0006490791168820564	0.0012223953015384481	-0.00027711315598533126	0.0002591877446909141	-0.005117112273321567	0.003075181026364948	-5.271336978895924e-05	0.001459541641644746
0.0004742900751522061	0.0007231201050783564	0.00028457144003235513	0.0003215971442485088	-0.00380651488261452	0.0018894024347730909	-0.00017753216890459278	2.412545182184367e-05
-0.0005242603177673111	0.001472032899768383	0.0004717996387046952	0.000508825342921293	-0.0019966422954471597	1.7120448048135728e-05	9.696029767747305e-06	-0.001099243740212863
0.0005991088742673956	0.00016143550906111415	0.00034698083958994985	0.00038400654380610355	-0.0003115885073947666	-0.0017927521391190027	-5.271336978895924e-05	-0.0013488813384427978
-0.0006490791168820564	0.00016143550906111415	-0.0008387977520027956	0.0004464159433632542	0.0003125054881796263	-0.0005445641479686625	7.210542932578612e-05	-0.0014112907380001705
0.0005991088742673956	-0.0011491618816459326	-0.0016501199462499727	0.0004464159433632542	-0.00043640730650995607	0.0012653084391978098	0.00013451482888293675	-0.000662377943310366
0.0005366994747098008	-0.0013363900803184947	-0.0019621669440377243	0.0004464159433632542	-0.0017470046972172248	0.0019518118343306856	-5.271336978895924e-05	-0.00041274034507998714
-0.00046185091820971635	-0.0015236182789908348	-0.0010260259506749136	0.000508825342921293	-0.002183870494119944	0.004385778417072217	0.00019692422844075352	0.001022675844741583
0.0004742900751522061	-0.0004626584865137229	-0.001400482348020038	0.0003215971442485088	-0.0039313336817292655	0.003324818624595327	-0.00017753216890459278	0.0010850852442991776
-0.0005242603177673111	-0.0001506114887264154	0.00028457144003235513	0.0003215971442485088	-0.003369649085712023	0.004385778417072217	7.210542932578612e-05	0.001022675844741583
0.0004742900751522061	0.0006607107055212058	0.00034698083958994985	0.00038400654380610355	-0.003244830286597278	0.0023262682316753658	7.210542932578612e-05	-0.00016310274685049642
-0.0005866697173244617	0.0011599859019810754	0.001595168830739624	0.00038400654380610355	0.0018103310775592352	-0.0016055239404462185	9.696029767747305e-06	-0.00191056593446004
0.0005991088742673956	0.0008479389041935459	0.0015327594311820292	0.0004464159433632542	0.004556344658089184	-0.004226718721860534	7.210542932578612e-05	-0.0034708009233972437
-0.0005866697173244617	0.001472032899768383	0.0016575782302972186	0.0004464159433632542	0.006553445443928663	-0.00460117511920588	9.696029767747305e-06	-0.0047813983141045124
-0.00046185091820971635	0.001035167102865886	0.0012207124333942776	0.0004464159433632542	0.007364767638175618	-0.005412497313453057	0.00013451482888293675	-0.0054054923096793495
0.0006615182738249903	0.0009727577033082913	0.0020320346276414547	0.0004464159433632542	0.007864042834635487	-0.005412497313453057	7.210542932578612e-05	-0.005967176905696814
-0.0007114885164398732	0.0015968516988831283	0.0014703500316246565	0.0002591877446909141	0.006553445443928663	-0.005974181909470522	-0.00011512276934699806	-0.005717539307466879
0.000723927673382585	0.0018464892971135072	0.0012831218329518723	0.0004464159433632542	0.005305257452778767	-0.006161410108143306	7.210542932578612e-05	-0.0031587539256101582
-0.0005866697173244617	0.0009103483037506965	0.0010334842347219375	0.0004464159433632542	0.003120928468266726	-0.003789852924958703	7.210542932578612e-05	-0.002160203532689975
0.000723927673382585	0.0010975765024232587	0.0009710748351643428	0.0005712347424788877	-0.0003739979069532495	-0.0015431145408886238	7.210542932578612e-05	-0.0010368343406552682
-0.0005866697173244617	-0.0005250678860708735	0.0014703500316246565	0.0003215971442485088	-0.00043640730650995607	-0.0036650341258432917	-0.00011512276934699806	-0.0015985189366729546
0.0004742900751522061	-2.579268961122594e-05	0.0035298602170215077	0.0004464159433632542	0.0007493712850819012	-0.004289128121418129	0.00019692422844075352	-0.0015985189366729546
0.0004742900751522061	0.0015344422993255336	0.003966726013924005	0.0003215971442485088	0.0008117806846394959	-0.0060365913090281165	-0.00023994156846174342	-0.0026594787291500666
-0.00046185091820971635	0.003157086687820776	0.004965276406843522	0.0006336441420358163	0.002871290870036791	-0.006598275905045359	0.0003841524271130936	-0.0024722505304777265
0.0004742900751522061	0.002720220890918057	0.003280222618791573	0.0003215971442485088	0.0024344250731342942	-0.006223819507700679	-0.00017753216890459278	-0.0031587539256101582
-0.0005866697173244617	0.0015968516988831283	0.0005342090382620679	0.00019677834513331938	0.002059968675789614	-0.0041643093223038274	-5.271336978895924e-05	-0.0030339351264949688
0.000723927673382585	-0.000649886685186507	-0.001587710546692378	0.000696053541593411	0.0017479216780018625	-0.001043839344428532	-0.00023994156846174342	-0.003408391523839649
-0.0008363073155550627	-0.0034583096652731626	-0.003522401932974928	0.00013436894557572465	-6.19509091652759e-05	0.004448187816629812	-0.00011512276934699806	-0.0024098411309196877
0.0005366994747098008	-0.004831316455538026	-0.0037720395312044186	0.0004464159433632542	-0.0011229107016423878	0.0040737314192849094	7.210542932578612e-05	-0.0009744249410981176
-0.0006490791168820564	-0.003770356663060914	0.0025313098241015464	0.0005712347424788877	0.0003125054881796263	1.7120448048135728e-05	0.00013451482888293675	-0.001099243740212863
-0.000961126114669808	0.0012223953015384481	0.0067127395944530655	-0.00011526865265354402	0.0038074318633987136	-0.006598275905045359	-0.0004271697671340835	-0.003221163325167309
0.000723927673382585	0.005279006272775222	0.010706941166132689	0.0005712347424788877	0.006553445443928663	-0.010717296275839727	0.00019692422844075352	-0.003782847921184773
-0.0007114885164398732	0.008149838652419472	0.010831759965247656	0.0003215971442485088	0.005430076251893956	-0.012839215860794173	-0.00017753216890459278	-0.0037204385216271785
0.0009735652716122978	0.008025019853304283	0.010207665969673263	0.0008208723407086005	0.007115130039945905	-0.010280430478937008	0.00044656182667024424	-0.004843807713662107
-0.0007738979159970238	0.005653462670119902	0.0048404576077292205	0.00019677834513331938	0.007177539439503056	-0.007596826297965098	-0.00011512276934699806	-0.004718988914547362
0.0005991088742673956	0.002720220890918057	-0.0015253011471347833	0.00038400654380610355	0.0040570694616286485	0.003761684421497824	0.0003217430275554989	-0.002784297528264812
-0.000337032119094971	-0.0018356652767783643	-0.006268415513504433	0.0002591877446909141	0.0016855122784442678	0.006632516801142296	-0.00011512276934699806	-0.0020353847335752295
0.00041188067559549957	-0.005018544654210366	-0.008390335098458879	0.0002591877446909141	0.0003125054881796263	0.00844238938830899	9.696029767747305e-06	-0.0007247873428677387
0.0005991088742673956	-0.004456860058193124	-0.004458542926337294	0.000508825342921293	-0.0013725482998725447	0.0038865032206125694	-5.271336978895924e-05	-0.00041274034507998714
-0.0005242603177673111	-0.0007747054843012524	0.0010958936342795322	0.0005712347424788877	-0.000686044904740557	-0.0026664837329237745	0.00019692422844075352	0.00033617244960959525
0.0005991088742673956	0.001472032899768383	0.005651779801976398	0.0004464159433632542	-0.0009980919025276425	-0.0072847793001777905	-5.271336978895924e-05	0.0004609912487247847
-0.0005866697173244617	0.003531543085165678	0.007461652389143536	0.0004464159433632542	-0.0013725482998725447	-0.010530068077167387	9.696029767747305e-06	-0.00022551214640809114
0.0006615182738249903	0.0028450396900332464	0.00621346439799364	0.0005712347424788877	-0.0003115885073947666	-0.011216571472299819	-5.271336978895924e-05	-0.0011616531397704577
-0.0006490791168820564	-0.0002130208882840101	0.0021568534267570882	0.0002591877446909141	0.0021847874749043594	-0.0016055239404462185	-0.00017753216890459278	-0.0022226129322473476
0.0005366994747098008	-0.004581678857308091	-0.003522401932974928	0.0007584629411514499	0.0024344250731342942	0.00432336901751551	0.00044656182667024424	-0.0018481565349024454
-0.000337032119094971	-0.006828417241377727	-0.011073939279430789	0.000508825342921293	0.0011238276824268034	0.00875443638609652	7.210542932578612e-05	-0.001723337735787256
-0.0007738979159970238	-0.008076605232527179	-0.009576113690050736	7.19595460190181e-05	-0.0016845952976600742	0.01243659095998817	-0.00023994156846174342	-0.000662377943310366
0.0004742900751522061	-0.003583128464387908	-0.004396133526779256	0.0004464159433632542	-0.005241931072436756	0.011812496964413333	-0.00011512276934699806	0.0008978570456270596
-0.000337032119094971	0.002720220890918057	0.002593719223659585	0.0006336441420358163	-0.006552528463143581	0.006944563798929382	0.0003841524271130936	0.002894957831466316
0.0004742900751522061	0.007525744656844857	0.00858502158117802	0.0002591877446909141	-0.007051803659603673	-0.0004821547484117339	-0.00011512276934699806	0.0030197766305815055
-0.0005242603177673111	0.0108958522329492	0.01339054534710482	0.000508825342921293	-0.005241931072436756	-0.0049756315165510046	0.00013451482888293675	0.002270863835891923
0.0006615182738249903	0.010833442833391604	0.013203317148432259	0.0005712347424788877	6.286788994991355e-05	-0.008845014289114994	-5.271336978895924e-05	0.0012723134429719618
-0.0006490791168820564	0.008025019853304283	0.009895618971885511	0.0003215971442485088	0.0028088814704791965	-0.004913222116992966	-0.00017753216890459278	-0.00022551214640809114
0.0005366994747098008	0.0026578114913606843	-0.00027711315598533126	0.000696053541593411	0.005305257452778767	-0.00017010775062420436	0.00044656182667024424	-0.0007247873428677387
0.00022465247692293744	-0.004394450658635529	-0.005332274520142066	-5.2859253096171344e-05	0.004431525858973995	0.0025759058299053006	-0.0004895791666916782	-0.002160203532689975
-0.0006490791168820564	-0.004019994261290405	-0.005581912118371557	0.0004464159433632542	0.0029961096691515365	0.0076310671940618136	0.00013451482888293675	-0.00016310274685049642
0.0005366994747098008	-0.001273980680761122	-0.003023126736514836	0.0002591877446909141	-0.0008732731034128971	0.009004073984326899	-0.00036476036757693286	0.0009602664451846543
-0.0003994415186525657	0.0038435900829527636	0.00178239702941152	0.0007584629411514499	-0.003369649085712023	0.007381429595831879	0.000508971226227839	0.003706280025713493
0.0005366994747098008	0.007525744656844857	0.005339732804188868	0.0002591877446909141	-0.005928434467569188	0.0023262682316753658	-0.00017753216890459278	0.004143145822616434
-0.0007114885164398732	0.00939802664356959	0.00852261218162087	0.0002591877446909141	-0.0026831456905795914	-0.0055997255121253975	0.00019692422844075352	0.003082186030138656
0.0007863370729397356	0.009335617244011996	0.00877224977985036	0.00013436894557572465	0.00025009608862225363	-0.009094651887344707	-0.00011512276934699806	0.0008978570456270596
-0.0008363073155550627	0.006277556665694739	0.001345531232509467	0.00038400654380610355	0.003557794265169223	-0.007534416898407725	-5.271336978895924e-05	-0.001099243740212863
-0.0007114885164398732	-0.003832766062618065	-0.002835898537842052	0.0004464159433632542	0.005866942048796009	-0.0041643093223038274	9.696029767747305e-06	-0.0022850223318051643
0.0007863370729397356	-0.007015645440049623	-0.006143596714389243	0.000696053541593411	0.0069903112408307155	-0.0013558863422165057	0.00025933362799834825	-0.0032835727247249036
-0.0007738979159970238	-0.008139014632084773	-0.007516603504654107	7.19595460190181e-05	0.005804532649238858	0.0007660332427386063	-0.00011512276934699806	-0.003595619722512433
0.0004742900751522061	-0.00626673264536004	-0.005831549716601936	0.0003215971442485088	0.0031833378678238766	0.0026383152294628953	-0.00023994156846174342	8.65348513794384e-05
-0.00046185091820971635	-0.002334940473238456	-0.0014628917475776326	0.0007584629411514499	0.0006245524859667118	0.004385778417072217	-0.00023994156846174342	0.001022675844741583
0.0004742900751522061	0.0017216704979983177	0.0015327594311820292	0.00013436894557572465	-0.005429159271109318	0.001015670840968097	-5.271336978895924e-05	0.0026453202332368253
-0.0006490791168820564	0.005403825071889967	0.005090095205958267	0.0004464159433632542	-0.005304340471994129	-0.0009814299448718256	-5.271336978895924e-05	0.002520501434121636
0.0005991088742673956	0.00671442246259768	0.004778048208171626	0.000508825342921293	-0.003244830286597278	-0.002728893132480925	0.00019692422844075352	0.0019588168381043936
0.0006615182738249903	0.0026578114913606843	0.001595168830739624	0.00038400654380610355	-0.000686044904740557	-0.0035402153267285463	-5.271336978895924e-05	-0.00016310274685049642
-0.0007738979159970238	-0.0015860276785488736	-0.0020869857431524697	0.0003215971442485088	0.002309606274019105	-0.0030409401302686767	-0.00017753216890459278	-0.001972975334017635
0.0009735652716122978	-0.005080954053767961	-0.0046457711250096345	0.0008832817402661952	0.005492485651451107	-0.0017927521391190027	0.000508971226227839	-0.0030963445260525635
-0.0006490791168820564	-0.0072652830382800015	-0.0063308249130615835	0.0003215971442485088	0.005929351448354048	-0.0012310675431010942	9.696029767747305e-06	-0.003907666720299741
0.0004742900751522061	-0.0070780548396076615	-0.005644321517929152	0.0003215971442485088	0.004805982256318675	-0.000669382947084296	7.210542932578612e-05	-0.0024722505304777265
-0.0005242603177673111	-0.004581678857308091	-0.0027734891382844573	0.00038400654380610355	0.0008741900841970907	-0.0011686581435437216	0.00013451482888293675	-0.00153610953711536
0.0006615182738249903	-0.0014612088794336842	0.00034698083958994985	0.0004464159433632542	-0.0008108637038548583	-0.0024168461346938397	7.210542932578612e-05	-0.0005375591441951766
-0.0005242603177673111	0.00209612689534322	0.00427877301171109	0.0002591877446909141	-0.0020590516950047544	-0.003852262324515854	-0.00023994156846174342	-0.0009120155415400788
-0.0005242603177673111	0.004093227681182698	0.004528410609941247	0.000508825342921293	-0.0006236355051825182	-0.003852262324515854	0.00025933362799834825	-0.0005999685437527713
0.0004742900751522061	0.0017840798975556904	0.0019072158285267093	0.0002591877446909141	0.00025009608862225363	-0.004850812717435815	-0.00023994156846174342	-0.0022850223318051643
-0.0003994415186525657	-0.000649886685186507	-8.988495731276913e-05	0.000696053541593411	0.003370566066496661	-0.003352987128055762	0.0003217430275554989	-0.002534659930035321
0.000723927673382585	-0.003832766062618065	-0.0023366233413819604	0.000696053541593411	0.005367666852336361	-0.0024792555342514344	0.00025933362799834825	-0.003970076119856891
-0.0005866697173244617	-0.005393001051555268	-0.003210354935186732	0.0002591877446909141	0.006491036044370846	-0.0016055239404462185	9.696029767747305e-06	-0.003658029122070028
0.0005366994747098008	-0.004893725855095177	-0.002461442140497594	0.0005712347424788877	0.005305257452778767	-4.528895150901491e-05	0.00044656182667024424	-0.0016609283362305494
-0.000337032119094971	-0.0022101216741237106	0.0005342090382620679	0.00013436894557572465	0.002059968675789614	-0.0007942017461990414	-0.00030235096801933814	-0.0011616531397704577
0.00034947127603746075	0.0003486637077336763	0.0062758737975507906	0.0006336441420358163	0.0003125054881796263	-0.00041974534885413917	0.00013451482888293675	0.0010850852442991776
0.0009111558720553692	0.0072761070586147	0.008023336985160778	0.0007584629411514499	-0.00131013890031495	-0.0009190205453142308	0.0003217430275554989	0.001646769840316642
-0.000961126114669808	0.007525744656844857	0.007087195991797968	-0.00011526865265354402	-0.002371098692792506	-0.0015431145408886238	-0.0004895791666916782	0.0013971322420871513
0.0005991088742673956	0.006589603663482491	0.005526961002861208	0.0003215971442485088	-0.00131013890031495	-0.0012310675431010942	-5.271336978895924e-05	0.0010850852442991776
-0.0006490791168820564	0.004342865279413077	0.002843356821889076	0.00038400654380610355	0.0004997336868524105	-0.0009190205453142308	7.210542932578612e-05	-0.0009744249410981176
0.0007863370729397356	0.0011599859019810754	0.0004093902391466564	0.000508825342921293	0.002684062671364451	-0.0007317923466414467	9.696029767747305e-06	-0.00191056593446004
-0.0005866697173244617	-0.0013363900803184947	-0.0012132541493472537	0.0002591877446909141	0.00486839165587627	-0.0016679333400038132	-0.00017753216890459278	-0.002534659930035321
0.0004742900751522061	-0.002334940473238456	-0.0016501199462499727	0.0008832817402661952	0.005180438653663577	-0.001730342739561408	0.0006337900253430284	-0.001286471938885203
-0.00027462271953737627	-0.0009619336829735925	0.0014079406320668397	0.0002591877446909141	0.0028088814704791965	-0.0035402153267285463	-0.00017753216890459278	-0.0015985189366729546
-0.0007738979159970238	0.0019088986966708799	0.003467450817464357	0.00013436894557572465	0.0010614182828698748	-0.003852262324515854	-0.00023994156846174342	-0.0005375591441951766
0.0006615182738249903	0.0035939524847223847	0.004528410609941247	0.0006336441420358163	-6.19509091652759e-05	-0.003789852924958703	7.210542932578612e-05	0.0002113536504944058
-0.0005242603177673111	0.0037187712838380182	0.0044035918108262795	0.0005712347424788877	-0.0003739979069532495	-0.003415396527613357	0.00025933362799834825	0.0006482194473966807
0.0005366994747098008	0.0021585362949008147	0.002219262826314017	0.0002591877446909141	-0.0010605013020852372	-0.0034778059271709516	-0.00017753216890459278	-0.0005999685437527713
-0.0006490791168820564	0.0005983013059636111	0.0002221620404743163	0.00038400654380610355	6.286788994991355e-05	-0.002104799136906088	9.696029767747305e-06	-0.0015985189366729546
0.0005991088742673956	-0.0016484370781060242	-0.0017749387453651622	0.0004464159433632542	0.002309606274019105	-0.0006069735475269233	9.696029767747305e-06	-0.0022226129322473476
-0.0007114885164398732	-0.0033334908661584173	-0.0025238515400547445	0.0002591877446909141	0.0029961096691515365	-0.0013558863422165057	-5.271336978895924e-05	-0.0029091163273797793
0.0005991088742673956	-0.0035207190648303133	-0.00046434135465811543	0.000508825342921293	0.0034329754660540335	-0.002541664933808585	7.210542932578612e-05	-0.002534659930035321
0.000723927673382585	-0.0002130208882840101	0.0019072158285267093	0.0005712347424788877	0.003120928468266726	-0.0034778059271709516	0.00025933362799834825	-0.002160203532689975
-0.0007114885164398732	0.0015968516988831283	0.0038419072148092592	0.0002591877446909141	0.00187274047711683	-0.004226718721860534	-5.271336978895924e-05	-0.0015985189366729546
0.0005366994747098008	0.003157086687820776	0.004902867007285927	0.0003215971442485088	0.0009365994837542413	-0.00460117511920588	-0.00017753216890459278	-0.001099243740212863
-0.0005866697173244617	0.0038435900829527636	0.0050276858064011165	0.0004464159433632542	0.0006869618855243065	-0.0036650341258432917	0.00019692422844075352	-0.00047514974463847004
0.0005366994747098008	0.002907449089590397	0.0035922696165786583	0.0002591877446909141	0.0001876866890646589	-0.002978530730711304	9.696029767747305e-06	-0.0008496061419824841
-0.0006490791168820564	0.0019088986966708799	0.00178239702941152	0.0002591877446909141	0.0013734652806571823	-0.0009190205453142308	-0.00011512276934699806	-0.0015985189366729546
0.0006615182738249903	0.00047348250684842164	-0.00021470375642773654	0.0005712347424788877	0.002746472070922046	-0.000232517150181355	0.00025933362799834825	-0.0016609283362305494
-0.0005866697173244617	-0.0008995242834159978	-0.0016501199462499727	0.0002591877446909141	0.0030585190687095754	-0.001293476942658911	-0.00017753216890459278	-0.002597069329592472
-0.0005242603177673111	-0.0011491618816459326	-0.000339522555542926	0.000508825342921293	0.003994660062071054	-0.001917570938233748	7.210542932578612e-05	-0.002160203532689975
0.0007863370729397356	-0.0004002490869563502	0.0010958936342795322	0.000696053541593411	0.003994660062071054	-0.0032281683289405727	0.00025933362799834825	-0.002160203532689975
-0.0007114885164398732	0.0004110731072908269	0.0018448064289691146	0.00013436894557572465	0.0031833378678238766	-0.004538765719648286	-0.00023994156846174342	-0.001972975334017635
0.0006615182738249903	0.0010975765024232587	0.0024689004245443957	0.0004464159433632542	0.0025592438722494837	-0.004476356320090913	7.210542932578612e-05	-0.0007247873428677387
-0.0005866697173244617	0.0012223953015384481	0.001969625228084304	0.0004464159433632542	0.0019351498766744246	-0.0035402153267285463	0.00013451482888293675	-0.000662377943310366
0.000723927673382585	0.0003486637077336763	0.0007838466364924468	0.0005712347424788877	0.0011238276824268034	-0.0006069735475269233	-0.00011512276934699806	-0.0008496061419824841
-0.0007738979159970238	-0.0011491618816459326	-0.000963616551117541	0.0005712347424788877	0.0011238276824268034	0.0005163956445082274	7.210542932578612e-05	-0.0010368343406552682
0.0005991088742673956	-0.002085302875008521	-0.0021493951427100644	0.0007584629411514499	0.0018103310775592352	0.0015149460374281887	0.0003841524271130936	-0.0007871967424257775
0.00034947127603746075	-0.003146262667485633	-0.002648670339169934	9.550146461423381e-06	0.00099900888331228	0.0003291674458358873	-0.00036476036757693286	-0.0017857471353452947
-0.0003994415186525657	-0.0017732558772212137	-0.0005891601537728608	0.000508825342921293	0.00187274047711683	0.00020434864672069786	0.00025933362799834825	-0.0010368343406552682
0.00034947127603746075	-0.000837114883858403	0.0005342090382620679	0.00013436894557572465	0.0014982840797723718	-0.0014807051413314731	-0.00030235096801933814	-0.0015985189366729546
-0.000337032119094971	0.0010975765024232587	0.0029681756210040433	0.0007584629411514499	0.0025592438722494837	-0.0017927521391190027	0.000508971226227839	-0.0008496061419824841
0.0005991088742673956	0.0017840798975556904	0.0033426320183491676	0.0004464159433632542	0.001623102878886673	-0.0029161213311537093	-5.271336978895924e-05	-0.00028792154596568587
-0.0007114885164398732	0.0024081738931303054	0.0033426320183491676	0.00038400654380610355	0.0010614182828698748	-0.0009814299448718256	0.00025933362799834825	0.0002113536504944058
0.0008487464724971083	0.00228335509401556	0.0031554038196768275	-0.00011526865265354402	-0.00018676970828046535	-0.00017010775062420436	-0.00036476036757693286	-0.00016310274685049642
-0.0008987167151117692	0.0011599859019810754	0.0009086654356067481	0.0005712347424788877	-0.00018676970828046535	0.0013277178387554045	0.00019692422844075352	0.0005234006482814912
-0.0007114885164398732	0.0004110731072908269	0.00028457144003235513	0.0002591877446909141	-0.0003739979069532495	0.0019518118343306856	-5.271336978895924e-05	0.000585810047839086
0.0006615182738249903	0.00047348250684842164	0.0005342090382620679	0.0005712347424788877	-0.00018676970828046535	0.0018269930352154962	7.210542932578612e-05	0.0006482194473966807
-0.0006490791168820564	0.0007855295046359512	0.0009710748351643428	0.0002591877446909141	-0.000249179107837616	0.0007036238431801234	-0.00011512276934699806	0.0006482194473966807
0.0004742900751522061	0.0012848047010960428	0.0018448064289691146	0.0003215971442485088	-0.00043640730650995607	-0.0004821547484117339	-0.00023994156846174342	0.001459541641644746
-0.00027462271953737627	0.0025954020918030896	0.003405041417906318	0.0008832817402661952	0.0007493712850819012	-0.0004821547484117339	-0.0004895791666916782	8.65348513794384e-05
0.00022465247692293744	0.0019088986966708799	0.002780947422331481	9.550146461423381e-06	0.0006245524859667118	-0.002104799136906088	0.00019692422844075352	0.0004609912487247847
-0.0005866697173244617	0.0022209456944584094	0.0029057662214464486	0.00038400654380610355	0.0004997336868524105	-0.0019799803377913427	-0.00011512276934699806	-3.828394773530697e-05
0.0005366994747098008	0.0014096235002107882	0.0006590278373772573	0.0002591877446909141	0.0008117806846394959	-0.0009190205453142308	-0.00017753216890459278	-3.828394773530697e-05
0.0009111558720553692	-2.579268961122594e-05	-2.7475557755174407e-05	0.0006336441420358163	0.00099900888331228	7.952984760573045e-05	0.00025933362799834825	-0.00016310274685049642
-0.0005242603177673111	-0.0004002490869563502	-0.000526750754214822	0.000508825342921293	0.0011862370819843981	0.0008284426422957569	0.00013451482888293675	-3.828394773530697e-05
0.000723927673382585	-0.0004626584865137229	-0.00021470375642773654	0.000508825342921293	0.0011862370819843981	0.0007036238431801234	0.00013451482888293675	-0.0003503309455228365
-0.0005866697173244617	-0.0001506114887264154	0.00034698083958994985	0.0002591877446909141	0.00099900888331228	0.00020434864672069786	9.696029767747305e-06	-0.00028792154596568587
0.0004742900751522061	0.0005358919064064604	0.0009086654356067481	0.0003215971442485088	0.0004997336868524105	-0.0008566111457566361	0.00019692422844075352	0.00039858184916718997
-0.00046185091820971635	0.0013472141006536376	0.002219262826314017	0.0006336441420358163	0.0001876866890646589	-0.0015431145408886238	-0.00023994156846174342	-0.00010069334729290169
0.00041188067559549957	0.0012848047010960428	0.0020944440271994935	0.0002591877446909141	0.0006245524859667118	-0.001293476942658911	7.210542932578612e-05	0.00039858184916718997
-0.0006490791168820564	0.0017216704979983177	0.0015327594311820292	0.00038400654380610355	0.00043732428729481576	-0.001106248743986571	-0.00011512276934699806	8.65348513794384e-05
-0.0003994415186525657	0.0011599859019810754	0.001158303033837127	0.0006336441420358163	0.0010614182828698748	0.0002667580462782926	0.0003841524271130936	0.0007730382465118701
0.00041188067559549957	9.902610950396351e-05	-0.00021470375642773654	0.00019677834513331938	0.00012527728950706418	0.0005163956445082274	-0.00017753216890459278	2.412545182184367e-05
-0.0006490791168820564	0.00016143550906111415	-0.000526750754214822	0.0004464159433632542	0.00012527728950706418	0.0013901272383129992	-5.271336978895924e-05	0.0004609912487247847
0.0005991088742673956	-2.579268961122594e-05	-0.0006515695533300114	0.0004464159433632542	-6.19509091652759e-05	0.0012028990396406591	7.210542932578612e-05	0.00014894425093703312
-0.0007114885164398732	3.6616709946368786e-05	-0.00021470375642773654	0.0002591877446909141	0.00012527728950706418	0.0008284426422957569	-0.00011512276934699806	-0.00022551214640809114
0.0006615182738249903	0.0003486637077336763	0.0002221620404743163	0.00038400654380610355	0.0005621430864100052	-0.001293476942658911	0.00019692422844075352	2.412545182184367e-05
-0.00046185091820971635	0.0006607107055212058	0.0009710748351643428	0.0002591877446909141	0.0001876866890646589	-0.0022296179360210555	-0.00023994156846174342	-0.00041274034507998714
0.00041188067559549957	0.00016143550906111415	0.0010958936342795322	0.00038400654380610355	0.0005621430864100052	-0.0020423897373484934	7.210542932578612e-05	2.412545182184367e-05
0.0005991088742673956	-0.00027543028784160484	0.00034698083958994985	0.0004464159433632542	0.0006245524859667118	-0.0022920273355790943	-5.271336978895924e-05	-0.0003503309455228365
-0.0003994415186525657	-0.0004002490869563502	0.0004717996387046952	0.000696053541593411	0.0016855122784442678	-0.0012310675431010942	0.00044656182667024424	8.65348513794384e-05
0.0005991088742673956	-0.0014612088794336842	-0.0007763883524452009	0.0003215971442485088	0.0011862370819843981	-0.0013558863422165057	-0.00011512276934699806	-0.0008496061419824841
-0.0007738979159970238	-0.0015860276785488736	-0.001150844749790103	0.00013436894557572465	0.0011238276824268034	-0.0007317923466414467	-0.00011512276934699806	-0.000662377943310366
0.000723927673382585	-0.0010243430825307431	-0.0006515695533300114	0.0006336441420358163	0.0011238276824268034	0.00020434864672069786	0.00019692422844075352	-0.00022551214640809114
-0.0005242603177673111	-0.0005250678860708735	-2.7475557755174407e-05	0.0005712347424788877	0.00043732428729481576	-4.528895150901491e-05	-0.00011512276934699806	-0.0007247873428677387
0.0004742900751522061	-0.0002130208882840101	0.0002221620404743163	0.000508825342921293	0.0008117806846394959	-0.00017010775062420436	0.00013451482888293675	-0.00016310274685049642
-0.0005866697173244617	0.0007231201050783564	0.0018448064289691146	0.000696053541593411	0.0011238276824268034	-0.0004821547484117339	0.00025933362799834825	-0.00016310274685049642
-0.0007738979159970238	0.0009103483037506965	0.0018448064289691146	0.00019677834513331938	0.0011238276824268034	-0.001293476942658911	-0.00011512276934699806	-0.00041274034507998714
0.0005366994747098008	0.0007855295046359512	0.00178239702941152	0.0003215971442485088	0.0013110558810995876	-0.0016679333400038132	-0.00017753216890459278	-0.0005999685437527713
-0.0005866697173244617	0.0009103483037506965	0.0018448064289691146	0.000508825342921293	0.0018103310775592352	-0.0013558863422165057	7.210542932578612e-05	-0.00041274034507998714
0.0007863370729397356	0.0007231201050783564	0.0018448064289691146	0.000696053541593411	0.002309606274019105	-0.001106248743986571	0.00025933362799834825	-0.000662377943310366
-0.0005866697173244617	0.0005983013059636111	0.0014079406320668397	0.0002591877446909141	0.0021847874749043594	-0.0011686581435437216	-0.00011512276934699806	-0.001099243740212863
0.0005991088742673956	0.00047348250684842164	0.0009086654356067481	0.0003215971442485088	0.0023720156735771436	-0.00017010775062420436	0.0003217430275554989	-0.0003503309455228365
-0.00046185091820971635	0.0011599859019810754	0.001595168830739624	0.0002591877446909141	0.0015606934793299665	-0.0007317923466414467	-0.00011512276934699806	-0.0008496061419824841
0.0004742900751522061	0.0009103483037506965	0.0012207124333942776	0.0002591877446909141	0.0013734652806571823	-0.0009814299448718256	-0.00017753216890459278	-0.0007247873428677387
0.0005991088742673956	0.0014096235002107882	0.001595168830739624	0.0005712347424788877	0.001623102878886673	-0.001043839344428532	7.210542932578612e-05	-0.0005375591441951766
-0.0007114885164398732	0.0009103483037506965	0.001345531232509467	0.0002591877446909141	0.001435874680214333	-0.001293476942658911	9.696029767747305e-06	-0.00041274034507998714
0.0006615182738249903	0.0006607107055212058	0.001158303033837127	0.0004464159433632542	0.0011238276824268034	-0.0016679333400038132	-5.271336978895924e-05	-0.0005999685437527713
-0.0005866697173244617	0.0003486637077336763	0.0009710748351643428	0.0003215971442485088	0.0013110558810995876	-0.0015431145408886238	9.696029767747305e-06	-0.0003503309455228365
0.0005991088742673956	3.6616709946368786e-05	0.0009710748351643428	0.0004464159433632542	0.0013734652806571823	-0.0015431145408886238	9.696029767747305e-06	-0.00022551214640809114
-0.0006490791168820564	-2.579268961122594e-05	0.0008462560360495974	0.0002591877446909141	0.0007493712850819012	-0.0013558863422165057	-5.271336978895924e-05	-0.00047514974463847004
0.0005366994747098008	0.00016143550906111415	0.0006590278373772573	0.0005712347424788877	0.0008741900841970907	-0.000232517150181355	0.0003217430275554989	0.00033617244960959525
-0.0003994415186525657	0.0006607107055212058	0.0005966184378196626	7.19595460190181e-05	-0.0005612261056251455	-0.00035733594929654444	-0.00030235096801933814	-0.00028792154596568587
-0.0005866697173244617	0.001035167102865886	0.0010334842347219375	0.00038400654380610355	-0.0008108637038548583	0.0005163956445082274	9.696029767747305e-06	0.0004609912487247847
0.000723927673382585	0.0011599859019810754	0.0009086654356067481	0.000508825342921293	-0.0011229107016423878	0.0005788050440658221	9.696029767747305e-06	0.000585810047839086
-0.0005242603177673111	0.0011599859019810754	0.001158303033837127	0.000508825342921293	-0.0008108637038548583	0.0011404896400835085	0.00019692422844075352	0.0009602664451846543
0.00041188067559549957	0.0006607107055212058	0.0006590278373772573	0.00013436894557572465	-0.0012477295007575773	0.00014193924716332518	-0.00030235096801933814	0.0007106288469542754
-0.0005866697173244617	0.0010975765024232587	0.0010334842347219375	0.0004464159433632542	-0.0005612261056251455	0.0002667580462782926	0.00019692422844075352	0.0005234006482814912
0.0006615182738249903	0.0007855295046359512	0.001345531232509467	0.0005712347424788877	-0.00043640730650995607	-0.0006069735475269233	-0.00017753216890459278	0.00033617244960959525
-0.0006490791168820564	0.0006607107055212058	0.001158303033837127	0.00038400654380610355	-0.000249179107837616	-0.0009814299448718256	-5.271336978895924e-05	0.00033617244960959525
0.0005991088742673956	0.0007855295046359512	0.0012207124333942776	0.0003215971442485088	-0.00018676970828046535	-0.001043839344428532	-0.00011512276934699806	0.0004609912487247847
0.0008487464724971083	0.001035167102865886	0.001595168830739624	0.0006336441420358163	0.0003749148877374431	-0.000669382947084296	0.0003217430275554989	0.0005234006482814912
-0.0005866697173244617	0.0009103483037506965	0.0012207124333942776	0.0004464159433632542	0.0001876866890646589	-0.000669382947084296	7.210542932578612e-05	0.00033617244960959525
0.00041188067559549957	0.00047348250684842164	0.0004717996387046952	0.00019677834513331938	-0.00018676970828046535	-0.0009814299448718256	-0.00036476036757693286	-0.00028792154596568587
-0.0005866697173244617	0.0007231201050783564	0.0007214372369339639	0.000508825342921293	0.0005621430864100052	-0.00017010775062420436	0.00019692422844075352	2.412545182184367e-05
0.0006615182738249903	0.00028625430817608155	0.00028457144003235513	0.0004464159433632542	0.0006245524859667118	-0.0002949265497393938	-5.271336978895924e-05	-0.0003503309455228365
-0.0006490791168820564	-2.579268961122594e-05	-2.7475557755174407e-05	0.0002591877446909141	0.0014982840797723718	-0.0006069735475269233	0.00025933362799834825	-0.00041274034507998714
0.0008487464724971083	-2.579268961122594e-05	0.0002221620404743163	0.00038400654380610355	0.0019351498766744246	-0.0009190205453142308	7.210542932578612e-05	-0.0005999685437527713
-0.0007114885164398732	-0.0004002490869563502	0.0005342090382620679	0.000508825342921293	0.0021223780753467647	-0.0016679333400038132	7.210542932578612e-05	-0.0010368343406552682
-0.0005242603177673111	0.00022384490861848683	0.0010334842347219375	0.000508825342921293	0.0025592438722494837	-0.001730342739561408	7.210542932578612e-05	-0.0007871967424257775
0.0006615182738249903	0.00022384490861848683	0.0012207124333942776	0.000508825342921293	0.0026216532718068564	-0.0017927521391190027	7.210542932578612e-05	-0.0008496061419824841
-0.0007738979159970238	0.00016143550906111415	0.0010334842347219375	0.00013436894557572465	0.002247196874461954	-0.0016679333400038132	-0.00017753216890459278	-0.0008496061419824841
0.0005366994747098008	0.0003486637077336763	0.0009710748351643428	0.0003215971442485088	0.00187274047711683	-0.0014182957417738784	-0.00011512276934699806	-0.00010069334729290169
-0.0005242603177673111	0.0007855295046359512	0.001158303033837127	0.0005712347424788877	0.0021223780753467647	-0.000232517150181355	0.00025933362799834825	-0.00010069334729290169
0.000723927673382585	0.0005358919064064604	0.0009086654356067481	0.000696053541593411	0.0014982840797723718	0.00039157684539303794	0.00013451482888293675	-3.828394773530697e-05
-0.0005242603177673111	0.0005358919064064604	0.0004717996387046952	0.0005712347424788877	0.0011862370819843981	0.0005163956445082274	0.00013451482888293675	-0.00022551214640809114
0.0006615182738249903	0.00047348250684842164	0.0002221620404743163	9.550146461423381e-06	0.0006245524859667118	0.0005163956445082274	-0.00023994156846174342	-3.828394773530697e-05
0.0006615182738249903	0.0006607107055212058	0.0007214372369339639	0.0004464159433632542	0.00043732428729481576	0.00045398624495063267	7.210542932578612e-05	0.00033617244960959525
-0.0007114885164398732	0.0009103483037506965	0.0009086654356067481	0.00038400654380610355	6.286788994991355e-05	0.0003291674458358873	-5.271336978895924e-05	0.0007730382465118701
0.0006615182738249903	0.001035167102865886	0.0012207124333942776	0.000508825342921293	-6.19509091652759e-05	0.0002667580462782926	7.210542932578612e-05	0.0009602664451846543
-0.0007114885164398732	0.0007855295046359512	0.0010958936342795322	0.0002591877446909141	-0.0004988167060675508	0.00020434864672069786	-0.00011512276934699806	0.001022675844741583
0.0006615182738249903	0.0009103483037506965	0.0009710748351643428	0.000508825342921293	-0.0006236355051825182	1.7120448048135728e-05	9.696029767747305e-06	0.0011474946438572164
-0.0005866697173244617	0.0006607107055212058	0.0009086654356067481	0.0003215971442485088	-0.0012477295007575773	0.00039157684539303794	-0.00017753216890459278	0.0007106288469542754
0.0005366994747098008	0.00016143550906111415	0.0002221620404743163	0.0004464159433632542	-0.0009980919025276425	0.0011404896400835085	0.00013451482888293675	0.0013971322420871513
-0.0005242603177673111	0.00047348250684842164	-8.988495731276913e-05	0.00038400654380610355	-0.0016221858981020354	0.0009532614414105023	-0.00011512276934699806	0.0008978570456270596
-0.0005242603177673111	0.0005358919064064604	0.00034698083958994985	0.0004464159433632542	-0.0010605013020852372	0.0016397648365433781	0.00019692422844075352	0.0013971322420871513
0.0004742900751522061	9.902610950396351e-05	0.00015975264091716568	0.0003215971442485088	-0.0014349576994301394	0.0008908520418529076	-5.271336978895924e-05	0.0006482194473966807
-0.0007114885164398732	0.0004110731072908269	0.0004093902391466564	0.0002591877446909141	-0.0011229107016423878	0.0007036238431801234	-0.00011512276934699806	0.0007730382465118701
0.0005991088742673956	0.0005983013059636111	0.0007838466364924468	0.000508825342921293	-0.0009980919025276425	0.00045398624495063267	7.210542932578612e-05	0.0007730382465118701
-0.0007738979159970238	0.0004110731072908269	0.0006590278373772573	9.550146461423381e-06	-0.0012477295007575773	0.00020434864672069786	0.00013451482888293675	0.001022675844741583
0.000723927673382585	0.0007855295046359512	0.0010958936342795322	0.000508825342921293	-0.0008108637038548583	0.0005788050440658221	9.696029767747305e-06	0.0010850852442991776
-0.0005242603177673111	0.0008479389041935459	0.0009086654356067481	0.000508825342921293	-0.0004988167060675508	0.0006412144436234168	7.210542932578612e-05	0.0008354476460690208
0.0006615182738249903	0.0007855295046359512	0.0007838466364924468	0.0003215971442485088	-0.00012436030872287063	0.0007036238431801234	-5.271336978895924e-05	0.0007106288469542754
0.0005991088742673956	0.0007855295046359512	0.0005966184378196626	0.0004464159433632542	-6.19509091652759e-05	0.0005163956445082274	9.696029767747305e-06	0.0005234006482814912
-0.0005866697173244617	0.0009103483037506965	0.0006590278373772573	0.00038400654380610355	0.0004997336868524105	0.0008284426422957569	0.00013451482888293675	0.0006482194473966807
0.0006615182738249903	0.0006607107055212058	0.0005342090382620679	0.0003215971442485088	0.0003125054881796263	0.00039157684539303794	9.696029767747305e-06	2.412545182184367e-05
-0.0005866697173244617	0.001035167102865886	0.0006590278373772573	0.00038400654380610355	0.0006869618855243065	0.00045398624495063267	9.696029767747305e-06	-3.828394773530697e-05
0.0005366994747098008	0.0006607107055212058	0.0004717996387046952	0.00038400654380610355	0.0008741900841970907	-0.0002949265497393938	9.696029767747305e-06	2.412545182184367e-05
-0.0006490791168820564	0.0007231201050783564	0.0005966184378196626	0.0002591877446909141	0.001435874680214333	-0.0009190205453142308	9.696029767747305e-06	-0.00010069334729290169
0.000723927673382585	0.0006607107055212058	0.0007838466364924468	0.0004464159433632542	0.0019351498766744246	-0.001043839344428532	0.00013451482888293675	-3.828394773530697e-05
-0.0005866697173244617	0.0007231201050783564	0.0009086654356067481	0.000508825342921293	0.002059968675789614	-0.001293476942658911	0.00013451482888293675	-0.00022551214640809114
-0.0006490791168820564	0.00028625430817608155	0.0007214372369339639	0.0002591877446909141	0.0019351498766744246	-0.0012310675431010942	-5.271336978895924e-05	-0.00028792154596568587
0.0006615182738249903	0.0003486637077336763	0.0007838466364924468	0.0006336441420358163	0.002059968675789614	-0.001043839344428532	0.00019692422844075352	-0.00022551214640809114
-0.0007114885164398732	0.00016143550906111415	0.0004093902391466564	0.00019677834513331938	0.0017479216780018625	-0.001106248743986571	-0.00011512276934699806	-0.00041274034507998714
0.00041188067559549957	-2.579268961122594e-05	0.00015975264091716568	7.19595460190181e-05	0.0011862370819843981	-0.0012310675431010942	-0.00036476036757693286	8.65348513794384e-05
-0.00046185091820971635	0.0007855295046359512	0.0007838466364924468	0.0006336441420358163	0.0019351498766744246	-0.000232517150181355	0.00025933362799834825	-0.00028792154596568587
0.0007863370729397356	0.0007855295046359512	0.0009086654356067481	0.000696053541593411	0.0013734652806571823	-0.0007942017461990414	-5.271336978895924e-05	-0.00047514974463847004
-0.0006490791168820564	0.0005358919064064604	0.0006590278373772573	0.0004464159433632542	0.0010614182828698748	-0.0008566111457566361	-0.00017753216890459278	-0.00047514974463847004
0.0005366994747098008	0.0005983013059636111	0.001345531232509467	0.0006336441420358163	0.0014982840797723718	-0.0004821547484117339	0.0003841524271130936	0.0002113536504944058
0.0005366994747098008	0.0004110731072908269	0.0009710748351643428	0.0003215971442485088	0.0008117806846394959	-0.001293476942658911	9.696029767747305e-06	-0.00041274034507998714
-0.0005866697173244617	0.0005358919064064604	0.001158303033837127	0.0004464159433632542	0.00099900888331228	-0.001043839344428532	7.210542932578612e-05	-0.00016310274685049642
0.0006615182738249903	0.0004110731072908269	0.0012207124333942776	0.000508825342921293	0.00099900888331228	-0.001293476942658911	0.00013451482888293675	-0.0003503309455228365
