Sensor_1	Sensor_2	Sensor_3	Sensor_4	Sensor_5	Sensor_6	Sensor_7	Sensor_8
0.0015307854026636036	0.0010810625660280238	-0.0009050339914544736	-7.824105209564003e-05	-8.327306711009008e-05	-0.0007254607082674003	-0.0001339817099643703	0.00046125578287958824
-0.0007159529814060317	0.0015803377624876713	3.1107001908114995e-05	-0.00020305985121082948	-0.0003329106653400249	-0.001224735904727492	-7.15723104063315e-05	0.0006484839815523724
0.0015307854026636036	0.0008938343673552396	-0.0013418997883567485	4.657774701910533e-05	-0.00027050126578243017	-0.000351004310922276	0.000240474687380976	0.0016470343744723337
0.00034500681107130227	0.0008314249677976449	-0.002278040781718893	4.657774701910533e-05	0.00035359272979196277	-0.0002885949113646813	-0.0001339817099643703	0.0014598061757995495
0.0012811478044336688	0.0006441967691253048	-0.003089362975966292	-7.824105209564003e-05	0.0008528679262520544	0.0008971836802278421	-7.15723104063315e-05	0.0024583565687190667
0.0004074162106293411	8.251217310806247e-05	-0.005460920159150895	0.00017139654613473887	0.000977686725367688	0.0007099554815548359	0.00017806528782338127	0.002645584767391851
0.00022018801195677895	0.0003321497713375532	-0.004836826163576058	-0.00020305985121082948	0.000977686725367688	0.00021068028509496628	-0.0001339817099643703	0.0025207659682771055
0.0024045169964683755	-4.230662600668289e-05	-0.004836826163576058	4.657774701910533e-05	0.001164914924039584	0.0006475460819972412	5.3246488708413864e-05	0.002395947169161916
0.00034500681107130227	0.0005817873695679321	-0.0034014099737535997	-7.824105209564003e-05	0.001352143122711924	0.00033549908421015573	5.3246488708413864e-05	0.002021490771817236
0.001655604201778571	0.0011434719655851744	-0.001029852790569663	0.000358624744807301	0.0010400961249248386	-0.00016377611224993593	0.00036529348649572135	-3.8019413580503425e-05
-0.00027908718450353476	0.0003321497713375532	-0.0011546715896844084	-0.0005151068489976929	4.154573200487732e-05	-0.0007254607082674003	0.0001156558882655645	2.43899859770913e-05
0.0014059666035488583	0.0013307001642577365	0.00034315399969520044	0.00017139654613473887	0.0002287739306776615	-0.000351004310922276	0.00036529348649572135	0.0003988463833219935
-0.0001542683853883453	0.0017675659611604555	0.0010296573948280763	-0.00020305985121082948	-0.0003953200648976196	-0.0005382325095950602	-0.00025880050907911567	8.679938553468602e-05
0.0014059666035488583	0.0006441967691253048	-0.0017163561857016507	4.657774701910533e-05	0.0002287739306776615	-0.00016377611224993593	0.00017806528782338127	0.0012725779771267653
0.0017180136013361658	0.0007690155682404942	-0.003151772375523887	0.00010898714657714414	0.00010395513156269409	0.00033549908421015573	-7.15723104063315e-05	0.0017094437740294843
0.0007194632084164265	8.251217310806247e-05	-0.005211282560921182	4.657774701910533e-05	0.0007280491271375311	0.0014588682762446403	0.0001156558882655645	0.003020041164737197
0.0015931948022211984	0.00020733097222280783	-0.005460920159150895	-0.00032787865032513075	0.0002911833302352562	0.000273089684652561	-0.0003212099086367104	0.002645584767391851
0.0004074162106293411	0.0005193779700101153	-0.004899235563133653	0.00010898714657714414	0.0009152773258096492	0.0010220024793421434	0.0001156558882655645	0.003020041164737197
0.002529335795583787	0.00020733097222280783	-0.005024054362248842	0.00017139654613473887	0.001164914924039584	0.0011468212784573328	-7.15723104063315e-05	0.0022711283700467266
-2.9449586273599948e-05	0.001205881365142547	-0.0030269535764091415	-0.00020305985121082948	0.0004784115289071522	-0.0008502795073825897	-7.15723104063315e-05	0.0010229403788970526
0.0015307854026636036	0.0013931095638153312	-0.0013418997883567485	-1.5831652538045304e-05	0.0004784115289071522	-0.0007254607082674003	-9.16291084962495e-06	0.0008981215797818631
0.00015777861239896218	0.0015803377624876713	0.00065520099748273	0.000358624744807301	0.0004160021293495575	-0.0012871453042841985	0.00030288408693812663	0.00021161818464943138
-0.0004039059836187242	0.0012682907647003638	-0.0003433493954372313	-0.0003902880498827255	-0.0003953200648976196	-0.0014743735029567606	-0.0003212099086367104	-0.0004124758109251836
0.0018428324004509111	0.0009562437669123902	-0.0014667185874714939	4.657774701910533e-05	0.00016636453112006677	-0.0005382325095950602	5.3246488708413864e-05	0.00046125578287958824
-0.0001542683853883453	0.0008938343673552396	-0.002278040781718893	-7.824105209564003e-05	0.00035359272979196277	-0.00022618551180753066	-9.16291084962495e-06	0.0010853497784544253
0.0019052418000085058	-0.00022953482467946706	-0.004212732168001221	0.00010898714657714414	0.0005408209284647469	0.0008347742806702474	-7.15723104063315e-05	0.003020041164737197
0.0009691008066461393	-0.00047917242290917983	-0.005273691960478333	0.00017139654613473887	0.0014145525222695188	0.0020205528722621047	-0.00025880050907911567	0.002208718970489132
0.0014059666035488583	-0.0007288100211395587	-0.0053361013600359275	-0.00014065045165323475	0.0011025055244824333	0.001334049477130117	-9.16291084962495e-06	0.002583175367834256
0.0004074162106293411	-0.0005415818224667746	-0.004961644962690803	-0.00020305985121082948	0.0006656397275794923	0.000460317883324457	-0.0003836193081943051	0.001771853173586635
0.0017804230008937605	-0.00016712542512231643	-0.0012794903887991538	0.00023380594569166746	0.0011025055244824333	2.3452086422626195e-05	0.00036529348649572135	0.001771853173586635
0.001655604201778571	0.0015179283629300766	-0.0007802151923392842	0.00010898714657714414	0.00016636453112006677	-0.0008502795073825897	5.3246488708413864e-05	0.000710893381109523
-0.00027908718450353476	0.002266841157620103	-0.00015612119676489122	-0.00014065045165323475	-8.327306711009008e-05	-0.0015367829025145774	-0.0001339817099643703	0.0003988463833219935
0.0013435572039912635	0.0028285257536373454	0.0009672479952704816	0.00017139654613473887	-0.00020809186622483544	-0.0017864205007442902	0.00017806528782338127	0.0002740275842074702
-9.185898583075058e-05	0.0017675659611604555	-0.0011546715896844084	-0.00020305985121082948	-0.0003329106653400249	-0.001224735904727492	-0.0001339817099643703	0.0010229403788970526
0.001655604201778571	0.0013931095638153312	-0.0026524971790640173	-7.824105209564003e-05	-8.327306711009008e-05	-0.0010375077060547078	-0.00019639110952196503	0.0017094437740294843
-9.185898583075058e-05	0.0008938343673552396	-0.00377586637109828	-0.00020305985121082948	0.0012273243235976228	0.0016460964749174245	0.000240474687380976	0.002832812966064413
0.0025917451951413817	-0.0004167630233520292	-0.005648148357823679	-0.00014065045165323475	0.0012273243235976228	0.0016460964749174245	5.3246488708413864e-05	0.003020041164737197
0.0004698256101860476	-0.0007912194206971535	-0.00571055775738083	-0.00014065045165323475	0.0006656397275794923	0.0010220024793421434	-0.0003212099086367104	0.0021463095709319813
0.0009066914070892107	-0.0007288100211395587	-0.004399960366673561	0.0002962153452492622	0.001789008919614865	0.0022077810709344448	0.000427702886052872	0.0028952223656220077
0.0017180136013361658	-4.230662600668289e-05	-0.0027773159781787626	-1.5831652538045304e-05	0.0007280491271375311	0.00033549908421015573	-9.16291084962495e-06	0.0012725779771267653
-0.00027908718450353476	0.0010810625660280238	-0.0003433493954372313	4.657774701910533e-05	0.0004784115289071522	-0.00041341371047987074	5.3246488708413864e-05	0.0005860745819947777
0.001655604201778571	0.0013931095638153312	0.0005303821983679846	4.657774701910533e-05	0.0002911833302352562	-0.0007254607082674003	5.3246488708413864e-05	-0.0004124758109251836
-0.0006535435818482149	0.002266841157620103	0.001279294993057567	-0.00020305985121082948	-0.0003953200648976196	-0.0017864205007442902	-9.16291084962495e-06	-0.0004124758109251836
0.001031510206203734	0.0022044317580625084	0.0010296573948280763	-1.5831652538045304e-05	0.00016636453112006677	-0.000351004310922276	0.000240474687380976	0.0010853497784544253
0.0004074162106293411	0.0021420223585049136	-0.000592986993666722	4.657774701910533e-05	-8.327306711009008e-05	-0.0008502795073825897	-9.16291084962495e-06	0.0010853497784544253
0.0013435572039912635	0.001642747162045266	-0.004025503969328881	-7.824105209564003e-05	0.00035359272979196277	0.000460317883324457	-9.16291084962495e-06	0.0020839001713743865
0.0022172887977964795	-0.0006039912220243693	-0.006334651752955889	-1.5831652538045304e-05	0.0005408209284647469	0.0012092306780149276	-0.00025880050907911567	0.002645584767391851
0.0006570538088588318	-4.230662600668289e-05	-0.0053361013600359275	0.00023380594569166746	0.001601780720942081	0.0017709152740321699	0.00036529348649572135	0.0033320881625238385
0.0019052418000085058	-0.0011656758180420557	-0.0057729671569384244	-0.0002654692507684242	0.0008528679262520544	0.0011468212784573328	-0.00025880050907911567	0.002208718970489132
0.0006570538088588318	-0.0004167630233520292	-0.004337550967115966	4.657774701910533e-05	0.0012897337231552175	0.001334049477130117	5.3246488708413864e-05	0.0008357121802251566
0.0015307854026636036	0.00045696857045274264	-0.0018411749848168402	4.657774701910533e-05	0.0007280491271375311	-0.00022618551180753066	-7.15723104063315e-05	0.0003364369837650649
-2.9449586273599948e-05	0.0006441967691253048	-0.0003433493954372313	-0.00014065045165323475	4.154573200487732e-05	-0.0011623265051698972	-7.15723104063315e-05	-0.0004124758109251836
0.0012811478044336688	0.0012682907647003638	0.00034315399969520044	0.00017139654613473887	0.00010395513156269409	-0.0014743735029567606	0.00030288408693812663	-0.00022524761225239942
-0.0005911341822906202	0.0023916599567348484	9.351640146570972e-05	-0.00014065045165323475	-0.0003953200648976196	-0.001224735904727492	-0.0001339817099643703	-0.0004124758109251836
3.2959813283994777e-05	0.0014555189633724819	-0.001217080989241559	-1.5831652538045304e-05	-2.0863667552495357e-05	-0.0004758231100370214	-9.16291084962495e-06	0.000710893381109523
0.001468376003106009	0.0012682907647003638	-0.002090812583046331	0.00023380594569166746	0.0002911833302352562	-0.00016377611224993593	0.00030288408693812663	0.0013349873766848042
0.0004074162106293411	-0.00016712542512231643	-0.004649597964903496	-0.00014065045165323475	0.0004160021293495575	0.0010844118788997381	-0.0001339817099643703	0.0020839001713743865
0.0023421075969107807	-0.00047917242290917983	-0.005460920159150895	0.00023380594569166746	0.000977686725367688	0.0016460964749174245	0.00017806528782338127	0.002583175367834256
0.00015777861239896218	-0.000666400621581964	-0.005211282560921182	-0.00020305985121082948	0.0008528679262520544	0.001521277675802235	-0.0003836193081943051	0.0018966719727020465
0.0020300605991236953	-0.0014777228158291411	-0.005585738958266084	-0.0002654692507684242	0.001352143122711924	0.001521277675802235	0.00030288408693812663	0.0022711283700467266
0.0004074162106293411	-0.0001047160255647217	-0.003089362975966292	-7.824105209564003e-05	0.0004160021293495575	-3.895731313496853e-05	-0.0001339817099643703	0.000523665182437627
0.0013435572039912635	0.00020733097222280783	3.1107001908114995e-05	-1.5831652538045304e-05	0.0004160021293495575	8.586148598022092e-05	0.0001156558882655645	0.0003364369837650649
0.0008442820075309498	0.001642747162045266	0.0011544761939423775	-7.824105209564003e-05	-0.0003953200648976196	-0.001411964103399388	-0.0001339817099643703	-0.0005997040095977457
-0.0007159529814060317	0.002454069356292443	0.0020282077877480376	4.657774701910533e-05	-0.00027050126578243017	-0.0015367829025145774	5.3246488708413864e-05	-0.0004748852104825563
0.0015931948022211984	0.0019547941598323515	0.00021833520058089917	4.657774701910533e-05	-0.00027050126578243017	-0.0011623265051698972	5.3246488708413864e-05	-3.8019413580503425e-05
-0.00027908718450353476	0.0021420223585049136	-0.0009050339914544736	-1.5831652538045304e-05	-0.0001456824666676848	-0.0009126889069399624	-7.15723104063315e-05	0.00114775917801202
0.001655604201778571	0.0011434719655851744	-0.002278040781718893	0.00017139654613473887	0.00016636453112006677	-0.00016377611224993593	-7.15723104063315e-05	0.001959081372259641
0.0004698256101860476	-0.0002919442242370618	-0.0047120073644610905	-0.00020305985121082948	0.00035359272979196277	0.0012716400775725223	-0.0001339817099643703	0.001959081372259641
0.001655604201778571	-0.0007912194206971535	-0.005024054362248842	0.00017139654613473887	0.0009152773258096492	0.0024574186691646016	0.00017806528782338127	0.002645584767391851
0.0004074162106293411	-0.0010408570189268662	-0.0047120073644610905	-0.00014065045165323475	0.0006032303280223417	0.0018957340731478034	-0.00019639110952196503	0.0018966719727020465
-0.00021667778494594003	-0.0002919442242370618	-0.0018411749848168402	-1.5831652538045304e-05	0.0006656397275794923	0.0012092306780149276	0.0001156558882655645	0.0014598061757995495
0.001031510206203734	2.0102773550467745e-05	-0.0006553963932243168	-0.00014065045165323475	-8.327306711009008e-05	0.000273089684652561	-0.00025880050907911567	0.0002740275842074702
-0.00021667778494594003	0.0011434719655851744	0.0007176103970403247	-1.5831652538045304e-05	0.00016636453112006677	-3.895731313496853e-05	0.0001156558882655645	0.0003988463833219935
0.0007194632084164265	0.0025788881554076326	0.0019033889886328481	0.00010898714657714414	-0.0005825482635695156	-0.0019736486994170743	0.0001156558882655645	-0.0003500664113673668
-0.0005911341822906202	0.0025788881554076326	0.0010296573948280763	-0.00020305985121082948	-0.0006449576631279985	-0.0018488299003018849	0.00017806528782338127	0.00046125578287958824
0.0017180136013361658	0.002516478755849594	-0.00040575879499438194	0.00023380594569166746	0.00010395513156269409	-0.0014743735029567606	-7.15723104063315e-05	0.0007733027806675619
-0.0005287247827334696	0.002079612958947541	-0.0014667185874714939	-0.00014065045165323475	0.0002287739306776615	-0.0005382325095950602	-0.00025880050907911567	0.0010853497784544253
0.0015931948022211984	0.0005817873695679321	-0.004774416764018463	0.00023380594569166746	0.001601780720942081	0.0014588682762446403	0.000427702886052872	0.002645584767391851
0.001655604201778571	-0.001290494617156801	-0.005648148357823679	-0.00020305985121082948	0.0008528679262520544	0.0008971836802278421	-0.00025880050907911567	0.0016470343744723337
0.0005946444093012371	-0.0017897698136166706	-0.005273691960478333	-7.824105209564003e-05	0.001352143122711924	0.0020205528722621047	-7.15723104063315e-05	0.0020839001713743865
0.0017804230008937605	-0.0014777228158291411	-0.0040879133688864755	-1.5831652538045304e-05	0.000977686725367688	0.0013964588766877117	-0.00019639110952196503	0.0014598061757995495
-0.0001542683853883453	-0.00016712542512231643	-0.001029852790569663	0.00023380594569166746	0.001164914924039584	0.0011468212784573328	0.00036529348649572135	-0.00022524761225239942
0.0013435572039912635	-0.0001047160255647217	-0.00046816819455197667	-0.00014065045165323475	0.00010395513156269409	0.00014827088553737156	0.0001156558882655645	-3.8019413580503425e-05
-0.00046631538317587484	0.001642747162045266	0.001279294993057567	-1.5831652538045304e-05	-0.000520138864012365	-0.0015991923020721721	0.00017806528782338127	-0.00028765701180999415
0.001031510206203734	0.0030157539523092414	0.0024026641850924957	-0.00020305985121082948	-0.0006449576631279985	-0.0014743735029567606	-0.0001339817099643703	-3.8019413580503425e-05
-0.0003414965840611295	0.002516478755849594	-0.0009674433910120683	-0.00020305985121082948	-0.00045772946445521434	-0.0017864205007442902	-0.00019639110952196503	0.0003364369837650649
3.2959813283994777e-05	0.002079612958947541	-0.0019659937839315855	0.00017139654613473887	0.0004160021293495575	-0.0005382325095950602	0.00017806528782338127	0.0015222155753571442
0.0022172887977964795	-4.230662600668289e-05	-0.004836826163576058	4.657774701910533e-05	0.0007280491271375311	0.0006475460819972412	-9.16291084962495e-06	0.001959081372259641
0.00028259741151415163	-0.000666400621581964	-0.005585738958266084	-0.00014065045165323475	0.0009152773258096492	0.0012092306780149276	-9.16291084962495e-06	0.002395947169161916
0.0017804230008937605	-0.0014777228158291411	-0.005648148357823679	4.657774701910533e-05	0.0010400961249248386	0.001521277675802235	-7.15723104063315e-05	0.0025207659682771055
0.0009066914070892107	-0.0019769980122892328	-0.005086463761805993	4.657774701910533e-05	0.0017265995200568263	0.0026446468678369417	-7.15723104063315e-05	0.00114775917801202
0.001655604201778571	-0.0012280852175996504	-0.003089362975966292	4.657774701910533e-05	0.0009152773258096492	0.0008347742806702474	0.00017806528782338127	0.0006484839815523724
-0.0001542683853883453	8.251217310806247e-05	-0.0002809399958791925	-0.00032787865032513075	-0.00045772946445521434	-0.0005382325095950602	-0.00025880050907911567	-0.000537294610040151
0.0011563290053184794	0.0003321497713375532	0.002153026586862339	-7.824105209564003e-05	-0.0005825482635695156	-0.0012871453042841985	-7.15723104063315e-05	-0.000537294610040151
0.001031510206203734	0.0027661163540799727	0.0020906171873056323	0.00017139654613473887	-0.0008321858617998945	-0.0014743735029567606	0.0001156558882655645	-0.0004748852104825563
-9.185898583075058e-05	0.0026412975549652273	0.0005303821983679846	-0.00014065045165323475	-0.0003953200648976196	-0.001224735904727492	-0.0001339817099643703	0.0002740275842074702
0.0012811478044336688	0.002516478755849594	-0.0007178057927819115	4.657774701910533e-05	-0.0003329106653400249	-0.001411964103399388	5.3246488708413864e-05	0.0003988463833219935
-2.9449586273599948e-05	0.0009562437669123902	-0.002964544176851547	-0.00014065045165323475	4.154573200487732e-05	-3.895731313496853e-05	-0.00019639110952196503	0.0023335377696047654
0.0024045169964683755	-0.00022953482467946706	-0.004337550967115966	0.000358624744807301	0.0010400961249248386	0.001521277675802235	-0.0003836193081943051	0.0015846249749142949
-0.0003414965840611295	-0.0014153134162715464	-0.0053361013600359275	-0.0005151068489976929	0.0010400961249248386	0.002145371671377294	0.0001156558882655645	0.002021490771817236
0.00209246999868129	-0.0017897698136166706	-0.005148873161363587	0.00017139654613473887	0.0014145525222695188	0.002332599870049634	0.000240474687380976	0.0021463095709319813
0.0005322350097436424	-0.0014777228158291411	-0.0022156313821615203	-0.00020305985121082948	0.0004784115289071522	0.0005851366824400905	-0.00025880050907911567	0.00046125578287958824
-2.9449586273599948e-05	2.0102773550467745e-05	-0.00046816819455197667	-1.5831652538045304e-05	0.0005408209284647469	0.0005851366824400905	0.0001156558882655645	0.00046125578287958824
0.0010939196057613287	0.0011434719655851744	0.0005303821983679846	-1.5831652538045304e-05	-0.00027050126578243017	-0.0007878701078243289	-0.0001339817099643703	-0.00022524761225239942
-0.0006535435818482149	0.0028285257536373454	0.0020906171873056323	0.00023380594569166746	-0.00020809186622483544	-0.0013495547038422373	0.000240474687380976	-3.8019413580503425e-05
0.0012811478044336688	0.0023292505571772537	0.0002807446001380498	-7.824105209564003e-05	-0.0006449576631279985	-0.0014743735029567606	-9.16291084962495e-06	0.000523665182437627
-0.00027908718450353476	0.0023916599567348484	-0.001029852790569663	-0.0002654692507684242	-0.0003953200648976196	-0.0014743735029567606	0.00036529348649572135	0.0014598061757995495
0.0015307854026636036	0.002516478755849594	-0.0012794903887991538	0.00042103414436445163	0.0004160021293495575	0.00033549908421015573	-0.00019639110952196503	0.0018342625731446738
0.00022018801195677895	0.0003321497713375532	-0.00452477916578875	-7.824105209564003e-05	0.0007904585266951258	0.0010220024793421434	-7.15723104063315e-05	0.0021463095709319813
0.0019676511995661006	-0.0006039912220243693	-0.005273691960478333	-0.00014065045165323475	0.0008528679262520544	0.001521277675802235	-0.00019639110952196503	0.0020839001713743865
0.00246692639602597	-0.0016649510145019253	-0.004899235563133653	0.0002962153452492622	0.0014769619218271135	0.0025198280687221963	0.00030288408693812663	0.0022711283700467266
0.00015777861239896218	-0.0014777228158291411	-0.003588638172426384	-0.00020305985121082948	0.000977686725367688	0.0015836870753598298	-0.0001339817099643703	0.0013973967762419548
0.0013435572039912635	-0.0007288100211395587	-0.0014667185874714939	-1.5831652538045304e-05	0.0004784115289071522	0.0008347742806702474	-0.0001339817099643703	0.00014920878509228075
0.00015777861239896218	0.00020733097222280783	0.0002807446001380498	0.00023380594569166746	0.0007904585266951258	0.0009595930797849928	0.00030288408693812663	-0.0008493416078276805
0.0007194632084164265	0.0010810625660280238	0.001092066794385671	-0.00020305985121082948	-0.000520138864012365	-0.0010375077060547078	0.0001156558882655645	-0.0006621134091548964
-0.0006535435818482149	0.002079612958947541	0.0017785701895181028	-7.824105209564003e-05	-0.0003329106653400249	-0.001224735904727492	-9.16291084962495e-06	-0.00022524761225239942
0.0014059666035488583	0.0021420223585049136	0.0005303821983679846	4.657774701910533e-05	4.154573200487732e-05	-0.0011623265051698972	0.0001156558882655645	0.00046125578287958824
-0.0003414965840611295	0.0023292505571772537	-0.002278040781718893	-0.0003902880498827255	-0.00027050126578243017	-0.0010999171056123025	-0.0003836193081943051	0.0003364369837650649
0.0005322350097436424	0.0005193779700101153	-0.00377586637109828	0.00023380594569166746	0.0007904585266951258	0.0008971836802278421	0.00030288408693812663	0.002208718970489132
0.0017804230008937605	-0.00022953482467946706	-0.004212732168001221	0.00010898714657714414	0.0007280491271375311	0.0010220024793421434	0.0001156558882655645	0.0018966719727020465
0.0004698256101860476	-0.0010408570189268662	-0.0047120073644610905	-1.5831652538045304e-05	0.0007904585266951258	0.00195814347270451	-9.16291084962495e-06	0.002208718970489132
0.0021548793982379966	-0.0014153134162715464	-0.00452477916578875	4.657774701910533e-05	0.0006656397275794923	0.0020205528722621047	5.3246488708413864e-05	0.0016470343744723337
3.2959813283994777e-05	-0.0004167630233520292	-0.0019659937839315855	0.00010898714657714414	0.0008528679262520544	0.0017085058744750192	-0.00025880050907911567	0.0003364369837650649
0.0012187384048765182	-0.0007288100211395587	-0.0013418997883567485	-0.00020305985121082948	-0.00027050126578243017	0.00039790848376775045	-0.0001339817099643703	0.0002740275842074702
-0.00027908718450353476	0.0003321497713375532	-0.00015612119676489122	4.657774701910533e-05	-0.0005825482635695156	-0.000975098306497113	-7.15723104063315e-05	-0.00028765701180999415
0.0007194632084164265	0.001829975360717162	0.001092066794385671	0.00017139654613473887	-8.327306711009008e-05	-0.0006630513087098056	0.000240474687380976	0.0002740275842074702
0.0014059666035488583	0.001829975360717162	-0.0006553963932243168	-1.5831652538045304e-05	-0.0003329106653400249	-0.001224735904727492	-7.15723104063315e-05	0.00014920878509228075
-0.0004039059836187242	0.0023916599567348484	-0.0009050339914544736	4.657774701910533e-05	0.0002911833302352562	-0.0012871453042841985	5.3246488708413864e-05	0.000710893381109523
0.001655604201778571	0.0010810625660280238	-0.0030269535764091415	0.00017139654613473887	0.0004160021293495575	-0.0005382325095950602	-9.16291084962495e-06	0.0012101685775696147
0.0004698256101860476	0.0001449215726652131	-0.004337550967115966	-1.5831652538045304e-05	0.0009152773258096492	0.000460317883324457	5.3246488708413864e-05	0.0015222155753571442
0.001655604201778571	-0.0006039912220243693	-0.0047120073644610905	-7.824105209564003e-05	0.0007904585266951258	0.0005851366824400905	-9.16291084962495e-06	0.001959081372259641
0.0005322350097436424	-0.001290494617156801	-0.005024054362248842	-1.5831652538045304e-05	0.001352143122711924	0.0018957340731478034	0.000240474687380976	0.001771853173586635
0.00209246999868129	-0.0012280852175996504	-0.0038382757706563186	-0.0002654692507684242	0.0006032303280223417	0.0010844118788997381	-0.0001339817099643703	0.0007733027806675619
-0.0003414965840611295	-0.0010408570189268662	-0.0011546715896844084	-7.824105209564003e-05	0.0002911833302352562	0.0008971836802278421	-7.15723104063315e-05	0.0002740275842074702
-0.0006535435818482149	0.0008314249677976449	0.0004679727988103899	-0.00014065045165323475	-2.0863667552495357e-05	2.3452086422626195e-05	-7.15723104063315e-05	-3.8019413580503425e-05
0.0012187384048765182	0.0019547941598323515	0.001716160789960064	0.000358624744807301	-8.327306711009008e-05	-0.0006006419091522108	0.00036529348649572135	-0.00022524761225239942
-0.00027908718450353476	0.0017051565616024167	0.00034315399969520044	-0.0002654692507684242	-0.00045772946445521434	-0.0009126889069399624	-0.00019639110952196503	-0.00028765701180999415
0.0012811478044336688	0.002454069356292443	-9.371179720685241e-05	0.00023380594569166746	-0.00020809186622483544	-0.0012871453042841985	5.3246488708413864e-05	0.0008357121802251566
-0.0001542683853883453	0.0020172035593899462	-0.001217080989241559	4.657774701910533e-05	0.0002287739306776615	-0.0007254607082674003	-0.0003212099086367104	0.0010853497784544253
0.0017180136013361658	0.00020733097222280783	-0.003963094569770842	-0.0002654692507684242	0.0008528679262520544	0.0006475460819972412	5.3246488708413864e-05	0.001959081372259641
0.00015777861239896218	2.0102773550467745e-05	-0.0042751415675583715	-7.824105209564003e-05	0.0007280491271375311	0.0012716400775725223	-0.0001339817099643703	0.0017094437740294843
0.0018428324004509111	-0.0010408570189268662	-0.004836826163576058	0.00017139654613473887	0.001352143122711924	0.0025198280687221963	0.00030288408693812663	0.0024583565687190667
0.0012811478044336688	-0.0016025416149438865	-0.0036510475719839786	-0.0002654692507684242	0.00035359272979196277	0.0011468212784573328	-0.00025880050907911567	0.0010229403788970526
-9.185898583075058e-05	-0.0006039912220243693	-0.0013418997883567485	0.00010898714657714414	0.0007280491271375311	0.001521277675802235	0.0001156558882655645	0.0010853497784544253
0.0017180136013361658	8.251217310806247e-05	-0.00015612119676489122	0.00023380594569166746	0.0004784115289071522	0.0012092306780149276	0.000240474687380976	0.0006484839815523724
-0.0010279999791935612	0.0012682907647003638	0.0011544761939423775	-0.0002654692507684242	-0.0007073670626847051	-0.0007254607082674003	-0.00025880050907911567	-0.0007245228087124911
0.0009691008066461393	0.0019547941598323515	0.0014041137921727564	-1.5831652538045304e-05	-0.000957004660915306	-0.0012871453042841985	-9.16291084962495e-06	0.00014920878509228075
-9.185898583075058e-05	0.002266841157620103	0.0004679727988103899	-0.00014065045165323475	-0.00020809186622483544	-0.0010999171056123025	0.000240474687380976	0.00046125578287958824
0.0012811478044336688	0.002454069356292443	-3.130239764947973e-05	-0.00020305985121082948	0.00010395513156269409	-0.00041341371047987074	-0.0001339817099643703	0.0008981215797818631
-0.00021667778494594003	0.0010810625660280238	-0.003963094569770842	0.00017139654613473887	0.0005408209284647469	0.0005851366824400905	-9.16291084962495e-06	0.0015846249749142949
0.00015777861239896218	-0.0004167630233520292	-0.004212732168001221	0.00010898714657714414	0.0012273243235976228	0.0011468212784573328	0.00017806528782338127	0.001959081372259641
0.0019676511995661006	-0.001727360414059076	-0.005148873161363587	-7.824105209564003e-05	0.0007904585266951258	0.0014588682762446403	-0.0001339817099643703	0.0014598061757995495
0.00022018801195677895	-0.0016025416149438865	-0.004212732168001221	-0.00014065045165323475	0.0011025055244824333	0.0017709152740321699	-7.15723104063315e-05	0.0016470343744723337
0.0012811478044336688	-0.0009160382198114547	-0.002278040781718893	0.00010898714657714414	0.0007280491271375311	0.0010844118788997381	5.3246488708413864e-05	0.0008357121802251566
0.00015777861239896218	-0.0002919442242370618	-0.0007802151923392842	0.00017139654613473887	0.0007904585266951258	0.0012092306780149276	-7.15723104063315e-05	-0.00022524761225239942
0.0012187384048765182	0.0005193779700101153	3.1107001908114995e-05	-7.824105209564003e-05	-0.0007073670626847051	-0.0010999171056123025	-0.0003212099086367104	-0.000537294610040151
-0.0008407717805212211	0.0017675659611604555	0.0010296573948280763	0.00042103414436445163	-2.0863667552495357e-05	-0.00041341371047987074	0.00030288408693812663	0.0003988463833219935
0.001655604201778571	0.0020172035593899462	-0.0008426245918968789	-7.824105209564003e-05	-0.00020809186622483544	-0.0007254607082674003	-7.15723104063315e-05	0.0006484839815523724
0.0012811478044336688	0.0006441967691253048	-0.0028397253777363574	4.657774701910533e-05	-0.00020809186622483544	-0.00010136671269234121	-9.16291084962495e-06	0.0010853497784544253
0.0007818726079735772	-0.0004167630233520292	-0.0057729671569384244	-7.824105209564003e-05	0.0006032303280223417	0.0013964588766877117	-0.00019639110952196503	0.0023335377696047654
0.00227969819735363	-0.0001047160255647217	-0.005835376556496019	0.0002962153452492622	0.001164914924039584	0.0010844118788997381	0.00017806528782338127	0.002832812966064413
-2.9449586273599948e-05	-0.0004167630233520292	-0.00552332955870849	-0.0002654692507684242	0.0009152773258096492	0.0009595930797849928	-0.00019639110952196503	0.002645584767391851
0.0021548793982379966	-0.0008536288202547482	-0.005585738958266084	4.657774701910533e-05	0.0008528679262520544	0.0018957340731478034	0.00036529348649572135	0.002645584767391851
0.0005946444093012371	-0.00022953482467946706	-0.003963094569770842	0.00023380594569166746	0.0002911833302352562	0.0006475460819972412	-0.00025880050907911567	0.0008357121802251566
0.0015931948022211984	-0.0007288100211395587	-0.0032765911746388543	-0.00014065045165323475	0.0005408209284647469	0.0008971836802278421	-9.16291084962495e-06	0.0009605309793394579
0.0004698256101860476	-0.0006039912220243693	-0.0007802151923392842	-1.5831652538045304e-05	-2.0863667552495357e-05	-3.895731313496853e-05	-0.00019639110952196503	2.43899859770913e-05
-0.0003414965840611295	0.0008938343673552396	0.0005303821983679846	0.00017139654613473887	0.0002287739306776615	0.00021068028509496628	0.000240474687380976	0.0003364369837650649
0.001468376003106009	0.0005193779700101153	-0.0009674433910120683	-7.824105209564003e-05	-0.0003329106653400249	2.3452086422626195e-05	-7.15723104063315e-05	0.00021161818464943138
-0.00021667778494594003	0.0009562437669123902	-0.001653946786144278	-1.5831652538045304e-05	-0.00020809186622483544	2.3452086422626195e-05	-7.15723104063315e-05	0.0008357121802251566
0.0019052418000085058	8.251217310806247e-05	-0.003151772375523887	0.00017139654613473887	0.0002911833302352562	0.0007723648811124306	0.00017806528782338127	0.0018966719727020465
0.0004698256101860476	-0.0004167630233520292	-0.004399960366673561	-0.00014065045165323475	0.0006656397275794923	0.001334049477130117	-0.00019639110952196503	0.0016470343744723337
0.001468376003106009	-0.0002919442242370618	-0.004462369766230712	-1.5831652538045304e-05	0.0007904585266951258	0.0017085058744750192	-7.15723104063315e-05	0.002021490771817236
0.00028259741151415163	-0.0008536288202547482	-0.004587188565345901	4.657774701910533e-05	0.0007280491271375311	0.0013964588766877117	5.3246488708413864e-05	0.0017094437740294843
0.00209246999868129	-0.0007288100211395587	-0.0020284031834891803	-0.00014065045165323475	0.0006656397275794923	0.0007099554815548359	-9.16291084962495e-06	0.0010229403788970526
0.0012811478044336688	-0.0003543536237946565	-0.0013418997883567485	-7.824105209564003e-05	-2.0863667552495357e-05	0.0005851366824400905	-0.00025880050907911567	0.0002740275842074702
3.2959813283994777e-05	0.0007066061686828995	0.00040556339925279516	0.00017139654613473887	0.0004160021293495575	0.0006475460819972412	0.00030288408693812663	0.000523665182437627
0.0008442820075309498	0.0012682907647003638	0.0010296573948280763	-1.5831652538045304e-05	-0.0005825482635695156	-0.0008502795073825897	-9.16291084962495e-06	-0.000537294610040151
-0.00027908718450353476	0.0009562437669123902	-3.130239764947973e-05	-0.00020305985121082948	-0.0006449576631279985	-0.0002885949113646813	-0.00019639110952196503	0.0006484839815523724
0.001655604201778571	0.0012682907647003638	-0.0007802151923392842	0.00023380594569166746	-2.0863667552495357e-05	2.3452086422626195e-05	-9.16291084962495e-06	0.0008357121802251566
-0.0005911341822906202	0.0011434719655851744	-0.001653946786144278	-7.824105209564003e-05	0.00016636453112006677	0.000460317883324457	-0.00019639110952196503	0.0012725779771267653
0.0017180136013361658	8.251217310806247e-05	-0.003963094569770842	-1.5831652538045304e-05	0.000977686725367688	0.0010844118788997381	5.3246488708413864e-05	0.002208718970489132
0.0004074162106293411	2.0102773550467745e-05	-0.004836826163576058	-1.5831652538045304e-05	0.0006656397275794923	0.0005851366824400905	-7.15723104063315e-05	0.001771853173586635
0.0006570538088588318	-0.0005415818224667746	-0.004899235563133653	-7.824105209564003e-05	0.0010400961249248386	0.001334049477130117	5.3246488708413864e-05	0.0020839001713743865
0.0019052418000085058	-4.230662600668289e-05	-0.00377586637109828	4.657774701910533e-05	0.0008528679262520544	0.0007099554815548359	-9.16291084962495e-06	0.0016470343744723337
-0.0001542683853883453	0.00045696857045274264	-0.0018411749848168402	-7.824105209564003e-05	0.0008528679262520544	0.00039790848376775045	-9.16291084962495e-06	0.0009605309793394579
0.0017804230008937605	0.0001449215726652131	-0.001029852790569663	-1.5831652538045304e-05	0.00035359272979196277	0.00021068028509496628	5.3246488708413864e-05	-3.8019413580503425e-05
-0.0004039059836187242	0.001205881365142547	0.0005303821983679846	4.657774701910533e-05	0.00010395513156269409	-0.0002885949113646813	0.0001156558882655645	-0.0004748852104825563
0.0011563290053184794	0.0012682907647003638	0.001092066794385671	0.00017139654613473887	-0.00027050126578243017	2.3452086422626195e-05	-9.16291084962495e-06	-3.8019413580503425e-05
3.2959813283994777e-05	0.0008938343673552396	-0.00015612119676489122	0.00017139654613473887	-2.0863667552495357e-05	-0.00016377611224993593	-9.16291084962495e-06	0.00021161818464943138
0.0013435572039912635	0.0009562437669123902	-0.0021532219826039256	-7.824105209564003e-05	0.00035359272979196277	0.0005227272828829399	-9.16291084962495e-06	0.0006484839815523724
0.0019052418000085058	-0.0007288100211395587	-0.0040879133688864755	-7.824105209564003e-05	0.0004784115289071522	0.0010220024793421434	-7.15723104063315e-05	0.00114775917801202
-2.9449586273599948e-05	-0.0003543536237946565	-0.004212732168001221	-0.00014065045165323475	0.0007904585266951258	0.0011468212784573328	-7.15723104063315e-05	0.0017094437740294843
0.0021548793982379966	-0.0005415818224667746	-0.004212732168001221	0.000358624744807301	0.0010400961249248386	0.0017085058744750192	0.000427702886052872	0.002021490771817236
0.00015777861239896218	-0.0010408570189268662	-0.00452477916578875	-0.00032787865032513075	0.0006656397275794923	0.0013964588766877117	-0.0003836193081943051	0.0010229403788970526
0.0015307854026636036	2.0102773550467745e-05	-0.002278040781718893	4.657774701910533e-05	0.0006656397275794923	0.0005851366824400905	0.0001156558882655645	0.0008981215797818631
-2.9449586273599948e-05	0.0003945591708951479	-0.0008426245918968789	4.657774701910533e-05	0.00010395513156269409	0.000273089684652561	0.00017806528782338127	0.00046125578287958824
0.0015931948022211984	0.0007066061686828995	9.351640146570972e-05	-0.0002654692507684242	-0.0006449576631279985	-0.0009126889069399624	-0.0001339817099643703	-0.0004124758109251836
-0.0008407717805212211	0.0015803377624876713	0.0010296573948280763	0.0002962153452492622	-0.0005825482635695156	-0.00041341371047987074	0.000240474687380976	0.00014920878509228075
-2.9449586273599948e-05	0.001642747162045266	-0.0003433493954372313	-0.00014065045165323475	-0.000520138864012365	-0.00022618551180753066	-0.0001339817099643703	0.000523665182437627
0.0011563290053184794	0.001205881365142547	-0.0013418997883567485	-7.824105209564003e-05	-0.00045772946445521434	-0.0004758231100370214	-0.0001339817099643703	0.0003988463833219935
0.00034500681107130227	0.0005817873695679321	-0.003151772375523887	4.657774701910533e-05	0.0002911833302352562	0.0008971836802278421	0.00017806528782338127	0.0018342625731446738
0.0019052418000085058	8.251217310806247e-05	-0.004961644962690803	0.00010898714657714414	0.0004784115289071522	0.0008971836802278421	-7.15723104063315e-05	0.0024583565687190667
0.00028259741151415163	0.00026974037178040255	-0.004836826163576058	0.00010898714657714414	0.0010400961249248386	0.0010844118788997381	-0.00025880050907911567	0.0018966719727020465
0.0020300605991236953	-0.0009784476193694935	-0.005835376556496019	-0.0002654692507684242	0.0011025055244824333	0.0011468212784573328	5.3246488708413864e-05	0.0023335377696047654
0.0004698256101860476	2.0102773550467745e-05	-0.004337550967115966	0.00023380594569166746	0.0009152773258096492	0.00021068028509496628	0.000240474687380976	0.0012725779771267653
0.001655604201778571	0.0006441967691253048	-0.0013418997883567485	-0.0003902880498827255	-2.0863667552495357e-05	-0.0004758231100370214	-0.0003836193081943051	0.0005860745819947777
0.0013435572039912635	0.0019547941598323515	0.00021833520058089917	4.657774701910533e-05	-8.327306711009008e-05	-0.0010999171056123025	0.0001156558882655645	0.000523665182437627
-0.0006535435818482149	0.002703706954521934	0.0004679727988103899	-0.00014065045165323475	-0.0007697764622422998	-0.0014743735029567606	-7.15723104063315e-05	0.0002740275842074702
0.0018428324004509111	0.0027661163540799727	-0.0009050339914544736	0.00017139654613473887	-0.0005825482635695156	-0.000975098306497113	0.0001156558882655645	0.00114775917801202
9.536921284136746e-05	0.0030781633518677243	-0.0021532219826039256	4.657774701910533e-05	-0.00027050126578243017	-0.0008502795073825897	0.00017806528782338127	0.0022711283700467266
0.0017804230008937605	0.0023292505571772537	-0.004150322768443626	4.657774701910533e-05	-0.00045772946445521434	-0.00041341371047987074	-7.15723104063315e-05	0.0035193163611968448
0.0009066914070892107	0.0009562437669123902	-0.0065842893511856015	-7.824105209564003e-05	0.0002911833302352562	0.0007099554815548359	-0.00019639110952196503	0.003269678762966244
0.0019676511995661006	0.00045696857045274264	-0.007208383346760883	-7.824105209564003e-05	0.0007904585266951258	0.0014588682762446403	-9.16291084962495e-06	0.0033944975620818774
0.0005322350097436424	2.0102773550467745e-05	-0.006709108150300791	0.00023380594569166746	0.001164914924039584	0.0018333246735902087	0.0001156558882655645	0.0030824505642939037
0.00028259741151415163	-0.00016712542512231643	-0.004462369766230712	-0.0002654692507684242	0.000977686725367688	0.0006475460819972412	-0.00025880050907911567	0.0020839001713743865
0.001655604201778571	0.00026974037178040255	-0.00234045018127671	-1.5831652538045304e-05	0.0006656397275794923	-0.000351004310922276	-9.16291084962495e-06	0.0008981215797818631
0.0004074162106293411	0.0011434719655851744	-0.0011546715896844084	0.00010898714657714414	0.0005408209284647469	-0.00041341371047987074	0.00017806528782338127	0.0010853497784544253
0.0012811478044336688	0.0022044317580625084	-0.00040575879499438194	-7.824105209564003e-05	-0.00027050126578243017	-0.0020984674985322638	-0.00025880050907911567	0.0012101685775696147
3.2959813283994777e-05	0.0032029821509820255	-0.0009050339914544736	-1.5831652538045304e-05	-0.00020809186622483544	-0.0016616017016295448	-0.0001339817099643703	0.002208718970489132
0.0019052418000085058	0.0032029821509820255	-0.003588638172426384	-1.5831652538045304e-05	0.00010395513156269409	-0.0006006419091522108	0.000240474687380976	0.0035193163611968448
0.00034500681107130227	0.0033902103496548097	-0.004836826163576058	-7.824105209564003e-05	4.154573200487732e-05	0.00021068028509496628	-0.0001339817099643703	0.0037689539594263355
0.0024045169964683755	0.0019547941598323515	-0.008456571337910335	-1.5831652538045304e-05	0.0007904585266951258	0.0012716400775725223	0.00017806528782338127	0.004580276153673957
0.0023421075969107807	0.0005817873695679321	-0.007957296141450465	-1.5831652538045304e-05	0.0004784115289071522	0.0008347742806702474	-0.0001339817099643703	0.003456906961639028
0.0012187384048765182	-0.00022953482467946706	-0.006771517549858386	0.00017139654613473887	0.0014145525222695188	0.0018333246735902087	0.000240474687380976	0.0033944975620818774
0.0024045169964683755	-0.0006039912220243693	-0.005211282560921182	-0.00020305985121082948	0.0008528679262520544	0.0005227272828829399	-0.00025880050907911567	0.0018342625731446738
9.536921284136746e-05	0.0003321497713375532	-0.00234045018127671	-0.00014065045165323475	0.0008528679262520544	-0.00022618551180753066	-0.00019639110952196503	0.0010229403788970526
0.00227969819735363	0.001205881365142547	-0.0009050339914544736	0.000545852943479197	0.000977686725367688	-0.0002885949113646813	-0.0003836193081943051	0.0003988463833219935
-0.0003414965840611295	0.0017051565616024167	-0.0012794903887991538	-0.0004526974494403202	-0.0003329106653400249	-0.0025977426949914673	-9.16291084962495e-06	0.0009605309793394579
0.0012811478044336688	0.003327800950097215	-0.0010922621901263696	-7.824105209564003e-05	-0.0003329106653400249	-0.0015991923020721721	-0.0001339817099643703	0.0025207659682771055
0.00028259741151415163	0.0033902103496548097	-0.00552332955870849	0.00017139654613473887	4.154573200487732e-05	-0.001224735904727492	0.00017806528782338127	0.003456906961639028
0.0004074162106293411	0.0030157539523092414	-0.0070211551480878764	-1.5831652538045304e-05	0.00016636453112006677	-0.0007878701078243289	-7.15723104063315e-05	0.0038313633589843743
0.002966201592486062	0.0013307001642577365	-0.009143074733042322	4.657774701910533e-05	0.0006656397275794923	0.0005227272828829399	-7.15723104063315e-05	0.004081000957213865
0.0013435572039912635	0.0009562437669123902	-0.008643799536582453	0.00010898714657714414	0.0012273243235976228	0.0012092306780149276	0.0001156558882655645	0.004268229155886427
0.00246692639602597	8.251217310806247e-05	-0.007208383346760883	0.00010898714657714414	0.0012273243235976228	0.0007723648811124306	5.3246488708413864e-05	0.0024583565687190667
0.0012811478044336688	-0.00047917242290917983	-0.006334651752955889	-7.824105209564003e-05	0.0014145525222695188	0.0009595930797849928	5.3246488708413864e-05	0.0014598061757995495
0.0023421075969107807	0.0003321497713375532	-0.003963094569770842	0.00010898714657714414	0.000977686725367688	-0.0010375077060547078	-9.16291084962495e-06	0.0008981215797818631
0.00015777861239896218	0.0010810625660280238	-0.002090812583046331	-7.824105209564003e-05	0.00035359272979196277	-0.0016616017016295448	-9.16291084962495e-06	0.0010229403788970526
0.0019676511995661006	0.0018923847602747568	-0.0021532219826039256	-1.5831652538045304e-05	-2.0863667552495357e-05	-0.002472923895876722	-9.16291084962495e-06	0.0016470343744723337
0.0017180136013361658	0.004076713744786797	-0.003339000574196005	4.657774701910533e-05	-0.00045772946445521434	-0.002472923895876722	-7.15723104063315e-05	0.0021463095709319813
0.0007818726079735772	0.0038270761465573067	-0.00571055775738083	-1.5831652538045304e-05	-8.327306711009008e-05	-0.0013495547038422373	5.3246488708413864e-05	0.0035817257607539954
0.0021548793982379966	0.003702257347442117	-0.006646698750743196	4.657774701910533e-05	4.154573200487732e-05	-0.0012871453042841985	-9.16291084962495e-06	0.003644135160312034
0.0009691008066461393	0.002079612958947541	-0.007957296141450465	-7.824105209564003e-05	0.0004160021293495575	-3.895731313496853e-05	-9.16291084962495e-06	0.0035817257607539954
0.00315342979115818	0.0006441967691253048	-0.008706208936140714	4.657774701910533e-05	0.0008528679262520544	0.0007723648811124306	-7.15723104063315e-05	0.0027704035665068183
0.0009066914070892107	8.251217310806247e-05	-0.007333202145875184	-0.00020305985121082948	0.0010400961249248386	0.0008971836802278421	5.3246488708413864e-05	0.002021490771817236
0.002716563994255683	-0.0006039912220243693	-0.006334651752955889	0.00010898714657714414	0.0015393713213844862	0.0008347742806702474	0.00017806528782338127	0.001959081372259641
0.0010939196057613287	-0.00047917242290917983	-0.0028397253777363574	-0.00014065045165323475	0.0004160021293495575	-0.0010999171056123025	-0.00019639110952196503	0.000523665182437627
3.2959813283994777e-05	0.001205881365142547	-0.002527678379949272	-0.00032787865032513075	0.0002287739306776615	-0.0012871453042841985	-0.0003212099086367104	0.0007733027806675619
0.0019676511995661006	0.0028285257536373454	-0.002090812583046331	0.0002962153452492622	0.0004160021293495575	-0.0014743735029567606	0.00036529348649572135	0.0017094437740294843
-0.0005911341822906202	0.00357743854832715	-0.0022156313821615203	-0.0003902880498827255	-0.0006449576631279985	-0.002722561494107101	-0.0003836193081943051	0.0014598061757995495
0.0020300605991236953	0.003515029148769555	-0.003963094569770842	-1.5831652538045304e-05	-0.0006449576631279985	-0.0017864205007442902	5.3246488708413864e-05	0.0033320881625238385
0.0006570538088588318	0.00357743854832715	-0.00552332955870849	4.657774701910533e-05	-0.0003329106653400249	-0.0010375077060547078	0.00017806528782338127	0.003269678762966244
0.0021548793982379966	0.002953344552752535	-0.006022604755167915	0.00017139654613473887	4.154573200487732e-05	0.000460317883324457	-0.0003212099086367104	0.0031448599638514985
0.0009066914070892107	0.0008938343673552396	-0.00801970554100806	0.00010898714657714414	0.0005408209284647469	0.0009595930797849928	-9.16291084962495e-06	0.003020041164737197
0.0026541545946985323	0.0001449215726652131	-0.005897785956053614	0.00017139654613473887	0.0014769619218271135	0.0011468212784573328	0.000240474687380976	0.002583175367834256
0.0023421075969107807	-0.001290494617156801	-0.006147423554283105	-0.00032787865032513075	0.0006656397275794923	0.00033549908421015573	-0.0003836193081943051	0.0012725779771267653
0.0005946444093012371	-4.230662600668289e-05	-0.00377586637109828	4.657774701910533e-05	0.0012273243235976228	8.586148598022092e-05	0.0001156558882655645	0.0014598061757995495
0.0015931948022211984	0.0006441967691253048	-0.0019035843843744349	4.657774701910533e-05	0.0008528679262520544	-0.001224735904727492	5.3246488708413864e-05	0.00046125578287958824
0.00015777861239896218	0.0012682907647003638	-0.0017163561857016507	-7.824105209564003e-05	0.0006032303280223417	-0.001411964103399388	5.3246488708413864e-05	0.0005860745819947777
0.0013435572039912635	0.002516478755849594	-0.0011546715896844084	4.657774701910533e-05	0.00010395513156269409	-0.0025977426949914673	-0.0001339817099643703	0.0010229403788970526
-0.0004039059836187242	0.003140572751424875	-0.0017163561857016507	-7.824105209564003e-05	0.0006032303280223417	-0.0007878701078243289	0.0004901122856104667	0.002645584767391851
0.0027789733938132777	0.0033902103496548097	-0.0030269535764091415	-0.0003902880498827255	-0.0003329106653400249	-0.0014743735029567606	-0.00019639110952196503	0.002395947169161916
9.536921284136746e-05	0.0025788881554076326	-0.0065842893511856015	-1.5831652538045304e-05	-0.0003329106653400249	-0.0004758231100370214	-0.00019639110952196503	0.002645584767391851
0.0014059666035488583	0.0007066061686828995	-0.007894886741893092	0.00010898714657714414	0.0006656397275794923	0.0013964588766877117	0.00017806528782338127	0.0038313633589843743
0.0022172887977964795	0.00020733097222280783	-0.007707658543220752	-7.824105209564003e-05	0.0002287739306776615	0.000460317883324457	-0.00025880050907911567	0.0028952223656220077
0.0009691008066461393	8.251217310806247e-05	-0.0063970611525134835	0.00017139654613473887	0.001164914924039584	0.0012716400775725223	0.000240474687380976	0.0030824505642939037
0.00246692639602597	-0.0006039912220243693	-0.00596019535561032	-7.824105209564003e-05	0.0007904585266951258	0.0006475460819972412	-9.16291084962495e-06	0.0013973967762419548
0.00022018801195677895	0.0005193779700101153	-0.002902134777293508	-7.824105209564003e-05	0.0011025055244824333	-0.0006630513087098056	-0.0001339817099643703	0.0003364369837650649
0.001468376003106009	0.0008314249677976449	-0.0014667185874714939	-1.5831652538045304e-05	0.0009152773258096492	-0.0014743735029567606	0.00036529348649572135	0.0008357121802251566
0.0004074162106293411	0.0017051565616024167	-0.0003433493954372313	-0.00020305985121082948	-0.0003953200648976196	-0.003284246090124343	-0.0003212099086367104	-0.0004748852104825563
0.0008442820075309498	0.002266841157620103	-0.0012794903887991538	-1.5831652538045304e-05	-0.00045772946445521434	-0.0021608768980894144	-7.15723104063315e-05	0.0007733027806675619
0.0022172887977964795	0.0025788881554076326	-0.0034014099737535997	0.000358624744807301	-2.0863667552495357e-05	-0.000975098306497113	0.00036529348649572135	0.0020839001713743865
-0.00021667778494594003	0.0018923847602747568	-0.005148873161363587	-0.0003902880498827255	-0.00045772946445521434	-0.0010375077060547078	-0.00019639110952196503	0.002208718970489132
0.0022172887977964795	0.0008314249677976449	-0.007145973947203288	-7.824105209564003e-05	-0.00020809186622483544	0.0005227272828829399	-0.0001339817099643703	0.0030824505642939037
0.001031510206203734	0.00045696857045274264	-0.0082069337396804	0.00010898714657714414	0.0004160021293495575	0.0017085058744750192	0.00017806528782338127	0.0033944975620818774
0.00227969819735363	0.0003321497713375532	-0.007145973947203288	0.00023380594569166746	0.0004784115289071522	0.0011468212784573328	-7.15723104063315e-05	0.002832812966064413
0.0009066914070892107	-0.0003543536237946565	-0.006709108150300791	-0.00020305985121082948	0.0006032303280223417	2.3452086422626195e-05	-7.15723104063315e-05	0.0020839001713743865
0.0019676511995661006	8.251217310806247e-05	-0.004774416764018463	0.00017139654613473887	0.000977686725367688	-0.0009126889069399624	0.000240474687380976	0.0012725779771267653
9.536921284136746e-05	0.0013931095638153312	-0.0009050339914544736	-0.0002654692507684242	4.154573200487732e-05	-0.0020984674985322638	-0.0003212099086367104	0.00021161818464943138
-0.0001542683853883453	0.0026412975549652273	0.0005927915979255793	4.657774701910533e-05	0.00016636453112006677	-0.0025977426949914673	5.3246488708413864e-05	0.0002740275842074702
0.001031510206203734	0.0030781633518677243	0.0010296573948280763	0.00017139654613473887	-0.00045772946445521434	-0.0030346084918941862	0.00017806528782338127	-3.8019413580503425e-05
-0.00027908718450353476	0.002079612958947541	-0.0018411749848168402	-0.0004526974494403202	-0.000957004660915306	-0.0022856956972041598	-0.0003836193081943051	0.000523665182437627
0.0019052418000085058	0.0022044317580625084	-0.0034638193733111944	0.00023380594569166746	-0.0003329106653400249	-0.000975098306497113	0.00036529348649572135	0.002583175367834256
9.536921284136746e-05	0.001205881365142547	-0.006085014154725954	-7.824105209564003e-05	-0.0003329106653400249	2.3452086422626195e-05	0.0001156558882655645	0.003456906961639028
0.0026541545946985323	-0.0002919442242370618	-0.008581390137025524	0.00017139654613473887	0.0006032303280223417	0.0013964588766877117	-7.15723104063315e-05	0.003644135160312034
0.0006570538088588318	-0.00047917242290917983	-0.008643799536582453	4.657774701910533e-05	0.0006032303280223417	0.0009595930797849928	-7.15723104063315e-05	0.0029576317651796025
0.0020300605991236953	-0.0005415818224667746	-0.0065842893511856015	-1.5831652538045304e-05	0.0012273243235976228	0.0008347742806702474	0.00017806528782338127	0.003020041164737197
0.0018428324004509111	0.0009562437669123902	-0.0039006851702136913	-7.824105209564003e-05	0.0008528679262520544	-0.001411964103399388	-0.0001339817099643703	0.0016470343744723337
-9.185898583075058e-05	0.002079612958947541	-0.0015915373865864613	-7.824105209564003e-05	0.0005408209284647469	-0.0025353332954347607	-9.16291084962495e-06	0.0007733027806675619
0.0017804230008937605	0.0027661163540799727	-0.0008426245918968789	4.657774701910533e-05	0.0002911833302352562	-0.002909789692779441	-9.16291084962495e-06	0.0006484839815523724
-0.00027908718450353476	0.003951894945672496	0.0005303821983679846	0.00023380594569166746	0.0004160021293495575	-0.0032218366905669704	0.00030288408693812663	0.0003988463833219935
0.0010939196057613287	0.003140572751424875	-0.0015291279870290886	-0.00020305985121082948	-0.0008945952613572672	-0.0034090648892395325	-9.16291084962495e-06	0.0020839001713743865
0.0005322350097436424	0.002516478755849594	-0.004337550967115966	-7.824105209564003e-05	-8.327306711009008e-05	-0.0007254607082674003	5.3246488708413864e-05	0.002583175367834256
0.0019676511995661006	0.0018923847602747568	-0.005835376556496019	-1.5831652538045304e-05	0.0004160021293495575	0.0010220024793421434	5.3246488708413864e-05	0.003456906961639028
0.0006570538088588318	0.0005193779700101153	-0.009767168728617603	-0.00014065045165323475	0.00035359272979196277	0.001521277675802235	-0.0001339817099643703	0.003644135160312034
0.0006570538088588318	-4.230662600668289e-05	-0.008893437134812832	-7.824105209564003e-05	0.0006032303280223417	0.0012092306780149276	-0.0001339817099643703	0.003706544559869185
0.002903792192928467	0.00020733097222280783	-0.007894886741893092	0.0002962153452492622	0.0011025055244824333	0.0010844118788997381	0.00030288408693812663	0.003644135160312034
0.0009066914070892107	0.0014555189633724819	-0.006334651752955889	-0.00014065045165323475	0.0007904585266951258	-0.0004758231100370214	-7.15723104063315e-05	0.0030824505642939037
0.0017180136013361658	0.003327800950097215	-0.0036510475719839786	-1.5831652538045304e-05	0.00035359272979196277	-0.002660152094549506	-0.0001339817099643703	0.0027079941669492236
0.0004074162106293411	0.004638398340804928	-0.002964544176851547	-1.5831652538045304e-05	-2.0863667552495357e-05	-0.002847380293221846	0.000240474687380976	0.003020041164737197
0.0022172887977964795	0.006073814530626942	-0.0030269535764091415	0.0002962153452492622	-0.0012690516587023914	-0.0036587024874690233	-7.15723104063315e-05	0.0029576317651796025
3.2959813283994777e-05	0.006448270927972066	-0.0034638193733111944	4.657774701910533e-05	-0.0013314610582599862	-0.0019736486994170743	-7.15723104063315e-05	0.0033320881625238385
0.0023421075969107807	0.004763217139919673	-0.0063970611525134835	0.00017139654613473887	-0.00027050126578243017	-0.0005382325095950602	0.000240474687380976	0.0038313633589843743
0.0019052418000085058	0.0012682907647003638	-0.007458020944990373	-0.0002654692507684242	-0.00045772946445521434	-0.0006006419091522108	-0.00025880050907911567	0.002583175367834256
0.0013435572039912635	-0.00022953482467946706	-0.009267893532157512	-1.5831652538045304e-05	0.0004160021293495575	0.001334049477130117	5.3246488708413864e-05	0.0033944975620818774
0.002903792192928467	-0.00022953482467946706	-0.009642349929502414	0.00017139654613473887	0.0007280491271375311	0.0012716400775725223	5.3246488708413864e-05	0.0035817257607539954
0.0007818726079735772	0.0006441967691253048	-0.008955846534370426	-1.5831652538045304e-05	0.000977686725367688	0.0005851366824400905	5.3246488708413864e-05	0.0037689539594263355
0.0028413827933708724	0.0015179283629300766	-0.009392712331272701	-7.824105209564003e-05	0.0005408209284647469	-0.00041341371047987074	-7.15723104063315e-05	0.00395618215809912
0.0007194632084164265	0.0038894855461149014	-0.007770067942777903	-7.824105209564003e-05	0.0007904585266951258	-0.0034090648892395325	0.000240474687380976	0.003456906961639028
0.0024045169964683755	0.005449720535052105	-0.005897785956053614	-0.00020305985121082948	0.00016636453112006677	-0.00422038708348671	-0.0001339817099643703	0.003269678762966244
0.0008442820075309498	0.005699358133281596	-0.004774416764018463	0.00010898714657714414	4.154573200487732e-05	-0.004719662279946579	0.0001156558882655645	0.0028952223656220077
0.0007194632084164265	0.005886586331953936	-0.004836826163576058	0.00010898714657714414	0.0002287739306776615	-0.0034090648892395325	0.00030288408693812663	0.0031448599638514985
0.002529335795583787	0.00357743854832715	-0.007770067942777903	-0.00032787865032513075	-0.0007073670626847051	-0.002722561494107101	-0.0003836193081943051	0.0025207659682771055
0.0007818726079735772	0.002703706954521934	-0.008269343139237995	-0.00020305985121082948	-0.0001456824666676848	-0.0013495547038422373	-0.00019639110952196503	0.0031448599638514985
0.002903792192928467	0.0008938343673552396	-0.009579940529945263	0.00017139654613473887	0.0004784115289071522	0.0005227272828829399	0.00017806528782338127	0.0035193163611968448
0.0013435572039912635	-0.0006039912220243693	-0.012076316512244833	-0.0003902880498827255	0.0002287739306776615	0.0011468212784573328	0.0001156558882655645	0.0042058197563290545
0.002903792192928467	0.00026974037178040255	-0.011077766119325094	0.00017139654613473887	0.0012273243235976228	0.0008971836802278421	0.00017806528782338127	0.004455457354558767
0.001468376003106009	0.0008938343673552396	-0.011389813117112402	-7.824105209564003e-05	0.0007904585266951258	-0.0008502795073825897	-7.15723104063315e-05	0.004330638555444022
0.00315342979115818	0.0022044317580625084	-0.009018255933928021	-0.0002654692507684242	0.0007280491271375311	-0.0030346084918941862	-0.00025880050907911567	0.0037689539594263355
0.0028413827933708724	0.005636948733724445	-0.007458020944990373	0.00042103414436445163	0.0008528679262520544	-0.003284246090124343	0.000427702886052872	0.00395618215809912
0.001031510206203734	0.006011405131069347	-0.007208383346760883	-0.00020305985121082948	0.00035359272979196277	-0.004345205882601455	-0.0001339817099643703	0.0035817257607539954
0.0019676511995661006	0.006323452128856433	-0.006147423554283105	-0.00014065045165323475	-0.0001456824666676848	-0.0050941186772914815	-0.0001339817099643703	0.002583175367834256
0.0014059666035488583	0.0053249017359369155	-0.006709108150300791	0.0002962153452492622	0.00035359272979196277	-0.0027849708936642514	0.00030288408693812663	0.003269678762966244
0.002903792192928467	0.0032653915505396203	-0.008955846534370426	4.657774701910533e-05	-8.327306711009008e-05	-0.002036058098974669	-0.0001339817099643703	0.003269678762966244
0.0009066914070892107	0.0020172035593899462	-0.009579940529945263	-0.00020305985121082948	-8.327306711009008e-05	0.0010220024793421434	-0.00019639110952196503	0.0035193163611968448
0.002966201592486062	-0.00016712542512231643	-0.012263544710917618	0.00017139654613473887	0.0009152773258096492	0.0022701904704920395	0.00030288408693812663	0.004705094952789146
0.0019676511995661006	-0.00022953482467946706	-0.012325954110474324	-1.5831652538045304e-05	0.0004784115289071522	0.0012716400775725223	5.3246488708413864e-05	0.0042058197563290545
0.0015307854026636036	0.0008314249677976449	-0.012513182309146886	-7.824105209564003e-05	0.0005408209284647469	0.0007099554815548359	-0.00019639110952196503	0.004455457354558767
0.00315342979115818	0.003140572751424875	-0.010328853324634846	0.0002962153452492622	0.0009152773258096492	-0.000975098306497113	0.00017806528782338127	0.004393047955001617
0.0007194632084164265	0.004888035939034863	-0.008144524340122805	-0.00020305985121082948	0.0004160021293495575	-0.003097017891451781	-7.15723104063315e-05	0.0035193163611968448
0.0026541545946985323	0.0057617675328396345	-0.007333202145875184	-1.5831652538045304e-05	-8.327306711009008e-05	-0.003908340085698958	-0.0001339817099643703	0.0033944975620818774
0.0009691008066461393	0.006947546124431714	-0.005585738958266084	0.00017139654613473887	0.00010395513156269409	-0.004407615282159494	-0.00019639110952196503	0.0022711283700467266
0.0019052418000085058	0.006261042729299282	-0.005585738958266084	-0.00020305985121082948	-0.0007697764622422998	-0.0027849708936642514	-0.0001339817099643703	0.0027704035665068183
0.0012187384048765182	0.004451170142132366	-0.007707658543220752	0.00023380594569166746	-0.00027050126578243017	-0.001224735904727492	0.0001156558882655645	0.0031448599638514985
0.002903792192928467	0.003140572751424875	-0.010328853324634846	-7.824105209564003e-05	-0.0003953200648976196	0.0005851366824400905	-9.16291084962495e-06	0.003207269363409093
0.003403067389388559	-0.0010408570189268662	-0.012950048106049605	-7.824105209564003e-05	-0.00027050126578243017	0.002145371671377294	-0.00019639110952196503	0.003706544559869185
0.0014059666035488583	-0.0007912194206971535	-0.012575591708704703	0.00017139654613473887	0.0004160021293495575	0.0025198280687221963	0.00017806528782338127	0.004455457354558767
0.0030910203916012513	-0.0003543536237946565	-0.012263544710917618	0.0002962153452492622	0.0007280491271375311	0.0020205528722621047	0.00017806528782338127	0.004268229155886427
0.0015307854026636036	0.0005193779700101153	-0.012325954110474324	-0.0002654692507684242	0.0002911833302352562	0.000460317883324457	-0.00025880050907911567	0.0037689539594263355
0.002529335795583787	0.003140572751424875	-0.009330302931714884	0.00010898714657714414	0.0006032303280223417	-0.0018488299003018849	-0.0001339817099643703	0.003269678762966244
0.0007194632084164265	0.004763217139919673	-0.007520430344547968	-1.5831652538045304e-05	0.0004784115289071522	-0.003970749485256553	0.00036529348649572135	0.0035193163611968448
0.0030910203916012513	0.006198633329741687	-0.0063970611525134835	-0.00020305985121082948	-0.00020809186622483544	-0.005156528076848632	-0.0001339817099643703	0.0024583565687190667
0.00028259741151415163	0.006510680327529217	-0.006646698750743196	-7.824105209564003e-05	-0.0007697764622422998	-0.00422038708348671	-0.00025880050907911567	0.002208718970489132
0.0017180136013361658	0.0038894855461149014	-0.008082114940565654	0.00023380594569166746	4.154573200487732e-05	-0.0015367829025145774	0.00036529348649572135	0.0035817257607539954
0.00246692639602597	0.0015803377624876713	-0.009767168728617603	-0.00014065045165323475	-0.0005825482635695156	-0.0007254607082674003	-7.15723104063315e-05	0.0028952223656220077
0.0013435572039912635	-0.0005415818224667746	-0.012138725911802428	-0.0002654692507684242	-0.00027050126578243017	0.0014588682762446403	-0.0001339817099643703	0.0035193163611968448
0.0034654767889457094	-0.0014777228158291411	-0.013262095103837135	0.00010898714657714414	0.00035359272979196277	0.002769465666952131	0.0001156558882655645	0.003893772758541969
0.0009691008066461393	-0.0014153134162715464	-0.01288763870649201	-0.0002654692507684242	0.0002287739306776615	0.00195814347270451	-0.00019639110952196503	0.0037689539594263355
0.002966201592486062	-0.0007288100211395587	-0.012450772909589514	-0.00014065045165323475	0.0011025055244824333	-0.00041341371047987074	0.00017806528782338127	0.00414341035677146
0.0014059666035488583	0.001829975360717162	-0.010079215726405133	4.657774701910533e-05	0.0006032303280223417	-0.003284246090124343	-9.16291084962495e-06	0.002645584767391851
0.00209246999868129	0.0036398479478847445	-0.006334651752955889	-7.824105209564003e-05	0.0005408209284647469	-0.004157977683928671	-9.16291084962495e-06	0.002645584767391851
0.0024045169964683755	0.006198633329741687	-0.005398510759593522	0.00010898714657714414	0.00010395513156269409	-0.0050941186772914815	-9.16291084962495e-06	0.0022711283700467266
0.0004074162106293411	0.006073814530626942	-0.004587188565345901	4.657774701910533e-05	4.154573200487732e-05	-0.004532434081273795	0.00017806528782338127	0.0022711283700467266
0.002716563994255683	0.004076713744786797	-0.007458020944990373	-1.5831652538045304e-05	-0.0006449576631279985	-0.0027849708936642514	-7.15723104063315e-05	0.0024583565687190667
0.0010939196057613287	0.0025788881554076326	-0.009018255933928021	-1.5831652538045304e-05	-0.00045772946445521434	-0.0010375077060547078	-9.16291084962495e-06	0.0030824505642939037
0.00246692639602597	0.0007690155682404942	-0.010016806326847538	0.00010898714657714414	-0.00027050126578243017	0.000273089684652561	-0.0001339817099643703	0.0037689539594263355
0.0015931948022211984	-0.0011032664184840169	-0.012513182309146886	-0.00020305985121082948	0.00010395513156269409	0.0020205528722621047	-0.0001339817099643703	0.003893772758541969
0.0028413827933708724	-0.0010408570189268662	-0.012201135311359579	0.00010898714657714414	0.0007280491271375311	0.0012716400775725223	0.000240474687380976	0.003893772758541969
0.0009691008066461393	-0.00016712542512231643	-0.010952947320209905	-1.5831652538045304e-05	0.0002911833302352562	-0.0002885949113646813	-0.00019639110952196503	0.0035193163611968448
0.0009691008066461393	0.0036398479478847445	-0.0082069337396804	0.00017139654613473887	0.0009152773258096492	-0.0022856956972041598	0.000240474687380976	0.003456906961639028
0.0019676511995661006	0.004888035939034863	-0.007145973947203288	-0.00020305985121082948	4.154573200487732e-05	-0.004532434081273795	-0.00025880050907911567	0.002208718970489132
0.0009066914070892107	0.005886586331953936	-0.0068339269494159804	-7.824105209564003e-05	0.00016636453112006677	-0.0044700246817162	-0.0001339817099643703	0.0028952223656220077
0.0024045169964683755	0.0065730897270863675	-0.00596019535561032	0.0002962153452492622	0.0002287739306776615	-0.004844481079061547	0.000240474687380976	0.0025207659682771055
0.0005946444093012371	0.004950445338592457	-0.007520430344547968	-0.00020305985121082948	-0.000520138864012365	-0.0038459306861413634	-0.00019639110952196503	0.002832812966064413
0.0030286109920436566	0.0028285257536373454	-0.009829578128175198	-0.00014065045165323475	0.0002911833302352562	-0.00022618551180753066	0.000240474687380976	0.0033944975620818774
0.0010939196057613287	0.0017051565616024167	-0.009704759329060009	-0.00020305985121082948	-0.00045772946445521434	0.0007723648811124306	-0.00019639110952196503	0.0029576317651796025
0.002716563994255683	-0.00047917242290917983	-0.012575591708704703	-7.824105209564003e-05	0.00010395513156269409	0.00195814347270451	-7.15723104063315e-05	0.003893772758541969
0.002903792192928467	-0.00016712542512231643	-0.011327403717554363	0.0002962153452492622	0.0005408209284647469	0.0012716400775725223	0.00030288408693812663	0.003706544559869185
0.001031510206203734	0.0001449215726652131	-0.011389813117112402	-0.0003902880498827255	0.00016636453112006677	2.3452086422626195e-05	-0.0003212099086367104	0.0033944975620818774
0.0028413827933708724	0.0018923847602747568	-0.009954396927290388	-1.5831652538045304e-05	0.0004784115289071522	-0.0012871453042841985	-7.15723104063315e-05	0.003456906961639028
0.0004698256101860476	0.004076713744786797	-0.007520430344547968	4.657774701910533e-05	0.0007280491271375311	-0.0029721990923365915	0.00017806528782338127	0.0029576317651796025
0.002716563994255683	0.005012854738149164	-0.007333202145875184	0.00017139654613473887	0.00035359272979196277	-0.0036587024874690233	-0.0001339817099643703	0.002832812966064413
0.0008442820075309498	0.005262492336379321	-0.007270792746318033	-0.00020305985121082948	-0.00027050126578243017	-0.004345205882601455	-0.00019639110952196503	0.0022711283700467266
0.0018428324004509111	0.005075264137706759	-0.006896336348973131	0.00017139654613473887	0.00016636453112006677	-0.0017864205007442902	0.00030288408693812663	0.0033944975620818774
0.0013435572039912635	0.00357743854832715	-0.009642349929502414	-0.00014065045165323475	-0.0003329106653400249	-0.0012871453042841985	-0.0001339817099643703	0.0029576317651796025
0.0006570538088588318	0.0008938343673552396	-0.009954396927290388	-7.824105209564003e-05	-0.0001456824666676848	-0.00016377611224993593	-0.0001339817099643703	0.0030824505642939037
0.003340657989830964	-0.00047917242290917983	-0.011577041315784742	0.00023380594569166746	4.154573200487732e-05	0.001521277675802235	0.000240474687380976	0.0037689539594263355
0.0012187384048765182	-0.0007912194206971535	-0.012013907112686795	-0.00020305985121082948	-8.327306711009008e-05	0.0012716400775725223	-0.0001339817099643703	0.0038313633589843743
0.0024045169964683755	8.251217310806247e-05	-0.0110153567197675	-0.00014065045165323475	0.00010395513156269409	0.00039790848376775045	-0.0001339817099643703	0.0038313633589843743
0.0012187384048765182	0.001018653166469985	-0.010828128521094715	-7.824105209564003e-05	0.00035359272979196277	-0.00010136671269234121	0.00036529348649572135	0.0035817257607539954
0.002716563994255683	0.002953344552752535	-0.008768618335698086	0.000358624744807301	0.00016636453112006677	-0.003471474288796239	-0.0001339817099643703	0.0027079941669492236
0.0004074162106293411	0.004201532543901987	-0.007520430344547968	0.00023380594569166746	-2.0863667552495357e-05	-0.0036587024874690233	5.3246488708413864e-05	0.0029576317651796025
0.0025917451951413817	0.004950445338592457	-0.00596019535561032	4.657774701910533e-05	0.0002911833302352562	-0.00403315888481437	0.000240474687380976	0.0028952223656220077
0.0019676511995661006	0.0047008077403620785	-0.006646698750743196	-1.5831652538045304e-05	-0.00045772946445521434	-0.00403315888481437	-0.0001339817099643703	0.0020839001713743865
0.001468376003106009	0.0034526197492124044	-0.008269343139237995	4.657774701910533e-05	-0.0001456824666676848	-0.0017240111011871395	5.3246488708413864e-05	0.003207269363409093
0.0025917451951413817	0.0023916599567348484	-0.00851898073746793	0.00023380594569166746	-0.00020809186622483544	-0.0010999171056123025	0.0001156558882655645	0.003020041164737197
0.0009691008066461393	0.0006441967691253048	-0.009767168728617603	-7.824105209564003e-05	-0.0005825482635695156	0.00014827088553737156	-9.16291084962495e-06	0.0037689539594263355
0.0032782485902733693	-0.000666400621581964	-0.011389813117112402	0.00017139654613473887	-0.0003953200648976196	0.001521277675802235	-0.0003836193081943051	0.0033944975620818774
0.0005946444093012371	-0.000666400621581964	-0.0110153567197675	-0.0004526974494403202	4.154573200487732e-05	0.0005227272828829399	5.3246488708413864e-05	0.0033944975620818774
0.00246692639602597	-0.00016712542512231643	-0.010578490922865225	4.657774701910533e-05	0.0002287739306776615	-0.00016377611224993593	-7.15723104063315e-05	0.004018591557656714
0.0012187384048765182	0.001205881365142547	-0.007770067942777903	0.00023380594569166746	0.0004160021293495575	-0.002223286297647009	0.000240474687380976	0.003207269363409093
0.0004074162106293411	0.004326351343016732	-0.007208383346760883	-0.00014065045165323475	4.154573200487732e-05	-0.003533883688354278	-9.16291084962495e-06	0.002832812966064413
0.0021548793982379966	0.005075264137706759	-0.007208383346760883	-0.00020305985121082948	-0.00045772946445521434	-0.00459484348083139	-0.0003836193081943051	0.002583175367834256
0.0004074162106293411	0.006448270927972066	-0.005835376556496019	0.00017139654613473887	0.00035359272979196277	-0.004532434081273795	0.00030288408693812663	0.0029576317651796025
0.00227969819735363	0.004888035939034863	-0.007832477342335498	-7.824105209564003e-05	-0.000520138864012365	-0.00409556828437152	-7.15723104063315e-05	0.003644135160312034
0.0014059666035488583	0.003764666746999934	-0.009330302931714884	-1.5831652538045304e-05	-8.327306711009008e-05	-0.0023481050967617545	-0.0001339817099643703	0.0031448599638514985
0.0023421075969107807	0.0023292505571772537	-0.010204034525519878	4.657774701910533e-05	0.00010395513156269409	0.0006475460819972412	0.000240474687380976	0.00414341035677146
0.0015307854026636036	0.0007066061686828995	-0.011701860114899487	0.00010898714657714414	-0.0001456824666676848	0.0008347742806702474	5.3246488708413864e-05	0.0042058197563290545
0.0032782485902733693	-0.0003543536237946565	-0.012450772909589514	-0.0003902880498827255	-8.327306711009008e-05	0.00014827088553737156	-0.0003836193081943051	0.003706544559869185
0.00315342979115818	0.0007066061686828995	-0.011514631916227147	0.0002962153452492622	0.0007904585266951258	0.000273089684652561	0.00030288408693812663	0.004455457354558767
0.0009691008066461393	0.0021420223585049136	-0.010141625125962284	-0.00020305985121082948	0.0006656397275794923	-0.0017240111011871395	-7.15723104063315e-05	0.0038313633589843743
0.0020300605991236953	0.004014304345229203	-0.007894886741893092	4.657774701910533e-05	0.0004160021293495575	-0.0035962930879114285	-9.16291084962495e-06	0.0028952223656220077
0.0009691008066461393	0.005449720535052105	-0.006958745748530282	0.00010898714657714414	0.00035359272979196277	-0.003970749485256553	0.00017806528782338127	0.002395947169161916
0.0021548793982379966	0.005948995731511975	-0.006272242353398294	-0.00014065045165323475	-0.0001456824666676848	-0.005281346875964266	0.00017806528782338127	0.0025207659682771055
0.0004698256101860476	0.006073814530626942	-0.005585738958266084	4.657774701910533e-05	-0.0006449576631279985	-0.0034090648892395325	-0.0003212099086367104	0.002395947169161916
0.0026541545946985323	0.003951894945672496	-0.00801970554100806	0.0002962153452492622	0.0002287739306776615	-0.0011623265051698972	0.00036529348649572135	0.0033944975620818774
0.0013435572039912635	0.0027661163540799727	-0.009767168728617603	-0.00014065045165323475	-0.0007697764622422998	-0.00041341371047987074	-0.00019639110952196503	0.0025207659682771055
0.0017180136013361658	-0.0011656758180420557	-0.011327403717554363	4.657774701910533e-05	-0.0003329106653400249	0.0020205528722621047	0.0001156558882655645	0.003893772758541969
0.00246692639602597	-0.0016025416149438865	-0.011389813117112402	-1.5831652538045304e-05	-0.00045772946445521434	0.001521277675802235	-0.0001339817099643703	0.003644135160312034
0.0009066914070892107	-0.0005415818224667746	-0.010204034525519878	0.00017139654613473887	0.0006656397275794923	0.001334049477130117	0.000240474687380976	0.004018591557656714
0.002716563994255683	0.00026974037178040255	-0.010016806326847538	-7.824105209564003e-05	0.00035359272979196277	-0.00022618551180753066	-7.15723104063315e-05	0.0035193163611968448
0.0005322350097436424	0.002953344552752535	-0.007582839744105563	4.657774701910533e-05	0.0006656397275794923	-0.002223286297647009	5.3246488708413864e-05	0.002583175367834256
0.0017804230008937605	0.004950445338592457	-0.006022604755167915	0.00010898714657714414	-8.327306711009008e-05	-0.0050941186772914815	-7.15723104063315e-05	0.0027704035665068183
0.0006570538088588318	0.005948995731511975	-0.006209832953840699	0.00010898714657714414	-2.0863667552495357e-05	-0.005718212672865874	-9.16291084962495e-06	0.0025207659682771055
0.0018428324004509111	0.006635499126644406	-0.006646698750743196	-7.824105209564003e-05	0.00016636453112006677	-0.004282796483044304	5.3246488708413864e-05	0.0027704035665068183
0.0028413827933708724	0.0034526197492124044	-0.009143074733042322	-7.824105209564003e-05	-0.0003953200648976196	-0.002722561494107101	-0.0001339817099643703	0.0031448599638514985
0.0008442820075309498	0.0020172035593899462	-0.009954396927290388	-7.824105209564003e-05	-0.00027050126578243017	-0.0010375077060547078	5.3246488708413864e-05	0.0035193163611968448
0.0025917451951413817	-4.230662600668289e-05	-0.011889088313572493	4.657774701910533e-05	-0.0007697764622422998	0.000460317883324457	-0.0001339817099643703	0.003706544559869185
0.0017804230008937605	-0.0007912194206971535	-0.012263544710917618	0.00010898714657714414	0.0002287739306776615	0.0018957340731478034	0.000240474687380976	0.0038313633589843743
0.0023421075969107807	-0.0009160382198114547	-0.011764269514457082	-0.00020305985121082948	-0.00020809186622483544	0.0006475460819972412	5.3246488708413864e-05	0.004268229155886427
0.0010939196057613287	0.0005817873695679321	-0.010578490922865225	4.657774701910533e-05	0.0004160021293495575	-0.0015991923020721721	0.000240474687380976	0.004018591557656714
0.0026541545946985323	0.0026412975549652273	-0.008581390137025524	-0.00032787865032513075	-2.0863667552495357e-05	-0.004282796483044304	-0.00025880050907911567	0.0027704035665068183
3.2959813283994777e-05	0.004638398340804928	-0.006209832953840699	-7.824105209564003e-05	-0.00020809186622483544	-0.004969299878176292	-7.15723104063315e-05	0.002645584767391851
0.0005946444093012371	0.006323452128856433	-0.0057729671569384244	-1.5831652538045304e-05	-0.0001456824666676848	-0.0050941186772914815	-9.16291084962495e-06	0.002832812966064413
0.0019676511995661006	0.005948995731511975	-0.00552332955870849	0.00023380594569166746	-0.0001456824666676848	-0.00459484348083139	0.00017806528782338127	0.0025207659682771055
0.0009691008066461393	0.003515029148769555	-0.008144524340122805	-0.00020305985121082948	-0.000520138864012365	-0.0025977426949914673	-7.15723104063315e-05	0.0031448599638514985
0.0025917451951413817	0.0015179283629300766	-0.009829578128175198	-7.824105209564003e-05	-0.0008321858617998945	-0.0011623265051698972	-0.00019639110952196503	0.004018591557656714
0.0009691008066461393	0.0003321497713375532	-0.009954396927290388	0.00010898714657714414	-0.0001456824666676848	0.0007723648811124306	-0.0001339817099643703	0.00395618215809912
0.002903792192928467	-0.0016025416149438865	-0.012076316512244833	-7.824105209564003e-05	-0.0003953200648976196	0.0015836870753598298	-0.0001339817099643703	0.004517866754116806
0.001031510206203734	-0.001290494617156801	-0.011577041315784742	0.00017139654613473887	0.0002287739306776615	0.0005851366824400905	0.0001156558882655645	0.003893772758541969
0.0024045169964683755	-0.0001047160255647217	-0.009267893532157512	-0.00014065045165323475	4.154573200487732e-05	-0.0006630513087098056	-9.16291084962495e-06	0.004081000957213865
0.0020300605991236953	0.003764666746999934	-0.007333202145875184	4.657774701910533e-05	0.00010395513156269409	-0.003346655489681938	-9.16291084962495e-06	0.003269678762966244
9.536921284136746e-05	0.00557453933416685	-0.006147423554283105	-0.00014065045165323475	0.00010395513156269409	-0.0044700246817162	-0.0001339817099643703	0.0027704035665068183
0.002529335795583787	0.006073814530626942	-0.006022604755167915	0.00017139654613473887	0.00010395513156269409	-0.00459484348083139	0.0001156558882655645	0.0031448599638514985
0.00028259741151415163	0.006011405131069347	-0.006085014154725954	-0.00014065045165323475	-2.0863667552495357e-05	-0.005218937476406671	-7.15723104063315e-05	0.002583175367834256
0.00209246999868129	0.0047008077403620785	-0.0068339269494159804	0.00010898714657714414	-0.0003329106653400249	-0.003970749485256553	0.0001156558882655645	0.003706544559869185
0.0012811478044336688	0.0025788881554076326	-0.00851898073746793	4.657774701910533e-05	-0.0008945952613572672	-0.0010375077060547078	-0.0003212099086367104	0.0029576317651796025
0.0021548793982379966	0.0007690155682404942	-0.009517531130387669	4.657774701910533e-05	-0.0003329106653400249	0.0009595930797849928	5.3246488708413864e-05	0.0037689539594263355
0.001031510206203734	-0.0002919442242370618	-0.010328853324634846	0.000358624744807301	-8.327306711009008e-05	0.0017709152740321699	0.00030288408693812663	0.004517866754116806
0.0004074162106293411	-0.0004167630233520292	-0.009579940529945263	-0.0004526974494403202	-0.00045772946445521434	-0.00010136671269234121	-0.0003212099086367104	0.0035193163611968448
0.00246692639602597	0.0009562437669123902	-0.008643799536582453	4.657774701910533e-05	-0.0001456824666676848	-0.0004758231100370214	-9.16291084962495e-06	0.0035817257607539954
0.0009066914070892107	0.0030157539523092414	-0.007395611545433667	0.00017139654613473887	0.0004160021293495575	-0.0015367829025145774	0.00030288408693812663	0.00395618215809912
0.0017804230008937605	0.004825626539476824	-0.005835376556496019	0.00010898714657714414	0.0002911833302352562	-0.0037835212865842127	5.3246488708413864e-05	0.0029576317651796025
0.00015777861239896218	0.005387311135494066	-0.00571055775738083	-0.00014065045165323475	-2.0863667552495357e-05	-0.004282796483044304	-0.00025880050907911567	0.0027704035665068183
0.0019676511995661006	0.005699358133281596	-0.006272242353398294	-7.824105209564003e-05	0.0005408209284647469	-0.003970749485256553	0.0004901122856104667	0.0033944975620818774
0.0004698256101860476	0.006011405131069347	-0.00571055775738083	-0.00020305985121082948	-0.0006449576631279985	-0.002909789692779441	-0.00025880050907911567	0.003207269363409093
0.00227969819735363	0.003764666746999934	-0.010141625125962284	-0.00032787865032513075	-0.0008321858617998945	-0.0014743735029567606	-0.00025880050907911567	0.003706544559869185
0.0027789733938132777	0.0019547941598323515	-0.009330302931714884	0.000358624744807301	0.0004784115289071522	0.0007099554815548359	0.00036529348649572135	0.0048299137519038915
0.0011563290053184794	-0.00022953482467946706	-0.011701860114899487	-0.00020305985121082948	-0.00045772946445521434	0.001521277675802235	-0.0001339817099643703	0.004767504352346297
0.002716563994255683	-0.00022953482467946706	-0.011577041315784742	-7.824105209564003e-05	-0.00027050126578243017	0.0017085058744750192	-9.16291084962495e-06	0.005017141950576676
0.0004698256101860476	0.0008938343673552396	-0.010204034525519878	-1.5831652538045304e-05	0.00010395513156269409	0.0012716400775725223	-7.15723104063315e-05	0.004705094952789146
0.0025917451951413817	0.0018923847602747568	-0.009330302931714884	0.00023380594569166746	0.0004160021293495575	0.0007099554815548359	0.000240474687380976	0.004705094952789146
0.0006570538088588318	0.0036398479478847445	-0.007582839744105563	-1.5831652538045304e-05	-0.00020809186622483544	-0.0018488299003018849	-0.0003836193081943051	0.0033944975620818774
0.0014059666035488583	0.004825626539476824	-0.006334651752955889	0.00017139654613473887	0.0004160021293495575	-0.001224735904727492	0.00030288408693812663	0.004268229155886427
0.0007194632084164265	0.0057617675328396345	-0.005273691960478333	4.657774701910533e-05	-0.00020809186622483544	-0.0019112392998594796	-9.16291084962495e-06	0.0033944975620818774
9.536921284136746e-05	0.005137673537264353	-0.005585738958266084	-0.00014065045165323475	-0.000520138864012365	-0.0009126889069399624	-0.0001339817099643703	0.0033320881625238385
0.0028413827933708724	0.0033902103496548097	-0.007270792746318033	0.00023380594569166746	-0.0005825482635695156	0.0009595930797849928	0.000240474687380976	0.004330638555444022
0.0004698256101860476	0.0017675659611604555	-0.008394161938353184	-0.00020305985121082948	-0.0008945952613572672	0.002332599870049634	-0.0001339817099643703	0.004455457354558767
0.0021548793982379966	0.0003945591708951479	-0.009267893532157512	-1.5831652538045304e-05	-0.0010194140604720126	0.0035183784616421576	-9.16291084962495e-06	0.005578826546593918
0.001031510206203734	-0.0008536288202547482	-0.010578490922865225	-0.0002654692507684242	-0.000957004660915306	0.004704157053234237	0.000427702886052872	0.00607810174305401
0.0024045169964683755	2.0102773550467745e-05	-0.009080665333485616	0.000358624744807301	-0.00045772946445521434	0.005141022850136512	-0.00019639110952196503	0.005641235946151513
0.00015777861239896218	0.0005193779700101153	-0.008831027735255237	-1.5831652538045304e-05	-0.000520138864012365	0.004828975852348982	-7.15723104063315e-05	0.005953282943938376
0.0019676511995661006	0.0019547941598323515	-0.005835376556496019	4.657774701910533e-05	0.0002287739306776615	0.004704157053234237	0.0001156558882655645	0.0058908735443812255
0.0012187384048765182	0.005262492336379321	-0.005585738958266084	-0.00014065045165323475	-0.00045772946445521434	0.004329700655889335	-0.0001339817099643703	0.005391598347921134
9.536921284136746e-05	0.005886586331953936	-0.00552332955870849	-7.824105209564003e-05	-0.00027050126578243017	0.004953794651464616	-7.15723104063315e-05	0.00607810174305401
0.0012811478044336688	0.006073814530626942	-0.0053361013600359275	4.657774701910533e-05	-0.0003953200648976196	0.0056402980465966035	-9.16291084962495e-06	0.005766054745266036
0.00022018801195677895	0.004888035939034863	-0.006958745748530282	-7.824105209564003e-05	-0.0008945952613572672	0.00707571423641884	5.3246488708413864e-05	0.007076652135973527
0.00227969819735363	0.0030781633518677243	-0.008768618335698086	4.657774701910533e-05	-0.0010194140604720126	0.008199083428453324	0.00030288408693812663	0.00801279312933545
0.0005322350097436424	0.0021420223585049136	-0.008706208936140714	0.00017139654613473887	-0.0013314610582599862	0.010757868810310933	-0.00019639110952196503	0.007825564930663553
0.00209246999868129	-4.230662600668289e-05	-0.01070330972197997	-0.00020305985121082948	-0.0008321858617998945	0.011319553406327731	-0.00019639110952196503	0.008574477725353136
0.0005946444093012371	-0.00022953482467946706	-0.009018255933928021	0.00023380594569166746	-0.0003953200648976196	0.011818828602787823	0.000240474687380976	0.00863688712491073
9.536921284136746e-05	0.001642747162045266	-0.008581390137025524	-0.00020305985121082948	-0.0005825482635695156	0.01106991580809824	-0.0001339817099643703	0.008512068325795541
0.0014059666035488583	0.00357743854832715	-0.006709108150300791	-7.824105209564003e-05	-0.00045772946445521434	0.010133774814735652	-7.15723104063315e-05	0.008262430727565606
-0.0005287247827334696	0.005699358133281596	-0.004587188565345901	0.00017139654613473887	4.154573200487732e-05	0.010071365415178057	0.00017806528782338127	0.008324840127123645
0.001468376003106009	0.006136223930184537	-0.004649597964903496	0.00017139654613473887	-0.00027050126578243017	0.00938486202004607	5.3246488708413864e-05	0.008262430727565606
-0.0003414965840611295	0.006261042729299282	-0.004587188565345901	-7.824105209564003e-05	-0.00027050126578243017	0.00913522442181569	-0.0001339817099643703	0.007825564930663553
0.0009691008066461393	0.005636948733724445	-0.005211282560921182	-1.5831652538045304e-05	-0.0007073670626847051	0.010757868810310933	5.3246488708413864e-05	0.008886524723140665
0.0004698256101860476	0.0038894855461149014	-0.007395611545433667	0.00010898714657714414	-0.0008945952613572672	0.01175641920323045	0.0001156558882655645	0.008948934122698038
0.0020300605991236953	0.0021420223585049136	-0.009891987527732793	-0.00020305985121082948	-0.0010194140604720126	0.013129425993495314	-0.0001339817099643703	0.009198571720928417
0.0027789733938132777	-0.0005415818224667746	-0.010828128521094715	0.000358624744807301	-0.000520138864012365	0.013691110589512556	0.00030288408693812663	0.010072303314733189
9.536921284136746e-05	-0.0008536288202547482	-0.010204034525519878	-0.0002654692507684242	-0.0005825482635695156	0.013316654192167654	-0.00025880050907911567	0.009635437517830692
0.0014059666035488583	0.0008314249677976449	-0.008394161938353184	4.657774701910533e-05	-0.0003329106653400249	0.013441472991282621	0.0001156558882655645	0.009697846917387842
0.00015777861239896218	0.00289093515319494	-0.0068339269494159804	0.00017139654613473887	4.154573200487732e-05	0.01306701659393772	0.00017806528782338127	0.01075880670986562
0.0009691008066461393	0.0047008077403620785	-0.0047120073644610905	-1.5831652538045304e-05	4.154573200487732e-05	0.012130875600575797	-0.0001339817099643703	0.010009893915175594
-0.0009031811800779277	0.006448270927972066	-0.0034638193733111944	-0.00020305985121082948	-0.0006449576631279985	0.010820278209868084	5.3246488708413864e-05	0.010009893915175594
0.0012811478044336688	0.006635499126644406	-0.00377586637109828	-1.5831652538045304e-05	-0.00045772946445521434	0.011444372205443365	-9.16291084962495e-06	0.010009893915175594
-0.0004039059836187242	0.006697908526201557	-0.00552332955870849	0.00010898714657714414	-0.0010818234600296073	0.012006056801460607	0.0001156558882655645	0.009697846917387842
0.0005322350097436424	0.0028285257536373454	-0.008144524340122805	-0.00014065045165323475	-0.001144232859587646	0.012754969596150634	-9.16291084962495e-06	0.010072303314733189
0.0017180136013361658	0.0013307001642577365	-0.008955846534370426	0.00017139654613473887	-0.001144232859587646	0.014003157587299642	5.3246488708413864e-05	0.009697846917387842
0.0004074162106293411	-4.230662600668289e-05	-0.009829578128175198	0.00010898714657714414	-0.0006449576631279985	0.014876889181104636	0.0001156558882655645	0.009947484515618
0.0020300605991236953	-0.0007288100211395587	-0.010453672123749591	-0.00020305985121082948	-0.0010194140604720126	0.013940748187742491	-0.00025880050907911567	0.01032194091296268
-0.0001542683853883453	0.001018653166469985	-0.0082069337396804	-7.824105209564003e-05	-0.0001456824666676848	0.014814479781547707	0.00030288408693812663	0.01094603490853796
0.0017180136013361658	0.0026412975549652273	-0.0065842893511856015	0.0002962153452492622	-8.327306711009008e-05	0.013566291790397367	-0.0001339817099643703	0.011008444308095555
-0.0006535435818482149	0.004076713744786797	-0.005460920159150895	-7.824105209564003e-05	-0.0001456824666676848	0.013878338788184896	-0.0001339817099643703	0.011258081906325046
0.00034500681107130227	0.006261042729299282	-0.0039006851702136913	-0.00014065045165323475	-0.0003953200648976196	0.014065566986857236	-0.0001339817099643703	0.012006994701014628
0.0009691008066461393	0.006323452128856433	-0.004649597964903496	-7.824105209564003e-05	-0.00045772946445521434	0.014003157587299642	-0.0001339817099643703	0.011757357102785138
-0.00046631538317587484	0.006011405131069347	-0.004774416764018463	0.0002962153452492622	-0.0001456824666676848	0.0154385737771221	0.0004901122856104667	0.011757357102785138
0.0015931948022211984	0.003515029148769555	-0.007770067942777903	-7.824105209564003e-05	-0.0012690516587023914	0.01525134557844976	-0.0001339817099643703	0.01075880670986562
0.0004074162106293411	0.001829975360717162	-0.008893437134812832	4.657774701910533e-05	-0.000520138864012365	0.016125077172254976	0.0001156558882655645	0.00982266571650281
0.0014059666035488583	0.0007066061686828995	-0.009455121730830296	-1.5831652538045304e-05	-0.000957004660915306	0.016624352368714623	-9.16291084962495e-06	0.010197122113847934
0.0005946444093012371	-0.0001047160255647217	-0.010079215726405133	-1.5831652538045304e-05	4.154573200487732e-05	0.016125077172254976	0.00017806528782338127	0.010197122113847934
0.0020300605991236953	0.00045696857045274264	-0.008893437134812832	-0.00032787865032513075	-0.00020809186622483544	0.015875439574024597	-0.00019639110952196503	0.010197122113847934
-0.0007159529814060317	0.0017051565616024167	-0.00596019535561032	0.00023380594569166746	4.154573200487732e-05	0.015500983176679695	0.0001156558882655645	0.011258081906325046
-0.0006535435818482149	0.005075264137706759	-0.004150322768443626	4.657774701910533e-05	0.0005408209284647469	0.0154385737771221	0.000240474687380976	0.012006994701014628
0.00022018801195677895	0.005699358133281596	-0.003963094569770842	-0.00032787865032513075	-0.00045772946445521434	0.014502432783759733	-0.0003212099086367104	0.011195672506767895
-0.00027908718450353476	0.006011405131069347	-0.00377586637109828	0.00010898714657714414	-2.0863667552495357e-05	0.014627251582874923	0.000240474687380976	0.012006994701014628
0.0006570538088588318	0.005512129934609256	-0.00452477916578875	-0.00020305985121082948	-0.0006449576631279985	0.014315204585087837	-0.00025880050907911567	0.011258081906325046
-0.0004039059836187242	0.004950445338592457	-0.005148873161363587	0.00023380594569166746	-0.0003953200648976196	0.015750620774909407	0.0001156558882655645	0.010384350312520718
0.0020300605991236953	0.0028285257536373454	-0.007395611545433667	0.00017139654613473887	-0.0007697764622422998	0.01593784897358219	-0.00019639110952196503	0.009697846917387842
-9.185898583075058e-05	0.0017675659611604555	-0.008082114940565654	0.000358624744807301	-8.327306711009008e-05	0.01656194296915703	0.00030288408693812663	0.00982266571650281
0.0019676511995661006	0.001018653166469985	-0.009080665333485616	-0.0003902880498827255	-0.00045772946445521434	0.015625801975794884	-0.00025880050907911567	0.009573028118273097
0.0012811478044336688	0.0013307001642577365	-0.007395611545433667	0.00010898714657714414	4.154573200487732e-05	0.016312305370927316	5.3246488708413864e-05	0.01013471271429034
-0.0003414965840611295	0.002516478755849594	-0.006209832953840699	4.657774701910533e-05	0.0002911833302352562	0.01656194296915703	5.3246488708413864e-05	0.011258081906325046
0.0012811478044336688	0.00357743854832715	-0.005211282560921182	0.00017139654613473887	0.0002911833302352562	0.015688211375352035	0.0001156558882655645	0.011694947703227543
-0.001277637577423052	0.005075264137706759	-0.003339000574196005	-0.00014065045165323475	0.00035359272979196277	0.015750620774909407	5.3246488708413864e-05	0.011944585301457922
0.0005322350097436424	0.005512129934609256	-0.0034638193733111944	-0.00014065045165323475	-0.0006449576631279985	0.015001707980219825	0.00036529348649572135	0.01263108869658991
-0.0005287247827334696	0.00557453933416685	-0.0034638193733111944	0.0002962153452492622	-0.0005825482635695156	0.015688211375352035	-0.00025880050907911567	0.011258081906325046
0.0005322350097436424	0.005200082936821726	-0.0040879133688864755	-1.5831652538045304e-05	-0.0008321858617998945	0.016374714770484466	-9.16291084962495e-06	0.01107085370765315
-0.00027908718450353476	0.004076713744786797	-0.007208383346760883	0.00017139654613473887	-0.00027050126578243017	0.016936399366502153	0.0001156558882655645	0.010259531513405085
-0.00046631538317587484	0.001642747162045266	-0.007894886741893092	-0.00020305985121082948	-0.0003953200648976196	0.017997359158979265	-7.15723104063315e-05	0.009385799919601201
0.0017180136013361658	0.00045696857045274264	-0.009018255933928021	-0.00014065045165323475	-0.0007073670626847051	0.01787254035986452	-0.0001339817099643703	0.009011343522255633
0.00022018801195677895	0.0008314249677976449	-0.008456571337910335	-1.5831652538045304e-05	0.0002911833302352562	0.018246996757208978	5.3246488708413864e-05	0.009947484515618
0.0010939196057613287	0.0021420223585049136	-0.0065842893511856015	0.000358624744807301	0.0008528679262520544	0.018871090752784037	0.000427702886052872	0.011008444308095555
-0.0006535435818482149	0.002703706954521934	-0.006334651752955889	-0.0002654692507684242	0.0002287739306776615	0.01762290276163414	-7.15723104063315e-05	0.011632538303669948
0.0007818726079735772	0.004076713744786797	-0.0047120073644610905	-1.5831652538045304e-05	0.0010400961249248386	0.016998808766059748	0.0004901122856104667	0.01269349809614706
-0.0010279999791935612	0.005886586331953936	-0.0026524971790640173	-0.0003902880498827255	-0.0003329106653400249	0.014752070381990112	-0.0003212099086367104	0.011570128904112797
0.0005322350097436424	0.005200082936821726	-0.003339000574196005	-0.00020305985121082948	-2.0863667552495357e-05	0.014814479781547707	-7.15723104063315e-05	0.011507719504555203
0.0007194632084164265	0.005012854738149164	-0.004212732168001221	0.00010898714657714414	-0.0005825482635695156	0.015500983176679695	-9.16291084962495e-06	0.01075880670986562
0.00015777861239896218	0.0032653915505396203	-0.006022604755167915	0.00010898714657714414	-0.0003953200648976196	0.016125077172254976	0.0001156558882655645	0.01013471271429034
0.0010939196057613287	0.0014555189633724819	-0.0076452491436631576	-0.00032787865032513075	-0.0008321858617998945	0.016249895971369277	-0.00025880050907911567	0.008200021328008233
-2.9449586273599948e-05	0.0011434719655851744	-0.007582839744105563	0.00017139654613473887	4.154573200487732e-05	0.018059768558536637	0.000240474687380976	0.007388699133761056
0.0017804230008937605	-0.0005415818224667746	-0.009018255933928021	-0.00014065045165323475	-0.0003329106653400249	0.016686761768272218	5.3246488708413864e-05	0.007825564930663553
-0.0004039059836187242	0.0003321497713375532	-0.007333202145875184	-7.824105209564003e-05	0.0006032303280223417	0.016187486571812126	5.3246488708413864e-05	0.008200021328008233
0.0011563290053184794	0.0017051565616024167	-0.005648148357823679	-0.00014065045165323475	0.0002287739306776615	0.014627251582874923	-7.15723104063315e-05	0.008948934122698038
-0.0004039059836187242	0.002516478755849594	-0.0027773159781787626	-0.00020305985121082948	0.00016636453112006677	0.014377613984644544	-0.0001339817099643703	0.009136162321370378
-0.0012152281778659013	0.005449720535052105	-0.001653946786144278	4.657774701910533e-05	4.154573200487732e-05	0.014440023384202139	5.3246488708413864e-05	0.010259531513405085
0.0009691008066461393	0.004763217139919673	-0.002465268980391677	-0.00014065045165323475	-0.00045772946445521434	0.012505331997920477	-7.15723104063315e-05	0.009385799919601201
-0.0009031811800779277	0.004888035939034863	-0.0025900877795064225	4.657774701910533e-05	-0.00027050126578243017	0.012879788395264935	5.3246488708413864e-05	0.00876170592402592
0.0011563290053184794	0.0034526197492124044	-0.0040879133688864755	4.657774701910533e-05	-0.0007697764622422998	0.013316654192167654	-9.16291084962495e-06	0.005953282943938376
0.00015777861239896218	0.0014555189633724819	-0.006147423554283105	-0.00014065045165323475	-0.0006449576631279985	0.013628701189955406	0.0001156558882655645	0.004642685553231551
0.0015307854026636036	0.0005193779700101153	-0.006646698750743196	0.00010898714657714414	-8.327306711009008e-05	0.014752070381990112	-9.16291084962495e-06	0.0042058197563290545
9.536921284136746e-05	-0.000666400621581964	-0.007520430344547968	4.657774701910533e-05	0.0002287739306776615	0.014377613984644544	-9.16291084962495e-06	0.004018591557656714
0.0019676511995661006	-0.0007912194206971535	-0.005086463761805993	0.00010898714657714414	0.0006032303280223417	0.014689660982432517	0.000240474687380976	0.005391598347921134
0.0009066914070892107	0.001829975360717162	-0.004462369766230712	-0.00014065045165323475	-0.00020809186622483544	0.013316654192167654	-0.0003212099086367104	0.0063277393412835
-0.0005911341822906202	0.0034526197492124044	-0.002090812583046331	0.00010898714657714414	0.0005408209284647469	0.012692560196592595	0.000240474687380976	0.00801279312933545
0.00015777861239896218	0.004888035939034863	-0.0009674433910120683	-7.824105209564003e-05	-0.00027050126578243017	0.011694009803672856	-7.15723104063315e-05	0.00838724952668124
-0.0009031811800779277	0.005012854738149164	-0.0011546715896844084	4.657774701910533e-05	-0.0006449576631279985	0.01175641920323045	-9.16291084962495e-06	0.008324840127123645
0.0009691008066461393	0.004513579541689294	-0.0015915373865864613	0.00017139654613473887	-0.00027050126578243017	0.012006056801460607	-0.0003836193081943051	0.006764605138185997
-0.001277637577423052	0.0032029821509820255	-0.003151772375523887	-0.0004526974494403202	-0.0007697764622422998	0.012817378995707784	0.00017806528782338127	0.005516417147036323
0.0017180136013361658	0.0013931095638153312	-0.005024054362248842	-0.00014065045165323475	-0.00020809186622483544	0.013815929388627746	-0.0001339817099643703	0.004081000957213865
-0.0001542683853883453	0.00026974037178040255	-0.005897785956053614	0.000358624744807301	4.154573200487732e-05	0.015500983176679695	0.00030288408693812663	0.0042058197563290545
0.00022018801195677895	-0.0003543536237946565	-0.006771517549858386	-1.5831652538045304e-05	-8.327306711009008e-05	0.015750620774909407	0.0001156558882655645	0.004642685553231551
0.0010939196057613287	0.00045696857045274264	-0.00571055775738083	-7.824105209564003e-05	0.00016636453112006677	0.01593784897358219	-0.0001339817099643703	0.005079551350134048
-0.0010279999791935612	0.002516478755849594	-0.0034638193733111944	0.00010898714657714414	0.0004784115289071522	0.016936399366502153	0.00017806528782338127	0.007451108533318429
0.0005322350097436424	0.0030157539523092414	-0.0032141817750814816	-0.00020305985121082948	-0.000520138864012365	0.01518893617889261	-0.00019639110952196503	0.009510618718715502
-0.0013400469769806467	0.0047008077403620785	-0.0015915373865864613	-0.00014065045165323475	-0.00020809186622483544	0.014564842183317328	0.00030288408693812663	0.01032194091296268
0.0005322350097436424	0.005699358133281596	-0.0006553963932243168	0.000358624744807301	-0.0012690516587023914	0.013379063591725027	-7.15723104063315e-05	0.009385799919601201
-0.0009655905796359665	0.004201532543901987	-0.002090812583046331	-0.00014065045165323475	-0.0012066422591447967	0.013815929388627746	-0.0001339817099643703	0.00801279312933545
0.0004074162106293411	0.00357743854832715	-0.0036510475719839786	0.00017139654613473887	-0.0007697764622422998	0.016000258373139786	0.000240474687380976	0.007825564930663553
0.0010939196057613287	0.0005193779700101153	-0.006459470552070412	-0.00032787865032513075	-0.0014562798573747315	0.015875439574024597	-0.0003836193081943051	0.005329188948363539
-0.0006535435818482149	0.0005193779700101153	-0.006272242353398294	-0.00020305985121082948	-0.00045772946445521434	0.01762290276163414	-7.15723104063315e-05	0.004892323151461042
0.0011563290053184794	0.0005817873695679321	-0.0063970611525134835	0.00042103414436445163	-0.0003329106653400249	0.018683862554111696	0.00017806528782338127	0.005141960749691199
-0.0004039059836187242	0.0003945591708951479	-0.0065842893511856015	-0.0002654692507684242	-0.0001456824666676848	0.018683862554111696	-0.00019639110952196503	0.006951833336858337
0.0004698256101860476	0.0020172035593899462	-0.004836826163576058	0.00017139654613473887	0.00016636453112006677	0.019744822346588586	-9.16291084962495e-06	0.00876170592402592
-0.001277637577423052	0.0032029821509820255	-0.004150322768443626	-1.5831652538045304e-05	-0.00020809186622483544	0.019620003547474063	0.000240474687380976	0.00982266571650281
0.0006570538088588318	0.004014304345229203	-0.003339000574196005	-0.0003902880498827255	-0.0008321858617998945	0.01955759414791647	-0.00025880050907911567	0.01032194091296268
-0.002088959771670673	0.004950445338592457	-0.002902134777293508	0.00023380594569166746	-0.0013314610582599862	0.019495184748359318	0.0001156558882655645	0.010696397310308026
-0.0010279999791935612	0.004201532543901987	-0.0037134569715415733	-1.5831652538045304e-05	-0.0008945952613572672	0.019370365949243684	0.0001156558882655645	0.009885075116060849
3.2959813283994777e-05	0.0036398479478847445	-0.004212732168001221	-0.00014065045165323475	-0.0015186892569323263	0.019307956549686534	-0.0001339817099643703	0.00838724952668124
-0.0007159529814060317	0.0028285257536373454	-0.00552332955870849	-7.824105209564003e-05	-0.0017059174556048884	0.019994459944818965	-7.15723104063315e-05	0.007700746131548364
0.0013435572039912635	0.0021420223585049136	-0.006022604755167915	0.0002962153452492622	-0.0007697764622422998	0.021117829136853228	0.00030288408693812663	0.004954732551018637
-0.0014648657760958361	0.0017051565616024167	-0.006334651752955889	-0.0004526974494403202	-0.0012690516587023914	0.02174192313242851	0.00017806528782338127	0.00614051114261116
0.0009691008066461393	0.001642747162045266	-0.0065842893511856015	0.00017139654613473887	-0.00027050126578243017	0.022802882924905843	0.00017806528782338127	0.007014242736416376
-0.0006535435818482149	0.0021420223585049136	-0.0057729671569384244	-0.00014065045165323475	-0.0010194140604720126	0.022927701724021032	-0.0001339817099643703	0.007638336731990769
-0.00021667778494594003	0.0027661163540799727	-0.004774416764018463	-7.824105209564003e-05	-0.0010194140604720126	0.02274047352534847	5.3246488708413864e-05	0.009011343522255633
0.00022018801195677895	0.004139123144344392	-0.0040879133688864755	0.00017139654613473887	-0.001144232859587646	0.0222411983288886	-9.16291084962495e-06	0.009510618718715502
-0.001714503374325993	0.004888035939034863	-0.003151772375523887	0.00010898714657714414	-0.0010818234600296073	0.022178788929331228	0.000240474687380976	0.01032194091296268
0.00028259741151415163	0.0038894855461149014	-0.004212732168001221	-0.00020305985121082948	-0.001955555053834823	0.02005686934437656	-0.00019639110952196503	0.009073752921813227
-0.0012152281778659013	0.004139123144344392	-0.0040879133688864755	4.657774701910533e-05	-0.0013938704578171368	0.01955759414791647	-9.16291084962495e-06	0.007825564930663553
0.0006570538088588318	0.003764666746999934	-0.004337550967115966	0.00017139654613473887	-0.0018307362547200778	0.019120728351014193	-0.0003836193081943051	0.006390148740841095
-0.0007159529814060317	0.002079612958947541	-0.006085014154725954	-0.0004526974494403202	-0.0013938704578171368	0.019807231746146625	0.0001156558882655645	0.006202920542168755
0.001031510206203734	0.0023292505571772537	-0.005585738958266084	0.000358624744807301	-0.000957004660915306	0.020493735141278835	0.0004901122856104667	0.006889423937301187
-0.0004039059836187242	0.0021420223585049136	-0.006896336348973131	-0.00032787865032513075	-0.0018931456542767844	0.0190583189514566	-0.0003836193081943051	0.005578826546593918
-0.0010279999791935612	0.001642747162045266	-0.005211282560921182	-7.824105209564003e-05	-0.0010818234600296073	0.02005686934437656	0.0001156558882655645	0.006951833336858337
0.00015777861239896218	0.002266841157620103	-0.00452477916578875	0.00010898714657714414	-0.0017683268551624831	0.019994459944818965	-7.15723104063315e-05	0.008262430727565606
-0.0007783623809631823	0.0027661163540799727	-0.0040879133688864755	-7.824105209564003e-05	-0.0015186892569323263	0.019183137750571788	5.3246488708413864e-05	0.009323390520042718
-2.9449586273599948e-05	0.0038270761465573067	-0.002902134777293508	0.00023380594569166746	-0.0018931456542767844	0.018995909551899448	5.3246488708413864e-05	0.01144531010499783
-0.0013400469769806467	0.004513579541689294	-0.0022156313821615203	0.00023380594569166746	-0.001955555053834823	0.018995909551899448	-0.00025880050907911567	0.010072303314733189
0.00034500681107130227	0.0034526197492124044	-0.0034638193733111944	-0.00020305985121082948	-0.002454830250294693	0.01762290276163414	5.3246488708413864e-05	0.01013471271429034
-0.0013400469769806467	0.004076713744786797	-0.0027773159781787626	0.00010898714657714414	-0.0032037430449844972	0.017810130960306925	-0.0001339817099643703	0.009510618718715502
0.0006570538088588318	0.0032653915505396203	-0.004836826163576058	0.00017139654613473887	-0.0021427832525071633	0.01893350015234141	0.00030288408693812663	0.009011343522255633
0.0004074162106293411	0.0015179283629300766	-0.005398510759593522	-0.00020305985121082948	-0.002642058448967255	0.019183137750571788	-0.00019639110952196503	0.007700746131548364
-0.0005287247827334696	0.0011434719655851744	-0.005835376556496019	4.657774701910533e-05	-0.002205192652064758	0.019807231746146625	0.0001156558882655645	0.008075202528893488
0.001031510206203734	0.0005193779700101153	-0.005585738958266084	0.00017139654613473887	-0.0017059174556048884	0.01955759414791647	0.0001156558882655645	0.007950383729777855
-0.0015896845752108035	0.0013931095638153312	-0.004587188565345901	-0.0002654692507684242	-0.0020803738529495686	0.019370365949243684	-0.0001339817099643703	0.009885075116060849
0.0004698256101860476	0.0018923847602747568	-0.0040879133688864755	-1.5831652538045304e-05	-0.002642058448967255	0.0184966343554398	0.00030288408693812663	0.01144531010499783
-0.0012152281778659013	0.0030781633518677243	-0.0026524971790640173	0.00010898714657714414	-0.0032037430449844972	0.018309406156767016	-7.15723104063315e-05	0.012069404100572667
-0.00027908718450353476	0.004139123144344392	-0.002090812583046331	-7.824105209564003e-05	-0.003453380643214432	0.018371815556324167	0.0001156558882655645	0.012506269897475164
-0.0012152281778659013	0.003951894945672496	-0.003089362975966292	-1.5831652538045304e-05	-0.0035157900427720268	0.017685312161191735	-0.0001339817099643703	0.011320491305882419
-0.0012152281778659013	0.0038270761465573067	-0.002964544176851547	4.657774701910533e-05	-0.003266152444542092	0.017997359158979265	0.00017806528782338127	0.010883625508980366
0.0008442820075309498	0.0017675659611604555	-0.005273691960478333	-0.0002654692507684242	-0.00413988403834642	0.01712362756517405	-0.00025880050907911567	0.008886524723140665
-0.0006535435818482149	0.0014555189633724819	-0.005273691960478333	-1.5831652538045304e-05	-0.003016514846311935	0.018683862554111696	0.00017806528782338127	0.008574477725353136
0.0006570538088588318	0.0008314249677976449	-0.0053361013600359275	0.00017139654613473887	-0.002829286647639595	0.019370365949243684	0.00017806528782338127	0.007763155531105959
-0.0004039059836187242	-0.0003543536237946565	-0.006334651752955889	-0.00020305985121082948	-0.002829286647639595	0.018434224955881318	-0.00019639110952196503	0.007887974330221148
0.0005946444093012371	-0.0001047160255647217	-0.005273691960478333	-0.00014065045165323475	-0.002829286647639595	0.017997359158979265	-7.15723104063315e-05	0.010009893915175594
-0.0014024563765382414	0.0013307001642577365	-0.00377586637109828	0.00017139654613473887	-0.003078924245869308	0.017373265163404206	0.00017806528782338127	0.011320491305882419
0.0006570538088588318	0.001829975360717162	-0.0017163561857016507	-7.824105209564003e-05	-0.003078924245869308	0.01712362756517405	5.3246488708413864e-05	0.01269349809614706
-0.00027908718450353476	0.0038270761465573067	-0.0015915373865864613	-0.00014065045165323475	-0.0042022934379040144	0.016187486571812126	-0.00025880050907911567	0.013192773292607596
-0.0009655905796359665	0.003951894945672496	-0.0014667185874714939	0.00017139654613473887	-0.0035157900427720268	0.016125077172254976	0.00030288408693812663	0.013567229689952276
-9.185898583075058e-05	0.0038894855461149014	-0.0018411749848168402	-7.824105209564003e-05	-0.004077474638789269	0.01593784897358219	-7.15723104063315e-05	0.01263108869658991
-0.0012152281778659013	0.0033902103496548097	-0.0027773159781787626	-0.00020305985121082948	-0.004514340435691988	0.016624352368714623	-0.0001339817099643703	0.011507719504555203
0.0011563290053184794	0.0022044317580625084	-0.004025503969328881	0.00023380594569166746	-0.0037654276410019616	0.017310855763846833	0.000240474687380976	0.010696397310308026
-0.0009655905796359665	0.0017051565616024167	-0.0038382757706563186	4.657774701910533e-05	-0.0035781994423291774	0.016624352368714623	-0.00019639110952196503	0.009635437517830692
0.0007194632084164265	0.0003945591708951479	-0.005024054362248842	-0.00014065045165323475	-0.003078924245869308	0.016499533569599656	-0.0001339817099643703	0.009947484515618
-0.0005911341822906202	-0.00016712542512231643	-0.002964544176851547	0.0002962153452492622	-0.002642058448967255	0.016873989966944558	0.000240474687380976	0.011570128904112797
-0.0015896845752108035	0.0009562437669123902	-0.0032141817750814816	-0.0003902880498827255	-0.0038278370405595563	0.01525134557844976	-0.0003212099086367104	0.01213181350013004
0.00034500681107130227	0.0017675659611604555	-0.002090812583046331	-7.824105209564003e-05	-0.003640608841886772	0.014377613984644544	-0.0001339817099643703	0.012755907495705099
-0.0018393221734407383	0.003702257347442117	-0.00040575879499438194	0.00017139654613473887	-0.003453380643214432	0.014564842183317328	0.00017806528782338127	0.014253733085084708
0.00022018801195677895	0.0034526197492124044	-0.001029852790569663	0.00010898714657714414	-0.004389521636576799	0.013691110589512556	5.3246488708413864e-05	0.01281831689526225
-0.001277637577423052	0.0032029821509820255	-0.0015291279870290886	-0.00014065045165323475	-0.00413988403834642	0.013753519989070151	-0.0003212099086367104	0.011694947703227543
-2.9449586273599948e-05	0.0032029821509820255	-0.0019659937839315855	-7.824105209564003e-05	-0.0037030182414439228	0.015001707980219825	0.00030288408693812663	0.011258081906325046
-0.00027908718450353476	0.0023916599567348484	-0.0030269535764091415	-0.00014065045165323475	-0.004077474638789269	0.01518893617889261	-0.0001339817099643703	0.009323390520042718
0.0007194632084164265	0.0008938343673552396	-0.0040879133688864755	-7.824105209564003e-05	-0.0037654276410019616	0.016499533569599656	-9.16291084962495e-06	0.009573028118273097
0.001031510206203734	-0.00016712542512231643	-0.005211282560921182	-1.5831652538045304e-05	-0.00413988403834642	0.015688211375352035	-0.00025880050907911567	0.009323390520042718
-0.0005287247827334696	0.00045696857045274264	-0.0034638193733111944	0.00023380594569166746	-0.0027044678485248497	0.015750620774909407	0.00036529348649572135	0.010571578511193058
-2.9449586273599948e-05	0.0009562437669123902	-0.002714906578621612	-0.00020305985121082948	-0.004015065239231896	0.013878338788184896	-0.00019639110952196503	0.01107085370765315
-0.0009655905796359665	0.0013307001642577365	-0.002278040781718893	-7.824105209564003e-05	-0.00413988403834642	0.01306701659393772	-9.16291084962495e-06	0.012943135694377439
0.0004074162106293411	0.0021420223585049136	-0.0007178057927819115	0.00023380594569166746	-0.0035157900427720268	0.012193285000132503	-0.00025880050907911567	0.012381451098359975
-0.0018393221734407383	0.002454069356292443	-0.0007802151923392842	-0.00032787865032513075	-0.0042022934379040144	0.009634499618276227	-9.16291084962495e-06	0.011008444308095555
0.0006570538088588318	0.001829975360717162	-0.001217080989241559	4.657774701910533e-05	-0.0033909712436568373	0.00938486202004607	-7.15723104063315e-05	0.009947484515618
-0.0012152281778659013	0.0022044317580625084	-0.0015915373865864613	4.657774701910533e-05	-0.003640608841886772	0.00926004322093088	-9.16291084962495e-06	0.00876170592402592
-9.185898583075058e-05	0.0010810625660280238	-0.0025900877795064225	0.00010898714657714414	-0.003078924245869308	0.009572090218718188	0.00030288408693812663	0.007513517932876024
0.0009691008066461393	0.0007690155682404942	-0.0030269535764091415	-7.824105209564003e-05	-0.003078924245869308	0.008823177424028605	-0.00019639110952196503	0.005766054745266036
-9.185898583075058e-05	0.0008314249677976449	-0.002527678379949272	0.000358624744807301	-0.0022676020516219086	0.009447271419603664	0.000427702886052872	0.006202920542168755
0.001468376003106009	-0.0006039912220243693	-0.003526228772868789	-0.00020305985121082948	-0.0028916960471967457	0.008074264629339023	-0.00019639110952196503	0.005953282943938376
-0.0007159529814060317	0.00020733097222280783	-0.002090812583046331	4.657774701910533e-05	-0.0023300114511795034	0.007824627031108644	-7.15723104063315e-05	0.006577376939513435
0.001031510206203734	0.00026974037178040255	-0.0015291279870290886	4.657774701910533e-05	-0.0028916960471967457	0.004766566452791832	-0.00025880050907911567	0.006577376939513435
-0.0008407717805212211	-0.00022953482467946706	-0.0014043091879143432	0.00017139654613473887	-0.0023300114511795034	0.004017653658101805	0.00017806528782338127	0.0071390615355306775
0.0004698256101860476	0.0009562437669123902	0.0002807446001380498	-0.00014065045165323475	-0.0029541054467543404	0.0028942844660673206	-0.00025880050907911567	0.0071390615355306775
0.0011563290053184794	0.001018653166469985	0.0005927915979255793	0.000358624744807301	-0.002205192652064758	0.002582237468279791	0.00030288408693812663	0.006452558140398246
-0.0014648657760958361	0.0015803377624876713	0.0007176103970403247	-0.0002654692507684242	-0.002454830250294693	0.002582237468279791	-0.0001339817099643703	0.005953282943938376
0.0010939196057613287	0.0013307001642577365	-0.0002809399958791925	-1.5831652538045304e-05	-0.0028916960471967457	0.0030815126647396607	-0.0001339817099643703	0.005204370149249238
-9.185898583075058e-05	0.0009562437669123902	-0.0007178057927819115	0.00023380594569166746	-0.0017059174556048884	0.004329700655889335	0.000240474687380976	0.0027704035665068183
0.0006570538088588318	0.00045696857045274264	-0.0015291279870290886	-0.00032787865032513075	-0.0023300114511795034	0.0037680160598716483	0.0001156558882655645	0.0027704035665068183
0.00015777861239896218	-0.0002919442242370618	-0.0019659937839315855	-1.5831652538045304e-05	-0.001581098656489699	0.0033311502629693734	-0.00019639110952196503	0.001771853173586635
0.001468376003106009	-0.0010408570189268662	-0.0024028595808340825	0.000358624744807301	-0.0007073670626847051	0.0035183784616421576	0.0004901122856104667	0.003207269363409093
-0.0001542683853883453	0.0001449215726652131	-0.0011546715896844084	-0.00014065045165323475	-0.0017683268551624831	0.001334049477130117	-0.00019639110952196503	0.0027079941669492236
-0.0005287247827334696	-0.0003543536237946565	0.0002807446001380498	-0.00020305985121082948	-0.001144232859587646	-0.00041341371047987074	-9.16291084962495e-06	0.0029576317651796025
0.0007818726079735772	0.0007066061686828995	0.0014041137921727564	0.00010898714657714414	-0.0012066422591447967	-0.0023481050967617545	-7.15723104063315e-05	0.003020041164737197
-0.00021667778494594003	0.0007066061686828995	0.0020282077877480376	0.00010898714657714414	-0.0007697764622422998	-0.0027849708936642514	0.000240474687380976	0.003269678762966244
0.0007194632084164265	0.0007690155682404942	0.0020906171873056323	-1.5831652538045304e-05	-0.0010194140604720126	-0.0037835212865842127	-9.16291084962495e-06	0.0015846249749142949
-0.0006535435818482149	0.0015179283629300766	0.0017785701895181028	-1.5831652538045304e-05	-0.0008945952613572672	-0.003533883688354278	0.0001156558882655645	0.0002740275842074702
0.0017804230008937605	0.00026974037178040255	0.00040556339925279516	0.00017139654613473887	-0.0001456824666676848	-0.0018488299003018849	-9.16291084962495e-06	-0.0012237980051723607
-9.185898583075058e-05	-0.0002919442242370618	-0.00046816819455197667	-1.5831652538045304e-05	-0.0003953200648976196	-0.001411964103399388	-0.0001339817099643703	-0.0025343953958796295
0.001655604201778571	-0.0007912194206971535	-0.002090812583046331	0.00023380594569166746	0.0006032303280223417	-0.0009126889069399624	0.00030288408693812663	-0.003096079991897316
0.0014059666035488583	-0.002538682608306697	-0.0021532219826039256	-0.0003902880498827255	0.0002287739306776615	-0.002847380293221846	-0.00044602870775145576	-0.004469086782161957
0.00015777861239896218	-0.0016025416149438865	-0.0007178057927819115	-0.00014065045165323475	0.0004160021293495575	-0.003721111887026618	5.3246488708413864e-05	-0.003096079991897316
0.0019676511995661006	-0.0017897698136166706	9.351640146570972e-05	0.00010898714657714414	0.00016636453112006677	-0.005406165675079011	-9.16291084962495e-06	-0.002596804795437224
-0.0003414965840611295	-0.0001047160255647217	0.002527482984207241	0.00023380594569166746	0.0011025055244824333	-0.0065919442666715344	0.00036529348649572135	-0.0012862074047299554
0.0009066914070892107	2.0102773550467745e-05	0.0027147111828800252	-0.00020305985121082948	-0.00020809186622483544	-0.008713863851625758	5.3246488708413864e-05	-0.0006621134091548964
-0.00021667778494594003	0.00026974037178040255	0.003401214578012457	4.657774701910533e-05	0.0007280491271375311	-0.007964951056935954	0.00017806528782338127	-0.0009117510073852753
0.0009691008066461393	0.001205881365142547	0.003588442776685241	-7.824105209564003e-05	-2.0863667552495357e-05	-0.0063423066684411555	-9.16291084962495e-06	-0.001348616804287328
-0.00027908718450353476	0.0007066061686828995	-3.130239764947973e-05	-0.0002654692507684242	-0.00020809186622483544	-0.004532434081273795	-0.00025880050907911567	-0.0029088517932247537
-0.0001542683853883453	-0.00047917242290917983	-0.000592986993666722	4.657774701910533e-05	0.0005408209284647469	-0.0019112392998594796	5.3246488708413864e-05	-0.0027840329941095643
0.0022172887977964795	-0.0014777228158291411	-0.0015915373865864613	0.00042103414436445163	0.0002287739306776615	0.00014827088553737156	0.00030288408693812663	-0.0027840329941095643
9.536921284136746e-05	-0.0024762732087491024	-0.0021532219826039256	-0.0002654692507684242	4.154573200487732e-05	0.0005851366824400905	-7.15723104063315e-05	-0.002659214194994819
0.001031510206203734	-0.0011032664184840169	-0.0009050339914544736	4.657774701910533e-05	-0.00020809186622483544	2.3452086422626195e-05	-0.0001339817099643703	0.0012101685775696147
-9.185898583075058e-05	-0.0005415818224667746	0.0005303821983679846	0.00023380594569166746	-0.00020809186622483544	2.3452086422626195e-05	-0.00025880050907911567	0.0023335377696047654
0.0005322350097436424	-0.00016712542512231643	0.0016537513904024692	-0.00020305985121082948	-0.000957004660915306	-0.0014743735029567606	0.00017806528782338127	0.004767504352346297
-0.0014024563765382414	0.0018923847602747568	0.0032763957788977116	4.657774701910533e-05	-0.0017059174556048884	-0.0008502795073825897	-9.16291084962495e-06	0.005516417147036323
0.0005322350097436424	0.0014555189633724819	0.00258989238376528	-1.5831652538045304e-05	-0.0013938704578171368	0.0010220024793421434	0.0001156558882655645	0.0058908735443812255
9.536921284136746e-05	0.0015803377624876713	0.001092066794385671	-0.00014065045165323475	-0.0021427832525071633	0.0027070562673945364	-0.0001339817099643703	0.005391598347921134
-0.0008407717805212211	2.0102773550467745e-05	-0.001217080989241559	-0.00020305985121082948	-0.0025172396498520655	0.006014754443941284	-0.00025880050907911567	0.005017141950576676
0.0009066914070892107	-0.00016712542512231643	-0.0019035843843744349	0.000358624744807301	-0.0018307362547200778	0.009072815022258096	0.00030288408693812663	0.004892323151461042
-0.0009655905796359665	-0.0001047160255647217	-0.002714906578621612	-0.00014065045165323475	-0.0023300114511795034	0.010633050011195744	0.0001156558882655645	0.005641235946151513
0.0011563290053184794	-0.0011032664184840169	-0.003588638172426384	0.00017139654613473887	-0.0029541054467543404	0.011631600404115705	0.000240474687380976	0.0075759273324336185
-0.0009031811800779277	0.0001449215726652131	-0.0017163561857016507	0.00017139654613473887	-0.0038278370405595563	0.010570640611638149	-0.00044602870775145576	0.008824115323583515
-0.0005287247827334696	0.0007066061686828995	-0.0011546715896844084	-0.00020305985121082948	-0.0037654276410019616	0.010321003013408214	-7.15723104063315e-05	0.011195672506767895
-0.0014024563765382414	0.0011434719655851744	0.001716160789960064	0.0002962153452492622	-0.003453380643214432	0.009946546616063756	0.00017806528782338127	0.012943135694377439
-0.0022761879703430132	0.003140572751424875	0.0018409795890752534	-7.824105209564003e-05	-0.003890246440116707	0.010196184214293025	5.3246488708413864e-05	0.013941686087297178
-0.00021667778494594003	0.0019547941598323515	0.00065520099748273	4.657774701910533e-05	-0.004389521636576799	0.010882687609425234	5.3246488708413864e-05	0.013442410890837087
-0.002151369171227824	0.002454069356292443	-0.00015612119676489122	-7.824105209564003e-05	-0.00413988403834642	0.012754969596150634	-0.0001339817099643703	0.013192773292607596
-0.0001542683853883453	0.0017675659611604555	-0.0015915373865864613	4.657774701910533e-05	-0.004514340435691988	0.014876889181104636	-9.16291084962495e-06	0.011694947703227543
-0.0012152281778659013	0.00045696857045274264	-0.0034014099737535997	-7.824105209564003e-05	-0.004576749835248695	0.016686761768272218	-7.15723104063315e-05	0.01107085370765315
-2.9449586273599948e-05	0.0007066061686828995	-0.003588638172426384	-7.824105209564003e-05	-0.004951206232594041	0.018246996757208978	-7.15723104063315e-05	0.011757357102785138
-0.0014648657760958361	0.0008314249677976449	-0.0037134569715415733	0.0002962153452492622	-0.004576749835248695	0.017685312161191735	0.000240474687380976	0.012443860497917125
0.0005946444093012371	0.0008938343673552396	-0.0013418997883567485	-0.00014065045165323475	-0.004951206232594041	0.01656194296915703	-9.16291084962495e-06	0.013692048489067243
-0.0003414965840611295	0.0023916599567348484	-0.0009050339914544736	4.657774701910533e-05	-0.0058873472259564075	0.015001707980219825	-7.15723104063315e-05	0.01481541768110195
-0.0015896845752108035	0.0028285257536373454	9.351640146570972e-05	0.00017139654613473887	-0.005138434431266381	0.014689660982432517	0.000427702886052872	0.01612601507180944
-0.0010904093787507119	0.0030781633518677243	0.00040556339925279516	-0.00014065045165323475	-0.006136984824186342	0.013628701189955406	-0.00019639110952196503	0.015876377473579506
-0.0019641409725554837	0.0026412975549652273	-0.00046816819455197667	-0.00014065045165323475	-0.00626180362330131	0.013940748187742491	-0.0001339817099643703	0.01518987407844663
0.00015777861239896218	0.0023292505571772537	-0.0009050339914544736	0.000358624744807301	-0.005388072029496316	0.014876889181104636	-0.00025880050907911567	0.013879276687740028
-0.0022761879703430132	0.0019547941598323515	-0.0019035843843744349	-0.00032787865032513075	-0.006573850621088839	0.016312305370927316	-9.16291084962495e-06	0.013192773292607596
0.0004074162106293411	0.0012682907647003638	-0.003151772375523887	0.00010898714657714414	-0.0060745754246287476	0.017435674562962244	5.3246488708413864e-05	0.013067954493492628
-0.0012152281778659013	0.0012682907647003638	-0.002902134777293508	0.00017139654613473887	-0.006324213022858904	0.01762290276163414	0.0001156558882655645	0.013067954493492628
-0.0010279999791935612	0.0013931095638153312	-0.003339000574196005	-1.5831652538045304e-05	-0.006573850621088839	0.016936399366502153	5.3246488708413864e-05	0.01325518269216519
9.536921284136746e-05	0.0015803377624876713	-0.002714906578621612	-1.5831652538045304e-05	-0.006573850621088839	0.015750620774909407	-0.0001339817099643703	0.013192773292607596
-0.001714503374325993	0.00289093515319494	-0.0007802151923392842	0.00017139654613473887	-0.006386622422416499	0.015563392576236845	0.000240474687380976	0.014877827080659545
-2.9449586273599948e-05	0.002079612958947541	-0.0014043091879143432	-0.00020305985121082948	-0.007322763415778422	0.014065566986857236	-0.00019639110952196503	0.01512746467888948
-0.0018393221734407383	0.0025788881554076326	-0.0005305775941095714	-0.00014065045165323475	-0.006761078819760735	0.013503882390840216	-0.0001339817099643703	0.01462818948242961
-0.0005911341822906202	0.002703706954521934	-0.000592986993666722	-1.5831652538045304e-05	-0.006386622422416499	0.01306701659393772	0.00030288408693812663	0.014253733085084708
-0.0010279999791935612	0.002079612958947541	-0.0010922621901263696	-0.00014065045165323475	-0.006761078819760735	0.012505331997920477	-0.0001339817099643703	0.012506269897475164
-2.9449586273599948e-05	0.0018923847602747568	-0.0017163561857016507	0.00010898714657714414	-0.0065114412215312445	0.013316654192167654	0.0001156558882655645	0.01231904169880238
0.0009066914070892107	0.001205881365142547	-0.0028397253777363574	0.00017139654613473887	-0.006573850621088839	0.012942197794822974	0.0001156558882655645	0.01094603490853796
-0.001277637577423052	0.0013931095638153312	-0.002527678379949272	-0.00014065045165323475	-0.006012166025071597	0.012567741397477628	-9.16291084962495e-06	0.01032194091296268
0.0004074162106293411	0.0013307001642577365	-0.0028397253777363574	-0.00014065045165323475	-0.006636260020646434	0.012006056801460607	-0.0003836193081943051	0.00982266571650281
-0.00021667778494594003	0.0013307001642577365	-0.0022156313821615203	0.0002962153452492622	-0.005762528426841218	0.012442922598362438	0.000427702886052872	0.010072303314733189
-9.185898583075058e-05	0.001205881365142547	-0.0019035843843744349	-0.0002654692507684242	-0.006761078819760735	0.011007506408540646	-0.0001339817099643703	0.011382900705440235
-0.0014024563765382414	0.0017051565616024167	-0.0014043091879143432	-0.00020305985121082948	-0.006573850621088839	0.010570640611638149	0.00030288408693812663	0.011694947703227543
0.0008442820075309498	0.0014555189633724819	-0.0009050339914544736	-0.00032787865032513075	-0.00682348821931833	0.009759318417390972	-0.00025880050907911567	0.011694947703227543
-0.0018393221734407383	0.0020172035593899462	-0.0006553963932243168	-0.00014065045165323475	-0.007260354016220827	0.009634499618276227	-0.0001339817099643703	0.011507719504555203
-0.001277637577423052	0.0017051565616024167	-0.0007178057927819115	-7.824105209564003e-05	-0.00682348821931833	0.010071365415178057	-9.16291084962495e-06	0.011320491305882419
0.00028259741151415163	0.0026412975549652273	-0.00015612119676489122	0.00023380594569166746	-0.006449031821974094	0.010321003013408214	0.00017806528782338127	0.011133263107209856
-0.0010279999791935612	0.0019547941598323515	-0.0013418997883567485	-0.00014065045165323475	-0.007197944616663898	0.011007506408540646	-9.16291084962495e-06	0.011008444308095555
0.0005946444093012371	0.0013307001642577365	-0.0022156313821615203	-0.0002654692507684242	-0.0075724010140088005	0.011631600404115705	-0.00025880050907911567	0.011632538303669948
-0.0011528187783083066	0.002516478755849594	-0.0012794903887991538	0.0002962153452492622	-0.006698669420204029	0.013316654192167654	-0.0003212099086367104	0.010384350312520718
0.0004074162106293411	0.0008314249677976449	-0.0030269535764091415	-0.00032787865032513075	-0.006885897618876369	0.012380513198804843	5.3246488708413864e-05	0.010571578511193058
-0.0009031811800779277	0.0008938343673552396	-0.00234045018127671	-1.5831652538045304e-05	-0.007197944616663898	0.011381962805885326	-0.0001339817099643703	0.010633987910749987
-9.185898583075058e-05	0.0015179283629300766	-0.001029852790569663	0.00023380594569166746	-0.006761078819760735	0.01175641920323045	0.000427702886052872	0.011757357102785138
-0.00021667778494594003	0.001205881365142547	-0.0012794903887991538	-0.00032787865032513075	-0.007822038612238291	0.010196184214293025	-0.0005084381073090505	0.01107085370765315
-0.0016520939747683983	0.00289093515319494	0.0002807446001380498	-1.5831652538045304e-05	-0.007322763415778422	0.010757868810310933	0.0001156558882655645	0.012381451098359975
0.00015777861239896218	0.0022044317580625084	-0.0005305775941095714	-1.5831652538045304e-05	-0.007884448011796108	0.010321003013408214	-0.0001339817099643703	0.011944585301457922
-0.0011528187783083066	0.002953344552752535	9.351640146570972e-05	0.00023380594569166746	-0.006698669420204029	0.010445821812523404	0.00036529348649572135	0.010821216109422771
-0.00021667778494594003	0.0026412975549652273	-0.000592986993666722	-0.00020305985121082948	-0.007697219813123546	0.010071365415178057	-9.16291084962495e-06	0.01094603490853796
-0.0008407717805212211	0.0020172035593899462	-0.0015915373865864613	-1.5831652538045304e-05	-0.006573850621088839	0.012006056801460607	0.0005525216851680614	0.01075880670986562
0.0009691008066461393	0.0020172035593899462	-0.0015915373865864613	-0.00032787865032513075	-0.007509991614451206	0.011943647401903013	-0.00025880050907911567	0.009947484515618
-0.0014024563765382414	0.0012682907647003638	-0.0032141817750814816	0.00023380594569166746	-0.007197944616663898	0.012068466201018202	0.0001156558882655645	0.00982266571650281
-0.0009031811800779277	0.0010810625660280238	-0.002090812583046331	0.00017139654613473887	-0.006324213022858904	0.011881238002345418	0.00030288408693812663	0.010009893915175594
-9.185898583075058e-05	0.0009562437669123902	-0.0018411749848168402	-0.0002654692507684242	-0.007509991614451206	0.01025859361385062	-0.0003836193081943051	0.009448209319157908
-0.0010904093787507119	0.001205881365142547	-0.0012794903887991538	-0.0002654692507684242	-0.007010716417991114	0.00913522442181569	-0.0001339817099643703	0.009947484515618
0.0004698256101860476	0.002454069356292443	0.0005303821983679846	0.00042103414436445163	-0.0058873472259564075	0.008261492828010919	0.00036529348649572135	0.009947484515618
-0.0015896845752108035	0.0023292505571772537	0.00040556339925279516	-0.00014065045165323475	-0.006449031821974094	0.0068884860377460555	-0.00025880050907911567	0.009136162321370378
0.0004074162106293411	0.0017051565616024167	-0.0002809399958791925	-0.00020305985121082948	-0.0054504814290539105	0.006763667238631754	5.3246488708413864e-05	0.008948934122698038
-0.001277637577423052	0.002454069356292443	0.00015592580102241627	-1.5831652538045304e-05	-0.005700119027284067	0.006514029640401375	-7.15723104063315e-05	0.007638336731990769
0.0005946444093012371	0.0015803377624876713	-0.0017787655852588014	4.657774701910533e-05	-0.005076025031708786	0.007138123635976212	0.0001156558882655645	0.007076652135973527
0.0007194632084164265	0.0006441967691253048	-0.0020284031834891803	-1.5831652538045304e-05	-0.005013615632151636	0.006763667238631754	-0.00019639110952196503	0.0058908735443812255
-0.00021667778494594003	0.0005193779700101153	-0.0017787655852588014	0.000358624744807301	-0.004264702837461609	0.007200533035533807	0.000427702886052872	0.006202920542168755
0.001031510206203734	-0.00047917242290917983	-0.00234045018127671	-0.00020305985121082948	-0.004701568634364106	0.005078613450579361	-0.0003212099086367104	0.0048299137519038915
-0.0009655905796359665	0.001018653166469985	-0.00046816819455197667	-0.00014065045165323475	-0.004015065239231896	0.004329700655889335	-9.16291084962495e-06	0.00607810174305401
0.0006570538088588318	0.001018653166469985	-9.371179720685241e-05	0.00010898714657714414	-0.004576749835248695	0.0035807878611997523	5.3246488708413864e-05	0.006452558140398246
-0.0007783623809631823	0.0014555189633724819	0.0009048385957131089	4.657774701910533e-05	-0.004015065239231896	0.0008347742806702474	-0.00019639110952196503	0.005516417147036323
0.00022018801195677895	0.001829975360717162	0.001279294993057567	-1.5831652538045304e-05	-0.0035781994423291774	0.0006475460819972412	-9.16291084962495e-06	0.005079551350134048
-0.0007159529814060317	0.001205881365142547	0.00021833520058089917	-7.824105209564003e-05	-0.002829286647639595	-0.00022618551180753066	-9.16291084962495e-06	0.003644135160312034
-0.0008407717805212211	0.0008314249677976449	3.1107001908114995e-05	-1.5831652538045304e-05	-0.0029541054467543404	0.0007723648811124306	-9.16291084962495e-06	0.0035193163611968448
0.0015307854026636036	2.0102773550467745e-05	-0.0010922621901263696	0.00017139654613473887	-0.0037030182414439228	0.0026446468678369417	5.3246488708413864e-05	0.003706544559869185
-0.00046631538317587484	-0.00016712542512231643	-0.0015915373865864613	-0.00014065045165323475	-0.003952655839674302	0.0037056066603144977	-9.16291084962495e-06	0.004018591557656714
0.0007818726079735772	0.00026974037178040255	-0.0014043091879143432	4.657774701910533e-05	-0.004639159234806733	0.004704157053234237	-0.0001339817099643703	0.0058908735443812255
-0.0001542683853883453	0.0001449215726652131	-0.0013418997883567485	0.00023380594569166746	-0.004576749835248695	0.005889935644826538	-0.00025880050907911567	0.006015692343496415
0.0004074162106293411	-4.230662600668289e-05	-0.0014667185874714939	-0.0002654692507684242	-0.0058873472259564075	0.006826076638188461	0.0001156558882655645	0.008200021328008233
-0.0014024563765382414	0.0013931095638153312	3.1107001908114995e-05	-0.00014065045165323475	-0.007260354016220827	0.007450170633763742	-0.00019639110952196503	0.009136162321370378
0.00022018801195677895	0.001205881365142547	0.0005927915979255793	0.00010898714657714414	-0.006698669420204029	0.008323902227568514	0.0001156558882655645	0.01032194091296268
-0.0003414965840611295	0.0023916599567348484	-9.371179720685241e-05	-7.824105209564003e-05	-0.007697219813123546	0.008573539825798449	-0.0001339817099643703	0.010259531513405085
-0.0013400469769806467	0.0018923847602747568	-0.0009674433910120683	-1.5831652538045304e-05	-0.0077596292126806965	0.01025859361385062	-9.16291084962495e-06	0.010633987910749987
0.00034500681107130227	0.002266841157620103	-0.0010922621901263696	0.00023380594569166746	-0.007509991614451206	0.011381962805885326	0.00030288408693812663	0.010509169111635464
-0.001714503374325993	0.001642747162045266	-0.002278040781718893	-0.0003902880498827255	-0.00875817960560088	0.012318103799247693	-0.00025880050907911567	0.010009893915175594
0.0005946444093012371	0.0007690155682404942	-0.003089362975966292	-0.00014065045165323475	-0.00894540780427322	0.013191835393052465	5.3246488708413864e-05	0.010509169111635464
-0.0012152281778659013	0.0015803377624876713	-0.0024028595808340825	4.657774701910533e-05	-0.00894540780427322	0.013191835393052465	-9.16291084962495e-06	0.01075880670986562
0.00028259741151415163	0.0013931095638153312	-0.002278040781718893	0.00017139654613473887	-0.008695770206043507	0.013316654192167654	0.000427702886052872	0.011694947703227543
-0.0008407717805212211	0.0015179283629300766	-0.001029852790569663	-0.00014065045165323475	-0.009319864201618344	0.012130875600575797	-0.00025880050907911567	0.011570128904112797
-0.0016520939747683983	0.0026412975549652273	-0.00015612119676489122	-1.5831652538045304e-05	-0.00907022660338841	0.012505331997920477	5.3246488708413864e-05	0.012568679297032759
-9.185898583075058e-05	0.0026412975549652273	-0.0007802151923392842	-7.824105209564003e-05	-0.009507092400291128	0.011694009803672856	-0.0001339817099643703	0.011944585301457922
-0.0018393221734407383	0.002953344552752535	9.351640146570972e-05	4.657774701910533e-05	-0.008633360806485912	0.012130875600575797	0.00017806528782338127	0.01225663229924523
0.00022018801195677895	0.002953344552752535	-0.0006553963932243168	4.657774701910533e-05	-0.00913263600294556	0.012130875600575797	-9.16291084962495e-06	0.011008444308095555
-0.001277637577423052	0.002454069356292443	-0.0011546715896844084	-7.824105209564003e-05	-0.008695770206043507	0.012130875600575797	-0.0001339817099643703	0.010384350312520718
-0.0001542683853883453	0.002953344552752535	-0.001029852790569663	-1.5831652538045304e-05	-0.00875817960560088	0.012630150797035444	0.00017806528782338127	0.01075880670986562
-0.0010279999791935612	0.0023916599567348484	-0.0014043091879143432	-1.5831652538045304e-05	-0.00894540780427322	0.012006056801460607	-9.16291084962495e-06	0.01013471271429034
0.0005322350097436424	0.0018923847602747568	-0.0013418997883567485	-0.00014065045165323475	-0.00875817960560088	0.012130875600575797	-7.15723104063315e-05	0.01032194091296268
0.0006570538088588318	0.001642747162045266	-0.0018411749848168402	0.00023380594569166746	-0.009195045402503599	0.012442922598362438	0.00017806528782338127	0.010633987910749987
-0.0012152281778659013	0.001642747162045266	-0.0017163561857016507	-1.5831652538045304e-05	-0.00888299840471607	0.012505331997920477	0.0001156558882655645	0.01094603490853796
-0.00046631538317587484	0.002079612958947541	-0.0013418997883567485	-0.00020305985121082948	-0.009694320598963246	0.012567741397477628	-0.00019639110952196503	0.01094603490853796
-0.0014648657760958361	0.0021420223585049136	-0.0014043091879143432	-7.824105209564003e-05	-0.009756729998520841	0.012817378995707784	-7.15723104063315e-05	0.010696397310308026
3.2959813283994777e-05	0.002454069356292443	-0.000592986993666722	0.00023380594569166746	-0.008570951406928318	0.012068466201018202	-9.16291084962495e-06	0.01013471271429034
-0.0017769127738826995	0.0030157539523092414	-0.00021853059632159777	-0.00014065045165323475	-0.008071676210468448	0.009634499618276227	5.3246488708413864e-05	0.009136162321370378
0.00034500681107130227	0.0023916599567348484	-0.0009050339914544736	0.00010898714657714414	-0.0071355352171063036	0.00913522442181569	0.0001156558882655645	0.008824115323583515
-0.001277637577423052	0.0027661163540799727	-0.0005305775941095714	0.00017139654613473887	-0.007385172815336016	0.008823177424028605	0.00017806528782338127	0.008137611928450639
-0.0007783623809631823	0.001205881365142547	-0.002090812583046331	-0.0002654692507684242	-0.007822038612238291	0.008635949225356043	-0.0001339817099643703	0.007451108533318429
0.0005946444093012371	0.0010810625660280238	-0.002278040781718893	4.657774701910533e-05	-0.007509991614451206	0.008573539825798449	-0.0001339817099643703	0.006889423937301187
-0.0007783623809631823	0.0009562437669123902	-0.0019659937839315855	0.00017139654613473887	-0.0071355352171063036	0.009509680819160593	0.000240474687380976	0.007513517932876024
0.0007194632084164265	-0.00047917242290917983	-0.003588638172426384	-0.00032787865032513075	-0.008383723208255978	0.009010405622700501	-0.0003836193081943051	0.007638336731990769
-0.001277637577423052	0.0005193779700101153	-0.0021532219826039256	-7.824105209564003e-05	-0.007822038612238291	0.010133774814735652	-9.16291084962495e-06	0.008512068325795541
3.2959813283994777e-05	0.0011434719655851744	-0.0017787655852588014	4.657774701910533e-05	-0.008196495009584082	0.011132325207655835	0.00030288408693812663	0.009323390520042718
-0.0009031811800779277	0.001642747162045266	-0.0012794903887991538	-0.0002654692507684242	-0.008508542007371167	0.009634499618276227	-0.0003836193081943051	0.008200021328008233
-0.0003414965840611295	0.0019547941598323515	-0.00046816819455197667	-1.5831652538045304e-05	-0.008134085610025599	0.009821727816948123	0.0001156558882655645	0.00876170592402592
0.0007194632084164265	0.0021420223585049136	-0.001029852790569663	0.00023380594569166746	-0.007822038612238291	0.009759318417390972	0.000240474687380976	0.008137611928450639
-0.0016520939747683983	0.002266841157620103	-0.0013418997883567485	-0.00032787865032513075	-0.008009266810911297	0.009447271419603664	-0.00019639110952196503	0.007451108533318429
0.0005322350097436424	0.0015803377624876713	-0.0020284031834891803	-7.824105209564003e-05	-0.008695770206043507	0.010383412412965365	-0.0001339817099643703	0.007388699133761056
-0.00046631538317587484	0.001018653166469985	-0.0026524971790640173	4.657774701910533e-05	-0.008321313808698383	0.011132325207655835	0.0001156558882655645	0.006827014537743592
0.0004698256101860476	0.0009562437669123902	-0.00234045018127671	-1.5831652538045304e-05	-0.008134085610025599	0.010633050011195744	5.3246488708413864e-05	0.007263880334645867
-0.0009031811800779277	0.0005193779700101153	-0.002465268980391677	-7.824105209564003e-05	-0.008196495009584082	0.01025859361385062	-7.15723104063315e-05	0.007014242736416376
0.0008442820075309498	0.0006441967691253048	-0.0022156313821615203	0.0002962153452492622	-0.007447582214893611	0.010508231212080554	0.000427702886052872	0.008137611928450639
-0.001277637577423052	0.0021420223585049136	-0.0009674433910120683	-0.00014065045165323475	-0.00875817960560088	0.009759318417390972	-0.00019639110952196503	0.007763155531105959
-0.0016520939747683983	0.0023292505571772537	-0.0003433493954372313	-0.0002654692507684242	-0.008134085610025599	0.009696909017833377	-0.00019639110952196503	0.007950383729777855
9.536921284136746e-05	0.0036398479478847445	0.0005303821983679846	0.0002962153452492622	-0.007447582214893611	0.009759318417390972	0.00030288408693812663	0.008137611928450639
-0.0015272751756534308	0.002266841157620103	-0.0009674433910120683	-0.0004526974494403202	-0.008134085610025599	0.009884137216506161	-0.0003212099086367104	0.0071390615355306775
0.0004698256101860476	0.0022044317580625084	-0.0010922621901263696	4.657774701910533e-05	-0.007385172815336016	0.0088855868235862	-7.15723104063315e-05	0.006764605138185997
-0.0009655905796359665	0.002516478755849594	-0.0007178057927819115	0.00017139654613473887	-0.006885897618876369	0.009634499618276227	-0.0001339817099643703	0.00614051114261116
0.0009066914070892107	0.0009562437669123902	-0.00234045018127671	-1.5831652538045304e-05	-0.007697219813123546	0.010383412412965365	0.0001156558882655645	0.006390148740841095
-0.0008407717805212211	0.0011434719655851744	-0.002090812583046331	4.657774701910533e-05	-0.008695770206043507	0.01125714400677058	-9.16291084962495e-06	0.0071390615355306775
0.00022018801195677895	0.001642747162045266	-0.001653946786144278	4.657774701910533e-05	-0.00894540780427322	0.012255694399690098	0.0001156558882655645	0.008137611928450639
-0.0003414965840611295	0.0019547941598323515	-0.0014043091879143432	-7.824105209564003e-05	-0.009507092400291128	0.012006056801460607	-0.0001339817099643703	0.007825564930663553
-0.0018393221734407383	0.0032653915505396203	-0.00046816819455197667	-7.824105209564003e-05	-0.009569501799848501	0.013316654192167654	0.0001156558882655645	0.009136162321370378
0.00022018801195677895	0.0030157539523092414	-0.0009050339914544736	0.00023380594569166746	-0.00988154879763603	0.013940748187742491	0.00017806528782338127	0.009198571720928417
-0.0022761879703430132	0.003327800950097215	-0.0010922621901263696	-0.0003902880498827255	-0.009756729998520841	0.013566291790397367	-0.0003212099086367104	0.008200021328008233
-0.00027908718450353476	0.00357743854832715	-0.0012794903887991538	-7.824105209564003e-05	-0.009819139398078436	0.013940748187742491	0.0001156558882655645	0.007825564930663553
-0.0012152281778659013	0.00289093515319494	-0.0022156313821615203	0.00010898714657714414	-0.008446132607813572	0.013940748187742491	0.000240474687380976	0.006889423937301187
0.0004074162106293411	0.0030157539523092414	-0.0020284031834891803	-0.00020305985121082948	-0.009007817203830815	0.013628701189955406	-0.00019639110952196503	0.006202920542168755
-0.0014024563765382414	0.0020172035593899462	-0.003588638172426384	4.657774701910533e-05	-0.00888299840471607	0.013503882390840216	-9.16291084962495e-06	0.005578826546593918
-0.0010279999791935612	0.0019547941598323515	-0.0024028595808340825	0.00010898714657714414	-0.007946857411353703	0.013753519989070151	0.000240474687380976	0.005641235946151513
9.536921284136746e-05	0.0012682907647003638	-0.003089362975966292	-0.00032787865032513075	-0.00925745480206075	0.013191835393052465	-0.0003836193081943051	0.005204370149249238
-0.0010279999791935612	0.0019547941598323515	-0.0025900877795064225	0.00010898714657714414	-0.008508542007371167	0.014003157587299642	5.3246488708413864e-05	0.005828464144823853
-2.9449586273599948e-05	0.00289093515319494	-0.0015291279870290886	0.00017139654613473887	-0.008258904409140788	0.013940748187742491	0.00017806528782338127	0.0058908735443812255
-0.0015272751756534308	0.0028285257536373454	-0.002090812583046331	-0.00014065045165323475	-0.008820589005158475	0.014065566986857236	-0.00019639110952196503	0.004767504352346297
-2.9449586273599948e-05	0.002516478755849594	-0.002527678379949272	-7.824105209564003e-05	-0.0071355352171063036	0.013628701189955406	0.00017806528782338127	0.005017141950576676
-0.0014648657760958361	0.00357743854832715	-0.0015291279870290886	-0.00020305985121082948	-0.008071676210468448	0.012567741397477628	-0.00019639110952196503	0.0037689539594263355
0.00015777861239896218	0.0021420223585049136	-0.0028397253777363574	-0.00014065045165323475	-0.0071355352171063036	0.012505331997920477	5.3246488708413864e-05	0.0033320881625238385
0.00015777861239896218	0.0023916599567348484	-0.002527678379949272	-1.5831652538045304e-05	-0.007010716417991114	0.011818828602787823	-0.0001339817099643703	0.003020041164737197
-0.0005287247827334696	0.001829975360717162	-0.0027773159781787626	-1.5831652538045304e-05	-0.006948307018433519	0.012006056801460607	0.00017806528782338127	0.003456906961639028
0.0009066914070892107	0.0015803377624876713	-0.0028397253777363574	-1.5831652538045304e-05	-0.006885897618876369	0.01106991580809824	-9.16291084962495e-06	0.0025207659682771055
-0.0014024563765382414	0.0021420223585049136	-0.0020284031834891803	-0.00014065045165323475	-0.006885897618876369	0.011132325207655835	-0.0001339817099643703	0.003706544559869185
0.001031510206203734	0.0019547941598323515	-0.0021532219826039256	0.0002962153452492622	-0.007197944616663898	0.011943647401903013	-0.0001339817099643703	0.003456906961639028
-0.0015896845752108035	0.0022044317580625084	-0.0021532219826039256	-0.00032787865032513075	-0.00907022660338841	0.013316654192167654	-0.00025880050907911567	0.004018591557656714
-0.00027908718450353476	0.00289093515319494	-0.002090812583046331	4.657774701910533e-05	-0.009756729998520841	0.015750620774909407	-9.16291084962495e-06	0.005141960749691199
-0.0014024563765382414	0.003327800950097215	-0.002465268980391677	4.657774701910533e-05	-0.010505642793210423	0.017310855763846833	0.0001156558882655645	0.005266779548805944
-0.0016520939747683983	0.003951894945672496	-0.0032141817750814816	-7.824105209564003e-05	-0.011504193186130385	0.019744822346588586	5.3246488708413864e-05	0.0058908735443812255
-0.0003414965840611295	0.003327800950097215	-0.0037134569715415733	4.657774701910533e-05	-0.012502743579049902	0.02167951373287136	-0.0001339817099643703	0.005516417147036323
-0.0015272751756534308	0.003764666746999934	-0.004462369766230712	-1.5831652538045304e-05	-0.012565152978607497	0.022927701724021032	0.00017806528782338127	0.005828464144823853
-0.00021667778494594003	0.0033902103496548097	-0.004649597964903496	-1.5831652538045304e-05	-0.013688522170642425	0.02361420511915302	-0.0001339817099643703	0.005391598347921134
-0.0018393221734407383	0.0036398479478847445	-0.004212732168001221	-7.824105209564003e-05	-0.013002018775509994	0.02436311791384327	-7.15723104063315e-05	0.004892323151461042
0.00015777861239896218	0.0042639419434595816	-0.0042751415675583715	4.657774701910533e-05	-0.01156660258568798	0.022927701724021032	0.00036529348649572135	0.005079551350134048
-0.0017769127738826995	0.004638398340804928	-0.002527678379949272	-0.0002654692507684242	-0.012128287181704778	0.020119278743934155	-0.0003212099086367104	0.0042058197563290545
9.536921284136746e-05	0.004575988941246889	-0.00234045018127671	-0.00014065045165323475	-0.010880099190555548	0.01955759414791647	-7.15723104063315e-05	0.004018591557656714
0.00015777861239896218	0.004575988941246889	-0.0032765911746388543	-1.5831652538045304e-05	-0.010630461592325613	0.018434224955881318	-7.15723104063315e-05	0.00395618215809912
-0.0007159529814060317	0.004201532543901987	-0.0030269535764091415	0.00010898714657714414	-0.009756729998520841	0.017934949759422114	0.00030288408693812663	0.003706544559869185
9.536921284136746e-05	0.0028285257536373454	-0.0038382757706563186	-7.824105209564003e-05	-0.009569501799848501	0.01674917116782937	-7.15723104063315e-05	0.002645584767391851
-0.0005287247827334696	0.0027661163540799727	-0.004836826163576058	-0.00014065045165323475	-0.009444683000732867	0.015625801975794884	-0.0001339817099643703	0.0023335377696047654
0.0005946444093012371	0.001829975360717162	-0.0032141817750814816	0.0002962153452492622	-0.008570951406928318	0.016062667772696937	5.3246488708413864e-05	0.0025207659682771055
-0.0008407717805212211	0.0021420223585049136	-0.00452477916578875	-0.00020305985121082948	-0.009631911199405652	0.015001707980219825	-0.00019639110952196503	0.0022711283700467266
0.0004698256101860476	0.002079612958947541	-0.0030269535764091415	0.00010898714657714414	-0.00913263600294556	0.015750620774909407	0.000240474687380976	0.0031448599638514985
-0.0014024563765382414	0.002953344552752535	-0.0025900877795064225	-7.824105209564003e-05	-0.010443233393652829	0.015064117379776976	-0.00019639110952196503	0.0029576317651796025
-0.002088959771670673	0.003515029148769555	-0.0013418997883567485	-0.00014065045165323475	-0.010068776996307927	0.017186036964732088	5.3246488708413864e-05	0.0031448599638514985
0.00028259741151415163	0.004763217139919673	-0.0028397253777363574	0.00010898714657714414	-0.010505642793210423	0.017186036964732088	-9.16291084962495e-06	0.0033944975620818774
-0.001714503374325993	0.0042639419434595816	-0.0017163561857016507	4.657774701910533e-05	-0.009756729998520841	0.018246996757208978	5.3246488708413864e-05	0.0028952223656220077
9.536921284136746e-05	0.004139123144344392	-0.003339000574196005	-1.5831652538045304e-05	-0.009507092400291128	0.017560493362076546	5.3246488708413864e-05	0.0018966719727020465
-0.0011528187783083066	0.0042639419434595816	-0.0026524971790640173	-0.00020305985121082948	-0.008633360806485912	0.016374714770484466	-9.16291084962495e-06	0.0015846249749142949
0.00015777861239896218	0.003702257347442117	-0.0026524971790640173	0.00010898714657714414	-0.007385172815336016	0.014190385785972648	0.000240474687380976	0.001959081372259641
-0.00027908718450353476	0.004326351343016732	-0.002964544176851547	-0.00020305985121082948	-0.007385172815336016	0.013129425993495314	-0.00019639110952196503	0.0006484839815523724
-2.9449586273599948e-05	0.00289093515319494	-0.00377586637109828	-1.5831652538045304e-05	-0.007073125817548709	0.012068466201018202	5.3246488708413864e-05	0.0015846249749142949
0.0012811478044336688	0.0011434719655851744	-0.0032141817750814816	4.657774701910533e-05	-0.005762528426841218	0.010570640611638149	0.00017806528782338127	0.0002740275842074702
-0.0009655905796359665	-0.00016712542512231643	-0.00377586637109828	-0.00032787865032513075	-0.0033285618440996867	0.007138123635976212	-0.00025880050907911567	-0.0007245228087124911
0.0019676511995661006	-0.0008536288202547482	-0.003089362975966292	-1.5831652538045304e-05	-8.327306711009008e-05	0.0008347742806702474	-9.16291084962495e-06	-0.0016606638020748576
0.00034500681107130227	-0.0022266356105191676	-0.0010922621901263696	4.657774701910533e-05	0.004909478897488828	-0.005718212672865874	0.0001156558882655645	-0.0035329457887993687
0.00227969819735363	-0.0005415818224667746	0.0009672479952704816	0.00010898714657714414	0.007530673678903588	-0.013644206416667526	-9.16291084962495e-06	-0.0022847577976501388
-9.185898583075058e-05	0.00045696857045274264	0.004649402569162353	-0.00014065045165323475	0.004784660098374083	-0.016951904593214273	-0.00025880050907911567	-0.001598254402517707
0.0014059666035488583	0.001642747162045266	0.0047742213682773205	0.00023380594569166746	0.005845619890851195	-0.016639857595426966	0.000427702886052872	-0.0001628382126948047
0.00015777861239896218	0.0022044317580625084	0.0043373555713743794	-0.0002654692507684242	0.006157666888639168	-0.01707672339232902	-0.0003212099086367104	-0.0019103014003047925
0.0017804230008937605	-0.0026635014074216645	-0.0003433493954372313	-1.5831652538045304e-05	0.007717901877575928	-0.016452629396754626	0.00017806528782338127	-0.0024719859963220348
0.003403067389388559	-0.006844931177773184	-0.0042751415675583715	4.657774701910533e-05	0.007218626681116058	-0.012645656023747565	-9.16291084962495e-06	-0.00453149618171933
0.0019676511995661006	-0.008467575566267538	-0.007582839744105563	4.657774701910533e-05	0.005970438689966384	-0.008152179255608294	0.0001156558882655645	-0.004781133779949265
0.003340657989830964	-0.010277448153435564	-0.009392712331272701	-0.00020305985121082948	0.0038485191050119383	-0.006404716067998972	-0.00019639110952196503	-0.0050307713781787555
0.0006570538088588318	-0.008904441363170257	-0.0057729671569384244	4.657774701910533e-05	0.004410203701029181	-0.005655803273308724	0.0001156558882655645	-0.003470536389241996
0.0015931948022211984	-0.005159877389721235	-0.0002809399958791925	0.00017139654613473887	0.005159116495719207	-0.014143481613127395	-0.00019639110952196503	-0.002222348398092544
-0.0017769127738826995	-0.0016649510145019253	0.0066465033550016095	-1.5831652538045304e-05	0.0057832104912936	-0.018699367780823817	-7.15723104063315e-05	-0.0004124758109251836
-0.00027908718450353476	0.0032029821509820255	0.012637805712520711	-1.5831652538045304e-05	0.006032848089523979	-0.018824186579939006	5.3246488708413864e-05	0.0010229403788970526
0.0005946444093012371	0.004950445338592457	0.009392516935531114	0.00023380594569166746	0.005720801091736005	-0.01539166960427707	5.3246488708413864e-05	8.679938553468602e-05
0.0005322350097436424	0.0030781633518677243	0.0019657983881899987	-0.00020305985121082948	0.003474062707667258	-0.009275548447643	-0.0001339817099643703	-0.0009741604069424259
0.0028413827933708724	-0.00260109200786407	-0.005024054362248842	-0.00014065045165323475	0.0019138277187296104	-0.0013495547038422373	-0.0001339817099643703	-0.003470536389241996
0.002903792192928467	-0.0060336089835260065	-0.010765719121537565	0.00023380594569166746	0.0033492439085520687	0.0016460964749174245	0.00036529348649572135	-0.007464737960921175
0.004151980184078141	-0.009341307160072754	-0.012076316512244833	4.657774701910533e-05	0.0038485191050119383	0.0005851366824400905	5.3246488708413864e-05	-0.006778234565788965
0.0011563290053184794	-0.009341307160072754	-0.00801970554100806	-0.00014065045165323475	0.0037237003058963047	-0.008713863851625758	5.3246488708413864e-05	-0.0042194491839320225
0.0017804230008937605	-0.00528469618883598	-0.0014667185874714939	0.00017139654613473887	0.0035988815067815594	-0.015017213206931945	0.000240474687380976	-0.0009117510073852753
-0.001714503374325993	-0.0013529040167143958	0.010765523725795978	-0.0002654692507684242	0.0027251499129767875	-0.020696468566663517	-0.00025880050907911567	0.000710893381109523
-0.0018393221734407383	0.003327800950097215	0.010952751924468318	4.657774701910533e-05	0.002475512314747297	-0.020322012169318615	-9.16291084962495e-06	0.0020839001713743865
0.0007194632084164265	0.0015803377624876713	0.006147228158541518	0.0002962153452492622	0.0014769619218271135	-0.0140810722135698	0.00030288408693812663	0.0010229403788970526
0.0004698256101860476	-0.002164226210962017	-0.002964544176851547	-0.0002654692507684242	-0.0010194140604720126	-0.004719662279946579	-0.0001339817099643703	-0.001161388605614766
0.0030286109920436566	-0.006782521778215589	-0.01089053792065231	-7.824105209564003e-05	-0.0025172396498520655	0.005827526245268944	-0.00019639110952196503	-0.00471872438039167
0.0028413827933708724	-0.00821793796803827	-0.015071967691004051	0.00023380594569166746	-0.002579649049409216	0.013815929388627746	-0.00025880050907911567	-0.006029321771098939
0.0032158391907157746	-0.008654803764940322	-0.014822330092773894	-0.00020305985121082948	-0.002829286647639595	0.012255694399690098	-7.15723104063315e-05	-0.004157039784373984
0.0004074162106293411	-0.005035058590606267	-0.00851898073746793	0.00010898714657714414	-0.0021427832525071633	0.0031439220642970334	-0.00019639110952196503	-0.001161388605614766
0.0005322350097436424	0.0007690155682404942	0.010266248529336108	0.00017139654613473887	-0.0003329106653400249	-0.005593393873751573	0.00030288408693812663	0.002583175367834256
-0.0022761879703430132	0.008882237510713598	0.015071772295262909	-0.0002654692507684242	-0.0003329106653400249	-0.013581797017109931	-0.00025880050907911567	0.004018591557656714
-0.0032747383632627525	0.009319103307616539	0.015758275690394896	0.00010898714657714414	0.0007280491271375311	-0.014642756809587487	0.00017806528782338127	0.005266779548805944
-0.0010279999791935612	0.005137673537264353	0.009330107535973964	-0.0004526974494403202	-0.00020809186622483544	-0.012146380827287473	-0.00044602870775145576	0.002645584767391851
-0.0005911341822906202	0.0010810625660280238	0.0017785701895181028	4.657774701910533e-05	0.0002287739306776615	-0.0035962930879114285	0.00017806528782338127	-0.003283308190569656
0.00209246999868129	-0.003911689398571561	-0.006646698750743196	-0.00020305985121082948	-0.001144232859587646	0.004641747653676642	-0.0001339817099643703	-0.004968361978622049
0.0012187384048765182	-0.006096018383083601	-0.010640900322422375	-0.00020305985121082948	-0.00027050126578243017	0.010820278209868084	0.0001156558882655645	-0.005217999576851318
0.0027789733938132777	-0.00509746799016364	-0.009267893532157512	-0.0002654692507684242	0.0006032303280223417	0.0060771638434993225	-0.00019639110952196503	-0.003907402186144493
-0.00021667778494594003	-0.0017897698136166706	0.0045245837700467195	-7.824105209564003e-05	0.0017265995200568263	-0.0017864205007442902	-7.15723104063315e-05	-0.001598254402517707
-0.002775463166802661	0.008320552914696355	0.011826483518273534	4.657774701910533e-05	0.0029123781116491276	-0.008963501449855471	5.3246488708413864e-05	0.0013349873766848042
-0.001901731572997889	0.010130425501863716	0.014884544096590346	0.00017139654613473887	0.002849968712091977	-0.013581797017109931	0.0001156558882655645	0.002832812966064413
-0.003149919564148007	0.008819828111156447	0.012700215112078306	-0.00020305985121082948	0.002413102915189702	-0.014268300412242363	-0.0001339817099643703	0.003020041164737197
-0.0005911341822906202	0.004763217139919673	0.006584093955444015	-1.5831652538045304e-05	0.0017265995200568263	-0.010898192836137799	-0.00019639110952196503	-0.0009117510073852753
-0.00021667778494594003	-0.0004167630233520292	-0.0007802151923392842	0.00023380594569166746	0.002038646517844356	-0.00409556828437152	-0.00025880050907911567	-0.004157039784373984
0.0023421075969107807	-0.005534333787066359	-0.008269343139237995	-0.0002654692507684242	0.00016636453112006677	0.005765116845711793	-9.16291084962495e-06	-0.0050307713781787555
0.001655604201778571	-0.007843481570693145	-0.011327403717554363	4.657774701910533e-05	-0.0005825482635695156	0.00638921084128663	-9.16291084962495e-06	-0.004905952579064454
0.0030910203916012513	-0.007344206374233053	-0.005024054362248842	0.00010898714657714414	-0.00027050126578243017	0.0043921100554469295	0.00017806528782338127	-0.0029088517932247537
0.0007194632084164265	-0.0004167630233520292	0.0007176103970403247	-0.0002654692507684242	-0.0008321858617998945	-0.0010375077060547078	-0.0003212099086367104	-0.0010989792060580594
-0.0018393221734407383	0.003764666746999934	0.006396865756771675	-0.00014065045165323475	-0.0003329106653400249	-0.005281346875964266	-0.0001339817099643703	0.0013973967762419548
-0.0004039059836187242	0.006385861528414027	0.00957974513420412	0.0006082623430372358	0.0004784115289071522	-0.007465675860475862	0.0005525216851680614	0.0031448599638514985
-0.00252582556857317	0.0053249017359369155	0.007707463147478721	-0.0003902880498827255	-0.0003953200648976196	-0.007902541657378581	-0.0003212099086367104	0.0014598061757995495
0.00015777861239896218	0.0030781633518677243	0.0035260333771272023	-7.824105209564003e-05	-0.0007697764622422998	-0.005156528076848632	-7.15723104063315e-05	0.00021161818464943138
-0.0003414965840611295	-4.230662600668289e-05	-0.0019659937839315855	-1.5831652538045304e-05	-0.0012690516587023914	0.0035807878611997523	0.000240474687380976	-0.0016606638020748576
0.002529335795583787	-0.003599642400783587	-0.006459470552070412	-1.5831652538045304e-05	-0.0013314610582599862	0.005453069847924041	0.0001156558882655645	-0.003096079991897316
0.0015307854026636036	-0.005908790184411261	-0.008893437134812832	-1.5831652538045304e-05	-0.0013938704578171368	0.004516928854562119	-0.00019639110952196503	-0.004094630384816833
0.0009691008066461393	-0.005035058590606267	-0.0053361013600359275	4.657774701910533e-05	-0.0003329106653400249	0.0025198280687221963	0.0001156558882655645	-0.0029712611927821264
0.0015931948022211984	-0.0030379578047667888	-0.0014667185874714939	-1.5831652538045304e-05	-0.00027050126578243017	-0.0017864205007442902	-7.15723104063315e-05	-0.0020975295989773546
-0.0009655905796359665	-0.0004167630233520292	0.0024650735846500904	-0.00020305985121082948	0.0004160021293495575	-0.005218937476406671	-9.16291084962495e-06	-0.0008493416078276805
0.0005322350097436424	0.0017675659611604555	0.004836630767834471	0.00042103414436445163	0.0014145525222695188	-0.007278447661803522	0.00030288408693812663	-0.00022524761225239942
-0.0016520939747683983	0.0015179283629300766	0.0039004897744723266	-0.0002654692507684242	0.001164914924039584	-0.008152179255608294	-0.00019639110952196503	-0.0010989792060580594
0.0005946444093012371	0.00045696857045274264	0.001528932591287946	-0.00020305985121082948	0.0014145525222695188	-0.0038459306861413634	5.3246488708413864e-05	-0.0016606638020748576
-9.185898583075058e-05	-0.0011032664184840169	-0.0014667185874714939	0.00023380594569166746	0.001601780720942081	-0.001411964103399388	0.00017806528782338127	-0.0029088517932247537
0.0024045169964683755	-0.0036620518003411817	-0.0065842893511856015	-0.00014065045165323475	0.0014145525222695188	-0.0006006419091522108	-9.16291084962495e-06	-0.004157039784373984
0.0027789733938132777	-0.006096018383083601	-0.006085014154725954	4.657774701910533e-05	0.0014769619218271135	-0.0005382325095950602	-0.0001339817099643703	-0.00453149618171933
0.0008442820075309498	-0.005222286789278829	-0.0034638193733111944	4.657774701910533e-05	0.001976237118287205	-0.0014743735029567606	0.0001156558882655645	-0.0038449927865868982
0.001655604201778571	-0.003225186003439129	-0.00040575879499438194	4.657774701910533e-05	0.0014769619218271135	-0.0037835212865842127	-9.16291084962495e-06	-0.0029088517932247537
-0.0007783623809631823	-0.0005415818224667746	0.0034636239775696076	0.00017139654613473887	0.0017265995200568263	-0.004969299878176292	0.000240474687380976	-0.0004748852104825563
-0.00027908718450353476	0.0015179283629300766	0.0053983153638519354	-0.00014065045165323475	0.0006656397275794923	-0.006404716067998972	-0.00019639110952196503	0.0005860745819947777
-0.002151369171227824	0.003327800950097215	0.0064592751563297135	-0.00032787865032513075	0.00035359272979196277	-0.003721111887026618	-9.16291084962495e-06	0.0009605309793394579
-0.0004039059836187242	0.0042639419434595816	0.005959999959869622	0.00017139654613473887	0.0004784115289071522	-0.000975098306497113	0.00030288408693812663	0.0009605309793394579
-0.0015272751756534308	0.003951894945672496	0.0010296573948280763	-0.00014065045165323475	-0.00045772946445521434	0.0009595930797849928	-0.0001339817099643703	-0.0005997040095977457
-0.0005911341822906202	0.0011434719655851744	-0.0009050339914544736	-1.5831652538045304e-05	-0.0003329106653400249	0.0029566938656244712	-9.16291084962495e-06	-0.0009117510073852753
0.0014059666035488583	-0.0001047160255647217	-0.0017163561857016507	0.00017139654613473887	-0.00027050126578243017	0.003206331463854628	0.0001156558882655645	-0.0015358450029596682
-0.0003414965840611295	-0.0007288100211395587	-0.001217080989241559	-0.00020305985121082948	-2.0863667552495357e-05	0.001521277675802235	-0.00019639110952196503	-0.001972710799862387
0.001031510206203734	-0.0002919442242370618	0.0007176103970403247	4.657774701910533e-05	0.0006032303280223417	-0.0013495547038422373	-9.16291084962495e-06	-0.000537294610040151
-0.0006535435818482149	0.0009562437669123902	0.0034636239775696076	0.00010898714657714414	0.001601780720942081	-0.003908340085698958	-0.0003212099086367104	-0.0004748852104825563
0.00015777861239896218	0.0015803377624876713	0.0047742213682773205	-0.0002654692507684242	0.0016641901204996756	-0.007652904059148202	5.3246488708413864e-05	0.0006484839815523724
-0.0015896845752108035	0.0025788881554076326	0.005959999959869622	-7.824105209564003e-05	0.0012273243235976228	-0.007465675860475862	-0.0001339817099643703	0.0003364369837650649
-2.9449586273599948e-05	0.0022044317580625084	0.003151576979782522	0.00010898714657714414	0.002038646517844356	-0.005530984474193756	0.000240474687380976	0.0003364369837650649
0.0009066914070892107	-0.0004167630233520292	9.351640146570972e-05	-7.824105209564003e-05	0.0012897337231552175	-0.004345205882601455	-0.0001339817099643703	-0.0010989792060580594
-2.9449586273599948e-05	-0.0017897698136166706	-0.002278040781718893	-7.824105209564003e-05	0.0014769619218271135	-0.0020984674985322638	-9.16291084962495e-06	-0.0016606638020748576
0.00209246999868129	-0.0029131390056515993	-0.003526228772868789	4.657774701910533e-05	0.001352143122711924	-0.0012871453042841985	5.3246488708413864e-05	-0.002409576596764884
0.00028259741151415163	-0.003412414202111469	-0.003339000574196005	-0.00014065045165323475	0.001164914924039584	-0.0014743735029567606	-0.0001339817099643703	-0.0027216235945519696
0.0015931948022211984	-0.00316277660388109	-0.0019659937839315855	-0.0002654692507684242	0.0007904585266951258	-0.0030346084918941862	0.0001156558882655645	-0.0012237980051723607
-0.0001542683853883453	-0.0014153134162715464	0.0007800197965979194	0.00010898714657714414	0.0011025055244824333	-0.006030259670653848	-9.16291084962495e-06	-0.0006621134091548964
0.0009691008066461393	-0.00016712542512231643	0.00296434878110996	4.657774701910533e-05	0.0012897337231552175	-0.00652953486711394	0.00017806528782338127	0.0003364369837650649
-0.0009655905796359665	0.0011434719655851744	0.003838080374914732	-1.5831652538045304e-05	0.0007904585266951258	-0.006404716067998972	-0.0001339817099643703	8.679938553468602e-05
-0.0007159529814060317	0.0013307001642577365	0.0030267581806671107	0.00010898714657714414	0.0015393713213844862	-0.0044700246817162	0.00030288408693812663	0.0005860745819947777
0.0007194632084164265	-4.230662600668289e-05	0.0002807446001380498	-7.824105209564003e-05	0.0004160021293495575	-0.0032218366905669704	-0.00019639110952196503	-0.0007245228087124911
-0.0004039059836187242	-0.0011032664184840169	-0.001653946786144278	-0.0003902880498827255	0.0005408209284647469	-0.001411964103399388	-0.00025880050907911567	-0.001348616804287328
0.0019676511995661006	-0.0013529040167143958	-0.00234045018127671	0.00042103414436445163	0.000977686725367688	0.00014827088553737156	0.000427702886052872	-0.001972710799862387
-2.9449586273599948e-05	-0.0022266356105191676	-0.002714906578621612	-0.00014065045165323475	0.0004784115289071522	-0.000351004310922276	-7.15723104063315e-05	-0.00203512019941976
0.001655604201778571	-0.0020394074118468275	-0.0017163561857016507	-1.5831652538045304e-05	0.0006032303280223417	-0.0029721990923365915	-0.0001339817099643703	-0.001348616804287328
-0.00027908718450353476	-0.0012280852175996504	9.351640146570972e-05	0.000358624744807301	0.0010400961249248386	-0.00409556828437152	0.00030288408693812663	-0.0005997040095977457
0.0012187384048765182	-0.0003543536237946565	0.0020906171873056323	-0.0004526974494403202	0.0002911833302352562	-0.005468575074636162	-0.00044602870775145576	-0.0009741604069424259
0.0007818726079735772	0.0003321497713375532	0.002153026586862339	0.00023380594569166746	0.0004160021293495575	-0.00409556828437152	0.00017806528782338127	-0.00028765701180999415
-0.00046631538317587484	8.251217310806247e-05	0.0008424291961552921	0.00023380594569166746	0.0002911833302352562	-0.0017240111011871395	0.00030288408693812663	-3.8019413580503425e-05
0.0007194632084164265	-0.0015401322153867358	-0.002090812583046331	-0.00032787865032513075	-0.0010818234600296073	-0.00041341371047987074	-0.00044602870775145576	-0.0015358450029596682
-0.0001542683853883453	-0.0017897698136166706	-0.003151772375523887	-1.5831652538045304e-05	-0.00045772946445521434	0.002145371671377294	0.0001156558882655645	-0.0012862074047299554
0.0015307854026636036	-0.0024138638091915077	-0.0040879133688864755	0.00010898714657714414	-0.0005825482635695156	0.0028318750665092818	0.00017806528782338127	-0.0016606638020748576
9.536921284136746e-05	-0.0022890450100767623	-0.0034014099737535997	0.00010898714657714414	-0.0007697764622422998	0.0010220024793421434	-0.00025880050907911567	-0.00203512019941976
0.0012187384048765182	-0.0020394074118468275	-0.0024028595808340825	-0.00014065045165323475	-0.00027050126578243017	-0.00016377611224993593	5.3246488708413864e-05	-0.0010365698064995765
-0.0005287247827334696	-0.0009784476193694935	0.001716160789960064	0.00010898714657714414	-0.0003329106653400249	-0.0019736486994170743	-9.16291084962495e-06	-0.0005997040095977457
-0.0009031811800779277	0.0008314249677976449	0.0030267581806671107	4.657774701910533e-05	0.00035359272979196277	-0.002660152094549506	0.0001156558882655645	-3.8019413580503425e-05
0.00034500681107130227	0.0010810625660280238	0.0028395299819947706	-1.5831652538045304e-05	-2.0863667552495357e-05	-0.002909789692779441	-7.15723104063315e-05	-0.00022524761225239942
-0.0009031811800779277	0.0013307001642577365	0.002340254785534901	4.657774701910533e-05	0.00016636453112006677	-0.001224735904727492	0.0001156558882655645	0.00014920878509228075
0.0007818726079735772	0.0008938343673552396	0.0009672479952704816	0.00010898714657714414	-0.00020809186622483544	0.00021068028509496628	-9.16291084962495e-06	-0.0007869322082700858
-0.0010279999791935612	0.00045696857045274264	-0.0003433493954372313	-0.0002654692507684242	-0.0006449576631279985	0.0015836870753598298	-0.0001339817099643703	-0.0010365698064995765
0.0007818726079735772	0.00026974037178040255	-0.0007178057927819115	-1.5831652538045304e-05	-0.0005825482635695156	0.0018333246735902087	-0.00025880050907911567	-0.0009117510073852753
-0.0009655905796359665	0.0003945591708951479	-0.000592986993666722	0.000358624744807301	0.0002911833302352562	0.0009595930797849928	0.00036529348649572135	-0.0004748852104825563
0.001031510206203734	0.001018653166469985	0.0017785701895181028	-0.0002654692507684242	-8.327306711009008e-05	-0.0011623265051698972	-0.00019639110952196503	-0.0007245228087124911
0.0005322350097436424	0.0015179283629300766	0.0028395299819947706	0.00010898714657714414	0.0002287739306776615	-0.0025353332954347607	-7.15723104063315e-05	-0.0003500664113673668
-0.0010279999791935612	0.0017051565616024167	0.0037132615757995424	0.00010898714657714414	0.0007280491271375311	-0.0030346084918941862	0.000240474687380976	0.0002740275842074702
0.00015777861239896218	0.0012682907647003638	0.00277712058243762	-0.00032787865032513075	-2.0863667552495357e-05	-0.003721111887026618	-0.0003836193081943051	-0.0005997040095977457
-0.0010279999791935612	0.001205881365142547	0.0022154359864199336	-0.00014065045165323475	0.0004784115289071522	-0.002660152094549506	-9.16291084962495e-06	-0.0003500664113673668
0.0011563290053184794	0.0008938343673552396	0.001092066794385671	0.000358624744807301	0.0008528679262520544	-0.0011623265051698972	-0.0003836193081943051	-0.0014734356034020735
-0.0008407717805212211	-0.0002919442242370618	-0.001029852790569663	-0.0004526974494403202	0.0004160021293495575	0.00039790848376775045	5.3246488708413864e-05	-0.001411026203845367
0.0012811478044336688	-0.0005415818224667746	-0.0014667185874714939	4.657774701910533e-05	0.0005408209284647469	0.00033549908421015573	-9.16291084962495e-06	-0.0012862074047299554
-0.0003414965840611295	-0.0007288100211395587	-0.0008426245918968789	0.00010898714657714414	0.0009152773258096492	-0.0007878701078243289	0.00017806528782338127	-0.001348616804287328
-0.0006535435818482149	-0.0008536288202547482	-3.130239764947973e-05	-0.00020305985121082948	0.0009152773258096492	-0.0025353332954347607	-0.0001339817099643703	-0.001411026203845367
0.0009066914070892107	-0.0004167630233520292	0.001092066794385671	-1.5831652538045304e-05	0.0007904585266951258	-0.0038459306861413634	-0.0001339817099643703	-0.0010989792060580594
-0.0006535435818482149	2.0102773550467745e-05	0.0022154359864199336	0.00017139654613473887	0.001164914924039584	-0.003908340085698958	0.000240474687380976	-0.00022524761225239942
0.0007194632084164265	-0.00016712542512231643	0.0020282077877480376	-7.824105209564003e-05	0.0004784115289071522	-0.004345205882601455	-0.0001339817099643703	-0.0004124758109251836
-0.0007159529814060317	2.0102773550467745e-05	0.0016537513904024692	-7.824105209564003e-05	0.0006032303280223417	-0.0032218366905669704	5.3246488708413864e-05	-0.0005997040095977457
0.001031510206203734	-4.230662600668289e-05	0.0009048385957131089	0.00010898714657714414	0.0004160021293495575	-0.0010375077060547078	-9.16291084962495e-06	-0.0009117510073852753
-0.0006535435818482149	-0.0003543536237946565	-0.00021853059632159777	4.657774701910533e-05	0.0004784115289071522	-0.00022618551180753066	-7.15723104063315e-05	-0.0010989792060580594
0.0012187384048765182	-0.0003543536237946565	-0.0008426245918968789	-7.824105209564003e-05	0.0006032303280223417	-3.895731313496853e-05	-7.15723104063315e-05	-0.0010365698064995765
0.0014059666035488583	-4.230662600668289e-05	-9.371179720685241e-05	0.000358624744807301	0.0010400961249248386	-0.0006006419091522108	0.00030288408693812663	-0.0007869322082700858
-0.0005287247827334696	-0.00022953482467946706	0.00040556339925279516	-0.0002654692507684242	0.0008528679262520544	-0.0023481050967617545	-0.0001339817099643703	-0.0009117510073852753
0.0009066914070892107	-0.00016712542512231643	0.001092066794385671	-7.824105209564003e-05	0.0009152773258096492	-0.003908340085698958	-0.00019639110952196503	-0.0008493416078276805
-0.0003414965840611295	-0.00016712542512231643	0.0020906171873056323	0.00023380594569166746	0.0017265995200568263	-0.004532434081273795	0.000240474687380976	-0.00028765701180999415
0.0009066914070892107	-0.0007288100211395587	0.0016537513904024692	-1.5831652538045304e-05	0.0010400961249248386	-0.005655803273308724	-7.15723104063315e-05	-0.0007245228087124911
-0.0005287247827334696	-0.0009160382198114547	0.0011544761939423775	-0.00014065045165323475	0.0007904585266951258	-0.004157977683928671	-7.15723104063315e-05	-0.001161388605614766
0.0010939196057613287	-0.0014777228158291411	9.351640146570972e-05	0.00023380594569166746	0.001352143122711924	-0.002472923895876722	0.000240474687380976	-0.0008493416078276805
-2.9449586273599948e-05	-0.0013529040167143958	-0.0017163561857016507	-7.824105209564003e-05	0.0009152773258096492	-0.0023481050967617545	-0.00019639110952196503	-0.00203512019941976
-0.0001542683853883453	-0.0018521792131742654	-0.0019659937839315855	4.657774701910533e-05	0.0014145525222695188	-0.0014743735029567606	5.3246488708413864e-05	-0.0018478920007471977
0.001468376003106009	-0.0018521792131742654	-0.0015915373865864613	-1.5831652538045304e-05	0.0014145525222695188	-0.0018488299003018849	-7.15723104063315e-05	-0.0020975295989773546
-0.00021667778494594003	-0.0013529040167143958	-0.0007178057927819115	-7.824105209564003e-05	0.0014769619218271135	-0.0022856956972041598	5.3246488708413864e-05	-0.0016606638020748576
0.0010939196057613287	-0.001290494617156801	-9.371179720685241e-05	-7.824105209564003e-05	0.001164914924039584	-0.003284246090124343	-0.0001339817099643703	-0.0009117510073852753
-0.00027908718450353476	-0.0006039912220243693	0.0010296573948280763	0.00010898714657714414	0.001601780720942081	-0.003533883688354278	-9.16291084962495e-06	-0.0012862074047299554
0.0009691008066461393	-0.0011032664184840169	0.0010296573948280763	-1.5831652538045304e-05	0.000977686725367688	-0.003721111887026618	5.3246488708413864e-05	-0.0010365698064995765
-0.0005911341822906202	-0.0009784476193694935	0.0010296573948280763	0.00010898714657714414	0.0006032303280223417	-0.0031594272910093757	-0.0001339817099643703	-0.0012237980051723607
0.0009066914070892107	-0.0010408570189268662	0.0004679727988103899	4.657774701910533e-05	0.0010400961249248386	-0.0021608768980894144	0.0001156558882655645	-0.0009741604069424259
0.0009691008066461393	-0.0010408570189268662	-0.0003433493954372313	-0.00020305985121082948	0.0006656397275794923	-0.002223286297647009	-0.00019639110952196503	-0.001785482601190047
-0.0005287247827334696	-0.0005415818224667746	-3.130239764947973e-05	-1.5831652538045304e-05	0.001164914924039584	-0.0014743735029567606	-7.15723104063315e-05	-0.0012862074047299554
0.0013435572039912635	-0.0001047160255647217	0.0004679727988103899	0.00017139654613473887	0.001789008919614865	-0.0015991923020721721	0.000240474687380976	-0.0012862074047299554
-0.0007159529814060317	-0.00016712542512231643	0.0005927915979255793	-0.0002654692507684242	0.001352143122711924	-0.002660152094549506	-0.00019639110952196503	-0.001598254402517707
0.0009691008066461393	2.0102773550467745e-05	0.001279294993057567	-7.824105209564003e-05	0.0017265995200568263	-0.003533883688354278	-9.16291084962495e-06	-0.001161388605614766
-0.0007159529814060317	0.0001449215726652131	0.001716160789960064	-1.5831652538045304e-05	0.0022882841160747347	-0.004969299878176292	0.000240474687380976	-0.001161388605614766
0.0010939196057613287	-0.0001047160255647217	0.0022778453859775283	-0.00020305985121082948	0.002038646517844356	-0.005593393873751573	-0.0001339817099643703	-0.001411026203845367
-0.0008407717805212211	-0.000666400621581964	0.0014041137921727564	-0.00014065045165323475	0.0017265995200568263	-0.005655803273308724	-0.0003212099086367104	-0.001785482601190047
-0.0004039059836187242	-0.0005415818224667746	0.0016537513904024692	0.00023380594569166746	0.0025379217143044475	-0.004282796483044304	0.00036529348649572135	-0.0009117510073852753
0.0007194632084164265	-0.001290494617156801	0.0005927915979255793	-0.0002654692507684242	0.0014145525222695188	-0.00459484348083139	-0.00025880050907911567	-0.001972710799862387
