Sensor_1	Sensor_2	Sensor_3	Sensor_4	Sensor_5	Sensor_6	Sensor_7	Sensor_8
-0.0003564319084603529	0.0023601359065603678	-0.006453162846322247	0.0003151139919688184	0.002334805680252572	0.0012090117278609203	-9.444769263122765e-06	0.005138947975297903
0.0008293466831315044	0.0025473641052322638	-0.005766659451190259	0.0003151139919688184	0.002522033878924912	0.001084192928746175	0.00024019282896747818	0.005326176173970243
0.0007045278840163149	0.0030466393016923554	-0.006702800444552848	0.00019029519285407304	0.0020227586824650423	0.0003352801340561484	-0.0002590823674926135	0.004889310377067968
-0.00023161310934560753	0.004357236692399846	-0.00564184065207507	0.00043993279108445194	0.002334805680252572	-0.0003512232610762833	0.00024019282896747818	0.004951719776625563
0.0007669372835739097	0.004357236692399846	-0.0054546124534022855	0.0001278857932964783	0.0015234834860058388	-0.001474592453111212	-0.00013426356837786813	0.004015578783262974
-0.0003564319084603529	0.0049189212884166444	-0.0054546124534022855	0.00025270459241166776	0.0017107116846777348	-0.0012249548548808331	-9.444769263122765e-06	0.0039531693837058235
0.0008293466831315044	0.00523096828620484	-0.004518471460040807	0.0003775233915268572	0.00164830228512014	-0.0018490488504563363	-9.444769263122765e-06	0.0039531693837058235
-0.0003564319084603529	0.004419646091957219	-0.004705699658713147	0.00019029519285407304	0.0017107116846777348	-0.00010158566284634851	0.00024019282896747818	0.004514853979723066
0.0008917560826890991	0.004045189694612317	-0.005329793654287984	0.0003775233915268572	0.002085168082023081	0.0003352801340561484	0.0003026022285246288	0.004702082178395406
-0.00023161310934560753	0.0038579614959395325	-0.005704250051632664	6.547639373888359e-05	0.0017731210842353295	0.0009593741296307634	-0.0002590823674926135	0.004639672778837811
-0.0004188413080179476	0.002734592303904826	-0.0063283440472079455	0.0003151139919688184	0.002522033878924912	0.0019579245225509467	-9.444769263122765e-06	0.0056382231717579945
0.0009541654822466938	0.003109048701249506	-0.005392203053845579	0.0006271609897570141	0.0030837184749430424	0.0017082869243205678	0.00024019282896747818	0.005700632571315145
-0.0006684789062476604	0.0028594111030200153	-0.006141115848535161	6.547639373888359e-05	0.002709262077597918	0.0013338305269756656	-0.00019667296793546285	0.005450994973084988
0.0007669372835739097	0.0038579614959395325	-0.005766659451190259	0.00019029519285407304	0.002771671477155513	0.0005225083327284885	-0.00013426356837786813	0.005763041970873184
-0.00023161310934560753	0.005293377685761991	-0.004456062060482768	0.0006895703893141647	0.0030213090753850036	0.0001480519353835863	0.00024019282896747818	0.005138947975297903
0.0009541654822466938	0.00523096828620484	-0.00495533725694286	0.0005647515901989753	0.002334805680252572	-0.0014121830535536173	-9.444769263122765e-06	0.004951719776625563
-0.0004188413080179476	0.005792652882221638	-0.005017746656500455	0.0003775233915268572	0.001897939883350297	-0.0018490488504563363	-7.185416881982931e-05	0.004452444580165915
0.0008293466831315044	0.005855062281779233	-0.004768109058270298	0.0005023421906413805	0.0025844432784829507	-0.00022640446196109387	0.0003026022285246288	0.005450994973084988
0.0008917560826890991	0.005106149487089207	-0.0054546124534022855	0.0003775233915268572	0.002522033878924912	-3.917626328875379e-05	5.296463029491605e-05	0.005450994973084988
-0.0006060695066909538	0.004606874290629115	-0.005329793654287984	0.00019029519285407304	0.002771671477155513	0.0005849177322860832	-7.185416881982931e-05	0.005700632571315145
0.0009541654822466938	0.0036707332972676365	-0.006203525248092756	0.0005647515901989753	0.0036454030709602847	0.002145152721223731	0.00024019282896747818	0.006574364165120361
-0.0006060695066909538	0.003358686299479885	-0.006827619243667149	6.547639373888359e-05	0.00358299367140269	0.0020203339221080974	-0.00013426356837786813	0.006199907767775459
0.0007045278840163149	0.0034210956990372576	-0.006141115848535161	0.00019029519285407304	0.0035205842718450953	0.0017706963238781626	0.0007394680254273478	0.007136048761137381
-0.00010679431023086217	0.004045189694612317	-0.005829068850747854	0.0009392079875445436	0.002709262077597918	-0.0003512232610762833	-0.0003214917670502082	0.0052013573748554975
0.0005797090849015696	0.004232417893284657	-0.005891478250305449	0.0003151139919688184	0.0026468526780403234	-0.000850498457536375	0.00011537402985206668	0.004951719776625563
-0.00023161310934560753	0.005106149487089207	-0.004830518457827893	0.00043993279108445194	0.0018355304837927022	-0.0015370018526683626	-0.00013426356837786813	0.00439003518060832
-0.00029402250890320225	0.005855062281779233	-0.003707149265793186	0.0005023421906413805	0.0018355304837927022	-0.0019738676495710816	0.00017778342940988345	0.00420280698193598
0.0007045278840163149	0.005168558886646801	-0.0040191962635807155	0.00025270459241166776	0.0008993894904305577	-0.002285914647358833	-0.00019667296793546285	0.003391484787688359
-0.0003564319084603529	0.004731693089744304	-0.004892927857385487	0.0003151139919688184	0.0017107116846777348	-0.00041363266063387805	0.00011537402985206668	0.004639672778837811
0.0008917560826890991	0.004170008493727062	-0.0052673842547303895	0.0005023421906413805	0.0018355304837927022	-3.917626328875379e-05	5.296463029491605e-05	0.005575813772200622
-0.00029402250890320225	0.0032338675003651396	-0.00564184065207507	0.0003775233915268572	0.0026468526780403234	0.0013962399265332603	-7.185416881982931e-05	0.0058254513704298905
0.0008293466831315044	0.0019856795092152435	-0.007326894440127463	0.0003775233915268572	0.0032709466736153825	0.002082743321666136	0.00011537402985206668	0.006199907767775459
-0.0003564319084603529	0.002484954705674669	-0.006640391044995253	0.00043993279108445194	0.0032085372740573437	0.0015834681252060445	5.296463029491605e-05	0.005763041970873184
0.0008293466831315044	0.0025473641052322638	-0.006890028643225632	0.0001278857932964783	0.0030213090753850036	0.0005225083327284885	-9.444769263122765e-06	0.005763041970873184
0.0008917560826890991	0.00466928369018671	-0.005579431252517919	0.0003151139919688184	0.0025844432784829507	-0.0014121830535536173	5.296463029491605e-05	0.004702082178395406
-0.0004188413080179476	0.005168558886646801	-0.0052673842547303895	0.0003151139919688184	0.0019603492829078917	-0.002098686448685827	-9.444769263122765e-06	0.004327625781050282
0.0010165748818038445	0.005418196484876736	-0.0054546124534022855	0.00043993279108445194	0.0015858928855634336	-0.0028475992433758535	0.00011537402985206668	0.0039531693837058235
-0.000543660107132915	0.005855062281779233	-0.004705699658713147	6.547639373888359e-05	0.001273845887775904	-0.0032844650402783504	-7.185416881982931e-05	0.0035787129863611433
0.0008293466831315044	0.004606874290629115	-0.005329793654287984	0.0003151139919688184	0.0009617988899877083	-0.0022235052478007944	-9.444769263122765e-06	0.004702082178395406
-0.0004812507075757644	0.003982780295054722	-0.006265934647650351	0.00019029519285407304	0.0022099868811378265	0.0004600989331708938	0.0003026022285246288	0.004951719776625563
0.0010165748818038445	0.003545914498152447	-0.005891478250305449	0.0003151139919688184	0.0026468526780403234	0.002082743321666136	-9.444769263122765e-06	0.005700632571315145
-0.0004812507075757644	0.0021729077078875836	-0.007202075641012717	0.0009392079875445436	0.0035205842718450953	0.0025820185181255617	0.0003026022285246288	0.006324726566889982
-0.0006060695066909538	0.0021729077078875836	-0.006640391044995253	6.547639373888359e-05	0.003146127874500193	0.001458649326090855	-0.00013426356837786813	0.005513404372642583
0.0008917560826890991	0.0027970017034624206	-0.0065155722458798415	0.00043993279108445194	0.0028964902762702582	0.0008969647300731687	-9.444769263122765e-06	0.005388585573527838
-0.00023161310934560753	0.004419646091957219	-0.00564184065207507	0.0003775233915268572	0.002958899675827409	-0.0005384514597484014	0.0003026022285246288	0.005138947975297903
0.0008293466831315044	0.005480605884434775	-0.004705699658713147	0.0003775233915268572	0.0022099868811378265	-0.0024731428460311733	-9.444769263122765e-06	0.0041403975823779415
-0.0003564319084603529	0.005667834083106671	-0.005329793654287984	0.0001278857932964783	0.0018355304837927022	-0.0025979616451459187	-0.0002590823674926135	0.0038907599841477847
0.0007045278840163149	0.006229518679124357	-0.005142565455615644	0.00025270459241166776	0.0023972150798106107	-0.001911458250013487	0.0004898304271969689	0.0045772633792806605
-4.438491067326744e-05	0.006229518679124357	-0.003956786864022677	0.00019029519285407304	0.0020227586824650423	-0.00047604206019147277	-9.444769263122765e-06	0.004889310377067968
0.0007669372835739097	0.00466928369018671	-0.006078706448977567	0.0003151139919688184	0.0028340808767126635	0.0008969647300731687	5.296463029491605e-05	0.005700632571315145
0.0010789842813612172	0.003358686299479885	-0.00551702185295988	0.0006895703893141647	0.003395765472730128	0.001895515122993352	0.0003026022285246288	0.00595027016954508
-0.0004188413080179476	0.002297726507002329	-0.0069524380427823385	0.00025270459241166776	0.00358299367140269	0.0030812937145852093	0.00011537402985206668	0.006574364165120361
0.0008293466831315044	0.0028594111030200153	-0.006453162846322247	0.0005023421906413805	0.003770221870075474	0.002332380919895627	0.00011537402985206668	0.0062623171673330535
-0.00029402250890320225	0.003545914498152447	-0.0052673842547303895	0.0003775233915268572	0.0037078124705178794	0.0015834681252060445	0.00017778342940988345	0.005326176173970243
0.0007045278840163149	0.004170008493727062	-0.005766659451190259	0.00025270459241166776	0.0028964902762702582	0.0001480519353835863	-0.00013426356837786813	0.004702082178395406
-0.0004812507075757644	0.00554301528399237	-0.004580880859597958	6.547639373888359e-05	0.0023972150798106107	-0.002098686448685827	0.0003026022285246288	0.004452444580165915
0.0010789842813612172	0.006416746877796697	-0.003644739866235591	0.00019029519285407304	0.0019603492829078917	-0.0023483240469155398	-0.00013426356837786813	0.004452444580165915
-0.000543660107132915	0.006229518679124357	-0.0035823304666784406	0.0003151139919688184	0.0018355304837927022	-0.0026603710447035134	5.296463029491605e-05	0.00382835058459019
-0.0004188413080179476	0.005168558886646801	-0.0040191962635807155	0.0003151139919688184	0.0017731210842353295	-0.0011625454553234604	5.296463029491605e-05	0.004265216381493131
0.001141393680919478	0.004232417893284657	-0.004830518457827893	0.0008143891884289101	0.0025844432784829507	0.0007721459309588674	0.0004898304271969689	0.005326176173970243
-0.0006060695066909538	0.0032338675003651396	-0.005329793654287984	3.0669941812888624e-06	0.002522033878924912	0.0007097365314003845	-0.00019667296793546285	0.004826900977510373
0.0008917560826890991	0.002297726507002329	-0.005704250051632664	0.0003775233915268572	0.0034581748722875005	0.001895515122993352	0.00011537402985206668	0.005700632571315145
-0.0004188413080179476	0.001860860710100276	-0.006390753446765096	0.00019029519285407304	0.004019859468304521	0.0022075621207804375	0.00024019282896747818	0.005263766774413092
0.0009541654822466938	0.0024225453061170743	-0.005329793654287984	0.0005023421906413805	0.004269497066535122	0.0008969647300731687	0.00017778342940988345	0.005326176173970243
-0.00023161310934560753	0.003171458100807545	-0.005766659451190259	0.00025270459241166776	0.003333356073172533	-0.000850498457536375	-0.0002590823674926135	0.004889310377067968
0.0007045278840163149	0.004170008493727062	-0.0046432902591555525	0.0006895703893141647	0.0034581748722875005	-0.0017866394508987415	0.0005522398267545636	0.004826900977510373
0.0007045278840163149	0.005168558886646801	-0.00551702185295988	0.0001278857932964783	0.001897939883350297	-0.002910008642933448	-7.185416881982931e-05	0.00382835058459019
-0.0004188413080179476	0.005730243482664266	-0.00495533725694286	0.00019029519285407304	0.0017731210842353295	-0.002972418042491043	-9.444769263122765e-06	0.004015578783262974
0.0008293466831315044	0.005293377685761991	-0.004081605663137866	0.0003151139919688184	0.0013362552873330547	-0.0030348274420484156	-9.444769263122765e-06	0.0032666659885731697
-0.0004812507075757644	0.003920370895497127	-0.0052673842547303895	0.0001278857932964783	0.001273845887775904	-0.0009129078570939697	-7.185416881982931e-05	0.004702082178395406
0.0010165748818038445	0.0034835050985948524	-0.005829068850747854	0.00043993279108445194	0.0019603492829078917	0.0002728707344985537	-7.185416881982931e-05	0.004764491577953001
-0.000543660107132915	0.0027970017034624206	-0.005829068850747854	0.00019029519285407304	0.0030213090753850036	0.0020203339221080974	0.00024019282896747818	0.005513404372642583
0.0010165748818038445	0.001860860710100276	-0.0069524380427823385	6.547639373888359e-05	0.0032085372740573437	0.0017082869243205678	-7.185416881982931e-05	0.0056382231717579945
-0.000543660107132915	0.001860860710100276	-0.0065155722458798415	0.0003151139919688184	0.0030837184749430424	0.0007097365314003845	0.00011537402985206668	0.005014129176182713
-0.0003564319084603529	0.003171458100807545	-0.006640391044995253	0.0003775233915268572	0.002958899675827409	0.00039768953361329906	0.00017778342940988345	0.005326176173970243
0.0007669372835739097	0.004045189694612317	-0.005829068850747854	0.00019029519285407304	0.002334805680252572	-0.0015370018526683626	-7.185416881982931e-05	0.004265216381493131
-0.0003564319084603529	0.005043740087532278	-0.004393652660925618	0.00025270459241166776	0.0020227586824650423	-0.0023483240469155398	5.296463029491605e-05	0.0037659411850330393
0.0009541654822466938	0.005106149487089207	-0.004393652660925618	0.00043993279108445194	0.0013986646868906494	-0.0025979616451459187	0.00011537402985206668	0.003204256589015797
-0.0004812507075757644	0.005480605884434775	-0.003894377464465526	6.547639373888359e-05	0.0008993894904305577	-0.003159646241163605	5.296463029491605e-05	0.003017028390343013
0.0008917560826890991	0.004981330687974683	-0.003707149265793186	0.0003151139919688184	0.0010242082895457472	-0.0006008608593066622	-7.185416881982931e-05	0.004327625781050282
-0.0004812507075757644	0.004170008493727062	-0.0052673842547303895	0.0006271609897570141	0.002085168082023081	0.0005849177322860832	0.0004274210276393742	0.004889310377067968
0.0010789842813612172	0.003795552096381938	-0.006016297049419972	6.547639373888359e-05	0.002085168082023081	0.0013338305269756656	-0.00019667296793546285	0.004889310377067968
0.0007669372835739097	0.0019232701096576488	-0.006890028643225632	0.0003775233915268572	0.0030213090753850036	0.002894065515912869	5.296463029491605e-05	0.006075088968660269
-0.00023161310934560753	0.002672182904347453	-0.005829068850747854	0.0006271609897570141	0.0038950406691897754	0.0026444279176831564	0.0004274210276393742	0.006324726566889982
0.0006421184844596084	0.0025473641052322638	-0.005953887649862377	0.0001278857932964783	0.0032085372740573437	0.0013338305269756656	-0.0002590823674926135	0.005388585573527838
-0.0001692037097884569	0.003733142696824787	-0.00551702185295988	0.00043993279108445194	0.0037078124705178794	0.0010217835291883581	0.00024019282896747818	0.004702082178395406
0.0007669372835739097	0.0049189212884166444	-0.004518471460040807	0.0003775233915268572	0.0028340808767126635	-0.0015370018526683626	0.00024019282896747818	0.004514853979723066
-0.00029402250890320225	0.005792652882221638	-0.003707149265793186	0.0005023421906413805	0.0017731210842353295	-0.0030348274420484156	-0.00013426356837786813	0.004015578783262974
0.0007045278840163149	0.006104699880009168	-0.004331243261368023	0.0003775233915268572	0.002085168082023081	-0.0030348274420484156	5.296463029491605e-05	0.004077988182820791
-0.0003564319084603529	0.006853612674699194	-0.0040191962635807155	0.0005023421906413805	0.0021475774815802318	-0.0015994112522259574	0.0003026022285246288	0.00439003518060832
-0.0006060695066909538	0.00466928369018671	-0.00551702185295988	6.547639373888359e-05	0.0023972150798106107	-0.0002888138615191327	-0.00013426356837786813	0.005014129176182713
0.0008293466831315044	0.004170008493727062	-0.0052673842547303895	0.0003775233915268572	0.0030837184749430424	0.000647327131843678	-9.444769263122765e-06	0.005326176173970243
-0.00023161310934560753	0.0029842299021347607	-0.006141115848535161	0.0006271609897570141	0.004019859468304521	0.002956474915470464	0.00036501162808222354	0.006636773564677956
0.0006421184844596084	0.002110498308329989	-0.007514122638800025	0.0001278857932964783	0.004019859468304521	0.0026444279176831564	-0.0002590823674926135	0.006324726566889982
-0.0004188413080179476	0.0027970017034624206	-0.0065155722458798415	0.00019029519285407304	0.004394315865650311	0.002082743321666136	0.0003026022285246288	0.006449545366005172
0.0009541654822466938	0.003296276899921846	-0.006640391044995253	0.0006271609897570141	0.004019859468304521	-0.00022640446196109387	0.00011537402985206668	0.005887860769987485
-0.0003564319084603529	0.00466928369018671	-0.006016297049419972	0.00025270459241166776	0.0030213090753850036	-0.002535552245588324	-9.444769263122765e-06	0.0045772633792806605
0.0007669372835739097	0.005855062281779233	-0.0046432902591555525	0.00043993279108445194	0.0025844432784829507	-0.002910008642933448	0.00017778342940988345	0.004639672778837811
0.0009541654822466938	0.006916022074256345	-0.0042064244622530556	0.0003775233915268572	0.0021475774815802318	-0.003970968435410782	0.00011537402985206668	0.00382835058459019
-0.0006060695066909538	0.006541565676911887	-0.003956786864022677	6.547639373888359e-05	0.00164830228512014	-0.003783740236738442	-0.00013426356837786813	0.003453894187245954
0.0008293466831315044	0.004981330687974683	-0.0052673842547303895	0.0003151139919688184	0.0017731210842353295	-0.0017242300513411468	-7.185416881982931e-05	0.0041403975823779415
-0.0003564319084603529	0.004107599094169467	-0.005829068850747854	0.0003775233915268572	0.0024596244793677613	-0.00016399506240394324	5.296463029491605e-05	0.004889310377067968
0.0008917560826890991	0.002484954705674669	-0.006078706448977567	0.0003775233915268572	0.0026468526780403234	0.0012090117278609203	0.00011537402985206668	0.006199907767775459
-0.00029402250890320225	0.0012991761140828118	-0.00757653203835762	0.0003775233915268572	0.0034581748722875005	0.0026444279176831564	-0.00013426356837786813	0.005887860769987485
0.0007045278840163149	0.0015488137123123025	-0.0073893038396850574	0.0005647515901989753	0.00395745006874737	0.0022075621207804375	0.0004274210276393742	0.005887860769987485
-0.00023161310934560753	0.0022353171074451783	-0.007077256841897528	3.0669941812888624e-06	0.0028964902762702582	0.0002728707344985537	-0.0003214917670502082	0.0052013573748554975
-0.000543660107132915	0.004606874290629115	-0.005766659451190259	0.00019029519285407304	0.002522033878924912	-0.002098686448685827	-0.00013426356837786813	0.00439003518060832
0.0009541654822466938	0.005979881080893978	-0.004393652660925618	0.0005023421906413805	0.002085168082023081	-0.003596512038065436	0.00024019282896747818	0.0035787129863611433
-0.0004188413080179476	0.006479156277353848	-0.004892927857385487	0.0001278857932964783	0.001273845887775904	-0.0045326530314280244	5.296463029491605e-05	0.003391484787688359
0.0008917560826890991	0.00697843147381394	-0.0042064244622530556	0.00043993279108445194	0.0011490270886602705	-0.0051567470270030835	-9.444769263122765e-06	0.0032666659885731697
-0.0003564319084603529	0.005979881080893978	-0.004518471460040807	0.0003151139919688184	0.0011490270886602705	-0.0036589214376230306	-7.185416881982931e-05	0.004015578783262974
0.0008293466831315044	0.004544464891072408	-0.006141115848535161	0.00025270459241166776	0.0024596244793677613	-3.917626328875379e-05	-9.444769263122765e-06	0.004702082178395406
-0.0004188413080179476	0.0036083238977091536	-0.006203525248092756	0.0006271609897570141	0.003146127874500193	0.002269971520338032	0.0003026022285246288	0.0056382231717579945
0.0010789842813612172	0.002297726507002329	-0.00776376023702996	0.00025270459241166776	0.0035205842718450953	0.003143703114143248	0.00011537402985206668	0.006324726566889982
0.0007669372835739097	0.0017360419109850866	-0.007077256841897528	0.00025270459241166776	0.0032709466736153825	0.0019579245225509467	-7.185416881982931e-05	0.005450994973084988
-0.00029402250890320225	0.0028594111030200153	-0.006577981645437658	0.0005023421906413805	0.003395765472730128	0.0017082869243205678	0.00011537402985206668	0.006012679569102675
0.0009541654822466938	0.004045189694612317	-0.0063283440472079455	0.0005023421906413805	0.003146127874500193	-0.0003512232610762833	0.00017778342940988345	0.005450994973084988
-0.000543660107132915	0.005605424683549076	-0.004892927857385487	0.00019029519285407304	0.002334805680252572	-0.0025979616451459187	-9.444769263122765e-06	0.004077988182820791
0.0008293466831315044	0.006416746877796697	-0.004705699658713147	0.0003151139919688184	0.0017107116846777348	-0.003596512038065436	0.0003026022285246288	0.004452444580165915
-0.00029402250890320225	0.007352887871159064	-0.004144015062695461	0.0005023421906413805	0.0018355304837927022	-0.004283015433197868	-9.444769263122765e-06	0.0037659411850330393
0.0007669372835739097	0.007352887871159064	-0.0037695586653503366	0.00019029519285407304	0.0019603492829078917	-0.002098686448685827	5.296463029491605e-05	0.004764491577953001
-0.0003564319084603529	0.005855062281779233	-0.006203525248092756	0.0003775233915268572	0.0024596244793677613	-0.0006632702588640349	-0.00013426356837786813	0.005263766774413092
-0.0001692037097884569	0.004232417893284657	-0.00564184065207507	0.0006271609897570141	0.0037078124705178794	0.001084192928746175	0.0004274210276393742	0.006012679569102675
0.0008917560826890991	0.0025473641052322638	-0.0073893038396850574	0.0003775233915268572	0.003770221870075474	0.002706837317240529	5.296463029491605e-05	0.006636773564677956
-0.0004812507075757644	0.002484954705674669	-0.00763894143791477	0.00025270459241166776	0.004269497066535122	0.0032685219132579935	-9.444769263122765e-06	0.007136048761137381
0.0010165748818038445	0.0032338675003651396	-0.006265934647650351	0.0006895703893141647	0.004643953463880246	0.0025820185181255617	0.0004274210276393742	0.006636773564677956
-0.000543660107132915	0.0034835050985948524	-0.006765209844109998	0.0001278857932964783	0.00395745006874737	0.0013962399265332603	5.296463029491605e-05	0.005887860769987485
0.0007669372835739097	0.004856511888859494	-0.005829068850747854	0.00025270459241166776	0.002771671477155513	-0.0022235052478007944	-7.185416881982931e-05	0.005263766774413092
-0.0004812507075757644	0.006104699880009168	-0.004580880859597958	0.0006895703893141647	0.0024596244793677613	-0.002722780444260664	0.00036501162808222354	0.005263766774413092
0.0010789842813612172	0.006666384476026854	-0.003707149265793186	3.0669941812888624e-06	0.0015858928855634336	-0.004283015433197868	-0.00013426356837786813	0.004265216381493131
0.0008293466831315044	0.0066039750764692595	-0.003707149265793186	0.0003151139919688184	0.0010242082895457472	-0.0038461496362955927	-9.444769263122765e-06	0.004015578783262974
-0.00023161310934560753	0.005917471681336828	-0.0046432902591555525	0.0005647515901989753	0.0020227586824650423	-0.0013497736539962446	0.0004274210276393742	0.005513404372642583
0.0006421184844596084	0.004606874290629115	-0.00564184065207507	6.547639373888359e-05	0.001897939883350297	-0.0011001360557663098	-0.00019667296793546285	0.004889310377067968
-0.0004188413080179476	0.0034210956990372576	-0.005953887649862377	0.00043993279108445194	0.002709262077597918	0.0015210587256484498	0.00011537402985206668	0.006948820562465041
0.0008917560826890991	0.0021729077078875836	-0.007326894440127463	0.0005023421906413805	0.0034581748722875005	0.0032061125137003987	-7.185416881982931e-05	0.006761592363792701
-0.0006060695066909538	0.001860860710100276	-0.007139666241455123	6.547639373888359e-05	0.003395765472730128	0.0023947903194532216	0.00017778342940988345	0.006824001763349852
0.0009541654822466938	0.002048088908772394	-0.006827619243667149	0.00025270459241166776	0.0030213090753850036	0.0013338305269756656	-7.185416881982931e-05	0.007073639361580231
-0.0004188413080179476	0.0026097735047898585	-0.0054546124534022855	0.0003775233915268572	0.0022099868811378265	-0.0011001360557663098	5.296463029491605e-05	0.00595027016954508
-0.0004188413080179476	0.004482055491514814	-0.004830518457827893	6.547639373888359e-05	0.0010866176891033419	-0.002285914647358833	-9.444769263122765e-06	0.0058254513704298905
0.0007669372835739097	0.005293377685761991	-0.00495533725694286	6.547639373888359e-05	8.80672961833806e-05	-0.003596512038065436	-0.0002590823674926135	0.0056382231717579945
-0.0001692037097884569	0.006479156277353848	-0.003519921067120846	0.0005023421906413805	0.0005249330930858775	-0.0038461496362955927	0.0003026022285246288	0.006012679569102675
0.0007669372835739097	0.005168558886646801	-0.004830518457827893	0.0001278857932964783	-9.916090248940357e-05	-0.003346874439835501	-0.00013426356837786813	0.006636773564677956
-0.0004812507075757644	0.0042948272928420295	-0.0063283440472079455	6.547639373888359e-05	0.00033770489441309337	-0.001474592453111212	-9.444769263122765e-06	0.006824001763349852
0.0008917560826890991	0.003358686299479885	-0.0065155722458798415	0.0003151139919688184	0.001897939883350297	0.0024571997190103723	0.00024019282896747818	0.00807218975449997
-0.00029402250890320225	0.0019232701096576488	-0.007514122638800025	0.00025270459241166776	0.002085168082023081	0.0032061125137003987	-7.185416881982931e-05	0.008321827352729905
0.0007045278840163149	0.0009871291162950602	-0.008013397835259894	0.0003151139919688184	0.002522033878924912	0.003393340712372961	0.00017778342940988345	0.008633874350517434
0.0007669372835739097	0.001049538515852655	-0.008325444833047202	0.00019029519285407304	0.001897939883350297	0.0026444279176831564	-0.00013426356837786813	0.008633874350517434
-0.0004188413080179476	0.002672182904347453	-0.007326894440127463	0.00025270459241166776	0.0017107116846777348	0.001271421127418071	5.296463029491605e-05	0.009008330747861892
0.0009541654822466938	0.003982780295054722	-0.00564184065207507	0.0005023421906413805	0.0009617988899877083	-0.00047604206019147277	0.00024019282896747818	0.008446646151845094
-0.0004812507075757644	0.0042948272928420295	-0.005891478250305449	-5.9342405375417684e-05	-0.00022397970160414893	-0.0019738676495710816	-0.00019667296793546285	0.007760142756712662
0.0008917560826890991	0.0053557870853195855	-0.005080156056058049	0.00025270459241166776	-0.00066084549850709	-0.002910008642933448	5.296463029491605e-05	0.007697733357154624
-0.0003564319084603529	0.005480605884434775	-0.004268833861810428	0.00025270459241166776	-0.0011601206949665155	-0.0018490488504563363	-0.00038390116660780294	0.0075105051584822835
0.0006421184844596084	0.004107599094169467	-0.005891478250305449	0.00025270459241166776	0.0002752954948557207	0.00021046133494095898	0.00011537402985206668	0.008197008553614715
-0.00023161310934560753	0.0038579614959395325	-0.006453162846322247	0.0003775233915268572	0.0007121612917577735	0.002082743321666136	-9.444769263122765e-06	0.008197008553614715
-0.00010679431023086217	0.0015488137123123025	-0.007326894440127463	0.0006271609897570141	0.002085168082023081	0.004454300504850073	0.0004274210276393742	0.009507605944321984
0.0005797090849015696	0.0009247197167374654	-0.00782616963658711	3.0669941812888624e-06	0.0017731210842353295	0.004079844107505171	-0.00019667296793546285	0.009195558946534677
-0.00023161310934560753	0.0014239949131975571	-0.0069524380427823385	0.00043993279108445194	0.0022099868811378265	0.004579119303965262	0.0003026022285246288	0.010194109339454638
0.0007669372835739097	0.0016112231118698972	-0.00757653203835762	0.00019029519285407304	0.0013986646868906494	0.0032061125137003987	-7.185416881982931e-05	0.009882062341666664
-0.0004812507075757644	0.0030466393016923554	-0.006265934647650351	3.0669941812888624e-06	0.0007745706913153683	0.001271421127418071	-0.00013426356837786813	0.009507605944321984
0.0008293466831315044	0.004170008493727062	-0.005017746656500455	0.00025270459241166776	-0.0005360266993916785	-0.0009753172566515644	0.00024019282896747818	0.009944471741225147
-0.00023161310934560753	0.005168558886646801	-0.004456062060482768	6.547639373888359e-05	-0.0013473488936390776	-0.0021610958482436438	-0.0002590823674926135	0.008945921348305186
0.0007045278840163149	0.005418196484876736	-0.003894377464465526	0.00025270459241166776	-0.0010353018958517701	-0.0011001360557663098	-9.444769263122765e-06	0.009195558946534677
0.0008293466831315044	0.004170008493727062	-0.005204974855172795	0.0003775233915268572	-0.00028638910116129956	0.0003352801340561484	5.296463029491605e-05	0.009257968346092271
-0.0001692037097884569	0.003296276899921846	-0.0052673842547303895	0.0005023421906413805	0.0010866176891033419	0.002269971520338032	0.0003026022285246288	0.009257968346092271
0.000517299685344419	0.0011119479154100276	-0.006827619243667149	-5.9342405375417684e-05	0.0008993894904305577	0.0032685219132579935	-0.00038390116660780294	0.0085090555514018
-0.0004188413080179476	0.0006750821185079747	-0.0073893038396850574	0.0003151139919688184	0.002085168082023081	0.0049535757013101644	5.296463029491605e-05	0.009570015343879579
0.0010789842813612172	0.00061267271895038	-0.006577981645437658	0.0005647515901989753	0.0021475774815802318	0.0051408038999825045	-0.00013426356837786813	0.009757243542552363
-0.000543660107132915	0.0007374915180651254	-0.006890028643225632	0.0001278857932964783	0.0004625236935282828	0.002769246716798124	-7.185416881982931e-05	0.010069290540339448
0.0008917560826890991	0.002110498308329989	-0.006577981645437658	0.0001278857932964783	-0.0009104830967365807	0.001084192928746175	-0.00019667296793546285	0.010131699939897043
-0.0004188413080179476	0.0034210956990372576	-0.005017746656500455	0.0003775233915268572	-0.0015969864918685683	2.3233136268396848e-05	0.00011537402985206668	0.01056856573679954
-0.0004812507075757644	0.004731693089744304	-0.005080156056058049	3.0669941812888624e-06	-0.0020338522887712873	-0.0009753172566515644	-0.00013426356837786813	0.010630975136357135
0.0008293466831315044	0.004606874290629115	-0.00495533725694286	6.547639373888359e-05	-0.0024083086861166336	-0.0012249548548808331	-0.0003214917670502082	0.010006881140781854
-0.00029402250890320225	0.003795552096381938	-0.005766659451190259	0.00043993279108445194	-0.0012849394940814829	0.00039768953361329906	0.00024019282896747818	0.01056856573679954
0.0007045278840163149	0.0022353171074451783	-0.007326894440127463	3.0669941812888624e-06	-0.0009728924962941754	0.0009593741296307634	-0.0002590823674926135	0.009445196544764611
-0.0004188413080179476	0.0012991761140828118	-0.007202075641012717	0.00019029519285407304	8.80672961833806e-05	0.003143703114143248	0.00011537402985206668	0.009632424743437173
0.0008917560826890991	0.00011339752249073243	-0.008138216634374418	0.00043993279108445194	0.0013362552873330547	0.004828756902195197	-0.00013426356837786813	0.009632424743437173
-0.0004812507075757644	-0.00032346827441154247	-0.008450263632162391	0.0005023421906413805	0.0008993894904305577	0.004766347502638046	0.00011537402985206668	0.009819652942109514
0.0009541654822466938	0.00017580692204788306	-0.00757653203835762	0.00019029519285407304	-3.6751502931808844e-05	0.0034557501119305556	-9.444769263122765e-06	0.009944471741225147
0.0008917560826890991	0.0019232701096576488	-0.006640391044995253	0.0003151139919688184	-0.0010977112954089208	0.0019579245225509467	-7.185416881982931e-05	0.010256518739011788
-0.000543660107132915	0.002734592303904826	-0.005953887649862377	-5.9342405375417684e-05	-0.002720355683903719	0.0004600989331708938	-0.00044631056616495357	0.010131699939897043
0.0010165748818038445	0.003545914498152447	-0.00564184065207507	0.0003775233915268572	-0.002907583882576281	-3.917626328875379e-05	0.00017778342940988345	0.011005431533701815
-0.0007308883058056992	0.0034835050985948524	-0.006141115848535161	-0.000433798802720764	-0.0038437248759382037	-0.001037726656208271	-0.0006335387648377377	0.010381337538126756
0.0009541654822466938	0.003545914498152447	-0.00564184065207507	0.0003151139919688184	-0.0030948120812486213	2.3233136268396848e-05	-9.444769263122765e-06	0.01081820333502903
-0.0003564319084603529	0.002672182904347453	-0.006827619243667149	0.00019029519285407304	-0.0005984360989490511	0.0030812937145852093	5.296463029491605e-05	0.010006881140781854
0.0008917560826890991	0.0019232701096576488	-0.007077256841897528	0.0001278857932964783	2.565789662578588e-05	0.0045167099044076675	-9.444769263122765e-06	0.009757243542552363
-0.0003564319084603529	0.00048785391983519055	-0.009011948228179634	0.0003775233915268572	0.0007121612917577735	0.005702488495999969	-7.185416881982931e-05	0.010131699939897043
-0.00029402250890320225	-0.00013624007573964647	-0.008450263632162391	0.0003775233915268572	0.0010866176891033419	0.006388991891132401	0.00011537402985206668	0.011130250332817004
0.0007045278840163149	-0.0001986494752972412	-0.008762310629949477	-5.9342405375417684e-05	-0.00028638910116129956	0.005390441498212439	-0.0003214917670502082	0.011255069131931972
-0.0003564319084603529	0.0007999009176227201	-0.00857508243127758	6.547639373888359e-05	-0.00066084549850709	0.004579119303965262	-9.444769263122765e-06	0.012378438323966678
0.0008917560826890991	0.002048088908772394	-0.007326894440127463	0.00019029519285407304	-0.0018466240900989472	0.003330931312815588	-7.185416881982931e-05	0.013501807516001385
-0.0004188413080179476	0.002734592303904826	-0.006765209844109998	3.0669941812888624e-06	-0.002720355683903719	0.0026444279176831564	-0.00013426356837786813	0.013876263913345843
0.0008293466831315044	0.003545914498152447	-0.006827619243667149	0.00025270459241166776	-0.003157221480806216	0.0026444279176831564	-9.444769263122765e-06	0.014063492112018627
-0.0001692037097884569	0.003795552096381938	-0.006265934647650351	-0.0002465706040479798	-0.0036564966772660856	0.0030812937145852093	-0.0005087199657225483	0.013252169917771006
0.000517299685344419	0.0026097735047898585	-0.008450263632162391	0.0003151139919688184	-0.0018466240900989472	0.005452850897770034	0.00017778342940988345	0.013938673312903882
0.0007669372835739097	0.001236766714525217	-0.009261585826409569	0.0001278857932964783	-0.0015345770923118618	0.007137904685821983	-0.00019667296793546285	0.01294012291998392
-0.0001692037097884569	0.00042544452027759583	-0.00988567982198485	0.0003775233915268572	-0.00022397970160414893	0.009259824270776429	0.00024019282896747818	0.013751445114231542
0.0006421184844596084	-0.00044828707352695396	-0.011196277212691452	-5.9342405375417684e-05	-3.6751502931808844e-05	0.009447052469449213	-0.0003214917670502082	0.013626626315116575
-0.00023161310934560753	-1.1421276624457022e-05	-0.01013531742021434	0.00025270459241166776	0.0002752954948557207	0.01025837466369639	0.00017778342940988345	0.014500357908921124
0.0007045278840163149	-1.1421276624457022e-05	-0.010697002016232027	0.0001278857932964783	-0.0007232548980637965	0.008822958473874376	0.00011537402985206668	0.015311680103168746
-0.00023161310934560753	0.001236766714525217	-0.009511223424639503	0.00025270459241166776	-0.0025955368847885296	0.005952126094230126	-0.00044631056616495357	0.014625176708036314
0.0007045278840163149	0.0015488137123123025	-0.008637491830834287	-5.9342405375417684e-05	-0.0032820402799209614	0.004703938103080452	-0.00038390116660780294	0.015062042504938367
-0.000543660107132915	0.002297726507002329	-0.00763894143791477	0.0003151139919688184	-0.0032820402799209614	0.0043294817057357715	-9.444769263122765e-06	0.014812404906708654
-0.000543660107132915	0.0025473641052322638	-0.008013397835259894	-0.0003089800036057966	-0.004343000072398517	0.004579119303965262	-0.0005087199657225483	0.013876263913345843
0.0010165748818038445	0.0024225453061170743	-0.008699901230392326	0.00043993279108445194	-0.0032820402799209614	0.006264173092017211	0.00011537402985206668	0.014125901511576222
-0.00029402250890320225	0.001673632511427936	-0.009323995225967163	0.00025270459241166776	-0.0022210804874438494	0.008074045679184572	0.00011537402985206668	0.013314579317329045
0.0006421184844596084	0.00017580692204788306	-0.010197726819771935	-5.9342405375417684e-05	-0.002283489887001	0.009571871268563958	-0.0003214917670502082	0.012316028924409084
-0.0004812507075757644	-0.0005106964730841046	-0.011071458413576707	3.0669941812888624e-06	-0.0009104830967365807	0.010882468659271671	-0.0003214917670502082	0.012066391326179149
0.0007669372835739097	-0.0010099716695439742	-0.011196277212691452	0.0001278857932964783	-0.0012225300945241102	0.011693790853519292	0.00011537402985206668	0.013252169917771006
-0.00023161310934560753	-0.0008227434708716341	-0.01044736441800187	-0.00012175180493301241	-0.0025955368847885296	0.009322233670334024	-0.00044631056616495357	0.013252169917771006
0.0007045278840163149	-0.0007603340713144835	-0.01026013621932953	-5.9342405375417684e-05	-0.0034068590790357067	0.008760549074316781	-0.0003214917670502082	0.014562767308478275
0.0010789842813612172	0.0012991761140828118	-0.009011948228179634	0.00043993279108445194	-0.0042805906728404786	0.007637179882282075	0.00011537402985206668	0.015311680103168746
-0.0006060695066909538	0.0016112231118698972	-0.009573632824197098	-0.0003089800036057966	-0.00496709406797291	0.005452850897770034	-0.00038390116660780294	0.015124451904496183
0.0010165748818038445	0.0019856795092152435	-0.008762310629949477	0.0001278857932964783	-0.005029503467530949	0.005640079096442374	-7.185416881982931e-05	0.014874814306265804
-0.0004188413080179476	0.0014239949131975571	-0.009074357627737228	6.547639373888359e-05	-0.005029503467530949	0.00651381069024759	-0.00019667296793546285	0.014063492112018627
0.0007045278840163149	0.0007374915180651254	-0.01026013621932953	3.0669941812888624e-06	-0.004155771873726177	0.0072627234849371725	-0.0002590823674926135	0.011442297330604312
-0.0004812507075757644	-0.00032346827441154247	-0.010384955018444275	-0.00012175180493301241	-0.0024707180856737843	0.011506562654846508	-0.00013426356837786813	0.010880612734586625
0.0008917560826890991	-0.0013220186673317258	-0.010946639614461517	0.00025270459241166776	-0.0013473488936390776	0.01256752244732362	0.00011537402985206668	0.011130250332817004
-0.0003564319084603529	-0.0015092468660040659	-0.011258686612249047	-0.00018416120449060713	-0.0025955368847885296	0.012380294248651724	-0.000571129365280143	0.01056856573679954
-0.00023161310934560753	-0.001072381069102013	-0.01057218321711706	0.00025270459241166776	-0.0025955368847885296	0.012380294248651724	5.296463029491605e-05	0.012565666522638574
0.0008917560826890991	-0.00013624007573964647	-0.010197726819771935	0.00025270459241166776	-0.0032196308803638107	0.01025837466369639	-7.185416881982931e-05	0.013376988716886196
-0.0004812507075757644	0.0003630351207204452	-0.009323995225967163	-0.00018416120449060713	-0.0050919128670881	0.00888536787343197	-0.0003214917670502082	0.014063492112018627
0.0007669372835739097	0.0011119479154100276	-0.009136767027294379	-5.9342405375417684e-05	-0.005840825661778126	0.00738754228405214	-0.0003214917670502082	0.015249270703610707
-0.00010679431023086217	0.0019232701096576488	-0.008762310629949477	0.00025270459241166776	-0.005403959864875851	0.007325132884494767	-0.00038390116660780294	0.014001082712461033
0.0007669372835739097	0.0011743573149678443	-0.00882472002950685	-5.9342405375417684e-05	-0.005029503467530949	0.00888536787343197	-0.00019667296793546285	0.01343939811644379
-0.0003564319084603529	0.0008623103171803148	-0.00976086102286966	0.00019029519285407304	-0.0034068590790357067	0.010882468659271671	-0.00013426356837786813	0.012378438323966678
0.0008917560826890991	0.00011339752249073243	-0.010197726819771935	0.00019029519285407304	-0.0024083086861166336	0.013004388244226561	-9.444769263122765e-06	0.011442297330604312
0.0008293466831315044	-0.0013220186673317258	-0.01044736441800187	0.0003151139919688184	-0.0012849394940814829	0.013254025842456496	-7.185416881982931e-05	0.010693384535914285
-0.00029402250890320225	-0.0013220186673317258	-0.009698451623311843	0.0003151139919688184	-0.0005360266993916785	0.013566072840243582	0.00024019282896747818	0.01056856573679954
0.0006421184844596084	-0.0013844280668893205	-0.009199176426851974	3.0669941812888624e-06	-0.002283489887001	0.01262993184688077	-0.00038390116660780294	0.010381337538126756
-0.0004812507075757644	-0.0005106964730841046	-0.009074357627737228	-0.00018416120449060713	-0.0032820402799209614	0.010695240460599331	-0.0003214917670502082	0.01306494171909911
0.0008917560826890991	0.0007374915180651254	-0.008013397835259894	0.0001278857932964783	-0.00440540947195589	0.009821508866794115	-9.444769263122765e-06	0.014188310911133817
-0.00023161310934560753	0.0017984513105424593	-0.006577981645437658	0.00025270459241166776	-0.0062152820591230284	0.007200314085379578	-0.0002590823674926135	0.013938673312903882
0.0007669372835739097	0.002048088908772394	-0.007202075641012717	-0.0002465706040479798	-0.005965644460893094	0.007699589281839669	-0.0003214917670502082	0.013751445114231542
-0.0004812507075757644	0.002110498308329989	-0.007326894440127463	0.00019029519285407304	-0.005716006862663381	0.009072596072104533	-0.00019667296793546285	0.013002532319541071
-0.0003564319084603529	0.0008623103171803148	-0.008263035433490051	0.00025270459241166776	-0.003781315476381053	0.010508012261926547	0.00011537402985206668	0.012378438323966678
0.0007045278840163149	-0.00044828707352695396	-0.00882472002950685	3.0669941812888624e-06	-0.0030948120812486213	0.011756200253076443	-0.0002590823674926135	0.010318928138569383
-0.00029402250890320225	-0.0010099716695439742	-0.00857508243127758	0.0003775233915268572	-0.0019714428892136926	0.013191616442898901	0.00011537402985206668	0.009819652942109514
0.0010165748818038445	-0.0013220186673317258	-0.008949538828622261	0.0003775233915268572	-0.0010977112954089208	0.012692341246438366	0.00011537402985206668	0.009133149546977082
-0.0006060695066909538	-0.0015092468660040659	-0.008387854232604797	-0.00012175180493301241	-0.0020338522887712873	0.012380294248651724	-0.00019667296793546285	0.009694834142994324
0.0007669372835739097	-0.0008851528704292289	-0.007701350837472365	0.00019029519285407304	-0.0035316778781513403	0.009696690067679592	-0.00013426356837786813	0.010943022134144664
-0.0003564319084603529	0.00030062572116285047	-0.00745171323924243	0.00019029519285407304	-0.00496709406797291	0.008760549074316781	-0.00013426356837786813	0.011442297330604312
0.0008917560826890991	0.0009247197167374654	-0.006203525248092756	-0.00012175180493301241	-0.006028053860450688	0.007512361083167329	-0.0003214917670502082	0.011879163127506365
0.0007045278840163149	0.0016112231118698972	-0.0065155722458798415	0.0001278857932964783	-0.005716006862663381	0.006763448288477303	-0.0002590823674926135	0.011504706730161907
-0.00023161310934560753	0.0013615855136404065	-0.006078706448977567	0.00025270459241166776	-0.005341550465318257	0.008136455078742166	0.00011537402985206668	0.01106784093325941
0.0005797090849015696	0.00011339752249073243	-0.007701350837472365	-0.00012175180493301241	-0.005466369264433002	0.008011636279627199	-0.00044631056616495357	0.009320377745649866
-0.00029402250890320225	-0.0001986494752972412	-0.00782616963658711	0.0001278857932964783	-0.003344449679478556	0.009821508866794115	5.296463029491605e-05	0.008883511948747591
0.0008917560826890991	-0.0011347904686591637	-0.0079509884357023	0.0003151139919688184	-0.003157221480806216	0.011506562654846508	0.00011537402985206668	0.008446646151845094
-0.0003564319084603529	-0.0015716562655621047	-0.008325444833047202	0.0003775233915268572	-0.0022210804874438494	0.011319334456174168	-0.00019667296793546285	0.00807218975449997
0.0007045278840163149	-0.0020085220624641575	-0.008637491830834287	-5.9342405375417684e-05	-0.003594087277708491	0.011319334456174168	-0.00038390116660780294	0.008821102549189552
-0.0006060695066909538	-0.0019461126629067849	-0.00745171323924243	0.0005023421906413805	-0.0037189060768236804	0.0100087370654669	0.00024019282896747818	0.010131699939897043
-0.0006060695066909538	-0.0005731058726421434	-0.0073893038396850574	-0.00018416120449060713	-0.00477986586930057	0.008011636279627199	-0.00038390116660780294	0.010256518739011788
0.0007045278840163149	-7.383067618205175e-05	-0.0063283440472079455	-0.00012175180493301241	-0.005965644460893094	0.007075495286264388	-0.00038390116660780294	0.010381337538126756
-0.00029402250890320225	0.0007999009176227201	-0.005891478250305449	0.00025270459241166776	-0.005279141065760662	0.006264173092017211	5.296463029491605e-05	0.010630975136357135
0.0007045278840163149	0.0007999009176227201	-0.005891478250305449	-5.9342405375417684e-05	-0.005279141065760662	0.0057648978955573416	-0.0003214917670502082	0.009070740147419487
-0.00029402250890320225	0.0007374915180651254	-0.0054546124534022855	0.00019029519285407304	-0.00496709406797291	0.007013085886707682	-0.0002590823674926135	0.007822552156269813
0.0008293466831315044	0.00030062572116285047	-0.0063283440472079455	0.0001278857932964783	-0.0028451744830189085	0.008386092676972101	0.00024019282896747818	0.0075105051584822835
-0.00023161310934560753	-7.383067618205175e-05	-0.005891478250305449	0.00019029519285407304	-0.002969993282133876	0.008947777272989343	-9.444769263122765e-06	0.006699182964235106
0.0008917560826890991	-0.001072381069102013	-0.006640391044995253	0.00019029519285407304	-0.0022210804874438494	0.008760549074316781	-0.00019667296793546285	0.007011229962022192
0.0010789842813612172	-0.0011971998682167584	-0.005766659451190259	0.00043993279108445194	-0.002345899286559039	0.00888536787343197	0.00017778342940988345	0.007697733357154624
-0.0004812507075757644	-0.0012596092677743531	-0.005579431252517919	-5.9342405375417684e-05	-0.0036564966772660856	0.008261273877856468	-0.00019667296793546285	0.008571464950959395
0.0008293466831315044	-0.0005106964730841046	-0.00551702185295988	0.00025270459241166776	-0.0037189060768236804	0.007075495286264388	-0.00013426356837786813	0.009819652942109514
-0.0003564319084603529	0.00011339752249073243	-0.004081605663137866	0.0003151139919688184	-0.0042805906728404786	0.0068258576880348976	0.00011537402985206668	0.010880612734586625
0.0007045278840163149	0.00042544452027759583	-0.003894377464465526	6.547639373888359e-05	-0.005029503467530949	0.0049535757013101644	5.296463029491605e-05	0.01081820333502903
-0.0001692037097884569	0.001236766714525217	-0.003644739866235591	0.00019029519285407304	-0.00440540947195589	0.004142253507063209	-0.00019667296793546285	0.009632424743437173
0.0007669372835739097	0.0009871291162950602	-0.003457511667562807	0.00025270459241166776	-0.0034068590790357067	0.004641528703522857	0.00011537402985206668	0.009195558946534677
-0.00029402250890320225	0.0008623103171803148	-0.004456062060482768	3.0669941812888624e-06	-0.002533127485231379	0.004079844107505171	-0.0002590823674926135	0.007572914558040322
-0.0003564319084603529	5.09881229331377e-05	-0.0035823304666784406	0.00019029519285407304	-0.001909033489656542	0.006076944893344871	-7.185416881982931e-05	0.007572914558040322
0.0010789842813612172	-0.00032346827441154247	-0.0035823304666784406	0.0006271609897570141	-0.0014097582931966723	0.006888267087592492	0.0003026022285246288	0.007572914558040322
-0.000543660107132915	-0.001072381069102013	-0.004456062060482768	-5.9342405375417684e-05	-0.0017842146905413525	0.006701038888919708	-0.00019667296793546285	0.007635323957597473
0.0008917560826890991	-0.0009475622699868236	-0.0035823304666784406	0.00025270459241166776	-0.002907583882576281	0.00738754228405214	-7.185416881982931e-05	0.010069290540339448
-0.00029402250890320225	-0.0006355152721997381	-0.003644739866235591	0.00019029519285407304	-0.004030953074610988	0.00738754228405214	-9.444769263122765e-06	0.010943022134144664
0.0008917560826890991	-1.1421276624457022e-05	-0.0033951022680056564	0.00025270459241166776	-0.006776966655140493	0.006763448288477303	-7.185416881982931e-05	0.011754344328391841
-0.0004188413080179476	0.00023821632160525574	-0.00283341767198797	3.0669941812888624e-06	-0.007775517048060232	0.006451401290689773	-0.0003214917670502082	0.011754344328391841
0.0007669372835739097	0.00048785391983519055	-0.003083055270218349	0.00025270459241166776	-0.0074634700502724804	0.006950676487149643	-9.444769263122765e-06	0.012003981926621776
0.0007669372835739097	0.0006750821185079747	-0.003270283468890245	3.0669941812888624e-06	-0.008337201644077696	0.00738754228405214	-0.0003214917670502082	0.011005431533701815
-0.0003564319084603529	0.00030062572116285047	-0.004081605663137866	0.0001278857932964783	-0.00721383245204299	0.008011636279627199	-0.00013426356837786813	0.01056856573679954
0.0008293466831315044	-0.00013624007573964647	-0.004393652660925618	0.0003151139919688184	-0.005965644460893094	0.00869813967475963	-9.444769263122765e-06	0.009819652942109514
-0.0004188413080179476	-0.0008851528704292289	-0.004268833861810428	0.0001278857932964783	-0.005528778663991041	0.009571871268563958	-9.444769263122765e-06	0.008821102549189552
0.0008293466831315044	-0.0014468374664469152	-0.005017746656500455	0.0003151139919688184	-0.00471745646974342	0.009322233670334024	5.296463029491605e-05	0.009070740147419487
-0.0003564319084603529	-0.0016340656651192553	-0.004830518457827893	0.00025270459241166776	-0.005591188063548191	0.008760549074316781	-0.00013426356837786813	0.009320377745649866
0.0008917560826890991	-0.00169647506467685	-0.004268833861810428	0.0001278857932964783	-0.005840825661778126	0.007637179882282075	-7.185416881982931e-05	0.010381337538126756
-0.0003564319084603529	-0.0011347904686591637	-0.004144015062695461	6.547639373888359e-05	-0.0074634700502724804	0.0068258576880348976	-0.0003214917670502082	0.01081820333502903
-0.00029402250890320225	-1.1421276624457022e-05	-0.0032078740693335384	0.00025270459241166776	-0.007962745246732572	0.0072627234849371725	5.296463029491605e-05	0.011879163127506365
0.0007669372835739097	0.00011339752249073243	-0.0042064244622530556	-0.00012175180493301241	-0.008524429842750259	0.006076944893344871	-0.00038390116660780294	0.011255069131931972
-0.000543660107132915	0.00042544452027759583	-0.004268833861810428	-0.00012175180493301241	-0.008649248641865004	0.0068258576880348976	-0.00038390116660780294	0.011005431533701815
0.0010165748818038445	0.00017580692204788306	-0.004393652660925618	0.0005023421906413805	-0.008025154646290167	0.008198864478299761	0.00017778342940988345	0.009507605944321984
-0.0006060695066909538	-0.0008851528704292289	-0.005829068850747854	-0.00012175180493301241	-0.0070890136529278	0.008386092676972101	-0.00019667296793546285	0.008446646151845094
0.0008293466831315044	-0.0013220186673317258	-0.005704250051632664	6.547639373888359e-05	-0.005279141065760662	0.01025837466369639	-9.444769263122765e-06	0.0083842367522875
-0.0004188413080179476	-0.00169647506467685	-0.005704250051632664	0.0003151139919688184	-0.004592637670628674	0.01007114646502405	-0.00013426356837786813	0.008197008553614715
0.0008917560826890991	-0.0020709314620217523	-0.005392203053845579	-5.9342405375417684e-05	-0.005716006862663381	0.01025837466369639	-0.0003214917670502082	0.008821102549189552
0.0009541654822466938	-0.0012596092677743531	-0.004892927857385487	0.0005023421906413805	-0.006652147856025303	0.010320784063253985	0.00017778342940988345	0.010443746937684795
-0.00029402250890320225	-0.0005106964730841046	-0.004830518457827893	0.00019029519285407304	-0.007775517048060232	0.009447052469449213	-9.444769263122765e-06	0.011567116129719501
0.0006421184844596084	-0.00013624007573964647	-0.0046432902591555525	-0.00018416120449060713	-0.010084664831687462	0.008822958473874376	-0.00044631056616495357	0.012316028924409084
-0.0003564319084603529	0.00030062572116285047	-0.004580880859597958	6.547639373888359e-05	-0.010583940028147332	0.009197414871219722	-9.444769263122765e-06	0.01294012291998392
0.0008293466831315044	0.0006750821185079747	-0.005017746656500455	0.00019029519285407304	-0.010147074231244613	0.00901018667254716	-9.444769263122765e-06	0.012003981926621776
-0.00029402250890320225	0.00061267271895038	-0.004705699658713147	0.0001278857932964783	-0.008524429842750259	0.010632831061041292	-7.185416881982931e-05	0.010693384535914285
0.0008293466831315044	-0.00013624007573964647	-0.005704250051632664	0.0003151139919688184	-0.0070890136529278	0.012005837851306378	-9.444769263122765e-06	0.010318928138569383
-0.0003564319084603529	-0.00032346827441154247	-0.0054546124534022855	0.0003775233915268572	-0.00721383245204299	0.013503663440685987	0.00011537402985206668	0.009757243542552363
-0.000543660107132915	-0.0013844280668893205	-0.006390753446765096	-5.9342405375417684e-05	-0.007588288849387892	0.013628482239800954	-0.0002590823674926135	0.010069290540339448
0.0008293466831315044	-0.0011971998682167584	-0.006203525248092756	0.00019029519285407304	-0.008524429842750259	0.014190166835818419	-0.00013426356837786813	0.01081820333502903
-0.00029402250890320225	-0.0006355152721997381	-0.005579431252517919	0.0001278857932964783	-0.010459121229032586	0.015438354826968537	-0.00013426356837786813	0.012440847723524273
0.0010165748818038445	0.00017580692204788306	-0.00551702185295988	0.0003775233915268572	-0.011208034023722169	0.014627032632720471	0.00011537402985206668	0.013689035714673947
-0.0004812507075757644	0.0007374915180651254	-0.005204974855172795	-5.9342405375417684e-05	-0.012019356217969346	0.013878119838031333	-0.00013426356837786813	0.013689035714673947
0.0008917560826890991	0.0012991761140828118	-0.004705699658713147	0.00019029519285407304	-0.011769718619739855	0.013316435242013647	-9.444769263122765e-06	0.01343939811644379
-0.0004188413080179476	0.0013615855136404065	-0.005142565455615644	0.0001278857932964783	-0.011644899820624666	0.013753301038916144	-0.00013426356837786813	0.012378438323966678
0.0007669372835739097	0.001236766714525217	-0.005579431252517919	6.547639373888359e-05	-0.011395262222394509	0.015251126628295752	-0.00013426356837786813	0.011691934928833803
0.0009541654822466938	0.00042544452027759583	-0.006390753446765096	0.0003775233915268572	-0.010334302429917397	0.015500764226525687	-9.444769263122765e-06	0.010943022134144664
-0.0004812507075757644	5.09881229331377e-05	-0.006141115848535161	6.547639373888359e-05	-0.010022255432129867	0.016000039422985335	-0.00013426356837786813	0.010131699939897043
0.0008917560826890991	-0.0003858776739695813	-0.005953887649862377	0.00025270459241166776	-0.010209483630802207	0.015812811224312773	-9.444769263122765e-06	0.009694834142994324
-0.00029402250890320225	0.00011339752249073243	-0.005891478250305449	0.00025270459241166776	-0.009835027233457083	0.014939079630508445	-7.185416881982931e-05	0.010506156337241945
0.0008293466831315044	0.00030062572116285047	-0.004830518457827893	0.0003775233915268572	-0.010646349427704482	0.014439804434048575	-7.185416881982931e-05	0.011255069131931972
-0.0003564319084603529	0.0006750821185079747	-0.004705699658713147	0.0001278857932964783	-0.012331403215756875	0.012817160045553555	-0.0002590823674926135	0.011504706730161907
0.0007669372835739097	0.0011119479154100276	-0.004892927857385487	0.0003775233915268572	-0.012393812615314692	0.013316435242013647	0.00017778342940988345	0.012003981926621776
-0.00023161310934560753	0.001673632511427936	-0.004768109058270298	6.547639373888359e-05	-0.013017906610889085	0.012692341246438366	-0.00019667296793546285	0.011192659732373933
-0.0004812507075757644	0.001049538515852655	-0.005579431252517919	3.0669941812888624e-06	-0.012144175017084535	0.013004388244226561	-0.00019667296793546285	0.010630975136357135
0.0008917560826890991	0.0006750821185079747	-0.0052673842547303895	0.0003151139919688184	-0.012019356217969346	0.01425257623537557	-9.444769263122765e-06	0.009819652942109514
-0.0004812507075757644	0.00011339752249073243	-0.006078706448977567	-5.9342405375417684e-05	-0.0118945374188546	0.014627032632720471	-0.00013426356837786813	0.00938278714520746
0.0006421184844596084	-0.0001986494752972412	-0.006453162846322247	3.0669941812888624e-06	-0.011582490421067293	0.014564623233163765	-0.0003214917670502082	0.009257968346092271
-0.0003564319084603529	-0.0001986494752972412	-0.0054546124534022855	0.00025270459241166776	-0.011582490421067293	0.015750401824755622	0.00017778342940988345	0.009757243542552363
0.0010789842813612172	-0.0001986494752972412	-0.005392203053845579	0.0005023421906413805	-0.012019356217969346	0.013566072840243582	-0.00019667296793546285	0.009507605944321984
-0.000543660107132915	-0.00013624007573964647	-0.00564184065207507	0.0003151139919688184	-0.013017906610889085	0.013628482239800954	-7.185416881982931e-05	0.010131699939897043
0.0009541654822466938	0.00030062572116285047	-0.004456062060482768	0.0003775233915268572	-0.012955497211331712	0.013378844641571241	0.00017778342940988345	0.01106784093325941
0.00045489028578704627	0.00048785391983519055	-0.005204974855172795	-0.0002465706040479798	-0.013704410006021739	0.011693790853519292	-0.000571129365280143	0.009882062341666664
-0.00029402250890320225	0.0008623103171803148	-0.004393652660925618	6.547639373888359e-05	-0.013329953608676615	0.01262993184688077	-7.185416881982931e-05	0.010256518739011788
0.0008917560826890991	0.0009247197167374654	-0.005080156056058049	0.00025270459241166776	-0.012581040813987032	0.012380294248651724	-0.00013426356837786813	0.009757243542552363
0.2547107840829945	-0.04026548399120444	-0.04577108456754031	-0.0018068055929854054	-0.05608039230555639	-0.02425402329159443	-0.0018817267559878559	-0.02126022803751937
0.18974259914364855	-0.029905523664661704	-0.036721721631704396	-0.0013699397960826865	-0.04422260638963338	-0.013519606567706344	-0.0002590823674926135	0.0058254513704298905
0.013123998395956793	-0.00169647506467685	-0.007888579036145149	3.0669941812888624e-06	-0.011083215224607423	0.0111945156570592	5.296463029491605e-05	0.006324726566889982
0.00962907202073704	-0.0009475622699868236	-0.006453162846322247	-0.00012175180493301241	-0.011145624624164574	0.0111945156570592	-0.00019667296793546285	0.006574364165120361
0.005822098647731089	-0.0010099716695439742	-0.005766659451190259	3.0669941812888624e-06	-0.010895987025935083	0.009946327665909305	-0.0002590823674926135	0.006761592363792701
0.0037001790627759767	-7.383067618205175e-05	-0.004331243261368023	0.00043993279108445194	-0.010334302429917397	0.01100728745838686	0.00017778342940988345	0.00807218975449997
0.0043866824579084085	5.09881229331377e-05	-0.0038319680649079313	0.0003775233915268572	-0.011332852822836914	0.011132106257501162	5.296463029491605e-05	0.008571464950959395
0.003013675667643545	0.00023821632160525574	-0.004456062060482768	-5.9342405375417684e-05	-0.011520081021509698	0.010757649860156482	-0.00019667296793546285	0.008945921348305186
0.0033257226654315186	0.0008623103171803148	-0.003519921067120846	0.00025270459241166776	-0.011208034023722169	0.011256925056616573	-0.00019667296793546285	0.009195558946534677
0.0018278970760514657	0.0011119479154100276	-0.003083055270218349	0.0005023421906413805	-0.010771168226819894	0.011631381453961254	-0.000571129365280143	0.007635323957597473
0.0037625884623340156	0.00048785391983519055	-0.004580880859597958	-0.0003089800036057966	-0.00977261783389971	0.010882468659271671	0.00017778342940988345	0.00825941795317231
0.0016406688773791256	0.0014864043127551518	-0.0031454646697759436	0.0001278857932964783	-0.010646349427704482	0.011132106257501162	-0.0003214917670502082	0.007697733357154624
0.003263313265873924	0.0007374915180651254	-0.003894377464465526	0.0005647515901989753	-0.009460570836112625	0.011568972054403659	0.0004898304271969689	0.008197008553614715
0.0030760850672011397	0.0005502633193932294	-0.0038319680649079313	6.547639373888359e-05	-0.010022255432129867	0.011256925056616573	-0.00019667296793546285	0.007385686359367538
0.0020775346742811784	0.0003630351207204452	-0.0038319680649079313	0.0001278857932964783	-0.010084664831687462	0.012005837851306378	-7.185416881982931e-05	0.00807218975449997
0.004074635460121101	0.0003630351207204452	-0.003707149265793186	0.0005023421906413805	-0.00971020843434256	0.011568972054403659	0.00017778342940988345	0.008321827352729905
0.0007045278840163149	0.0003630351207204452	-0.0031454646697759436	-5.9342405375417684e-05	-0.010271893030359802	0.011631381453961254	-0.00019667296793546285	0.008633874350517434
0.0027640380694140543	0.0003630351207204452	-0.0031454646697759436	6.547639373888359e-05	-0.010895987025935083	0.011319334456174168	0.0003026022285246288	0.009445196544764611
0.0010789842813612172	0.0011119479154100276	-0.00283341767198797	0.0005023421906413805	-0.011457671621952104	0.010820059259714077	-0.0003214917670502082	0.008696283750074585
0.001141393680919478	0.0009871291162950602	-0.0027710082724308194	6.547639373888359e-05	-0.011457671621952104	0.011381743855731763	-0.00013426356837786813	0.009195558946534677
0.0005797090849015696	0.0011119479154100276	-0.003644739866235591	0.00025270459241166776	-0.011083215224607423	0.011069696857944011	-0.00019667296793546285	0.008571464950959395
0.00020525268755666737	0.0014239949131975571	-0.00283341767198797	0.0005023421906413805	-0.010334302429917397	0.01256752244732362	0.00024019282896747818	0.008696283750074585
0.0027016286698562375	0.00030062572116285047	-0.0046432902591555525	3.0669941812888624e-06	-0.011145624624164574	0.011881019052191633	-0.00019667296793546285	0.007697733357154624
0.0012662124800340013	0.0005502633193932294	-0.004456062060482768	0.00019029519285407304	-0.010022255432129867	0.012380294248651724	-7.185416881982931e-05	0.007635323957597473
0.002139944073838773	-1.1421276624457022e-05	-0.0037695586653503366	0.00043993279108445194	-0.010147074231244613	0.013191616442898901	0.00024019282896747818	0.007635323957597473
0.001328621879591596	-0.0005106964730841046	-0.004830518457827893	6.547639373888359e-05	-0.010583940028147332	0.012380294248651724	-0.0002590823674926135	0.007323276959809943
0.002015125274724028	-0.00044828707352695396	-0.004331243261368023	6.547639373888359e-05	-0.011020805825049829	0.012130656650421345	-0.00013426356837786813	0.00825941795317231
-0.000543660107132915	0.00011339752249073243	-0.0032078740693335384	0.00025270459241166776	-0.011395262222394509	0.010820059259714077	-9.444769263122765e-06	0.0083842367522875
0.0018903064756088384	0.00023821632160525574	-0.0027710082724308194	6.547639373888359e-05	-0.011020805825049829	0.010195965264139684	-9.444769263122765e-06	0.008633874350517434
0.00020525268755666737	0.0007999009176227201	-0.00283341767198797	3.0669941812888624e-06	-0.01170730922018226	0.010195965264139684	-0.00038390116660780294	0.008197008553614715
0.00020525268755666737	0.0009247197167374654	-0.0031454646697759436	0.0005023421906413805	-0.010646349427704482	0.010445602862368952	0.0003026022285246288	0.0085090555514018
0.0008293466831315044	0.00061267271895038	-0.003894377464465526	-5.9342405375417684e-05	-0.010708758827262077	0.009571871268563958	-0.00038390116660780294	0.0068864111629074465
-0.0003564319084603529	0.0003630351207204452	-0.003644739866235591	0.0001278857932964783	-0.010209483630802207	0.010944878058828822	-7.185416881982931e-05	0.006012679569102675
0.002576809870741048	-0.0001986494752972412	-0.004768109058270298	0.0003151139919688184	-0.009647799034784521	0.01038319346281158	0.00017778342940988345	0.005887860769987485
0.0006421184844596084	0.00011339752249073243	-0.0037695586653503366	0.00043993279108445194	-0.008774067440980193	0.0100087370654669	-0.00019667296793546285	0.005326176173970243
0.002139944073838773	-0.0006355152721997381	-0.003956786864022677	0.00019029519285407304	-0.008087564045847762	0.009197414871219722	-7.185416881982931e-05	0.005763041970873184
0.0012038030804764066	-0.0002610588748548359	-0.0023341424755283224	0.0003775233915268572	-0.007837926447617383	0.008573320875644441	5.296463029491605e-05	0.006012679569102675
-0.00023161310934560753	0.0003630351207204452	-0.0022717330759707277	6.547639373888359e-05	-0.008649248641865004	0.008074045679184572	-0.00013426356837786813	0.006449545366005172
0.001765487676493871	0.0007374915180651254	-0.0023341424755283224	0.0001278857932964783	-0.008337201644077696	0.006388991891132401	-0.00019667296793546285	0.0062623171673330535
-0.0009181165044780393	0.0014864043127551518	-0.0012107732834936158	0.00025270459241166776	-0.007588288849387892	0.00651381069024759	5.296463029491605e-05	0.006511954765562322
0.0014534406787067855	0.0009871291162950602	-0.0018972766786260475	6.547639373888359e-05	-0.007837926447617383	0.005952126094230126	-0.00019667296793546285	0.005326176173970243
0.0007045278840163149	0.001049538515852655	-0.002209323676413577	0.0003151139919688184	-0.006340100858238218	0.0057648978955573416	-0.00013426356837786813	0.004452444580165915
0.0017030782769362762	0.0009871291162950602	-0.0019596860781836423	0.00025270459241166776	-0.005341550465318257	0.007637179882282075	0.00036501162808222354	0.004702082178395406
0.0015782594778215309	0.00061267271895038	-0.0022717330759707277	-5.9342405375417684e-05	-0.0051543222666456945	0.00632658249157525	-0.0003214917670502082	0.003391484787688359
0.003450541464546042	0.00011339752249073243	-0.0018348672790686749	0.0003775233915268572	-0.004655047070185825	0.00776199868139682	0.00017778342940988345	0.004265216381493131
0.003263313265873924	-7.383067618205175e-05	-0.002396551875085473	0.0003151139919688184	-0.005341550465318257	0.006888267087592492	-9.444769263122765e-06	0.0041403975823779415
0.0013910312791487467	0.0005502633193932294	-0.0016476390803958907	0.0001278857932964783	-0.00477986586930057	0.0057648978955573416	-9.444769263122765e-06	0.0045772633792806605
0.0014534406787067855	0.0007374915180651254	-0.0007739074865911189	0.00025270459241166776	-0.005716006862663381	0.0057648978955573416	-0.00013426356837786813	0.005014129176182713
0.0008917560826890991	0.0011119479154100276	-0.0005866792879183347	0.00043993279108445194	-0.0057784162622205315	0.0060145354937877205	0.0003026022285246288	0.005700632571315145
0.0018278970760514657	0.0012991761140828118	-0.0006490886874763735	0.00019029519285407304	-0.005903235061335721	0.00507839450042491	-9.444769263122765e-06	0.006075088968660269
-0.0004188413080179476	0.001673632511427936	-0.00033704168968884396	0.0001278857932964783	-0.006714557255582898	0.0066386294893625575	-0.0002590823674926135	0.0056382231717579945
0.0020775346742811784	0.0009247197167374654	-0.0016476390803958907	0.0007519797888717594	-0.005279141065760662	0.007824408080954859	0.0005522398267545636	0.005887860769987485
0.0007045278840163149	0.001673632511427936	-0.0020845048772983876	3.0669941812888624e-06	-0.006527329056910114	0.007886817480512454	-0.00038390116660780294	0.0045772633792806605
0.0015782594778215309	0.00061267271895038	-0.002458961274643512	0.00043993279108445194	-0.005903235061335721	0.008760549074316781	0.00024019282896747818	0.0052013573748554975
0.0020775346742811784	0.00048785391983519055	-0.002646189473315852	6.547639373888359e-05	-0.006152872659565878	0.007824408080954859	-0.0003214917670502082	0.004265216381493131
1.8024488884327283e-05	0.00011339752249073243	-0.002396551875085473	-5.9342405375417684e-05	-0.006714557255582898	0.008448502076529252	-0.00038390116660780294	0.004826900977510373
0.003263313265873924	0.0006750821185079747	-0.0018972766786260475	0.0008143891884289101	-0.006028053860450688	0.008198864478299761	0.0005522398267545636	0.005263766774413092
-0.00023161310934560753	0.0005502633193932294	-0.0016476390803958907	-5.9342405375417684e-05	-0.006464919657352519	0.006950676487149643	-0.00013426356837786813	0.005575813772200622
0.0013910312791487467	0.00042544452027759583	-0.0012107732834936158	0.00019029519285407304	-0.006402510257795813	0.0062017636924596165	-9.444769263122765e-06	0.006012679569102675
0.0005797090849015696	0.0008623103171803148	-0.0013980014821664	0.0003151139919688184	-0.006152872659565878	0.005577669696884779	-9.444769263122765e-06	0.005138947975297903
0.0010789842813612172	0.001049538515852655	-0.0011483638839362431	6.547639373888359e-05	-0.006527329056910114	0.005952126094230126	-0.00019667296793546285	0.005014129176182713
0.002139944073838773	0.0005502633193932294	-0.0020845048772983876	0.00025270459241166776	-0.005965644460893094	0.005328032098655289	-9.444769263122765e-06	0.00420280698193598
-0.00029402250890320225	0.0009871291162950602	-0.0015228202812811453	0.00019029519285407304	-0.005216731666203289	0.005827307295115158	-7.185416881982931e-05	0.0038907599841477847
0.001952715875166433	0.00023821632160525574	-0.0018348672790686749	0.0003775233915268572	-0.005279141065760662	0.0062017636924596165	0.00017778342940988345	0.003391484787688359
0.0012038030804764066	0.00023821632160525574	-0.002396551875085473	6.547639373888359e-05	-0.004343000072398517	0.004828756902195197	-0.00013426356837786813	0.00220570619609628
0.0018278970760514657	0.0003630351207204452	-0.001585229680838296	0.00025270459241166776	-0.0039061342754957984	0.004391891105292478	0.00017778342940988345	0.0027049813925559274
0.0007669372835739097	-7.383067618205175e-05	-0.0015228202812811453	0.0003775233915268572	-0.0036564966772660856	0.0026444279176831564	-7.185416881982931e-05	0.0020808873969810904
0.0025144004711838974	-0.00013624007573964647	-0.0017100484799534854	6.547639373888359e-05	-0.0034068590790357067	0.0026444279176831564	-0.00013426356837786813	0.00239293439476862
-0.00029402250890320225	0.00023821632160525574	-0.0005866792879183347	0.0005647515901989753	-0.003344449679478556	0.002332380919895627	0.00017778342940988345	0.0026425719929983327
0.00020525268755666737	0.00023821632160525574	-0.0005242698883616281	-5.9342405375417684e-05	-0.0027827650834610917	0.0007097365314003845	-0.0002590823674926135	0.0018312497987507115
0.0012038030804764066	0.0007999009176227201	0.00028705230588643715	0.00025270459241166776	-0.0024083086861166336	0.0003352801340561484	-0.0002590823674926135	0.0013943840018491027
0.0008293466831315044	0.0009247197167374654	0.00022464290632884243	0.00043993279108445194	-0.0015969864918685683	0.0007721459309588674	0.0003026022285246288	0.0018312497987507115
0.002202353473396368	0.0009871291162950602	3.7414707656058255e-05	0.00025270459241166776	-0.00084807369717943	-0.0005384514597484014	-7.185416881982931e-05	2.137721158379513e-05
0.00020525268755666737	0.0009247197167374654	0.00022464290632884243	6.547639373888359e-05	-0.00066084549850709	-3.917626328875379e-05	-9.444769263122765e-06	-4.1032187973799594e-05
0.0031384944667587344	0.0003630351207204452	-0.0005866792879183347	0.00043993279108445194	0.000836980090872963	-0.00010158566284634851	0.00024019282896747818	-0.00022826038664613968
0.0017030782769362762	0.0006750821185079747	-0.00033704168968884396	6.547639373888359e-05	0.00021288609529812597	0.0001480519353835863	-0.00019667296793546285	-0.0008523543822214208
0.002576809870741048	-0.00013624007573964647	-0.0005866792879183347	0.0003775233915268572	0.0007121612917577735	0.0003352801340561484	5.296463029491605e-05	-4.1032187973799594e-05
0.003200903866316329	-1.1421276624457022e-05	0.0003494617054431437	0.0005647515901989753	0.0015858928855634336	-0.0009753172566515644	0.0003026022285246288	-0.0005403073844341133
0.0007669372835739097	0.00011339752249073243	0.001160783899690765	6.547639373888359e-05	0.0010242082895457472	-0.0011001360557663098	-0.00019667296793546285	-0.00010344158753095023
0.003263313265873924	0.00048785391983519055	0.0010983745001336143	0.0003151139919688184	0.000836980090872963	-0.002098686448685827	-7.185416881982931e-05	0.000271014809813952
0.0008293466831315044	0.0015488137123123025	0.002221743692168099	0.0005023421906413805	0.0017731210842353295	-0.0025979616451459187	0.00036501162808222354	0.00014619601069876254
0.001765487676493871	0.0014239949131975571	0.001972106093937942	0.00019029519285407304	0.0006497518922001788	-0.002722780444260664	0.00017778342940988345	0.000271014809813952
0.0015158500782639361	0.001236766714525217	0.0017224684957080072	0.0003151139919688184	0.0017731210842353295	-0.002910008642933448	-0.0003214917670502082	-0.0011019919804509115
0.0022647628729539626	0.0014239949131975571	0.0010359651005760195	0.0006895703893141647	0.0024596244793677613	-0.00022640446196109387	0.0005522398267545636	-0.00010344158753095023
0.0017030782769362762	0.0014239949131975571	-0.00027463229013124923	0.0003151139919688184	0.0020227586824650423	-0.00041363266063387805	-7.185416881982931e-05	-0.0011644013800085062
0.0018278970760514657	0.00042544452027759583	-2.499469190153647e-05	6.547639373888359e-05	0.0026468526780403234	-0.00022640446196109387	-0.0002590823674926135	-0.0014764483777958137
0.004199454259235846	0.00023821632160525574	0.0008487369019032354	0.0009392079875445436	0.002771671477155513	0.0012090117278609203	0.0006146492263121583	-0.00035307918576132913
0.002202353473396368	-0.0005731058726421434	-2.499469190153647e-05	-0.00012175180493301241	0.0019603492829078917	-0.0007880890579787803	-0.0003214917670502082	-0.0010395825808937609
0.0027016286698562375	0.0006750821185079747	0.001784877895265602	0.0003151139919688184	0.002334805680252572	-0.0017242300513411468	0.00011537402985206668	0.00039583360892914143
0.0008917560826890991	0.0007999009176227201	0.002221743692168099	0.0003775233915268572	0.0015234834860058388	-0.0019738676495710816	-0.0003214917670502082	-0.00010344158753095023
0.002202353473396368	0.0007999009176227201	0.001972106093937942	3.0669941812888624e-06	0.0014610740864478	-0.003534102638508285	-7.185416881982931e-05	0.00039583360892914143
-0.0004188413080179476	0.0021729077078875836	0.0029082470873005306	0.0005023421906413805	0.0002752954948557207	-0.0019738676495710816	0.00011537402985206668	0.0008326994058314163
0.002202353473396368	0.0017360419109850866	0.001160783899690765	0.0005023421906413805	0.0007121612917577735	-0.00047604206019147277	0.00036501162808222354	0.000895108805389011
0.0017030782769362762	0.0009871291162950602	0.00028705230588643715	0.0001278857932964783	-0.00047361729983408374	0.001084192928746175	-0.00013426356837786813	0.0002086054102565793
0.001141393680919478	-0.00013624007573964647	-0.0010235450848210537	0.0001278857932964783	-0.0020338522887712873	0.004142253507063209	-0.00013426356837786813	0.0012695652027334692
0.0029512662680859503	-0.0002610588748548359	-0.0018348672790686749	0.00043993279108445194	-0.0030324026816914706	0.005515260297327629	5.296463029491605e-05	0.0020808873969810904
-0.0006684789062476604	-0.0001986494752972412	-0.001585229680838296	0.0001278857932964783	-0.0057784162622205315	0.008510911476086847	-7.185416881982931e-05	0.006574364165120361
0.0008293466831315044	-0.0010099716695439742	-0.002646189473315852	0.0001278857932964783	-0.00977261783389971	0.010882468659271671	-0.00013426356837786813	0.009195558946534677
-0.001791848098282811	5.09881229331377e-05	-0.002458961274643512	0.0001278857932964783	-0.014640550999384105	0.015063898429623634	5.296463029491605e-05	0.011504706730161907
-0.002041485696512746	0.00042544452027759583	-0.001772457879510858	3.0669941812888624e-06	-0.01707451758212608	0.016811361617232956	-0.0002590823674926135	0.013252169917771006
-0.003289673687662864	0.00030062572116285047	-0.003707149265793186	0.00019029519285407304	-0.01826029617371816	0.018121959007940447	-0.00019667296793546285	0.013876263913345843
-0.004725089877484434	0.001049538515852655	-0.004144015062695461	0.00025270459241166776	-0.019758121763098213	0.021616885383159756	-9.444769263122765e-06	0.014999633105380994
-0.002041485696512746	-0.00013624007573964647	-0.006577981645437658	3.0669941812888624e-06	-0.021443175551150162	0.023613986168999235	-0.0002590823674926135	0.0149372237058234
-0.0036641300850077663	0.00017580692204788306	-0.007077256841897528	6.547639373888359e-05	-0.021255947352477822	0.02592313395262602	-7.185416881982931e-05	0.015124451904496183
-0.0023535326943004975	-0.0005731058726421434	-0.007514122638800025	0.0001278857932964783	-0.02219208834584019	0.02723373134333329	-0.0002590823674926135	0.015062042504938367
-0.0021038950960705627	-0.0006355152721997381	-0.008138216634374418	0.0003151139919688184	-0.021068719153805038	0.02704650314466095	-0.0003214917670502082	0.014001082712461033
-0.0014798011004957257	-0.0006355152721997381	-0.00757653203835762	3.0669941812888624e-06	-0.020507034557787795	0.024238080164574072	-0.00038390116660780294	0.014375539109806379
-0.0035393112858923548	-0.0006355152721997381	-0.006390753446765096	0.0006271609897570141	-0.01950848416486828	0.022178569979176777	0.00036501162808222354	0.015249270703610707
-0.0004188413080179476	0.00042544452027759583	-0.005080156056058049	-0.00018416120449060713	-0.019820531162655808	0.020555925590682422	-0.00038390116660780294	0.014874814306265804
-0.002603170292529988	0.0006750821185079747	-0.004768109058270298	3.0669941812888624e-06	-0.0204446251582302	0.020493516191124383	-0.0002590823674926135	0.014999633105380994
-0.0027903984912027724	0.0012991761140828118	-0.0054546124534022855	0.00019029519285407304	-0.019196437167080527	0.019682193996877206	-7.185416881982931e-05	0.015124451904496183
-0.002041485696512746	0.0013615855136404065	-0.00495533725694286	0.0003775233915268572	-0.018322705573275755	0.020056650394222553	5.296463029491605e-05	0.014125901511576222
-0.003040036089432485	0.00061267271895038	-0.006016297049419972	-0.00012175180493301241	-0.018447524372390944	0.020618334990239573	-0.0003214917670502082	0.012253619524851489
8.043388844192201e-05	0.00042544452027759583	-0.007077256841897528	3.0669941812888624e-06	-0.017261745780799087	0.019931831595107585	0.00011537402985206668	0.012191210125293894
-0.001979076296955151	0.0008623103171803148	-0.005766659451190259	0.0003775233915268572	-0.016138376588763714	0.020743153789354762	-9.444769263122765e-06	0.011816753727948992
0.00020525268755666737	0.00023821632160525574	-0.006141115848535161	6.547639373888359e-05	-0.015139826195843753	0.01899569060174522	-7.185416881982931e-05	0.011816753727948992
-0.0007932977053632939	0.00048785391983519055	-0.004705699658713147	0.0003775233915268572	-0.015015007396728564	0.018309187206612565	-7.185416881982931e-05	0.011754344328391841
-0.001604619899610471	0.001049538515852655	-0.004144015062695461	0.00043993279108445194	-0.014952597997171857	0.017747502610595767	0.00024019282896747818	0.012628075922196613
-0.00010679431023086217	0.0011743573149678443	-0.004456062060482768	6.547639373888359e-05	-0.014952597997171857	0.015126307829180563	-0.00019667296793546285	0.011941572527064181
-0.002852807890760145	0.0017360419109850866	-0.0031454646697759436	0.00019029519285407304	-0.014640550999384105	0.015812811224312773	-0.00019667296793546285	0.012565666522638574
-0.0003564319084603529	0.0014864043127551518	-0.0037695586653503366	0.0003151139919688184	-0.014952597997171857	0.015687992425198027	-9.444769263122765e-06	0.012191210125293894
-0.001791848098282811	0.001673632511427936	-0.004144015062695461	3.0669941812888624e-06	-0.014141275802924236	0.015251126628295752	-0.00019667296793546285	0.011504706730161907
-0.0008557071049204446	0.001673632511427936	-0.003894377464465526	0.00019029519285407304	-0.013267544209119464	0.016374495820330903	0.00017778342940988345	0.011255069131931972
-0.0009181165044780393	0.0014864043127551518	-0.004393652660925618	-0.00018416120449060713	-0.012830678412216523	0.014627032632720471	-0.00044631056616495357	0.009570015343879579
0.00033007148667163477	0.0009871291162950602	-0.003894377464465526	0.00019029519285407304	-0.012206584416641686	0.015251126628295752	5.296463029491605e-05	0.009882062341666664
0.0012038030804764066	0.0011743573149678443	-0.004456062060482768	0.00043993279108445194	-0.012331403215756875	0.01425257623537557	5.296463029491605e-05	0.009757243542552363
-0.0009181165044780393	0.0014864043127551518	-0.003956786864022677	0.00025270459241166776	-0.011582490421067293	0.013316435242013647	5.296463029491605e-05	0.009694834142994324
-0.0003564319084603529	0.0009247197167374654	-0.0038319680649079313	3.0669941812888624e-06	-0.012830678412216523	0.013378844641571241	-0.0003214917670502082	0.009694834142994324
-0.0007932977053632939	0.0009247197167374654	-0.004456062060482768	0.00019029519285407304	-0.013017906610889085	0.014065348036703673	-7.185416881982931e-05	0.011255069131931972
0.00033007148667163477	0.0011743573149678443	-0.0040191962635807155	0.0005647515901989753	-0.012705859613101778	0.014689442032278066	-0.00038390116660780294	0.011317478531489567
-0.0023535326943004975	0.00030062572116285047	-0.004768109058270298	-0.00018416120449060713	-0.014890188597614262	0.016936180416348146	-0.00013426356837786813	0.011629525529277096
0.00045489028578704627	0.00030062572116285047	-0.00564184065207507	0.0001278857932964783	-0.01457814159982651	0.017685093211038172	-0.00019667296793546285	0.011442297330604312
-0.002228713895184864	0.00061267271895038	-0.005579431252517919	0.0003775233915268572	-0.015264644994958942	0.018621234204400094	5.296463029491605e-05	0.011255069131931972
-0.001417391700938131	0.00042544452027759583	-0.0063283440472079455	0.0001278857932964783	-0.014827779198056668	0.017934730809267663	-7.185416881982931e-05	0.010880612734586625
-0.000543660107132915	0.0007999009176227201	-0.005829068850747854	0.00019029519285407304	-0.014141275802924236	0.017123408615020486	-0.0002590823674926135	0.010069290540339448
-0.001604619899610471	0.0008623103171803148	-0.0052673842547303895	0.0003775233915268572	-0.013891638204694079	0.01756027441192276	0.00024019282896747818	0.010318928138569383
0.0006421184844596084	0.00042544452027759583	-0.0063283440472079455	6.547639373888359e-05	-0.013517181807348955	0.015625583025640433	-0.0002590823674926135	0.009070740147419487
-0.0019166668973975565	0.0003630351207204452	-0.005579431252517919	-5.9342405375417684e-05	-0.012830678412216523	0.015625583025640433	-7.185416881982931e-05	0.009133149546977082
0.00033007148667163477	-7.383067618205175e-05	-0.005891478250305449	0.0003151139919688184	-0.012393812615314692	0.015625583025640433	-9.444769263122765e-06	0.009257968346092271
-0.0006060695066909538	-0.0001986494752972412	-0.006203525248092756	3.0669941812888624e-06	-0.012643450213544627	0.015563173626083282	-0.0003214917670502082	0.008696283750074585
-0.0004812507075757644	-0.00044828707352695396	-0.00551702185295988	0.0003151139919688184	-0.012893087811774118	0.016436905219888054	-9.444769263122765e-06	0.009632424743437173
0.0005797090849015696	5.09881229331377e-05	-0.005392203053845579	0.00043993279108445194	-0.01208176561752694	0.015251126628295752	5.296463029491605e-05	0.009195558946534677
-0.002228713895184864	0.0005502633193932294	-0.004268833861810428	6.547639373888359e-05	-0.01170730922018226	0.014627032632720471	-7.185416881982931e-05	0.008945921348305186
1.8024488884327283e-05	0.0006750821185079747	-0.004393652660925618	0.00025270459241166776	-0.011956946818411751	0.013628482239800954	-0.0002590823674926135	0.0085090555514018
-0.0012925729018231635	0.0012991761140828118	-0.004081605663137866	0.0003151139919688184	-0.010521530628589737	0.01244270364820843	0.00011537402985206668	0.007198458160694754
-0.0006684789062476604	0.0013615855136404065	-0.003894377464465526	3.0669941812888624e-06	-0.010771168226819894	0.011881019052191633	5.296463029491605e-05	0.007822552156269813
-0.000980525904035634	0.001236766714525217	-0.0042064244622530556	0.00019029519285407304	-0.010084664831687462	0.01231788484909413	-0.00013426356837786813	0.007260867560252793
0.0008293466831315044	0.001049538515852655	-0.005080156056058049	0.0003775233915268572	-0.009959846032572495	0.014377395034491203	0.00011537402985206668	0.007947370955385002
-0.0012925729018231635	0.0009247197167374654	-0.005704250051632664	0.00025270459241166776	-0.010895987025935083	0.015126307829180563	-7.185416881982931e-05	0.00807218975449997
-0.0007932977053632939	0.00023821632160525574	-0.005766659451190259	6.547639373888359e-05	-0.010895987025935083	0.01587522062387081	-0.00019667296793546285	0.008571464950959395
0.00020525268755666737	0.00061267271895038	-0.004456062060482768	0.0005023421906413805	-0.011395262222394509	0.017435455612808015	0.00024019282896747818	0.009570015343879579
-0.0012301635022655688	0.00048785391983519055	-0.0052673842547303895	3.0669941812888624e-06	-0.012705859613101778	0.01718581801457808	-0.00019667296793546285	0.010006881140781854
-0.0004812507075757644	0.001049538515852655	-0.004705699658713147	0.0001278857932964783	-0.012643450213544627	0.016249677021215714	-0.0002590823674926135	0.01056856573679954
-0.002478351493415687	0.0017360419109850866	-0.003894377464465526	0.0003151139919688184	-0.012955497211331712	0.016936180416348146	-0.0002590823674926135	0.010069290540339448
-0.0001692037097884569	0.0014239949131975571	-0.004892927857385487	6.547639373888359e-05	-0.012206584416641686	0.016249677021215714	-9.444769263122765e-06	0.010069290540339448
-0.001791848098282811	0.002048088908772394	-0.004456062060482768	0.0003151139919688184	-0.012518631414428993	0.01731063681369238	-9.444769263122765e-06	0.009819652942109514
-0.0001692037097884569	0.001673632511427936	-0.005829068850747854	0.0003775233915268572	-0.0118945374188546	0.017934730809267663	0.00011537402985206668	0.009882062341666664
0.0003924808862292295	0.0008623103171803148	-0.006265934647650351	3.0669941812888624e-06	-0.012019356217969346	0.017997140208825257	-0.0003214917670502082	0.009008330747861892
-0.0012925729018231635	0.00061267271895038	-0.006016297049419972	0.0003151139919688184	-0.012393812615314692	0.020181469193337298	5.296463029491605e-05	0.010069290540339448
0.0009541654822466938	0.00042544452027759583	-0.006640391044995253	0.0003151139919688184	-0.012893087811774118	0.019931831595107585	-9.444769263122765e-06	0.009944471741225147
-0.001979076296955151	0.001049538515852655	-0.005891478250305449	0.0001278857932964783	-0.013017906610889085	0.01986942219554999	-7.185416881982931e-05	0.010318928138569383
-0.0009181165044780393	0.0009871291162950602	-0.005766659451190259	3.0669941812888624e-06	-0.014453322800711765	0.01961978459731961	0.0003026022285246288	0.011005431533701815
-0.0015422105000524322	0.0019232701096576488	-0.005017746656500455	0.0005023421906413805	-0.01339236300823421	0.01687377101679055	-0.0005087199657225483	0.00938278714520746
-0.0014798011004957257	0.001860860710100276	-0.00495533725694286	0.00025270459241166776	-0.012705859613101778	0.016748952217675583	5.296463029491605e-05	0.009507605944321984
-0.0018542574978404058	0.0022353171074451783	-0.005204974855172795	0.00025270459241166776	-0.011520081021509698	0.015063898429623634	-7.185416881982931e-05	0.00825941795317231
-0.0013549823013805362	0.0017984513105424593	-0.004580880859597958	0.0003151139919688184	-0.009835027233457083	0.01518871722873838	0.00011537402985206668	0.007572914558040322
0.0007669372835739097	0.0006750821185079747	-0.005579431252517919	6.547639373888359e-05	-0.010334302429917397	0.014377395034491203	-0.0003214917670502082	0.006137498368217864
8.043388844192201e-05	0.0007999009176227201	-0.005766659451190259	0.0001278857932964783	-0.008836476840537344	0.013753301038916144	-7.185416881982931e-05	0.005887860769987485
0.0008917560826890991	0.0006750821185079747	-0.0046432902591555525	0.0005023421906413805	-0.008274792244520102	0.013566072840243582	0.00024019282896747818	0.005263766774413092
-0.0006684789062476604	0.00023821632160525574	-0.005017746656500455	-5.9342405375417684e-05	-0.009023705039210128	0.012879569445111372	-9.444769263122765e-06	0.005326176173970243
0.0012038030804764066	0.0009871291162950602	-0.004456062060482768	0.0003151139919688184	-0.009086114438767723	0.012005837851306378	-0.00013426356837786813	0.006012679569102675
-0.0016670292991676217	0.0014239949131975571	-0.0033951022680056564	0.0003151139919688184	-0.00977261783389971	0.011756200253076443	-9.444769263122765e-06	0.006324726566889982
0.00045489028578704627	0.0012991761140828118	-0.003707149265793186	3.0669941812888624e-06	-0.009460570836112625	0.010820059259714077	-0.0002590823674926135	0.00595027016954508
-0.00023161310934560753	0.001236766714525217	-0.0035823304666784406	0.0001278857932964783	-0.009460570836112625	0.010882468659271671	-0.00013426356837786813	0.005450994973084988
-0.0006684789062476604	0.0008623103171803148	-0.003956786864022677	0.00019029519285407304	-0.009210933237882912	0.011319334456174168	-0.00013426356837786813	0.005700632571315145
0.0010789842813612172	0.0007999009176227201	-0.003956786864022677	0.0005023421906413805	-0.007962745246732572	0.011132106257501162	0.00024019282896747818	0.005138947975297903
-0.0011053447031503794	0.0003630351207204452	-0.004144015062695461	3.0669941812888624e-06	-0.008649248641865004	0.011818609652633594	-0.00013426356837786813	0.004826900977510373
0.0012038030804764066	-0.0001986494752972412	-0.005017746656500455	6.547639373888359e-05	-0.009148523838324651	0.01206824725086375	0.00017778342940988345	0.005513404372642583
-0.0004188413080179476	0.0006750821185079747	-0.004144015062695461	0.0003775233915268572	-0.00952298023567022	0.012941978844668522	-0.00013426356837786813	0.005575813772200622
0.00033007148667163477	0.00048785391983519055	-0.004144015062695461	0.0003775233915268572	-0.00977261783389971	0.013566072840243582	0.00017778342940988345	0.006511954765562322
-0.0006060695066909538	0.0007999009176227201	-0.004393652660925618	3.0669941812888624e-06	-0.010521530628589737	0.013129207043340863	-0.00038390116660780294	0.006199907767775459
-0.001604619899610471	0.0014864043127551518	-0.003644739866235591	0.00043993279108445194	-0.010771168226819894	0.014814260831393256	0.00017778342940988345	0.007448095758925133
0.00020525268755666737	0.0008623103171803148	-0.0046432902591555525	3.0669941812888624e-06	-0.011644899820624666	0.014439804434048575	-0.0003214917670502082	0.006948820562465041
-0.0015422105000524322	0.0014239949131975571	-0.004393652660925618	0.00025270459241166776	-0.010833577626377044	0.01518871722873838	5.296463029491605e-05	0.007323276959809943
0.000517299685344419	0.0009871291162950602	-0.004456062060482768	0.0003775233915268572	-0.011270443423279763	0.015750401824755622	-9.444769263122765e-06	0.006574364165120361
-0.0003564319084603529	0.0007374915180651254	-0.00495533725694286	6.547639373888359e-05	-0.010459121229032586	0.015438354826968537	-9.444769263122765e-06	0.005887860769987485
0.0008917560826890991	0.0009871291162950602	-0.004268833861810428	0.0003151139919688184	-0.009148523838324651	0.014939079630508445	-9.444769263122765e-06	0.005887860769987485
-0.00023161310934560753	0.0008623103171803148	-0.004144015062695461	0.00019029519285407304	-0.008586839242307853	0.013441254041128392	-7.185416881982931e-05	0.005138947975297903
0.0016406688773791256	0.0007374915180651254	-0.003270283468890245	0.0003151139919688184	-0.007962745246732572	0.013566072840243582	0.00011537402985206668	0.005388585573527838
0.0010165748818038445	0.0012991761140828118	-0.003519921067120846	0.0003775233915268572	-0.008961295639652533	0.013378844641571241	-7.185416881982931e-05	0.005388585573527838
-0.00010679431023086217	0.0017360419109850866	-0.0033326928684482837	0.0003775233915268572	-0.007962745246732572	0.013066797643783712	0.00011537402985206668	0.005700632571315145
0.00045489028578704627	0.0015488137123123025	-0.0031454646697759436	3.0669941812888624e-06	-0.008337201644077696	0.01244270364820843	-0.0002590823674926135	0.004889310377067968
-0.00029402250890320225	0.001673632511427936	-0.0029582364711031595	0.0001278857932964783	-0.008274792244520102	0.012879569445111372	-7.185416881982931e-05	0.004639672778837811
0.0016406688773791256	0.0017360419109850866	-0.003020645870660754	0.0003775233915268572	-0.0072762418516005845	0.011631381453961254	0.0003026022285246288	0.0045772633792806605
-0.00023161310934560753	0.0021729077078875836	-0.002022095477741237	0.0005023421906413805	-0.006776966655140493	0.010445602862368952	-0.00019667296793546285	0.0035787129863611433
0.0015158500782639361	0.0011119479154100276	-0.0027710082724308194	0.0001278857932964783	-0.005466369264433002	0.009197414871219722	-0.00013426356837786813	0.0030794377899010517
0.00020525268755666737	0.0014864043127551518	-0.0015228202812811453	0.0005647515901989753	-0.00471745646974342	0.008136455078742166	0.00024019282896747818	0.0026425719929983327
0.0003924808862292295	0.001236766714525217	-0.001772457879510858	0.0001278857932964783	-0.004592637670628674	0.007200314085379578	-9.444769263122765e-06	0.00239293439476862
0.0018903064756088384	0.0014864043127551518	-0.0017100484799534854	0.00019029519285407304	-0.003781315476381053	0.005702488495999969	-0.00019667296793546285	0.0018312497987507115
0.0002676620871142621	0.0019232701096576488	-0.0007114980870335241	0.0005647515901989753	-0.0030948120812486213	0.0062017636924596165	0.0004274210276393742	0.002330524995210581
0.0017030782769362762	0.0008623103171803148	-0.002022095477741237	-0.00012175180493301241	-0.0045302282710710795	0.005265622699097694	-0.000571129365280143	0.001956068597865901
0.00033007148667163477	0.001673632511427936	-0.0012107732834936158	0.0003151139919688184	-0.003157221480806216	0.005702488495999969	-7.185416881982931e-05	0.0018312497987507115
0.001328621879591596	0.0013615855136404065	-0.0012731826830507664	0.00025270459241166776	-0.003781315476381053	0.006139354292902466	0.00036501162808222354	0.002330524995210581
0.000517299685344419	0.0012991761140828118	-0.0012731826830507664	6.547639373888359e-05	-0.0038437248759382037	0.004454300504850073	-0.00019667296793546285	0.0011447464036187238
0.0013910312791487467	0.0009247197167374654	-0.0012107732834936158	0.0001278857932964783	-0.0036564966772660856	0.004703938103080452	-0.00019667296793546285	0.0011447464036187238
0.0022647628729539626	0.001049538515852655	-0.0007114980870335241	0.0006895703893141647	-0.0028451744830189085	0.004267072306177733	0.0004274210276393742	0.001331974602291508
-4.438491067326744e-05	0.0011119479154100276	-0.0010235450848210537	-5.9342405375417684e-05	-0.002345899286559039	0.002706837317240529	-0.0002590823674926135	0.00039583360892914143
0.0015782594778215309	0.0007999009176227201	-0.0010859544843784263	6.547639373888359e-05	-0.0030324026816914706	0.0026444279176831564	-0.0003214917670502082	0.00014619601069876254
0.0006421184844596084	0.0008623103171803148	-0.0010859544843784263	0.00043993279108445194	-0.0021586710878864768	0.002956474915470464	0.00017778342940988345	-0.00022826038664613968
0.002015125274724028	0.0008623103171803148	-0.0012107732834936158	0.0003775233915268572	-0.0015969864918685683	0.0022075621207804375	-9.444769263122765e-06	8.378661114138986e-05
0.00033007148667163477	0.00030062572116285047	-0.0012731826830507664	0.00019029519285407304	-0.0020338522887712873	0.0030188843150280587	-0.00013426356837786813	-0.00016585098708854495
0.0025144004711838974	0.00011339752249073243	-0.0017100484799534854	0.0003775233915268572	-0.0012849394940814829	0.003143703114143248	0.00017778342940988345	0.00014619601069876254
0.0005797090849015696	0.0005502633193932294	-0.0013355920826088052	0.0001278857932964783	-0.002907583882576281	0.0032061125137003987	-0.00013426356837786813	2.137721158379513e-05
0.0006421184844596084	0.0006750821185079747	-0.0007739074865911189	0.00019029519285407304	-0.0026579462843461243	0.0035181595114881503	0.00011537402985206668	0.0008326994058314163
0.0015158500782639361	0.0011119479154100276	-0.0005242698883616281	0.0003151139919688184	-0.0030324026816914706	0.0030188843150280587	-7.185416881982931e-05	0.0007702900062733775
0.00014284328799951673	0.0009871291162950602	-0.00033704168968884396	0.00019029519285407304	-0.0037189060768236804	0.0036429783106033398	5.296463029491605e-05	0.001331974602291508
0.001952715875166433	0.0009247197167374654	-0.0004618604888040334	0.0003775233915268572	-0.0032820402799209614	0.0032685219132579935	0.00011537402985206668	0.0012071558031763185
0.00020525268755666737	0.0014864043127551518	-0.0004618604888040334	0.0003151139919688184	-0.002969993282133876	0.0037053877101604904	-9.444769263122765e-06	0.0011447464036187238
0.002202353473396368	0.0005502633193932294	-0.0010235450848210537	0.0003151139919688184	-0.0030324026816914706	0.004766347502638046	-7.185416881982931e-05	0.000895108805389011
0.0008293466831315044	0.00042544452027759583	-0.0015228202812811453	0.0003151139919688184	-0.002969993282133876	0.005203213299540543	-9.444769263122765e-06	0.0007702900062733775
0.002015125274724028	0.0006750821185079747	-0.0010235450848210537	0.00043993279108445194	-0.0028451744830189085	0.005952126094230126	0.00017778342940988345	0.0013943840018491027
0.002451991071626747	0.0007374915180651254	-0.0008987262857063083	0.00019029519285407304	-0.0024707180856737843	0.004142253507063209	-0.00019667296793546285	0.0005830618076010374
0.0003924808862292295	0.001236766714525217	3.7414707656058255e-05	0.0001278857932964783	-0.0017218052909837578	0.0034557501119305556	-7.185416881982931e-05	0.0007078806067162269
0.002576809870741048	0.001236766714525217	0.0005990993036737446	0.00043993279108445194	-0.0017842146905413525	0.002145152721223731	5.296463029491605e-05	0.0005206524080434427
0.0008293466831315044	0.0017984513105424593	0.0012856026988059543	0.0003775233915268572	-0.00034879850071978247	0.000647327131843678	0.00024019282896747818	-0.00035307918576132913
0.0022647628729539626	0.0014239949131975571	0.0010359651005760195	0.0001278857932964783	-0.0005984360989490511	-0.0007256796584211855	0.00011537402985206668	0.0002086054102565793
0.001328621879591596	0.0011743573149678443	0.0014104214979211438	0.0003775233915268572	0.0015858928855634336	-0.000850498457536375	0.00036501162808222354	-0.0005403073844341133
0.0033257226654315186	0.0014239949131975571	0.001348012098363327	0.00025270459241166776	0.00164830228512014	-0.0007256796584211855	5.296463029491605e-05	-0.0009147637817781273
0.0018903064756088384	0.0007999009176227201	0.0006615087032304512	0.0003151139919688184	0.0018355304837927022	-0.00016399506240394324	-0.00013426356837786813	-0.0014764483777958137
0.002139944073838773	0.0008623103171803148	0.0009111463014608301	0.0005647515901989753	0.0030213090753850036	-0.0003512232610762833	0.00036501162808222354	-0.0011019919804509115
0.0031384944667587344	0.00011339752249073243	0.0005366899041161499	0.00019029519285407304	0.0017107116846777348	-0.00047604206019147277	-0.00013426356837786813	-0.0017260859760261926
0.0009541654822466938	0.00023821632160525574	0.0009111463014608301	0.00019029519285407304	0.0017107116846777348	-0.00010158566284634851	-7.185416881982931e-05	-0.0012892201791232516
0.0030760850672011397	0.0012991761140828118	0.0012231932992483596	0.0005023421906413805	0.001897939883350297	-0.0011001360557663098	0.00017778342940988345	-0.0013516295786808463
0.0006421184844596084	0.0009871291162950602	0.0020969248930535755	0.00019029519285407304	0.0022099868811378265	-0.001474592453111212	-9.444769263122765e-06	-0.0016012671769110032
0.002576809870741048	0.0015488137123123025	0.001784877895265602	0.00025270459241166776	0.0030837184749430424	-0.0038461496362955927	0.00011537402985206668	-0.0017884953755828992
0.0007669372835739097	0.0016112231118698972	0.0027210188886279685	0.0005647515901989753	0.004144678267420154	-0.005343975225675646	0.00024019282896747818	-0.0025998175698309645
0.002576809870741048	0.001673632511427936	0.002159334292610504	-5.9342405375417684e-05	0.004643953463880246	-0.007091438413285189	-0.0002590823674926135	-0.0035983679627500376
0.002826447468971649	0.0007999009176227201	0.0029082470873005306	0.0003151139919688184	0.00639141665148979	-0.007653123009302654	-9.444769263122765e-06	-0.004409690156998103
0.0027016286698562375	0.001236766714525217	0.002034515493495981	0.0005647515901989753	0.007826832841311804	-0.008776492201337138	0.00036501162808222354	-0.004784146554343005
0.0037625884623340156	-0.00044828707352695396	0.001972106093937942	0.00019029519285407304	0.00845092683688664	-0.009899861393371845	-0.00013426356837786813	-0.006469200342394954
0.002576809870741048	-0.00013624007573964647	0.001784877895265602	0.0001278857932964783	0.009449477229806602	-0.010087089592044407	-7.185416881982931e-05	-0.00665642854106685
0.004449091857466003	-0.0006355152721997381	0.0022841530917261377	0.0003775233915268572	0.009199839631576223	-0.010399136589831937	0.0004274210276393742	-0.005782696947262522
0.0023271722725115573	-0.00032346827441154247	0.0034075222837608443	0.0005023421906413805	0.008825383234231765	-0.01183455277965395	-9.444769263122765e-06	-0.006281972143722614
0.004137044859678252	0.00023821632160525574	0.0027210188886279685	0.0003151139919688184	0.008388517437329046	-0.010211908391159596	5.296463029491605e-05	-0.00540824054991762
0.0008293466831315044	-0.0002610588748548359	0.003657159881990557	0.0006271609897570141	0.007826832841311804	-0.011023230585406774	0.0003026022285246288	-0.00490896535345775
0.0007045278840163149	0.00048785391983519055	0.0035323410828751456	-0.00012175180493301241	0.006828282448392287	-0.010711183587619466	-0.0002590823674926135	-0.00540824054991762
0.0025144004711838974	0.0006750821185079747	0.0030954752859733148	0.0005647515901989753	0.006890691847949437	-0.009088539199124446	0.00011537402985206668	-0.004971374753014901
0.0018278970760514657	0.0009871291162950602	0.002159334292610504	0.00043993279108445194	0.006765873048834692	-0.008027579406647556	0.00024019282896747818	-0.00490896535345775
0.0025144004711838974	-0.00044828707352695396	0.001597649696593706	0.00019029519285407304	0.006141779053259411	-0.0062177068194804175	-0.00013426356837786813	-0.004409690156998103
0.0022647628729539626	0.00011339752249073243	-2.499469190153647e-05	0.0001278857932964783	0.005268047459455083	-0.004907109428772705	-0.00019667296793546285	-0.0038480055609804165
0.003200903866316329	-0.0010099716695439742	0.00016223350677080361	0.00025270459241166776	0.0038326312696321807	-0.0014121830535536173	0.00036501162808222354	-0.0021629517729280234
0.0013910312791487467	-0.00044828707352695396	0.0004118711050011825	0.00019029519285407304	0.0012114364882178652	-0.001661820651783552	-0.00019667296793546285	-0.001663676576468598
0.0022647628729539626	-0.00044828707352695396	0.003033065886415276	0.0003775233915268572	0.000836980090872963	-0.0018490488504563363	0.00011537402985206668	-0.00016585098708854495
0.0008917560826890991	0.0028594111030200153	0.004094025678893276	0.0005647515901989753	-0.0001615703020469983	-0.005031928227888338	0.00024019282896747818	2.137721158379513e-05
-0.0017294386987252164	0.0032338675003651396	0.006028717065174938	0.00019029519285407304	2.565789662578588e-05	-0.007278666611957529	-0.00013426356837786813	-0.00035307918576132913
0.0006421184844596084	0.004357236692399846	0.005154985471370388	0.0001278857932964783	0.0011490270886602705	-0.010149498991602002	-0.00019667296793546285	-0.0015388577773534085
-0.0004812507075757644	0.004419646091957219	0.004094025678893276	0.00025270459241166776	0.0017731210842353295	-0.008339626404434641	-7.185416881982931e-05	-0.0009147637817781273
0.0028888568685287996	0.002048088908772394	0.0010983745001336143	0.0006271609897570141	0.002272396280695421	-0.0034716932389506905	5.296463029491605e-05	-0.002038132973813278
0.0037625884623340156	-0.00044828707352695396	-0.0029582364711031595	0.0001278857932964783	0.004269497066535122	0.005577669696884779	5.296463029491605e-05	-0.0023501799716008076
0.00538523285082837	-0.004005622848303636	-0.004331243261368023	0.00043993279108445194	0.0034581748722875005	0.009197414871219722	0.0003026022285246288	-0.0011644013800085062
0.004137044859678252	-0.005004173241223597	-0.002458961274643512	0.00025270459241166776	0.0011490270886602705	0.008386092676972101	-9.444769263122765e-06	-0.00035307918576132913
0.00045489028578704627	-0.0011347904686591637	0.0016600590961504125	0.00019029519285407304	0.0005249330930858775	0.0032685219132579935	5.296463029491605e-05	0.0010823370040615732
-0.000980525904035634	0.0022353171074451783	0.006215945263847278	0.0001278857932964783	-0.000411207900276489	-0.0036589214376230306	-0.0003214917670502082	0.0014567934014058093
-0.0035393112858923548	0.005979881080893978	0.009835690438181999	0.0006271609897570141	-0.0005984360989490511	-0.008152398205762745	0.0004274210276393742	0.0028298001916706728
-0.002041485696512746	0.007602525469389221	0.009024368243934378	3.0669941812888624e-06	-0.0010977112954089208	-0.012521056174786827	-0.00038390116660780294	-0.0006027167839908198
-0.002852807890760145	0.006541565676911887	0.006590401661192402	3.0669941812888624e-06	0.0013362552873330547	-0.009712633194699505	0.0004274210276393742	-0.0019133141746980886
0.0022647628729539626	0.003920370895497127	0.0014728308974785165	0.0006895703893141647	0.0030213090753850036	0.0037053877101604904	-0.00019667296793546285	-0.003535958563192887
0.002826447468971649	-0.00032346827441154247	-0.004331243261368023	0.00025270459241166776	0.004207087666977305	0.009946327665909305	-9.444769263122765e-06	-0.003910414960538011
0.006446192643305926	-0.003818394649631296	-0.007514122638800025	0.0003775233915268572	0.004019859468304521	0.012817160045553555	5.296463029491605e-05	-0.002849455168060455
0.004261863658793441	-0.0043176698460911656	-0.003020645870660754	0.0006271609897570141	0.002522033878924912	0.009571871268563958	0.00036501162808222354	-0.0010395825808937609
-4.438491067326744e-05	-0.00032346827441154247	0.0024713812903980337	0.00019029519285407304	0.00021288609529812597	0.00039768953361329906	-7.185416881982931e-05	0.0010199276045035344
-0.0021663044956277133	0.003296276899921846	0.008337864848801946	6.547639373888359e-05	-0.00209626168832866	-0.008339626404434641	-0.00038390116660780294	0.002954618990785862
-0.004288224080582381	0.007415297270716437	0.011957610023136445	0.0005647515901989753	-0.002720355683903719	-0.013769244165936279	0.0004274210276393742	0.003204256589015797
-0.002603170292529988	0.007290478471601469	0.00939882464127928	-0.00018416120449060713	-0.0037189060768236804	-0.01576634495177598	5.296463029491605e-05	0.0024553437943259926
-0.0013549823013805362	0.005168558886646801	0.004218844478007577	0.00019029519285407304	-0.0007232548980637965	0.0020203339221080974	-0.0002590823674926135	-0.00035307918576132913
0.003263313265873924	-0.00032346827441154247	-0.0037695586653503366	0.0006271609897570141	0.0020227586824650423	0.01262993184688077	0.0004898304271969689	-0.001850904775140938
0.005697279848615455	-0.004692126243436068	-0.012382055804283976	0.0003775233915268572	0.003146127874500193	0.017497865012365166	5.296463029491605e-05	-0.004222461958325319
0.00526041405171318	-0.008124643219098004	-0.009511223424639503	0.00019029519285407304	0.0030213090753850036	0.017123408615020486	0.00011537402985206668	-0.0040352337596525345
0.0043866824579084085	-0.0043176698460911656	-0.003270283468890245	0.0005023421906413805	0.0011490270886602705	0.00901018667254716	0.0003026022285246288	-0.0024125893711581803
-0.0014798011004957257	0.0009247197167374654	0.003906797480220492	3.0669941812888624e-06	-0.0019714428892136926	-0.0024107334464735786	-0.0002590823674926135	0.000271014809813952
-0.0027279890916449556	0.005917471681336828	0.010334965634641646	0.0003775233915268572	-0.004467818871513041	-0.011584915181424238	5.296463029491605e-05	0.004452444580165915
-0.00578604966996199	0.007914572467176306	0.011957610023136445	3.0669941812888624e-06	-0.0057784162622205315	-0.01626562014823585	0.00017778342940988345	0.004015578783262974
-0.0023535326943004975	0.00716565967248628	0.00921159644260694	0.00043993279108445194	-0.0018466240900989472	-0.006529753817267503	-0.00019667296793546285	0.0015816122005209987
-0.0013549823013805362	0.002921820502577166	0.002783428288185563	0.00025270459241166776	0.0005873424926434723	0.003767797109718085	-0.00019667296793546285	-0.001226810779566101
0.0037001790627759767	-0.0019461126629067849	-0.008450263632162391	0.0007519797888717594	0.003146127874500193	0.013004388244226561	0.0005522398267545636	-0.00272463636894571
0.005884508047288239	-0.006689227029275546	-0.009323995225967163	0.0001278857932964783	0.0028964902762702582	0.015313536027852903	-7.185416881982931e-05	-0.0046593277552273715
0.002826447468971649	-0.004005622848303636	-0.00495533725694286	0.0003775233915268572	0.002522033878924912	0.011381743855731763	0.00011537402985206668	-0.003723186761865671
0.001141393680919478	0.00011339752249073243	0.001160783899690765	0.0001278857932964783	0.00040011429397091014	0.001271421127418071	-0.00019667296793546285	-0.0023501799716008076
-0.0036017206854499495	0.005480605884434775	0.008150636650129606	0.00043993279108445194	-0.0009728924962941754	-0.008152398205762745	0.0003026022285246288	0.00239293439476862
-0.004350633480139976	0.00810180066584909	0.01164556302534936	-5.9342405375417684e-05	-0.003157221480806216	-0.01570393555221883	-7.185416881982931e-05	0.0037035317854754446
-0.00559882147128965	0.008850713460538673	0.011395925427119202	0.00025270459241166776	-0.00022397970160414893	-0.012770693773016317	0.00011537402985206668	0.0028298001916706728
-0.0015422105000524322	0.0066039750764692595	0.007401723855440023	-5.9342405375417684e-05	0.0018355304837927022	-0.005094337627445489	-0.00019667296793546285	0.00039583360892914143
-0.0001692037097884569	0.002048088908772394	-0.004331243261368023	0.0003151139919688184	0.004019859468304521	0.003393340712372961	-9.444769263122765e-06	-0.0019757235742556833
0.004885957654368278	-0.00419285104697642	-0.0069524380427823385	0.00043993279108445194	0.005268047459455083	0.009072596072104533	0.00011537402985206668	-0.003348730364520547
0.006321373844190736	-0.004567307444321322	-0.005579431252517919	0.0005023421906413805	0.005330456859012234	0.008760549074316781	0.0003026022285246288	-0.004160052558767724
0.003013675667643545	-0.002507797258923583	-0.0013355920826088052	0.0003151139919688184	0.004831181662552142	0.003143703114143248	0.00017778342940988345	-0.003348730364520547
0.002202353473396368	0.00061267271895038	0.0037819786811057465	0.00019029519285407304	0.0032709466736153825	-0.005593612823905136	-0.00013426356837786813	0.0007702900062733775
-0.0015422105000524322	0.004045189694612317	0.008712321246146848	0.00043993279108445194	0.0022099868811378265	-0.011335277583194303	-0.00013426356837786813	0.0018936591983087503
-0.001167754102707974	0.0053557870853195855	0.009960509237296744	0.00019029519285407304	-0.00034879850071978247	-0.011460096382308826	-7.185416881982931e-05	0.0028298001916706728
-0.002478351493415687	0.005106149487089207	0.007963408451457266	0.00025270459241166776	-0.0001615703020469983	-0.005343975225675646	-7.185416881982931e-05	0.002143296796538241
0.0007045278840163149	0.0030466393016923554	-0.0008363168861487136	0.00043993279108445194	0.0013362552873330547	0.002332380919895627	0.00017778342940988345	0.0008326994058314163
0.004573910656580749	-0.002133340861579347	-0.004892927857385487	0.00025270459241166776	0.001897939883350297	0.00738754228405214	-0.00013426356837786813	-0.0017260859760261926
0.0037001790627759767	-0.0030694818549412695	-0.00564184065207507	0.0003151139919688184	0.002771671477155513	0.00975909946723652	5.296463029491605e-05	-0.002474998770715331
0.004948367053925873	-0.002570206658481178	-0.0038319680649079313	0.0005647515901989753	0.002709262077597918	0.007699589281839669	0.00024019282896747818	-0.0025374081702733697
0.0018278970760514657	-0.0009475622699868236	-0.0005242698883616281	0.0003151139919688184	0.002085168082023081	0.002706837317240529	0.00011537402985206668	-0.0007275355831060093
0.0018903064756088384	0.0006750821185079747	0.002783428288185563	0.0001278857932964783	0.0010866176891033419	-0.003596512038065436	-0.00013426356837786813	0.0008326994058314163
-0.0007308883058056992	0.0021729077078875836	0.005404623069600545	0.0001278857932964783	0.0013362552873330547	-0.008776492201337138	0.0003026022285246288	0.001331974602291508
0.0008293466831315044	0.0025473641052322638	0.006028717065174938	3.0669941812888624e-06	0.0015858928855634336	-0.007153847812842784	-0.00019667296793546285	0.0006454712071586322
-0.0003564319084603529	0.0013615855136404065	0.0008487369019032354	0.00025270459241166776	0.0017107116846777348	-0.0032220556407203116	-7.185416881982931e-05	-0.00041548858531847976
0.0023271722725115573	-0.0011971998682167584	-0.0017100484799534854	0.0005023421906413805	0.002709262077597918	0.002082743321666136	0.0003026022285246288	-0.0011019919804509115
0.004137044859678252	-0.0028198442567115567	-0.004331243261368023	3.0669941812888624e-06	0.001897939883350297	0.004391891105292478	-0.0003214917670502082	-0.003099092766290612
0.0031384944667587344	-0.002507797258923583	-0.003644739866235591	0.0003775233915268572	0.0030837184749430424	0.005577669696884779	0.0003026022285246288	-0.002849455168060455
0.003887407261448317	-0.0024453878593668765	-0.0025837800737582572	0.00019029519285407304	0.0028340808767126635	0.002519609118567967	-0.0002590823674926135	-0.002225361172485618
0.0018278970760514657	-0.0006355152721997381	0.0008487369019032354	0.0006895703893141647	0.0038950406691897754	-0.0007256796584211855	-0.0003214917670502082	-0.002287770572042991
0.0018903064756088384	-0.0001986494752972412	0.002596200089513667	6.547639373888359e-05	0.0019603492829078917	-0.007403485411072275	-9.444769263122765e-06	-0.000789944982663382
-0.0004812507075757644	0.0009247197167374654	0.004343663277122767	0.00043993279108445194	0.0014610740864478	-0.007528304210187464	0.00017778342940988345	-4.1032187973799594e-05
0.0007669372835739097	0.001236766714525217	0.003282703484645655	3.0669941812888624e-06	0.0007121612917577735	-0.005468794024789947	-0.00019667296793546285	8.378661114138986e-05
0.0007669372835739097	0.00011339752249073243	0.0014104214979211438	6.547639373888359e-05	0.00021288609529812597	-0.002285914647358833	-0.00019667296793546285	-0.00041548858531847976
-0.0003564319084603529	-0.0001986494752972412	-0.0004618604888040334	6.547639373888359e-05	-3.6751502931808844e-05	0.0013338305269756656	-0.00013426356837786813	-0.0005403073844341133
0.0018278970760514657	0.00017580692204788306	-0.0008363168861487136	0.0007519797888717594	0.0005873424926434723	0.004267072306177733	0.0004898304271969689	-0.00041548858531847976
-0.00023161310934560753	0.00011339752249073243	-0.0012731826830507664	0.0001278857932964783	-9.916090248940357e-05	0.00420466290662036	-7.185416881982931e-05	-0.0013516295786808463
0.001141393680919478	0.0007999009176227201	-0.0003994510892464387	0.00019029519285407304	-3.6751502931808844e-05	0.002269971520338032	0.0003026022285246288	-0.0006651261835484146
-0.0006060695066909538	0.001860860710100276	0.0015352402970361112	0.00043993279108445194	0.00033770489441309337	-0.0037213308371806253	-0.0002590823674926135	-0.001226810779566101
0.00020525268755666737	0.001860860710100276	0.0025337906899560725	6.547639373888359e-05	0.0010242082895457472	-0.005843250422135515	-0.00013426356837786813	-0.0004778979848756304
-0.0012301635022655688	0.0023601359065603678	0.004156435078450427	0.0003775233915268572	0.0015858928855634336	-0.007091438413285189	5.296463029491605e-05	-0.00035307918576132913
-0.0008557071049204446	0.0017984513105424593	0.003719569281548152	0.00019029519285407304	0.0020227586824650423	-0.006342525618595607	-9.444769263122765e-06	-0.00010344158753095023
0.0014534406787067855	0.001049538515852655	0.0026586094890703738	0.0003151139919688184	0.0021475774815802318	-0.004844700029215554	5.296463029491605e-05	-0.00041548858531847976
0.0003924808862292295	0.0007374915180651254	0.0015352402970361112	0.0003151139919688184	0.0025844432784829507	-0.0025979616451459187	5.296463029491605e-05	-0.0002906697862037344
0.002389581672068264	0.00030062572116285047	0.0007239181027889341	0.0005023421906413805	0.002522033878924912	-0.0007256796584211855	0.00017778342940988345	-0.0008523543822214208
0.0007045278840163149	0.00017580692204788306	0.00016223350677080361	6.547639373888359e-05	0.0021475774815802318	0.00021046133494095898	-0.00013426356837786813	-0.0010395825808937609
0.002202353473396368	0.00042544452027759583	0.00016223350677080361	0.00025270459241166776	0.0022099868811378265	-0.0002888138615191327	0.0004898304271969689	-0.00035307918576132913
0.0008917560826890991	0.0011743573149678443	0.0014728308974785165	6.547639373888359e-05	0.0015234834860058388	-0.0027851898438182587	-0.00019667296793546285	-0.0011019919804509115
0.0017030782769362762	0.0009871291162950602	0.00322029408508806	0.0003151139919688184	0.002334805680252572	-0.003908559035852743	0.00017778342940988345	-0.0002906697862037344
0.001952715875166433	0.0016112231118698972	0.0034075222837608443	0.00019029519285407304	0.002272396280695421	-0.005281565826117829	-0.00019667296793546285	-0.0004778979848756304
0.0005797090849015696	0.0015488137123123025	0.0035947504824331844	0.0005647515901989753	0.0028964902762702582	-0.004907109428772705	0.00036501162808222354	0.00014619601069876254
0.002139944073838773	0.00061267271895038	0.0024713812903980337	0.0001278857932964783	0.002522033878924912	-0.004595062430985619	-0.00019667296793546285	-0.0006027167839908198
0.0010789842813612172	0.00048785391983519055	0.0019096966943807914	0.00025270459241166776	0.0030837184749430424	-0.0028475992433758535	5.296463029491605e-05	-0.0009147637817781273
0.003013675667643545	5.09881229331377e-05	0.0010983745001336143	0.00043993279108445194	0.0032085372740573437	-0.001661820651783552	-0.00013426356837786813	-0.0016012671769110032
0.001141393680919478	-0.00032346827441154247	0.0003494617054431437	-5.9342405375417684e-05	0.0030213090753850036	-0.0009753172566515644	0.00017778342940988345	-0.001850904775140938
0.002826447468971649	0.00011339752249073243	0.0007863275023460847	0.0003151139919688184	0.0028340808767126635	-0.0015994112522259574	5.296463029491605e-05	-0.0015388577773534085
0.0010789842813612172	0.0007374915180651254	0.001972106093937942	0.00043993279108445194	0.002709262077597918	-0.002910008642933448	0.00017778342940988345	-0.0016012671769110032
0.0006421184844596084	0.001236766714525217	0.002596200089513667	0.00025270459241166776	0.002771671477155513	-0.003970968435410782	0.00011537402985206668	-0.001226810779566101
0.0020775346742811784	0.0007999009176227201	0.0023465624912832883	0.00019029519285407304	0.0025844432784829507	-0.005094337627445489	-0.00019667296793546285	-0.001663676576468598
0.0010789842813612172	0.0005502633193932294	0.0025337906899560725	0.0003775233915268572	0.0034581748722875005	-0.0045326530314280244	0.00017778342940988345	-0.0010395825808937609
0.002576809870741048	-0.00044828707352695396	0.0012231932992483596	6.547639373888359e-05	0.0030837184749430424	-0.0045326530314280244	-0.0002590823674926135	-0.001414038978238441
0.0015158500782639361	-0.0008227434708716341	0.0008487369019032354	0.0003775233915268572	0.00358299367140269	-0.0026603710447035134	-7.185416881982931e-05	-0.0019133141746980886
0.0030760850672011397	-0.0013220186673317258	-0.0003994510892464387	0.0003775233915268572	0.003146127874500193	0.0002728707344985537	0.00036501162808222354	-0.0014764483777958137
0.001765487676493871	-0.0011347904686591637	-0.00033704168968884396	0.00019029519285407304	0.0021475774815802318	8.564253582599157e-05	-0.00019667296793546285	-0.002100542373370873
0.0027640380694140543	-0.0014468374664469152	-2.499469190153647e-05	0.00025270459241166776	0.0021475774815802318	-0.00010158566284634851	-9.444769263122765e-06	-0.001663676576468598
0.0025144004711838974	-0.00013624007573964647	0.0009111463014608301	0.0006271609897570141	0.0022099868811378265	-0.0009753172566515644	0.0003026022285246288	-0.001414038978238441
0.00020525268755666737	-0.0003858776739695813	0.0009735557010184248	-5.9342405375417684e-05	0.00164830228512014	-0.002722780444260664	-0.0002590823674926135	-0.0017884953755828992
0.0018903064756088384	-0.0001986494752972412	0.001597649696593706	0.00025270459241166776	0.002085168082023081	-0.0036589214376230306	-7.185416881982931e-05	-0.001850904775140938
0.00033007148667163477	-1.1421276624457022e-05	0.0018472872948231966	0.0003151139919688184	0.0028340808767126635	-0.003970968435410782	5.296463029491605e-05	-0.002225361172485618
0.002139944073838773	-0.00044828707352695396	0.001597649696593706	0.0003775233915268572	0.0030837184749430424	-0.004033377834968377	-0.00019667296793546285	-0.0024125893711581803
0.0003924808862292295	-0.0008227434708716341	0.0009735557010184248	3.0669941812888624e-06	0.0028340808767126635	-0.0022235052478007944	0.00011537402985206668	-0.002100542373370873
0.0022647628729539626	-0.00044828707352695396	0.0010983745001336143	0.00043993279108445194	0.0025844432784829507	-0.001037726656208271	0.00024019282896747818	-0.0014764483777958137
0.00045489028578704627	-7.383067618205175e-05	0.0009111463014608301	0.0001278857932964783	0.0015234834860058388	-0.0011001360557663098	-7.185416881982931e-05	-0.0017260859760261926
-0.0004812507075757644	0.0007374915180651254	0.0016600590961504125	0.0001278857932964783	0.0012114364882178652	-0.001037726656208271	-7.185416881982931e-05	-0.0011019919804509115
0.0005797090849015696	0.0011743573149678443	0.001784877895265602	0.00019029519285407304	0.00040011429397091014	-0.0020362770491282323	-0.00019667296793546285	-0.0011019919804509115
-0.0007932977053632939	0.0019232701096576488	0.002783428288185563	0.0005023421906413805	0.0010242082895457472	-0.001911458250013487	0.00036501162808222354	-4.1032187973799594e-05
0.000517299685344419	0.0014864043127551518	0.002408971890840883	0.00019029519285407304	0.00033770489441309337	-0.002972418042491043	-0.00013426356837786813	-0.00035307918576132913
-0.0010429353035927846	0.0014239949131975571	0.002159334292610504	3.0669941812888624e-06	0.0005249330930858775	-0.002910008642933448	0.00024019282896747818	-0.0002906697862037344
0.001328621879591596	0.0012991761140828118	0.0022841530917261377	0.00043993279108445194	0.0019603492829078917	-0.002098686448685827	0.00017778342940988345	-0.00016585098708854495
8.043388844192201e-05	0.001236766714525217	0.0022841530917261377	0.00025270459241166776	0.0019603492829078917	-0.0024731428460311733	-0.00013426356837786813	-0.0009147637817781273
0.0018278970760514657	0.0007999009176227201	0.0017224684957080072	0.0001278857932964783	0.0021475774815802318	-0.0022235052478007944	-7.185416881982931e-05	-0.0009147637817781273
0.0018903064756088384	0.0009247197167374654	0.001784877895265602	0.0003775233915268572	0.0020227586824650423	-0.002098686448685827	0.00011537402985206668	-0.0006027167839908198
0.0003924808862292295	0.001236766714525217	0.002034515493495981	0.00043993279108445194	0.001897939883350297	-0.001661820651783552	0.00024019282896747818	-0.00022826038664613968
0.001765487676493871	0.001049538515852655	0.0017224684957080072	0.00019029519285407304	0.0013986646868906494	-0.002285914647358833	-0.00013426356837786813	-0.0005403073844341133
0.0005797090849015696	0.0014239949131975571	0.002408971890840883	0.0005023421906413805	0.002272396280695421	-0.001661820651783552	0.0003026022285246288	-0.0006651261835484146
0.0017030782769362762	0.0006750821185079747	0.0017224684957080072	0.0001278857932964783	0.00164830228512014	-0.0024107334464735786	-9.444769263122765e-06	8.378661114138986e-05
0.0005797090849015696	0.001049538515852655	0.0020969248930535755	0.0003151139919688184	0.001897939883350297	-0.0011001360557663098	0.00024019282896747818	8.378661114138986e-05
0.0022647628729539626	0.0009247197167374654	0.0019096966943807914	0.0001278857932964783	0.0013362552873330547	-0.00047604206019147277	-7.185416881982931e-05	0.0002086054102565793
0.00033007148667163477	0.0005502633193932294	0.0010359651005760195	0.00019029519285407304	0.0007745706913153683	-0.00016399506240394324	-0.00013426356837786813	8.378661114138986e-05
8.043388844192201e-05	0.0005502633193932294	0.0008487369019032354	0.00025270459241166776	0.00021288609529812597	0.0005849177322860832	-0.00013426356837786813	0.000458243008485848
0.0018278970760514657	0.0008623103171803148	0.0010359651005760195	0.0005647515901989753	0.0002752954948557207	0.001458649326090855	0.0003026022285246288	0.000895108805389011
-0.00029402250890320225	0.0006750821185079747	0.0006615087032304512	3.0669941812888624e-06	-0.00034879850071978247	0.0015210587256484498	-0.00019667296793546285	0.0007078806067162269
0.0014534406787067855	0.0009871291162950602	0.0005990993036737446	0.0003775233915268572	-0.000411207900276489	0.0015210587256484498	-9.444769263122765e-06	0.000895108805389011
-0.00010679431023086217	0.0011119479154100276	0.0008487369019032354	0.0003775233915268572	8.80672961833806e-05	0.0015210587256484498	-0.00019667296793546285	0.0002086054102565793
0.001328621879591596	0.0006750821185079747	0.0004742805045585552	6.547639373888359e-05	0.0002752954948557207	0.0010217835291883581	5.296463029491605e-05	0.0005830618076010374
-4.438491067326744e-05	0.0007374915180651254	0.0006615087032304512	0.0003151139919688184	-9.916090248940357e-05	0.0004600989331708938	-0.00019667296793546285	0.0002086054102565793
0.0015158500782639361	0.0003630351207204452	0.0005990993036737446	0.0005023421906413805	0.0007121612917577735	0.000834555330516018	0.00036501162808222354	0.0006454712071586322
0.0015782594778215309	-0.0001986494752972412	0.00016223350677080361	0.00019029519285407304	0.0002752954948557207	-3.917626328875379e-05	-7.185416881982931e-05	-4.1032187973799594e-05
8.043388844192201e-05	-0.0002610588748548359	0.00016223350677080361	0.0001278857932964783	0.0005249330930858775	-0.00010158566284634851	-0.00013426356837786813	2.137721158379513e-05
0.002015125274724028	-1.1421276624457022e-05	0.0005366899041161499	0.0006895703893141647	0.0010866176891033419	0.00021046133494095898	0.00036501162808222354	8.378661114138986e-05
-0.00023161310934560753	-0.0005106964730841046	-0.00033704168968884396	-0.0002465706040479798	0.00033770489441309337	-0.00010158566284634851	-0.00044631056616495357	-0.0004778979848756304
0.0015782594778215309	-0.0001986494752972412	-0.00021222289057387655	0.00025270459241166776	0.00021288609529812597	0.0005849177322860832	0.0003026022285246288	0.000271014809813952
8.043388844192201e-05	0.00017580692204788306	-2.499469190153647e-05	0.00043993279108445194	-0.0005360266993916785	0.0011466023283037696	-0.0003214917670502082	-0.0004778979848756304
0.0012038030804764066	-0.0003858776739695813	-0.0007114980870335241	0.00019029519285407304	-0.00028638910116129956	0.0016458775247636392	5.296463029491605e-05	0.00014619601069876254
-0.00029402250890320225	-0.00013624007573964647	-0.0005866792879183347	0.00025270459241166776	-0.00084807369717943	0.001084192928746175	-0.00019667296793546285	-0.00016585098708854495
-0.00023161310934560753	0.00011339752249073243	9.982410721365298e-05	0.0003775233915268572	-0.00047361729983408374	0.0017082869243205678	0.00011537402985206668	0.0005206524080434427
0.001141393680919478	-7.383067618205175e-05	9.982410721365298e-05	0.0003151139919688184	-0.0009104830967365807	0.001271421127418071	5.296463029491605e-05	0.000458243008485848
-0.0003564319084603529	0.00030062572116285047	0.00028705230588643715	0.0003151139919688184	-0.0007856642976213912	0.0015834681252060445	-9.444769263122765e-06	0.000895108805389011
0.0012662124800340013	0.00023821632160525574	0.0005366899041161499	0.00043993279108445194	-0.0007232548980637965	0.0011466023283037696	0.00011537402985206668	0.0002086054102565793
-0.0006684789062476604	0.00023821632160525574	0.0004118711050011825	-5.9342405375417684e-05	-0.0009104830967365807	0.0005225083327284885	-9.444769263122765e-06	0.00014619601069876254
0.0010165748818038445	0.0005502633193932294	0.0007863275023460847	0.0003151139919688184	-9.916090248940357e-05	0.000647327131843678	0.00024019282896747818	0.0005206524080434427
-0.00029402250890320225	0.0011119479154100276	0.001160783899690765	0.0001278857932964783	-0.0009728924962941754	0.0001480519353835863	-0.00019667296793546285	2.137721158379513e-05
0.0007669372835739097	0.0007999009176227201	0.0009111463014608301	0.00019029519285407304	-0.00084807369717943	0.0008969647300731687	5.296463029491605e-05	0.0005830618076010374
0.0010165748818038445	0.001236766714525217	0.0007239181027889341	0.0003775233915268572	-0.0010977112954089208	0.0009593741296307634	-9.444769263122765e-06	0.0008326994058314163
-0.00023161310934560753	0.001236766714525217	0.0010983745001336143	0.0003775233915268572	-0.0005360266993916785	0.0013962399265332603	0.00017778342940988345	0.0013943840018491027
0.0012038030804764066	0.0009247197167374654	0.0007239181027889341	0.00019029519285407304	-0.0007232548980637965	0.0009593741296307634	-7.185416881982931e-05	0.0010823370040615732
-0.0003564319084603529	0.0008623103171803148	0.0009111463014608301	0.0001278857932964783	-0.000411207900276489	0.0009593741296307634	-0.00013426356837786813	0.0012071558031763185
0.0015782594778215309	0.0009871291162950602	0.001160783899690765	0.0006271609897570141	-9.916090248940357e-05	0.000834555330516018	-0.0002590823674926135	0.0008326994058314163
-0.0004812507075757644	0.0007374915180651254	0.0009111463014608301	3.0669941812888624e-06	-0.000411207900276489	0.0001480519353835863	-0.00019667296793546285	0.0006454712071586322
0.0012038030804764066	0.0008623103171803148	0.0009735557010184248	0.0003775233915268572	0.00033770489441309337	0.0008969647300731687	0.00011537402985206668	0.0014567934014058093
-4.438491067326744e-05	0.0015488137123123025	0.0010983745001336143	0.0003151139919688184	-9.916090248940357e-05	0.0005225083327284885	-9.444769263122765e-06	0.0009575182049459396
8.043388844192201e-05	0.0014864043127551518	0.0014728308974785165	0.00043993279108445194	0.00033770489441309337	0.001271421127418071	0.00024019282896747818	0.001331974602291508
0.0015158500782639361	0.0011743573149678443	0.0008487369019032354	0.0003151139919688184	-3.6751502931808844e-05	0.000834555330516018	-0.00013426356837786813	0.0007078806067162269
0.00033007148667163477	0.0013615855136404065	0.0012231932992483596	0.0005023421906413805	0.000836980090872963	0.0012090117278609203	0.0003026022285246288	0.0012071558031763185
0.0014534406787067855	0.00061267271895038	0.0005366899041161499	3.0669941812888624e-06	0.00021288609529812597	0.0002728707344985537	-0.0003214917670502082	0.0005830618076010374
8.043388844192201e-05	0.0009871291162950602	0.0010983745001336143	0.0003151139919688184	0.000836980090872963	0.0005849177322860832	-9.444769263122765e-06	0.0002086054102565793
0.0015158500782639361	0.0007374915180651254	0.0009111463014608301	0.00025270459241166776	0.0007745706913153683	-3.917626328875379e-05	-9.444769263122765e-06	0.0005830618076010374
1.8024488884327283e-05	0.0011119479154100276	0.0014104214979211438	0.0001278857932964783	0.0002752954948557207	-0.0006632702588640349	-0.0002590823674926135	0.00014619601069876254
0.001328621879591596	0.0009871291162950602	0.001784877895265602	0.0006271609897570141	0.0010242082895457472	-0.00016399506240394324	0.00036501162808222354	0.0008326994058314163
0.0012662124800340013	0.0007999009176227201	0.0010359651005760195	0.00019029519285407304	0.0002752954948557207	-0.0009129078570939697	-0.00013426356837786813	2.137721158379513e-05
-4.438491067326744e-05	0.0009871291162950602	0.0010983745001336143	0.00019029519285407304	0.0005873424926434723	-0.00022640446196109387	0.00011537402985206668	0.000458243008485848
0.001328621879591596	0.00061267271895038	0.0005366899041161499	0.00019029519285407304	2.565789662578588e-05	-0.0002888138615191327	-0.0002590823674926135	2.137721158379513e-05
0.0003924808862292295	0.0009247197167374654	0.0009111463014608301	0.0006271609897570141	0.000836980090872963	0.000647327131843678	0.0004898304271969689	0.0007702900062733775
0.0012662124800340013	-0.0001986494752972412	-0.00021222289057387655	-0.00018416120449060713	-0.00022397970160414893	-0.000850498457536375	0.00024019282896747818	-4.1032187973799594e-05
0.0002676620871142621	0.00042544452027759583	0.0006615087032304512	0.00043993279108445194	0.0008993894904305577	-0.0012873642544386499	-9.444769263122765e-06	-0.0006651261835484146
0.001765487676493871	5.09881229331377e-05	0.0004742805045585552	0.0003151139919688184	0.0014610740864478	-0.0014121830535536173	0.00017778342940988345	-0.0002906697862037344
0.0003924808862292295	0.00030062572116285047	0.0007239181027889341	0.0001278857932964783	0.0009617988899877083	-0.0020362770491282323	-0.00013426356837786813	-0.0008523543822214208
0.00014284328799951673	0.00011339752249073243	0.0009111463014608301	0.0003775233915268572	0.0010242082895457472	-0.0015994112522259574	0.00017778342940988345	-0.00035307918576132913
0.0015782594778215309	-0.00032346827441154247	0.0004118711050011825	0.00019029519285407304	0.0005873424926434723	-0.0019738676495710816	-0.0002590823674926135	-0.0009147637817781273
0.00020525268755666737	-7.383067618205175e-05	0.0006615087032304512	0.00025270459241166776	0.0009617988899877083	-0.0011625454553234604	0.00017778342940988345	-0.00041548858531847976
0.0017030782769362762	-0.0001986494752972412	0.00028705230588643715	0.00043993279108445194	0.0007121612917577735	-0.0009129078570939697	5.296463029491605e-05	-0.00035307918576132913
0.0003924808862292295	-1.1421276624457022e-05	0.0006615087032304512	0.0005647515901989753	0.0012114364882178652	-0.00022640446196109387	-0.0003214917670502082	-0.0011644013800085062
0.0014534406787067855	-0.0005106964730841046	-0.00014981349101628183	-5.9342405375417684e-05	0.0007745706913153683	-0.00022640446196109387	-9.444769263122765e-06	-0.0005403073844341133
8.043388844192201e-05	-1.1421276624457022e-05	0.0004118711050011825	0.0005647515901989753	0.0006497518922001788	-0.00010158566284634851	0.00017778342940988345	-0.0002906697862037344
0.0017030782769362762	0.0003630351207204452	0.0009111463014608301	0.0003151139919688184	0.000836980090872963	-0.0002888138615191327	0.00017778342940988345	-0.00010344158753095023
0.001141393680919478	5.09881229331377e-05	0.0005366899041161499	-5.9342405375417684e-05	8.80672961833806e-05	-0.0012249548548808331	-0.0003214917670502082	-0.0008523543822214208
-0.00010679431023086217	0.0006750821185079747	0.0012231932992483596	0.0003775233915268572	0.0008993894904305577	-0.0006632702588640349	0.00011537402985206668	-0.00010344158753095023
0.001328621879591596	0.00048785391983519055	0.001160783899690765	0.00025270459241166776	0.0007121612917577735	-0.0012873642544386499	-7.185416881982931e-05	-0.0005403073844341133
-0.00029402250890320225	0.0006750821185079747	0.0010983745001336143	0.00019029519285407304	0.0007121612917577735	-0.0009753172566515644	-9.444769263122765e-06	-0.0002906697862037344
0.0014534406787067855	0.0005502633193932294	0.0010983745001336143	0.00025270459241166776	0.0005249330930858775	-0.000850498457536375	0.00017778342940988345	0.0005830618076010374
1.8024488884327283e-05	0.0011119479154100276	0.001348012098363327	0.00043993279108445194	0.000836980090872963	2.3233136268396848e-05	0.00024019282896747818	0.000458243008485848
0.0018278970760514657	0.001049538515852655	0.0014104214979211438	6.547639373888359e-05	0.0006497518922001788	-0.0002888138615191327	-9.444769263122765e-06	0.0002086054102565793
-0.0001692037097884569	0.0007999009176227201	0.0012856026988059543	0.0003775233915268572	0.0007121612917577735	-0.0003512232610762833	5.296463029491605e-05	0.0002086054102565793
8.043388844192201e-05	0.001049538515852655	0.0015352402970361112	0.00019029519285407304	0.0011490270886602705	-0.00047604206019147277	-9.444769263122765e-06	0.000271014809813952
0.0015782594778215309	0.0009247197167374654	0.0012856026988059543	0.00019029519285407304	0.0008993894904305577	-0.001037726656208271	-7.185416881982931e-05	-0.00010344158753095023
0.0002676620871142621	0.0013615855136404065	0.001784877895265602	0.00043993279108445194	0.0014610740864478	-0.0002888138615191327	0.00017778342940988345	0.0006454712071586322
0.0017030782769362762	0.0009247197167374654	0.0014728308974785165	0.0003151139919688184	0.0011490270886602705	-0.0006632702588640349	5.296463029491605e-05	0.0005206524080434427
0.00033007148667163477	0.0011119479154100276	0.0015352402970361112	0.00025270459241166776	0.001273845887775904	-0.00047604206019147277	-7.185416881982931e-05	0.000271014809813952
0.001765487676493871	0.0009871291162950602	0.001348012098363327	0.0003151139919688184	0.00164830228512014	0.0001480519353835863	0.0003026022285246288	0.0007702900062733775
0.00033007148667163477	0.0011743573149678443	0.001784877895265602	0.0001278857932964783	0.0007745706913153683	-0.0006632702588640349	-0.00013426356837786813	2.137721158379513e-05
0.0015158500782639361	0.00061267271895038	0.0012231932992483596	0.00019029519285407304	0.000836980090872963	-0.00022640446196109387	-0.00013426356837786813	0.0003334242093715467
0.0017030782769362762	0.0009871291162950602	0.0014728308974785165	0.0006895703893141647	0.0009617988899877083	0.0001480519353835863	0.0003026022285246288	0.0006454712071586322
-0.00023161310934560753	0.0009247197167374654	0.001160783899690765	0.0001278857932964783	0.00040011429397091014	8.564253582599157e-05	-7.185416881982931e-05	0.0005830618076010374
0.0012662124800340013	0.0009247197167374654	0.0008487369019032354	0.0001278857932964783	2.565789662578588e-05	-0.00022640446196109387	-0.00019667296793546285	0.000271014809813952
-0.00023161310934560753	0.0009871291162950602	0.001160783899690765	0.0003151139919688184	0.0005873424926434723	0.0005225083327284885	0.00017778342940988345	-4.1032187973799594e-05
0.0010789842813612172	0.00048785391983519055	0.0005366899041161499	6.547639373888359e-05	-3.6751502931808844e-05	2.3233136268396848e-05	0.00024019282896747818	0.0006454712071586322
8.043388844192201e-05	0.0009871291162950602	0.0009735557010184248	0.0003151139919688184	0.0002752954948557207	0.0001480519353835863	-7.185416881982931e-05	0.0002086054102565793
0.0014534406787067855	0.0006750821185079747	0.0005990993036737446	0.00043993279108445194	0.0006497518922001788	0.0004600989331708938	0.0003026022285246288	0.0005830618076010374
-0.00010679431023086217	0.00061267271895038	3.7414707656058255e-05	-0.00012175180493301241	-0.00028638910116129956	-0.0006632702588640349	-0.00038390116660780294	-0.00041548858531847976
-0.00010679431023086217	0.00061267271895038	0.0007239181027889341	0.0003775233915268572	0.0005873424926434723	-3.917626328875379e-05	0.00017778342940988345	0.000458243008485848
0.001328621879591596	0.00030062572116285047	0.0007239181027889341	0.0003775233915268572	0.0005249330930858775	-0.0006008608593066622	0.00011537402985206668	-4.1032187973799594e-05
-0.0004188413080179476	0.00011339752249073243	0.0005990993036737446	3.0669941812888624e-06	0.0007121612917577735	-0.0009753172566515644	-0.00013426356837786813	-0.0002906697862037344
0.0015158500782639361	0.00042544452027759583	0.0007863275023460847	0.0003151139919688184	0.000836980090872963	-0.0011001360557663098	5.296463029491605e-05	-0.00022826038664613968
-0.0003564319084603529	0.00030062572116285047	0.0005990993036737446	0.00025270459241166776	0.0006497518922001788	-0.0007880890579787803	5.296463029491605e-05	-0.00035307918576132913
0.0013910312791487467	0.00030062572116285047	0.0004118711050011825	0.0003775233915268572	0.00015047669574053124	-0.0006008608593066622	-0.0002590823674926135	-0.0005403073844341133
-0.000543660107132915	-1.1421276624457022e-05	9.982410721365298e-05	0.00043993279108445194	0.0002752954948557207	-0.00016399506240394324	0.00011537402985206668	-0.0002906697862037344
0.0013910312791487467	0.00023821632160525574	0.0004118711050011825	0.0005023421906413805	0.0007745706913153683	0.0002728707344985537	0.00024019282896747818	2.137721158379513e-05
0.0012662124800340013	-0.0002610588748548359	-8.74040914586871e-05	0.0001278857932964783	0.00015047669574053124	-0.0005384514597484014	-0.0002590823674926135	-0.0006651261835484146
1.8024488884327283e-05	0.00030062572116285047	0.0004118711050011825	0.0003151139919688184	0.0007121612917577735	-0.00016399506240394324	-9.444769263122765e-06	-0.00010344158753095023
0.0015158500782639361	0.00011339752249073243	0.0005366899041161499	0.0003151139919688184	0.0006497518922001788	-0.0006008608593066622	5.296463029491605e-05	-0.00041548858531847976
-0.0001692037097884569	0.00023821632160525574	0.0007863275023460847	0.00025270459241166776	0.0007121612917577735	-0.00047604206019147277	-9.444769263122765e-06	-0.0004778979848756304
0.0013910312791487467	0.00030062572116285047	0.0005990993036737446	0.00025270459241166776	0.0004625236935282828	-0.000850498457536375	0.0003026022285246288	0.00014619601069876254
0.00020525268755666737	0.0007374915180651254	0.001160783899690765	0.0005647515901989753	0.0002752954948557207	-0.0011625454553234604	-0.00038390116660780294	-0.0009147637817781273
0.0012662124800340013	-1.1421276624457022e-05	0.0003494617054431437	0.0003775233915268572	0.0010866176891033419	-0.00022640446196109387	0.00024019282896747818	-4.1032187973799594e-05
0.00014284328799951673	0.00061267271895038	0.0005366899041161499	0.00025270459241166776	0.0007121612917577735	-0.0006008608593066622	-0.00013426356837786813	-0.0004778979848756304
0.00033007148667163477	0.0005502633193932294	0.0010359651005760195	0.0003775233915268572	0.0012114364882178652	0.0001480519353835863	0.00011537402985206668	2.137721158379513e-05
0.001952715875166433	0.00061267271895038	0.0009735557010184248	0.0003775233915268572	0.0008993894904305577	8.564253582599157e-05	-9.444769263122765e-06	2.137721158379513e-05
0.00020525268755666737	0.00061267271895038	0.0007863275023460847	0.00019029519285407304	0.0007121612917577735	8.564253582599157e-05	-7.185416881982931e-05	0.0002086054102565793
0.002015125274724028	0.0007999009176227201	0.0012231932992483596	0.0005647515901989753	0.0010242082895457472	0.0001480519353835863	0.00036501162808222354	0.000271014809813952
8.043388844192201e-05	0.00061267271895038	0.001160783899690765	0.0001278857932964783	0.0007745706913153683	-0.00010158566284634851	-0.00013426356837786813	-4.1032187973799594e-05
0.0016406688773791256	0.0006750821185079747	0.0010983745001336143	0.00025270459241166776	0.0015858928855634336	8.564253582599157e-05	0.0004274210276393742	0.0009575182049459396
0.00045489028578704627	0.0012991761140828118	0.001972106093937942	3.0669941812888624e-06	0.0006497518922001788	-0.000850498457536375	-0.0002590823674926135	-4.1032187973799594e-05
0.0014534406787067855	0.0005502633193932294	0.0015352402970361112	0.00019029519285407304	0.0011490270886602705	-0.00010158566284634851	5.296463029491605e-05	0.000458243008485848
0.001765487676493871	0.0011119479154100276	0.0014104214979211438	0.00043993279108445194	0.0010242082895457472	-0.00022640446196109387	5.296463029491605e-05	0.0003334242093715467
0.00045489028578704627	0.0012991761140828118	0.0016600590961504125	0.0005647515901989753	0.0017731210842353295	0.00021046133494095898	0.00036501162808222354	0.0005830618076010374
0.0013910312791487467	0.00048785391983519055	0.0009735557010184248	-0.00012175180493301241	0.0010242082895457472	-0.001037726656208271	-0.00038390116660780294	-0.0006651261835484146
8.043388844192201e-05	0.0009247197167374654	0.0014104214979211438	0.00025270459241166776	0.0017107116846777348	-0.0009129078570939697	-9.444769263122765e-06	-0.00041548858531847976
0.0018278970760514657	0.0009247197167374654	0.001597649696593706	0.0005023421906413805	0.0017731210842353295	-0.0013497736539962446	0.00017778342940988345	-0.00010344158753095023
0.00014284328799951673	0.0011119479154100276	0.0019096966943807914	0.0003151139919688184	0.0017107116846777348	-0.001661820651783552	5.296463029491605e-05	-0.00035307918576132913
0.0017030782769362762	0.0009871291162950602	0.001784877895265602	0.00025270459241166776	0.0015858928855634336	-0.001661820651783552	5.296463029491605e-05	-0.00022826038664613968
-4.438491067326744e-05	0.0009871291162950602	0.0014728308974785165	0.0001278857932964783	0.0015234834860058388	-0.001911458250013487	-0.00013426356837786813	-0.0005403073844341133
1.8024488884327283e-05	0.0007999009176227201	0.001597649696593706	0.00025270459241166776	0.0019603492829078917	-0.0013497736539962446	0.00011537402985206668	-0.00022826038664613968
0.0014534406787067855	0.0003630351207204452	0.0009111463014608301	0.00019029519285407304	0.0014610740864478	-0.0017242300513411468	-0.00019667296793546285	-0.000789944982663382
8.043388844192201e-05	0.0005502633193932294	0.001160783899690765	0.00043993279108445194	0.0019603492829078917	-0.001037726656208271	0.0003026022285246288	-0.00041548858531847976
0.001328621879591596	-0.00013624007573964647	0.0004118711050011825	-5.9342405375417684e-05	0.0009617988899877083	-0.0017242300513411468	-0.00038390116660780294	-0.000789944982663382
-4.438491067326744e-05	0.00030062572116285047	0.0007239181027889341	0.00019029519285407304	0.0014610740864478	-0.0012249548548808331	0.0004274210276393742	-0.0006027167839908198
0.001952715875166433	0.00061267271895038	0.001160783899690765	0.0007519797888717594	0.0013362552873330547	-0.0019738676495710816	-0.0005087199657225483	-0.001226810779566101
-0.00023161310934560753	-1.1421276624457022e-05	0.0005990993036737446	0.00025270459241166776	0.0017731210842353295	-0.0019738676495710816	5.296463029491605e-05	-0.0011019919804509115
0.0017030782769362762	0.00011339752249073243	0.0010359651005760195	0.0005023421906413805	0.001897939883350297	-0.0020362770491282323	0.00017778342940988345	-0.000789944982663382
0.0015782594778215309	-7.383067618205175e-05	0.0007863275023460847	0.0003151139919688184	0.0015858928855634336	-0.0023483240469155398	-9.444769263122765e-06	-0.0012892201791232516
-0.00010679431023086217	-0.00013624007573964647	0.0008487369019032354	6.547639373888359e-05	0.0015234834860058388	-0.002098686448685827	-0.00013426356837786813	-0.0011019919804509115
0.0017030782769362762	0.00011339752249073243	0.0009111463014608301	0.0005647515901989753	0.0013986646868906494	-0.0015994112522259574	0.00024019282896747818	-0.0008523543822214208
1.8024488884327283e-05	0.00011339752249073243	0.0008487369019032354	0.0003775233915268572	0.0013362552873330547	-0.0011001360557663098	0.00017778342940988345	-0.0012892201791232516
0.0012662124800340013	-0.00044828707352695396	0.00022464290632884243	3.0669941812888624e-06	0.0007121612917577735	-0.001474592453111212	5.296463029491605e-05	-0.00041548858531847976
1.8024488884327283e-05	0.00030062572116285047	0.0007239181027889341	0.0003151139919688184	0.0013362552873330547	-0.0006008608593066622	0.00024019282896747818	-0.0004778979848756304
0.001765487676493871	0.00023821632160525574	0.0008487369019032354	-5.9342405375417684e-05	0.0007121612917577735	-0.001037726656208271	-0.00019667296793546285	-0.000789944982663382
-0.00029402250890320225	-1.1421276624457022e-05	0.0005990993036737446	0.00019029519285407304	0.0007121612917577735	-0.0009753172566515644	-7.185416881982931e-05	-0.000789944982663382
8.043388844192201e-05	0.0005502633193932294	0.0009735557010184248	0.00043993279108445194	0.0012114364882178652	-0.0006008608593066622	0.00024019282896747818	-0.00010344158753095023
0.001765487676493871	0.00042544452027759583	0.0009735557010184248	0.0005023421906413805	0.0012114364882178652	-0.0009129078570939697	0.00011537402985206668	-0.00035307918576132913
0.00014284328799951673	0.00030062572116285047	0.0010359651005760195	0.00019029519285407304	0.001273845887775904	-0.001037726656208271	-9.444769263122765e-06	-0.0004778979848756304
0.0016406688773791256	0.00023821632160525574	0.0008487369019032354	0.0003151139919688184	0.0012114364882178652	-0.0013497736539962446	-0.00019667296793546285	8.378661114138986e-05
0.0005797090849015696	0.0007374915180651254	0.0015352402970361112	0.0006271609897570141	0.002085168082023081	-0.0006632702588640349	-0.00013426356837786813	-0.0006027167839908198
0.0018278970760514657	0.00030062572116285047	0.0010983745001336143	0.00019029519285407304	0.0015234834860058388	-0.0007256796584211855	-7.185416881982931e-05	-0.0002906697862037344
0.00033007148667163477	0.00061267271895038	0.001160783899690765	0.0003775233915268572	0.0014610740864478	-0.0007880890579787803	0.00011537402985206668	-0.00035307918576132913
0.002015125274724028	0.00048785391983519055	0.001348012098363327	0.0003151139919688184	0.0017107116846777348	-0.0005384514597484014	0.00011537402985206668	2.137721158379513e-05
0.0018903064756088384	0.00048785391983519055	0.001160783899690765	0.00025270459241166776	0.0013362552873330547	-0.000850498457536375	-9.444769263122765e-06	-0.0006027167839908198
0.00020525268755666737	0.0006750821185079747	0.0012856026988059543	6.547639373888359e-05	0.0015234834860058388	-0.0006632702588640349	-0.00019667296793546285	-0.00022826038664613968
0.0023271722725115573	0.001049538515852655	0.0016600590961504125	0.0006895703893141647	0.002085168082023081	-0.00047604206019147277	0.00036501162808222354	2.137721158379513e-05
0.00033007148667163477	0.0007999009176227201	0.0015352402970361112	0.00019029519285407304	0.001897939883350297	-0.0006632702588640349	5.296463029491605e-05	-0.00016585098708854495
0.0018278970760514657	0.0007999009176227201	0.0014728308974785165	0.0003775233915268572	0.00164830228512014	-0.0007880890579787803	0.00017778342940988345	0.000271014809813952
0.00033007148667163477	0.0009871291162950602	0.0017224684957080072	0.0003775233915268572	0.001273845887775904	-0.0007880890579787803	-0.00013426356837786813	-0.00016585098708854495
0.0016406688773791256	0.0006750821185079747	0.001348012098363327	0.0001278857932964783	0.0013362552873330547	-0.00047604206019147277	-7.185416881982931e-05	-4.1032187973799594e-05
-0.00010679431023086217	0.0007374915180651254	0.0012856026988059543	0.0003775233915268572	0.0010866176891033419	-0.00047604206019147277	-9.444769263122765e-06	-0.00010344158753095023
8.043388844192201e-05	0.0011119479154100276	0.001597649696593706	0.0005023421906413805	0.00164830228512014	-0.00010158566284634851	0.00024019282896747818	0.0003334242093715467
0.0012662124800340013	0.0005502633193932294	0.001160783899690765	3.0669941812888624e-06	0.0007121612917577735	-0.0007880890579787803	-0.0003214917670502082	-0.00041548858531847976
-0.00029402250890320225	0.0009871291162950602	0.0012856026988059543	0.0003151139919688184	0.0010242082895457472	-0.00010158566284634851	-7.185416881982931e-05	0.000271014809813952
0.0013910312791487467	0.0009247197167374654	0.001348012098363327	0.0005023421906413805	0.0008993894904305577	-0.00022640446196109387	0.00017778342940988345	0.00039583360892914143
-0.00029402250890320225	0.0009871291162950602	0.0012231932992483596	0.00019029519285407304	0.0007745706913153683	-0.00010158566284634851	-0.0005087199657225483	-0.00041548858531847976
0.0008293466831315044	0.0003630351207204452	0.0005990993036737446	-0.00012175180493301241	0.0008993894904305577	0.00021046133494095898	0.00036501162808222354	0.0005830618076010374
-0.00029402250890320225	0.0008623103171803148	0.0012856026988059543	0.0001278857932964783	-3.6751502931808844e-05	-0.0006008608593066622	-0.0002590823674926135	-0.0002906697862037344
0.0009541654822466938	0.00023821632160525574	0.0008487369019032354	0.00025270459241166776	0.00033770489441309337	8.564253582599157e-05	0.00011537402985206668	0.0003334242093715467
0.0007045278840163149	0.00011339752249073243	0.00016223350677080361	3.0669941812888624e-06	-0.00047361729983408374	-0.00041363266063387805	-0.00044631056616495357	-0.00041548858531847976
-0.00010679431023086217	0.0008623103171803148	0.0009735557010184248	0.0006271609897570141	0.0005249330930858775	0.0007097365314003845	0.0004898304271969689	0.000895108805389011
0.0010165748818038445	0.00011339752249073243	9.982410721365298e-05	3.0669941812888624e-06	-0.00047361729983408374	-0.00022640446196109387	-0.0002590823674926135	-0.00022826038664613968
-0.0004812507075757644	0.00048785391983519055	0.0004742805045585552	0.0003775233915268572	8.80672961833806e-05	0.00039768953361329906	0.00011537402985206668	-0.00022826038664613968
0.001141393680919478	5.09881229331377e-05	0.00016223350677080361	0.00025270459241166776	-9.916090248940357e-05	-0.00010158566284634851	-9.444769263122765e-06	0.00014619601069876254
-0.0004812507075757644	0.00017580692204788306	0.00022464290632884243	0.0001278857932964783	-0.00047361729983408374	0.0001480519353835863	-9.444769263122765e-06	-0.00010344158753095023
0.0010789842813612172	5.09881229331377e-05	9.982410721365298e-05	0.00025270459241166776	-0.00034879850071978247	0.0005225083327284885	-9.444769263122765e-06	0.0003334242093715467
-0.0004188413080179476	0.00017580692204788306	9.982410721365298e-05	0.00025270459241166776	-0.0005360266993916785	0.0004600989331708938	-9.444769263122765e-06	0.0002086054102565793
-0.0004188413080179476	0.00011339752249073243	-2.499469190153647e-05	-5.9342405375417684e-05	-0.0005984360989490511	0.0005225083327284885	-0.0002590823674926135	0.0002086054102565793
0.0013910312791487467	0.0003630351207204452	0.00028705230588643715	0.00043993279108445194	-0.00028638910116129956	0.0009593741296307634	0.00011537402985206668	0.000458243008485848
-0.0001692037097884569	0.00042544452027759583	0.0004118711050011825	0.0003775233915268572	-3.6751502931808844e-05	0.0009593741296307634	0.00017778342940988345	0.0005206524080434427
0.001328621879591596	0.00011339752249073243	3.7414707656058255e-05	0.0001278857932964783	-0.00047361729983408374	0.0004600989331708938	-7.185416881982931e-05	0.000458243008485848
-0.00023161310934560753	0.0003630351207204452	0.0003494617054431437	0.00025270459241166776	-0.0001615703020469983	0.0009593741296307634	0.00011537402985206668	0.00039583360892914143
0.0014534406787067855	0.00048785391983519055	0.0004118711050011825	0.00043993279108445194	-0.00022397970160414893	0.0008969647300731687	-9.444769263122765e-06	0.0005830618076010374
-0.00029402250890320225	0.00042544452027759583	0.0004118711050011825	0.0001278857932964783	-0.000411207900276489	0.0005225083327284885	-0.00013426356837786813	0.000271014809813952
0.001328621879591596	0.00042544452027759583	0.0006615087032304512	0.0001278857932964783	-0.00028638910116129956	0.0007721459309588674	-0.00019667296793546285	0.0005830618076010374
0.0017030782769362762	0.001049538515852655	0.001160783899690765	0.0005647515901989753	0.00040011429397091014	0.0010217835291883581	0.0003026022285246288	0.0009575182049459396
-0.00010679431023086217	0.0008623103171803148	0.0009735557010184248	0.0001278857932964783	2.565789662578588e-05	0.0007721459309588674	-9.444769263122765e-06	0.000895108805389011
0.001328621879591596	0.0007999009176227201	0.0008487369019032354	0.0003775233915268572	-0.0001615703020469983	0.0008969647300731687	-9.444769263122765e-06	0.0007702900062733775
-0.00023161310934560753	0.0008623103171803148	0.0007863275023460847	0.00025270459241166776	-3.6751502931808844e-05	0.0012090117278609203	5.296463029491605e-05	0.0008326994058314163
0.0013910312791487467	0.0007999009176227201	0.0006615087032304512	0.00025270459241166776	-0.00028638910116129956	0.0010217835291883581	-7.185416881982931e-05	0.0010199276045035344
-0.00023161310934560753	0.0009247197167374654	0.0009111463014608301	0.0001278857932964783	0.00015047669574053124	0.001458649326090855	5.296463029491605e-05	0.0010823370040615732
0.0015158500782639361	0.0009871291162950602	0.0009111463014608301	0.00025270459241166776	0.0004625236935282828	0.0012090117278609203	0.00011537402985206668	0.0010823370040615732
-0.00010679431023086217	0.001049538515852655	0.0010983745001336143	0.0003151139919688184	0.00021288609529812597	0.000834555330516018	5.296463029491605e-05	0.0009575182049459396
-0.0003564319084603529	0.001049538515852655	0.0010983745001336143	0.0001278857932964783	0.00015047669574053124	0.001084192928746175	-0.00013426356837786813	0.0010199276045035344
0.0014534406787067855	0.001236766714525217	0.0012856026988059543	0.0005647515901989753	0.00033770489441309337	0.001084192928746175	0.0003026022285246288	0.0012071558031763185
-0.0004188413080179476	0.0011119479154100276	0.0009111463014608301	0.0001278857932964783	8.80672961833806e-05	0.0007097365314003845	-0.00013426356837786813	0.0009575182049459396
0.001141393680919478	0.0007999009176227201	0.0007239181027889341	0.0001278857932964783	-3.6751502931808844e-05	0.0004600989331708938	-0.00013426356837786813	0.0007078806067162269
-0.0003564319084603529	0.0009871291162950602	0.0008487369019032354	0.00025270459241166776	0.00033770489441309337	0.000834555330516018	0.00024019282896747818	0.0008326994058314163
0.0015158500782639361	0.0009871291162950602	0.0009735557010184248	0.0006271609897570141	0.00021288609529812597	0.0007721459309588674	-7.185416881982931e-05	0.0005830618076010374
-0.00029402250890320225	0.0007999009176227201	0.0005366899041161499	0.0003151139919688184	-3.6751502931808844e-05	0.000834555330516018	-0.00013426356837786813	0.0005206524080434427
0.0012038030804764066	0.0006750821185079747	0.0007239181027889341	0.0003151139919688184	8.80672961833806e-05	0.0011466023283037696	0.00011537402985206668	0.0009575182049459396
0.0009541654822466938	0.00042544452027759583	0.00022464290632884243	3.0669941812888624e-06	-0.0007232548980637965	0.0005225083327284885	-0.0003214917670502082	0.00039583360892914143
-0.0003564319084603529	0.0007999009176227201	0.0007239181027889341	0.0003151139919688184	-3.6751502931808844e-05	0.0009593741296307634	0.00024019282896747818	0.0009575182049459396
0.0010165748818038445	0.00042544452027759583	0.0004118711050011825	0.0003151139919688184	-0.0005360266993916785	0.0004600989331708938	-9.444769263122765e-06	0.0005206524080434427
-0.000543660107132915	0.00048785391983519055	0.0005366899041161499	0.0003151139919688184	-0.00022397970160414893	0.0004600989331708938	0.00011537402985206668	0.00014619601069876254
0.0008917560826890991	0.00030062572116285047	0.00016223350677080361	0.0001278857932964783	-0.0005360266993916785	8.564253582599157e-05	-7.185416881982931e-05	0.0005830618076010374
-0.0004812507075757644	0.0005502633193932294	0.0004118711050011825	0.00025270459241166776	-0.00022397970160414893	0.0007097365314003845	0.0003026022285246288	0.0005206524080434427
0.001328621879591596	0.00042544452027759583	0.0004118711050011825	3.0669941812888624e-06	-0.0005360266993916785	0.0002728707344985537	-0.00013426356837786813	8.378661114138986e-05
-0.0006060695066909538	0.00011339752249073243	-8.74040914586871e-05	0.0001278857932964783	-0.0005360266993916785	0.0001480519353835863	-7.185416881982931e-05	-0.00010344158753095023
-0.0004812507075757644	0.00023821632160525574	0.00028705230588643715	0.00025270459241166776	-0.00022397970160414893	0.0004600989331708938	-9.444769263122765e-06	0.00039583360892914143
0.001141393680919478	0.00017580692204788306	0.00016223350677080361	0.0003775233915268572	-0.00028638910116129956	2.3233136268396848e-05	5.296463029491605e-05	0.00014619601069876254
-0.0004188413080179476	0.00023821632160525574	0.0004742805045585552	0.00019029519285407304	-9.916090248940357e-05	0.00021046133494095898	0.00017778342940988345	0.00039583360892914143
0.0009541654822466938	0.00011339752249073243	0.00022464290632884243	0.0003151139919688184	-0.0005360266993916785	2.3233136268396848e-05	-0.00013426356837786813	0.0007078806067162269
-0.00029402250890320225	0.00048785391983519055	0.0007239181027889341	0.00043993279108445194	8.80672961833806e-05	0.0005849177322860832	-0.00013426356837786813	8.378661114138986e-05
0.0010789842813612172	0.00023821632160525574	0.00016223350677080361	0.0001278857932964783	0.00015047669574053124	0.0003352801340561484	0.00011537402985206668	0.0003334242093715467
-0.00023161310934560753	0.00048785391983519055	0.0005366899041161499	0.0003151139919688184	2.565789662578588e-05	-3.917626328875379e-05	-0.00013426356837786813	-4.1032187973799594e-05
0.001141393680919478	0.00030062572116285047	0.0005990993036737446	0.0003775233915268572	0.0007121612917577735	0.0002728707344985537	0.00017778342940988345	0.0002086054102565793
0.0012662124800340013	0.00017580692204788306	0.0003494617054431437	6.547639373888359e-05	0.00040011429397091014	-0.0003512232610762833	-0.00019667296793546285	-0.00041548858531847976
-0.00010679431023086217	0.00048785391983519055	0.0005990993036737446	0.0003151139919688184	0.0007745706913153683	8.564253582599157e-05	5.296463029491605e-05	8.378661114138986e-05
