Sensor_1	Sensor_2	Sensor_3	Sensor_4	Sensor_5	Sensor_6	Sensor_7	Sensor_8
-0.0005219158139484481	0.0010431861659880859	-0.0002388339192793687	0.0015911104510895058	0.00041341835202945987	8.80092516801767e-05	0.00019981991121520437	0.000944938014526997
0.0004766345789710691	0.0006063203690862551	0.0014462198687728023	0.00021810366082508637	-8.58568444306318e-05	-9.921894699216338e-05	1.2591712542198152e-05	0.0001336158202793758
-0.0007091440126210102	-0.00039223002383392824	0.0011965822705430895	-0.0002811715356350053	-8.58568444306318e-05	0.0007121032472545696	-0.00017463648613014193	0.00038325341850953265
0.000726272177201448	0.0014176425633334322	0.0003228506767383177	0.00177833864976229	0.00022619015335689774	-0.0005984941434524771	0.00019981991121520437	0.0005080722176247221
-0.0005219158139484481	0.00048150156997062155	0.0015710386678879917	3.087546215230219e-05	-0.00014826624398822652	0.0004624656490250789	-0.00011222708657254721	0.00019602521983697052
0.0006014533780862585	-0.00032982062427655556	0.0006348976745256252	0.0010918352546298582	-0.0003354944426601225	-0.0010977693399121247	-0.00011222708657254721	0.0002584346193943432
-0.0007715534121781609	0.0014176425633334322	0.0013214010696578349	0.00034292245993938764	0.0004758277515870546	0.0006496938476978631	0.00038704810988754446	0.0008201192154118075
-0.0010211910104085398	-8.018302604662075e-05	-0.0005508809170668982	3.087546215230219e-05	-0.0003354944426601225	0.0002128280507951441	-0.00042427408435963265	0.0006953004162966181
0.0005390439785286638	0.00123041436466087	-0.000987746713968951	0.0014662916519745384	0.00022619015335689774	-0.0007857223421245951	-0.00017463648613014193	0.0005080722176247221
-0.0005843252135055987	0.00029427337129828146	0.00088453527275556	-3.153393740507049e-05	0.0007254653498165453	0.0008993314459273538	1.2591712542198152e-05	0.0008825286149689582
0.0008510909763159713	0.0003566827708558762	0.0008221258731984094	0.0010294258550722635	0.0004758277515870546	0.0009617408454849485	0.00038704810988754446	0.0005080722176247221
-0.0006467346130631935	0.0012928237642182427	0.00044766947585261896	0.0011542446541870088	3.8961954684557654e-05	-0.0005360847438942162	7.500111210023697e-05	0.0005704816171814286
0.0007886815767585986	0.00023186397174090878	0.0014462198687728023	0.00015569426126749164	0.0004758277515870546	0.0005872844481402684	0.0001374105116573876	0.0008825286149689582
-0.0005843252135055987	0.0005439109695282163	0.0005724882749680305	0.0009670164555151128	0.0003510089524720872	-0.0006609035430098498	-0.00017463648613014193	0.00032084401895215997
0.0004766345789710691	0.0010431861659880859	0.0013838104692154296	-9.394333696266521e-05	0.00041341835202945987	0.0010241502450425433	-0.00011222708657254721	0.0005704816171814286
0.0007886815767585986	0.0013552331637758375	0.0008221258731984094	0.0017159292502042511	0.0005382371511446493	8.80092516801767e-05	0.00032463871032994973	0.000944938014526997
-0.0006467346130631935	0.0015424613624481776	0.0011965822705430895	0.0009670164555151128	0.0005382371511446493	-9.921894699216338e-05	1.2591712542198152e-05	0.0008825286149689582
0.00041422517941436254	0.00029427337129828146	0.0010093540718703053	0.00040533185949698236	0.0005382371511446493	0.0009617408454849485	-0.0002994552852448873	0.0008825286149689582
-0.0005843252135055987	0.001667280161562923	1.0803678950788154e-05	0.0020279762479917807	0.001037512347604519	0.0004000562494674842	0.0001374105116573876	0.0008825286149689582
0.0004766345789710691	0.0011055955655456806	0.0006348976745256252	0.0009670164555151128	0.0006630559502589506	0.0002128280507951441	0.0002622293107727991	0.0015066226105446834
-0.00039709701483370274	0.0004190921704134709	0.0011965822705430895	0.0006549694577269172	0.0006006465507013559	0.00027523745035273883	1.2591712542198152e-05	0.0010697568136415203
0.0006014533780862585	0.0014800519628905828	-0.00017642451972177398	0.0012166540537450476	0.0012871499458342317	0.0011489690441579548	0.00032463871032994973	0.0014442132109870887
-0.000334687615276108	0.00123041436466087	0.0011965822705430895	0.0006549694577269172	0.0007254653498165453	0.0013986066423874455	-4.9817687014508394e-05	0.000944938014526997
-0.0006467346130631935	0.0017296895611209617	0.00044766947585261896	0.0020903856475498195	0.0006630559502589506	-0.00022403774610690874	-0.00011222708657254721	0.0008201192154118075
0.0005390439785286638	0.0009183673668733405	0.0020079044647902666	0.0005925600581697665	0.0006006465507013559	0.0002128280507951441	-0.00017463648613014193	0.0005704816171814286
-0.00039709701483370274	0.0009807767664304912	0.002195132663463051	0.0011542446541870088	0.0009751029480469242	0.0015858348410602296	0.0004494575094446951	0.0015066226105446834
0.0006638627776438533	0.00210414595846542	0.0006973070740832199	0.0020279762479917807	0.00041341835202945987	-0.0007857223421245951	7.500111210023697e-05	0.0007577098158542128
-0.0008339628117361997	0.0007935485677581511	0.0011965822705430895	0.0002805130603826811	0.0005382371511446493	0.0004624656490250789	0.00032463871032994973	0.0014442132109870887
0.0007886815767585986	0.0007935485677581511	0.0008221258731984094	0.0014038822524169436	0.0007254653498165453	-0.00022403774610690874	-4.9817687014508394e-05	0.0011945756127571538
-0.0007715534121781609	0.0019169177597933018	0.00019803187762312824	0.0002805130603826811	0.0007254653498165453	0.0011489690441579548	0.0001374105116573876	0.0008825286149689582
0.000726272177201448	0.00023186397174090878	-5.160572060680657e-05	0.001341472852859349	0.0004758277515870546	0.0008369220463702032	-0.00011222708657254721	0.0011945756127571538
0.000726272177201448	0.0016048707620053282	0.0006973070740832199	0.0018407480493194406	0.0008502841489317348	2.559985212258198e-05	0.00019981991121520437	0.0010073474140845917
-0.0005219158139484481	-8.018302604662075e-05	0.0017582668665598877	-3.153393740507049e-05	0.0009126935484888854	0.0014610160419450402	0.0001374105116573876	0.0010073474140845917
0.00041422517941436254	0.0006063203690862551	-5.160572060680657e-05	0.0012166540537450476	-0.00014826624398822652	-0.00022403774610690874	-0.00042427408435963265	0.0002584346193943432
-0.0004595064143908534	0.0013552331637758375	0.0014462198687728023	0.0012166540537450476	0.0007254653498165453	-3.680954743456866e-05	0.00038704810988754446	0.00038325341850953265
0.0005390439785286638	-0.00032982062427655556	0.0015710386678879917	-0.0003435809351926	3.8961954684557654e-05	0.0006496938476978631	7.500111210023697e-05	0.0006328910167390234
-0.0005219158139484481	0.0014176425633334322	0.00044766947585261896	0.001341472852859349	0.00041341835202945987	-0.00028644714566494756	0.0002622293107727991	0.0006953004162966181
0.000726272177201448	0.0012928237642182427	0.0011341728709854948	-0.00021876213607741057	3.8961954684557654e-05	0.0008369220463702032	-0.00023704588568729257	0.0007577098158542128
-0.0008339628117361997	-0.00014259242560421548	-0.000987746713968951	0.0014038822524169436	3.8961954684557654e-05	-0.0004112659447796929	-0.00023704588568729257	0.0005704816171814286
-0.0007091440126210102	0.0005439109695282163	7.321307850793879e-05	0.0002805130603826811	0.0002885995529142704	0.00033764684991033356	-4.9817687014508394e-05	0.0008201192154118075
0.0008510909763159713	-0.0002050018251618102	0.0003852600762959124	0.0004677412590545771	0.0004758277515870546	0.001523425441502635	0.0002622293107727991	0.001132166213199115
-0.0006467346130631935	0.0009183673668733405	-0.000800518515296833	0.0014038822524169436	0.00016378075379930301	-0.0003488565452220982	-4.9817687014508394e-05	0.0006328910167390234
0.0006014533780862585	0.0003566827708558762	0.0009469446723127106	9.328486171011896e-05	0.00016378075379930301	-3.680954743456866e-05	1.2591712542198152e-05	0.0006328910167390234
-0.0004595064143908534	-1.777362648902603e-05	0.001508629268330619	-9.394333696266521e-05	0.0002885995529142704	0.0008993314459273538	-0.00017463648613014193	8.797021164630436e-06
0.00041422517941436254	0.0011055955655456806	0.0003852600762959124	0.0012790634533026424	3.8961954684557654e-05	2.559985212258198e-05	-0.00017463648613014193	0.00019602521983697052
-0.0008339628117361997	0.0006063203690862551	0.0016334480674455865	0.0005301506586121718	0.00022619015335689774	0.0005872844481402684	7.500111210023697e-05	0.0004456628180671274
0.0006638627776438533	0.00029427337129828146	0.0003228506767383177	0.0009670164555151128	-2.344744487303707e-05	-0.0010977693399121247	-0.00017463648613014193	0.0005080722176247221
0.0008510909763159713	0.0005439109695282163	0.0012589916701002402	0.0002805130603826811	0.0004758277515870546	0.0006496938476978631	0.0001374105116573876	0.0007577098158542128
-0.0007091440126210102	0.0003566827708558762	-0.0004260621179521529	0.0009670164555151128	0.00041341835202945987	0.0010241502450425433	1.2591712542198152e-05	0.0012569850123143045
0.0006638627776438533	0.0014176425633334322	-0.0005508809170668982	0.00196556684843463	0.00078787474937414	8.80092516801767e-05	0.0001374105116573876	0.0011945756127571538
-0.0005843252135055987	-8.018302604662075e-05	0.0006973070740832199	3.087546215230219e-05	0.0008502841489317348	0.0013986066423874455	7.500111210023697e-05	0.000944938014526997
0.0005390439785286638	0.0006687297686434057	1.0803678950788154e-05	0.0012790634533026424	0.0003510089524720872	0.0005248750485826736	0.0005118669090022898	0.0013193944118718992
-0.0002722782157185133	0.0019793271593506745	0.0014462198687728023	0.0018407480493194406	0.0005382371511446493	0.0008993314459273538	-0.00017463648613014193	0.0005080722176247221
0.0004766345789710691	0.00010704517262616342	0.0018206762661174825	0.0014038822524169436	0.0004758277515870546	2.559985212258198e-05	-4.9817687014508394e-05	0.0006953004162966181
-0.0007091440126210102	0.0011055955655456806	0.0020703138643474173	0.001341472852859349	0.00078787474937414	-9.921894699216338e-05	0.0001374105116573876	0.0006328910167390234
-0.0007091440126210102	0.0003566827708558762	0.001945495065232672	0.00021810366082508637	0.0006006465507013559	0.0011489690441579548	7.500111210023697e-05	0.000944938014526997
0.0005390439785286638	0.0013552331637758375	0.00019803187762312824	0.0017159292502042511	0.00022619015335689774	-0.00028644714566494756	-0.00017463648613014193	0.0006328910167390234
-0.0005843252135055987	0.0016048707620053282	0.0009469446723127106	0.001341472852859349	0.0009751029480469242	0.0006496938476978631	7.500111210023697e-05	0.0014442132109870887
0.0006638627776438533	0.00048150156997062155	0.0008221258731984094	0.0008421976563994793	0.0009126935484888854	0.001710653640174753	0.0001374105116573876	0.0016938508092165794
-0.0005843252135055987	0.0016048707620053282	-0.0004884715175088594	0.0022776138462221596	0.001037512347604519	0.0006496938476978631	-4.9817687014508394e-05	0.0013193944118718992
0.0006014533780862585	0.00123041436466087	0.0006348976745256252	0.0014038822524169436	0.0009126935484888854	0.001523425441502635	7.500111210023697e-05	0.0013193944118718992
-0.0005843252135055987	0.00048150156997062155	0.0013214010696578349	0.0020903856475498195	0.0007254653498165453	8.80092516801767e-05	7.500111210023697e-05	0.0010073474140845917
0.0006014533780862585	0.0014800519628905828	0.0018830856656750772	0.0005925600581697665	0.0006006465507013559	0.0002128280507951441	1.2591712542198152e-05	0.0006953004162966181
0.0005390439785286638	0.0006063203690862551	0.0018830856656750772	0.000904607055957074	0.0004758277515870546	0.0008993314459273538	-4.9817687014508394e-05	0.0006328910167390234
-0.0005219158139484481	0.001854508360235485	0.0015710386678879917	0.0018407480493194406	0.0008502841489317348	-0.00022403774610690874	0.00032463871032994973	0.0010073474140845917
0.00035181577985632373	0.0006063203690862551	0.0017582668665598877	0.00021810366082508637	0.0002885995529142704	8.80092516801767e-05	-0.00023704588568729257	0.0001336158202793758
-0.0007091440126210102	0.0003566827708558762	0.0009469446723127106	0.0006549694577269172	0.0004758277515870546	0.0008993314459273538	-0.00011222708657254721	0.000944938014526997
0.0004766345789710691	0.0015424613624481776	1.0803678950788154e-05	0.0018407480493194406	0.00041341835202945987	-0.00028644714566494756	0.00032463871032994973	0.0014442132109870887
-0.0005219158139484481	0.0007311391682010004	0.0010717634714279	0.0005925600581697665	0.0002885995529142704	0.0006496938476978631	-0.00023704588568729257	0.0010073474140845917
0.0004766345789710691	0.0003566827708558762	-0.00036365271839455815	0.0015911104510895058	0.0006006465507013559	-3.680954743456866e-05	0.0001374105116573876	0.0011945756127571538
-0.0005219158139484481	0.0016048707620053282	0.0011341728709854948	0.00021810366082508637	0.0007254653498165453	0.0011489690441579548	0.00038704810988754446	0.0010073474140845917
-0.000958781610850945	0.00016945457218375815	-0.00017642451972177398	0.0005925600581697665	-2.344744487303707e-05	0.00015041865123777143	-0.000361864684802482	0.0005080722176247221
0.0006014533780862585	0.0012928237642182427	0.0007597164736399264	0.0011542446541870088	3.8961954684557654e-05	-0.0005984941434524771	7.500111210023697e-05	0.00032084401895215997
-0.0006467346130631935	-8.018302604662075e-05	0.001508629268330619	-0.00021876213607741057	0.0003510089524720872	0.0010241502450425433	1.2591712542198152e-05	0.0005704816171814286
0.0008510909763159713	0.0010431861659880859	0.0008221258731984094	0.0015911104510895058	0.0004758277515870546	0.0002128280507951441	0.00032463871032994973	-5.361237839296429e-05
-0.0007091440126210102	0.0008559579673157458	0.0011965822705430895	9.328486171011896e-05	-0.0002730850431029719	-0.0009105411412397846	-0.00017463648613014193	0.0002584346193943432
0.0004766345789710691	-0.00026741122471851675	0.0011341728709854948	-0.00040599033475019475	0.0003510089524720872	-9.921894699216338e-05	0.00032463871032994973	0.0010073474140845917
-0.00039709701483370274	0.00123041436466087	-0.0004260621179521529	0.0005301506586121718	0.00016378075379930301	-0.00028644714566494756	-0.00011222708657254721	0.0005704816171814286
0.0004766345789710691	0.0007311391682010004	0.0002604412771802789	-0.0005308091338649401	0.00010137135424170829	0.0009617408454849485	-0.0002994552852448873	0.0006953004162966181
0.0005390439785286638	0.00123041436466087	-0.0007381091157392383	0.001528701051531911	-2.344744487303707e-05	-0.00047367534433728764	-0.00023704588568729257	0.0006953004162966181
-0.0004595064143908534	0.0011680049651030533	0.0010717634714279	0.000904607055957074	0.0009751029480469242	0.0005248750485826736	0.0004494575094446951	0.001132166213199115
0.0006014533780862585	-8.018302604662075e-05	0.0006973070740832199	9.328486171011896e-05	3.8961954684557654e-05	0.0006496938476978631	-0.00011222708657254721	0.0005704816171814286
-0.0005843252135055987	0.0013552331637758375	0.00013562247806553351	0.001528701051531911	0.0003510089524720872	-0.00022403774610690874	1.2591712542198152e-05	0.0006328910167390234
0.0008510909763159713	0.0007935485677581511	0.0016334480674455865	0.0005925600581697665	0.00078787474937414	0.0005248750485826736	1.2591712542198152e-05	0.0005704816171814286
-0.0007091440126210102	-8.018302604662075e-05	0.0010717634714279	0.00040533185949698236	0.00010137135424170829	-0.0008481317416821899	-0.00011222708657254721	0.00019602521983697052
0.0004766345789710691	0.00123041436466087	0.0006348976745256252	9.328486171011896e-05	0.0006006465507013559	0.0007121032472545696	7.500111210023697e-05	0.0006328910167390234
-0.0005843252135055987	0.00048150156997062155	0.0010093540718703053	0.0012166540537450476	0.00078787474937414	0.0008369220463702032	0.00032463871032994973	0.0010697568136415203
-0.0007091440126210102	0.0019169177597933018	0.0006348976745256252	0.001528701051531911	0.0005382371511446493	-0.00047367534433728764	-4.9817687014508394e-05	0.000944938014526997
0.0006014533780862585	0.0006063203690862551	0.0011965822705430895	0.0004677412590545771	0.0006630559502589506	0.00108655964460036	-4.9817687014508394e-05	0.0010697568136415203
-0.0005219158139484481	0.0011680049651030533	1.0803678950788154e-05	0.0016535198506471005	0.0008502841489317348	0.0009617408454849485	0.0001374105116573876	0.0016314414096589847
0.0004766345789710691	0.0014800519628905828	7.321307850793879e-05	0.001528701051531911	0.0006006465507013559	-0.0001616283465497581	-0.00023704588568729257	0.0018810790078891415
-0.000334687615276108	0.00048150156997062155	0.0014462198687728023	0.0006549694577269172	0.0012871499458342317	0.002147519437077916	-4.9817687014508394e-05	0.0011945756127571538
0.0005390439785286638	0.0008559579673157458	-0.0004884715175088594	0.00196556684843463	0.001037512347604519	0.00033764684991033356	7.500111210023697e-05	0.0010697568136415203
-0.0005843252135055987	0.0016048707620053282	0.0010093540718703053	9.328486171011896e-05	0.0006630559502589506	0.0013986066423874455	-0.00011222708657254721	0.0007577098158542128
0.0006014533780862585	4.4635773068568696e-05	0.0011341728709854948	0.0018407480493194406	0.0005382371511446493	0.0002128280507951441	-4.9817687014508394e-05	0.0010073474140845917
0.000726272177201448	0.0019793271593506745	0.0022575420630199794	0.0015911104510895058	0.0009751029480469242	-0.00028644714566494756	0.0002622293107727991	0.0006953004162966181
-0.0007091440126210102	0.0004190921704134709	0.002319951462577574	0.00015569426126749164	0.0007254653498165453	0.0012113784437151054	1.2591712542198152e-05	0.0008825286149689582
0.0006638627776438533	0.001854508360235485	0.0008221258731984094	0.00196556684843463	0.0003510089524720872	-0.00028644714566494756	-0.00011222708657254721	0.0010073474140845917
-0.0007091440126210102	0.0012928237642182427	0.0010093540718703053	0.0008421976563994793	0.0006630559502589506	8.80092516801767e-05	1.2591712542198152e-05	0.0015066226105446834
0.000726272177201448	0.00048150156997062155	0.0007597164736399264	0.0009670164555151128	0.0008502841489317348	0.0016482442406178244	1.2591712542198152e-05	0.00156903201010139
-0.0006467346130631935	0.0015424613624481776	-0.0005508809170668982	0.0020279762479917807	0.0007254653498165453	0.0008993314459273538	-4.9817687014508394e-05	0.001132166213199115
0.0005390439785286638	0.0007311391682010004	0.0003852600762959124	0.0007797882568425507	0.001037512347604519	0.0017730630397323477	0.00019981991121520437	0.0014442132109870887
-0.0005219158139484481	0.00029427337129828146	0.0003228506767383177	0.00215279504710697	0.0006006465507013559	-9.921894699216338e-05	0.0001374105116573876	0.0010073474140845917
-0.0007091440126210102	0.0005439109695282163	0.0017582668665598877	0.0002805130603826811	0.0005382371511446493	0.0008369220463702032	-0.00011222708657254721	0.0008201192154118075
0.0005390439785286638	0.00016945457218375815	0.0011341728709854948	0.0008421976563994793	0.00041341835202945987	0.0005248750485826736	-4.9817687014508394e-05	0.0002584346193943432
-0.0004595064143908534	0.0017296895611209617	0.001508629268330619	0.0014038822524169436	0.0003510089524720872	-0.0007233129425670004	0.0002622293107727991	0.0004456628180671274
0.0004766345789710691	0.00016945457218375815	0.0022575420630199794	-0.00040599033475019475	-0.00014826624398822652	0.00015041865123777143	-0.00017463648613014193	0.0006328910167390234
-0.0005843252135055987	0.0007311391682010004	0.0008221258731984094	0.0007797882568425507	3.8961954684557654e-05	0.00027523745035273883	-0.00017463648613014193	0.0004456628180671274
0.0004766345789710691	0.0014176425633334322	-0.00036365271839455815	0.0014038822524169436	0.0004758277515870546	0.00108655964460036	0.0001374105116573876	0.0010697568136415203
-0.0005843252135055987	0.00016945457218375815	0.0005724882749680305	0.0012790634533026424	0.0003510089524720872	0.0007745126468130525	1.2591712542198152e-05	0.0012569850123143045
0.000726272177201448	0.0006063203690862551	-0.0009253373144115784	0.0012166540537450476	0.0006006465507013559	0.0002128280507951441	1.2591712542198152e-05	0.001132166213199115
0.0006638627776438533	-0.00014259242560421548	0.0003228506767383177	9.328486171011896e-05	0.0002885995529142704	0.0012113784437151054	7.500111210023697e-05	0.0008825286149689582
-0.0006467346130631935	0.0003566827708558762	-0.0003012433188369634	0.0010294258550722635	0.00016378075379930301	0.0005248750485826736	1.2591712542198152e-05	0.0008825286149689582
0.0007886815767585986	0.00123041436466087	0.0010093540718703053	0.0011542446541870088	0.0005382371511446493	-0.00047367534433728764	0.0002622293107727991	0.0004456628180671274
-0.0010211910104085398	-0.00032982062427655556	0.001945495065232672	-0.0009052655312098423	-0.0003354944426601225	-0.0001616283465497581	-0.0004866834839172274	0.0001336158202793758
0.000726272177201448	0.0011055955655456806	0.0016958574670031812	0.0011542446541870088	-8.58568444306318e-05	-0.00047367534433728764	-4.9817687014508394e-05	0.00032084401895215997
-0.0006467346130631935	0.0014800519628905828	0.0017582668665598877	0.0006549694577269172	0.00041341835202945987	0.0008369220463702032	0.0002622293107727991	0.0005704816171814286
0.0008510909763159713	0.00023186397174090878	0.0018830856656750772	0.000904607055957074	-2.344744487303707e-05	-0.0003488565452220982	-0.00023704588568729257	0.0006328910167390234
-0.0008963722112929062	0.0007311391682010004	7.321307850793879e-05	0.0011542446541870088	0.0004758277515870546	0.0002128280507951441	7.500111210023697e-05	0.0010697568136415203
-0.0004595064143908534	0.00023186397174090878	1.0803678950788154e-05	0.0004677412590545771	0.0008502841489317348	0.0016482442406178244	0.00019981991121520437	0.0016314414096589847
0.0005390439785286638	0.0008559579673157458	-0.00123738431219933	0.0016535198506471005	0.0003510089524720872	0.00015041865123777143	-0.00017463648613014193	0.001132166213199115
-0.0006467346130631935	0.0006687297686434057	0.00019803187762312824	0.0005925600581697665	0.0006630559502589506	0.0005872844481402684	-0.00017463648613014193	0.0010073474140845917
0.0007886815767585986	0.00010704517262616342	0.0009469446723127106	0.0010294258550722635	0.0010999217471614475	0.0013986066423874455	0.00032463871032994973	0.0006953004162966181
-0.0007715534121781609	0.0014800519628905828	0.0008221258731984094	0.0016535198506471005	0.0006006465507013559	-0.00022403774610690874	-0.00017463648613014193	0.0002584346193943432
0.0004766345789710691	0.0008559579673157458	0.002569589060807509	0.00034292245993938764	0.0005382371511446493	0.0009617408454849485	0.0001374105116573876	0.000944938014526997
-0.0005219158139484481	0.0007935485677581511	0.002132723263905456	0.0020903856475498195	0.0006630559502589506	-0.0003488565452220982	0.0002622293107727991	0.0007577098158542128
0.000726272177201448	0.0019793271593506745	0.001945495065232672	9.328486171011896e-05	0.0006006465507013559	0.0006496938476978631	-4.9817687014508394e-05	0.0006953004162966181
0.0004766345789710691	0.0006687297686434057	0.0002604412771802789	0.0012166540537450476	0.0006006465507013559	0.0010241502450425433	-0.00023704588568729257	0.0010697568136415203
-0.0004595064143908534	0.002041736558908269	0.00013562247806553351	0.0023400232457795322	0.001224740546277081	0.00033764684991033356	0.00038704810988754446	0.001756260208773952
0.0004766345789710691	0.0003566827708558762	0.0006973070740832199	0.0004677412590545771	0.0007254653498165453	0.001273787843272256	-0.00017463648613014193	0.0012569850123143045
-0.0006467346130631935	0.0011055955655456806	-5.160572060680657e-05	0.0017159292502042511	0.0009126935484888854	0.0013361972428298508	-4.9817687014508394e-05	0.0014442132109870887
0.000726272177201448	0.0021665553580230146	0.0003852600762959124	0.0024648420448947217	0.0012871499458342317	0.0002128280507951441	-4.9817687014508394e-05	0.0010697568136415203
-0.0007091440126210102	0.0006063203690862551	0.0017582668665598877	0.00021810366082508637	0.0004758277515870546	0.00027523745035273883	-4.9817687014508394e-05	0.0008201192154118075
0.0006014533780862585	0.0009807767664304912	0.0010717634714279	0.001528701051531911	0.0007254653498165453	-3.680954743456866e-05	0.0001374105116573876	0.000944938014526997
-0.0005219158139484481	0.0017296895611209617	0.002319951462577574	0.00040533185949698236	0.00078787474937414	0.0011489690441579548	1.2591712542198152e-05	0.0004456628180671274
-0.0006467346130631935	0.0011055955655456806	0.0011965822705430895	0.001528701051531911	0.0006006465507013559	0.00015041865123777143	1.2591712542198152e-05	0.0007577098158542128
0.0005390439785286638	0.0013552331637758375	0.0016334480674455865	0.0009670164555151128	0.0003510089524720872	-0.00028644714566494756	-0.00011222708657254721	0.0005080722176247221
-0.00039709701483370274	0.00048150156997062155	0.0013838104692154296	0.000717378857284956	0.0009126935484888854	0.0016482442406178244	0.00032463871032994973	0.0014442132109870887
0.0004766345789710691	0.0013552331637758375	-0.0006132903166240489	0.00196556684843463	0.0003510089524720872	-0.00028644714566494756	-0.00017463648613014193	0.001132166213199115
-0.0007091440126210102	0.0010431861659880859	0.0006348976745256252	0.0006549694577269172	0.0008502841489317348	0.0004000562494674842	1.2591712542198152e-05	0.0012569850123143045
0.0005390439785286638	0.00010704517262616342	0.0005724882749680305	0.0006549694577269172	0.0005382371511446493	-0.0003488565452220982	7.500111210023697e-05	0.0010697568136415203
-0.0005219158139484481	0.0017920989606781124	-0.00017642451972177398	9.328486171011896e-05	-2.344744487303707e-05	-3.680954743456866e-05	-0.00023704588568729257	0.00038325341850953265
0.00035181577985632373	0.0004190921704134709	0.0005100788754106578	0.0005301506586121718	0.0004758277515870546	0.0013361972428298508	0.00019981991121520437	0.0012569850123143045
0.0006014533780862585	0.0015424613624481776	-0.0001140151201644013	0.0017159292502042511	0.00016378075379930301	-0.0006609035430098498	-4.9817687014508394e-05	0.0005080722176247221
-0.0005843252135055987	-1.777362648902603e-05	0.0020079044647902666	-0.00021876213607741057	0.0006006465507013559	0.00108655964460036	0.00019981991121520437	0.0006953004162966181
0.0006638627776438533	-8.018302604662075e-05	0.0007597164736399264	0.000717378857284956	0.00010137135424170829	0.0007121032472545696	1.2591712542198152e-05	0.0004456628180671274
-0.0008339628117361997	0.0014176425633334322	0.0002604412771802789	0.001341472852859349	3.8961954684557654e-05	-0.0010977693399121247	-0.00011222708657254721	0.00038325341850953265
0.0007886815767585986	-1.777362648902603e-05	0.001945495065232672	-0.00040599033475019475	0.0003510089524720872	0.0006496938476978631	-4.9817687014508394e-05	0.0006953004162966181
-0.0006467346130631935	0.00048150156997062155	7.321307850793879e-05	0.0005925600581697665	0.0002885995529142704	-0.0009105411412397846	0.0001374105116573876	0.0006328910167390234
0.0007886815767585986	0.001854508360235485	-5.160572060680657e-05	-0.00046839973430778947	0.00016378075379930301	0.0009617408454849485	-4.9817687014508394e-05	0.0008201192154118075
-0.0007091440126210102	-0.00014259242560421548	-0.0002388339192793687	0.0012166540537450476	-2.344744487303707e-05	8.80092516801767e-05	-0.00017463648613014193	0.0008201192154118075
-0.0006467346130631935	0.0014176425633334322	0.0003852600762959124	0.0012166540537450476	0.0006630559502589506	-0.00028644714566494756	7.500111210023697e-05	0.0008825286149689582
0.0006638627776438533	-8.018302604662075e-05	0.0009469446723127106	9.328486171011896e-05	0.0006006465507013559	0.0013986066423874455	1.2591712542198152e-05	0.0010073474140845917
-0.0005219158139484481	0.0009183673668733405	1.0803678950788154e-05	0.0017159292502042511	0.0005382371511446493	0.0004624656490250789	0.00019981991121520437	0.0010697568136415203
0.0004766345789710691	0.0008559579673157458	0.0006973070740832199	0.0008421976563994793	0.0002885995529142704	-0.00022403774610690874	-0.00011222708657254721	0.0006328910167390234
-0.0006467346130631935	-0.00039223002383392824	0.0013214010696578349	-0.00021876213607741057	0.0004758277515870546	0.001273787843272256	-4.9817687014508394e-05	0.0006328910167390234
0.0006014533780862585	0.0014176425633334322	0.00044766947585261896	0.0018407480493194406	0.0009126935484888854	0.0002128280507951441	0.00019981991121520437	0.0007577098158542128
-0.0004595064143908534	0.0010431861659880859	0.0018830856656750772	0.00015569426126749164	0.0003510089524720872	0.0008369220463702032	-0.00017463648613014193	0.00038325341850953265
0.0005390439785286638	4.4635773068568696e-05	0.0008221258731984094	0.0022776138462221596	0.0007254653498165453	-0.00022403774610690874	0.00032463871032994973	0.0012569850123143045
0.000726272177201448	0.0014176425633334322	0.0018206762661174825	0.0009670164555151128	0.0009126935484888854	0.0006496938476978631	0.00019981991121520437	0.0011945756127571538
-0.0007091440126210102	0.0005439109695282163	0.0005100788754106578	0.0006549694577269172	0.0006006465507013559	0.001273787843272256	-0.00011222708657254721	0.0014442132109870887
0.0005390439785286638	0.0017296895611209617	-0.0006756997161816436	0.0023400232457795322	0.0007254653498165453	-0.0001616283465497581	-0.00017463648613014193	0.001132166213199115
-0.0005843252135055987	0.0006687297686434057	0.00088453527275556	0.0006549694577269172	0.0010999217471614475	0.0014610160419450402	7.500111210023697e-05	0.0013818038114290498
0.0006014533780862585	0.00023186397174090878	0.0003852600762959124	0.0012790634533026424	0.0009126935484888854	0.0016482442406178244	0.0002622293107727991	0.00156903201010139
-0.0005219158139484481	0.0019793271593506745	0.0005100788754106578	0.0025272514444518723	0.0006006465507013559	0.0008369220463702032	-0.00011222708657254721	0.0006953004162966181
0.0005390439785286638	0.0006063203690862551	0.0020703138643474173	0.0012166540537450476	0.0009126935484888854	0.00108655964460036	0.00019981991121520437	0.0011945756127571538
-0.0005843252135055987	0.0008559579673157458	0.0013214010696578349	0.00196556684843463	0.0006006465507013559	-0.0007857223421245951	-0.00017463648613014193	0.0005704816171814286
-0.0004595064143908534	0.0011680049651030533	0.003006454857710006	0.0004677412590545771	0.0009126935484888854	0.0008369220463702032	0.0002622293107727991	0.0010073474140845917
0.0006638627776438533	0.0011055955655456806	0.0015710386678879917	0.0015911104510895058	0.0006006465507013559	0.0005872844481402684	0.0001374105116573876	0.0010073474140845917
-0.0007715534121781609	0.0019169177597933018	0.0007597164736399264	0.001528701051531911	0.0004758277515870546	-0.0006609035430098498	-0.00011222708657254721	0.0008201192154118075
0.0006638627776438533	0.0005439109695282163	0.0012589916701002402	0.00034292245993938764	0.0007254653498165453	0.0011489690441579548	-4.9817687014508394e-05	0.0018810790078891415
-0.0005843252135055987	0.0009183673668733405	-0.0004260621179521529	0.00177833864976229	0.0009126935484888854	0.0012113784437151054	0.0001374105116573876	0.0015066226105446834
0.000726272177201448	0.0015424613624481776	-0.0003012433188369634	0.00196556684843463	0.0007254653498165453	0.001523425441502635	-0.00023704588568729257	0.0010697568136415203
-0.0008339628117361997	-0.00039223002383392824	0.00044766947585261896	0.0020279762479917807	0.00078787474937414	0.0005872844481402684	0.0002622293107727991	0.0013193944118718992
0.0007886815767585986	0.0012928237642182427	0.0016334480674455865	0.0012166540537450476	0.0007254653498165453	0.0002128280507951441	0.0001374105116573876	0.0010697568136415203
0.0006638627776438533	-8.018302604662075e-05	0.0020079044647902666	0.00034292245993938764	0.0006630559502589506	0.00108655964460036	7.500111210023697e-05	0.0005704816171814286
-0.0007715534121781609	0.00123041436466087	0.0007597164736399264	0.0012790634533026424	3.8961954684557654e-05	-0.0007857223421245951	-0.00011222708657254721	0.00019602521983697052
0.0006638627776438533	0.0009807767664304912	0.002132723263905456	0.0005925600581697665	0.00010137135424170829	-0.0004112659447796929	1.2591712542198152e-05	0.00019602521983697052
-0.0005219158139484481	0.00023186397174090878	0.0017582668665598877	0.00015569426126749164	0.0004758277515870546	0.00108655964460036	0.0002622293107727991	0.00032084401895215997
0.00041422517941436254	0.0013552331637758375	-0.0003012433188369634	0.0015911104510895058	-0.0002730850431029719	-0.0009729505407973793	0.00019981991121520437	0.001132166213199115
-0.0005219158139484481	0.0007935485677581511	0.0008221258731984094	0.0004677412590545771	0.0002885995529142704	0.0012113784437151054	-0.00017463648613014193	0.0010697568136415203
0.0006014533780862585	-8.018302604662075e-05	-0.00017642451972177398	0.00196556684843463	0.0006630559502589506	0.00027523745035273883	0.0002622293107727991	0.0014442132109870887
-0.0005219158139484481	0.0012928237642182427	0.0002604412771802789	0.00034292245993938764	0.0004758277515870546	0.0005872844481402684	0.0001374105116573876	0.0008825286149689582
-0.0007715534121781609	-0.00026741122471851675	-0.00017642451972177398	0.00021810366082508637	0.00010137135424170829	0.00108655964460036	-0.00017463648613014193	0.0008201192154118075
0.0006014533780862585	0.0012928237642182427	7.321307850793879e-05	0.0017159292502042511	0.0002885995529142704	-0.0005984941434524771	7.500111210023697e-05	0.0006328910167390234
-0.0005219158139484481	0.0005439109695282163	0.002195132663463051	-0.0002811715356350053	0.00022619015335689774	8.80092516801767e-05	7.500111210023697e-05	0.0002584346193943432
0.0004766345789710691	0.00023186397174090878	0.0015710386678879917	0.00021810366082508637	-0.00021067564354582125	-0.0001616283465497581	-0.00023704588568729257	0.0007577098158542128
-0.000334687615276108	0.00210414595846542	0.0017582668665598877	0.0016535198506471005	0.0005382371511446493	-0.0007233129425670004	-4.9817687014508394e-05	0.00019602521983697052
0.0006014533780862585	0.0003566827708558762	0.002132723263905456	3.087546215230219e-05	0.00016378075379930301	0.0004624656490250789	-4.9817687014508394e-05	0.0007577098158542128
-0.0007091440126210102	0.00029427337129828146	0.0005724882749680305	0.0017159292502042511	0.0004758277515870546	-3.680954743456866e-05	7.500111210023697e-05	0.0010697568136415203
0.0007886815767585986	0.001667280161562923	0.0005724882749680305	0.00034292245993938764	0.0008502841489317348	0.0016482442406178244	0.0001374105116573876	0.0013818038114290498
0.0005390439785286638	0.0004190921704134709	-0.0011125655130841405	0.0014038822524169436	0.0003510089524720872	0.0006496938476978631	-0.00017463648613014193	0.0012569850123143045
-0.0004595064143908534	0.0014176425633334322	-0.0001140151201644013	0.0014662916519745384	0.0009126935484888854	0.00027523745035273883	0.00019981991121520437	0.0013818038114290498
0.0006014533780862585	-1.777362648902603e-05	0.0010093540718703053	0.00034292245993938764	0.0009751029480469242	0.001523425441502635	7.500111210023697e-05	0.0011945756127571538
-0.0005219158139484481	0.0013552331637758375	0.0005100788754106578	0.00177833864976229	0.00078787474937414	0.00033764684991033356	1.2591712542198152e-05	0.0006328910167390234
0.0006638627776438533	0.0017920989606781124	0.0022575420630199794	0.0012790634533026424	0.0006006465507013559	-0.0004112659447796929	0.00019981991121520437	0.000944938014526997
-0.0005843252135055987	0.0003566827708558762	0.0026319984603655477	0.00034292245993938764	0.00022619015335689774	-0.0006609035430098498	-0.0002994552852448873	0.00038325341850953265
0.00041422517941436254	0.0016048707620053282	0.00088453527275556	0.000904607055957074	0.0009751029480469242	0.00027523745035273883	0.0002622293107727991	0.000944938014526997
-0.0004595064143908534	0.0014176425633334322	0.0013838104692154296	0.0005301506586121718	0.0006630559502589506	0.0013986066423874455	-4.9817687014508394e-05	0.0010073474140845917
-0.00039709701483370274	0.002041736558908269	0.0002604412771802789	0.0027144796431242124	0.001224740546277081	0.0007745126468130525	0.0004494575094446951	0.0019434884074462921
0.0005390439785286638	0.0010431861659880859	0.0007597164736399264	0.0010918352546298582	0.0008502841489317348	0.0008369220463702032	-0.00011222708657254721	0.0012569850123143045
-0.0005843252135055987	0.0004190921704134709	0.0005100788754106578	0.0008421976563994793	0.0009126935484888854	0.0018354724392899424	1.2591712542198152e-05	0.0018186696083315468
0.0007886815767585986	0.0022289647575806093	-0.0001140151201644013	0.002839298442239402	0.0013495593453918264	0.00033764684991033356	0.0002622293107727991	0.0010697568136415203
-0.0008339628117361997	0.0011055955655456806	0.0012589916701002402	0.0006549694577269172	0.0008502841489317348	0.0005248750485826736	1.2591712542198152e-05	0.0008825286149689582
0.0006014533780862585	0.0006687297686434057	0.001508629268330619	0.0008421976563994793	0.0006630559502589506	-0.00022403774610690874	7.500111210023697e-05	0.001132166213199115
-0.0005843252135055987	0.0021665553580230146	0.0014462198687728023	0.0008421976563994793	0.001037512347604519	0.0008993314459273538	0.0002622293107727991	0.000944938014526997
0.000726272177201448	0.0009807767664304912	0.0012589916701002402	0.0009670164555151128	0.0005382371511446493	0.0007745126468130525	-0.00017463648613014193	0.0007577098158542128
0.0006638627776438533	0.0017296895611209617	0.0010093540718703053	0.0018407480493194406	0.0006006465507013559	-0.0003488565452220982	7.500111210023697e-05	0.0007577098158542128
-0.0005219158139484481	0.00048150156997062155	0.0020079044647902666	0.00034292245993938764	0.0009751029480469242	0.0013361972428298508	0.00019981991121520437	0.0010697568136415203
0.0006014533780862585	0.0005439109695282163	7.321307850793879e-05	0.0014038822524169436	0.00041341835202945987	0.0005872844481402684	-0.00023704588568729257	0.000944938014526997
-0.0005843252135055987	0.001854508360235485	0.0003852600762959124	0.0019031574488770353	0.0008502841489317348	0.00033764684991033356	0.0001374105116573876	0.0010073474140845917
0.0004766345789710691	-8.018302604662075e-05	0.00088453527275556	0.00021810366082508637	0.0007254653498165453	0.0013986066423874455	7.500111210023697e-05	0.0013193944118718992
-0.0005219158139484481	0.0010431861659880859	-0.0003012433188369634	0.001528701051531911	0.00010137135424170829	-0.0009105411412397846	-0.00023704588568729257	0.00038325341850953265
0.0005390439785286638	0.0014800519628905828	0.0005100788754106578	9.328486171011896e-05	0.0005382371511446493	0.0013986066423874455	7.500111210023697e-05	0.0010697568136415203
-0.0005843252135055987	0.00010704517262616342	1.0803678950788154e-05	0.00177833864976229	0.0002885995529142704	-0.00022403774610690874	7.500111210023697e-05	0.0008201192154118075
-0.0007091440126210102	0.0009183673668733405	0.0012589916701002402	0.0005301506586121718	0.00041341835202945987	-0.0001616283465497581	-0.00011222708657254721	0.0005080722176247221
0.0006014533780862585	-0.00039223002383392824	0.0011965822705430895	9.328486171011896e-05	0.0002885995529142704	0.0014610160419450402	-4.9817687014508394e-05	0.0007577098158542128
-0.0004595064143908534	0.0014800519628905828	0.0002604412771802789	0.0019031574488770353	0.00041341835202945987	-0.0001616283465497581	0.00032463871032994973	0.000944938014526997
0.0004766345789710691	0.0003566827708558762	0.0011341728709854948	0.00015569426126749164	-2.344744487303707e-05	-0.00028644714566494756	-0.00017463648613014193	0.0006953004162966181
-0.0007091440126210102	-0.00032982062427655556	0.0009469446723127106	-0.0002811715356350053	0.00010137135424170829	0.0008993314459273538	1.2591712542198152e-05	0.0005080722176247221
0.0006638627776438533	0.0015424613624481776	-0.0003012433188369634	0.00177833864976229	0.0006006465507013559	0.0004000562494674842	0.00019981991121520437	0.0008825286149689582
-0.0005219158139484481	0.0007935485677581511	0.0013214010696578349	0.00040533185949698236	0.00010137135424170829	0.0005872844481402684	-4.9817687014508394e-05	0.0006328910167390234
0.0006014533780862585	4.4635773068568696e-05	-0.0003012433188369634	0.0017159292502042511	0.0002885995529142704	-0.0005984941434524771	-0.00017463648613014193	0.0008825286149689582
0.0009135003758742322	0.0008559579673157458	0.001508629268330619	0.0005925600581697665	0.0010999217471614475	0.0010241502450425433	0.00038704810988754446	0.0011945756127571538
-0.0007091440126210102	0.00010704517262616342	0.0003228506767383177	0.000717378857284956	0.0002885995529142704	0.0008993314459273538	-4.9817687014508394e-05	0.000944938014526997
0.0004766345789710691	0.0014800519628905828	7.321307850793879e-05	0.0015911104510895058	0.00016378075379930301	-0.0008481317416821899	-0.00017463648613014193	0.0004456628180671274
-0.0002722782157185133	0.0007311391682010004	0.002132723263905456	0.0005925600581697665	0.0013495593453918264	0.0017730630397323477	0.0006366857081174793	0.0004456628180671274
0.00041422517941436254	0.00029427337129828146	0.00019803187762312824	0.0010294258550722635	0.00016378075379930301	0.0002128280507951441	1.2591712542198152e-05	0.0008201192154118075
-0.0006467346130631935	0.001667280161562923	0.0010093540718703053	0.001341472852859349	0.0009126935484888854	0.0014610160419450402	0.0002622293107727991	0.0008201192154118075
0.0007886815767585986	0.00010704517262616342	0.002132723263905456	0.001528701051531911	0.0004758277515870546	2.559985212258198e-05	-0.00017463648613014193	0.0008201192154118075
-0.0008339628117361997	0.0010431861659880859	0.0015710386678879917	0.0017159292502042511	0.0009126935484888854	-9.921894699216338e-05	0.0001374105116573876	0.0010073474140845917
-0.0007091440126210102	0.0005439109695282163	0.0018206762661174825	0.00015569426126749164	0.00078787474937414	0.0014610160419450402	1.2591712542198152e-05	0.0013818038114290498
0.000726272177201448	0.0016048707620053282	1.0803678950788154e-05	0.0023400232457795322	0.001037512347604519	0.0004624656490250789	0.00019981991121520437	0.0014442132109870887
-0.0006467346130631935	0.0014800519628905828	0.0007597164736399264	0.0014662916519745384	0.001037512347604519	0.0005872844481402684	0.0001374105116573876	0.0014442132109870887
0.00041422517941436254	-0.00014259242560421548	0.0008221258731984094	0.0002805130603826811	0.0004758277515870546	0.0014610160419450402	-0.0002994552852448873	0.0021307166061190763
-0.0002722782157185133	0.0019793271593506745	0.0003852600762959124	0.0027768890426822512	0.0014743781445070159	0.0011489690441579548	-0.0002994552852448873	0.0006953004162966181
0.00041422517941436254	0.00123041436466087	0.0010717634714279	0.0010294258550722635	0.001224740546277081	0.001710653640174753	0.0002622293107727991	0.0013818038114290498
-0.0004595064143908534	0.00048150156997062155	0.002195132663463051	0.0026520702435666177	0.0007254653498165453	2.559985212258198e-05	-4.9817687014508394e-05	0.0011945756127571538
0.0006014533780862585	0.00210414595846542	0.002569589060807509	0.0011542446541870088	0.0010999217471614475	0.0002128280507951441	0.00019981991121520437	0.0010073474140845917
0.0006638627776438533	0.0006063203690862551	0.002382360862135613	0.0006549694577269172	0.0006630559502589506	0.0010241502450425433	7.500111210023697e-05	0.0008825286149689582
-0.0005843252135055987	0.0024161929562533935	0.0011965822705430895	0.00215279504710697	0.0006006465507013559	-0.0004112659447796929	7.500111210023697e-05	0.0012569850123143045
0.0006638627776438533	0.0013552331637758375	0.0020079044647902666	0.0009670164555151128	0.0010999217471614475	0.0007121032472545696	0.00019981991121520437	0.001132166213199115
-0.0007091440126210102	0.00023186397174090878	0.0005100788754106578	0.0008421976563994793	0.00078787474937414	0.0015858348410602296	-0.00011222708657254721	0.0013818038114290498
0.0005390439785286638	0.0014176425633334322	-0.0008629279148539837	0.0023400232457795322	0.0006006465507013559	0.00015041865123777143	0.00032463871032994973	0.00156903201010139
-0.0004595064143908534	0.00048150156997062155	0.0010093540718703053	0.000717378857284956	0.0006006465507013559	0.0012113784437151054	-0.00011222708657254721	0.0012569850123143045
0.0005390439785286638	0.00029427337129828146	0.0002604412771802789	0.0020279762479917807	0.0006630559502589506	-0.0004112659447796929	7.500111210023697e-05	0.0010697568136415203
-0.0005843252135055987	0.00210414595846542	0.0020703138643474173	0.0002805130603826811	0.0007254653498165453	0.0009617408454849485	7.500111210023697e-05	0.0008825286149689582
-0.0005843252135055987	0.0007311391682010004	0.0010717634714279	0.0011542446541870088	0.0006006465507013559	0.0005248750485826736	0.0001374105116573876	0.0008201192154118075
0.0006014533780862585	0.0016048707620053282	0.0014462198687728023	0.0012790634533026424	3.8961954684557654e-05	-0.001222588139026648	1.2591712542198152e-05	7.120642072178107e-05
-0.0007715534121781609	0.00010704517262616342	0.002382360862135613	-0.0003435809351926	0.0002885995529142704	0.0008993314459273538	-0.00011222708657254721	0.0005704816171814286
0.000726272177201448	0.00123041436466087	0.0006348976745256252	0.0016535198506471005	0.00022619015335689774	-3.680954743456866e-05	0.0001374105116573876	0.0007577098158542128
-0.0007715534121781609	0.0014176425633334322	0.0005100788754106578	0.0011542446541870088	0.0004758277515870546	-0.0004112659447796929	-0.00023704588568729257	0.0006953004162966181
0.0006014533780862585	-0.0005170488229491177	0.0005724882749680305	-0.00046839973430778947	0.0006630559502589506	0.0009617408454849485	0.00032463871032994973	0.0015066226105446834
-0.000334687615276108	0.0007935485677581511	-0.0010501561135267679	0.0014662916519745384	0.0006006465507013559	0.0004624656490250789	7.500111210023697e-05	0.0011945756127571538
0.0006014533780862585	0.0009807767664304912	0.00019803187762312824	-0.00046839973430778947	0.00016378075379930301	0.0012113784437151054	-0.00017463648613014193	0.0008825286149689582
0.0006014533780862585	0.0010431861659880859	-0.0004884715175088594	0.0017159292502042511	0.00016378075379930301	-3.680954743456866e-05	1.2591712542198152e-05	0.000944938014526997
-0.0004595064143908534	0.0014800519628905828	0.0015710386678879917	0.0007797882568425507	0.0005382371511446493	-0.0004112659447796929	0.00019981991121520437	0.0006953004162966181
0.0005390439785286638	0.00016945457218375815	0.002132723263905456	-9.394333696266521e-05	0.00010137135424170829	0.0002128280507951441	-0.00011222708657254721	8.797021164630436e-06
-0.0006467346130631935	0.001854508360235485	0.0013838104692154296	0.0014038822524169436	0.00010137135424170829	-0.0009105411412397846	-0.00011222708657254721	0.0005080722176247221
0.0008510909763159713	0.0014800519628905828	0.0025071796612503583	0.000904607055957074	0.0006006465507013559	-0.0001616283465497581	-0.00017463648613014193	0.0005704816171814286
-0.0008339628117361997	-1.777362648902603e-05	0.0013838104692154296	-9.394333696266521e-05	0.0006630559502589506	-9.921894699216338e-05	-4.9817687014508394e-05	0.0010073474140845917
0.0006638627776438533	0.0013552331637758375	1.0803678950788154e-05	0.0008421976563994793	0.0008502841489317348	0.0009617408454849485	7.500111210023697e-05	0.0011945756127571538
-0.0005843252135055987	0.0006687297686434057	0.0003852600762959124	0.0008421976563994793	0.001037512347604519	0.0018354724392899424	0.00019981991121520437	0.0013818038114290498
-0.0007091440126210102	0.0011680049651030533	-0.0007381091157392383	0.0018407480493194406	0.0005382371511446493	0.00033764684991033356	-0.00011222708657254721	0.0013193944118718992
0.0006014533780862585	0.0007935485677581511	0.0007597164736399264	0.0008421976563994793	0.0007254653498165453	0.0010241502450425433	1.2591712542198152e-05	0.0013193944118718992
-0.000334687615276108	0.0009183673668733405	0.0010717634714279	0.0016535198506471005	0.0015367875440646106	0.0017730630397323477	0.00038704810988754446	0.0018186696083315468
0.00035181577985632373	0.001854508360235485	0.0010717634714279	0.0017159292502042511	0.00041341835202945987	-0.0010353599403540859	-0.00023704588568729257	0.0010073474140845917
-0.0004595064143908534	0.0011680049651030533	0.00338091125505513	0.00021810366082508637	0.0009751029480469242	0.0007745126468130525	7.500111210023697e-05	0.0008825286149689582
0.0006014533780862585	0.00123041436466087	0.0015710386678879917	0.0015911104510895058	0.00041341835202945987	-0.0006609035430098498	-0.00023704588568729257	0.0008201192154118075
-0.0008339628117361997	0.00210414595846542	0.0010717634714279	0.0004677412590545771	0.0009126935484888854	0.0013361972428298508	1.2591712542198152e-05	0.0010697568136415203
0.0006638627776438533	0.0003566827708558762	0.0006973070740832199	0.00196556684843463	0.0014743781445070159	0.0014610160419450402	0.0004494575094446951	0.0018810790078891415
0.00035181577985632373	0.0014800519628905828	0.00019803187762312824	0.00196556684843463	0.0009751029480469242	0.0002128280507951441	-0.00017463648613014193	0.0011945756127571538
-0.0005843252135055987	0.00029427337129828146	0.0012589916701002402	0.0004677412590545771	0.0009751029480469242	0.0018978818388475371	7.500111210023697e-05	0.0016314414096589847
0.0007886815767585986	0.0014176425633334322	0.00013562247806553351	0.002402432645337127	0.0009751029480469242	0.001273787843272256	0.0002622293107727991	0.0019434884074462921
-0.0005843252135055987	0.002041736558908269	0.0007597164736399264	0.0020903856475498195	0.0013495593453918264	0.0004000562494674842	0.00019981991121520437	0.0016314414096589847
0.0004766345789710691	0.0003566827708558762	0.0016958574670031812	0.00034292245993938764	0.0006630559502589506	0.0007121032472545696	0.0001374105116573876	0.0012569850123143045
-0.0005219158139484481	0.001854508360235485	0.0014462198687728023	0.0019031574488770353	0.0009751029480469242	-3.680954743456866e-05	0.0002622293107727991	0.0010073474140845917
0.0007886815767585986	0.002041736558908269	0.0024447702616927636	0.0005301506586121718	0.00078787474937414	0.001273787843272256	7.500111210023697e-05	0.000944938014526997
-0.0006467346130631935	0.0005439109695282163	0.0005100788754106578	0.0020279762479917807	0.0003510089524720872	-0.00028644714566494756	-0.0002994552852448873	0.0007577098158542128
-0.0005219158139484481	0.00123041436466087	0.0016958574670031812	0.0010918352546298582	0.0012871499458342317	0.0006496938476978631	0.0002622293107727991	0.0012569850123143045
0.0005390439785286638	4.4635773068568696e-05	0.0010717634714279	0.0007797882568425507	0.0008502841489317348	0.0013986066423874455	-4.9817687014508394e-05	0.0010073474140845917
-0.0005843252135055987	0.0016048707620053282	0.0003228506767383177	0.0020279762479917807	0.0009126935484888854	0.00033764684991033356	7.500111210023697e-05	0.0013193944118718992
0.0005390439785286638	0.0008559579673157458	0.0011341728709854948	0.0007797882568425507	0.0004758277515870546	0.0007121032472545696	-4.9817687014508394e-05	0.0015066226105446834
-0.00039709701483370274	0.0003566827708558762	0.0005724882749680305	0.0010294258550722635	0.001037512347604519	0.001710653640174753	-4.9817687014508394e-05	0.0008201192154118075
0.0006014533780862585	0.0016048707620053282	-0.0002388339192793687	0.0018407480493194406	0.0003510089524720872	0.0004000562494674842	-0.00023704588568729257	0.0006953004162966181
-0.0007715534121781609	0.0005439109695282163	0.0014462198687728023	0.0014662916519745384	0.00078787474937414	0.001273787843272256	0.0005118669090022898	0.0015066226105446834
0.0009135003758742322	0.0008559579673157458	-0.00036365271839455815	0.0012790634533026424	-0.00021067564354582125	-0.0010977693399121247	-0.0005490928834748221	0.00038325341850953265
0.0007886815767585986	4.4635773068568696e-05	0.0015710386678879917	0.00015569426126749164	0.0006630559502589506	0.0012113784437151054	0.0001374105116573876	0.0008201192154118075
-0.0005843252135055987	0.00048150156997062155	0.0003852600762959124	0.0010918352546298582	0.00041341835202945987	0.0007121032472545696	7.500111210023697e-05	0.0010073474140845917
0.0007886815767585986	0.0017296895611209617	0.0010717634714279	0.0015911104510895058	0.0004758277515870546	-0.0006609035430098498	0.00019981991121520437	0.0005080722176247221
-0.0007715534121781609	-0.00026741122471851675	0.0016958574670031812	-0.0007180373325372802	-2.344744487303707e-05	0.0006496938476978631	-0.00017463648613014193	0.00032084401895215997
0.0005390439785286638	0.0007935485677581511	1.0803678950788154e-05	0.0010918352546298582	-0.0003354944426601225	-0.0003488565452220982	0.0004494575094446951	0.0011945756127571538
-0.00039709701483370274	0.001854508360235485	0.00088453527275556	0.0016535198506471005	0.0008502841489317348	0.0013361972428298508	0.0001374105116573876	0.0008825286149689582
0.0006014533780862585	-0.0002050018251618102	0.0014462198687728023	0.001528701051531911	0.0004758277515870546	0.00033764684991033356	1.2591712542198152e-05	0.0010697568136415203
-0.0007091440126210102	0.0010431861659880859	0.0006348976745256252	0.0010294258550722635	0.0002885995529142704	-0.00022403774610690874	-0.00017463648613014193	0.0006328910167390234
-0.00039709701483370274	0.00029427337129828146	0.0013214010696578349	0.0004677412590545771	0.0009751029480469242	0.001710653640174753	0.0004494575094446951	0.0014442132109870887
0.00041422517941436254	0.0011055955655456806	-0.00036365271839455815	0.0017159292502042511	0.00022619015335689774	-0.0003488565452220982	-0.00017463648613014193	0.0008825286149689582
-0.0005219158139484481	0.0012928237642182427	0.0014462198687728023	0.0007797882568425507	0.001037512347604519	0.00027523745035273883	7.500111210023697e-05	0.0010073474140845917
0.0006638627776438533	0.00016945457218375815	0.0013214010696578349	0.0005301506586121718	0.0006006465507013559	0.0011489690441579548	7.500111210023697e-05	0.0010073474140845917
-0.0006467346130631935	0.001854508360235485	0.0006348976745256252	0.00196556684843463	0.00041341835202945987	-0.0004112659447796929	-0.00017463648613014193	0.0005080722176247221
0.0004766345789710691	0.0008559579673157458	0.0018206762661174825	0.0005925600581697665	0.001037512347604519	0.001523425441502635	0.00032463871032994973	0.0015066226105446834
-0.0004595064143908534	0.0008559579673157458	0.0018206762661174825	0.0025272514444518723	0.001037512347604519	-0.0001616283465497581	1.2591712542198152e-05	0.0011945756127571538
0.0006014533780862585	0.0019793271593506745	0.0014462198687728023	0.0005925600581697665	0.0008502841489317348	0.0009617408454849485	7.500111210023697e-05	0.0012569850123143045
0.000726272177201448	0.0006687297686434057	0.0006348976745256252	0.0014038822524169436	0.0008502841489317348	0.0015858348410602296	7.500111210023697e-05	0.00156903201010139
-0.0007715534121781609	0.0017920989606781124	-0.00036365271839455815	0.0022776138462221596	0.0006630559502589506	0.0002128280507951441	-0.00017463648613014193	0.0013818038114290498
0.000726272177201448	0.0007311391682010004	0.001508629268330619	0.0008421976563994793	0.0012871499458342317	0.0016482442406178244	0.0002622293107727991	0.00156903201010139
-0.0005843252135055987	0.0007311391682010004	0.0006973070740832199	0.0015911104510895058	0.001224740546277081	0.0015858348410602296	0.0001374105116573876	0.0013818038114290498
0.0006638627776438533	0.0023537835566953547	0.0006973070740832199	0.0025272514444518723	0.0009751029480469242	2.559985212258198e-05	0.0002622293107727991	0.0015066226105446834
-0.0005219158139484481	0.0011680049651030533	0.0028192266590374437	0.0007797882568425507	0.00022619015335689774	2.559985212258198e-05	-0.0004866834839172274	0.0005704816171814286
0.0002894063802991731	0.0008559579673157458	0.0011965822705430895	0.0024648420448947217	0.001411968744948977	-0.0001616283465497581	0.0005118669090022898	0.001756260208773952
-0.00039709701483370274	0.002915468152713041	0.0016334480674455865	0.0007797882568425507	0.0006630559502589506	0.0005248750485826736	-0.000361864684802482	0.0008825286149689582
-0.0002722782157185133	0.0019793271593506745	0.0003228506767383177	0.0027768890426822512	0.0016616063431789119	0.0008369220463702032	0.0004494575094446951	0.002380354204349011
0.0004766345789710691	0.00210414595846542	-0.00036365271839455815	0.0022152044466641208	0.0011623311467190423	-0.0003488565452220982	-0.00011222708657254721	0.001756260208773952
-0.0005219158139484481	0.0008559579673157458	7.321307850793879e-05	0.0009670164555151128	0.0014743781445070159	0.0015858348410602296	7.500111210023697e-05	0.0024427636039061618
0.0006014533780862585	0.0017296895611209617	-0.001861478307774167	0.0027144796431242124	0.0009126935484888854	0.00033764684991033356	-0.00011222708657254721	0.0029420388003662534
-0.00039709701483370274	0.0024161929562533935	-0.0009253373144115784	0.0025272514444518723	0.0015991969436213171	0.0006496938476978631	-0.00011222708657254721	0.0025675824030215733
0.0005390439785286638	0.0009807767664304912	-0.0012997937117569247	0.0014662916519745384	0.0014743781445070159	-9.921894699216338e-05	-4.9817687014508394e-05	0.0031292669990385935
-0.0007091440126210102	0.0026034211549252895	-0.002485572303348782	0.0023400232457795322	0.0015367875440646106	-0.00028644714566494756	7.500111210023697e-05	0.0029420388003662534
0.0006014533780862585	0.0022289647575806093	-0.0021735253055612525	0.0019031574488770353	0.0014743781445070159	0.00033764684991033356	1.2591712542198152e-05	0.0033164951977113777
0.0004766345789710691	0.002665830554482884	-0.003296894497596181	0.0033385736386994935	0.001037512347604519	-0.0011601787394692753	-0.00017463648613014193	0.0030044481999242922
-0.0004595064143908534	0.0021665553580230146	-0.001861478307774167	0.0020279762479917807	0.0016616063431789119	2.559985212258198e-05	0.00032463871032994973	0.003690951595056724
0.00041422517941436254	0.0015424613624481776	-0.003546532095826116	0.0020903856475498195	0.001037512347604519	-0.00022403774610690874	-0.00017463648613014193	0.0031916763985966323
-0.0007715534121781609	0.0024786023558101	-0.00410821669184358	0.003026526640911742	0.001224740546277081	-0.0005984941434524771	-0.00023704588568729257	0.0035661327959415345
0.0007886815767585986	0.002291374157138204	-0.002485572303348782	0.00196556684843463	0.0012871499458342317	8.80092516801767e-05	-0.00017463648613014193	0.0033164951977113777
-0.0006467346130631935	0.001667280161562923	-0.0038585790936132014	0.00177833864976229	0.00078787474937414	-0.00028644714566494756	-0.00017463648613014193	0.0036285421954991293
0.0004766345789710691	0.0024786023558101	-0.004794720086976012	0.0017159292502042511	0.0010999217471614475	0.00027523745035273883	7.500111210023697e-05	0.004002998592843365
-0.0005219158139484481	0.002291374157138204	-0.004545082488746077	0.002589660844009467	0.0011623311467190423	0.00027523745035273883	7.500111210023697e-05	0.004002998592843365
-0.0005843252135055987	0.002728239954040479	-0.0044826730891884825	0.0031513454400267094	0.0015991969436213171	-9.921894699216338e-05	7.500111210023697e-05	0.004439864389745862
0.0007886815767585986	0.00210414595846542	-0.0032344850980388085	0.0023400232457795322	0.0017240157427365066	0.0004624656490250789	0.0002622293107727991	0.004377454990188712
-0.0007091440126210102	0.0019169177597933018	-0.004669901287860823	0.0027144796431242124	0.0010999217471614475	0.00027523745035273883	-0.00011222708657254721	0.004315045590631561
0.0006638627776438533	0.0027906493535978516	-0.00410821669184358	0.0029641172413545913	0.0011623311467190423	-0.00022403774610690874	1.2591712542198152e-05	0.004127817391958555
-0.0005219158139484481	0.0022289647575806093	-0.0032344850980388085	0.0018407480493194406	0.0013495593453918264	0.00033764684991033356	-4.9817687014508394e-05	0.004002998592843365
0.0006638627776438533	0.0024161929562533935	-0.004794720086976012	0.0029017078417965525	0.0013495593453918264	0.00033764684991033356	7.500111210023697e-05	0.004564683188861496
-0.0005843252135055987	0.0031651057509425318	-0.004295444890516142	0.0024648420448947217	0.001224740546277081	0.0004624656490250789	0.00019981991121520437	0.004439864389745862
0.0007886815767585986	0.002728239954040479	-0.005481223482108444	0.003276164239141899	0.001224740546277081	0.00033764684991033356	-4.9817687014508394e-05	0.004751911387533392
0.0005390439785286638	0.0034147433491729107	-0.004732310687418417	0.0030889360404693367	0.0012871499458342317	2.559985212258198e-05	-4.9817687014508394e-05	0.005001548985763549
-0.0005219158139484481	0.0028530587531554463	-0.004732310687418417	0.0031513454400267094	0.002285700338753749	0.0011489690441579548	0.0002622293107727991	0.005750461780453575
0.0004766345789710691	0.0030402869518277864	-0.005855679879452902	0.004212305232503821	0.002098472140081409	0.0004624656490250789	-0.00017463648613014193	0.005313595983551078
-0.0005843252135055987	0.0031651057509425318	-0.004170626091400953	0.0031513454400267094	0.002098472140081409	0.0005248750485826736	7.500111210023697e-05	0.004939139586205954
0.0006014533780862585	0.0024786023558101	-0.004233035490958548	0.0031513454400267094	0.0019736533409662194	0.0009617408454849485	1.2591712542198152e-05	0.0046270925884186465
-0.0005843252135055987	0.0029778775522701917	-0.004794720086976012	0.003463392437814683	0.0012871499458342317	-9.921894699216338e-05	1.2591712542198152e-05	0.004065407992401404
0.0006638627776438533	0.0029778775522701917	-0.0029848474998088736	0.0027144796431242124	0.001411968744948977	0.0007121032472545696	0.00019981991121520437	0.004564683188861496
-0.0005219158139484481	0.0027906493535978516	-0.004794720086976012	0.003650620636486579	0.0013495593453918264	0.0004000562494674842	0.00019981991121520437	0.004564683188861496
-0.0005219158139484481	0.0034771527487302833	-0.0036713508949408613	0.002589660844009467	0.0013495593453918264	0.0004000562494674842	0.0001374105116573876	0.004876730186648581
0.0005390439785286638	0.002665830554482884	-0.004981948285648574	0.003213754839584304	0.0012871499458342317	0.00108655964460036	-0.00011222708657254721	0.0052511865839934835
-0.0004595064143908534	0.003539562148287878	-0.0051067670847633195	0.00215279504710697	0.0022232909391965983	0.0013361972428298508	0.0002622293107727991	0.006124918177798255
0.0006638627776438533	0.003102696351385381	-0.00410821669184358	0.0008421976563994793	0.001848834541851474	0.0006496938476978631	7.500111210023697e-05	0.005875280579568765
-0.0005843252135055987	0.0024786023558101	-0.005606042281223189	0.0005301506586121718	0.002036062740524258	0.001273787843272256	1.2591712542198152e-05	0.005875280579568765
0.0004766345789710691	0.003352333949614872	-0.005293995283436104	0.000904607055957074	0.002472928537426089	0.00108655964460036	0.00038704810988754446	0.005875280579568765
-0.00039709701483370274	0.0031651057509425318	-0.0037961696940560508	0.000717378857284956	0.001848834541851474	0.0005872844481402684	-0.00011222708657254721	0.005126367784878294
0.0005390439785286638	0.0027906493535978516	-0.004794720086976012	0.0007797882568425507	0.0016616063431789119	-9.921894699216338e-05	-4.9817687014508394e-05	0.005063958385321143
0.0006014533780862585	0.003539562148287878	-0.003983397892728391	0.000904607055957074	0.0017240157427365066	2.559985212258198e-05	7.500111210023697e-05	0.004939139586205954
-0.0007715534121781609	0.003789199746517813	-0.005293995283436104	0.0005301506586121718	0.0019112439414090687	0.0002128280507951441	-0.00011222708657254721	0.0052511865839934835
0.0006014533780862585	0.004163656143862493	-0.004669901287860823	0.000717378857284956	0.0014743781445070159	-0.0005984941434524771	1.2591712542198152e-05	0.0048143207870909865
-0.0006467346130631935	0.003352333949614872	-0.004857129486533385	0.0006549694577269172	0.0010999217471614475	8.80092516801767e-05	1.2591712542198152e-05	0.005376005383108673
0.0008510909763159713	0.0037267903469606622	-0.005481223482108444	0.0009670164555151128	0.0016616063431789119	0.0005872844481402684	-0.00017463648613014193	0.004502273789303901
-0.0008339628117361997	0.0034147433491729107	-0.004607491888303672	0.00040533185949698236	0.0011623311467190423	0.0005248750485826736	7.500111210023697e-05	0.004564683188861496
0.0006638627776438533	0.0023537835566953547	-0.004981948285648574	0.000717378857284956	0.001848834541851474	0.0007745126468130525	7.500111210023697e-05	0.005188777184436333
-0.0005843252135055987	0.0028530587531554463	-0.004357854290073293	0.000717378857284956	0.0011623311467190423	2.559985212258198e-05	-0.00011222708657254721	0.0046270925884186465
-0.0006467346130631935	0.001854508360235485	-0.005481223482108444	0.0006549694577269172	0.0012871499458342317	0.0005872844481402684	-0.00011222708657254721	0.004751911387533392
0.0005390439785286638	0.002728239954040479	-0.006042908078125686	0.000904607055957074	0.0015991969436213171	0.00027523745035273883	1.2591712542198152e-05	0.005126367784878294
-0.0004595064143908534	0.002915468152713041	-0.004545082488746077	0.000904607055957074	0.0016616063431789119	0.00027523745035273883	0.0002622293107727991	0.0052511865839934835
0.00041422517941436254	0.0021665553580230146	-0.00623013627679847	0.0005301506586121718	0.001037512347604519	0.0004000562494674842	-0.00011222708657254721	0.0054384147826658236
-0.0005843252135055987	0.0034147433491729107	-0.006042908078125686	0.0005301506586121718	0.0014743781445070159	0.00027523745035273883	0.0002622293107727991	0.005063958385321143
0.000726272177201448	0.0032275151505005706	-0.004545082488746077	0.0009670164555151128	0.001224740546277081	0.0010241502450425433	7.500111210023697e-05	0.0052511865839934835
-0.0005219158139484481	0.0028530587531554463	-0.005730861080338379	0.0004677412590545771	0.0009751029480469242	0.0002128280507951441	-0.00011222708657254721	0.004876730186648581
0.0004766345789710691	0.0031651057509425318	-0.004545082488746077	0.0005301506586121718	0.001037512347604519	0.0002128280507951441	-4.9817687014508394e-05	0.004751911387533392
0.000726272177201448	0.002728239954040479	-0.005730861080338379	0.0007797882568425507	0.0017240157427365066	0.0011489690441579548	0.0001374105116573876	0.005376005383108673
-0.0007715534121781609	0.0027906493535978516	-0.005606042281223189	0.00034292245993938764	0.0016616063431789119	0.0006496938476978631	-0.00017463648613014193	0.005313595983551078
0.0006638627776438533	0.0024161929562533935	-0.004857129486533385	0.0008421976563994793	0.0017240157427365066	0.0007121032472545696	7.500111210023697e-05	0.005126367784878294
-0.0004595064143908534	0.002915468152713041	-0.005668451680780784	0.0007797882568425507	0.0022232909391965983	0.0012113784437151054	0.0002622293107727991	0.005126367784878294
0.0006014533780862585	0.003352333949614872	-0.004732310687418417	0.0005925600581697665	0.0016616063431789119	8.80092516801767e-05	0.0001374105116573876	0.005126367784878294
-0.0005219158139484481	0.0032899245500581653	-0.00410821669184358	0.0006549694577269172	0.0010999217471614475	0.0004624656490250789	-0.000361864684802482	0.004751911387533392
0.00035181577985632373	0.003352333949614872	-0.00535640468299281	0.000904607055957074	0.0015991969436213171	0.0004000562494674842	0.0004494575094446951	0.005063958385321143
-0.0002722782157185133	0.004475703141650245	-0.0036089414953837107	0.0004677412590545771	0.00041341835202945987	-0.00028644714566494756	-0.00011222708657254721	0.0037533609946134305
-0.0007091440126210102	0.0037267903469606622	-0.004669901287860823	0.0005301506586121718	0.0010999217471614475	0.0008369220463702032	1.2591712542198152e-05	0.0048143207870909865
0.0008510909763159713	0.003914018545632558	-0.003733760294498456	0.000904607055957074	0.0014743781445070159	0.0005872844481402684	0.0002622293107727991	0.004876730186648581
-0.0008339628117361997	0.0025410117553676947	-0.004732310687418417	0.00034292245993938764	0.001848834541851474	0.0011489690441579548	-0.00017463648613014193	0.005126367784878294
0.0006638627776438533	0.0025410117553676947	-0.005918089279010497	0.0006549694577269172	0.00272256613565669	0.001960291238405132	0.0001374105116573876	0.00618732757735585
-0.0005843252135055987	0.002915468152713041	-0.004545082488746077	0.000717378857284956	0.0025977473365415005	0.0016482442406178244	0.0001374105116573876	0.00618732757735585
0.0007886815767585986	0.0023537835566953547	-0.005231585883878509	0.0007797882568425507	0.0025977473365415005	0.001523425441502635	1.2591712542198152e-05	0.00649937457514338
-0.0005843252135055987	0.0031651057509425318	-0.005606042281223189	0.000717378857284956	0.001848834541851474	0.00027523745035273883	7.500111210023697e-05	0.005563233581780569
0.000726272177201448	0.0037267903469606622	-0.004607491888303672	0.000717378857284956	0.0019112439414090687	0.0007745126468130525	0.00032463871032994973	0.005625642981338164
0.000726272177201448	0.004725340739879735	-0.004857129486533385	0.0006549694577269172	0.0012871499458342317	8.80092516801767e-05	7.500111210023697e-05	0.0052511865839934835
-0.0006467346130631935	0.005037387737667709	-0.0036713508949408613	0.0005301506586121718	0.0006006465507013559	-0.0005984941434524771	-4.9817687014508394e-05	0.0046270925884186465
0.0007886815767585986	0.004226065543420088	-0.0044826730891884825	0.0009670164555151128	0.001037512347604519	0.0004624656490250789	0.0002622293107727991	0.005126367784878294
-0.0008963722112929062	0.0037267903469606622	-0.005606042281223189	0.00021810366082508637	0.0010999217471614475	0.0004624656490250789	-0.00023704588568729257	0.004939139586205954
0.0005390439785286638	0.0030402869518277864	-0.005044357685206169	0.0004677412590545771	0.0015991969436213171	0.0005248750485826736	-4.9817687014508394e-05	0.0056880523808962025
-0.0006467346130631935	0.00210414595846542	-0.00623013627679847	0.0004677412590545771	0.002660156736099095	0.0016482442406178244	0.0004494575094446951	0.005937689979125471
0.0009759097754311608	0.002665830554482884	-0.005231585883878509	0.0004677412590545771	0.001848834541851474	0.00108655964460036	1.2591712542198152e-05	0.0048143207870909865
-0.0006467346130631935	0.0014800519628905828	-0.006105317477683281	0.0006549694577269172	0.001848834541851474	0.00108655964460036	-0.00011222708657254721	0.004939139586205954
-0.0005219158139484481	0.003102696351385381	-0.004420263689631332	0.0006549694577269172	0.0017864251422938793	-9.921894699216338e-05	0.00019981991121520437	0.004502273789303901
0.0004766345789710691	0.0027906493535978516	-0.004357854290073293	0.00040533185949698236	0.0006630559502589506	-0.0009729505407973793	-0.00023704588568729257	0.003441313996826345
-0.0005843252135055987	0.0037267903469606622	-0.0051067670847633195	0.00040533185949698236	0.0009126935484888854	-9.921894699216338e-05	1.2591712542198152e-05	0.004127817391958555
0.0008510909763159713	0.004850159538994925	-0.0038585790936132014	0.000904607055957074	0.0005382371511446493	-0.0009105411412397846	0.0002622293107727991	0.004127817391958555
-0.0005843252135055987	0.003789199746517813	-0.00410821669184358	0.000717378857284956	0.0005382371511446493	-0.00028644714566494756	-0.00011222708657254721	0.004689501987976241
0.0004766345789710691	0.0027906493535978516	-0.006542183274585778	0.0004677412590545771	0.0011623311467190423	0.0004000562494674842	-0.00017463648613014193	0.004876730186648581
-0.0007715534121781609	0.0026034211549252895	-0.005855679879452902	0.0009670164555151128	0.0016616063431789119	0.0014610160419450402	0.00032463871032994973	0.005126367784878294
0.0007886815767585986	0.001667280161562923	-0.007166277270160393	0.00040533185949698236	0.001848834541851474	0.0018978818388475371	1.2591712542198152e-05	0.005812871180010726
0.0006638627776438533	0.0019793271593506745	-0.005730861080338379	0.0006549694577269172	0.0017240157427365066	0.0010241502450425433	7.500111210023697e-05	0.005188777184436333
-0.0006467346130631935	0.002041736558908269	-0.005980498678568091	0.0006549694577269172	0.001848834541851474	0.0013361972428298508	1.2591712542198152e-05	0.005376005383108673
0.0006014533780862585	0.002728239954040479	-0.00623013627679847	0.0006549694577269172	0.0017240157427365066	0.0006496938476978631	1.2591712542198152e-05	0.0052511865839934835
-0.0005219158139484481	0.003789199746517813	-0.004669901287860823	0.0005301506586121718	0.001224740546277081	-0.0005984941434524771	7.500111210023697e-05	0.004315045590631561
0.0005390439785286638	0.003976427945190153	-0.005293995283436104	0.000717378857284956	0.0007254653498165453	-0.00047367534433728764	0.00019981991121520437	0.004876730186648581
-0.0004595064143908534	0.005037387737667709	-0.004857129486533385	0.0006549694577269172	0.00016378075379930301	-0.0015346351368141775	-0.00023704588568729257	0.0036285421954991293
0.00041422517941436254	0.004475703141650245	-0.004420263689631332	0.0007797882568425507	0.001224740546277081	0.0002128280507951441	0.00019981991121520437	0.004751911387533392
-0.0004595064143908534	0.004101246744305342	-0.005418814082550405	0.0005925600581697665	0.0013495593453918264	-9.921894699216338e-05	-4.9817687014508394e-05	0.0046270925884186465
-0.0005219158139484481	0.0034147433491729107	-0.004295444890516142	0.0006549694577269172	0.0019736533409662194	0.0005872844481402684	0.00019981991121520437	0.004751911387533392
0.0006638627776438533	0.0026034211549252895	-0.006042908078125686	0.0005925600581697665	0.0021608815396390035	0.001273787843272256	-0.00011222708657254721	0.005126367784878294
-0.0007091440126210102	0.0030402869518277864	-0.00535640468299281	0.0005925600581697665	0.0022232909391965983	0.0009617408454849485	1.2591712542198152e-05	0.005376005383108673
0.0009759097754311608	0.0027906493535978516	-0.004732310687418417	0.0010294258550722635	0.002535337936984128	0.001273787843272256	0.00038704810988754446	0.005188777184436333
-0.0010211910104085398	0.002291374157138204	-0.006791820872816157	0.00015569426126749164	0.001848834541851474	0.00108655964460036	0.0001374105116573876	0.005188777184436333
0.0006638627776438533	0.003539562148287878	-0.0049195388860909794	0.0006549694577269172	0.0016616063431789119	0.0008369220463702032	0.0001374105116573876	0.005188777184436333
-0.0005219158139484481	0.0036643809474021793	-0.004545082488746077	0.000717378857284956	0.0014743781445070159	0.001273787843272256	0.0001374105116573876	0.005625642981338164
0.000726272177201448	0.0036643809474021793	-0.004295444890516142	0.00040533185949698236	0.0010999217471614475	2.559985212258198e-05	-0.00011222708657254721	0.0048143207870909865
0.000726272177201448	0.003976427945190153	-0.00410821669184358	0.0008421976563994793	0.001224740546277081	0.0005872844481402684	0.0001374105116573876	0.0048143207870909865
-0.00039709701483370274	0.003976427945190153	-0.005044357685206169	0.000904607055957074	0.0019112439414090687	0.001710653640174753	0.0004494575094446951	0.006000099378683066
0.00022699698074180041	0.0030402869518277864	-0.0049195388860909794	0.0002805130603826811	0.001037512347604519	-3.680954743456866e-05	-0.000361864684802482	0.004252636191073522
-0.0006467346130631935	0.0027906493535978516	-0.004857129486533385	0.0005925600581697665	0.0017864251422938793	0.0008993314459273538	7.500111210023697e-05	0.0054384147826658236
0.0006638627776438533	0.002915468152713041	-0.005855679879452902	0.0007797882568425507	0.0022232909391965983	0.001273787843272256	0.00032463871032994973	0.005188777184436333
-0.0005219158139484481	0.0031651057509425318	-0.004794720086976012	0.0007797882568425507	0.0019736533409662194	0.0008993314459273538	-0.00011222708657254721	0.005001548985763549
0.0004766345789710691	0.0023537835566953547	-0.006292545676355621	0.0005301506586121718	0.0022232909391965983	0.0007121032472545696	-4.9817687014508394e-05	0.0056880523808962025
-0.0006467346130631935	0.0034147433491729107	-0.004732310687418417	0.000904607055957074	0.0022232909391965983	-3.680954743456866e-05	0.00019981991121520437	0.004876730186648581
-0.0007715534121781609	0.003539562148287878	-0.005730861080338379	0.00034292245993938764	0.0014743781445070159	-0.00022403774610690874	-4.9817687014508394e-05	0.004564683188861496
0.0006014533780862585	0.004350884342535055	-0.0051067670847633195	0.0005925600581697665	0.0012871499458342317	-0.0010353599403540859	-0.00011222708657254721	0.004252636191073522
-0.0005219158139484481	0.004600521940765434	-0.003733760294498456	0.0006549694577269172	0.0009126935484888854	-0.0017218633354869617	0.0001374105116573876	0.0033164951977113777
0.000726272177201448	0.003976427945190153	-0.004732310687418417	0.0007797882568425507	0.0010999217471614475	-0.0010977693399121247	0.0001374105116573876	0.0035661327959415345
-0.0007091440126210102	0.003976427945190153	-0.0049195388860909794	0.00034292245993938764	0.00078787474937414	-0.0013474069381420595	0.0002622293107727991	0.0036285421954991293
0.0007886815767585986	0.0037267903469606622	-0.004233035490958548	0.000904607055957074	0.0016616063431789119	0.0008369220463702032	7.500111210023697e-05	0.004564683188861496
-0.0006467346130631935	0.0024161929562533935	-0.006292545676355621	0.0005301506586121718	0.0017864251422938793	0.0007121032472545696	-0.00011222708657254721	0.0048143207870909865
0.0005390439785286638	0.00210414595846542	-0.006292545676355621	0.0006549694577269172	0.0017864251422938793	0.001273787843272256	1.2591712542198152e-05	0.004876730186648581
0.0007886815767585986	0.0009807767664304912	-0.007478324267948144	0.0010294258550722635	0.002472928537426089	0.0024595664348645574	0.00032463871032994973	0.005750461780453575
-0.0007715534121781609	0.0014176425633334322	-0.0066045926741433725	0.0002805130603826811	0.0015991969436213171	0.0006496938476978631	-0.00017463648613014193	0.0048143207870909865
0.0006638627776438533	0.0019793271593506745	-0.005293995283436104	0.0007797882568425507	0.0013495593453918264	8.80092516801767e-05	7.500111210023697e-05	0.0041902267915163716
-0.0007091440126210102	0.0026034211549252895	-0.005918089279010497	0.0004677412590545771	0.0011623311467190423	8.80092516801767e-05	-4.9817687014508394e-05	0.003690951595056724
0.0006638627776438533	0.004413293742092872	-0.004295444890516142	0.0006549694577269172	0.0007254653498165453	-0.0017842727350445564	-0.00011222708657254721	0.0031292669990385935
-0.0007091440126210102	0.004600521940765434	-0.004045807292285986	0.00034292245993938764	0.0005382371511446493	-0.0018466821346021511	-0.00011222708657254721	0.003940589193285771
0.0005390439785286638	0.004850159538994925	-0.005293995283436104	0.0009670164555151128	0.0014743781445070159	-0.0014098163376994322	0.0005118669090022898	0.004377454990188712
-0.00039709701483370274	0.005162206536782232	-0.005793270479895973	0.0005301506586121718	0.0013495593453918264	-0.0007857223421245951	-0.00011222708657254721	0.003940589193285771
-0.0007091440126210102	0.002728239954040479	-0.007291096069275582	0.00040533185949698236	0.002098472140081409	0.0006496938476978631	-0.00011222708657254721	0.0052511865839934835
0.0009759097754311608	0.0023537835566953547	-0.005980498678568091	0.0010918352546298582	0.002909794334328586	0.00108655964460036	0.0005118669090022898	0.005188777184436333
-0.0007091440126210102	0.0007935485677581511	-0.007478324267948144	0.0004677412590545771	0.0025977473365415005	0.0017730630397323477	-4.9817687014508394e-05	0.005063958385321143
0.0006014533780862585	0.0013552331637758375	-0.006979049071488053	0.0005301506586121718	0.00272256613565669	0.0013986066423874455	-4.9817687014508394e-05	0.0041902267915163716
-0.0007715534121781609	0.00210414595846542	-0.004981948285648574	0.0005301506586121718	0.0021608815396390035	0.0004624656490250789	0.0001374105116573876	0.004065407992401404
0.000726272177201448	0.0027906493535978516	-0.004545082488746077	0.0007797882568425507	0.001411968744948977	-0.0007233129425670004	0.00019981991121520437	0.00387817979372862
-0.0005219158139484481	0.004038837344747748	-0.003733760294498456	0.0004677412590545771	0.0002885995529142704	-0.0023459573310613546	-0.00011222708657254721	0.0023179448047918605
0.0006014533780862585	0.004538112541207839	-0.003296894497596181	0.000717378857284956	0.0006630559502589506	-0.0012849975385844647	0.0001374105116573876	0.003254085798153783
0.000726272177201448	0.004600521940765434	-0.0034217132967113706	0.000904607055957074	0.0015367875440646106	-0.0012849975385844647	0.00019981991121520437	0.003441313996826345
-0.0007091440126210102	0.003102696351385381	-0.0032344850980388085	0.00040533185949698236	0.001848834541851474	-0.0011601787394692753	-0.00011222708657254721	0.002629991802579168
0.0005390439785286638	0.00123041436466087	-0.005606042281223189	0.000717378857284956	0.0025977473365415005	0.0011489690441579548	-0.00011222708657254721	0.0036285421954991293
-0.0004595064143908534	0.0007311391682010004	-0.0051067670847633195	0.000717378857284956	0.0038459353276909525	0.0020851100375203213	0.00032463871032994973	0.0033789045972687504
0.0006014533780862585	-0.00039223002383392824	-0.005044357685206169	0.0006549694577269172	0.003346660131231305	0.0020227006379622825	1.2591712542198152e-05	0.004252636191073522
-0.0005219158139484481	-0.0005794582225067124	-0.0063549550759127715	0.0005301506586121718	0.002535337936984128	0.0012113784437151054	-0.0002994552852448873	0.003690951595056724
0.00035181577985632373	0.0006063203690862551	-0.005481223482108444	0.000904607055957074	0.002535337936984128	0.0004000562494674842	0.0004494575094446951	0.00350372339638394
-0.00039709701483370274	0.0019793271593506745	-0.004669901287860823	0.0004677412590545771	0.0013495593453918264	-0.0005984941434524771	-0.00017463648613014193	0.0033789045972687504
-0.0007091440126210102	0.004725340739879735	-0.002922438100251279	0.0005301506586121718	0.001037512347604519	-0.0021587291323894586	-4.9817687014508394e-05	0.0029420388003662534
0.0007886815767585986	0.00497497833810967	-0.0023607535042340366	0.0007797882568425507	0.0006630559502589506	-0.00315727952530942	0.00019981991121520437	0.0021307166061190763
-0.0008339628117361997	0.004662931340322141	-0.0036089414953837107	0.00034292245993938764	0.0007254653498165453	-0.003094870125751825	-0.00017463648613014193	0.0025675824030215733
0.0005390439785286638	0.0042884749429776825	-0.0027352099015784948	0.00040533185949698236	0.0013495593453918264	-0.0034069171235389106	-0.00011222708657254721	0.0025675824030215733
-0.0004595064143908534	0.0028530587531554463	-0.0034841226962689653	0.0007797882568425507	0.0023481097383117877	-0.0014722257372570269	-4.9817687014508394e-05	0.0025675824030215733
0.0006014533780862585	0.0014176425633334322	-0.004857129486533385	0.0005925600581697665	0.00272256613565669	-0.0005984941434524771	0.00019981991121520437	0.0021307166061190763
-0.0005843252135055987	0.0007935485677581511	-0.0038585790936132014	0.0007797882568425507	0.002535337936984128	0.00033764684991033356	-4.9817687014508394e-05	0.002005897807004331
0.0006638627776438533	-0.0002050018251618102	-0.004357854290073293	0.0007797882568425507	0.0028473849347714353	0.00015041865123777143	0.00038704810988754446	0.0025051730034642006
0.00035181577985632373	0.0005439109695282163	-0.0031720756984807696	0.0002805130603826811	0.001411968744948977	-0.0017218633354869617	-0.000361864684802482	0.0008201192154118075
-0.0005843252135055987	0.00123041436466087	-0.0031720756984807696	0.0005301506586121718	0.001224740546277081	-0.0010977693399121247	7.500111210023697e-05	0.0014442132109870887
0.0006014533780862585	0.0024161929562533935	-0.0023607535042340366	0.0006549694577269172	0.0004758277515870546	-0.0022211385319466093	-0.00011222708657254721	0.0013193944118718992
-0.0005843252135055987	0.002728239954040479	-0.0010501561135267679	0.0006549694577269172	0.00016378075379930301	-0.0028452325275216683	0.0001374105116573876	0.0010697568136415203
0.0005390439785286638	0.0017920989606781124	-0.0027976193011360895	0.00034292245993938764	-0.0002730850431029719	-0.0022211385319466093	0.00019981991121520437	0.0020683072065614816
-0.0005219158139484481	0.002291374157138204	-0.0026103911024639714	0.0007797882568425507	0.0009126935484888854	-0.0014098163376994322	7.500111210023697e-05	0.0013818038114290498
0.0006638627776438533	0.0011680049651030533	-0.002485572303348782	0.0004677412590545771	0.0013495593453918264	0.0005248750485826736	7.500111210023697e-05	0.0025051730034642006
-0.0005843252135055987	0.00010704517262616342	-0.004420263689631332	0.0005301506586121718	0.0015367875440646106	0.00027523745035273883	-0.00011222708657254721	0.0025675824030215733
-0.0005843252135055987	0.00016945457218375815	-0.0038585790936132014	0.0005925600581697665	0.0016616063431789119	0.00027523745035273883	7.500111210023697e-05	0.0025051730034642006
0.000726272177201448	0.0004190921704134709	-0.004607491888303672	0.0007797882568425507	0.0017240157427365066	0.0007745126468130525	0.00019981991121520437	0.003441313996826345
-0.0007091440126210102	0.0014176425633334322	-0.0036713508949408613	0.00040533185949698236	0.001037512347604519	-0.0009105411412397846	-0.00011222708657254721	0.0029420388003662534
0.0006014533780862585	0.0023537835566953547	-0.0030472568993664684	0.0005925600581697665	0.0004758277515870546	-0.0019090915341593018	-0.00017463648613014193	0.003690951595056724
-0.00039709701483370274	0.0034147433491729107	-0.002672800502021344	0.0008421976563994793	0.0008502841489317348	-0.0017842727350445564	-4.9817687014508394e-05	0.002629991802579168
0.0006014533780862585	0.003914018545632558	-0.002048706506446507	0.0004677412590545771	0.0002885995529142704	-0.003344507723981316	7.500111210023697e-05	0.0025675824030215733
-0.0006467346130631935	0.0037267903469606622	-0.0024231629037916314	0.0006549694577269172	0.0008502841489317348	-0.0028452325275216683	-0.00017463648613014193	0.003066857599481443
0.0006014533780862585	0.0036643809474021793	-0.001861478307774167	0.0007797882568425507	0.001848834541851474	-0.0023459573310613546	0.0002622293107727991	0.0030044481999242922
0.0004766345789710691	0.0015424613624481776	-0.0036089414953837107	0.0004677412590545771	0.0016616063431789119	-0.0013474069381420595	-4.9817687014508394e-05	0.002380354204349011
-0.0007715534121781609	0.00123041436466087	-0.004357854290073293	0.0004677412590545771	0.0023481097383117877	-0.00028644714566494756	-0.00017463648613014193	0.0031292669990385935
0.0009135003758742322	0.0011055955655456806	-0.002860028700693684	0.0010918352546298582	0.0030346131334442195	8.80092516801767e-05	0.0005742763085598845	0.0030044481999242922
-0.0008339628117361997	-0.00039223002383392824	-0.004794720086976012	0.00034292245993938764	0.002535337936984128	0.0005872844481402684	-0.00023704588568729257	0.0029420388003662534
0.0006014533780862585	0.0003566827708558762	-0.004357854290073293	0.0005301506586121718	0.002472928537426089	0.00015041865123777143	7.500111210023697e-05	0.0026924012021367627
-0.0006467346130631935	0.0011680049651030533	-0.0025479817029063767	0.0006549694577269172	0.002285700338753749	8.80092516801767e-05	0.0005118669090022898	0.003066857599481443
0.0010383191749887555	0.0014800519628905828	-0.002485572303348782	0.0002805130603826811	0.0015367875440646106	-0.0018466821346021511	-0.00017463648613014193	0.0024427636039061618
-0.0008339628117361997	0.002041736558908269	-0.00123738431219933	0.0004677412590545771	0.0009751029480469242	-0.0030324607261942305	-0.0002994552852448873	0.00156903201010139
-0.0002722782157185133	0.0027906493535978516	-0.0014870219104288207	0.0010918352546298582	0.0019112439414090687	-0.0014722257372570269	0.0005118669090022898	0.0031292669990385935
0.00041422517941436254	0.002665830554482884	-0.0021735253055612525	0.00040533185949698236	0.0011623311467190423	-0.0027828231279640736	-0.00023704588568729257	0.0023179448047918605
-0.0005219158139484481	0.0024161929562533935	-0.0019862971068889124	0.0004677412590545771	0.0014743781445070159	-0.0023459573310613546	1.2591712542198152e-05	0.0021307166061190763
0.0005390439785286638	0.0015424613624481776	-0.0038585790936132014	0.000717378857284956	0.0017240157427365066	-0.0007857223421245951	-0.00011222708657254721	0.00350372339638394
-0.0005219158139484481	0.0015424613624481776	-0.0034841226962689653	0.0006549694577269172	0.0024105191378689383	-0.0004112659447796929	7.500111210023697e-05	0.003066857599481443
0.0006638627776438533	0.0009807767664304912	-0.004233035490958548	0.000717378857284956	0.0021608815396390035	0.0005248750485826736	1.2591712542198152e-05	0.004315045590631561
-0.0007091440126210102	0.0009183673668733405	-0.00535640468299281	0.000717378857284956	0.0019736533409662194	-0.0004112659447796929	7.500111210023697e-05	0.004127817391958555
0.0006638627776438533	0.0014800519628905828	-0.004233035490958548	0.0004677412590545771	0.0015991969436213171	-0.0005360847438942162	7.500111210023697e-05	0.003940589193285771
0.0004766345789710691	0.0021665553580230146	-0.004545082488746077	0.0005301506586121718	0.00078787474937414	-0.0014722257372570269	-0.00023704588568729257	0.00387817979372862
-0.0005219158139484481	0.0034147433491729107	-0.002235934705118847	0.000717378857284956	0.0007254653498165453	-0.0028452325275216683	0.0002622293107727991	0.0035661327959415345
0.0006014533780862585	0.0030402869518277864	-0.0026103911024639714	0.0004677412590545771	-0.0002730850431029719	-0.0034069171235389106	-0.00011222708657254721	0.002629991802579168
-0.0005843252135055987	0.0034771527487302833	-0.0027976193011360895	0.0005301506586121718	-8.58568444306318e-05	-0.003094870125751825	-4.9817687014508394e-05	0.002817220001251508
0.0007886815767585986	0.0038516091460749635	-0.0014870219104288207	0.0008421976563994793	0.0002885995529142704	-0.0034693265230965054	-0.00023704588568729257	0.0025675824030215733
-0.0007715534121781609	0.0021665553580230146	-0.0032344850980388085	0.0002805130603826811	0.0007254653498165453	-0.0009729505407973793	-0.00017463648613014193	0.0033164951977113777
0.0004766345789710691	0.0015424613624481776	-0.004357854290073293	0.000717378857284956	0.0010999217471614475	-0.00047367534433728764	0.00032463871032994973	0.0033164951977113777
-0.00039709701483370274	0.0009183673668733405	-0.005418814082550405	0.0005301506586121718	0.001037512347604519	0.0007745126468130525	-0.00011222708657254721	0.0031916763985966323
-0.0005843252135055987	-0.0005794582225067124	-0.005543632881665594	0.00040533185949698236	0.001411968744948977	0.00108655964460036	-0.00011222708657254721	0.00387817979372862
0.000726272177201448	-8.018302604662075e-05	-0.003983397892728391	0.0007797882568425507	0.0011623311467190423	8.80092516801767e-05	0.00019981991121520437	0.003254085798153783
-0.0008339628117361997	-8.018302604662075e-05	-0.0044826730891884825	0.00015569426126749164	0.0004758277515870546	-0.0005360847438942162	-0.000361864684802482	0.0029420388003662534
0.000726272177201448	0.0021665553580230146	-0.002485572303348782	0.000717378857284956	0.00041341835202945987	-0.0019715009337168965	0.0001374105116573876	0.0030044481999242922
-0.0008339628117361997	0.0032275151505005706	-0.0016742501091013828	0.0002805130603826811	-0.0005851320408905014	-0.004093420518671342	0.0004494575094446951	0.004127817391958555
0.0010383191749887555	0.004101246744305342	-0.0017366595086591996	0.0010918352546298582	-0.0006475414404478741	-0.004592695715131434	-0.00017463648613014193	0.004127817391958555
-0.0008339628117361997	0.004038837344747748	-0.0021735253055612525	0.0005301506586121718	-0.00021067564354582125	-0.004155829918229381	-0.00011222708657254721	0.003690951595056724
0.0006638627776438533	0.003539562148287878	-0.00410821669184358	0.0004677412590545771	0.0008502841489317348	-0.002033910333274047	-4.9817687014508394e-05	0.004377454990188712
0.0008510909763159713	0.0014800519628905828	-0.00410821669184358	0.0008421976563994793	0.0017240157427365066	-0.0010353599403540859	0.0001374105116573876	0.004377454990188712
-0.0007091440126210102	-0.00014259242560421548	-0.0049195388860909794	0.00040533185949698236	0.0019112439414090687	-0.0001616283465497581	-0.00011222708657254721	0.00350372339638394
0.0005390439785286638	-0.0005170488229491177	-0.005793270479895973	0.0005925600581697665	0.0022232909391965983	0.0007121032472545696	-0.00011222708657254721	0.0038157703941710253
-0.0004595064143908534	0.00048150156997062155	-0.0034217132967113706	0.0007797882568425507	0.0027849755352138406	0.00015041865123777143	0.00032463871032994973	0.002629991802579168
0.0006014533780862585	0.0005439109695282163	-0.003109666298924063	0.0005301506586121718	0.0016616063431789119	-0.0009105411412397846	0.00019981991121520437	0.0033164951977113777
-0.0004595064143908534	0.0019793271593506745	-0.0021735253055612525	0.000717378857284956	0.0002885995529142704	-0.0038437829204414076	-0.00011222708657254721	0.0024427636039061618
0.0004766345789710691	0.0031651057509425318	-0.0005508809170668982	0.0004677412590545771	-8.58568444306318e-05	-0.003781373520884257	1.2591712542198152e-05	0.0030044481999242922
-0.0005843252135055987	0.003789199746517813	-0.0015494313099864154	0.0006549694577269172	-8.58568444306318e-05	-0.0032196889248661265	-4.9817687014508394e-05	0.004065407992401404
-0.0005219158139484481	0.003789199746517813	-0.0012997937117569247	0.0005925600581697665	0.0005382371511446493	-0.0028452325275216683	0.0001374105116573876	0.004564683188861496
0.0005390439785286638	0.0019793271593506745	-0.0033593038971533318	0.0005925600581697665	0.0006630559502589506	-0.0011601787394692753	-4.9817687014508394e-05	0.004689501987976241
-0.0006467346130631935	0.0009183673668733405	-0.004732310687418417	0.0005301506586121718	0.0019112439414090687	0.0011489690441579548	-4.9817687014508394e-05	0.0056880523808962025
0.000726272177201448	-1.777362648902603e-05	-0.004357854290073293	0.0008421976563994793	0.0023481097383117877	0.0018978818388475371	0.0002622293107727991	0.0048143207870909865
-0.0007715534121781609	-0.0013907804167538895	-0.005668451680780784	0.00034292245993938764	0.002098472140081409	0.0026467946335373416	-0.00011222708657254721	0.005188777184436333
0.0006014533780862585	-0.000641867622063863	-0.005293995283436104	0.0005301506586121718	0.001411968744948977	0.0004624656490250789	0.0002622293107727991	0.005625642981338164
-0.00039709701483370274	0.0009807767664304912	-0.0033593038971533318	0.0008421976563994793	0.0004758277515870546	-0.0008481317416821899	0.0001374105116573876	0.0056880523808962025
0.0007886815767585986	0.0019169177597933018	-0.0023607535042340366	0.0002805130603826811	-0.0005851320408905014	-0.002720413728406479	-0.00017463648613014193	0.0063121463764710395
0.00041422517941436254	0.00497497833810967	-0.0016118407095440102	0.00034292245993938764	-0.0016460918333673913	-0.004717514514246179	-0.000361864684802482	0.0063121463764710395
-0.000334687615276108	0.0053494347354550165	-0.0019862971068889124	0.0009670164555151128	-0.0007723602395626195	-0.0036565547217688454	0.0004494575094446951	0.007809971965850204
0.0002894063802991731	0.004600521940765434	-0.0031720756984807696	0.00021810366082508637	-0.0011468166369077437	-0.004093420518671342	-0.000361864684802482	0.007435515568505524
-0.0006467346130631935	0.0034147433491729107	-0.00392098849317124	0.00040533185949698236	-0.0003979038422186054	-0.002533185529734139	-0.00011222708657254721	0.007061059171160622
0.0005390439785286638	0.0016048707620053282	-0.005980498678568091	0.0006549694577269172	0.0006630559502589506	-0.0003488565452220982	0.0001374105116573876	0.006811421572930687
-0.0005843252135055987	0.0005439109695282163	-0.005918089279010497	0.0006549694577269172	0.0013495593453918264	0.00108655964460036	-0.00011222708657254721	0.005563233581780569
0.0005390439785286638	-0.0007666864211786084	-0.006542183274585778	0.00034292245993938764	0.0014743781445070159	0.001523425441502635	-0.00011222708657254721	0.005937689979125471
-0.0007091440126210102	-0.0005170488229491177	-0.00535640468299281	0.000717378857284956	0.0006630559502589506	2.559985212258198e-05	1.2591712542198152e-05	0.00618732757735585
-0.0004595064143908534	0.0017296895611209617	-0.004545082488746077	0.0006549694577269172	0.00010137135424170829	-0.0006609035430098498	0.0001374105116573876	0.0063121463764710395
0.0004766345789710691	0.0024786023558101	-0.004981948285648574	0.0002805130603826811	-0.0011468166369077437	-0.0018466821346021511	-0.0002994552852448873	0.006249736976913445
-0.000334687615276108	0.003976427945190153	-0.0030472568993664684	0.000904607055957074	-0.001084407237350593	-0.0025955949292917335	0.0004494575094446951	0.0075603343676207135
0.0004766345789710691	0.0032899245500581653	-0.003983397892728391	0.0002805130603826811	-0.002145367029827483	-0.00315727952530942	-0.000361864684802482	0.007934790764965394
-0.0005843252135055987	0.0029778775522701917	-0.004794720086976012	0.0004677412590545771	-0.0013340448355803058	-0.002033910333274047	-0.00017463648613014193	0.007622743767177864
0.0006014533780862585	0.0026034211549252895	-0.004669901287860823	0.0005301506586121718	-0.0002730850431029719	-0.00022403774610690874	7.500111210023697e-05	0.007809971965850204
-0.0005843252135055987	0.00123041436466087	-0.005793270479895973	0.0004677412590545771	0.0002885995529142704	0.0004624656490250789	-0.00011222708657254721	0.007872381365408243
0.0005390439785286638	0.0005439109695282163	-0.0066045926741433725	0.0004677412590545771	0.00041341835202945987	0.0006496938476978631	-0.00011222708657254721	0.008246837762753145
0.0008510909763159713	0.0003566827708558762	-0.007291096069275582	0.0009670164555151128	0.0009751029480469242	0.0014610160419450402	0.0002622293107727991	0.008683703559654976
-0.0007091440126210102	0.0008559579673157458	-0.00741591486839055	0.0002805130603826811	0.0003510089524720872	0.00033764684991033356	-0.00017463648613014193	0.008808522358770166
0.0005390439785286638	0.0019169177597933018	-0.006105317477683281	0.0005925600581697665	-0.0003354944426601225	-0.0005984941434524771	-0.00011222708657254721	0.008808522358770166
-0.0005219158139484481	0.002665830554482884	-0.005980498678568091	0.0006549694577269172	-0.0003354944426601225	-0.00047367534433728764	0.0001374105116573876	0.008558884760540675
0.0006014533780862585	0.0034147433491729107	-0.0051067670847633195	0.0004677412590545771	-0.0012092260364653384	-0.0019715009337168965	-0.00017463648613014193	0.00818442836319555
-0.0006467346130631935	0.0038516091460749635	-0.004295444890516142	0.00034292245993938764	-0.0013964542351379006	-0.0019715009337168965	-0.000361864684802482	0.0075603343676207135
0.0004766345789710691	0.0034771527487302833	-0.004981948285648574	0.0009670164555151128	-8.58568444306318e-05	-0.0009105411412397846	0.0005118669090022898	0.008621294160097381
-0.000334687615276108	0.004163656143862493	-0.004420263689631332	0.0004677412590545771	-0.0006475414404478741	-0.001222588139026648	-0.00011222708657254721	0.0071234685707177725
-0.0007091440126210102	0.0021665553580230146	-0.005793270479895973	0.0005301506586121718	0.00041341835202945987	0.0004000562494674842	-0.00011222708657254721	0.007747562566293054
0.0007886815767585986	0.002041736558908269	-0.005169176484320914	0.0008421976563994793	0.0009126935484888854	0.0007745126468130525	0.00032463871032994973	0.007997200164522988
-0.0007091440126210102	0.0010431861659880859	-0.006105317477683281	0.0005301506586121718	0.0006006465507013559	0.0011489690441579548	1.2591712542198152e-05	0.007435515568505524
0.0005390439785286638	0.0008559579673157458	-0.007041458471045647	0.0004677412590545771	0.00078787474937414	0.001523425441502635	-0.00017463648613014193	0.00818442836319555
-0.0006467346130631935	0.0017920989606781124	-0.005543632881665594	0.0005301506586121718	0.0006630559502589506	0.0012113784437151054	0.00019981991121520437	0.007872381365408243
0.000726272177201448	0.001854508360235485	-0.005418814082550405	0.0008421976563994793	0.00022619015335689774	0.0008369220463702032	1.2591712542198152e-05	0.008059609564080583
-0.0005843252135055987	0.0024161929562533935	-0.005418814082550405	0.0006549694577269172	-0.0006475414404478741	-0.0005360847438942162	-0.00017463648613014193	0.00818442836319555
0.0005390439785286638	0.0032899245500581653	-0.00392098849317124	0.0007797882568425507	-0.0006475414404478741	-0.00028644714566494756	0.00032463871032994973	0.008683703559654976
0.00041422517941436254	0.0031651057509425318	-0.0051067670847633195	0.00040533185949698236	-0.0012092260364653384	-0.0010353599403540859	-0.0002994552852448873	0.008808522358770166
-0.0005219158139484481	0.003352333949614872	-0.004357854290073293	0.0005925600581697665	-0.000897179038678253	-0.0009105411412397846	0.0001374105116573876	0.009807072751689905
0.00041422517941436254	0.0021665553580230146	-0.006042908078125686	0.00040533185949698236	-0.000897179038678253	-0.00047367534433728764	-0.0002994552852448873	0.009495025753903041
-0.0004595064143908534	0.002291374157138204	-0.0063549550759127715	0.0006549694577269172	0.0003510089524720872	0.0008369220463702032	0.00019981991121520437	0.010805623144609866
0.0005390439785286638	0.0016048707620053282	-0.006791820872816157	0.0005301506586121718	-0.0003354944426601225	0.0004624656490250789	-0.0002994552852448873	0.010992851343282206
-0.0008339628117361997	0.0011680049651030533	-0.008040008863964943	0.00034292245993938764	0.0005382371511446493	0.0013986066423874455	0.00038704810988754446	0.011866582937087422
0.0009759097754311608	0.00210414595846542	-0.006979049071488053	0.0002805130603826811	-0.0005227226413329067	0.00015041865123777143	-0.00023704588568729257	0.010493576146822337
-0.0008963722112929062	0.0019169177597933018	-0.006729411473257674	0.0005301506586121718	-0.0007723602395626195	-0.0001616283465497581	-0.00017463648613014193	0.009245388155672662
-0.0007715534121781609	0.0030402869518277864	-0.005543632881665594	0.0002805130603826811	-0.0013340448355803058	-0.0012849975385844647	-0.0002994552852448873	0.008558884760540675
0.0009759097754311608	0.003789199746517813	-0.004045807292285986	0.000904607055957074	-0.0013964542351379006	-0.0013474069381420595	0.00038704810988754446	0.00818442836319555
-0.0007715534121781609	0.0031651057509425318	-0.005481223482108444	0.00015569426126749164	-0.0018957294315977702	-0.0015970445363717722	-0.00023704588568729257	0.007747562566293054
0.0006638627776438533	0.0032899245500581653	-0.005044357685206169	0.0006549694577269172	-0.0014588636346954953	-0.0011601787394692753	1.2591712542198152e-05	0.009120569356557473
-0.0005219158139484481	0.0024161929562533935	-0.00535640468299281	0.000717378857284956	-0.0009595884382354036	-9.921894699216338e-05	-0.00023704588568729257	0.008808522358770166
0.00041422517941436254	0.0006687297686434057	-0.007727961866177635	0.00040533185949698236	-8.58568444306318e-05	0.0013361972428298508	-4.9817687014508394e-05	0.009058159957000766
-0.0005843252135055987	0.00029427337129828146	-0.007540733667505295	0.0006549694577269172	-0.00021067564354582125	0.0018354724392899424	-0.00011222708657254721	0.009058159957000766
0.0006014533780862585	-0.0002050018251618102	-0.008289646462195321	0.000717378857284956	0.0005382371511446493	0.002334747635749812	0.00032463871032994973	0.009619844553017565
0.0005390439785286638	0.0004190921704134709	-0.007041458471045647	0.00040533185949698236	-0.0005851320408905014	0.0006496938476978631	-0.00011222708657254721	0.009058159957000766
-0.0007091440126210102	0.0013552331637758375	-0.00623013627679847	0.00040533185949698236	-0.0011468166369077437	-0.0001616283465497581	-0.00017463648613014193	0.008683703559654976
0.000726272177201448	0.0028530587531554463	-0.005169176484320914	0.0008421976563994793	-0.0013340448355803058	-0.0008481317416821899	0.0001374105116573876	0.009182978756115068
-0.0007091440126210102	0.0037267903469606622	-0.004045807292285986	0.00021810366082508637	-0.0024574140276154566	-0.002533185529734139	-0.00017463648613014193	0.009370206954787852
0.0006014533780862585	0.0036643809474021793	-0.0044826730891884825	0.00034292245993938764	-0.002769461025402542	-0.0028452325275216683	0.00019981991121520437	0.01118007954195499
-0.00039709701483370274	0.0037267903469606622	-0.0049195388860909794	0.000717378857284956	-0.0018333200320401755	-0.0012849975385844647	1.2591712542198152e-05	0.011679354738415082
0.0005390439785286638	0.002915468152713041	-0.005543632881665594	0.00015569426126749164	-0.001084407237350593	-3.680954743456866e-05	-0.000361864684802482	0.011429717140185147
-0.0007715534121781609	0.00123041436466087	-0.008227237062637727	0.0005301506586121718	3.8961954684557654e-05	0.0012113784437151054	-0.00011222708657254721	0.011492126539742298
-0.0004595064143908534	0.00010704517262616342	-0.00760314306706289	0.000717378857284956	0.0008502841489317348	0.0020227006379622825	0.00032463871032994973	0.010992851343282206
0.0006014533780862585	-0.0002050018251618102	-0.008164827663080576	0.0004677412590545771	0.0006630559502589506	0.0018978818388475371	-0.00011222708657254721	0.009557435153460192
-0.0007091440126210102	0.0011055955655456806	-0.006791820872816157	0.0004677412590545771	0.0007254653498165453	0.001273787843272256	-0.00017463648613014193	0.009432616354345447
0.000726272177201448	0.0023537835566953547	-0.004732310687418417	0.000717378857284956	-8.58568444306318e-05	8.80092516801767e-05	0.00019981991121520437	0.008246837762753145
-0.0006467346130631935	0.0034147433491729107	-0.004420263689631332	0.0004677412590545771	-0.000897179038678253	-0.0006609035430098498	-0.00011222708657254721	0.008746112959213015
0.0006014533780862585	0.004538112541207839	-0.0034217132967113706	0.0005301506586121718	-0.0027070516258449473	-0.002283547931504648	-0.00011222708657254721	0.009370206954787852
-0.0006467346130631935	0.00478775013943733	-0.0031720756984807696	0.0008421976563994793	-0.0015836824338106847	-0.0010353599403540859	0.0002622293107727991	0.010368757347707369
0.0008510909763159713	0.004226065543420088	-0.005418814082550405	0.00021810366082508637	-0.0011468166369077437	-0.0005360847438942162	-0.00017463648613014193	0.010805623144609866
0.0004766345789710691	0.0017920989606781124	-0.0063549550759127715	0.0005925600581697665	-0.0005227226413329067	0.0007121032472545696	-0.00011222708657254721	0.010805623144609866
-0.0004595064143908534	0.00048150156997062155	-0.007727961866177635	0.000717378857284956	0.001411968744948977	0.0027092040330947142	0.0002622293107727991	0.01118007954195499
0.00035181577985632373	-0.00039223002383392824	-0.008164827663080576	0.00021810366082508637	0.0010999217471614475	0.0022723382361922173	-0.000361864684802482	0.010493576146822337
-0.0006467346130631935	-0.00039223002383392824	-0.007665552466620484	0.0005925600581697665	0.0012871499458342317	0.002584385233979747	7.500111210023697e-05	0.010618394945937526
0.0004766345789710691	0.00016945457218375815	-0.007977599464408014	0.0004677412590545771	0.0005382371511446493	0.001523425441502635	0.0004494575094446951	0.01236585813354707
-0.0002722782157185133	0.002291374157138204	-0.005293995283436104	0.0009670164555151128	-0.0016460918333673913	-0.0015970445363717722	-0.00017463648613014193	0.011492126539742298
0.0004766345789710691	0.0029778775522701917	-0.0049195388860909794	0.00040533185949698236	-0.0022701858289426724	-0.0022211385319466093	-0.00023704588568729257	0.012241039334432324
-0.0007091440126210102	0.004413293742092872	-0.0034841226962689653	0.0005925600581697665	-0.0030815080231902936	-0.003094870125751825	7.500111210023697e-05	0.01317718032779469
-0.0006467346130631935	0.004350884342535055	-0.004357854290073293	0.00040533185949698236	-0.0031439174227474442	-0.002533185529734139	-4.9817687014508394e-05	0.013863683722927123
0.000726272177201448	0.003539562148287878	-0.005481223482108444	0.0006549694577269172	-0.0020829576302701103	-0.0012849975385844647	1.2591712542198152e-05	0.014425368318944365
-0.0007091440126210102	0.00210414595846542	-0.005980498678568091	0.0005301506586121718	-0.0014588636346954953	-0.00022403774610690874	-4.9817687014508394e-05	0.013738864923812155
0.0005390439785286638	0.00029427337129828146	-0.007852780665292824	0.00040533185949698236	-0.0006475414404478741	0.0009617408454849485	-0.00023704588568729257	0.011679354738415082
-0.0006467346130631935	-8.018302604662075e-05	-0.008352055861752916	0.0004677412590545771	0.00016378075379930301	0.0017730630397323477	0.0001374105116573876	0.011679354738415082
0.0007886815767585986	-0.00014259242560421548	-0.007540733667505295	0.0007797882568425507	-0.0003979038422186054	0.0007745126468130525	-0.00042427408435963265	0.011429717140185147
-0.0008963722112929062	-0.00032982062427655556	-0.008601693459982851	0.000717378857284956	-0.0005851320408905014	-3.680954743456866e-05	1.2591712542198152e-05	0.012677905131334155
0.000726272177201448	0.0013552331637758375	-0.00535640468299281	0.00034292245993938764	-0.001958138831155365	-0.0014098163376994322	-0.00011222708657254721	0.012989952129121907
0.00041422517941436254	0.002728239954040479	-0.005730861080338379	0.0002805130603826811	-0.0031439174227474442	-0.0022211385319466093	-0.000361864684802482	0.012802723930449567
-0.0005219158139484481	0.0036643809474021793	-0.004669901287860823	0.0005301506586121718	-0.0032687362218626337	-0.0023459573310613546	1.2591712542198152e-05	0.014175730720714208
0.0006014533780862585	0.003102696351385381	-0.004607491888303672	0.0004677412590545771	-0.004017649016552216	-0.0024083667306193934	-0.00023704588568729257	0.013551636725139371
-0.0007091440126210102	0.0019793271593506745	-0.005980498678568091	0.00040533185949698236	-0.002956689224075104	-0.0010977693399121247	-0.00011222708657254721	0.012927542729564756
0.0006014533780862585	0.0014176425633334322	-0.0061677268772408755	0.0005301506586121718	-0.0022077764293852997	-0.0005360847438942162	-4.9817687014508394e-05	0.012490676932662259
-0.0005219158139484481	0.0005439109695282163	-0.006479773875028183	0.0005301506586121718	-0.0003354944426601225	0.0016482442406178244	0.00019981991121520437	0.01236585813354707
0.0007886815767585986	-0.00014259242560421548	-0.008040008863964943	0.00015569426126749164	-0.0009595884382354036	0.0006496938476978631	-0.00042427408435963265	0.013364408526466587
-0.0010211910104085398	-0.0002050018251618102	-0.008102418263523203	0.00034292245993938764	-0.00152127303425309	0.00033764684991033356	-0.00042427408435963265	0.014300549519829397
-0.0005843252135055987	0.0012928237642182427	-0.008040008863964943	0.0006549694577269172	-0.0014588636346954953	0.0004624656490250789	-4.9817687014508394e-05	0.016110422106996758
0.0007886815767585986	0.0023537835566953547	-0.006479773875028183	0.000717378857284956	-0.0022077764293852997	-0.0007233129425670004	7.500111210023697e-05	0.01698415370080153
-0.0005219158139484481	0.0029778775522701917	-0.006105317477683281	0.0004677412590545771	-0.0028318704249599147	-0.0014722257372570269	-4.9817687014508394e-05	0.01623524090611106
0.0004766345789710691	0.003352333949614872	-0.005980498678568091	0.00040533185949698236	-0.003206326822305039	-0.0021587291323894586	-0.00023704588568729257	0.01504946231451898
-0.0006467346130631935	0.003539562148287878	-0.004732310687418417	0.00040533185949698236	-0.0032687362218626337	-0.0021587291323894586	-4.9817687014508394e-05	0.013926093122484717
0.0006014533780862585	0.003102696351385381	-0.005231585883878509	0.0005925600581697665	-0.0018957294315977702	-0.0005360847438942162	-0.00017463648613014193	0.013988502522041424
-0.0006467346130631935	0.0026034211549252895	-0.005730861080338379	0.0008421976563994793	-0.0012092260364653384	0.0004624656490250789	0.00019981991121520437	0.013676455524254338
0.0007886815767585986	0.0021665553580230146	-0.006979049071488053	0.00034292245993938764	-0.0005851320408905014	0.0011489690441579548	-0.00017463648613014193	0.012553086332219854
0.0006638627776438533	0.0006063203690862551	-0.00741591486839055	0.0004677412590545771	-0.00021067564354582125	0.0013361972428298508	-0.00011222708657254721	0.012677905131334155
-0.0005843252135055987	0.0007935485677581511	-0.006791820872816157	0.0005301506586121718	-0.0005227226413329067	0.001523425441502635	1.2591712542198152e-05	0.01317718032779469
0.0007886815767585986	0.0008559579673157458	-0.007291096069275582	0.0008421976563994793	-0.0002730850431029719	0.0017730630397323477	0.0002622293107727991	0.013364408526466587
-0.0007091440126210102	0.0015424613624481776	-0.006542183274585778	0.00021810366082508637	-0.001084407237350593	0.0006496938476978631	-0.00023704588568729257	0.014425368318944365
0.0007886815767585986	0.002728239954040479	-0.004732310687418417	0.0007797882568425507	-0.0022077764293852997	0.00027523745035273883	1.2591712542198152e-05	0.014050911921599463
-0.0005843252135055987	0.003102696351385381	-0.004669901287860823	0.0006549694577269172	-0.002956689224075104	-0.001222588139026648	-0.00023704588568729257	0.013863683722927123
0.00041422517941436254	0.0034147433491729107	-0.00410821669184358	0.00040533185949698236	-0.0035807832196501632	-0.0012849975385844647	-0.00011222708657254721	0.013738864923812155
-0.0006467346130631935	0.003539562148287878	-0.004607491888303672	0.0008421976563994793	-0.0027070516258449473	-0.0003488565452220982	0.00019981991121520437	0.013801274323369528
-0.0007091440126210102	0.0025410117553676947	-0.004857129486533385	0.00040533185949698236	-0.0022701858289426724	0.0002128280507951441	-4.9817687014508394e-05	0.014425368318944365
0.00041422517941436254	0.0011680049651030533	-0.006105317477683281	0.00021810366082508637	-0.0027070516258449473	0.0005248750485826736	-0.00042427408435963265	0.013738864923812155
-0.0005219158139484481	0.0007935485677581511	-0.007353505468832955	0.000717378857284956	-0.0010219978377929984	0.0022099288366346226	0.0001374105116573876	0.015174281113633947
0.0006638627776438533	0.0005439109695282163	-0.007540733667505295	0.0006549694577269172	-0.00152127303425309	0.0020851100375203213	1.2591712542198152e-05	0.015735965709651856
-0.0008339628117361997	0.00029427337129828146	-0.007790371265735674	0.00034292245993938764	-0.0020829576302701103	0.0017730630397323477	-0.00011222708657254721	0.015860784508766157
0.0006638627776438533	0.0009807767664304912	-0.007790371265735674	0.0005925600581697665	-0.002956689224075104	0.00015041865123777143	-0.00011222708657254721	0.015486328111421477
-0.0006467346130631935	0.0019793271593506745	-0.00623013627679847	0.0005925600581697665	-0.0034559644205345297	-0.0007857223421245951	1.2591712542198152e-05	0.013489227325581776
0.000726272177201448	0.0023537835566953547	-0.00535640468299281	-3.153393740507049e-05	-0.0037680114183225033	-0.0021587291323894586	-0.0004866834839172274	0.011804173537529383
0.0006014533780862585	0.0032899245500581653	-0.003546532095826116	0.0005301506586121718	-0.0043296960143393015	-0.002283547931504648	-4.9817687014508394e-05	0.011117670142397396
-0.0005219158139484481	0.0029778775522701917	-0.00392098849317124	0.0005925600581697665	-0.0035807832196501632	-0.0012849975385844647	7.500111210023697e-05	0.010992851343282206
0.0006014533780862585	0.00210414595846542	-0.005293995283436104	0.00040533185949698236	-0.003393555020977379	-0.0007857223421245951	-0.0002994552852448873	0.011304898341069514
-0.0007715534121781609	0.00123041436466087	-0.005606042281223189	0.00021810366082508637	-0.0034559644205345297	0.0005248750485826736	-0.0002994552852448873	0.012553086332219854
0.000726272177201448	0.00029427337129828146	-0.007353505468832955	0.000717378857284956	-0.0022701858289426724	0.0022099288366346226	0.0001374105116573876	0.013926093122484717
-0.0005843252135055987	-0.0005170488229491177	-0.008476874660868106	0.0005925600581697665	-0.002769461025402542	0.0030836604304393944	-0.0002994552852448873	0.014612596517616705
0.0004766345789710691	-0.0010163240194089873	-0.008476874660868106	0.00040533185949698236	-0.0028318704249599147	0.0031460698299974332	-0.00017463648613014193	0.015611146910536666
-0.0006467346130631935	-0.0009539146198509485	-0.008352055861752916	0.0005301506586121718	-0.003643192619207314	0.0020851100375203213	1.2591712542198152e-05	0.01636005970522625
-0.0004595064143908534	0.0012928237642182427	-0.006292545676355621	0.00040533185949698236	-0.005078608809029772	0.0008369220463702032	-4.9817687014508394e-05	0.01623524090611106
0.0005390439785286638	0.0021665553580230146	-0.006105317477683281	0.0005301506586121718	-0.005453065206374674	-0.0006609035430098498	-0.00023704588568729257	0.01479982471628949
-0.0006467346130631935	0.003352333949614872	-0.004732310687418417	0.00034292245993938764	-0.005889931003276949	-0.0012849975385844647	-0.00011222708657254721	0.014737415316731894
0.0006014533780862585	0.003352333949614872	-0.0044826730891884825	0.0005301506586121718	-0.006826071996639316	-0.0015346351368141775	-4.9817687014508394e-05	0.014113321321156613
-0.0005219158139484481	0.0028530587531554463	-0.005543632881665594	0.00040533185949698236	-0.0053906558068170796	-9.921894699216338e-05	-0.00011222708657254721	0.014425368318944365
0.0006014533780862585	0.00210414595846542	-0.0061677268772408755	0.0005925600581697665	-0.0035183738200925685	0.003395707428227146	7.500111210023697e-05	0.013926093122484717
-0.0005843252135055987	0.0007935485677581511	-0.006791820872816157	0.0004677412590545771	-0.0022077764293852997	0.0041446202229173945	-0.00017463648613014193	0.012927542729564756
0.0005390439785286638	-0.0007042770216214578	-0.008040008863964943	0.00034292245993938764	-0.0018957294315977702	0.004893533017606755	-0.00017463648613014193	0.013426817926024626
0.0006014533780862585	-0.0004546394233910789	-0.007665552466620484	0.0005301506586121718	-0.001958138831155365	0.004269439022031918	-0.00011222708657254721	0.012989952129121907
-0.0005219158139484481	0.0006063203690862551	-0.006916639671930458	0.0006549694577269172	-0.00170850123292543	0.003582935626899486	0.0001374105116573876	0.014300549519829397
0.0005390439785286638	0.001667280161562923	-0.00535640468299281	0.0002805130603826811	-0.004080058416109811	0.0015858348410602296	-0.0002994552852448873	0.014050911921599463
-0.0004595064143908534	0.003102696351385381	-0.004357854290073293	0.0006549694577269172	-0.0045793336125699025	0.0005872844481402684	1.2591712542198152e-05	0.013926093122484717
0.0006638627776438533	0.0034771527487302833	-0.004357854290073293	0.0006549694577269172	-0.004641743012127497	-0.0001616283465497581	-0.0004866834839172274	0.012989952129121907
-0.0008963722112929062	0.003352333949614872	-0.0038585790936132014	3.087546215230219e-05	-0.004454514813454713	0.001523425441502635	0.0001374105116573876	0.012740314530892194
0.0007886815767585986	0.0028530587531554463	-0.004420263689631332	0.0005301506586121718	-0.0030815080231902936	0.0037077544260146755	-4.9817687014508394e-05	0.01317718032779469
-0.0006467346130631935	0.001854508360235485	-0.005855679879452902	0.0007797882568425507	-0.003019098623632699	0.005517627013181814	7.500111210023697e-05	0.013301999126909436
-0.0007715534121781609	-0.0009539146198509485	-0.007790371265735674	0.0002805130603826811	-0.0022077764293852997	0.006578586805659148	-0.0002994552852448873	0.013301999126909436
0.0007886815767585986	-0.0004546394233910789	-0.008102418263523203	0.0007797882568425507	-0.0018333200320401755	0.007327499600348952	0.0001374105116573876	0.01486223411584664
-0.0006467346130631935	-0.0004546394233910789	-0.007353505468832955	0.0004677412590545771	-0.003393555020977379	0.007140271401676168	1.2591712542198152e-05	0.016172831506553464
0.0006014533780862585	4.4635773068568696e-05	-0.007852780665292824	0.00040533185949698236	-0.004704152411684648	0.005330398814509474	-0.00017463648613014193	0.018419569890623544
-0.0004595064143908534	0.001854508360235485	-0.006791820872816157	0.0005301506586121718	-0.005889931003276949	0.004331848421589957	-0.0002994552852448873	0.018419569890623544
0.00041422517941436254	0.0026034211549252895	-0.005980498678568091	0.0002805130603826811	-0.00769980359044431	0.002334747635749812	1.2591712542198152e-05	0.018606798089296328
-0.0005219158139484481	0.0032899245500581653	-0.006042908078125686	0.00021810366082508637	-0.008323897586018925	0.002147519437077916	-0.00042427408435963265	0.017670657095933517
0.0004766345789710691	0.0031651057509425318	-0.005980498678568091	0.0004677412590545771	-0.007450165992214153	0.0035205262273423354	-0.00017463648613014193	0.01636005970522625
0.0006638627776438533	0.001667280161562923	-0.006916639671930458	0.0007797882568425507	-0.004828971210799393	0.004831123618049382	0.0001374105116573876	0.014550187118059554
-0.0008963722112929062	0.00048150156997062155	-0.0072286866697179875	0.00015569426126749164	-0.004454514813454713	0.005704855211854154	-0.0002994552852448873	0.012802723930449567
0.000726272177201448	-8.018302604662075e-05	-0.007166277270160393	0.0007797882568425507	-0.0033311456214197843	0.006828224403889083	0.0001374105116573876	0.011741764137972677
-0.00039709701483370274	-0.0007042770216214578	-0.008102418263523203	0.0007797882568425507	-0.002582232826730202	0.007140271401676168	0.00019981991121520437	0.012053811135759762
0.0004766345789710691	-0.000641867622063863	-0.0072286866697179875	0.0004677412590545771	-0.0043296960143393015	0.007077862002118573	-0.00017463648613014193	0.012490676932662259
-0.0007715534121781609	-8.018302604662075e-05	-0.007041458471045647	0.0002805130603826811	-0.0058275216037193545	0.0052055800153947285	-0.00023704588568729257	0.013551636725139371
0.0006014533780862585	0.0007935485677581511	-0.007166277270160393	0.0004677412590545771	-0.0070757095948690285	0.005018351816721944	0.0001374105116573876	0.014300549519829397
-0.0005843252135055987	0.0017920989606781124	-0.005855679879452902	0.00034292245993938764	-0.00769980359044431	0.0035205262273423354	-0.0002994552852448873	0.012865133330007161
-0.0007715534121781609	0.001854508360235485	-0.0061677268772408755	0.0002805130603826811	-0.007325347193099407	0.0037077544260146755	-0.000361864684802482	0.012802723930449567
0.000726272177201448	0.0017296895611209617	-0.004981948285648574	0.0006549694577269172	-0.007450165992214153	0.005018351816721944	0.0001374105116573876	0.012303448733989475
-0.0007715534121781609	0.0007311391682010004	-0.0063549550759127715	0.00034292245993938764	-0.006763662597081721	0.005517627013181814	-0.00017463648613014193	0.011304898341069514
0.0004766345789710691	0.00010704517262616342	-0.0072286866697179875	0.0002805130603826811	-0.006389206199737041	0.006141721008756651	-0.00042427408435963265	0.011304898341069514
-0.0005843252135055987	-1.777362648902603e-05	-0.00623013627679847	0.0006549694577269172	-0.006201978001064701	0.007826774796809044	0.0001374105116573876	0.01118007954195499
0.0007886815767585986	-0.0005170488229491177	-0.007041458471045647	0.0007797882568425507	-0.0058275216037193545	0.008201231194153946	-4.9817687014508394e-05	0.01236585813354707
-0.0006467346130631935	-0.00014259242560421548	-0.006916639671930458	0.00034292245993938764	-0.007762212990001904	0.007951593595923345	-0.000361864684802482	0.012677905131334155
0.0004766345789710691	-8.018302604662075e-05	-0.0066045926741433725	0.0007797882568425507	-0.007200528393984218	0.008014002995481384	0.00032463871032994973	0.014175730720714208
0.00041422517941436254	0.0011055955655456806	-0.006479773875028183	0.0002805130603826811	-0.008885582182036167	0.007140271401676168	-0.000361864684802482	0.014175730720714208
-0.0005843252135055987	0.0019793271593506745	-0.005481223482108444	0.00034292245993938764	-0.009260038579381735	0.007015452602561867	-0.00011222708657254721	0.013738864923812155
0.000726272177201448	0.0021665553580230146	-0.005918089279010497	0.000717378857284956	-0.00838630698557652	0.006141721008756651	1.2591712542198152e-05	0.012865133330007161
-0.0007091440126210102	0.0024786023558101	-0.005044357685206169	0.0004677412590545771	-0.007949441188674689	0.006328949207429435	-4.9817687014508394e-05	0.010555985546380375
0.00041422517941436254	0.002291374157138204	-0.005169176484320914	0.00034292245993938764	-0.007824622389559055	0.0058296740109693435	0.0001374105116573876	0.01118007954195499
-0.0005843252135055987	0.0021665553580230146	-0.005543632881665594	0.0006549694577269172	-0.0068884813961969105	0.007951593595923345	-0.00017463648613014193	0.010992851343282206
0.0004766345789710691	0.0015424613624481776	-0.005481223482108444	0.0002805130603826811	-0.006950890795754505	0.008825325189728561	-0.000361864684802482	0.011304898341069514
-0.0008963722112929062	0.0008559579673157458	-0.005918089279010497	0.0010918352546298582	-0.005328246407259485	0.010385560178665765	0.0005118669090022898	0.012989952129121907
-0.000958781610850945	-0.00014259242560421548	-0.0063549550759127715	9.328486171011896e-05	-0.007824622389559055	0.01032315077910817	-0.00042427408435963265	0.012428267533104664
0.000726272177201448	0.00010704517262616342	-0.0061677268772408755	0.0006549694577269172	-0.007887031789116206	0.010572788377338327	7.500111210023697e-05	0.01317718032779469
-0.0006467346130631935	0.00123041436466087	-0.005793270479895973	0.0005925600581697665	-0.007574984791328898	0.010822425975568262	-4.9817687014508394e-05	0.014737415316731894
0.0007886815767585986	0.0013552331637758375	-0.004545082488746077	0.000717378857284956	-0.009696904376283344	0.010572788377338327	7.500111210023697e-05	0.014050911921599463
-0.0005843252135055987	0.0019169177597933018	-0.004732310687418417	0.0004677412590545771	-0.010196179572743436	0.009387009785745803	-0.00023704588568729257	0.013614046124696966
0.0005390439785286638	0.002665830554482884	-0.004794720086976012	0.0004677412590545771	-0.010695454769203305	0.009137372187516313	1.2591712542198152e-05	0.01317718032779469
-0.0005843252135055987	0.002915468152713041	-0.0037961696940560508	0.0005925600581697665	-0.010008951374071318	0.008263640593710653	-0.00011222708657254721	0.011804173537529383
0.0006014533780862585	0.0027906493535978516	-0.005169176484320914	0.0006549694577269172	-0.008635944583806676	0.009574237984418144	0.0001374105116573876	0.011616945338857487
0.0005390439785286638	0.0013552331637758375	-0.005169176484320914	0.0004677412590545771	-0.008823172782479016	0.010510378977780732	-0.00017463648613014193	0.010306347948150218
-0.0007091440126210102	0.0003566827708558762	-0.006292545676355621	0.00034292245993938764	-0.00769980359044431	0.010884835375125856	-0.00017463648613014193	0.009744663352132754
0.0007886815767585986	0.00016945457218375815	-0.005793270479895973	0.0009670164555151128	-0.007450165992214153	0.012632298562734956	0.00038704810988754446	0.01086803254416746
-0.0007091440126210102	-0.0002050018251618102	-0.005606042281223189	0.00034292245993938764	-0.009197629179823474	0.012632298562734956	-0.00017463648613014193	0.011554535939299893
0.0004766345789710691	0.00029427337129828146	-0.005606042281223189	0.0005925600581697665	-0.009322447978939108	0.011571338770257844	7.500111210023697e-05	0.012241039334432324
-0.0005843252135055987	0.0012928237642182427	-0.004170626091400953	0.0004677412590545771	-0.010820273568318717	0.009511828584860993	-4.9817687014508394e-05	0.012553086332219854
0.0006014533780862585	0.0027906493535978516	-0.0027976193011360895	0.00040533185949698236	-0.011444367563893332	0.007389908999906325	-0.00011222708657254721	0.011804173537529383
-0.0006467346130631935	0.0025410117553676947	-0.0037961696940560508	0.0002805130603826811	-0.012006052159910574	0.007015452602561867	-0.0002994552852448873	0.01086803254416746
-0.0006467346130631935	0.003102696351385381	-0.0038585790936132014	0.0004677412590545771	-0.011194729965663397	0.007826774796809044	-0.00011222708657254721	0.010181529149035029
0.0006638627776438533	0.0019169177597933018	-0.005543632881665594	0.0006549694577269172	-0.009821723175398533	0.008638096991056221	-4.9817687014508394e-05	0.009058159957000766
-0.0007091440126210102	0.0011055955655456806	-0.005481223482108444	0.00040533185949698236	-0.008885582182036167	0.011072063573798197	-4.9817687014508394e-05	0.008309247162310296
0.0005390439785286638	-0.00039223002383392824	-0.006292545676355621	0.0005301506586121718	-0.008823172782479016	0.01269470796229255	-4.9817687014508394e-05	0.007872381365408243
-0.0007715534121781609	-0.0009539146198509485	-0.007291096069275582	0.00040533185949698236	-0.008011850588231395	0.013755667754770329	0.00038704810988754446	0.009120569356557473
0.0009135003758742322	-0.000641867622063863	-0.005293995283436104	0.0010294258550722635	-0.0047665618112422425	0.01849878212113909	1.2591712542198152e-05	0.014550187118059554
-0.0007715534121781609	0.004226065543420088	1.0803678950788154e-05	0.0005301506586121718	-0.011194729965663397	0.011696157569373478	-0.00011222708657254721	0.010930441943724611
0.0005390439785286638	0.0008559579673157458	-0.0027352099015784948	0.00034292245993938764	-0.013503877749290627	0.010572788377338327	-0.00023704588568729257	0.012053811135759762
0.0008510909763159713	0.004226065543420088	-0.0012997937117569247	0.0008421976563994793	-0.01281737435415864	0.009511828584860993	0.0002622293107727991	0.013489227325581776
-0.0008963722112929062	0.004038837344747748	-0.0027976193011360895	9.328486171011896e-05	-0.013503877749290627	0.008513278191941032	-0.000361864684802482	0.012989952129121907
0.0005390439785286638	0.003601971547845473	-0.0032344850980388085	0.00034292245993938764	-0.013878334146635307	0.0098238755826483	-0.00023704588568729257	0.011741764137972677
-0.0004595064143908534	0.002915468152713041	-0.004794720086976012	0.0006549694577269172	-0.011818823961238678	0.011758566968930628	7.500111210023697e-05	0.009994300950362245
0.0006638627776438533	0.0014176425633334322	-0.006105317477683281	0.0008421976563994793	-0.009884132574955906	0.01363084895565514	7.500111210023697e-05	0.008246837762753145
-0.0005219158139484481	-0.00039223002383392824	-0.006791820872816157	0.0005925600581697665	-0.009509676177611448	0.015253493344149938	-0.00023704588568729257	0.007248287369832962
0.0004766345789710691	-0.0018276462136561644	-0.008164827663080576	0.0007797882568425507	-0.008885582182036167	0.016189634337512304	0.0002622293107727991	0.008746112959213015
-0.0004595064143908534	-0.0010163240194089873	-0.004981948285648574	0.0005301506586121718	-0.011257139365220992	0.01456698994901795	-4.9817687014508394e-05	0.009245388155672662
-0.0008339628117361997	0.0007935485677581511	-0.004233035490958548	0.00015569426126749164	-0.012130870959025764	0.011883385768045818	-0.000361864684802482	0.010555985546380375
0.0005390439785286638	0.002291374157138204	-0.0025479817029063767	0.0006549694577269172	-0.013441468349733032	0.00994869438176349	-0.00011222708657254721	0.011866582937087422
-0.00020986881616091857	0.004413293742092872	-0.0007381091157392383	0.0008421976563994793	-0.013004602552830535	0.009074962787958718	0.00038704810988754446	0.013052361528679501
0.0005390439785286638	0.004038837344747748	-0.0023607535042340366	0.0004677412590545771	-0.01281737435415864	0.007889184196366639	-0.00023704588568729257	0.011866582937087422
-0.0006467346130631935	0.0037267903469606622	-0.002860028700693684	0.0005301506586121718	-0.011818823961238678	0.010073513180878235	0.0001374105116573876	0.010243938548592624
0.0007886815767585986	0.0021665553580230146	-0.004357854290073293	0.0007797882568425507	-0.009260038579381735	0.01494144634636263	-0.00011222708657254721	0.009120569356557473
-0.0007091440126210102	0.00010704517262616342	-0.006791820872816157	0.000717378857284956	-0.009135219780266546	0.01631445313662705	-4.9817687014508394e-05	0.007061059171160622
0.0006014533780862585	-0.0015780086154262296	-0.006417364475470366	0.000717378857284956	-0.008323897586018925	0.016876137732644736	0.0002622293107727991	0.007061059171160622
0.00041422517941436254	-0.001078733418966138	-0.005855679879452902	0.0004677412590545771	-0.008573535184249081	0.01506626514547782	-0.00011222708657254721	0.007685153166735903
-0.0007091440126210102	0.00016945457218375815	-0.003546532095826116	0.0004677412590545771	-0.010633045369646155	0.014130124152115009	-0.00011222708657254721	0.009495025753903041
0.000726272177201448	0.0016048707620053282	-0.0021735253055612525	0.000904607055957074	-0.012318099157698104	0.012008204567160563	0.00019981991121520437	0.011055260742840245
-0.0008963722112929062	0.0025410117553676947	-0.0021735253055612525	0.00015569426126749164	-0.013940743546192902	0.009387009785745803	-0.000361864684802482	0.012553086332219854
0.0006014533780862585	0.0034147433491729107	-0.0011749749126412912	0.0004677412590545771	-0.014689656340882928	0.009074962787958718	-0.00023704588568729257	0.012553086332219854
-0.0007715534121781609	0.0032899245500581653	-0.0024231629037916314	0.0002805130603826811	-0.013753515347520562	0.011259291772470759	-0.00017463648613014193	0.011866582937087422
0.0006014533780862585	0.0023537835566953547	-0.004295444890516142	0.000717378857284956	-0.012630146155485855	0.015128674545034748	7.500111210023697e-05	0.011304898341069514
-0.0005219158139484481	0.0017296895611209617	-0.007103867870603242	0.0006549694577269172	-0.011506776963450926	0.0174378223286622	1.2591712542198152e-05	0.010056710349920728
-0.0005219158139484481	-0.001078733418966138	-0.007790371265735674	0.0005301506586121718	-0.010882682967875867	0.01893564791804181	1.2591712542198152e-05	0.009120569356557473
0.0005390439785286638	-0.0014531898163110402	-0.007166277270160393	0.0005301506586121718	-0.011694005162123489	0.01881082911892662	-0.00011222708657254721	0.008558884760540675
-0.000334687615276108	-0.0008290958207362031	-0.006729411473257674	0.0008421976563994793	-0.011569186363008521	0.01725059412998986	0.00032463871032994973	0.009307797555230257
0.0004766345789710691	-0.00014259242560421548	-0.00535640468299281	0.0002805130603826811	-0.013254240151060692	0.014504580549459911	-0.0002994552852448873	0.010805623144609866
-0.0007715534121781609	0.0013552331637758375	-0.0037961696940560508	0.00034292245993938764	-0.014315199943537804	0.012195432765833125	7.500111210023697e-05	0.011429717140185147
0.000726272177201448	0.00210414595846542	-0.003109666298924063	0.000717378857284956	-0.013503877749290627	0.009137372187516313	-0.0002994552852448873	0.011242488941512585
-0.0007715534121781609	0.002291374157138204	-0.0025479817029063767	0.0004677412590545771	-0.013441468349733032	0.009199781587073907	-0.00011222708657254721	0.010431166747264964
0.000726272177201448	0.0022289647575806093	-0.005231585883878509	0.0004677412590545771	-0.012442917956813515	0.011134472973355347	-4.9817687014508394e-05	0.010181529149035029
0.000726272177201448	0.00010704517262616342	-0.005169176484320914	0.0009670164555151128	-0.011381958164335737	0.014005305353000264	0.00032463871032994973	0.009182978756115068
-0.0008339628117361997	-0.0012035522180813274	-0.0063549550759127715	0.00021810366082508637	-0.010945092367433906	0.014754218147689846	-0.00017463648613014193	0.007747562566293054
0.0005390439785286638	-0.001515599215869079	-0.007103867870603242	0.0005925600581697665	-0.009821723175398533	0.01456698994901795	-0.00011222708657254721	0.0071234685707177725
-0.0005843252135055987	-0.0009539146198509485	-0.005169176484320914	0.000717378857284956	-0.009509676177611448	0.014879036946805035	0.0002622293107727991	0.007185877970275811
0.0004766345789710691	-0.0009539146198509485	-0.005044357685206169	0.0002805130603826811	-0.011194729965663397	0.013006754960080746	0.0001374105116573876	0.008933341157885133
-0.0005219158139484481	0.00048150156997062155	-0.004045807292285986	0.0005925600581697665	-0.013067011952387908	0.010822425975568262	-0.00017463648613014193	0.009495025753903041
0.0006014533780862585	0.00123041436466087	-0.0027352099015784948	0.0006549694577269172	-0.013129421351945725	0.01032315077910817	0.0001374105116573876	0.010618394945937526
-0.0005219158139484481	0.0019169177597933018	-0.0029848474998088736	0.00040533185949698236	-0.013191830751503097	0.00988628498220634	-0.00017463648613014193	0.01068080434549512
-0.0007091440126210102	0.001667280161562923	-0.0027976193011360895	0.00040533185949698236	-0.012879783753715346	0.011196882372913386	-0.00017463648613014193	0.01068080434549512
0.0008510909763159713	0.0013552331637758375	-0.0034217132967113706	0.0009670164555151128	-0.011194729965663397	0.01275711736185059	0.0002622293107727991	0.010618394945937526
-0.0008963722112929062	-0.00014259242560421548	-0.005293995283436104	0.0002805130603826811	-0.011319548764778586	0.013069164359637897	-0.0002994552852448873	0.008933341157885133
0.0006638627776438533	0.00010704517262616342	-0.004732310687418417	0.0005925600581697665	-0.010882682967875867	0.013693258355212734	-4.9817687014508394e-05	0.00837165656186789
-0.0005843252135055987	-1.777362648902603e-05	-0.005231585883878509	0.0006549694577269172	-0.01025858897230103	0.014067714752557858	-4.9817687014508394e-05	0.008434065961425485
0.0005390439785286638	0.0006063203690862551	-0.0044826730891884825	0.0006549694577269172	-0.011257139365220992	0.01281952676140774	1.2591712542198152e-05	0.008558884760540675
-0.0005843252135055987	0.0010431861659880859	-0.003546532095826116	0.00040533185949698236	-0.011818823961238678	0.012195432765833125	-0.000361864684802482	0.009182978756115068
0.0004766345789710691	0.0009807767664304912	-0.0029848474998088736	0.0008421976563994793	-0.011694005162123489	0.013069164359637897	0.00038704810988754446	0.010618394945937526
0.0004766345789710691	0.0009183673668733405	-0.0031720756984807696	0.00040533185949698236	-0.013566287148847778	0.013443620756982577	-0.00023704588568729257	0.010493576146822337
-0.0007715534121781609	0.00048150156997062155	-0.004170626091400953	0.00015569426126749164	-0.013503877749290627	0.013942895953442669	-0.0002994552852448873	0.011055260742840245
0.0006638627776438533	0.0006063203690862551	-0.003733760294498456	0.0008421976563994793	-0.013379058950175438	0.015253493344149938	0.0001374105116573876	0.011242488941512585
-0.0004595064143908534	0.0003566827708558762	-0.0036089414953837107	0.000717378857284956	-0.013379058950175438	0.01606481553839756	0.00019981991121520437	0.011304898341069514
0.0004766345789710691	0.00010704517262616342	-0.004732310687418417	0.0004677412590545771	-0.013129421351945725	0.01506626514547782	-0.00023704588568729257	0.010368757347707369
-0.0007715534121781609	0.0006063203690862551	-0.0038585790936132014	0.00034292245993938764	-0.01294219315327294	0.014691808748132251	0.0002622293107727991	0.010181529149035029
0.0008510909763159713	0.0012928237642182427	-0.0034841226962689653	0.0005301506586121718	-0.012193280358583358	0.01381807715432748	1.2591712542198152e-05	0.010181529149035029
-0.0005219158139484481	0.0014800519628905828	-0.00392098849317124	0.00021810366082508637	-0.012630146155485855	0.012944345560522708	-0.00042427408435963265	0.009182978756115068
-0.0005843252135055987	0.0015424613624481776	-0.0037961696940560508	0.0005925600581697665	-0.012193280358583358	0.014005305353000264	-4.9817687014508394e-05	0.010056710349920728
0.0007886815767585986	0.0006063203690862551	-0.004607491888303672	0.000904607055957074	-0.012006052159910574	0.013942895953442669	0.0002622293107727991	0.009744663352132754
-0.0006467346130631935	0.0006063203690862551	-0.0037961696940560508	0.0005301506586121718	-0.012006052159910574	0.014254942951229754	-4.9817687014508394e-05	0.009869482151247944
0.0005390439785286638	0.00023186397174090878	-0.004233035490958548	0.0005925600581697665	-0.012068461559468169	0.01381807715432748	-0.00017463648613014193	0.010056710349920728
-0.0005219158139484481	0.00023186397174090878	-0.003733760294498456	0.0006549694577269172	-0.011257139365220992	0.01363084895565514	-0.000361864684802482	0.008933341157885133
0.00035181577985632373	0.00023186397174090878	-0.0034841226962689653	0.0002805130603826811	-0.012006052159910574	0.011384110571585948	-4.9817687014508394e-05	0.008995750557443172
-0.0005843252135055987	0.0005439109695282163	-0.0033593038971533318	0.000717378857284956	-0.011007501766990613	0.010260741379550575	7.500111210023697e-05	0.008434065961425485
0.000726272177201448	0.0011055955655456806	-0.0026103911024639714	0.0004677412590545771	-0.01025858897230103	0.009324600386188209	-4.9817687014508394e-05	0.007685153166735903
0.0004766345789710691	0.0010431861659880859	-0.003733760294498456	0.0002805130603826811	-0.010133770173186285	0.008950143988843529	-0.00023704588568729257	0.006936240372045432
-0.0006467346130631935	0.0014176425633334322	-0.004045807292285986	0.0006549694577269172	-0.008635944583806676	0.00988628498220634	7.500111210023697e-05	0.007185877970275811
0.0009135003758742322	0.0004190921704134709	-0.0037961696940560508	0.000904607055957074	-0.008323897586018925	0.011196882372913386	0.00032463871032994973	0.0063121463764710395
-0.0008963722112929062	-0.0012659616176387	-0.005855679879452902	0.00015569426126749164	-0.008698353983363827	0.011384110571585948	-0.00023704588568729257	0.005625642981338164
0.0006638627776438533	-0.0013283710171962948	-0.00535640468299281	0.0006549694577269172	-0.00838630698557652	0.011758566968930628	0.00019981991121520437	0.006000099378683066
-0.0005843252135055987	-0.0017652368140985697	-0.004233035490958548	0.0006549694577269172	-0.010633045369646155	0.010822425975568262	-0.0004866834839172274	0.005750461780453575
0.0002894063802991731	-0.0017652368140985697	-0.004669901287860823	0.000717378857284956	-0.009821723175398533	0.010697607176453516	0.00019981991121520437	0.0075603343676207135
-0.0004595064143908534	0.00016945457218375815	-0.0015494313099864154	0.0004677412590545771	-0.011381958164335737	0.008887734589286156	-0.00023704588568729257	0.007248287369832962
-0.0005219158139484481	0.0022289647575806093	-0.0011125655130841405	0.0005925600581697665	-0.01038340777141622	0.008700506390613816	7.500111210023697e-05	0.00849647536098308
0.0005390439785286638	0.002291374157138204	-0.0013622031113140753	0.0004677412590545771	-0.010133770173186285	0.008138821794596351	-0.00011222708657254721	0.007685153166735903
-0.0007091440126210102	0.002291374157138204	-0.002298344104675998	0.0004677412590545771	-0.009884132574955906	0.008950143988843529	-0.00011222708657254721	0.007248287369832962
0.0006638627776438533	0.0010431861659880859	-0.004045807292285986	0.0007797882568425507	-0.008823172782479016	0.010697607176453516	7.500111210023697e-05	0.006374555776028634
-0.0005219158139484481	0.0003566827708558762	-0.004669901287860823	0.0005925600581697665	-0.00807425998778899	0.01238266096450591	-0.0002994552852448873	0.005500824182223418
0.0004766345789710691	-0.0012035522180813274	-0.005918089279010497	0.00040533185949698236	-0.007262937793541813	0.014379761750345388	0.00019981991121520437	0.005937689979125471
-0.0005843252135055987	-0.0012659616176387	-0.005730861080338379	0.0007797882568425507	-0.007512575391771303	0.013755667754770329	0.0001374105116573876	0.006062508778240661
0.000726272177201448	-0.0005170488229491177	-0.0037961696940560508	0.00040533185949698236	-0.009322447978939108	0.01213302336627553	-0.00011222708657254721	0.006374555776028634
0.000726272177201448	0.0013552331637758375	-0.001861478307774167	0.0008421976563994793	-0.009072810380708951	0.011196882372913386	7.500111210023697e-05	0.007685153166735903
-0.0005219158139484481	0.0026034211549252895	-0.0005508809170668982	0.000717378857284956	-0.009634494976726637	0.009449419185303398	0.00019981991121520437	0.007934790764965394
0.0005390439785286638	0.0026034211549252895	-0.0012997937117569247	0.00040533185949698236	-0.01057063597008856	0.007951593595923345	-0.0002994552852448873	0.007497924968063119
-0.0007715534121781609	0.0024786023558101	-0.002048706506446507	0.00040533185949698236	-0.009322447978939108	0.008388459392826286	-0.00017463648613014193	0.007685153166735903
0.0008510909763159713	0.00210414595846542	-0.002298344104675998	0.0008421976563994793	-0.008011850588231395	0.00988628498220634	-0.00011222708657254721	0.006436965175585563
-0.0007715534121781609	0.0004190921704134709	-0.004170626091400953	0.0004677412590545771	-0.006326796800179446	0.013318801957867832	1.2591712542198152e-05	0.005750461780453575
0.0006014533780862585	-0.0005170488229491177	-0.005293995283436104	0.0007797882568425507	-0.006077159201949511	0.01506626514547782	0.0001374105116573876	0.005750461780453575
-0.0006467346130631935	-0.0008915052202937979	-0.004295444890516142	0.000904607055957074	-0.006514024998851342	0.015128674545034748	0.00032463871032994973	0.005937689979125471
-0.0008339628117361997	-0.0005170488229491177	-0.0033593038971533318	0.00034292245993938764	-0.007387756592657002	0.012944345560522708	-0.00017463648613014193	0.006000099378683066
0.0006014533780862585	0.0006063203690862551	-0.0016118407095440102	0.0004677412590545771	-0.008947991581594206	0.011196882372913386	-0.00011222708657254721	0.00649937457514338
-0.0006467346130631935	0.002041736558908269	-0.0006756997161816436	0.000717378857284956	-0.010320998371858625	0.00988628498220634	1.2591712542198152e-05	0.008059609564080583
0.0007886815767585986	0.0027906493535978516	0.00013562247806553351	0.000717378857284956	-0.010882682967875867	0.008950143988843529	0.0001374105116573876	0.008246837762753145
-0.000958781610850945	0.002728239954040479	-0.0006756997161816436	0.00021810366082508637	-0.012006052159910574	0.008638096991056221	1.2591712542198152e-05	0.008558884760540675
0.000726272177201448	0.0024161929562533935	-0.0019862971068889124	0.000717378857284956	-0.010008951374071318	0.011758566968930628	7.500111210023697e-05	0.008122018963637956
-0.0006467346130631935	0.0015424613624481776	-0.0032344850980388085	0.000717378857284956	-0.009509676177611448	0.013942895953442669	1.2591712542198152e-05	0.007310696769390335
0.000726272177201448	0.00029427337129828146	-0.005793270479895973	0.00040533185949698236	-0.008760763382921422	0.015752768540609807	-4.9817687014508394e-05	0.006998649771603027
0.0005390439785286638	-0.001078733418966138	-0.005543632881665594	0.0006549694577269172	-0.008947991581594206	0.01606481553839756	1.2591712542198152e-05	0.006249736976913445
-0.0005219158139484481	-0.0008915052202937979	-0.005169176484320914	0.0006549694577269172	-0.009634494976726637	0.01600240613883952	0.00019981991121520437	0.006749012173373536
0.00035181577985632373	-0.000641867622063863	-0.004857129486533385	0.0002805130603826811	-0.011132320566106246	0.014192533551672604	-0.0002994552852448873	0.006624193374257903
-0.0007715534121781609	0.0008559579673157458	-0.0032344850980388085	0.00021810366082508637	-0.012130870959025764	0.013006754960080746	-0.0002994552852448873	0.00837165656186789
0.0008510909763159713	0.0017920989606781124	-0.0026103911024639714	0.0007797882568425507	-0.012567736755927816	0.01238266096450591	-0.00017463648613014193	0.00849647536098308
-0.0006467346130631935	0.001667280161562923	-0.0027352099015784948	0.00034292245993938764	-0.012068461559468169	0.011196882372913386	-0.00017463648613014193	0.0075603343676207135
0.0004766345789710691	0.0013552331637758375	-0.003109666298924063	0.0002805130603826811	-0.011444367563893332	0.011883385768045818	-0.000361864684802482	0.007248287369832962
-0.0008339628117361997	0.00016945457218375815	-0.004669901287860823	0.0010294258550722635	-0.009072810380708951	0.013443620756982577	0.0005118669090022898	0.0071234685707177725
-0.0007091440126210102	-0.0012659616176387	-0.005231585883878509	0.00034292245993938764	-0.009197629179823474	0.013693258355212734	-0.00011222708657254721	0.005875280579568765
0.00041422517941436254	-0.0017652368140985697	-0.005918089279010497	0.00040533185949698236	-0.009135219780266546	0.013693258355212734	-0.000361864684802482	0.005500824182223418
-0.0004595064143908534	-0.0007042770216214578	-0.0044826730891884825	0.0008421976563994793	-0.007887031789116206	0.013693258355212734	0.00032463871032994973	0.006062508778240661
0.0005390439785286638	-0.00032982062427655556	-0.003733760294498456	0.0004677412590545771	-0.009197629179823474	0.01213302336627553	-0.00017463648613014193	0.005812871180010726
-0.0007091440126210102	0.0006063203690862551	-0.0032344850980388085	0.00034292245993938764	-0.009322447978939108	0.010884835375125856	-0.000361864684802482	0.0056880523808962025
0.00041422517941436254	0.0013552331637758375	-0.0023607535042340366	0.00034292245993938764	-0.008760763382921422	0.009387009785745803	0.00038704810988754446	0.006436965175585563
-0.000334687615276108	0.0023537835566953547	-0.0012997937117569247	0.0004677412590545771	-0.008823172782479016	0.008326049993269136	-0.00011222708657254721	0.005750461780453575
0.0005390439785286638	0.0014800519628905828	-0.0024231629037916314	0.0005301506586121718	-0.007387756592657002	0.008513278191941032	-0.00011222708657254721	0.005376005383108673
0.000726272177201448	0.0006687297686434057	-0.002860028700693684	0.0007797882568425507	-0.006264387400621851	0.008638096991056221	0.0002622293107727991	0.004689501987976241
-0.0007715534121781609	-0.0002050018251618102	-0.0034841226962689653	0.0004677412590545771	-0.004704152411684648	0.008575687591498626	1.2591712542198152e-05	0.004065407992401404
0.0004766345789710691	4.4635773068568696e-05	-0.002672800502021344	0.0004677412590545771	-0.0037680114183225033	0.0075147277990215144	-0.00011222708657254721	0.0030044481999242922
-0.0005219158139484481	0.0006687297686434057	-0.001861478307774167	0.0007797882568425507	-0.0028942798245177315	0.007327499600348952	0.00019981991121520437	0.0033164951977113777
0.000726272177201448	0.0008559579673157458	-0.0016742501091013828	0.0007797882568425507	-0.0024574140276154566	0.006266539807871396	1.2591712542198152e-05	0.0028796294008086587
-0.0006467346130631935	0.001667280161562923	-0.0006132903166240489	0.0005301506586121718	-0.0034559644205345297	0.004394257821146663	-0.00017463648613014193	0.0027548106016939133
0.0005390439785286638	0.001667280161562923	-0.0008629279148539837	0.000717378857284956	-0.0024574140276154566	0.004394257821146663	0.0001374105116573876	0.0031292669990385935
-0.0005843252135055987	0.001667280161562923	-0.0004884715175088594	0.00040533185949698236	-0.002395004628057862	0.00395739202424461	-0.00023704588568729257	0.0022555354052338217
-0.00039709701483370274	0.0013552331637758375	-0.0006756997161816436	0.0007797882568425507	-0.00152127303425309	0.00495594241716435	0.0002622293107727991	0.0029420388003662534
0.0005390439785286638	0.00048150156997062155	-0.0009253373144115784	0.0006549694577269172	-0.0008347696391202142	0.004456667220704258	7.500111210023697e-05	0.002193126005676671
-0.0005219158139484481	0.0006687297686434057	0.00013562247806553351	0.0008421976563994793	0.00022619015335689774	0.004643895419377042	0.00038704810988754446	0.0020683072065614816
0.0004766345789710691	0.00029427337129828146	-0.0003012433188369634	0.0005301506586121718	-2.344744487303707e-05	0.0030212510308822438	-4.9817687014508394e-05	0.0013193944118718992
-0.0007091440126210102	0.0007935485677581511	0.00088453527275556	0.0006549694577269172	0.00078787474937414	0.0018354724392899424	7.500111210023697e-05	0.0006328910167390234
0.0006014533780862585	0.0014176425633334322	0.0017582668665598877	0.000717378857284956	0.0007254653498165453	-0.0005360847438942162	1.2591712542198152e-05	0.0008825286149689582
-0.0006467346130631935	0.0017920989606781124	0.0014462198687728023	0.00040533185949698236	0.001037512347604519	-0.0015346351368141775	-0.00017463648613014193	7.120642072178107e-05
0.0004766345789710691	0.001854508360235485	0.0013838104692154296	0.0005925600581697665	0.0012871499458342317	-0.0006609035430098498	7.500111210023697e-05	0.00019602521983697052
0.0007886815767585986	0.0013552331637758375	0.0005724882749680305	0.0009670164555151128	0.0015367875440646106	0.0008369220463702032	0.00038704810988754446	0.0005080722176247221
-0.0007091440126210102	0.0010431861659880859	0.0003228506767383177	0.0005301506586121718	0.0015991969436213171	0.0013986066423874455	7.500111210023697e-05	0.00019602521983697052
0.0005390439785286638	0.0007935485677581511	-0.00017642451972177398	0.0006549694577269172	0.0012871499458342317	0.001523425441502635	-0.00011222708657254721	-0.00011602177795055901
-0.0005843252135055987	0.00016945457218375815	-5.160572060680657e-05	0.0004677412590545771	0.0015991969436213171	0.0017730630397323477	1.2591712542198152e-05	-0.00036565937618004973
0.000726272177201448	0.0009183673668733405	0.0010093540718703053	0.0007797882568425507	0.0017864251422938793	8.80092516801767e-05	0.0001374105116573876	-0.00024084057706574846
-0.0006467346130631935	0.0011055955655456806	0.0012589916701002402	0.0005925600581697665	0.0003510089524720872	-0.002096319732831642	-0.00017463648613014193	-0.00011602177795055901
0.0006014533780862585	0.0007935485677581511	0.0012589916701002402	0.0006549694577269172	3.8961954684557654e-05	-0.0019715009337168965	-4.9817687014508394e-05	0.0006328910167390234
-0.0007091440126210102	0.0019169177597933018	0.0013838104692154296	0.000904607055957074	-0.0011468166369077437	-3.680954743456866e-05	0.00032463871032994973	0.0013818038114290498
-0.0007715534121781609	0.0006687297686434057	-0.0003012433188369634	0.00040533185949698236	-0.0022077764293852997	0.0020851100375203213	-0.00023704588568729257	0.0021307166061190763
0.0007886815767585986	0.0006063203690862551	-0.000800518515296833	0.0007797882568425507	-0.004017649016552216	0.00495594241716435	0.0001374105116573876	0.0030044481999242922
-0.0005843252135055987	-0.0010163240194089873	-0.0027352099015784948	0.0005925600581697665	-0.006763662597081721	0.009074962787958718	7.500111210023697e-05	0.004502273789303901
0.00022699698074180041	-0.0014531898163110402	-0.003983397892728391	0.00021810366082508637	-0.009197629179823474	0.011259291772470759	-0.00042427408435963265	0.006998649771603027
-0.0005843252135055987	-0.0012659616176387	-0.0031720756984807696	0.0005925600581697665	-0.010882682967875867	0.013942895953442669	-0.00017463648613014193	0.007872381365408243
0.0005390439785286638	-0.0008915052202937979	-0.003546532095826116	0.0005301506586121718	-0.013628696548405816	0.01456698994901795	0.0002622293107727991	0.009307797555230257
-0.0005219158139484481	-1.777362648902603e-05	-0.002235934705118847	0.00034292245993938764	-0.01550097853513055	0.013318801957867832	-0.000361864684802482	0.009182978756115068
0.0005390439785286638	0.0005439109695282163	-0.002298344104675998	0.00021810366082508637	-0.016125072530704943	0.013318801957867832	-0.0002994552852448873	0.009931891550805094
0.0007886815767585986	0.0011055955655456806	-0.002111115906004102	0.000717378857284956	-0.015188931537342576	0.01381807715432748	7.500111210023697e-05	0.010181529149035029
-0.0007091440126210102	0.0011055955655456806	-0.0026103911024639714	0.00034292245993938764	-0.014939293939113085	0.014130124152115009	-0.00011222708657254721	0.00968225395257516
0.0005390439785286638	0.00010704517262616342	-0.004233035490958548	0.00034292245993938764	-0.014814475139998118	0.015191083944592565	-0.00023704588568729257	0.009432616354345447
-0.0005843252135055987	4.4635773068568696e-05	-0.004607491888303672	0.0006549694577269172	-0.013628696548405816	0.01675131893352977	7.500111210023697e-05	0.009058159957000766
0.0007886815767585986	-0.0002050018251618102	-0.004732310687418417	0.0007797882568425507	-0.013628696548405816	0.01781227872600666	-0.0004866834839172274	0.008558884760540675
-0.0010211910104085398	-0.0009539146198509485	-0.005855679879452902	9.328486171011896e-05	-0.013004602552830535	0.01750023172821935	0.0001374105116573876	0.009058159957000766
0.0008510909763159713	0.00016945457218375815	-0.004045807292285986	0.0005925600581697665	-0.013441468349733032	0.01631445313662705	0.0001374105116573876	0.009245388155672662
-0.0005843252135055987	0.0009183673668733405	-0.0029848474998088736	0.0005301506586121718	-0.012879783753715346	0.014629399348574657	-0.00011222708657254721	0.008995750557443172
-0.0006467346130631935	0.0016048707620053282	-0.0021735253055612525	0.0004677412590545771	-0.012068461559468169	0.013131573759195048	-0.00011222708657254721	0.008621294160097381
0.000726272177201448	0.0019793271593506745	-0.002235934705118847	0.000717378857284956	-0.011756414561681083	0.012320251564948315	1.2591712542198152e-05	0.00837165656186789
-0.0006467346130631935	0.0011055955655456806	-0.003109666298924063	0.0005301506586121718	-0.010445817170973815	0.01238266096450591	1.2591712542198152e-05	0.008122018963637956
0.0006014533780862585	0.0009183673668733405	-0.003109666298924063	0.0004677412590545771	-0.009384857378496259	0.012320251564948315	-0.00011222708657254721	0.006561783974700752
-0.0007715534121781609	0.00023186397174090878	-0.0038585790936132014	0.00021810366082508637	-0.008698353983363827	0.01275711736185059	7.500111210023697e-05	0.00649937457514338
0.000726272177201448	0.00023186397174090878	-0.004233035490958548	0.000904607055957074	-0.006139568601507106	0.013318801957867832	0.0001374105116573876	0.005875280579568765
-0.0006467346130631935	0.0003566827708558762	-0.0034217132967113706	0.0005301506586121718	-0.0070757095948690285	0.01281952676140774	-0.00011222708657254721	0.005376005383108673
0.0006014533780862585	-1.777362648902603e-05	-0.0029848474998088736	0.0006549694577269172	-0.006389206199737041	0.011758566968930628	0.00019981991121520437	0.005750461780453575
0.0006014533780862585	0.0011680049651030533	-0.0017990689082165723	0.0006549694577269172	-0.0068884813961969105	0.010260741379550575	-4.9817687014508394e-05	0.005063958385321143
-0.0005843252135055987	0.0016048707620053282	-0.0012997937117569247	0.0006549694577269172	-0.006576434398408937	0.009074962787958718	0.0001374105116573876	0.005313595983551078
0.0005390439785286638	0.001667280161562923	-0.0010501561135267679	0.00034292245993938764	-0.005577884005489864	0.006328949207429435	-0.0002994552852448873	0.0041902267915163716
-0.0006467346130631935	0.0022289647575806093	-0.00017642451972177398	0.0005925600581697665	-0.004204877215225	0.005267989414951879	7.500111210023697e-05	0.0033789045972687504
0.000726272177201448	0.0016048707620053282	-0.0006132903166240489	0.000904607055957074	-0.0033311456214197843	0.004519076620261853	-0.00017463648613014193	0.0025051730034642006
-0.0008339628117361997	0.0011055955655456806	-0.0009253373144115784	0.00034292245993938764	-0.0011468166369077437	0.003832573225129865	7.500111210023697e-05	0.002005897807004331
0.0006638627776438533	0.0014176425633334322	-0.0007381091157392383	0.0006549694577269172	-0.0003354944426601225	0.004082210823359356	7.500111210023697e-05	0.001756260208773952
-0.0006467346130631935	0.00048150156997062155	-0.0012997937117569247	0.0006549694577269172	-2.344744487303707e-05	0.0035205262273423354	7.500111210023697e-05	0.0007577098158542128
-0.0007091440126210102	0.0006687297686434057	-0.0011125655130841405	0.0004677412590545771	-0.00046031324177531197	0.0028964322317670543	-4.9817687014508394e-05	0.0002584346193943432
0.0006014533780862585	0.0006687297686434057	-0.0014870219104288207	0.000717378857284956	-0.0002730850431029719	0.0020851100375203213	1.2591712542198152e-05	0.00019602521983697052
-0.0006467346130631935	0.0011055955655456806	1.0803678950788154e-05	0.0005301506586121718	0.0006006465507013559	0.0013361972428298508	1.2591712542198152e-05	-0.00011602177795055901
0.0006638627776438533	0.0012928237642182427	0.0002604412771802789	0.000717378857284956	0.00022619015335689774	2.559985212258198e-05	0.0001374105116573876	-0.00017843117750815374
-0.0005843252135055987	0.0011680049651030533	7.321307850793879e-05	0.0006549694577269172	0.0011623311467190423	-0.0004112659447796929	1.2591712542198152e-05	-0.001364209769100233
0.0004766345789710691	0.0006687297686434057	0.0009469446723127106	0.000717378857284956	0.0024105191378689383	-0.0024083667306193934	-4.9817687014508394e-05	-0.0016762567668873185
-0.0007091440126210102	0.0003566827708558762	0.00044766947585261896	0.000717378857284956	0.0037835259281333578	-0.002907641927079263	1.2591712542198152e-05	-0.0020507131642324428
0.0006638627776438533	-0.00026741122471851675	0.0012589916701002402	0.0006549694577269172	0.004657257521938574	-0.0034693265230965054	0.00019981991121520437	-0.00267480715980728
0.0006638627776438533	-1.777362648902603e-05	0.0010093540718703053	0.000717378857284956	0.004282801124593449	-0.0035941453222112507	0.0001374105116573876	-0.002862035358479842
-0.0007091440126210102	4.4635773068568696e-05	0.0011341728709854948	0.0005301506586121718	0.004844485720610914	-0.0035941453222112507	1.2591712542198152e-05	-0.0029244447580376587
0.0006014533780862585	0.0011680049651030533	0.0018830856656750772	0.0007797882568425507	0.0044700293232657895	-0.004218239317786088	7.500111210023697e-05	-0.003111672956710221
-0.0004595064143908534	0.0010431861659880859	0.0018830856656750772	0.0008421976563994793	0.003970754126805698	-0.003094870125751825	0.0002622293107727991	-0.003049263557152626
0.00041422517941436254	0.0006687297686434057	0.0015710386678879917	0.00034292245993938764	0.0036587071290190565	-0.004031011119114192	1.2591712542198152e-05	-0.002862035358479842
-0.0006467346130631935	0.0016048707620053282	0.0022575420630199794	0.0004677412590545771	0.003970754126805698	-0.0032820983244241653	0.00032463871032994973	-0.002237941362905227
0.0008510909763159713	0.0011055955655456806	0.001945495065232672	0.0006549694577269172	0.0044700293232657895	-0.0034069171235389106	0.00019981991121520437	-0.002237941362905227
-0.0005843252135055987	0.0006687297686434057	0.0020079044647902666	0.0005301506586121718	0.0038459353276909525	-0.00440546751645865	-4.9817687014508394e-05	-0.0025499883606925344
-0.0006467346130631935	0.00048150156997062155	0.0016958574670031812	0.0005925600581697665	0.0035962977294614618	-0.0032196889248661265	1.2591712542198152e-05	-0.0016762567668873185
0.0007886815767585986	0.0011055955655456806	0.0028816360585950385	0.0010294258550722635	0.004220391725036299	-0.0028452325275216683	0.0004494575094446951	-0.001176981570427671
-0.0007715534121781609	0.0017296895611209617	0.0025071796612503583	0.0002805130603826811	0.002472928537426089	-0.0032820983244241653	-0.0002994552852448873	-0.001176981570427671
0.0006014533780862585	0.0013552331637758375	0.0018830856656750772	0.000717378857284956	0.001037512347604519	-0.0012849975385844647	-0.00011222708657254721	0.00156903201010139
-0.000334687615276108	0.0019169177597933018	0.002132723263905456	0.0008421976563994793	0.00016378075379930301	0.0007121032472545696	-0.00042427408435963265	0.0023179448047918605
0.0002894063802991731	0.0014176425633334322	0.0003852600762959124	0.0002805130603826811	-0.005328246407259485	0.007889184196366639	0.0004494575094446951	0.0054384147826658236
-0.00039709701483370274	0.0009183673668733405	-0.0004884715175088594	0.00034292245993938764	-0.008635944583806676	0.010011103781321085	-0.000361864684802482	0.006124918177798255
0.00035181577985632373	0.00029427337129828146	-0.002298344104675998	0.0005925600581697665	-0.011694005162123489	0.01456698994901795	1.2591712542198152e-05	0.008933341157885133
0.0006014533780862585	-0.0002050018251618102	-0.003296894497596181	0.0006549694577269172	-0.014440018742652994	0.01725059412998986	-0.00011222708657254721	0.010743213745052715
-0.0005843252135055987	0.0003566827708558762	-0.002672800502021344	0.000717378857284956	-0.01624989132981991	0.01912287611671415	0.00019981991121520437	0.012677905131334155
0.0006014533780862585	-8.018302604662075e-05	-0.0033593038971533318	0.00040533185949698236	-0.01874626731211948	0.019622151313173797	-0.00023704588568729257	0.013052361528679501
-0.0007715534121781609	-8.018302604662075e-05	-0.0031720756984807696	0.00040533185949698236	-0.0175604887205274	0.01931010431538671	-0.00011222708657254721	0.012053811135759762
0.0007886815767585986	0.0010431861659880859	-0.0023607535042340366	0.0008421976563994793	-0.016187481930262537	0.01750023172821935	-0.000361864684802482	0.011991401736201945
-0.0008963722112929062	0.0007935485677581511	-0.0036089414953837107	0.00015569426126749164	-0.018808676711677075	0.0194349231145019	-0.00011222708657254721	0.012989952129121907
0.0006638627776438533	0.0007935485677581511	-0.004295444890516142	0.0004677412590545771	-0.0201192741023839	0.021744070898128687	-0.00023704588568729257	0.013801274323369528
-0.0007091440126210102	0.0009807767664304912	-0.005668451680780784	0.0005301506586121718	-0.0211802338948619	0.02342912468618108	-0.00011222708657254721	0.014175730720714208
-0.0005843252135055987	4.4635773068568696e-05	-0.00623013627679847	0.0005301506586121718	-0.02055613989928662	0.024677312677330754	1.2591712542198152e-05	0.014987052914961385
0.0005390439785286638	-0.00039223002383392824	-0.006479773875028183	0.0004677412590545771	-0.021679509091321325	0.025488634871578153	-0.00017463648613014193	0.01479982471628949
-0.0006467346130631935	-0.000641867622063863	-0.007166277270160393	0.00040533185949698236	-0.021929146689551482	0.026362366465382703	-4.9817687014508394e-05	0.015361509312306287
0.0006638627776438533	-0.0005170488229491177	-0.006854230272372863	0.000717378857284956	-0.021242643294419494	0.02586309126892261	7.500111210023697e-05	0.013301999126909436
-0.0006467346130631935	-0.0004546394233910789	-0.006542183274585778	0.00021810366082508637	-0.020868186897074148	0.02430285627998585	-0.0006115022830324168	0.011866582937087422
0.00035181577985632373	-0.00032982062427655556	-0.006979049071488053	0.00015569426126749164	-0.01693639472495212	0.02099515810343866	0.00038704810988754446	0.011991401736201945
-0.000334687615276108	0.00123041436466087	-0.005668451680780784	0.00034292245993938764	-0.01774771691919952	0.01968456071273139	-0.000361864684802482	0.010493576146822337
0.0004766345789710691	0.00123041436466087	-0.006042908078125686	0.00040533185949698236	-0.016125072530704943	0.019185285516271522	-0.00011222708657254721	0.010243938548592624
0.0007886815767585986	0.0008559579673157458	-0.005730861080338379	0.0006549694577269172	-0.011756414561681083	0.01606481553839756	7.500111210023697e-05	0.007685153166735903
-0.0005843252135055987	0.00023186397174090878	-0.004981948285648574	0.0005301506586121718	-0.007762212990001904	0.012944345560522708	1.2591712542198152e-05	0.004751911387533392
0.0005390439785286638	-0.0005794582225067124	-0.005730861080338379	0.00040533185949698236	-0.004891380610356988	0.010011103781321085	-0.00023704588568729257	0.0027548106016939133
-0.0007715534121781609	-0.00026741122471851675	-0.004545082488746077	0.0005301506586121718	-0.003643192619207314	0.009387009785745803	-4.9817687014508394e-05	0.003066857599481443
0.0008510909763159713	-0.00014259242560421548	-0.0030472568993664684	0.0008421976563994793	-0.005141018208586923	0.0098238755826483	-0.0002994552852448873	0.0037533609946134305
-0.0008963722112929062	-1.777362648902603e-05	-0.0030472568993664684	0.0002805130603826811	-0.007450165992214153	0.00745231839946392	-0.00011222708657254721	0.0048143207870909865
0.0005390439785286638	0.0009807767664304912	-0.0014870219104288207	0.0005301506586121718	-0.008573535184249081	0.007265090200791358	1.2591712542198152e-05	0.005750461780453575
-0.0005843252135055987	0.0017296895611209617	-0.0010501561135267679	0.000717378857284956	-0.007949441188674689	0.007077862002118573	7.500111210023697e-05	0.006062508778240661
-0.0007715534121781609	0.0015424613624481776	-0.0016118407095440102	0.00021810366082508637	-0.007512575391771303	0.007015452602561867	-0.0002994552852448873	0.005625642981338164
0.0007886815767585986	0.0014176425633334322	-0.002298344104675998	0.000904607055957074	-0.007637394190886715	0.008887734589286156	0.00032463871032994973	0.006000099378683066
-0.0008339628117361997	0.0004190921704134709	-0.004420263689631332	0.00034292245993938764	-0.008011850588231395	0.010635197776895478	-0.00017463648613014193	0.006000099378683066
0.0004766345789710691	0.00029427337129828146	-0.0051067670847633195	0.00040533185949698236	-0.008947991581594206	0.012881936160965557	-0.00023704588568729257	0.007185877970275811
-0.0006467346130631935	-0.0002050018251618102	-0.0061677268772408755	0.0005925600581697665	-0.010320998371858625	0.0162520437370699	0.00032463871032994973	0.007997200164522988
0.0008510909763159713	4.4635773068568696e-05	-0.0061677268772408755	0.000904607055957074	-0.011069911166548652	0.01712577533087467	-4.9817687014508394e-05	0.007872381365408243
-0.0007715534121781609	4.4635773068568696e-05	-0.005418814082550405	0.0004677412590545771	-0.010882682967875867	0.015815177940166958	-0.0002994552852448873	0.007497924968063119
0.0004766345789710691	-0.00014259242560421548	-0.0034841226962689653	0.0007797882568425507	-0.008885582182036167	0.014005305353000264	0.0002622293107727991	0.007435515568505524
0.0006014533780862585	0.0008559579673157458	-0.0027352099015784948	0.0005925600581697665	-0.009634494976726637	0.011571338770257844	-0.00017463648613014193	0.006624193374257903
-0.0005843252135055987	0.0010431861659880859	-0.0027352099015784948	0.000717378857284956	-0.010196179572743436	0.011820976368487779	0.0001374105116573876	0.007809971965850204
0.0008510909763159713	0.0006063203690862551	-0.0019238877073317617	0.000904607055957074	-0.009447266778053853	0.012320251564948315	0.00038704810988754446	0.007997200164522988
-0.000958781610850945	0.00029427337129828146	-0.0024231629037916314	0.00015569426126749164	-0.01007136077362869	0.011820976368487779	-0.000361864684802482	0.0073731061689483735
0.0006638627776438533	0.00023186397174090878	-0.002672800502021344	0.0007797882568425507	-0.008885582182036167	0.012195432765833125	0.0002622293107727991	0.007185877970275811
-0.0004595064143908534	-0.00014259242560421548	-0.002672800502021344	0.0008421976563994793	-0.008698353983363827	0.013318801957867832	-0.00011222708657254721	0.006436965175585563
0.0005390439785286638	4.4635773068568696e-05	-0.0029848474998088736	0.00040533185949698236	-0.009384857378496259	0.014192533551672604	1.2591712542198152e-05	0.006873830972488282
-0.0006467346130631935	-1.777362648902603e-05	-0.002860028700693684	0.0006549694577269172	-0.009696904376283344	0.014254942951229754	-4.9817687014508394e-05	0.006998649771603027
-0.0005843252135055987	0.0010431861659880859	-0.002672800502021344	0.0005301506586121718	-0.01057063597008856	0.01456698994901795	1.2591712542198152e-05	0.007310696769390335
0.0004766345789710691	0.0006687297686434057	-0.0032344850980388085	0.00034292245993938764	-0.011069911166548652	0.013693258355212734	-0.00023704588568729257	0.006811421572930687
-0.0006467346130631935	0.0016048707620053282	-0.0024231629037916314	0.00040533185949698236	-0.009759313775841383	0.01269470796229255	-0.00011222708657254721	0.006686602773815942
0.000726272177201448	0.0016048707620053282	-0.0021735253055612525	0.0008421976563994793	-0.009384857378496259	0.012195432765833125	7.500111210023697e-05	0.005875280579568765
-0.0005843252135055987	0.0011055955655456806	-0.0019238877073317617	0.0006549694577269172	-0.008011850588231395	0.011508929370700693	-4.9817687014508394e-05	0.0046270925884186465
0.0005390439785286638	0.0012928237642182427	-0.00142461251087167	0.0004677412590545771	-0.0070757095948690285	0.008700506390613816	-0.00017463648613014193	0.0048143207870909865
-0.0006467346130631935	0.0010431861659880859	-0.0017366595086591996	0.0008421976563994793	-0.006014749802391917	0.008201231194153946	0.00019981991121520437	0.004689501987976241
0.0008510909763159713	0.0008559579673157458	-0.0015494313099864154	0.00034292245993938764	-0.006451615599294636	0.007327499600348952	-0.00017463648613014193	0.004065407992401404
0.00041422517941436254	0.0006687297686434057	-0.0021735253055612525	0.0004677412590545771	-0.007138118994426623	0.007265090200791358	-0.0002994552852448873	0.004065407992401404
-0.0004595064143908534	0.0007935485677581511	-0.0016742501091013828	0.0007797882568425507	-0.006014749802391917	0.008326049993269136	0.00032463871032994973	0.004751911387533392
0.00041422517941436254	0.0007935485677581511	-0.002111115906004102	0.0004677412590545771	-0.007200528393984218	0.008263640593710653	-0.0002994552852448873	0.004377454990188712
-0.0007091440126210102	0.0009183673668733405	-0.0027352099015784948	0.00034292245993938764	-0.007949441188674689	0.009137372187516313	-0.00017463648613014193	0.005063958385321143
0.0005390439785286638	0.0007311391682010004	-0.0027352099015784948	0.0005925600581697665	-0.007824622389559055	0.009511828584860993	0.00019981991121520437	0.0048143207870909865
-0.0005219158139484481	0.0011055955655456806	-0.002485572303348782	0.0006549694577269172	-0.007574984791328898	0.008638096991056221	-0.00011222708657254721	0.0041902267915163716
0.0006014533780862585	0.00023186397174090878	-0.0030472568993664684	0.0005301506586121718	-0.005765112204162204	0.008138821794596351	1.2591712542198152e-05	0.004127817391958555
-0.0006467346130631935	4.4635773068568696e-05	-0.002860028700693684	0.0007797882568425507	-0.005577884005489864	0.007327499600348952	7.500111210023697e-05	0.003690951595056724
-0.0006467346130631935	-0.000641867622063863	-0.002922438100251279	0.00040533185949698236	-0.0052034276081445174	0.007889184196366639	1.2591712542198152e-05	0.004065407992401404
0.0006014533780862585	-0.000641867622063863	-0.002860028700693684	0.0005925600581697665	-0.004828971210799393	0.00745231839946392	-4.9817687014508394e-05	0.0038157703941710253
-0.0007091440126210102	-0.00032982062427655556	-0.0025479817029063767	0.0005301506586121718	-0.005515474605931825	0.008388459392826286	-0.00011222708657254721	0.004564683188861496
0.000726272177201448	-0.0002050018251618102	-0.0024231629037916314	0.0008421976563994793	-0.006139568601507106	0.009262190986630614	0.0002622293107727991	0.0048143207870909865
-0.0008963722112929062	0.00023186397174090878	-0.002672800502021344	0.00021810366082508637	-0.007013300195311434	0.008638096991056221	-0.00011222708657254721	0.0048143207870909865
0.0005390439785286638	0.0005439109695282163	-0.0025479817029063767	0.0005301506586121718	-0.007387756592657002	0.010073513180878235	0.0002622293107727991	0.005313595983551078
-0.0004595064143908534	0.0005439109695282163	-0.002485572303348782	0.0004677412590545771	-0.007200528393984218	0.009324600386188209	-0.00023704588568729257	0.004502273789303901
0.0004766345789710691	0.00048150156997062155	-0.0027352099015784948	0.0004677412590545771	-0.006950890795754505	0.009636647383976182	-4.9817687014508394e-05	0.0048143207870909865
0.000726272177201448	0.00016945457218375815	-0.002672800502021344	0.0007797882568425507	-0.0058275216037193545	0.009574237984418144	0.00019981991121520437	0.0048143207870909865
-0.0007715534121781609	0.0004190921704134709	-0.0019862971068889124	0.00040533185949698236	-0.0052034276081445174	0.008700506390613816	-0.00011222708657254721	0.004439864389745862
0.000726272177201448	0.0006063203690862551	-0.0016742501091013828	0.0005925600581697665	-0.004891380610356988	0.007577137198578665	-4.9817687014508394e-05	0.004065407992401404
-0.0007091440126210102	0.0006687297686434057	-0.0012997937117569247	0.0005925600581697665	-0.0038928302174370266	0.007015452602561867	7.500111210023697e-05	0.003254085798153783
0.0007886815767585986	0.0012928237642182427	-0.0006132903166240489	0.0007797882568425507	-0.0034559644205345297	0.0055800364127389646	-0.00011222708657254721	0.0029420388003662534
-0.0007091440126210102	0.0011680049651030533	-0.0006756997161816436	0.00040533185949698236	-0.002582232826730202	0.0052055800153947285	0.0002622293107727991	0.0028796294008086587
0.0009135003758742322	0.0009807767664304912	-0.00036365271839455815	0.0005925600581697665	-0.0020205482307125155	0.00514317061583669	7.500111210023697e-05	0.002629991802579168
-0.0006467346130631935	0.0011680049651030533	-0.0006132903166240489	0.0005301506586121718	-0.0022701858289426724	0.004831123618049382	1.2591712542198152e-05	0.002193126005676671
-0.0005219158139484481	0.0006063203690862551	-0.0002388339192793687	0.0006549694577269172	-0.000897179038678253	0.0047687142184922315	1.2591712542198152e-05	0.0023179448047918605
0.0009135003758742322	0.00123041436466087	0.0008221258731984094	0.0012790634533026424	-0.0002730850431029719	0.004456667220704258	0.000699095107675074	0.002380354204349011
-0.0008339628117361997	0.0006063203690862551	0.00044766947585261896	0.00021810366082508637	-0.0012092260364653384	0.003208479229554584	-0.00023704588568729257	0.0014442132109870887
0.0005390439785286638	0.0014176425633334322	0.0013838104692154296	0.0005925600581697665	-0.0003354944426601225	0.001710653640174753	1.2591712542198152e-05	0.0007577098158542128
-0.0005219158139484481	0.002291374157138204	0.0020079044647902666	0.0007797882568425507	-2.344744487303707e-05	0.0004624656490250789	-4.9817687014508394e-05	-0.00017843117750815374
0.0006014533780862585	0.00210414595846542	0.0018830856656750772	0.0005925600581697665	0.002472928537426089	-0.0017842727350445564	0.0001374105116573876	-0.0012393909699852657
-0.0006467346130631935	0.0024161929562533935	0.001945495065232672	0.0008421976563994793	0.004220391725036299	-0.002470776130176988	0.00019981991121520437	-0.002425169561577789
0.000726272177201448	0.00210414595846542	0.0008221258731984094	0.0002805130603826811	0.00571821731441613	-0.00315727952530942	-0.00042427408435963265	-0.0037981763518424305
0.0008510909763159713	0.0008559579673157458	0.0015710386678879917	0.0010294258550722635	0.008526640294503007	-0.004031011119114192	0.00038704810988754446	-0.0044222703474172675
-0.0007091440126210102	0.0007935485677581511	0.0014462198687728023	0.0006549694577269172	0.008901096691847687	-0.005216789710706049	0.0001374105116573876	-0.00498395494343451
0.0005390439785286638	4.4635773068568696e-05	0.0018206762661174825	0.000717378857284956	0.008464230894945413	-0.0059657025053960755	1.2591712542198152e-05	-0.005233592541664445
-0.0005843252135055987	0.0007311391682010004	0.0026319984603655477	0.0006549694577269172	0.008152183897157883	-0.006839434099201291	7.500111210023697e-05	-0.00479672674476217
0.0007886815767585986	0.0014800519628905828	0.00319368305638279	0.0008421976563994793	0.007028814705122954	-0.00783798449212103	0.0001374105116573876	-0.004671907945647424
-0.0005843252135055987	0.0011055955655456806	0.0034433206546122808	0.000717378857284956	0.007652908700697791	-0.008774125485482953	-0.00011222708657254721	-0.0054832301398946015
0.0004766345789710691	0.0013552331637758375	0.0028816360585950385	0.000717378857284956	0.008152183897157883	-0.0072138904965457495	0.00032463871032994973	-0.005296001941222039
-0.0004595064143908534	0.0011680049651030533	0.0013214010696578349	0.0006549694577269172	0.008339412095830223	-0.006340158902741422	-0.00017463648613014193	-0.005920095936796876
-0.00039709701483370274	-8.018302604662075e-05	0.0010717634714279	0.0009670164555151128	0.009837237685209832	-0.005528836708493801	0.0004494575094446951	-0.005920095936796876
0.0006638627776438533	-0.0008915052202937979	0.0005724882749680305	0.0007797882568425507	0.00958760008698012	-0.005216789710706049	0.00019981991121520437	-0.006544189932371269
-0.0007715534121781609	-0.0008290958207362031	0.0007597164736399264	0.0004677412590545771	0.00958760008698012	-0.00584088370628133	-0.00011222708657254721	-0.006669008731486903
0.000726272177201448	-0.00014259242560421548	0.0016958574670031812	0.0008421976563994793	0.009525190687422969	-0.0065897965009709125	0.0001374105116573876	-0.0054832301398946015
-0.0005843252135055987	0.0003566827708558762	0.0024447702616927636	0.0005925600581697665	0.007840136899370131	-0.006464977701855723	-0.00017463648613014193	-0.00460949854608983
0.0005390439785286638	0.0007311391682010004	0.003006454857710006	0.0005301506586121718	0.00309702253300137	-0.00440546751645865	0.00038704810988754446	-0.0015514379677730172
-0.000334687615276108	0.0019793271593506745	0.0031312736568247512	0.0005301506586121718	-0.0014588636346954953	-0.0010353599403540859	-0.00011222708657254721	0.0008825286149689582
0.0005390439785286638	0.0010431861659880859	0.0010717634714279	0.0004677412590545771	-0.00439210541389734	0.0035205262273423354	7.500111210023697e-05	0.0036285421954991293
0.0006014533780862585	0.00029427337129828146	-0.0006132903166240489	0.0005925600581697665	-0.0070757095948690285	0.006266539807871396	-0.00017463648613014193	0.005063958385321143
-0.0005219158139484481	-0.0007042770216214578	-0.0014870219104288207	0.0006549694577269172	-0.008885582182036167	0.010760016576010667	7.500111210023697e-05	0.007061059171160622
0.00041422517941436254	-0.0009539146198509485	-0.0031720756984807696	0.0002805130603826811	-0.011881233360795385	0.013193983158753086	-0.0002994552852448873	0.008434065961425485
-0.0006467346130631935	-0.00026741122471851675	-0.00392098849317124	0.00034292245993938764	-0.014440018742652994	0.0162520437370699	-0.00011222708657254721	0.012241039334432324
0.0004766345789710691	-0.00026741122471851675	-0.003983397892728391	0.00034292245993938764	-0.017622898120084995	0.018998057317599404	0.00032463871032994973	0.01479982471628949
-0.000334687615276108	0.0015424613624481776	-0.0032344850980388085	0.0007797882568425507	-0.02205396548866667	0.020745520505208948	-0.0002994552852448873	0.01504946231451898
0.0006014533780862585	0.0013552331637758375	-0.003296894497596181	0.0002805130603826811	-0.02286528768291385	0.020807929904766542	-0.000361864684802482	0.015798375109209006
-0.0007091440126210102	0.0021665553580230146	-0.0026103911024639714	0.0006549694577269172	-0.021929146689551482	0.019559741913616646	7.500111210023697e-05	0.015486328111421477
-0.0007091440126210102	0.001854508360235485	-0.0027352099015784948	0.00034292245993938764	-0.02024409290149931	0.017874688125564253	-0.00017463648613014193	0.014175730720714208
0.0006638627776438533	0.002041736558908269	-0.0029848474998088736	0.00040533185949698236	-0.017872535718314708	0.015627949741494618	-0.00017463648613014193	0.012490676932662259
-0.0006467346130631935	0.0014176425633334322	-0.002235934705118847	0.0004677412590545771	-0.01500170333867068	0.015128674545034748	-0.00011222708657254721	0.011928992336644573
0.0008510909763159713	0.0015424613624481776	-0.002860028700693684	0.000904607055957074	-0.012630146155485855	0.013880486553885518	0.0002622293107727991	0.008995750557443172
-0.0007715534121781609	0.00016945457218375815	-0.002922438100251279	0.0002805130603826811	-0.010695454769203305	0.01275711736185059	1.2591712542198152e-05	0.008059609564080583
0.0006014533780862585	0.00010704517262616342	-0.0029848474998088736	0.000717378857284956	-0.007887031789116206	0.011508929370700693	0.0001374105116573876	0.0073731061689483735
-0.0005843252135055987	0.00048150156997062155	-0.002298344104675998	0.00040533185949698236	-0.008136669387346585	0.011259291772470759	-0.00017463648613014193	0.006811421572930687
0.0004766345789710691	-0.00032982062427655556	-0.002048706506446507	0.0004677412590545771	-0.008760763382921422	0.010510378977780732	-4.9817687014508394e-05	0.007310696769390335
0.0006638627776438533	0.0006687297686434057	-0.0015494313099864154	0.0005925600581697665	-0.009135219780266546	0.010760016576010667	-0.00011222708657254721	0.007061059171160622
-0.0005219158139484481	0.001667280161562923	-0.0012997937117569247	0.0006549694577269172	-0.008323897586018925	0.010198331979993869	0.0001374105116573876	0.007248287369832962
0.0005390439785286638	0.0014176425633334322	-0.0011749749126412912	0.00040533185949698236	-0.0070757095948690285	0.007889184196366639	-0.00017463648613014193	0.0052511865839934835
-0.0008963722112929062	0.0010431861659880859	-0.0011749749126412912	0.00040533185949698236	-0.0047665618112422425	0.006828224403889083	-0.0002994552852448873	0.0023179448047918605
0.0008510909763159713	0.001854508360235485	-0.0006756997161816436	0.000904607055957074	-0.0018957294315977702	0.004519076620261853	-4.9817687014508394e-05	0.0005704816171814286
-0.0005843252135055987	0.0010431861659880859	-0.00017642451972177398	0.00040533185949698236	0.001411968744948977	0.0006496938476978631	7.500111210023697e-05	-0.0008025251730825467
0.000726272177201448	0.001854508360235485	-0.00017642451972177398	0.000717378857284956	0.002472928537426089	-0.0005984941434524771	0.0002622293107727991	-0.0018634849655601027
-0.0004595064143908534	0.001667280161562923	0.00019803187762312824	0.0004677412590545771	0.0023481097383117877	-0.0023459573310613546	-0.00017463648613014193	-0.002612397760250129
-0.0007715534121781609	0.00210414595846542	0.00013562247806553351	0.0005301506586121718	0.003346660131231305	-0.0032820983244241653	-4.9817687014508394e-05	-0.0023003507624625996
0.0008510909763159713	0.0007935485677581511	0.0003852600762959124	0.000904607055957074	0.005031713919283476	-0.002720413728406479	0.00032463871032994973	-0.002487578961135384
-0.0007715534121781609	0.00048150156997062155	0.0002604412771802789	0.0004677412590545771	0.005343760917071005	-0.003968601719556597	-4.9817687014508394e-05	-0.003486129354054457
0.0006638627776438533	-0.00014259242560421548	0.0016334480674455865	0.0007797882568425507	0.006404720709548561	-0.005466427308935762	7.500111210023697e-05	-0.005670458338566942
-0.0005843252135055987	0.0005439109695282163	0.0028816360585950385	0.0006549694577269172	0.007528089901583046	-0.008836534885040548	7.500111210023697e-05	-0.006918646329716838
0.0006014533780862585	0.0019793271593506745	0.005065965043107079	0.0007797882568425507	0.010024465883882172	-0.015576750037249454	0.00032463871032994973	-0.007979606122194616
-0.0005219158139484481	0.0028530587531554463	0.00712547522850393	0.0005925600581697665	0.012458432466624592	-0.019945408006273535	-0.00017463648613014193	-0.010163935106706212
0.0004766345789710691	0.003789199746517813	0.006563790632487132	0.0009670164555151128	0.016327815239189025	-0.019258904611141325	0.00038704810988754446	-0.010975257300953833
0.0006014533780862585	0.0014800519628905828	0.004067414650187118	0.0006549694577269172	0.017638412629896516	-0.017449032023974187	0.0001374105116573876	-0.012909948687235273
-0.0006467346130631935	-8.018302604662075e-05	0.0025071796612503583	0.0007797882568425507	0.019323466417948687	-0.013205192854064851	0.00019981991121520437	-0.012785129888120528
0.0008510909763159713	-0.002326921410116256	-0.0007381091157392383	0.0010294258550722635	0.019448285217063432	-0.007900393891678181	0.0005118669090022898	-0.011287304298740919
-0.0008339628117361997	-0.00376233759993827	-0.0019862971068889124	0.0005301506586121718	0.015766130643171783	-0.0038437829204414076	1.2591712542198152e-05	-0.007542740325291231
0.000726272177201448	-0.0036999282003811196	0.00019803187762312824	0.000904607055957074	0.012520841866182186	-0.0021587291323894586	1.2591712542198152e-05	-0.0061073241354694385
-0.0007715534121781609	-0.0013907804167538895	0.002319951462577574	0.000717378857284956	0.010398922281227296	-0.010459179273535346	0.0001374105116573876	-0.006232142934584628
0.000726272177201448	-8.018302604662075e-05	0.007187884628061525	0.0005301506586121718	0.008901096691847687	-0.016575300430169415	-4.9817687014508394e-05	-0.006918646329716838
-0.0006467346130631935	0.0038516091460749635	0.012243045992218704	0.000904607055957074	0.010835788078129793	-0.022004918191670608	0.0002622293107727991	-0.00748033092573408
-0.0010211910104085398	0.0065976227266049126	0.00980907940947584	0.00021810366082508637	0.01183433847104931	-0.020382273803176254	-0.000361864684802482	-0.008416471919096447
0.000726272177201448	0.005224615936339827	0.00569005903868236	0.0005925600581697665	0.010461331680784891	-0.012705917657604981	-0.00017463648613014193	-0.008478881318654041
-0.0005219158139484481	0.002665830554482884	0.0007597164736399264	0.0007797882568425507	0.010835788078129793	-0.0035941453222112507	0.00019981991121520437	-0.007542740325291231
0.000726272177201448	0.00010704517262616342	-0.005481223482108444	0.0009670164555151128	0.010586150479900303	0.0037701638255722703	0.0004494575094446951	-0.003486129354054457
-0.0007091440126210102	-0.002763787207018531	-0.007790371265735674	0.0005301506586121718	0.005593398515300496	0.010947244774683007	1.2591712542198152e-05	-0.0005528875748528339
0.0005390439785286638	-0.0034502906021505186	-0.006105317477683281	0.0006549694577269172	-0.0005851320408905014	0.006516177406101775	0.0006366857081174793	0.002817220001251508
-0.000334687615276108	0.0004190921704134709	-0.0019238877073317617	0.00040533185949698236	-0.005515474605931825	0.0004624656490250789	-0.0002994552852448873	0.0036285421954991293
0.00035181577985632373	0.00023186397174090878	0.00980907940947584	0.0004677412590545771	-0.006389206199737041	-0.0076507562934484685	-4.9817687014508394e-05	0.004751911387533392
0.0006014533780862585	0.005848709931914664	0.010745220402838651	0.000717378857284956	-0.003643192619207314	-0.016200844032824513	-4.9817687014508394e-05	0.004127817391958555
-0.0004595064143908534	0.0034771527487302833	0.00937221361257401	0.0009670164555151128	0.0002885995529142704	-0.013954105648754656	0.00032463871032994973	0.003066857599481443
0.0005390439785286638	0.00029427337129828146	0.003817777051957627	0.0006549694577269172	0.0017240157427365066	-0.007089071697431004	-4.9817687014508394e-05	0.0008201192154118075
-0.0005219158139484481	-0.003387881202593368	-0.0021735253055612525	0.000904607055957074	0.005281351517513411	0.002771613432652309	0.00032463871032994973	-0.00217553196334741
0.0006014533780862585	-0.005697028986220598	-0.007291096069275582	0.000904607055957074	0.0065919489082206795	0.011134472973355347	-0.00011222708657254721	-0.002612397760250129
-0.0008339628117361997	-0.00638353238135303	-0.008664102859540002	0.00040533185949698236	0.00041341835202945987	0.01693854713220233	0.00032463871032994973	-0.0015514379677730172
0.000726272177201448	-0.003637518800823525	-0.005606042281223189	0.0007797882568425507	-0.004454514813454713	0.009699056783533777	0.0001374105116573876	0.00032084401895215997
-0.0004595064143908534	0.0019793271593506745	0.006314153034256753	0.0005925600581697665	-0.008823172782479016	0.0018978818388475371	7.500111210023697e-05	0.0020683072065614816
-0.0008963722112929062	0.008033038916426483	0.010745220402838651	-3.153393740507049e-05	-0.009759313775841383	-0.007900393891678181	-0.0005490928834748221	0.0027548106016939133
0.000726272177201448	0.009530864505806536	0.01236786479133345	0.0005301506586121718	-0.006638843797966976	-0.015015065441231767	-0.00011222708657254721	0.0027548106016939133
-0.0007091440126210102	0.006347985128374534	0.010308354605935932	0.0002805130603826811	-0.0013964542351379006	-0.015327112439019297	-0.00017463648613014193	0.001132166213199115
0.0004766345789710691	0.0022289647575806093	0.005315602641337014	0.00040533185949698236	0.004157982325478482	-0.011520139066012902	-0.00017463648613014193	-0.0020507131642324428
-0.0006467346130631935	-0.0012035522180813274	0.00013562247806553351	0.0005301506586121718	0.008339412095830223	-0.004093420518671342	1.2591712542198152e-05	-0.0029868541575950314
0.000726272177201448	-0.0036999282003811196	-0.004170626091400953	0.000717378857284956	0.007652908700697791	0.008201231194153946	0.00032463871032994973	-0.0023627601620197503
-0.0004595064143908534	-0.0034502906021505186	-0.004732310687418417	0.00040533185949698236	0.0027849755352138406	0.007140271401676168	-0.00023704588568729257	-0.0023003507624625996
0.0004766345789710691	-0.0013907804167538895	0.00019803187762312824	0.00034292245993938764	-0.0024574140276154566	0.004019801423801761	-0.000361864684802482	-0.00024084057706574846
0.000726272177201448	0.006472803927489723	0.004067414650187118	0.0005925600581697665	-0.006264387400621851	-0.0010977693399121247	-0.00011222708657254721	0.001756260208773952
-0.0007715534121781609	0.007908220117311737	0.00569005903868236	0.00021810366082508637	-0.00769980359044431	-0.00584088370628133	-0.000361864684802482	0.0030044481999242922
0.0004766345789710691	0.0065976227266049126	0.005003555643549484	9.328486171011896e-05	-0.005889931003276949	-0.008087622090350521	-0.0004866834839172274	0.0029420388003662534
-0.0005843252135055987	0.003914018545632558	0.0026944078599231425	0.0005301506586121718	-0.000897179038678253	-0.007276299896103344	1.2591712542198152e-05	0.0011945756127571538
0.0009135003758742322	0.00010704517262616342	-0.0004884715175088594	0.0010918352546298582	0.004844485720610914	-0.004155829918229381	-0.00011222708657254721	-0.0004904781752952392
-0.0007091440126210102	-0.0038871563990539038	-0.004233035490958548	0.00040533185949698236	0.008027365098042916	0.0032708886291121786	0.00019981991121520437	-0.0007401157735258401
0.0006014533780862585	-0.005697028986220598	-0.005169176484320914	0.0011542446541870088	0.007278452303352889	0.004331848421589957	0.0006366857081174793	-0.0006152969744104286
-0.000334687615276108	-0.005072934990645761	-0.001861478307774167	0.00034292245993938764	0.0034714789303462723	0.001523425441502635	-0.0002994552852448873	-0.0012393909699852657
-0.0005219158139484481	0.0006063203690862551	0.001945495065232672	0.0005301506586121718	-0.0003354944426601225	-9.921894699216338e-05	0.0001374105116573876	0.0005080722176247221
0.0006014533780862585	0.003601971547845473	0.004005005250629967	0.0005925600581697665	-0.004828971210799393	-0.002033910333274047	-0.00011222708657254721	0.0015066226105446834
-0.0005219158139484481	0.005162206536782232	0.004816327444877588	0.0005925600581697665	-0.006950890795754505	-0.0018466821346021511	7.500111210023697e-05	0.0029420388003662534
0.0004766345789710691	0.004475703141650245	0.0032560924559399407	0.0002805130603826811	-0.00769980359044431	-0.0005984941434524771	-0.000361864684802482	0.0031916763985966323
-0.0004595064143908534	0.0032275151505005706	0.0016958574670031812	0.000717378857284956	-0.004641743012127497	0.0022723382361922173	0.00019981991121520437	0.0015066226105446834
0.0007886815767585986	0.0006687297686434057	-0.000800518515296833	0.000904607055957074	0.0032218413321165595	0.0037701638255722703	0.0001374105116573876	-5.361237839296429e-05
-0.0005843252135055987	-0.0015780086154262296	-0.002298344104675998	0.0005925600581697665	0.004844485720610914	0.0024595664348645574	-4.9817687014508394e-05	-0.0014266191686578278
0.0005390439785286638	-0.0030134248052482437	-0.0006756997161816436	0.0008421976563994793	0.005031713919283476	0.0011489690441579548	0.00019981991121520437	-0.0007401157735258401
0.0006638627776438533	-0.0007666864211786084	0.0016334480674455865	0.0009670164555151128	0.0037835259281333578	-0.0011601787394692753	0.0002622293107727991	-0.0003032499766228991
-0.0007715534121781609	0.0008559579673157458	0.0034433206546122808	0.00040533185949698236	0.0019112439414090687	-0.0032820983244241653	-0.00011222708657254721	0.00032084401895215997
0.000726272177201448	0.0026034211549252895	0.004753918045319994	0.0008421976563994793	0.0007254653498165453	-0.0042806487173436825	0.00019981991121520437	0.0006953004162966181
-0.0005219158139484481	0.003352333949614872	0.004504280447089837	0.0006549694577269172	0.0005382371511446493	-0.003781373520884257	0.0001374105116573876	-0.00017843117750815374
0.0006638627776438533	0.002665830554482884	0.0031312736568247512	0.000904607055957074	0.0015991969436213171	-0.0021587291323894586	-4.9817687014508394e-05	-0.0015514379677730172
-0.0007715534121781609	0.0011055955655456806	0.0009469446723127106	0.0004677412590545771	0.0061550831113181825	2.559985212258198e-05	0.0001374105116573876	-0.002862035358479842
0.0005390439785286638	-0.00026741122471851675	-0.0006756997161816436	0.000904607055957074	0.008651459093617309	8.80092516801767e-05	0.00038704810988754446	-0.0035485387536124957
-0.0005219158139484481	-0.0013283710171962948	-0.0003012433188369634	0.0007797882568425507	0.009525190687422969	-0.0017218633354869617	7.500111210023697e-05	-0.004547089146531791
-0.00039709701483370274	-0.0012659616176387	0.0020703138643474173	0.0008421976563994793	0.010398922281227296	-0.0042806487173436825	0.0002622293107727991	-0.004297451548302522
0.0006014533780862585	-0.00014259242560421548	0.003942595851072372	0.0006549694577269172	0.009337962488750184	-0.007775575092563436	1.2591712542198152e-05	-0.00448467974697464
-0.0006467346130631935	0.0012928237642182427	0.005627649639124321	0.0005925600581697665	0.007840136899370131	-0.00921099128238545	1.2591712542198152e-05	-0.0034237199544973063
0.0006638627776438533	0.0027906493535978516	0.0062517436346996025	0.0005925600581697665	0.0054061703166286	-0.00921099128238545	1.2591712542198152e-05	-0.0015514379677730172
-0.0005843252135055987	0.003352333949614872	0.005627649639124321	0.0006549694577269172	0.0032218413321165595	-0.0070266622978734095	-4.9817687014508394e-05	-0.0014890285682154225
0.0006638627776438533	0.0029778775522701917	0.004192233449302751	0.0006549694577269172	0.0009751029480469242	-0.0017218633354869617	-0.00011222708657254721	-0.0014890285682154225
-0.0007091440126210102	0.002291374157138204	0.002195132663463051	0.0005301506586121718	0.0012871499458342317	-0.00047367534433728764	-0.00011222708657254721	-0.001988303764675292
0.0006014533780862585	0.001667280161562923	0.0006973070740832199	0.0007797882568425507	0.0025977473365415005	0.0002128280507951441	0.0002622293107727991	-0.0017386661664453573
0.00035181577985632373	0.0006687297686434057	0.0005100788754106578	0.0002805130603826811	0.002472928537426089	-0.0014722257372570269	-0.000361864684802482	-0.0027372165593648745
-0.0007091440126210102	0.0011055955655456806	0.0017582668665598877	0.00034292245993938764	0.0028473849347714353	-0.0032196889248661265	-0.00011222708657254721	-0.0020507131642324428
0.0006638627776438533	0.0015424613624481776	0.0028816360585950385	0.0006549694577269172	0.002098472140081409	-0.005216789710706049	-4.9817687014508394e-05	-0.001613847367330612
-0.0004595064143908534	0.001854508360235485	0.003942595851072372	0.000717378857284956	0.0014743781445070159	-0.006277749503183827	0.00019981991121520437	-0.0005528875748528339
0.0006014533780862585	0.002041736558908269	0.003817777051957627	0.0005925600581697665	0.00041341835202945987	-0.007089071697431004	0.0001374105116573876	-5.361237839296429e-05
-0.0005219158139484481	0.002041736558908269	0.0034433206546122808	0.0006549694577269172	0.0002885995529142704	-0.004093420518671342	1.2591712542198152e-05	-0.00017843117750815374
0.0006638627776438533	0.0012928237642182427	0.002382360862135613	0.0005301506586121718	-2.344744487303707e-05	-0.0015346351368141775	-4.9817687014508394e-05	-0.00011602177795055901
-0.0007091440126210102	0.00029427337129828146	-0.0004260621179521529	0.0005301506586121718	-0.00014826624398822652	0.0006496938476978631	-4.9817687014508394e-05	-5.361237839296429e-05
-0.0005219158139484481	-0.0005794582225067124	-0.000800518515296833	0.0007797882568425507	3.8961954684557654e-05	0.0022723382361922173	0.0001374105116573876	0.0005080722176247221
0.000726272177201448	-0.0008915052202937979	-0.0004884715175088594	0.0008421976563994793	0.00022619015335689774	0.0020227006379622825	0.0002622293107727991	0.0001336158202793758
-0.0006467346130631935	-0.0005170488229491177	0.0003852600762959124	0.0004677412590545771	0.0003510089524720872	0.0004624656490250789	1.2591712542198152e-05	-5.361237839296429e-05
0.000726272177201448	0.00010704517262616342	0.0018830856656750772	0.000717378857284956	0.0007254653498165453	-0.0017218633354869617	7.500111210023697e-05	-0.00024084057706574846
-0.0005219158139484481	0.0009807767664304912	0.0032560924559399407	0.000717378857284956	0.0011623311467190423	-0.0032820983244241653	-4.9817687014508394e-05	-0.0006152969744104286
0.0006014533780862585	0.0014800519628905828	0.0037553676524000323	0.0006549694577269172	0.0011623311467190423	-0.004343058116901277	7.500111210023697e-05	-0.00036565937618004973
-0.0005843252135055987	0.0017296895611209617	0.0037553676524000323	0.0005925600581697665	0.001224740546277081	-0.0034069171235389106	-0.00023704588568729257	-0.0006777063739678013
0.0005390439785286638	0.0017920989606781124	0.0026319984603655477	0.000904607055957074	0.00272256613565669	-0.0010353599403540859	0.0004494575094446951	-5.361237839296429e-05
0.0004766345789710691	0.0010431861659880859	0.0010717634714279	0.0004677412590545771	0.0025977473365415005	-0.0005984941434524771	-0.00023704588568729257	-0.0013018003695428604
-0.0005843252135055987	0.0009807767664304912	0.00088453527275556	0.0006549694577269172	0.0036587071290190565	0.00027523745035273883	7.500111210023697e-05	-0.001364209769100233
0.000726272177201448	0.0009183673668733405	0.0010717634714279	0.0006549694577269172	0.0037835259281333578	-0.00022403774610690874	1.2591712542198152e-05	-0.0019258943651176974
-0.0005219158139484481	0.0013552331637758375	0.0017582668665598877	0.0006549694577269172	0.003970754126805698	-0.0011601787394692753	0.0001374105116573876	-0.0015514379677730172
0.0006014533780862585	0.0017920989606781124	0.0024447702616927636	0.0006549694577269172	0.003721116528576651	-0.0029700513266368578	1.2591712542198152e-05	-0.0007401157735258401
-0.0007091440126210102	0.002291374157138204	0.00319368305638279	0.0005925600581697665	0.004157982325478482	-0.004467876916016467	0.0001374105116573876	-0.0006152969744104286
0.0006638627776438533	0.0019793271593506745	0.00338091125505513	0.00040533185949698236	0.004095572925921331	-0.004343058116901277	-0.00011222708657254721	-0.00042806877573853264
-0.0007091440126210102	0.0014800519628905828	0.0018206762661174825	0.0008421976563994793	0.004157982325478482	-0.0029700513266368578	7.500111210023697e-05	-0.00017843117750815374
-0.0005843252135055987	0.00029427337129828146	0.0005724882749680305	0.0006549694577269172	0.004095572925921331	-0.0007233129425670004	0.0001374105116573876	0.0001336158202793758
0.0006014533780862585	-0.0004546394233910789	-0.0008629279148539837	0.000717378857284956	0.00328425073167371	0.001273787843272256	1.2591712542198152e-05	0.0002584346193943432
-0.0005219158139484481	-0.0005170488229491177	-0.00123738431219933	0.0007797882568425507	0.0025977473365415005	0.003395707428227146	0.00019981991121520437	0.0008201192154118075
0.00041422517941436254	-0.0009539146198509485	-0.0017366595086591996	0.0005925600581697665	0.0011623311467190423	0.00395739202424461	-0.00011222708657254721	0.0013193944118718992
-0.0004595064143908534	-0.00026741122471851675	-0.0005508809170668982	0.0009670164555151128	0.0011623311467190423	0.004082210823359356	-0.00023704588568729257	0.0006328910167390234
0.00041422517941436254	-0.0002050018251618102	-0.0003012433188369634	0.00040533185949698236	0.0004758277515870546	0.0008369220463702032	0.00019981991121520437	0.0012569850123143045
-0.00039709701483370274	0.0006687297686434057	0.0012589916701002402	0.0009670164555151128	0.00041341835202945987	-0.0005984941434524771	0.00032463871032994973	0.0010697568136415203
0.0007886815767585986	0.0006687297686434057	0.0017582668665598877	9.328486171011896e-05	-2.344744487303707e-05	-0.0019090915341593018	-0.00042427408435963265	0.0005080722176247221
0.0007886815767585986	0.0006063203690862551	0.002132723263905456	0.0007797882568425507	0.0006006465507013559	-0.0014722257372570269	0.0002622293107727991	0.0008201192154118075
-0.0007091440126210102	0.00029427337129828146	0.0011965822705430895	0.0005925600581697665	0.00010137135424170829	-0.0006609035430098498	-4.9817687014508394e-05	0.00038325341850953265
0.0006014533780862585	0.00010704517262616342	0.0006973070740832199	0.0006549694577269172	-0.0002730850431029719	0.0004000562494674842	1.2591712542198152e-05	0.0001336158202793758
-0.0005843252135055987	0.0003566827708558762	0.00044766947585261896	0.0005925600581697665	-0.0005851320408905014	0.0017730630397323477	7.500111210023697e-05	0.0004456628180671274
0.0004766345789710691	0.0006687297686434057	0.00019803187762312824	0.0006549694577269172	-0.0015836824338106847	0.0024595664348645574	0.00038704810988754446	0.0013193944118718992
-0.0002722782157185133	0.0012928237642182427	0.0010093540718703053	0.000904607055957074	-0.0033311456214197843	0.00108655964460036	-0.0005490928834748221	0.00038325341850953265
0.00022699698074180041	0.0006687297686434057	0.0003228506767383177	0.0005925600581697665	-0.002519823427172607	0.0005872844481402684	0.0001374105116573876	0.0013818038114290498
-0.0004595064143908534	0.0016048707620053282	0.0015710386678879917	0.0005301506586121718	-0.002332595228499823	-0.0008481317416821899	-0.00023704588568729257	0.0010073474140845917
-0.0007091440126210102	0.0011680049651030533	0.0020079044647902666	0.0004677412590545771	-0.0013340448355803058	-0.0017842727350445564	-0.00011222708657254721	0.000944938014526997
0.000726272177201448	0.0011680049651030533	0.002132723263905456	0.0006549694577269172	-8.58568444306318e-05	-0.002533185529734139	7.500111210023697e-05	0.0005704816171814286
-0.0007091440126210102	0.0007311391682010004	0.0016334480674455865	0.0004677412590545771	0.0007254653498165453	-0.0028452325275216683	-0.00017463648613014193	-5.361237839296429e-05
0.000726272177201448	0.0006687297686434057	0.0015710386678879917	0.0007797882568425507	0.0016616063431789119	-0.0024083667306193934	0.0001374105116573876	-0.0007401157735258401
-0.0008963722112929062	0.0003566827708558762	0.0008221258731984094	0.00021810366082508637	0.0016616063431789119	-0.0019090915341593018	-0.00017463648613014193	-0.0008025251730825467
0.0006014533780862585	0.00048150156997062155	0.00044766947585261896	0.0004677412590545771	0.0016616063431789119	0.00027523745035273883	0.0002622293107727991	7.120642072178107e-05
-0.00039709701483370274	0.0009183673668733405	0.0007597164736399264	0.0006549694577269172	0.0009126935484888854	-0.0001616283465497581	-4.9817687014508394e-05	-0.0005528875748528339
0.0005390439785286638	0.0005439109695282163	0.0011341728709854948	0.0007797882568425507	0.0016616063431789119	-0.00022403774610690874	0.0002622293107727991	8.797021164630436e-06
0.00041422517941436254	0.0007311391682010004	0.0010093540718703053	0.00040533185949698236	0.0010999217471614475	-0.001659453935929367	-0.0002994552852448873	-0.0006777063739678013
-0.0002722782157185133	0.0014176425633334322	0.002195132663463051	0.0009670164555151128	0.0021608815396390035	-0.0011601787394692753	0.0004494575094446951	0.0005704816171814286
0.0005390439785286638	0.0008559579673157458	0.0016958574670031812	0.0005301506586121718	0.0013495593453918264	-0.002033910333274047	-4.9817687014508394e-05	7.120642072178107e-05
-0.0006467346130631935	0.00123041436466087	0.0020703138643474173	0.0004677412590545771	0.0015367875440646106	-0.001659453935929367	-4.9817687014508394e-05	0.000944938014526997
0.0008510909763159713	0.0014176425633334322	0.0020703138643474173	0.0009670164555151128	0.0015991969436213171	-0.0009105411412397846	1.2591712542198152e-05	0.0007577098158542128
-0.0007091440126210102	0.0010431861659880859	0.001508629268330619	0.0004677412590545771	0.0009126935484888854	-0.0006609035430098498	-0.00011222708657254721	0.0001336158202793758
0.0005390439785286638	0.0010431861659880859	0.0009469446723127106	0.0004677412590545771	0.00078787474937414	0.0004624656490250789	-0.00011222708657254721	0.0005080722176247221
-0.0007091440126210102	0.0011680049651030533	0.0012589916701002402	0.0010294258550722635	0.0009126935484888854	0.0013986066423874455	0.0004494575094446951	0.000944938014526997
-0.0008963722112929062	0.0011055955655456806	0.0006348976745256252	0.00034292245993938764	0.0003510089524720872	0.0007121032472545696	-0.0002994552852448873	0.0005080722176247221
0.000726272177201448	0.0014176425633334322	0.0011965822705430895	0.0007797882568425507	0.0008502841489317348	0.0005248750485826736	0.00019981991121520437	0.0006953004162966181
-0.0006467346130631935	0.0013552331637758375	0.0014462198687728023	0.0006549694577269172	0.0014743781445070159	-0.0001616283465497581	7.500111210023697e-05	0.0008201192154118075
0.0007886815767585986	0.0011680049651030533	0.0020079044647902666	0.0010294258550722635	0.0024105191378689383	-0.0009729505407973793	0.00038704810988754446	7.120642072178107e-05
-0.0006467346130631935	0.0006063203690862551	0.0016958574670031812	0.00040533185949698236	0.0024105191378689383	-0.0023459573310613546	7.500111210023697e-05	8.797021164630436e-06
0.0006014533780862585	0.00048150156997062155	0.0017582668665598877	0.0007797882568425507	0.00328425073167371	-0.0022211385319466093	0.00019981991121520437	8.797021164630436e-06
-0.0005219158139484481	0.00016945457218375815	0.0018206762661174825	0.0006549694577269172	0.003346660131231305	-0.002283547931504648	1.2591712542198152e-05	-0.0006777063739678013
0.0005390439785286638	-1.777362648902603e-05	0.0013838104692154296	0.0005301506586121718	0.003721116528576651	-0.0017218633354869617	7.500111210023697e-05	-0.0008025251730825467
0.000726272177201448	0.00010704517262616342	0.0010717634714279	0.000904607055957074	0.003721116528576651	-0.0014098163376994322	0.00019981991121520437	-0.0013018003695428604
-0.0007091440126210102	0.00048150156997062155	0.0013214010696578349	0.0006549694577269172	0.004095572925921331	-0.0009729505407973793	0.0001374105116573876	-0.0014266191686578278
0.0008510909763159713	0.0006687297686434057	0.0015710386678879917	0.0008421976563994793	0.0038459353276909525	-0.0014722257372570269	0.00019981991121520437	-0.001801075566002508
-0.0007715534121781609	0.0007935485677581511	0.0016958574670031812	0.0004677412590545771	0.0036587071290190565	-0.0019090915341593018	-0.00011222708657254721	-0.001988303764675292
0.0008510909763159713	0.0007935485677581511	0.0020703138643474173	0.0009670164555151128	0.0037835259281333578	-0.002533185529734139	-0.0005490928834748221	-0.0027996259589224692
-0.0010211910104085398	0.0003566827708558762	0.0016334480674455865	-3.153393740507049e-05	0.0038459353276909525	-0.003781373520884257	0.0002622293107727991	-0.001988303764675292
0.0009135003758742322	0.0008559579673157458	0.0025071796612503583	0.00034292245993938764	0.0034714789303462723	-0.004093420518671342	-0.00023704588568729257	-0.0021131225637900375
-0.0008963722112929062	0.0004190921704134709	0.0026319984603655477	0.000904607055957074	0.0040331635263632926	-0.0035941453222112507	0.0002622293107727991	-0.001801075566002508
-0.0005843252135055987	0.0007935485677581511	0.002319951462577574	0.0005925600581697665	0.003721116528576651	-0.00371896412132644	7.500111210023697e-05	-0.0020507131642324428
0.00041422517941436254	0.0008559579673157458	0.0018206762661174825	0.0005301506586121718	0.00309702253300137	-0.0038437829204414076	-0.0002994552852448873	-0.002425169561577789
-0.0005219158139484481	0.0009183673668733405	0.0020079044647902666	0.0008421976563994793	0.00328425073167371	-0.002907641927079263	0.00032463871032994973	-0.0018634849655601027
0.00041422517941436254	0.0007311391682010004	0.0013214010696578349	0.00040533185949698236	0.002036062740524258	-0.00315727952530942	-0.00023704588568729257	-0.001613847367330612
-0.0005843252135055987	0.0009807767664304912	0.0013214010696578349	0.0005925600581697665	0.0017240157427365066	-0.002283547931504648	0.0001374105116573876	-0.0012393909699852657
0.000726272177201448	0.0007311391682010004	0.0012589916701002402	0.0008421976563994793	0.0013495593453918264	-0.002033910333274047	-0.00023704588568729257	-0.0009897533717553308
-0.0007715534121781609	0.0006063203690862551	0.0010093540718703053	0.0006549694577269172	0.0013495593453918264	-0.0019715009337168965	1.2591712542198152e-05	-0.0007401157735258401
0.0006014533780862585	0.0005439109695282163	0.0013214010696578349	0.0006549694577269172	0.0016616063431789119	-0.0013474069381420595	0.0001374105116573876	-0.00017843117750815374
0.000726272177201448	0.00016945457218375815	0.0011341728709854948	0.000717378857284956	0.0009751029480469242	-0.0015970445363717722	0.0001374105116573876	-0.00011602177795055901
-0.0008339628117361997	0.00029427337129828146	0.0010093540718703053	0.0002805130603826811	0.00041341835202945987	-0.0013474069381420595	-0.00023704588568729257	0.00019602521983697052
0.0009759097754311608	0.0005439109695282163	0.001508629268330619	0.0010918352546298582	0.0003510089524720872	-0.0006609035430098498	0.0004494575094446951	0.0006328910167390234
-0.0007091440126210102	0.0006063203690862551	0.001508629268330619	0.0005925600581697665	-2.344744487303707e-05	-0.0004112659447796929	7.500111210023697e-05	0.00038325341850953265
0.0006014533780862585	0.0007311391682010004	0.0011341728709854948	0.0005301506586121718	-0.0008347696391202142	-0.0005360847438942162	-0.00011222708657254721	0.0008201192154118075
-0.0007091440126210102	0.0009807767664304912	0.0012589916701002402	0.0004677412590545771	-0.0010219978377929984	0.00108655964460036	0.0002622293107727991	0.001132166213199115
0.0007886815767585986	0.0010431861659880859	0.0013838104692154296	0.0005301506586121718	-0.001084407237350593	0.001710653640174753	1.2591712542198152e-05	0.00156903201010139
-0.0006467346130631935	0.0014800519628905828	0.0010717634714279	0.0005925600581697665	-0.0013964542351379006	0.0014610160419450402	-0.00017463648613014193	0.0013193944118718992
-0.0002722782157185133	0.001667280161562923	0.0018206762661174825	0.0010294258550722635	-0.00021067564354582125	0.0020851100375203213	0.0005742763085598845	0.0019434884074462921
0.0004766345789710691	0.0009807767664304912	0.0011341728709854948	0.00040533185949698236	-0.0008347696391202142	0.0005248750485826736	-0.0002994552852448873	0.0007577098158542128
-0.0006467346130631935	0.0013552331637758375	0.0017582668665598877	0.000717378857284956	-2.344744487303707e-05	0.0004000562494674842	0.0001374105116573876	0.0013193944118718992
0.0009135003758742322	0.0017920989606781124	0.002319951462577574	0.0010294258550722635	0.0006006465507013559	-9.921894699216338e-05	0.0004494575094446951	0.0010697568136415203
-0.0008963722112929062	0.0014176425633334322	0.0020079044647902666	0.00021810366082508637	0.00022619015335689774	-0.0006609035430098498	1.2591712542198152e-05	0.0014442132109870887
0.000726272177201448	0.0017296895611209617	0.002195132663463051	0.000717378857284956	0.00041341835202945987	0.00015041865123777143	0.0001374105116573876	0.001756260208773952
-0.0006467346130631935	0.0017920989606781124	0.001945495065232672	0.0005301506586121718	0.0005382371511446493	0.0004000562494674842	-0.00017463648613014193	0.0013193944118718992
0.0004766345789710691	0.0013552331637758375	0.0011341728709854948	0.0007797882568425507	0.0006630559502589506	0.0009617408454849485	0.00032463871032994973	0.00156903201010139
0.000726272177201448	0.0013552331637758375	0.0009469446723127106	0.0007797882568425507	0.0009751029480469242	0.0011489690441579548	1.2591712542198152e-05	0.0013193944118718992
-0.0006467346130631935	0.0006063203690862551	0.0003228506767383177	0.0005925600581697665	0.0009751029480469242	0.001273787843272256	1.2591712542198152e-05	0.0010073474140845917
0.00041422517941436254	0.00029427337129828146	-0.0001140151201644013	0.00034292245993938764	0.0008502841489317348	0.0007745126468130525	-0.0002994552852448873	0.0005080722176247221
-0.0006467346130631935	0.0005439109695282163	0.0005724882749680305	0.000717378857284956	0.0015991969436213171	0.0012113784437151054	0.00019981991121520437	0.000944938014526997
0.0007886815767585986	0.0007935485677581511	0.0006348976745256252	0.000904607055957074	0.0015991969436213171	0.0006496938476978631	7.500111210023697e-05	0.0008201192154118075
-0.0006467346130631935	0.00048150156997062155	0.0008221258731984094	0.0005301506586121718	0.001411968744948977	-0.0003488565452220982	1.2591712542198152e-05	0.0005080722176247221
0.0005390439785286638	0.00048150156997062155	0.0007597164736399264	0.0005301506586121718	0.0013495593453918264	-0.00028644714566494756	-0.00011222708657254721	0.0007577098158542128
-0.0007091440126210102	0.0007311391682010004	0.0006348976745256252	0.0006549694577269172	0.0008502841489317348	-0.00022403774610690874	7.500111210023697e-05	0.00038325341850953265
-0.0006467346130631935	0.0004190921704134709	0.0005724882749680305	0.0005925600581697665	0.0005382371511446493	0.0005248750485826736	7.500111210023697e-05	0.0008201192154118075
0.0006014533780862585	0.00029427337129828146	-5.160572060680657e-05	0.000717378857284956	-0.0003354944426601225	0.0009617408454849485	7.500111210023697e-05	0.0007577098158542128
-0.0005219158139484481	0.0005439109695282163	0.00019803187762312824	0.0007797882568425507	-0.0002730850431029719	0.0020851100375203213	0.00019981991121520437	0.0014442132109870887
0.0002894063802991731	4.4635773068568696e-05	-0.0006132903166240489	0.00015569426126749164	-0.0015836824338106847	0.0016482442406178244	-0.0004866834839172274	0.0016314414096589847
-0.000334687615276108	0.0006687297686434057	0.00019803187762312824	0.000717378857284956	-0.0010219978377929984	0.0023971570353074068	-0.000361864684802482	0.0008825286149689582
0.00041422517941436254	0.0004190921704134709	-0.0003012433188369634	0.0004677412590545771	-0.0018957294315977702	0.0015858348410602296	0.0001374105116573876	0.0015066226105446834
-0.0005843252135055987	0.0005439109695282163	0.0002604412771802789	0.0008421976563994793	-0.002145367029827483	0.0013986066423874455	0.0002622293107727991	0.0016938508092165794
0.0008510909763159713	0.0008559579673157458	0.00019803187762312824	0.00034292245993938764	-0.0028318704249599147	0.0008369220463702032	-0.00023704588568729257	0.0016314414096589847
0.0006638627776438533	0.0005439109695282163	0.0003852600762959124	0.0006549694577269172	-0.0027070516258449473	0.0009617408454849485	-4.9817687014508394e-05	0.0018186696083315468
-0.0004595064143908534	0.0005439109695282163	0.0006973070740832199	0.0007797882568425507	-0.0022077764293852997	0.0013986066423874455	0.00019981991121520437	0.0022555354052338217
0.000726272177201448	0.0003566827708558762	0.0003852600762959124	0.0005925600581697665	-0.0022077764293852997	0.0007745126468130525	1.2591712542198152e-05	0.00156903201010139
-0.0006467346130631935	0.0006687297686434057	0.0005724882749680305	0.0005301506586121718	-0.00152127303425309	0.0012113784437151054	-4.9817687014508394e-05	0.0010697568136415203
0.0004766345789710691	0.0003566827708558762	0.0002604412771802789	0.0004677412590545771	-0.00170850123292543	0.0008993314459273538	1.2591712542198152e-05	0.0013193944118718992
-0.0006467346130631935	0.0006687297686434057	0.0005100788754106578	0.0004677412590545771	-0.0014588636346954953	0.0007121032472545696	-0.00017463648613014193	0.000944938014526997
0.0004766345789710691	0.0005439109695282163	0.00044766947585261896	0.0007797882568425507	-0.0006475414404478741	0.00108655964460036	0.00032463871032994973	0.0013193944118718992
-0.0004595064143908534	0.0009807767664304912	0.0008221258731984094	0.000717378857284956	-0.00046031324177531197	0.0005248750485826736	7.500111210023697e-05	0.0008201192154118075
-0.0004595064143908534	0.0011055955655456806	0.0012589916701002402	0.000717378857284956	0.00016378075379930301	0.0004624656490250789	0.0001374105116573876	0.0011945756127571538
0.0004766345789710691	0.0009183673668733405	0.0010717634714279	0.0005301506586121718	3.8961954684557654e-05	-9.921894699216338e-05	-0.00023704588568729257	0.0006953004162966181
-0.0004595064143908534	0.0011680049651030533	0.0016334480674455865	0.0007797882568425507	0.00078787474937414	0.0004624656490250789	0.0002622293107727991	0.0013818038114290498
0.0006014533780862585	0.0011055955655456806	0.0015710386678879917	0.0006549694577269172	0.0007254653498165453	2.559985212258198e-05	1.2591712542198152e-05	0.000944938014526997
-0.0005843252135055987	0.0011680049651030533	0.0013838104692154296	0.0005925600581697665	0.0008502841489317348	-0.0001616283465497581	-0.00011222708657254721	0.0005080722176247221
0.0006014533780862585	0.0011680049651030533	0.0013214010696578349	0.0005925600581697665	0.0017240157427365066	8.80092516801767e-05	0.0002622293107727991	0.0007577098158542128
-0.0004595064143908534	0.0014176425633334322	0.0016334480674455865	0.000717378857284956	0.0019112439414090687	-0.00047367534433728764	0.0001374105116573876	0.00032084401895215997
0.000726272177201448	0.0014176425633334322	0.0013214010696578349	0.00040533185949698236	0.0019112439414090687	-0.0005984941434524771	-0.00017463648613014193	0.00032084401895215997
0.0011007285745463502	0.0014176425633334322	0.001508629268330619	0.0012166540537450476	0.0023481097383117877	-0.00028644714566494756	0.0006366857081174793	0.0005080722176247221
-0.0008339628117361997	0.0015424613624481776	0.0016334480674455865	0.00034292245993938764	0.002660156736099095	-0.0003488565452220982	-0.0002994552852448873	0.0004456628180671274
0.0007886815767585986	0.0007935485677581511	0.0008221258731984094	0.0007797882568425507	0.0017240157427365066	-0.0011601787394692753	0.00019981991121520437	8.797021164630436e-06
-0.0007091440126210102	0.001667280161562923	0.0018830856656750772	0.0005301506586121718	0.0029722037338861806	-0.0003488565452220982	-0.00017463648613014193	-0.00042806877573853264
0.00010217818162638892	0.00016945457218375815	0.0006973070740832199	0.00015569426126749164	0.0016616063431789119	-0.0017842727350445564	0.0007615045072326687	0.0010697568136415203
-8.505001704572912e-05	0.0014800519628905828	0.002132723263905456	0.0011542446541870088	0.002535337936984128	-0.0015346351368141775	0.0001374105116573876	0.0001336158202793758
0.0008510909763159713	0.0009807767664304912	0.0014462198687728023	0.0005925600581697665	0.00272256613565669	-0.0012849975385844647	0.0001374105116573876	0.00019602521983697052
-0.0006467346130631935	0.0007935485677581511	0.0003228506767383177	-0.0002811715356350053	0.001037512347604519	-0.002720413728406479	-0.0008611398812625737	-0.0014266191686578278
0.00010217818162638892	0.0021665553580230146	0.0028192266590374437	0.0015911104510895058	0.0036587071290190565	-3.680954743456866e-05	0.0010735515050201982	0.0011945756127571538
-0.00014745941660332385	0.00023186397174090878	0.0006348976745256252	-0.00015635273652025994	0.0011623311467190423	-0.002283547931504648	-0.000985958680377319	-0.0014266191686578278
3.976878206901624e-05	0.0016048707620053282	0.002319951462577574	0.0014662916519745384	0.00309702253300137	-0.0007233129425670004	0.0008239139067898194	0.00019602521983697052
0.0006638627776438533	0.0014800519628905828	0.002132723263905456	0.000717378857284956	0.0028473849347714353	-0.0015346351368141775	7.500111210023697e-05	-0.0018634849655601027
-0.0008339628117361997	-8.018302604662075e-05	0.00044766947585261896	0.00034292245993938764	0.001037512347604519	-0.002907641927079263	0.0002622293107727991	-0.0010521627713129256
0.000726272177201448	0.0006687297686434057	0.0016958574670031812	0.0009670164555151128	0.0017864251422938793	-0.0025955949292917335	-4.9817687014508394e-05	-0.0010521627713129256
-0.0007091440126210102	0.0005439109695282163	0.001508629268330619	0.0010918352546298582	0.002098472140081409	-0.0022211385319466093	0.0004494575094446951	-0.0007401157735258401
0.0010383191749887555	0.0011055955655456806	0.0013838104692154296	0.0002805130603826811	0.0016616063431789119	-0.002720413728406479	-0.00042427408435963265	-0.0012393909699852657
0.0008510909763159713	0.0009183673668733405	0.0020079044647902666	0.000904607055957074	0.0021608815396390035	-0.0023459573310613546	0.00019981991121520437	-0.0009897533717553308
-0.0007715534121781609	0.00023186397174090878	0.0012589916701002402	0.00040533185949698236	0.0015367875440646106	-0.002907641927079263	-4.9817687014508394e-05	-0.0017386661664453573
0.00035181577985632373	0.00010704517262616342	0.00088453527275556	0.00034292245993938764	0.001224740546277081	-0.0030324607261942305	-0.00042427408435963265	-0.0019258943651176974
-0.00039709701483370274	0.0006687297686434057	0.0015710386678879917	0.0007797882568425507	0.002036062740524258	-0.0019090915341593018	0.0002622293107727991	-0.0008649345726401414
0.000726272177201448	0.0008559579673157458	0.0016334480674455865	0.0008421976563994793	0.002036062740524258	-0.0015970445363717722	-0.000361864684802482	-0.0019258943651176974
-0.0008963722112929062	-0.00032982062427655556	0.0003228506767383177	0.00015569426126749164	0.002036062740524258	-0.0019090915341593018	-4.9817687014508394e-05	-0.0012393909699852657
0.0006014533780862585	0.00048150156997062155	0.0011341728709854948	0.0007797882568425507	0.0025977473365415005	-0.0019715009337168965	0.0002622293107727991	-0.0010521627713129256
-0.0004595064143908534	0.00048150156997062155	0.0013838104692154296	0.0005301506586121718	0.0025977473365415005	-0.002533185529734139	-0.00011222708657254721	-0.0014890285682154225
-0.0006467346130631935	0.0003566827708558762	0.0014462198687728023	0.0005925600581697665	0.002535337936984128	-0.002470776130176988	0.0001374105116573876	-0.0012393909699852657
0.0007886815767585986	0.0006063203690862551	0.001508629268330619	0.0007797882568425507	0.0022232909391965983	-0.0024083667306193934	1.2591712542198152e-05	-0.0011145721708705203
-0.0007091440126210102	0.0005439109695282163	0.0016334480674455865	0.0005925600581697665	0.0022232909391965983	-0.002096319732831642	-4.9817687014508394e-05	-0.0008025251730825467
0.0004766345789710691	0.0006063203690862551	0.0013838104692154296	0.0005301506586121718	0.0017240157427365066	-0.0019715009337168965	-0.00017463648613014193	-0.00017843117750815374
-0.0005219158139484481	0.0009807767664304912	0.001508629268330619	0.000717378857284956	0.0017240157427365066	-0.001222588139026648	0.0001374105116573876	-0.00024084057706574846
0.0006638627776438533	0.0008559579673157458	0.0015710386678879917	0.0007797882568425507	0.0017864251422938793	-0.0007857223421245951	-0.00023704588568729257	-0.00011602177795055901
-0.0007715534121781609	0.0011055955655456806	0.0013838104692154296	0.0005301506586121718	0.0015367875440646106	-0.0005360847438942162	-4.9817687014508394e-05	-0.00024084057706574846
0.0006014533780862585	0.0011055955655456806	0.0014462198687728023	0.0005301506586121718	0.0015991969436213171	-0.00022403774610690874	-0.00011222708657254721	7.120642072178107e-05
0.0009135003758742322	0.0015424613624481776	0.0018206762661174825	0.0010294258550722635	0.001848834541851474	2.559985212258198e-05	0.0004494575094446951	0.0005704816171814286
-0.0006467346130631935	0.00123041436466087	0.0015710386678879917	0.0005925600581697665	0.0013495593453918264	-0.0004112659447796929	7.500111210023697e-05	0.00038325341850953265
0.0006638627776438533	0.00123041436466087	0.0015710386678879917	0.0005301506586121718	0.0012871499458342317	-0.0008481317416821899	-0.00011222708657254721	0.00019602521983697052
-0.0005219158139484481	0.0014800519628905828	0.0020703138643474173	0.0006549694577269172	0.0017864251422938793	-0.00047367534433728764	0.0001374105116573876	0.0008825286149689582
0.0006014533780862585	0.0014176425633334322	0.0018830856656750772	0.0005925600581697665	0.0012871499458342317	-0.0008481317416821899	0.00038704810988754446	0.0014442132109870887
-0.00039709701483370274	0.001667280161562923	0.002195132663463051	0.000904607055957074	0.00041341835202945987	-0.00022403774610690874	-0.0002994552852448873	0.0007577098158542128
0.0005390439785286638	0.0009183673668733405	0.0011965822705430895	0.000904607055957074	0.0007254653498165453	0.0009617408454849485	0.00038704810988754446	0.0016938508092165794
-0.0004595064143908534	0.00123041436466087	0.0006973070740832199	0.00040533185949698236	-2.344744487303707e-05	0.0007745126468130525	-0.00023704588568729257	0.001132166213199115
-0.0005843252135055987	0.0007935485677581511	0.0008221258731984094	0.0006549694577269172	0.00016378075379930301	0.001523425441502635	0.0001374105116573876	0.0015066226105446834
0.0007886815767585986	0.0009183673668733405	0.0007597164736399264	0.000904607055957074	0.00016378075379930301	0.001523425441502635	0.0001374105116573876	0.0013818038114290498
-0.0004595064143908534	0.0011055955655456806	0.0011341728709854948	0.0009670164555151128	0.0007254653498165453	0.001710653640174753	0.0004494575094446951	0.0016938508092165794
0.0005390439785286638	0.00048150156997062155	0.0005100788754106578	0.0005301506586121718	-0.00014826624398822652	0.0007121032472545696	-0.00017463648613014193	0.0015066226105446834
-0.0005843252135055987	0.0009807767664304912	0.0010717634714279	0.0006549694577269172	0.0003510089524720872	0.0011489690441579548	1.2591712542198152e-05	0.001132166213199115
0.0006638627776438533	0.0006687297686434057	0.00088453527275556	0.000717378857284956	0.00022619015335689774	0.0006496938476978631	7.500111210023697e-05	0.0013193944118718992
-0.0006467346130631935	0.0008559579673157458	0.0011965822705430895	0.0004677412590545771	-0.0002730850431029719	-9.921894699216338e-05	-0.00023704588568729257	0.0004456628180671274
0.0005390439785286638	0.00023186397174090878	0.0009469446723127106	0.0008421976563994793	0.0004758277515870546	0.0004624656490250789	0.00019981991121520437	0.0010697568136415203
0.0006014533780862585	0.0003566827708558762	0.0003852600762959124	0.0005301506586121718	-0.00014826624398822652	-0.0001616283465497581	-0.00017463648613014193	0.00019602521983697052
-0.0005219158139484481	0.0006687297686434057	0.0008221258731984094	0.0007797882568425507	0.00016378075379930301	0.0008369220463702032	0.00032463871032994973	0.000944938014526997
0.00041422517941436254	0.00023186397174090878	0.00013562247806553351	0.0002805130603826811	-0.0007099508400059129	0.0004624656490250789	-0.0002994552852448873	0.00038325341850953265
-0.00039709701483370274	0.0007935485677581511	0.0006348976745256252	0.0007797882568425507	-0.00021067564354582125	0.0011489690441579548	0.00032463871032994973	0.0005080722176247221
0.00035181577985632373	0.00048150156997062155	0.00019803187762312824	0.00034292245993938764	-0.0005851320408905014	0.0006496938476978631	0.0005118669090022898	0.0008825286149689582
-0.0002722782157185133	0.0005439109695282163	0.00044766947585261896	0.000904607055957074	-0.00046031324177531197	8.80092516801767e-05	-0.00042427408435963265	0.00032084401895215997
0.00035181577985632373	0.00048150156997062155	0.00013562247806553351	0.0010918352546298582	-2.344744487303707e-05	0.0004624656490250789	0.0006366857081174793	0.0008201192154118075
-0.00020986881616091857	0.0004190921704134709	0.0002604412771802789	0.00015569426126749164	-8.58568444306318e-05	-3.680954743456866e-05	-0.00042427408435963265	0.00038325341850953265
-0.00039709701483370274	-1.777362648902603e-05	7.321307850793879e-05	0.000717378857284956	-0.0003354944426601225	-0.0001616283465497581	0.0002622293107727991	0.0004456628180671274
0.0011631379741035008	0.0010431861659880859	0.0010093540718703053	0.001341472852859349	0.0009751029480469242	0.0007121032472545696	0.0006366857081174793	0.0013193944118718992
-0.0008963722112929062	-0.00032982062427655556	-0.0001140151201644013	0.00015569426126749164	-0.00021067564354582125	-0.00047367534433728764	-0.0002994552852448873	7.120642072178107e-05
0.00010217818162638892	-0.0007666864211786084	-0.000800518515296833	-0.00015635273652025994	-0.0009595884382354036	-0.0012849975385844647	-0.0007363210821473842	0.0016314414096589847
-0.00014745941660332385	0.0015424613624481776	0.0017582668665598877	0.0012790634533026424	0.0017240157427365066	0.0010241502450425433	-0.000361864684802482	-0.0006777063739678013
0.00041422517941436254	-0.0002050018251618102	-0.0001140151201644013	0.00040533185949698236	0.0016616063431789119	0.0007121032472545696	0.0006366857081174793	0.001132166213199115
-0.00020986881616091857	0.0014176425633334322	0.0018206762661174825	0.0009670164555151128	0.0009751029480469242	8.80092516801767e-05	0.0002622293107727991	0.0006328910167390234
0.0009135003758742322	0.0011055955655456806	0.00013562247806553351	0.00015569426126749164	-0.00014826624398822652	-0.0006609035430098498	-0.0004866834839172274	-0.00011602177795055901
0.00035181577985632373	0.00016945457218375815	0.00044766947585261896	0.00034292245993938764	-2.344744487303707e-05	-0.00047367534433728764	-0.000361864684802482	-5.361237839296429e-05
-0.00020986881616091857	0.0017296895611209617	0.0018830856656750772	0.0011542446541870088	0.0014743781445070159	0.0012113784437151054	0.0004494575094446951	0.0016938508092165794
0.00035181577985632373	0.0005439109695282163	0.0009469446723127106	0.00034292245993938764	0.0003510089524720872	-0.00022403774610690874	-0.00042427408435963265	0.0001336158202793758
-0.00014745941660332385	0.0016048707620053282	0.001945495065232672	0.0011542446541870088	0.001411968744948977	0.0008369220463702032	0.000699095107675074	0.0015066226105446834
0.00041422517941436254	0.0008559579673157458	0.0010717634714279	0.00034292245993938764	3.8961954684557654e-05	-0.0001616283465497581	0.0006366857081174793	0.00156903201010139
-0.00020986881616091857	0.0016048707620053282	0.0018830856656750772	0.0010918352546298582	-0.00021067564354582125	-0.0005984941434524771	-0.000361864684802482	0.0002584346193943432
0.00041422517941436254	0.0007935485677581511	0.0010093540718703053	0.0010294258550722635	0.0017240157427365066	0.0009617408454849485	0.0005118669090022898	0.0018186696083315468
-0.0002722782157185133	0.0022289647575806093	0.0014462198687728023	0.0004677412590545771	0.00078787474937414	-0.00047367534433728764	-0.00017463648613014193	0.0005080722176247221
-0.000334687615276108	0.001854508360235485	0.002195132663463051	0.0010294258550722635	0.002036062740524258	0.00033764684991033356	0.0005118669090022898	0.0012569850123143045
0.0006014533780862585	0.0012928237642182427	0.0016334480674455865	0.0006549694577269172	0.0013495593453918264	-0.00047367534433728764	7.500111210023697e-05	0.0005080722176247221
-0.0006467346130631935	0.00123041436466087	0.0014462198687728023	0.0005301506586121718	0.001411968744948977	-9.921894699216338e-05	-0.00011222708657254721	0.0006953004162966181
0.000726272177201448	0.0011680049651030533	0.0014462198687728023	0.000904607055957074	0.0013495593453918264	2.559985212258198e-05	0.0001374105116573876	0.000944938014526997
-0.0005219158139484481	0.0011055955655456806	0.0012589916701002402	0.0005925600581697665	0.001224740546277081	-9.921894699216338e-05	-0.0002994552852448873	0.0002584346193943432
0.0004766345789710691	0.0006687297686434057	0.0009469446723127106	0.0004677412590545771	0.0013495593453918264	-3.680954743456866e-05	1.2591712542198152e-05	0.0008201192154118075
-0.0006467346130631935	0.0009807767664304912	0.0011965822705430895	0.0010294258550722635	0.0016616063431789119	-9.921894699216338e-05	0.0004494575094446951	0.0006953004162966181
0.0008510909763159713	0.0011055955655456806	0.0010717634714279	0.00040533185949698236	0.001411968744948977	-0.0005984941434524771	-0.00017463648613014193	0.00019602521983697052
0.0005390439785286638	0.0009183673668733405	0.0013214010696578349	0.0007797882568425507	0.0015367875440646106	-0.0003488565452220982	7.500111210023697e-05	0.0004456628180671274
-0.0006467346130631935	0.0007311391682010004	0.0011341728709854948	0.0005925600581697665	0.0014743781445070159	-0.0007233129425670004	-0.00011222708657254721	-5.361237839296429e-05
0.0006014533780862585	0.0006063203690862551	0.0009469446723127106	0.0005925600581697665	0.0014743781445070159	-0.0010353599403540859	-4.9817687014508394e-05	-0.0003032499766228991
-0.0007091440126210102	0.0003566827708558762	0.0006973070740832199	0.00040533185949698236	0.0014743781445070159	-0.0013474069381420595	-0.00011222708657254721	-0.0009273439721981802
0.0005390439785286638	0.0004190921704134709	0.0008221258731984094	0.0006549694577269172	0.0016616063431789119	-0.0015970445363717722	0.0004494575094446951	-0.00042806877573853264
-0.000334687615276108	0.0007311391682010004	0.0014462198687728023	0.0009670164555151128	0.0015991969436213171	-0.0021587291323894586	-0.00017463648613014193	-0.0012393909699852657
0.0005390439785286638	0.0003566827708558762	0.0009469446723127106	0.0005301506586121718	0.0017864251422938793	-0.0017218633354869617	-4.9817687014508394e-05	-0.0007401157735258401
-0.0007091440126210102	0.0005439109695282163	0.0013838104692154296	0.0008421976563994793	0.0017240157427365066	-0.0017842727350445564	0.00019981991121520437	-0.0007401157735258401
-0.0007715534121781609	0.00029427337129828146	0.0010093540718703053	0.0005925600581697665	0.001411968744948977	-0.0019090915341593018	-4.9817687014508394e-05	-0.0008025251730825467
0.0004766345789710691	0.00023186397174090878	0.0008221258731984094	0.0005301506586121718	0.001037512347604519	-0.0021587291323894586	-0.00023704588568729257	-0.0011145721708705203
-0.0006467346130631935	0.00029427337129828146	0.0010717634714279	0.0005925600581697665	0.0015991969436213171	-0.001659453935929367	0.0001374105116573876	-0.0008025251730825467
0.0005390439785286638	0.00023186397174090878	0.0009469446723127106	0.0005925600581697665	0.0012871499458342317	-0.002033910333274047	-4.9817687014508394e-05	-0.0006777063739678013
-0.0004595064143908534	0.0004190921704134709	0.0011965822705430895	0.0006549694577269172	0.0015991969436213171	-0.0014722257372570269	-0.00023704588568729257	-0.0010521627713129256
0.0004766345789710691	0.00016945457218375815	0.0006973070740832199	0.0004677412590545771	0.0015991969436213171	-0.001222588139026648	0.00032463871032994973	-0.0003032499766228991
-0.0005219158139484481	0.0007311391682010004	0.0013214010696578349	0.0006549694577269172	0.0013495593453918264	-0.0015346351368141775	0.0001374105116573876	-0.0007401157735258401
0.0006638627776438533	0.0006063203690862551	0.0012589916701002402	0.0006549694577269172	0.0015991969436213171	-0.0014098163376994322	1.2591712542198152e-05	-0.00042806877573853264
0.0006638627776438533	0.0006687297686434057	0.0014462198687728023	0.0007797882568425507	0.0016616063431789119	-0.0017218633354869617	-4.9817687014508394e-05	-0.0007401157735258401
-0.0006467346130631935	0.0007311391682010004	0.0014462198687728023	0.0005925600581697665	0.001848834541851474	-0.001659453935929367	0.0001374105116573876	-0.0005528875748528339
0.00035181577985632373	0.0003566827708558762	0.0010093540718703053	0.0002805130603826811	0.0010999217471614475	-0.002096319732831642	-0.000361864684802482	-0.0011145721708705203
-0.00014745941660332385	0.0012928237642182427	0.001945495065232672	0.0011542446541870088	0.0021608815396390035	-0.00047367534433728764	0.000699095107675074	0.0004456628180671274
0.00041422517941436254	0.0006687297686434057	0.0011341728709854948	0.00040533185949698236	0.0009126935484888854	-0.0012849975385844647	1.2591712542198152e-05	0.00038325341850953265
-0.0005843252135055987	0.0010431861659880859	0.0015710386678879917	0.0005301506586121718	0.001224740546277081	-0.00022403774610690874	7.500111210023697e-05	0.00032084401895215997
0.0006638627776438533	0.0010431861659880859	0.0013838104692154296	0.0007797882568425507	0.0015991969436213171	0.0002128280507951441	0.0002622293107727991	0.0006328910167390234
-0.0005219158139484481	0.0012928237642182427	0.0009469446723127106	0.00021810366082508637	0.0006630559502589506	-0.0006609035430098498	-0.00042427408435963265	-0.00017843117750815374
-0.00039709701483370274	0.0014176425633334322	0.0015710386678879917	0.000904607055957074	0.0013495593453918264	0.0004000562494674842	0.00032463871032994973	0.0008825286149689582
0.000726272177201448	0.00123041436466087	0.001508629268330619	0.0008421976563994793	0.0011623311467190423	0.0002128280507951441	0.00019981991121520437	0.0006328910167390234
-0.0005843252135055987	0.0012928237642182427	0.001508629268330619	0.0006549694577269172	0.0012871499458342317	0.0004000562494674842	0.0001374105116573876	0.0010073474140845917
0.0004766345789710691	0.0010431861659880859	0.0012589916701002402	0.0004677412590545771	0.00078787474937414	2.559985212258198e-05	-0.00023704588568729257	0.0013818038114290498
-0.0004595064143908534	0.0013552331637758375	0.0015710386678879917	0.0007797882568425507	0.0012871499458342317	0.0006496938476978631	0.0002622293107727991	0.0011945756127571538
0.000726272177201448	0.0011680049651030533	0.0016958574670031812	0.0008421976563994793	0.0008502841489317348	0.00027523745035273883	-4.9817687014508394e-05	0.0010697568136415203
-0.0007091440126210102	0.0010431861659880859	0.0013214010696578349	0.0006549694577269172	0.00041341835202945987	0.0004624656490250789	-4.9817687014508394e-05	0.0010697568136415203
0.0005390439785286638	0.0009807767664304912	0.0011965822705430895	0.000717378857284956	0.0003510089524720872	0.0008369220463702032	0.0002622293107727991	0.0014442132109870887
0.00041422517941436254	0.0007935485677581511	0.00088453527275556	0.0005301506586121718	-0.00014826624398822652	0.0006496938476978631	-0.00017463648613014193	0.001132166213199115
-0.0007091440126210102	0.0008559579673157458	0.00088453527275556	0.0004677412590545771	-2.344744487303707e-05	0.00108655964460036	-4.9817687014508394e-05	0.0013818038114290498
0.0006638627776438533	0.0009183673668733405	0.0008221258731984094	0.0006549694577269172	-8.58568444306318e-05	0.0011489690441579548	-4.9817687014508394e-05	0.0011945756127571538
-0.0006467346130631935	0.0007935485677581511	0.0008221258731984094	0.0005925600581697665	0.00022619015335689774	0.0011489690441579548	7.500111210023697e-05	0.000944938014526997
0.0006014533780862585	0.0007311391682010004	0.0007597164736399264	0.0005925600581697665	3.8961954684557654e-05	0.0008369220463702032	1.2591712542198152e-05	0.0012569850123143045
-0.0006467346130631935	0.0007935485677581511	0.0008221258731984094	0.0005925600581697665	-0.0003354944426601225	0.0008993314459273538	0.0001374105116573876	0.001132166213199115
0.000726272177201448	0.0006063203690862551	0.0006973070740832199	0.0004677412590545771	-0.0005851320408905014	0.0005872844481402684	1.2591712542198152e-05	0.0010697568136415203
-0.0006467346130631935	0.00048150156997062155	0.0003852600762959124	0.0004677412590545771	-0.0007099508400059129	0.00015041865123777143	-0.0002994552852448873	0.0005704816171814286
-0.0006467346130631935	0.0006687297686434057	0.0006973070740832199	0.0006549694577269172	-0.00021067564354582125	0.0005872844481402684	1.2591712542198152e-05	0.001132166213199115
0.0006638627776438533	0.0006063203690862551	0.0006348976745256252	0.000717378857284956	-0.00014826624398822652	0.00015041865123777143	7.500111210023697e-05	0.0006953004162966181
-0.0006467346130631935	0.0006687297686434057	0.0006973070740832199	0.0005301506586121718	-2.344744487303707e-05	0.00033764684991033356	7.500111210023697e-05	0.0008201192154118075
0.0004766345789710691	0.0003566827708558762	0.0003228506767383177	0.0004677412590545771	-0.0005227226413329067	8.80092516801767e-05	-0.00023704588568729257	0.0008201192154118075
-0.0004595064143908534	0.00048150156997062155	0.0003852600762959124	0.0006549694577269172	-0.0002730850431029719	0.0004624656490250789	-0.00017463648613014193	0.00038325341850953265
0.0004766345789710691	0.00023186397174090878	7.321307850793879e-05	0.0004677412590545771	-0.0005227226413329067	0.0004000562494674842	1.2591712542198152e-05	0.0006953004162966181
-0.0005843252135055987	0.0003566827708558762	0.00013562247806553351	0.0006549694577269172	-0.0003979038422186054	8.80092516801767e-05	-4.9817687014508394e-05	0.00032084401895215997
0.0006014533780862585	0.00029427337129828146	0.0002604412771802789	0.0005301506586121718	3.8961954684557654e-05	2.559985212258198e-05	7.500111210023697e-05	0.0005080722176247221
0.0006014533780862585	0.00016945457218375815	0.0003852600762959124	0.0005925600581697665	0.00010137135424170829	-0.00022403774610690874	1.2591712542198152e-05	0.00032084401895215997
-0.0006467346130631935	0.00048150156997062155	0.0005100788754106578	0.0005301506586121718	0.00016378075379930301	-3.680954743456866e-05	-0.00011222708657254721	0.0005704816171814286
0.0007886815767585986	0.0005439109695282163	0.0006348976745256252	0.000717378857284956	0.0002885995529142704	-0.0001616283465497581	1.2591712542198152e-05	0.0005080722176247221
-0.0005843252135055987	0.0005439109695282163	0.0006973070740832199	0.0005925600581697665	0.0004758277515870546	-3.680954743456866e-05	0.0001374105116573876	0.0004456628180671274
0.0006014533780862585	0.0005439109695282163	0.0005724882749680305	0.000717378857284956	0.0002885995529142704	-0.0001616283465497581	0.00019981991121520437	0.0005704816171814286
-0.0004595064143908534	0.0007311391682010004	0.0009469446723127106	0.000717378857284956	0.0003510089524720872	-0.0006609035430098498	-0.0002994552852448873	-0.00011602177795055901
0.00035181577985632373	0.0003566827708558762	0.0005100788754106578	0.00034292245993938764	0.0006630559502589506	-0.0003488565452220982	-0.00011222708657254721	7.120642072178107e-05
-0.0006467346130631935	0.0006063203690862551	0.0011965822705430895	0.000904607055957074	0.0009751029480469242	0.00015041865123777143	0.00032463871032994973	0.0005080722176247221
-0.0006467346130631935	0.0010431861659880859	0.0011965822705430895	0.0004677412590545771	0.0009126935484888854	0.00027523745035273883	1.2591712542198152e-05	0.0006953004162966181
0.0004766345789710691	0.0010431861659880859	0.0010717634714279	0.0004677412590545771	0.0006006465507013559	-0.0001616283465497581	-0.00023704588568729257	0.0004456628180671274
-0.0005219158139484481	0.0013552331637758375	0.001508629268330619	0.0008421976563994793	0.0009751029480469242	0.0005248750485826736	0.0002622293107727991	0.0010697568136415203
0.000726272177201448	0.0009807767664304912	0.0012589916701002402	0.0006549694577269172	0.00078787474937414	-0.00022403774610690874	1.2591712542198152e-05	0.0008825286149689582
-0.0004595064143908534	0.0013552331637758375	0.0017582668665598877	0.0007797882568425507	0.0013495593453918264	8.80092516801767e-05	7.500111210023697e-05	0.0004456628180671274
0.000726272177201448	0.0011055955655456806	0.001508629268330619	0.0006549694577269172	0.0012871499458342317	0.00027523745035273883	0.0002622293107727991	0.001132166213199115
-0.0005843252135055987	0.0013552331637758375	0.0018206762661174825	9.328486171011896e-05	0.00041341835202945987	-0.0005984941434524771	-0.0006115022830324168	0.0002584346193943432
0.00016458758118398364	0.0008559579673157458	0.0020079044647902666	0.0007797882568425507	0.001411968744948977	0.0004000562494674842	0.0004494575094446951	0.0012569850123143045
0.0004766345789710691	0.00123041436466087	0.0013838104692154296	0.0005301506586121718	0.0008502841489317348	-0.0001616283465497581	-0.0002994552852448873	0.0006328910167390234
-0.000334687615276108	0.0015424613624481776	0.001945495065232672	0.0009670164555151128	0.0017240157427365066	0.00027523745035273883	0.0004494575094446951	0.0011945756127571538
0.00035181577985632373	0.0009183673668733405	0.0011341728709854948	0.00034292245993938764	0.00078787474937414	-0.0008481317416821899	-0.0002994552852448873	0.0001336158202793758
-0.00039709701483370274	0.00123041436466087	0.0016958574670031812	0.0006549694577269172	0.0013495593453918264	-0.0001616283465497581	0.0001374105116573876	0.0001336158202793758
0.00035181577985632373	0.0007935485677581511	0.0010717634714279	0.00040533185949698236	0.0006006465507013559	-0.0006609035430098498	0.0005742763085598845	0.0011945756127571538
-0.0002722782157185133	0.0014800519628905828	0.001945495065232672	0.0010918352546298582	0.001037512347604519	-0.0005984941434524771	-0.00011222708657254721	0.0002584346193943432
0.0005390439785286638	0.0007935485677581511	0.0011965822705430895	0.0005925600581697665	0.001411968744948977	-0.0003488565452220982	1.2591712542198152e-05	0.0005704816171814286
-0.0006467346130631935	0.0010431861659880859	0.0013838104692154296	0.0007797882568425507	0.0017240157427365066	-0.0006609035430098498	0.0001374105116573876	0.0001336158202793758
-0.0006467346130631935	0.0008559579673157458	0.0012589916701002402	0.0005301506586121718	0.001848834541851474	-0.0008481317416821899	1.2591712542198152e-05	-5.361237839296429e-05
0.0002894063802991731	0.00029427337129828146	0.0006348976745256252	0.0002805130603826811	0.0011623311467190423	-0.0015346351368141775	-0.00042427408435963265	-0.0008025251730825467
-0.0005219158139484481	0.0005439109695282163	0.0010717634714279	0.0006549694577269172	0.0016616063431789119	-0.0010353599403540859	7.500111210023697e-05	-0.0003032499766228991
0.000726272177201448	0.0006063203690862551	0.0010093540718703053	0.000717378857284956	0.0015991969436213171	-0.0013474069381420595	0.0001374105116573876	-0.00042806877573853264
-0.0007091440126210102	0.0005439109695282163	0.0008221258731984094	0.0005925600581697665	0.0016616063431789119	-0.001222588139026648	0.00038704810988754446	-0.0004904781752952392
0.0008510909763159713	0.0006687297686434057	0.0012589916701002402	0.0010294258550722635	0.002098472140081409	-0.0017842727350445564	-4.9817687014508394e-05	-0.0008025251730825467
-0.0007091440126210102	0.00048150156997062155	0.0009469446723127106	0.0005301506586121718	0.0017864251422938793	-0.002033910333274047	-0.00011222708657254721	-0.001176981570427671
0.0004766345789710691	0.00023186397174090878	0.0007597164736399264	0.0005301506586121718	0.001848834541851474	-0.0018466821346021511	-0.00011222708657254721	-0.0011145721708705203
0.0006638627776438533	0.00023186397174090878	0.0008221258731984094	0.0006549694577269172	0.0016616063431789119	-0.0019715009337168965	1.2591712542198152e-05	-0.0010521627713129256
-0.0007091440126210102	0.00029427337129828146	0.0008221258731984094	0.0004677412590545771	0.0015367875440646106	-0.0017842727350445564	1.2591712542198152e-05	-0.0008025251730825467
0.0004766345789710691	0.00029427337129828146	0.0006973070740832199	0.0005925600581697665	0.0012871499458342317	-0.0018466821346021511	-0.00011222708657254721	-0.0009897533717553308
-0.0005843252135055987	0.0003566827708558762	0.00088453527275556	0.0005301506586121718	0.0015991969436213171	-0.0017218633354869617	-4.9817687014508394e-05	-0.0009273439721981802
0.0006638627776438533	0.00048150156997062155	0.0010717634714279	0.000717378857284956	0.0015991969436213171	-0.0019715009337168965	1.2591712542198152e-05	-0.0008025251730825467
-0.0006467346130631935	0.0005439109695282163	0.0011965822705430895	0.0005301506586121718	0.0014743781445070159	-0.0015970445363717722	1.2591712542198152e-05	-0.0007401157735258401
0.000726272177201448	0.0006687297686434057	0.0011965822705430895	0.000717378857284956	0.0017240157427365066	-0.0014098163376994322	0.0001374105116573876	-0.0003032499766228991
-0.0005843252135055987	0.0006687297686434057	0.0011341728709854948	0.000717378857284956	0.0012871499458342317	-0.0015970445363717722	1.2591712542198152e-05	-0.0006777063739678013
-0.0006467346130631935	0.0007935485677581511	0.0012589916701002402	0.000717378857284956	0.0013495593453918264	-0.0010977693399121247	1.2591712542198152e-05	-0.00024084057706574846
