Sensor_1	Sensor_2	Sensor_3	Sensor_4	Sensor_5	Sensor_6	Sensor_7	Sensor_8
-0.0005835751492480057	0.0008576403123379261	0.001827577342838227	0.0006215216722202932	0.0005763172316120002	-0.0005367816810120107	0.00018500899256879144	0.0005468265086399082
-0.0007083939483634172	-0.0005153664779264933	0.0025764901375286975	0.000247065274875391	0.0003266796333816213	0.000961043908367154	-6.462860566092132e-05	0.00042200770952560696
0.0006646128419014463	0.0014193249083556125	0.0012658927468209846	0.000247065274875391	0.0002018608342666539	-0.0005991910805702716	-0.00018944740477655486	0.00023477951085304483
-0.000521165749690855	0.0018561907052581095	0.002014805541510567	0.0004967028731057699	0.0008883642293990857	-0.00028714408278274206	0.00012259959301097467	0.0007340547073126924
0.000727022241459041	-0.00039054767881108177	0.0017027585437230375	0.0006215216722202932	0.0007635454302838962	0.0016475473035000299	0.00012259959301097467	0.0013581487028879735
-0.000521165749690855	0.0016689625065855473	-0.0003567516416738137	0.0005591122726633646	0.0007635454302838962	0.0003993593123496897	-0.0002518568043337055	0.0008588735064278818
0.0005397940427862569	0.0008576403123379261	-0.00016952344300125155	0.000247065274875391	0.0011380018276287984	0.0021468224999601215	0.00024741839212638617	0.0017326051002324316
-0.0003963469505761097	-0.00020331948013918577	0.0006417987512463696	0.00012224647576020153	0.0005763172316120002	-9.991588410995789e-05	-0.0003142662038913002	0.0011085111046580387
0.0004149752436719556	0.0014817343079127632	0.0010786645481486445	0.00043429347354773107	0.0012004112271863931	0.0007114063101367751	0.0003098277916835368	0.0013581487028879735
0.0006022034423438516	-1.6091281466401597e-05	0.00120348334726339	0.0004967028731057699	0.0007011360307263015	0.001397909705269651	-6.462860566092132e-05	0.0011085111046580387
-0.0003963469505761097	0.0024178753012751297	0.0012658927468209846	0.0006215216722202932	0.0010755924280718698	0.00014972171411997692	0.00043464659079828216	0.0012957393033299347
0.0005397940427862569	0.0007328215132231808	0.0023892619388559133	0.00043429347354773107	0.0006387266311687068	0.0002121311136773496	-2.219206104214777e-06	0.00042200770952560696
-0.0007083939483634172	-7.850068102399632e-05	0.0017651679432806322	0.00012224647576020153	0.0003890890329394381	0.0008986345088095593	-0.00018944740477655486	0.0006716453077550977
0.0006646128419014463	0.002355465901717535	0.0013283021463785794	0.0005591122726633646	0.0005139078320544055	-0.0007240098796847949	0.00018500899256879144	0.0009212829059854766
-0.0006459845488056004	0.00035836511587805653	0.0019523961419534164	0.00043429347354773107	0.0007011360307263015	0.0011482721070401603	-2.219206104214777e-06	0.0011085111046580387
0.0006646128419014463	0.00017113691720571644	0.0004545705525738075	0.00037188407399058043	0.0008259548298414909	2.4902915004787474e-05	6.019019345382404e-05	0.0013581487028879735
-0.0005835751492480057	0.0021058283034880443	0.0008290269499187097	0.0005591122726633646	0.0008259548298414909	0.0014603191048272457	0.00012259959301097467	0.0011709205042151893
-0.0007083939483634172	0.00042077451543565125	-0.00029434224211621896	0.000247065274875391	0.0005763172316120002	0.0010858627074825655	-0.00012703800521896014	0.0012957393033299347
0.00047738464322866214	0.001981009504372855	-0.00016952344300125155	0.00012224647576020153	0.0003266796333816213	-0.0009112380783575791	-0.0002518568043337055	0.0006716453077550977
-0.0004587563501332603	-0.00014091008058159105	0.001390711545935952	0.0004967028731057699	0.001013183028514275	0.0015851379039424351	0.00024741839212638617	0.001233329903772784
0.00047738464322866214	0.0005455933145508407	1.7704755671088535e-05	0.00018465587531779626	0.0002018608342666539	0.00014972171411997692	-0.00018944740477655486	0.0007340547073126924
-0.000521165749690855	0.0017937813057007368	0.0013283021463785794	0.0004967028731057699	0.0006387266311687068	-0.0003495534823398927	-0.00012703800521896014	0.00042200770952560696
0.0006022034423438516	-0.0008274134757140228	0.0017027585437230375	0.00043429347354773107	0.0005763172316120002	0.0002121311136773496	0.00012259959301097467	0.0008588735064278818
-0.0005835751492480057	0.0012945061092408672	0.0005793893516887749	0.00037188407399058043	0.00026427023382424863	-0.0005367816810120107	-0.00012703800521896014	0.00017237011129522806
0.0005397940427862569	0.0012320967096832725	0.0012658927468209846	0.000247065274875391	0.00026427023382424863	0.0012730909061544615	-6.462860566092132e-05	0.0006716453077550977
0.0006022034423438516	0.0016689625065855473	-0.0003567516416738137	0.00043429347354773107	0.0002018608342666539	-0.00022473468322470325	-6.462860566092132e-05	0.000796464106869843
-0.0004587563501332603	0.0014193249083556125	0.0009538457490334551	0.0006839310717778879	0.0008883642293990857	0.0002121311136773496	0.0003722371912411315	0.0011709205042151893
0.0005397940427862569	-0.0008274134757140228	0.0005793893516887749	0.000247065274875391	0.00013945143470905919	0.0010234533079247488	-0.00018944740477655486	0.000609235908197503
-0.0007708033479205678	0.001544143707470358	-0.0006687986394608991	0.00012224647576020153	1.4632635594313825e-05	-0.00047437228145508215	-0.0002518568043337055	0.0009836923055424052
0.0008518410405735644	0.0009824591114531156	0.0008914363494758604	0.0007463404713359267	0.0008883642293990857	0.0004617687119072844	-0.0002518568043337055	0.000609235908197503
-0.0008956221470353132	-0.0007650040761564281	0.00020493295434342862	5.983707620349499e-05	0.00013945143470905919	-0.0007864192792423896	-0.00018944740477655486	0.00035959830996801223
0.0005397940427862569	0.0014817343079127632	-0.00016952344300125155	0.0006215216722202932	0.0008883642293990857	0.000773815709695258	0.00024741839212638617	0.0009212829059854766
-0.0004587563501332603	0.0006704121136655861	0.0010786645481486445	0.00043429347354773107	0.00026427023382424863	0.0010234533079247488	-2.219206104214777e-06	0.0005468265086399082
-0.0005835751492480057	0.0020434189039304496	0.0005793893516887749	0.0003094746744329857	0.0005139078320544055	-0.0007240098796847949	6.019019345382404e-05	0.0006716453077550977
0.000727022241459041	0.00017113691720571644	0.0018899867423958217	0.0005591122726633646	0.0007635454302838962	0.0007114063101367751	0.00018500899256879144	0.0005468265086399082
-0.0006459845488056004	0.00017113691720571644	0.0007042081508030762	0.000247065274875391	0.00045149843249681076	0.000773815709695258	-0.00012703800521896014	0.000796464106869843
0.0007894316410161917	0.0022930565021608285	0.0006417987512463696	0.0006839310717778879	0.0006387266311687068	-0.0004119628818974874	0.00024741839212638617	0.0009836923055424052
-0.0006459845488056004	0.00010872751764834376	0.0014531209454937688	0.00037188407399058043	0.0007011360307263015	0.0010858627074825655	-0.00012703800521896014	0.001233329903772784
0.0006022034423438516	0.0006704121136655861	-4.47046438860621e-05	0.0004967028731057699	0.0010755924280718698	0.00027454051323494433	0.00018500899256879144	0.0014205581024455682
-0.0004587563501332603	0.001981009504372855	1.7704755671088535e-05	0.00018465587531779626	0.0006387266311687068	0.0012730909061544615	-0.00018944740477655486	0.000796464106869843
0.0005397940427862569	-0.0006401852770416827	-0.00016952344300125155	0.00043429347354773107	0.0007635454302838962	0.0012106815065973109	6.019019345382404e-05	0.0014829675020022748
0.0006646128419014463	0.001981009504372855	0.0008914363494758604	0.0005591122726633646	0.0009507736289562363	-0.00028714408278274206	0.00012259959301097467	0.000796464106869843
-0.0008332127474786066	-0.0004529570783691206	0.0021396243406262005	0.00012224647576020153	0.0005139078320544055	0.0011482721070401603	-0.00012703800521896014	0.0006716453077550977
0.0006646128419014463	0.0012945061092408672	0.00120348334726339	0.00037188407399058043	0.0005139078320544055	0.00014972171411997692	-2.219206104214777e-06	0.000796464106869843
-0.0007083939483634172	0.0020434189039304496	0.001640349144166331	0.000247065274875391	0.0006387266311687068	-0.0005991910805702716	-0.00012703800521896014	0.0013581487028879735
0.0009142504401318252	0.00023354631676331117	0.0025140807379706587	0.0009335686700078227	0.0013252300263015826	0.0017723661026145532	-2.219206104214777e-06	0.0011085111046580387
-0.0006459845488056004	0.00173137190614292	0.0006417987512463696	0.000247065274875391	0.0005763172316120002	-0.0004119628818974874	-0.00012703800521896014	0.000609235908197503
0.0004149752436719556	0.0014817343079127632	0.0011410739477062393	0.0006839310717778879	0.0012004112271863931	0.0023340506986320175	0.00043464659079828216	0.0016077863011174642
-0.00033393755101851497	-0.0002657288796967805	-0.0007936174385760886	0.0003094746744329857	0.00045149843249681076	8.73123145623822e-05	-0.00012703800521896014	0.0011709205042151893
-0.0007083939483634172	0.0008576403123379261	-4.47046438860621e-05	0.00018465587531779626	0.0009507736289562363	0.0007114063101367751	-0.00012703800521896014	0.0011709205042151893
0.0005397940427862569	-0.0006401852770416827	0.00014252355478627798	0.00037188407399058043	0.0007635454302838962	0.0018971849017297426	-0.00012703800521896014	0.0011709205042151893
-0.0004587563501332603	0.002168237703045639	0.00032975175345906216	0.0006215216722202932	0.0012004112271863931	0.00033694991279253905	0.0003722371912411315	0.0014829675020022748
0.0005397940427862569	0.0006080027141084354	0.0018899867423958217	0.00037188407399058043	0.0005763172316120002	2.4902915004787474e-05	-6.462860566092132e-05	0.000796464106869843
-0.0006459845488056004	0.00017113691720571644	0.001827577342838227	0.0003094746744329857	0.0003890890329394381	0.0010234533079247488	0.00018500899256879144	0.0006716453077550977
0.000727022241459041	0.0024178753012751297	0.0014531209454937688	0.0005591122726633646	0.0003890890329394381	8.73123145623822e-05	-0.00018944740477655486	0.00023477951085304483
-0.0007708033479205678	0.00017113691720571644	0.002014805541510567	0.00018465587531779626	1.4632635594313825e-05	0.0005865875110224739	-0.00018944740477655486	0.00042200770952560696
0.00047738464322866214	-0.00014091008058159105	8.011415522868326e-05	0.0005591122726633646	0.0007011360307263015	-0.00028714408278274206	0.00024741839212638617	0.0011085111046580387
0.0007894316410161917	4.631811809119313e-05	0.00120348334726339	0.0006839310717778879	0.0008883642293990857	0.0012730909061544615	0.00024741839212638617	0.0010461017050999999
-0.0007083939483634172	-0.0002657288796967805	-0.0003567516416738137	0.00012224647576020153	0.0002018608342666539	0.0012730909061544615	-0.00018944740477655486	0.0009836923055424052
0.0006022034423438516	0.0014817343079127632	-0.001105664436363618	0.00043429347354773107	0.0006387266311687068	2.4902915004787474e-05	-6.462860566092132e-05	0.0009836923055424052
-0.00033393755101851497	-7.850068102399632e-05	0.0008290269499187097	0.0006839310717778879	0.0012004112271863931	0.0017723661026145532	0.00043464659079828216	0.0005468265086399082
0.00029015644455676615	-0.0002657288796967805	-0.0006687986394608991	0.00012224647576020153	-0.00011018616352087562	0.0005865875110224739	-0.00018944740477655486	0.0005468265086399082
-0.0007083939483634172	0.001981009504372855	0.0004545705525738075	0.000247065274875391	0.0003890890329394381	0.00027454051323494433	0.00012259959301097467	0.00017237011129522806
0.0006022034423438516	4.631811809119313e-05	0.0027013089366429988	0.0003094746744329857	0.0002018608342666539	-0.0001623252836675526	0.00012259959301097467	0.0005468265086399082
-0.000521165749690855	0.0010448685110104883	0.00120348334726339	0.00037188407399058043	1.4632635594313825e-05	-0.0014729226743748214	-0.00018944740477655486	0.00010996071173785538
-0.0003963469505761097	-0.00014091008058159105	0.0019523961419534164	0.0005591122726633646	0.0007635454302838962	0.0014603191048272457	0.0003098277916835368	0.0009212829059854766
0.0004149752436719556	0.0002959557163209059	-0.0006687986394608991	0.00018465587531779626	0.0002018608342666539	0.00033694991279253905	-0.0003142662038913002	0.0006716453077550977
-0.0004587563501332603	0.0014193249083556125	-4.47046438860621e-05	0.00037188407399058043	0.0008883642293990857	0.00014972171411997692	0.00018500899256879144	0.0009836923055424052
0.00047738464322866214	-0.0008898228752711734	0.0005169799521311802	0.0003094746744329857	0.0003266796333816213	0.001397909705269651	-0.00018944740477655486	0.0016077863011174642
-0.0003963469505761097	0.001107277910568305	-0.00023193284255862423	0.0006839310717778879	0.0008883642293990857	0.0010858627074825655	-0.00012703800521896014	0.0006716453077550977
0.00047738464322866214	0.0011696873101256777	-4.47046438860621e-05	0.000247065274875391	0.0007635454302838962	0.0018971849017297426	6.019019345382404e-05	0.001233329903772784
-0.0007083939483634172	-0.0005777758774836439	0.0006417987512463696	0.0004967028731057699	0.0008259548298414909	8.73123145623822e-05	0.00012259959301097467	0.0009836923055424052
0.000727022241459041	0.0016065531070283967	0.002014805541510567	0.00018465587531779626	0.0006387266311687068	-0.00047437228145508215	-6.462860566092132e-05	0.0004844171090823135
0.000727022241459041	-1.6091281466401597e-05	0.0027013089366429988	0.00043429347354773107	0.0005139078320544055	0.0010234533079247488	-2.219206104214777e-06	0.000609235908197503
-0.0007083939483634172	0.002542694100390319	0.001390711545935952	0.000247065274875391	0.0003890890329394381	-0.0008488286787999844	-6.462860566092132e-05	0.0007340547073126924
0.0009142504401318252	0.0013569155087980178	0.0023892619388559133	0.0007463404713359267	0.0010755924280718698	0.0003993593123496897	0.0003722371912411315	0.0009212829059854766
-0.0007708033479205678	-0.0006401852770416827	0.0003921611530157687	0.00012224647576020153	0.00045149843249681076	0.0015227285043848404	-0.00018944740477655486	0.0011709205042151893
0.0006646128419014463	0.0019186001048157042	-0.0007936174385760886	0.0004967028731057699	0.0009507736289562363	0.00014972171411997692	0.00018500899256879144	0.0012957393033299347
-0.0005835751492480057	0.00035836511587805653	0.0007666175503615591	0.0004967028731057699	0.0006387266311687068	0.0017099567030569585	-6.462860566092132e-05	0.001233329903772784
0.0005397940427862569	-0.0002657288796967805	0.0003921611530157687	5.983707620349499e-05	0.00045149843249681076	-0.00028714408278274206	-0.0004390850030060456	0.0010461017050999999
-0.0008956221470353132	0.001981009504372855	0.0021396243406262005	0.0010583874691234563	0.0018245052227612302	0.0015227285043848404	0.0006842841890286611	0.001857423899347177
-0.000958031546593352	-7.850068102399632e-05	0.0007666175503615591	-2.572323354099737e-06	0.00045149843249681076	0.000961043908367154	-0.0003142662038913002	0.0008588735064278818
0.0005397940427862569	0.0024178753012751297	0.0010162551485910498	0.000247065274875391	0.0005763172316120002	-0.0008488286787999844	-0.00012703800521896014	0.0006716453077550977
-0.0004587563501332603	0.0009200497118955209	0.0030133559344307503	0.0006215216722202932	0.0010755924280718698	0.0008986345088095593	0.0003098277916835368	0.0010461017050999999
0.0005397940427862569	0.0006080027141084354	0.0018899867423958217	0.00037188407399058043	0.0003890890329394381	0.0005241781114648791	-6.462860566092132e-05	0.0009212829059854766
-0.0006459845488056004	0.0024802847008327245	0.0015155303450511415	0.00037188407399058043	0.0007011360307263015	-0.0007864192792423896	-2.219206104214777e-06	0.0007340547073126924
0.0006646128419014463	-7.850068102399632e-05	0.0017027585437230375	0.00043429347354773107	0.0011380018276287984	0.0014603191048272457	0.0003098277916835368	0.0016077863011174642
-0.0004587563501332603	0.0007328215132231808	8.011415522868326e-05	0.00012224647576020153	0.0005139078320544055	-0.00022473468322470325	-0.00037667560344889495	0.000609235908197503
0.0003525658441139168	0.0011696873101256777	0.0010162551485910498	0.00037188407399058043	0.001013183028514275	0.0019595943012873374	0.00018500899256879144	0.001233329903772784
0.00047738464322866214	0.0007952309127807755	-0.00023193284255862423	0.000247065274875391	0.00026427023382424863	0.0004617687119072844	-0.0003142662038913002	0.0008588735064278818
-0.0003963469505761097	0.002168237703045639	0.00120348334726339	0.0007463404713359267	0.0011380018276287984	0.00014972171411997692	0.0004970559903558769	0.0014205581024455682
0.0005397940427862569	-0.0007025946765992774	0.0009538457490334551	0.000247065274875391	0.0003890890329394381	0.0010858627074825655	-0.00018944740477655486	0.000609235908197503
-0.0005835751492480057	0.0017937813057007368	8.011415522868326e-05	0.00043429347354773107	0.0006387266311687068	8.73123145623822e-05	0.00012259959301097467	0.0006716453077550977
0.000727022241459041	0.0014193249083556125	0.001640349144166331	0.0006215216722202932	0.0007011360307263015	-0.00028714408278274206	-0.00018944740477655486	0.0005468265086399082
-0.0007708033479205678	-0.0008274134757140228	0.001390711545935952	5.983707620349499e-05	0.00013945143470905919	-0.0006616004801276443	-6.462860566092132e-05	0.000609235908197503
0.0006022034423438516	0.001981009504372855	0.00026734235390146743	0.000247065274875391	0.0003890890329394381	2.4902915004787474e-05	-6.462860566092132e-05	0.0005468265086399082
-0.0006459845488056004	0.0008576403123379261	0.0010162551485910498	0.0006215216722202932	0.0005763172316120002	0.0015851379039424351	0.00018500899256879144	0.0010461017050999999
-0.0007708033479205678	0.0016689625065855473	-0.0006687986394608991	0.00018465587531779626	0.0003266796333816213	-0.0005367816810120107	-0.00012703800521896014	0.0007340547073126924
0.000727022241459041	0.0005455933145508407	0.0010786645481486445	0.0004967028731057699	0.0006387266311687068	0.0003993593123496897	-2.219206104214777e-06	0.000609235908197503
-0.0004587563501332603	-0.00020331948013918577	0.0013283021463785794	0.0004967028731057699	0.0005763172316120002	0.0014603191048272457	0.00024741839212638617	0.0011709205042151893
0.00047738464322866214	0.00173137190614292	-0.00016952344300125155	0.0003094746744329857	0.00013945143470905919	-0.0005991910805702716	-2.219206104214777e-06	0.000609235908197503
-0.0006459845488056004	0.00035836511587805653	0.0008290269499187097	0.00018465587531779626	0.0005763172316120002	0.0005241781114648791	6.019019345382404e-05	0.0009836923055424052
0.0006022034423438516	-0.00014091008058159105	0.00026734235390146743	0.0004967028731057699	0.0010755924280718698	-9.991588410995789e-05	0.00024741839212638617	0.001233329903772784
-0.0003963469505761097	0.0021058283034880443	0.0005169799521311802	0.00018465587531779626	0.00045149843249681076	0.00033694991279253905	-0.0002518568043337055	0.00010996071173785538
0.0004149752436719556	-0.0003281382792543752	0.00120348334726339	0.0005591122726633646	0.0005139078320544055	0.000961043908367154	0.00012259959301097467	0.0009836923055424052
0.0006646128419014463	0.002168237703045639	0.0011410739477062393	0.0004967028731057699	0.0003890890329394381	-0.0007864192792423896	-2.219206104214777e-06	0.000609235908197503
-0.0006459845488056004	-0.00014091008058159105	0.0017651679432806322	0.000247065274875391	0.0006387266311687068	0.0008986345088095593	-6.462860566092132e-05	0.000609235908197503
0.0005397940427862569	0.0007952309127807755	0.00026734235390146743	0.00037188407399058043	0.00045149843249681076	0.0004617687119072844	-0.0002518568043337055	0.0008588735064278818
-0.00020911875190332552	0.0022930565021608285	0.0008290269499187097	0.0008087498708930774	0.001450048825416328	0.0003993593123496897	0.0004970559903558769	0.0006716453077550977
0.00047738464322866214	-0.0004529570783691206	0.0010786645481486445	0.00012224647576020153	0.0005139078320544055	0.0010858627074825655	-2.219206104214777e-06	0.0014829675020022748
-0.000521165749690855	0.0009200497118955209	-4.47046438860621e-05	0.00043429347354773107	0.0009507736289562363	0.00014972171411997692	0.00024741839212638617	0.001233329903772784
0.000727022241459041	0.0017937813057007368	0.00026734235390146743	0.00037188407399058043	0.0008883642293990857	0.001834775502172148	-2.219206104214777e-06	0.0013581487028879735
-0.0005835751492480057	-0.00039054767881108177	-0.00029434224211621896	0.000247065274875391	0.0007011360307263015	0.0003993593123496897	-0.00018944740477655486	0.0009212829059854766
-0.0006459845488056004	0.0021058283034880443	0.0014531209454937688	0.0004967028731057699	0.0010755924280718698	-9.991588410995789e-05	0.00012259959301097467	0.0011085111046580387
0.000727022241459041	0.00010872751764834376	0.002826127735758188	0.0005591122726633646	0.0008883642293990857	0.001397909705269651	0.00012259959301097467	0.0008588735064278818
-0.0006459845488056004	0.0019186001048157042	0.001390711545935952	0.000247065274875391	0.00045149843249681076	-0.00022473468322470325	-6.462860566092132e-05	0.0009836923055424052
0.0006646128419014463	0.0018561907052581095	0.002077214941068606	0.00043429347354773107	0.0007635454302838962	-0.00047437228145508215	-6.462860566092132e-05	0.001233329903772784
-0.0005835751492480057	-7.850068102399632e-05	0.0019523961419534164	0.0004967028731057699	0.0012004112271863931	0.001834775502172148	6.019019345382404e-05	0.0011709205042151893
0.0006022034423438516	0.0018561907052581095	0.0003921611530157687	0.00043429347354773107	0.001013183028514275	0.0005241781114648791	6.019019345382404e-05	0.0009836923055424052
-0.0005835751492480057	0.0011696873101256777	0.0013283021463785794	0.00043429347354773107	0.0005139078320544055	0.0017723661026145532	-6.462860566092132e-05	0.0011709205042151893
0.0005397940427862569	-0.0005777758774836439	-0.0003567516416738137	0.00043429347354773107	0.001013183028514275	0.0003993593123496897	0.00024741839212638617	0.001670195700674837
0.0003525658441139168	0.0002959557163209059	0.0003921611530157687	0.00018465587531779626	0.0007635454302838962	0.0006489969105800686	-0.0002518568043337055	0.000796464106869843
-0.0003963469505761097	0.00010872751764834376	0.0007042081508030762	0.0005591122726633646	0.0013252300263015826	0.0019595943012873374	0.0003722371912411315	0.001670195700674837
0.00047738464322866214	0.002355465901717535	0.00032975175345906216	0.00037188407399058043	0.0005763172316120002	-0.0006616004801276443	-0.00018944740477655486	0.000796464106869843
-0.0004587563501332603	0.0008576403123379261	0.002638899537086292	0.0004967028731057699	0.0009507736289562363	0.0008362251092524087	0.00018500899256879144	0.000796464106869843
0.0006022034423438516	0.0005455933145508407	0.0017027585437230375	0.00043429347354773107	0.0005139078320544055	0.0007114063101367751	-6.462860566092132e-05	0.0006716453077550977
-0.0006459845488056004	0.0024802847008327245	0.0011410739477062393	0.0003094746744329857	0.001013183028514275	0.0010858627074825655	0.00024741839212638617	0.000796464106869843
0.0007894316410161917	4.631811809119313e-05	0.002202033740183129	0.00012224647576020153	0.00045149843249681076	0.000773815709695258	-0.00018944740477655486	0.0008588735064278818
-0.0007708033479205678	0.00010872751764834376	-0.0003567516416738137	0.0003094746744329857	0.00045149843249681076	-0.00028714408278274206	-0.0002518568043337055	0.0006716453077550977
-0.0003963469505761097	-7.850068102399632e-05	0.0011410739477062393	0.0006215216722202932	0.0011380018276287984	0.0017723661026145532	0.0003722371912411315	0.0014829675020022748
0.0004149752436719556	4.631811809119313e-05	-0.0005439798403457097	0.00018465587531779626	0.00013945143470905919	0.0008986345088095593	-0.0002518568043337055	0.0008588735064278818
-0.0007083939483634172	0.00173137190614292	-0.0003567516416738137	0.0003094746744329857	0.0005763172316120002	-0.00022473468322470325	-6.462860566092132e-05	0.0011085111046580387
0.0007894316410161917	4.631811809119313e-05	0.0013283021463785794	0.0007463404713359267	0.001013183028514275	0.0013355003057120562	0.0003098277916835368	0.0009212829059854766
-0.0007708033479205678	0.0007328215132231808	0.00020493295434342862	0.00012224647576020153	0.0003266796333816213	0.00027454051323494433	-0.0003142662038913002	0.0005468265086399082
0.0004149752436719556	0.001981009504372855	0.0008290269499187097	0.00018465587531779626	0.001262820626744432	0.000961043908367154	0.00043464659079828216	0.002044652098019961
-0.00033393755101851497	0.0008576403123379261	0.0017651679432806322	0.00018465587531779626	0.0008883642293990857	-0.0006616004801276443	-0.0003142662038913002	0.0019822426984623664
0.0003525658441139168	0.0018561907052581095	-0.001729758431938233	0.0003094746744329857	0.0017620958232038575	-0.0004119628818974874	6.019019345382404e-05	0.002668746093594798
0.00047738464322866214	0.0005455933145508407	-0.0024786712266284816	0.0003094746744329857	0.0016996864236462628	0.0010858627074825655	-0.0003142662038913002	0.0028559742922671383
-0.00033393755101851497	0.0028547410981776267	-0.003040355822645724	0.0008087498708930774	0.002261371019663949	0.000961043908367154	0.0005594653899134716	0.00404175288385944
0.0004149752436719556	0.002168237703045639	-0.0027283088248581944	0.00012224647576020153	0.001013183028514275	-0.00022473468322470325	-0.0002518568043337055	0.0028559742922671383
-0.0004587563501332603	0.001544143707470358	-0.002603490025743227	0.00043429347354773107	0.001637277024088668	0.0013355003057120562	0.00012259959301097467	0.0038545246851866555
0.0006646128419014463	0.002979559897292816	-0.004226134414237803	0.0005591122726633646	0.0018245052227612302	0.0003993593123496897	-0.00012703800521896014	0.003979343484302289
-0.0007083939483634172	0.0024178753012751297	-0.0032899934208756587	0.00018465587531779626	0.0018245052227612302	0.000773815709695258	-0.0003142662038913002	0.003979343484302289
0.0004149752436719556	0.0014817343079127632	-0.003602040418662966	0.0006215216722202932	0.0023237804192211	0.0005241781114648791	0.00024741839212638617	0.005040303276779179
-0.0003963469505761097	0.0037284726919823985	-0.0026658994253008217	0.0005591122726633646	0.002261371019663949	0.000773815709695258	0.00012259959301097467	0.004665846879434277
-0.0006459845488056004	0.0020434189039304496	-0.004038906215565241	0.00012224647576020153	0.0023237804192211	0.0013355003057120562	-0.00012703800521896014	0.004790665678549466
0.0006022034423438516	0.0034788350937529078	-0.004101315615122836	0.00043429347354773107	0.0021365522205487597	0.00027454051323494433	-2.219206104214777e-06	0.004541028080319531
-0.000521165749690855	0.002792331698620476	-0.0022914430279556974	0.0004967028731057699	0.0023237804192211	0.0008986345088095593	0.00018500899256879144	0.004728256278991871
0.0005397940427862569	0.002542694100390319	-0.0037892686173353063	0.0003094746744329857	0.0017620958232038575	0.000773815709695258	-6.462860566092132e-05	0.004353799881646747
-0.0007083939483634172	0.0034788350937529078	-0.004350953213352993	0.00018465587531779626	0.0016996864236462628	0.0003993593123496897	0.00024741839212638617	0.004790665678549466
0.0007894316410161917	0.0031043786964080056	-0.0026658994253008217	0.0006839310717778879	0.001886914622318825	0.0014603191048272457	-2.219206104214777e-06	0.0049154844776644335
-0.0007083939483634172	0.0026675128995052866	-0.004101315615122836	0.0003094746744329857	0.001886914622318825	0.0005865875110224739	-6.462860566092132e-05	0.004853075078106839
0.0005397940427862569	0.0036036538928680972	-0.002977946423088129	0.00043429347354773107	0.0019493240218764196	0.0013355003057120562	-2.219206104214777e-06	0.005352350274566708
0.000727022241459041	0.002605103499947914	-0.004538181412025333	0.0005591122726633646	0.0023861898187791386	0.0017723661026145532	0.00012259959301097467	0.005601987872797087
-0.0006459845488056004	0.0032916068950803457	-0.004538181412025333	0.000247065274875391	0.002261371019663949	0.0008362251092524087	-2.219206104214777e-06	0.0055395784732390485
0.0005397940427862569	0.0022930565021608285	-0.003851678016892901	0.00043429347354773107	0.002074142820991609	0.0013355003057120562	-0.00012703800521896014	0.005477169073681454
-0.00033393755101851497	0.0034788350937529078	-0.004787819010255268	0.0007463404713359267	0.002947874414795937	0.001834775502172148	0.0004970559903558769	0.005227531475451963
0.0003525658441139168	0.0033540162946377183	-0.004787819010255268	0.00012224647576020153	0.0018245052227612302	0.0002121311136773496	0.00012259959301097467	0.005726806671911611
-0.000521165749690855	0.0029171504977352214	-0.0041637250146804305	0.00037188407399058043	0.0019493240218764196	0.0007114063101367751	-0.00012703800521896014	0.005289940875009558
0.00047738464322866214	0.0037908820915399932	-0.005536731804945294	0.0005591122726633646	0.0021365522205487597	0.000773815709695258	0.00024741839212638617	0.005414759674124303
-0.0004587563501332603	0.004102929089327523	-0.004101315615122836	0.00043429347354773107	0.0015124582249743668	0.0008986345088095593	-6.462860566092132e-05	0.004790665678549466
-0.0005835751492480057	0.0037284726919823985	-0.00516227540760017	0.0003094746744329857	0.0015124582249743668	0.000773815709695258	-0.00012703800521896014	0.004790665678549466
0.0007894316410161917	0.0033540162946377183	-0.003602040418662966	0.0008087498708930774	0.0016996864236462628	0.0008362251092524087	0.00024741839212638617	0.004728256278991871
-0.0007083939483634172	0.0020434189039304496	-0.004725409610697673	0.0006215216722202932	0.0015124582249743668	0.0012730909061544615	-6.462860566092132e-05	0.004665846879434277
0.0006022034423438516	0.0026675128995052866	-0.005474322405387255	0.001932119062927784	0.0015124582249743668	0.000773815709695258	-2.219206104214777e-06	0.004790665678549466
-0.0007083939483634172	0.0020434189039304496	-0.004288543813795398	0.004678132643457067	0.001262820626744432	0.0008362251092524087	0.00024741839212638617	0.004977893877222028
0.0007894316410161917	0.0014193249083556125	-0.005287094206715359	0.009046790612481814	-0.00017259556307847035	-0.0007240098796847949	-0.00012703800521896014	0.0034800682878424194
-0.0007083939483634172	0.001107277910568305	-0.0075338325907849946	0.046554839746532295	-0.0020448775498027594	-0.002346654268179149	-6.462860566092132e-05	0.0017326051002324316
0.000727022241459041	-0.0007650040761564281	-0.009031658180164603	0.044120873163789875	-0.0022321057484753215	-0.0020970166699494364	-0.0002518568043337055	0.001670195700674837
0.0005397940427862569	0.0006080027141084354	-0.008469973584147361	0.03656933581733379	-0.0017952399515728246	-0.0022842448686224426	-0.00018944740477655486	0.0019198332989052158
-0.0005835751492480057	0.0024178753012751297	-0.00497504720892783	0.01291617338504536	0.0002018608342666539	-0.0004119628818974874	6.019019345382404e-05	0.003604887086957609
0.0005397940427862569	0.0026675128995052866	-0.005474322405387255	0.0054270454381475375	0.0008259548298414909	0.00014972171411997692	-6.462860566092132e-05	0.00391693408474425
-0.0007708033479205678	0.0031667880959656003	-0.005536731804945294	0.003180307054077902	0.001013183028514275	2.4902915004787474e-05	-0.00012703800521896014	0.004416209281204786
0.0006646128419014463	0.0026675128995052866	-0.0046005908115829275	0.003617172850980177	0.001450048825416328	0.0006489969105800686	0.00012259959301097467	0.004603437479877126
-0.0005835751492480057	0.0021058283034880443	-0.006348053999192471	0.007798602621331918	0.0008883642293990857	-0.00028714408278274206	-2.219206104214777e-06	0.004104162283417256
0.0006646128419014463	0.0018561907052581095	-0.006784919796094524	0.004740542043015106	0.0021365522205487597	0.0010858627074825655	0.00018500899256879144	0.005289940875009558
-0.0004587563501332603	0.002168237703045639	-0.006972147994767308	0.005302226639032348	0.0018245052227612302	0.0008362251092524087	-0.00018944740477655486	0.005102712676337218
-0.0006459845488056004	0.0032916068950803457	-0.0054119130058296605	0.004678132643457067	0.0021365522205487597	0.0004617687119072844	0.00012259959301097467	0.005352350274566708
0.0004149752436719556	0.0028547410981776267	-0.00497504720892783	0.0035547634514221382	0.0013876394258591773	8.73123145623822e-05	-0.00018944740477655486	0.004541028080319531
-0.000521165749690855	0.0037908820915399932	-0.005661550604060039	0.004678132643457067	0.0016996864236462628	0.0003993593123496897	0.00012259959301097467	0.0049154844776644335
0.0006022034423438516	0.00435256668755768	-0.004288543813795398	0.0039292198487674845	0.001262820626744432	-0.0004119628818974874	6.019019345382404e-05	0.004478618680762381
-0.0004587563501332603	0.003978110290212777	-0.003664449818220561	0.003429944652307393	0.001450048825416328	0.0003993593123496897	-0.00018944740477655486	0.004104162283417256
0.00047738464322866214	0.003416425694195313	-0.006098416400962536	0.004303676246112165	0.0015124582249743668	0.0004617687119072844	0.00012259959301097467	0.004853075078106839
-0.0007083939483634172	0.0037908820915399932	-0.004912637809370235	0.003866810449210334	0.002261371019663949	0.0014603191048272457	0.00024741839212638617	0.005352350274566708
0.0008518410405735644	0.0024178753012751297	-0.0075338325907849946	0.0045533138443423216	0.0021365522205487597	0.0012730909061544615	-0.0002518568043337055	0.005477169073681454
0.0006646128419014463	0.0022306471026027896	-0.005786369403175229	0.003991629248324635	0.0026358274170088514	0.0010234533079247488	-6.462860566092132e-05	0.005601987872797087
-0.0007083939483634172	0.0017937813057007368	-0.005973597601847347	0.003866810449210334	0.002698236816566446	0.0017723661026145532	-6.462860566092132e-05	0.005914034870583951
0.0009142504401318252	0.0031667880959656003	-0.0062856445996353205	0.005489454837704244	0.003135102613468721	0.001397909705269651	0.0004970559903558769	0.006226081868371924
-0.0007083939483634172	0.0032916068950803457	-0.004850228409812862	0.003429944652307393	0.002261371019663949	0.0005241781114648791	-0.00012703800521896014	0.004790665678549466
0.0005397940427862569	0.003416425694195313	-0.00516227540760017	0.0036795822505373277	0.001637277024088668	0.00033694991279253905	0.00018500899256879144	0.004790665678549466
-0.0005835751492480057	0.00460220428578717	-0.0052246848071577645	0.004241266846555014	0.0008883642293990857	-0.0005991910805702716	-6.462860566092132e-05	0.003979343484302289
0.0006022034423438516	0.004414976087115274	-0.003664449818220561	0.0030554882549627127	0.0009507736289562363	0.0003993593123496897	-2.219206104214777e-06	0.004416209281204786
-0.0006459845488056004	0.0037908820915399932	-0.0054119130058296605	0.0039292198487674845	0.0011380018276287984	0.0005865875110224739	6.019019345382404e-05	0.004665846879434277
-0.000521165749690855	0.0031043786964080056	-0.004101315615122836	0.0028682600562901506	0.0017620958232038575	0.0010858627074825655	0.00012259959301097467	0.005102712676337218
0.0004149752436719556	0.00173137190614292	-0.006098416400962536	0.003617172850980177	0.0017620958232038575	0.001397909705269651	-0.00018944740477655486	0.004977893877222028
-0.0005835751492480057	0.0022306471026027896	-0.006036007001404942	0.0037419916500951445	0.0021365522205487597	0.001397909705269651	-2.219206104214777e-06	0.005601987872797087
0.0008518410405735644	0.0019186001048157042	-0.004413362612910143	0.0030554882549627127	0.00251100861789344	0.001834775502172148	0.0003098277916835368	0.0049154844776644335
-0.0008332127474786066	0.0016689625065855473	-0.0062856445996353205	0.003367535252749798	0.001637277024088668	0.0012730909061544615	-2.219206104214777e-06	0.004478618680762381
0.0006022034423438516	0.0030419692968499668	-0.00497504720892783	0.003242716453635497	0.0015124582249743668	8.73123145623822e-05	-0.00012703800521896014	0.004228981082532446
-0.0006459845488056004	0.0030419692968499668	-0.0037892686173353063	0.001744890864255444	0.0015748676245319615	0.0005865875110224739	0.00043464659079828216	0.004603437479877126
0.0008518410405735644	0.003915700890655183	-0.004288543813795398	0.001308025067352725	0.0003890890329394381	-0.0005367816810120107	-0.00018944740477655486	0.0036672964865143154
0.00047738464322866214	0.003666063292425248	-0.0035396310191058156	0.0014328438664679144	0.00013945143470905919	-0.0003495534823398927	-0.00018944740477655486	0.003604887086957609
-0.000521165749690855	0.003666063292425248	-0.005349503606272954	0.0024313942593874316	0.0010755924280718698	0.000961043908367154	0.00018500899256879144	0.0049154844776644335
0.000727022241459041	0.0029171504977352214	-0.00497504720892783	0.0024313942593874316	0.0016996864236462628	0.000773815709695258	0.00012259959301097467	0.0049154844776644335
-0.0007083939483634172	0.001544143707470358	-0.005099866008043019	0.0016200720651402545	0.0018245052227612302	0.001397909705269651	-2.219206104214777e-06	0.005165122075894368
0.00047738464322866214	0.0014193249083556125	-0.006972147994767308	0.0009335686700078227	0.0016996864236462628	0.0016475473035000299	0.00012259959301097467	0.005601987872797087
-0.000521165749690855	0.002355465901717535	-0.0052246848071577645	0.0008087498708930774	0.0021365522205487597	0.0017723661026145532	0.00024741839212638617	0.00566439727235446
0.0008518410405735644	0.0019186001048157042	-0.005099866008043019	0.00043429347354773107	0.0020117334214335703	0.0010858627074825655	-0.00018944740477655486	0.00566439727235446
-0.0007708033479205678	0.002542694100390319	-0.005037456608485424	0.0009335686700078227	0.0021989616201063544	0.00033694991279253905	-2.219206104214777e-06	0.005414759674124303
-0.0004587563501332603	0.003853291491097588	-0.004787819010255268	0.0011832062682377575	0.0020117334214335703	0.0005865875110224739	0.0003098277916835368	0.005352350274566708
0.0006646128419014463	0.004539794886229576	-0.005474322405387255	0.0006839310717778879	0.0009507736289562363	-0.0005991910805702716	-2.219206104214777e-06	0.004790665678549466
-0.0007083939483634172	0.00460220428578717	-0.004101315615122836	0.0006215216722202932	0.0010755924280718698	-0.00047437228145508215	-6.462860566092132e-05	0.004790665678549466
0.000727022241459041	0.0037284726919823985	-0.004912637809370235	0.0007463404713359267	0.001637277024088668	0.00033694991279253905	0.00012259959301097467	0.005102712676337218
-0.0008332127474786066	0.003416425694195313	-0.005848778802732824	0.00018465587531779626	0.001637277024088668	-9.991588410995789e-05	0.00012259959301097467	0.005102712676337218
0.000727022241459041	0.0027299222990628813	-0.004288543813795398	0.0005591122726633646	0.0020117334214335703	0.001397909705269651	-2.219206104214777e-06	0.0055395784732390485
-0.0006459845488056004	0.001981009504372855	-0.005723960003617634	0.0007463404713359267	0.0023861898187791386	0.0013355003057120562	0.00024741839212638617	0.005914034870583951
0.000727022241459041	0.002605103499947914	-0.004413362612910143	0.00037188407399058043	0.0023861898187791386	0.0012730909061544615	0.00012259959301097467	0.005851625471026356
0.0006022034423438516	0.0020434189039304496	-0.006036007001404942	0.0003094746744329857	0.0021989616201063544	0.0010858627074825655	-6.462860566092132e-05	0.005914034870583951
-0.000521165749690855	0.0032916068950803457	-0.005037456608485424	0.0004967028731057699	0.0021989616201063544	0.0008362251092524087	0.00012259959301097467	0.006662947665274421
0.0007894316410161917	0.0031667880959656003	-0.0037892686173353063	0.0006215216722202932	0.0015748676245319615	0.0006489969105800686	0.00024741839212638617	0.006538128866158788
-0.000521165749690855	0.003853291491097588	-0.005099866008043019	0.00037188407399058043	0.0013876394258591773	0.0007114063101367751	0.00012259959301097467	0.006787766464389167
0.00047738464322866214	0.004414976087115274	-0.004288543813795398	0.0003094746744329857	0.0008259548298414909	-0.0008488286787999844	0.0003098277916835368	0.007474269859521598
-0.00033393755101851497	0.004414976087115274	-0.003040355822645724	0.0006839310717778879	0.0011380018276287984	0.00014972171411997692	-6.462860566092132e-05	0.007411860459964004
0.00047738464322866214	0.0036036538928680972	-0.005599141204502445	0.00018465587531779626	0.0013876394258591773	-9.991588410995789e-05	-0.00012703800521896014	0.007599088658636788
-0.0007083939483634172	0.003915700890655183	-0.004350953213352993	0.0005591122726633646	0.0015124582249743668	0.0003993593123496897	0.00012259959301097467	0.007786316857309128
-0.0007083939483634172	0.0024802847008327245	-0.006597691597422628	0.000247065274875391	0.0017620958232038575	0.0010858627074825655	-6.462860566092132e-05	0.008410410852883965
0.00047738464322866214	0.0022930565021608285	-0.0064728727983072165	0.00018465587531779626	0.0015748676245319615	0.0005865875110224739	-0.00018944740477655486	0.008597639051555861
-0.0005835751492480057	0.0022930565021608285	-0.006160825800520131	0.00043429347354773107	0.0021365522205487597	0.0016475473035000299	0.00012259959301097467	0.009596189444476044
0.0006646128419014463	0.002542694100390319	-0.007221785592997243	0.0006215216722202932	0.0015748676245319615	0.0010858627074825655	0.00018500899256879144	0.010345102239165849
-0.0006459845488056004	0.0030419692968499668	-0.005661550604060039	0.000247065274875391	0.001262820626744432	0.0005865875110224739	-0.00018944740477655486	0.009471370645361077
0.00047738464322866214	0.002792331698620476	-0.005848778802732824	0.0003094746744329857	0.0005763172316120002	2.4902915004787474e-05	0.00024741839212638617	0.010095464640935914
-0.0003963469505761097	0.00435256668755768	-0.005474322405387255	0.00012224647576020153	-0.0012335553555555823	-0.0020970166699494364	-0.00037667560344889495	0.00834800145332637
0.0004149752436719556	0.003416425694195313	-0.005599141204502445	0.0003094746744329857	-0.0014831929537857391	-0.0016601508730471615	0.00012259959301097467	0.008285592053768776
0.00047738464322866214	0.0013569155087980178	-0.008469973584147361	0.00018465587531779626	-0.003355474940510028	-0.003033157663312025	-0.0003142662038913002	0.006725357064831572
-0.00033393755101851497	0.0032916068950803457	-0.0046005908115829275	0.0006839310717778879	7.704203515190855e-05	-3.750648455236316e-05	0.0003722371912411315	0.00972100824359079
0.00029015644455676615	0.0016065531070283967	-0.006784919796094524	-6.498172291169446e-05	-0.00023500496263562098	0.0003993593123496897	-0.0005014944025636403	0.009346551846246332
-0.0005835751492480057	0.0017937813057007368	-0.007596241990342145	0.0003094746744329857	0.001013183028514275	0.0015227285043848404	0.00012259959301097467	0.010844377435625496
0.0005397940427862569	0.0008576403123379261	-0.006847329195653007	0.00037188407399058043	0.0008259548298414909	0.001834775502172148	0.00024741839212638617	0.011343652632086032
-0.0003963469505761097	4.631811809119313e-05	-0.008282745385474577	0.0005591122726633646	-0.0029186091436077533	-0.0014729226743748214	-0.00037667560344889495	0.008285592053768776
0.00047738464322866214	-0.0022004202659788863	-0.011590443562021768	5.983707620349499e-05	-0.008660273902896476	-0.006091218241628837	-0.00018944740477655486	0.00391693408474425
-0.0005835751492480057	-0.0061322124381004706	-0.009842980374412225	0.00043429347354773107	-0.004166797134757649	-0.002409063667737188	-2.219206104214777e-06	0.007848726256866279
-0.0007708033479205678	0.003229197495522307	-0.005786369403175229	5.983707620349499e-05	-0.0012335553555555823	-0.0007864192792423896	-0.0003142662038913002	0.01103160563429828
0.0006022034423438516	0.0034788350937529078	-0.0041637250146804305	0.0003094746744329857	-0.0019824681502451647	-0.001535332073931972	-6.462860566092132e-05	0.0106571492369536
-0.0006459845488056004	0.003853291491097588	-0.00497504720892783	0.00037188407399058043	-0.0016704211524580792	-0.0008488286787999844	-2.219206104214777e-06	0.011406062031643183
0.000727022241459041	0.0037908820915399932	-0.005037456608485424	0.00043429347354773107	-0.001295964755112955	-0.0005991910805702716	6.019019345382404e-05	0.012467021824120739
-0.0005835751492480057	0.0021058283034880443	-0.005661550604060039	0.000247065274875391	-0.0017952399515728246	-9.991588410995789e-05	-0.00018944740477655486	0.012841478221465641
0.0005397940427862569	0.001107277910568305	-0.008157926586360054	0.0003094746744329857	7.704203515190855e-05	0.001834775502172148	0.00012259959301097467	0.014401713210402844
-0.0005835751492480057	0.0011696873101256777	-0.007409013791669805	0.000247065274875391	-0.0004846425608655558	0.0017099567030569585	-0.00012703800521896014	0.01365280041571304
0.0005397940427862569	0.00023354631676331117	-0.008594792383261662	0.00012224647576020153	-0.00017259556307847035	0.0016475473035000299	-0.00018944740477655486	0.013590391016155223
0.0006646128419014463	0.001107277910568305	-0.006972147994767308	0.00037188407399058043	-0.0005470519604231505	0.0005865875110224739	-6.462860566092132e-05	0.013215934618810321
-0.0005835751492480057	0.001981009504372855	-0.005723960003617634	0.00037188407399058043	-0.0010463271568832422	2.4902915004787474e-05	6.019019345382404e-05	0.01259184062323504
0.0006646128419014463	0.003229197495522307	-0.005536731804945294	0.00043429347354773107	-0.0009215083577680527	-0.0005991910805702716	6.019019345382404e-05	0.01215497482633321
-0.0007083939483634172	0.003978110290212777	-0.0039764968160080905	0.00018465587531779626	-0.0016080117529000404	-0.0011608756765870698	-0.00018944740477655486	0.012529431223678333
0.000727022241459041	0.003915700890655183	-0.0039764968160080905	0.0004967028731057699	-0.0020448775498027594	-0.0009736474779151738	-0.00012703800521896014	0.01352798161659785
-0.0007708033479205678	0.0029171504977352214	-0.0062856445996353205	0.00018465587531779626	-0.0022321057484753215	-0.00047437228145508215	-0.00018944740477655486	0.014089666212615093
0.0006022034423438516	0.002168237703045639	-0.006348053999192471	0.00043429347354773107	-0.001295964755112955	0.0015851379039424351	6.019019345382404e-05	0.015275444804207172
-0.000521165749690855	0.0010448685110104883	-0.008719611182376852	0.0005591122726633646	0.00026427023382424863	0.0027709164955345145	0.00018500899256879144	0.015899538799782453
-0.0007708033479205678	-1.6091281466401597e-05	-0.007721060789457335	0.00012224647576020153	-0.00023500496263562098	0.002646097696419547	-0.0002518568043337055	0.016398813996242323
0.0005397940427862569	-0.0008898228752711734	-0.008782020581934225	0.0003094746744329857	-0.0009839177573256475	0.0019595943012873374	-0.00018944740477655486	0.01564990120155274
-0.0005835751492480057	0.001107277910568305	-0.007908288988129675	0.00037188407399058043	-4.77767639632809e-05	0.001834775502172148	6.019019345382404e-05	0.01708531739137431
0.00047738464322866214	0.0021058283034880443	-0.006036007001404942	0.00018465587531779626	-0.0017328305520152298	0.0002121311136773496	-0.00012703800521896014	0.01864555238031196
-0.0003963469505761097	0.0036036538928680972	-0.005536731804945294	0.0004967028731057699	-0.0016704211524580792	-0.00022473468322470325	-0.0005014944025636403	0.019082418177214455
0.0004149752436719556	0.004414976087115274	-0.006160825800520131	0.00012224647576020153	-0.002731380944935191	-0.0012856944757022593	0.0003098277916835368	0.020393015567921502
-0.0004587563501332603	0.005039070082689667	-0.004350953213352993	0.00012224647576020153	-0.0029186091436077533	-0.0011608756765870698	-0.00018944740477655486	0.019644102773231475
0.00047738464322866214	0.003853291491097588	-0.007409013791669805	0.0003094746744329857	-0.002107286949360132	2.4902915004787474e-05	-0.00012703800521896014	0.020767471965266404
0.0006646128419014463	0.00173137190614292	-0.0074714231912274	0.00043429347354773107	-0.0016704211524580792	0.0008986345088095593	-2.219206104214777e-06	0.020205787369249606
-0.0006459845488056004	0.00023354631676331117	-0.009156476979279349	0.00037188407399058043	-0.0004846425608655558	0.0021468224999601215	-2.219206104214777e-06	0.019082418177214455
0.00047738464322866214	-0.0002657288796967805	-0.009156476979279349	0.0003094746744329857	-0.0004846425608655558	0.0023340506986320175	-0.0002518568043337055	0.01739736438916184
-0.0005835751492480057	-0.0005153664779264933	-0.00797069838768727	0.00043429347354773107	-0.0004846425608655558	0.002646097696419547	0.00012259959301097467	0.015400263603322362
0.0005397940427862569	0.00010872751764834376	-0.008657201782819701	0.00012224647576020153	-0.0004846425608655558	0.0015851379039424351	-6.462860566092132e-05	0.01564990120155274
-0.0007083939483634172	0.00173137190614292	-0.0064728727983072165	0.000247065274875391	-0.0024193339471481057	-0.0005991910805702716	-2.219206104214777e-06	0.01446412260996044
0.0006022034423438516	0.002605103499947914	-0.005037456608485424	0.0003094746744329857	-0.0024193339471481057	-0.0009736474779151738	-2.219206104214777e-06	0.014776169607747525
-0.0006459845488056004	0.0037284726919823985	-0.0039764968160080905	0.0003094746744329857	-0.003230656141395283	-0.0017225602726047562	-0.00012703800521896014	0.01608676699845435
-0.0007083939483634172	0.003853291491097588	-0.004226134414237803	0.0003094746744329857	-0.003355474940510028	-0.0012856944757022593	-0.00012703800521896014	0.017147726790931905
0.0006022034423438516	0.002542694100390319	-0.006348053999192471	0.00043429347354773107	-0.0022321057484753215	-0.00028714408278274206	6.019019345382404e-05	0.017771820786507186
-0.0007708033479205678	0.001544143707470358	-0.006972147994767308	0.00012224647576020153	-0.002294515148032472	0.0002121311136773496	-0.0002518568043337055	0.01783423018606478
0.0006022034423438516	-0.0003281382792543752	-0.008095517186801793	0.00018465587531779626	-0.0016704211524580792	0.0010858627074825655	-0.00012703800521896014	0.017147726790931905
-0.000521165749690855	-0.0005777758774836439	-0.009655752175739218	0.00037188407399058043	1.4632635594313825e-05	0.002458869497746763	-0.0002518568043337055	0.01683567979314482
0.00047738464322866214	-0.0006401852770416827	-0.008532382983704956	0.000247065274875391	-0.0003598237617512545	0.0021468224999601215	6.019019345382404e-05	0.01708531739137431
-0.000521165749690855	-0.00020331948013918577	-0.008407564184589766	0.00037188407399058043	-0.0009215083577680527	0.0008986345088095593	-0.00012703800521896014	0.017459773788719213
0.0005397940427862569	0.0009200497118955209	-0.0062856445996353205	0.0006839310717778879	-0.0014831929537857391	0.0002121311136773496	0.0003722371912411315	0.01939446517500154
0.0004149752436719556	0.0031043786964080056	-0.006410463398749622	5.983707620349499e-05	-0.0029186091436077533	-0.0014729226743748214	-0.00037667560344889495	0.01783423018606478
-0.000521165749690855	0.004539794886229576	-0.005536731804945294	0.0003094746744329857	-0.0024817433467052563	-0.0011608756765870698	6.019019345382404e-05	0.017959048985179527
0.0004149752436719556	0.00435256668755768	-0.004663000211140522	0.00012224647576020153	-0.0034802937396252176	-0.0018473790717199456	-0.00037667560344889495	0.01683567979314482
-0.00033393755101851497	0.003915700890655183	-0.0052246848071577645	0.0005591122726633646	-0.0017952399515728246	-0.0004119628818974874	0.0003098277916835368	0.01571231060110989
0.0005397940427862569	0.0026675128995052866	-0.006660100996980223	0.0003094746744329857	-0.0017952399515728246	-0.0001623252836675526	-2.219206104214777e-06	0.015213035404650022
-0.0006459845488056004	0.001544143707470358	-0.0064728727983072165	0.0003094746744329857	-0.00042223316130796107	0.002458869497746763	0.00018500899256879144	0.01446412260996044
0.0007894316410161917	0.00010872751764834376	-0.008469973584147361	0.00018465587531779626	-0.00023500496263562098	0.002646097696419547	-6.462860566092132e-05	0.01502580720597746
-0.0007083939483634172	-0.0002657288796967805	-0.008407564184589766	0.00037188407399058043	-0.0009839177573256475	0.0025212788973043576	-0.0002518568043337055	0.015275444804207172
-0.0004587563501332603	0.00023354631676331117	-0.008969248780607009	0.0004967028731057699	-0.00017259556307847035	0.002833325895092109	0.00024741839212638617	0.016273995197127133
0.00047738464322866214	0.0013569155087980178	-0.007845879588572524	0.00018465587531779626	-0.0014207835542281444	0.0011482721070401603	-0.00012703800521896014	0.016773270393587225
-0.0006459845488056004	0.0021058283034880443	-0.005911188202289752	0.00012224647576020153	-0.0022321057484753215	0.0002121311136773496	-0.00012703800521896014	0.01696049859226001
0.00047738464322866214	0.0030419692968499668	-0.006098416400962536	0.00018465587531779626	-0.0024193339471481057	-0.00047437228145508215	-0.0003142662038913002	0.018458324181639174
-0.0003963469505761097	0.004664613685344765	-0.003851678016892901	0.0005591122726633646	-0.002356924547590511	-0.00047437228145508215	-0.00012703800521896014	0.018083867784294272
0.00047738464322866214	0.004040519689769928	-0.003914087416450052	0.0003094746744329857	-0.002731380944935191	-0.0005367816810120107	-6.462860566092132e-05	0.018271095982966834
-0.0006459845488056004	0.003416425694195313	-0.005536731804945294	0.0004967028731057699	-0.002731380944935191	0.00014972171411997692	-6.462860566092132e-05	0.018520733581197213
0.0006646128419014463	0.0031043786964080056	-0.006348053999192471	0.0005591122726633646	-0.0020448775498027594	0.0015227285043848404	0.00024741839212638617	0.017584592587834402
0.0005397940427862569	0.00010872751764834376	-0.008594792383261662	0.000247065274875391	-0.0014207835542281444	0.002084413100402527	-0.0002518568043337055	0.016273995197127133
-0.0006459845488056004	-1.6091281466401597e-05	-0.008033107787244864	0.000247065274875391	-0.0014831929537857391	0.002458869497746763	-6.462860566092132e-05	0.016461223395799918
0.0008518410405735644	0.00010872751764834376	-0.007596241990342145	0.0008087498708930774	-0.0007342801590952686	0.00289573529464926	0.00043464659079828216	0.016336404596684728
-0.0008332127474786066	0.0002959557163209059	-0.008469973584147361	-2.572323354099737e-06	-0.001295964755112955	0.0017723661026145532	-0.00018944740477655486	0.015525082402437551
0.0005397940427862569	0.001544143707470358	-0.006410463398749622	0.00012224647576020153	-0.0022321057484753215	0.0003993593123496897	-0.00012703800521896014	0.015213035404650022
-0.0006459845488056004	0.0027299222990628813	-0.005287094206715359	0.0003094746744329857	-0.002107286949360132	-0.0007240098796847949	0.00018500899256879144	0.015150626005092649
0.000727022241459041	0.003978110290212777	-0.004663000211140522	0.0003094746744329857	-0.0030434279427229427	-0.0014729226743748214	6.019019345382404e-05	0.015774720000667042
-0.0006459845488056004	0.00460220428578717	-0.004912637809370235	0.00018465587531779626	-0.0036675219382975577	-0.0016601508730471615	-0.0004390850030060456	0.015400263603322362
-0.0003963469505761097	0.0035412444933096143	-0.005661550604060039	0.0004967028731057699	-0.0024193339471481057	-0.0001623252836675526	0.00024741839212638617	0.016398813996242323
0.0003525658441139168	0.00173137190614292	-0.0062856445996353205	5.983707620349499e-05	-0.0031058373422800933	8.73123145623822e-05	-0.0003142662038913002	0.01465135080863278
-0.0007083939483634172	-7.850068102399632e-05	-0.008157926586360054	0.000247065274875391	-0.0017952399515728246	0.002022003700844488	-6.462860566092132e-05	0.013278344018367472
0.0006022034423438516	-0.0007650040761564281	-0.009156476979279349	0.0005591122726633646	-0.0011087365564403928	0.00289573529464926	-2.219206104214777e-06	0.01221738422589036
-0.00033393755101851497	-0.0012642792726162977	-0.008095517186801793	0.0005591122726633646	-0.0014207835542281444	0.0030829634933216	-0.00018944740477655486	0.011655699629873562
0.0005397940427862569	-0.001389098071731265	-0.009281295778394538	0.000247065274875391	-0.0019824681502451647	0.001834775502172148	-6.462860566092132e-05	0.01315352521925317
-0.0006459845488056004	0.00042077451543565125	-0.007783470189014485	0.0005591122726633646	-0.002981018543165348	0.0004617687119072844	0.00018500899256879144	0.014713760208190374
0.0007894316410161917	0.0022930565021608285	-0.005848778802732824	-6.498172291169446e-05	-0.004166797134757649	-0.0010984662770299192	-0.0003142662038913002	0.015525082402437551
0.0006022034423438516	0.005039070082689667	-0.004288543813795398	0.000247065274875391	-0.004603662931660146	-0.0019097884712770963	-6.462860566092132e-05	0.017647001987391997
-0.0006459845488056004	0.00547593587959283	-0.003664449818220561	0.00037188407399058043	-0.005414985125907323	-0.0019097884712770963	-6.462860566092132e-05	0.018770371179426704
0.000727022241459041	0.00460220428578717	-0.0054119130058296605	0.0005591122726633646	-0.004853300529889637	-0.0012232850761444425	6.019019345382404e-05	0.01820868658340946
-0.0006459845488056004	0.0034788350937529078	-0.0062856445996353205	0.000247065274875391	-0.004603662931660146	-9.991588410995789e-05	-6.462860566092132e-05	0.01465135080863278
0.0005397940427862569	0.0011696873101256777	-0.007596241990342145	0.0003094746744329857	-0.004291615933871951	0.0012106815065973109	0.0003098277916835368	0.012716659422350451
-0.0003963469505761097	-0.00020331948013918577	-0.009218886378836944	0.0006215216722202932	-0.0026065621458200017	0.00289573529464926	-0.00037667560344889495	0.010345102239165849
0.0004149752436719556	-0.0012642792726162977	-0.009343705177952133	0.000247065274875391	-0.0019824681502451647	0.0032077822924367894	-2.219206104214777e-06	0.009346551846246332
-0.0006459845488056004	-0.0010770510739435135	-0.008282745385474577	0.00037188407399058043	-0.0016704211524580792	0.002209231899516828	-0.00012703800521896014	0.009159323647573547
-0.00033393755101851497	0.0026675128995052866	-0.005037456608485424	0.0006215216722202932	-0.0016080117529000404	0.0013355003057120562	0.00043464659079828216	0.010781968036068346
0.0004149752436719556	0.0035412444933096143	-0.0046005908115829275	5.983707620349499e-05	-0.0030434279427229427	-0.0009112380783575791	-0.00037667560344889495	0.010220283440051103
-0.0005835751492480057	0.005351117080477197	-0.0035396310191058156	0.00043429347354773107	-0.0028561997440503806	-0.0012232850761444425	6.019019345382404e-05	0.012467021824120739
0.0008518410405735644	0.006224848674281969	-0.0018545772310534225	0.0006215216722202932	-0.0039171595365272704	-0.001972197870834691	0.00024741839212638617	0.015088216605534832
-0.0007708033479205678	0.004976660683132739	-0.003414812219990182	0.00012224647576020153	-0.0051653475276771665	-0.001784969672162351	-6.462860566092132e-05	0.015400263603322362
0.0005397940427862569	0.0037284726919823985	-0.005099866008043019	0.000247065274875391	-0.004978119329004382	0.0005865875110224739	-2.219206104214777e-06	0.014963397806419865
-0.0005835751492480057	0.002605103499947914	-0.005037456608485424	0.0006839310717778879	-0.004354025333429989	0.002271641299074423	0.00024741839212638617	0.01352798161659785
0.000727022241459041	0.00048318391499369007	-0.008532382983704956	5.983707620349499e-05	-0.004291615933871951	0.0025836882968619523	-0.00018944740477655486	0.012467021824120739
0.0006022034423438516	-0.00014091008058159105	-0.007034557394324903	0.00037188407399058043	-0.004915709929447232	0.002458869497746763	-0.00012703800521896014	0.01334075341792551
-0.0003963469505761097	0.0007328215132231808	-0.006660100996980223	0.0006215216722202932	-0.004915709929447232	0.002209231899516828	0.0003098277916835368	0.014963397806419865
0.0004149752436719556	0.0022306471026027896	-0.005973597601847347	5.983707620349499e-05	-0.006475944918383991	-3.750648455236316e-05	-0.00037667560344889495	0.016398813996242323
-0.0003963469505761097	0.004914251283575144	-0.002790718224415345	0.0006215216722202932	-0.006975220114844083	-0.0008488286787999844	0.00024741839212638617	0.020268196768806312
0.0007894316410161917	0.005725573477822099	-0.0026658994253008217	0.0005591122726633646	-0.007786542309091704	-0.002159426069507253	-0.0003142662038913002	0.020517834367036247
-0.0008332127474786066	0.0064744862725123475	-0.0024786712266284816	0.00012224647576020153	-0.008785092702011665	-0.0026587012659671228	-2.219206104214777e-06	0.019644102773231475
0.000727022241459041	0.006224848674281969	-0.0021042148292833573	0.0011832062682377575	-0.008410636304666763	-0.0012232850761444425	-2.219206104214777e-06	0.017771820786507186
-0.0006459845488056004	0.0047894324844599545	-0.0052246848071577645	0.0016200720651402545	-0.007848951708648855	-9.991588410995789e-05	-2.219206104214777e-06	0.015587491801994702
-0.000521165749690855	0.0014193249083556125	-0.005973597601847347	0.002119347261600346	-0.007224857713074462	0.0013355003057120562	0.00024741839212638617	0.01315352521925317
0.0005397940427862569	-0.0003281382792543752	-0.008220335985917426	0.0023065754602726862	-0.006912810715287154	0.002084413100402527	-0.00012703800521896014	0.01103160563429828
-0.0003963469505761097	-1.6091281466401597e-05	-0.006722510396537373	0.0018697096633706334	-0.006475944918383991	0.0025836882968619523	0.0003098277916835368	0.011780518428988307
0.00047738464322866214	-7.850068102399632e-05	-0.006847329195653007	0.0009959780695658615	-0.007412085911746802	0.001397909705269651	-0.00018944740477655486	0.013403162817482661
-0.0007708033479205678	0.0014193249083556125	-0.006597691597422628	0.0008087498708930774	-0.0074744953113039525	0.0007114063101367751	0.00018500899256879144	0.01564990120155274
0.000727022241459041	0.003229197495522307	-0.0037892686173353063	0.0007463404713359267	-0.008785092702011665	-0.001972197870834691	-0.0003142662038913002	0.016149176398011944
-0.000958031546593352	0.004040519689769928	-0.003414812219990182	0.00018465587531779626	-0.008473045704224136	-0.002346654268179149	-0.00012703800521896014	0.016336404596684728
0.0005397940427862569	0.0047894324844599545	-0.0014801208337085203	0.00043429347354773107	-0.008223408105994423	-0.002159426069507253	-2.219206104214777e-06	0.016461223395799918
0.0006646128419014463	0.004102929089327523	-0.0026658994253008217	0.00043429347354773107	-0.008410636304666763	-0.0016601508730471615	0.00012259959301097467	0.01490098840686227
-0.0006459845488056004	0.0029171504977352214	-0.004475772012468182	0.00018465587531779626	-0.008348226905109168	-0.0005367816810120107	-2.219206104214777e-06	0.013715209815270413
0.0006022034423438516	0.0018561907052581095	-0.004475772012468182	0.00043429347354773107	-0.008473045704224136	0.00027454051323494433	-6.462860566092132e-05	0.01215497482633321
-0.0006459845488056004	0.00023354631676331117	-0.005911188202289752	0.00037188407399058043	-0.007911361108207338	0.0014603191048272457	6.019019345382404e-05	0.009658598844033639
0.0005397940427862569	-1.6091281466401597e-05	-0.006660100996980223	0.000247065274875391	-0.007786542309091704	0.0016475473035000299	6.019019345382404e-05	0.01053233043783841
-0.0006459845488056004	0.0006080027141084354	-0.005099866008043019	0.00043429347354773107	-0.007536904710861547	0.0010858627074825655	0.0003098277916835368	0.011655699629873562
0.0008518410405735644	0.0014193249083556125	-0.004725409610697673	-2.572323354099737e-06	-0.008160998706436828	-0.0004119628818974874	-0.00037667560344889495	0.012654250022793079
-0.0008956221470353132	0.002542694100390319	-0.0022914430279556974	0.000247065274875391	-0.008348226905109168	-0.001535332073931972	-0.00018944740477655486	0.014027256813057498
-0.0004587563501332603	0.00472702308490236	-0.0021042148292833573	0.0004967028731057699	-0.007536904710861547	-0.001535332073931972	0.00012259959301097467	0.01465135080863278
0.0006022034423438516	0.004976660683132739	-0.001542530233265671	0.0004967028731057699	-0.007162448313516867	-0.0020346072703918416	-2.219206104214777e-06	0.014027256813057498
-0.000521165749690855	0.0047894324844599545	-0.0011680738359209908	0.00043429347354773107	-0.006663173117056775	-0.0018473790717199456	0.00012259959301097467	0.013028706420137537
0.0004149752436719556	0.0031667880959656003	-0.0033524028204330314	0.00018465587531779626	-0.006912810715287154	-0.0012232850761444425	-0.00037667560344889495	0.010407511638723221
-0.000521165749690855	0.0028547410981776267	-0.0033524028204330314	0.0005591122726633646	-0.005914260322367193	0.00033694991279253905	0.00018500899256879144	0.009159323647573547
0.0006646128419014463	0.0016689625065855473	-0.004038906215565241	0.0005591122726633646	-0.006975220114844083	0.001834775502172148	-2.219206104214777e-06	0.008597639051555861
-0.0005835751492480057	0.00042077451543565125	-0.005911188202289752	0.0006215216722202932	-0.007100038913959272	0.002084413100402527	0.00012259959301097467	0.009159323647573547
0.000727022241459041	0.0007952309127807755	-0.004538181412025333	0.0003094746744329857	-0.0074744953113039525	0.0017099567030569585	-6.462860566092132e-05	0.009658598844033639
0.0006646128419014463	0.0014817343079127632	-0.004912637809370235	0.00043429347354773107	-0.007349676512189651	0.0010858627074825655	-2.219206104214777e-06	0.010407511638723221
-0.0007708033479205678	0.0030419692968499668	-0.003040355822645724	0.0007463404713359267	-0.007536904710861547	2.4902915004787474e-05	-0.00012703800521896014	0.012092565426775614
0.0007894316410161917	0.0037908820915399932	-0.0019169866306110173	0.007548965023101761	-0.008098589306879234	-0.0009736474779151738	0.0003098277916835368	0.013215934618810321
-0.0007083939483634172	0.0037908820915399932	-0.002977946423088129	0.0161614621620354	-0.009471596097144097	-0.0022842448686224426	-6.462860566092132e-05	0.012903887621022792
0.0004149752436719556	0.0037284726919823985	-0.0026658994253008217	0.024711549901411445	-0.010844602887408517	-0.003407614060656705	0.00024741839212638617	0.01215497482633321
-0.0003963469505761097	0.002605103499947914	-0.004038906215565241	0.04012667159211114	-0.012217609677673158	-0.002845929464639463	-0.00018944740477655486	0.010345102239165849
0.0005397940427862569	0.0013569155087980178	-0.006348053999192471	0.025585281495215773	-0.011156649885196046	-0.0009736474779151738	-0.00012703800521896014	0.009970645841821613
-0.0007083939483634172	0.0010448685110104883	-0.006410463398749622	0.022901677314243862	-0.010407737090506464	0.0005241781114648791	0.00024741839212638617	0.008784867250228645
-0.0008332127474786066	-0.0005153664779264933	-0.007096966793882498	0.010856663199648287	-0.009596414896259287	0.0015227285043848404	-0.00012703800521896014	0.00816077325465403
0.0006022034423438516	-0.0004529570783691206	-0.005786369403175229	0.013789904978850576	-0.009346777298028908	0.0012106815065973109	-0.00012703800521896014	0.007911135656423873
-0.0005835751492480057	0.00017113691720571644	-0.005349503606272954	0.007985830820004258	-0.008223408105994423	0.0012730909061544615	-2.219206104214777e-06	0.008535229651998266
0.0006646128419014463	0.0016689625065855473	-0.0037892686173353063	0.0035547634514221382	-0.006912810715287154	0.0005865875110224739	0.00012259959301097467	0.009970645841821613
-0.0007083939483634172	0.0030419692968499668	-0.0016673490323808604	0.0010583874691234563	-0.006600763717499625	-0.0007864192792423896	-6.462860566092132e-05	0.010220283440051103
0.0005397940427862569	0.003978110290212777	-0.001355302034593775	0.0005591122726633646	-0.006600763717499625	-0.001535332073931972	6.019019345382404e-05	0.01103160563429828
-0.0005835751492480057	0.005039070082689667	-0.0006687986394608991	0.0005591122726633646	-0.007599314110419364	-0.0018473790717199456	6.019019345382404e-05	0.010781968036068346
0.0006022034423438516	0.004851841884017105	-0.0026658994253008217	0.000247065274875391	-0.008285817505551574	-0.0007240098796847949	6.019019345382404e-05	0.01003305524137832
0.0007894316410161917	0.002605103499947914	-0.0035396310191058156	0.0006215216722202932	-0.008036179907321639	0.0006489969105800686	6.019019345382404e-05	0.0086600484511139
-0.000521165749690855	0.0009200497118955209	-0.0039764968160080905	0.00043429347354773107	-0.0077241329095345534	0.0018971849017297426	0.00024741839212638617	0.007411860459964004
0.00029015644455676615	-0.0011394604735015523	-0.006660100996980223	0.00012224647576020153	-0.008348226905109168	0.002022003700844488	-0.0003142662038913002	0.005352350274566708
-0.0008332127474786066	-0.0009522322748287682	-0.005723960003617634	0.00012224647576020153	-0.0074744953113039525	0.002646097696419547	-0.0002518568043337055	0.005414759674124303
0.0007894316410161917	-0.00020331948013918577	-0.003851678016892901	0.0006839310717778879	-0.007037629514401678	0.002271641299074423	-6.462860566092132e-05	0.007723907457751089
-0.0007083939483634172	0.0007952309127807755	-0.0039764968160080905	0.00018465587531779626	-0.007412085911746802	-0.0007240098796847949	-0.00018944740477655486	0.009471370645361077
0.0005397940427862569	0.0027299222990628813	-0.0017921678314960499	0.0004967028731057699	-0.007162448313516867	-0.0014105132748172267	0.00012259959301097467	0.011530880830758372
-0.0004587563501332603	0.004477385486672869	-0.00023193284255862423	0.0004967028731057699	-0.006663173117056775	-0.002346654268179149	0.00012259959301097467	0.011218833832970398
-0.0006459845488056004	0.005039070082689667	0.0004545705525738075	0.00012224647576020153	-0.006288716719712095	-0.0025338824668519333	-0.00012703800521896014	0.010844377435625496
0.0005397940427862569	0.0041653384888851175	-0.0005439798403457097	0.00037188407399058043	-0.006538354317941586	-0.0018473790717199456	-6.462860566092132e-05	0.00953378004491845
-0.00033393755101851497	0.0027299222990628813	-0.002353852427512848	0.0006839310717778879	-0.0057894415232520036	8.73123145623822e-05	0.00043464659079828216	0.00847282025244156
0.00029015644455676615	0.0006704121136655861	-0.0037892686173353063	-2.572323354099737e-06	-0.006787991916171965	0.00033694991279253905	-0.0004390850030060456	0.005289940875009558
-0.0005835751492480057	-0.0005777758774836439	-0.004850228409812862	0.0003094746744329857	-0.006600763717499625	0.0018971849017297426	0.00024741839212638617	0.005040303276779179
0.000727022241459041	-0.0009522322748287682	-0.005099866008043019	0.0006839310717778879	-0.006912810715287154	0.002022003700844488	-0.0002518568043337055	0.0055395784732390485
-0.0008332127474786066	-0.0005777758774836439	-0.004101315615122836	0.000247065274875391	-0.007100038913959272	0.0008986345088095593	-0.00012703800521896014	0.006538128866158788
0.0005397940427862569	0.00048318391499369007	-0.0020418054297257626	0.0006215216722202932	-0.0062263073201545005	0.0006489969105800686	0.0003098277916835368	0.008972095448901651
0.000727022241459041	0.004539794886229576	8.011415522868326e-05	0.0006839310717778879	-0.006413535518827285	-0.0007864192792423896	0.00024741839212638617	0.010407511638723221
-0.0006459845488056004	0.004914251283575144	-0.0003567516416738137	0.00018465587531779626	-0.007037629514401678	-0.0016601508730471615	-6.462860566092132e-05	0.0106571492369536
0.000727022241459041	0.004976660683132739	-0.0003567516416738137	0.0004967028731057699	-0.006912810715287154	-0.0012856944757022593	-2.219206104214777e-06	0.01053233043783841
-0.0006459845488056004	0.004290157288000307	-0.0004191610412314084	0.000247065274875391	-0.007037629514401678	-0.0010360568774718804	6.019019345382404e-05	0.00834800145332637
0.0006022034423438516	0.0024802847008327245	-0.002790718224415345	0.00043429347354773107	-0.007786542309091704	0.00014972171411997692	6.019019345382404e-05	0.007786316857309128
-0.0005835751492480057	0.001544143707470358	-0.003664449818220561	0.00043429347354773107	-0.008410636304666763	0.0023964600981896123	0.00012259959301097467	0.0076614980581939385
0.0006646128419014463	0.0005455933145508407	-0.00322758402131762	0.00018465587531779626	-0.009221958498914384	0.002646097696419547	-2.219206104214777e-06	0.007723907457751089
-0.0007708033479205678	-0.0003281382792543752	-0.003414812219990182	0.000247065274875391	-0.009346777298028908	0.0021468224999601215	-6.462860566092132e-05	0.008535229651998266
-0.000521165749690855	0.0022930565021608285	-0.0017921678314960499	0.00043429347354773107	-0.009658824295815993	0.0017099567030569585	6.019019345382404e-05	0.010719558636510751
0.0006022034423438516	0.003229197495522307	-0.0014801208337085203	0.0005591122726633646	-0.009783643094931183	0.0005865875110224739	0.00012259959301097467	0.011842927828545458
-0.0006459845488056004	0.00472702308490236	0.00020493295434342862	0.000247065274875391	-0.009658824295815993	-0.00047437228145508215	6.019019345382404e-05	0.013028706420137537
0.00047738464322866214	0.005163888881805301	0.0005169799521311802	0.00018465587531779626	-0.010095690092718934	-0.0016601508730471615	-0.0003142662038913002	0.013465572217040256
-0.0005835751492480057	0.005288707680920046	-0.0005439798403457097	0.0004967028731057699	-0.009409186697586502	-0.0005991910805702716	0.00018500899256879144	0.01221738422589036
0.0007894316410161917	0.004664613685344765	-0.0005439798403457097	0.0006215216722202932	-0.009097139699799195	0.00033694991279253905	-0.00018944740477655486	0.009783417643148828
-0.0007708033479205678	0.0028547410981776267	-0.002416261827070887	0.00043429347354773107	-0.008285817505551574	0.0015851379039424351	-0.00012703800521896014	0.0076614980581939385
0.0005397940427862569	0.0013569155087980178	-0.003602040418662966	0.0005591122726633646	-0.006975220114844083	0.0025212788973043576	0.0003098277916835368	0.0066005382657168266
0.00047738464322866214	-0.0005777758774836439	-0.0046005908115829275	0.000247065274875391	-0.007412085911746802	0.002022003700844488	-0.00012703800521896014	0.005165122075894368
-0.0005835751492480057	-0.0003281382792543752	-0.004350953213352993	0.000247065274875391	-0.00685040131572956	0.002458869497746763	6.019019345382404e-05	0.005726806671911611
0.0005397940427862569	0.0007328215132231808	-0.0025410806261856322	0.000247065274875391	-0.007661723509976959	0.0013355003057120562	-0.0002518568043337055	0.006787766464389167
-0.0003963469505761097	0.0021058283034880443	-0.0016673490323808604	0.0007463404713359267	-0.007973770507764044	0.0010858627074825655	0.00043464659079828216	0.009221733047131142
0.00047738464322866214	0.0027299222990628813	-0.0016049396328232657	0.00012224647576020153	-0.009097139699799195	-0.0001623252836675526	-0.0002518568043337055	0.011218833832970398
-0.0007708033479205678	0.003915700890655183	8.011415522868326e-05	5.983707620349499e-05	-0.009346777298028908	-0.0003495534823398927	0.00024741839212638617	0.011655699629873562
0.000727022241459041	0.004102929089327523	-0.0003567516416738137	0.000247065274875391	-0.009721233695374032	0.00014972171411997692	-6.462860566092132e-05	0.010906786835183091
-0.0006459845488056004	0.0035412444933096143	-0.0014801208337085203	0.000247065274875391	-0.01022050889183368	0.00027454051323494433	-0.00018944740477655486	0.00990823644226313
-0.0005835751492480057	0.001981009504372855	-0.00322758402131762	0.0004967028731057699	-0.009970871293603967	0.0015227285043848404	-2.219206104214777e-06	0.009221733047131142
0.000727022241459041	0.0012320967096832725	-0.0035396310191058156	0.0005591122726633646	-0.009221958498914384	0.0023964600981896123	0.00018500899256879144	0.00803595445553884
-0.0006459845488056004	0.0009200497118955209	-0.00322758402131762	0.000247065274875391	-0.009409186697586502	0.002271641299074423	6.019019345382404e-05	0.007411860459964004
0.0005397940427862569	0.00048318391499369007	-0.0041637250146804305	0.0003094746744329857	-0.009596414896259287	0.002271641299074423	-0.00012703800521896014	0.008410410852883965
-0.000521165749690855	0.0016689625065855473	-0.0028531276239729397	0.0004967028731057699	-0.00872268330245407	0.002646097696419547	-0.00018944740477655486	0.008847276649786018
0.00047738464322866214	0.0021058283034880443	-0.0018545772310534225	0.000247065274875391	-0.008972320900684005	0.0008362251092524087	-2.219206104214777e-06	0.009783417643148828
-0.0006459845488056004	0.0027299222990628813	-0.0018545772310534225	0.00037188407399058043	-0.008785092702011665	0.00027454051323494433	-0.00012703800521896014	0.010282692839608254
0.0006022034423438516	0.0036036538928680972	8.011415522868326e-05	0.0004967028731057699	-0.008223408105994423	0.00027454051323494433	0.00024741839212638617	0.0106571492369536
0.0005397940427862569	0.002979559897292816	-0.0012304832354781414	0.0003094746744329857	-0.008348226905109168	-9.991588410995789e-05	-6.462860566092132e-05	0.009221733047131142
-0.0005835751492480057	0.0030419692968499668	-0.0006063892399037485	0.0003094746744329857	-0.007536904710861547	0.0005241781114648791	0.00012259959301097467	0.00872245785067105
0.0004149752436719556	0.001981009504372855	-0.0017921678314960499	0.00018465587531779626	-0.008285817505551574	0.0002121311136773496	-0.0002518568043337055	0.007287041660849258
-0.0003963469505761097	0.00173137190614292	-0.0022914430279556974	0.0008087498708930774	-0.007349676512189651	0.002022003700844488	0.00043464659079828216	0.006350900667486448
0.0004149752436719556	0.0012945061092408672	-0.0022914430279556974	0.00012224647576020153	-0.008348226905109168	0.0015227285043848404	0.00012259959301097467	0.007287041660849258
-0.0005835751492480057	0.0012320967096832725	-0.002353852427512848	0.00043429347354773107	-0.009284367898471757	0.002458869497746763	0.00012259959301097467	0.007474269859521598
0.0006646128419014463	0.0010448685110104883	-0.002977946423088129	0.0003094746744329857	-0.009596414896259287	0.0023964600981896123	-0.00012703800521896014	0.00822318265421118
-0.0008332127474786066	0.0017937813057007368	-0.001542530233265671	0.00043429347354773107	-0.010095690092718934	0.0018971849017297426	6.019019345382404e-05	0.009159323647573547
-0.0006459845488056004	0.002605103499947914	-0.0014801208337085203	0.00037188407399058043	-0.009658824295815993	0.0019595943012873374	6.019019345382404e-05	0.009783417643148828
0.0008518410405735644	0.0031667880959656003	0.00026734235390146743	0.0005591122726633646	-0.009097139699799195	0.0017723661026145532	0.00018500899256879144	0.01003305524137832
-0.0007083939483634172	0.0028547410981776267	-0.0004191610412314084	0.00012224647576020153	-0.009471596097144097	0.000773815709695258	-6.462860566092132e-05	0.009658598844033639
0.0006022034423438516	0.0030419692968499668	-0.0004191610412314084	0.00037188407399058043	-0.00872268330245407	0.000961043908367154	-2.219206104214777e-06	0.009034504848458358
-0.0006459845488056004	0.003416425694195313	0.0004545705525738075	0.0004967028731057699	-0.008348226905109168	0.0010858627074825655	0.00012259959301097467	0.008410410852883965
0.000727022241459041	0.002792331698620476	-0.0007312080390184938	0.0006215216722202932	-0.00872268330245407	0.001834775502172148	-6.462860566092132e-05	0.0076614980581939385
-0.0007083939483634172	0.002168237703045639	-0.0017921678314960499	0.00043429347354773107	-0.009097139699799195	0.0021468224999601215	-6.462860566092132e-05	0.007599088658636788
0.0006646128419014463	0.002168237703045639	-0.002603490025743227	0.0005591122726633646	-0.009284367898471757	0.003270191691994384	0.00018500899256879144	0.00803595445553884
0.00022774704499939347	0.0010448685110104883	-0.003040355822645724	-0.00012739112246906714	-0.010407737090506464	0.0030205540937644493	-0.0004390850030060456	0.007536679259078749
-0.0003963469505761097	0.002168237703045639	-0.001542530233265671	0.0005591122726633646	-0.010095690092718934	0.0037694668884544758	0.00024741839212638617	0.009221733047131142
0.00047738464322866214	0.001981009504372855	-0.002603490025743227	0.000247065274875391	-0.010907012286966555	0.0030205540937644493	-0.0002518568043337055	0.009096914248015953
-0.0004587563501332603	0.002979559897292816	-0.0008560268381336833	0.0005591122726633646	-0.009970871293603967	0.0033950104911093515	0.00024741839212638617	0.010282692839608254
0.0006022034423438516	0.0033540162946377183	-0.00048157044078900313	0.000247065274875391	-0.010719784088293549	0.002084413100402527	-2.219206104214777e-06	0.010157874040493509
-0.0007083939483634172	0.003229197495522307	-0.001105664436363618	0.0003094746744329857	-0.01003328069316134	0.0021468224999601215	0.00024741839212638617	0.009658598844033639
0.0007894316410161917	0.0035412444933096143	-0.0003567516416738137	-0.00012739112246906714	-0.011094240485638895	0.0015227285043848404	-0.0004390850030060456	0.0086600484511139
-0.0010204409461509467	0.0026675128995052866	-0.002603490025743227	0.0004967028731057699	-0.011094240485638895	0.00289573529464926	6.019019345382404e-05	0.008410410852883965
-0.0005835751492480057	0.0016065531070283967	-0.002416261827070887	0.0004967028731057699	-0.010907012286966555	0.003956695087126816	6.019019345382404e-05	0.008098363855096435
0.0006646128419014463	0.0006704121136655861	-0.003040355822645724	0.0004967028731057699	-0.011780743880771327	0.004705607881816842	6.019019345382404e-05	0.007786316857309128
-0.0005835751492480057	0.00010872751764834376	-0.0041637250146804305	0.0003094746744329857	-0.012217609677673158	0.005454520676506425	0.00012259959301097467	0.007911135656423873
0.00047738464322866214	0.0006704121136655861	-0.003040355822645724	0.0003094746744329857	-0.012404837876346164	0.00557933947562117	-0.00012703800521896014	0.009159323647573547
-0.0007083939483634172	0.0011696873101256777	-0.002353852427512848	0.0003094746744329857	-0.012404837876346164	0.00539211127694883	-0.00018944740477655486	0.009346551846246332
0.0004149752436719556	0.001981009504372855	-0.002353852427512848	0.000247065274875391	-0.011718334481213732	0.004081513886241561	0.00018500899256879144	0.010719558636510751
-0.000521165749690855	0.0035412444933096143	-0.00016952344300125155	0.000247065274875391	-0.012280019077230753	0.0025836882968619523	-0.0002518568043337055	0.010345102239165849
0.0004149752436719556	0.0036036538928680972	-0.0003567516416738137	0.0006839310717778879	-0.010594965289178804	0.0032077822924367894	0.00043464659079828216	0.010345102239165849
0.0004149752436719556	0.0031667880959656003	-0.0007312080390184938	-2.572323354099737e-06	-0.010907012286966555	0.002084413100402527	-0.0005014944025636403	0.00847282025244156
-0.0004587563501332603	0.002605103499947914	-0.0016673490323808604	0.0004967028731057699	-0.010594965289178804	0.003270191691994384	0.00024741839212638617	0.008535229651998266
0.00047738464322866214	0.0012945061092408672	-0.0033524028204330314	0.0003094746744329857	-0.011094240485638895	0.004206332685356751	-0.00018944740477655486	0.007162222861733847
-0.0004587563501332603	0.001107277910568305	-0.002353852427512848	0.0006215216722202932	-0.010470146490064058	0.005828977073851549	0.00043464659079828216	0.006912585263503912
0.0005397940427862569	0.00010872751764834376	-0.004101315615122836	0.00037188407399058043	-0.011718334481213732	0.005953795872966516	0.00024741839212638617	0.007848726256866279
-0.0004587563501332603	0.0006080027141084354	-0.0031027652222033186	0.0004967028731057699	-0.012092790878558413	0.0061410240716388564	-0.00012703800521896014	0.008410410852883965
0.00047738464322866214	0.0013569155087980178	-0.0022290336283981027	0.00012224647576020153	-0.012841703673247995	0.005828977073851549	-0.0003142662038913002	0.009596189444476044
-0.0008332127474786066	0.0022930565021608285	-0.00016952344300125155	0.0007463404713359267	-0.012092790878558413	0.006203433471196007	0.0003722371912411315	0.01115642443341347
-0.0006459845488056004	0.004477385486672869	0.00014252355478627798	0.000247065274875391	-0.012654475474576099	0.004705607881816842	-2.219206104214777e-06	0.01115642443341347
0.0005397940427862569	0.0035412444933096143	-0.001355302034593775	0.0003094746744329857	-0.01290411307280559	0.004393560884028869	-0.00018944740477655486	0.010345102239165849
-0.00033393755101851497	0.003666063292425248	-0.0008560268381336833	0.0006839310717778879	-0.011468696882983576	0.005454520676506425	0.0003722371912411315	0.010157874040493509
0.00029015644455676615	0.0018561907052581095	-0.0022914430279556974	5.983707620349499e-05	-0.012654475474576099	0.004830426680931588	-0.00037667560344889495	0.00803595445553884
-0.0003963469505761097	0.0007328215132231808	-0.003477221619548221	0.0004967028731057699	-0.012092790878558413	0.0069523462658860335	-0.00018944740477655486	0.006912585263503912
0.0005397940427862569	0.00023354631676331117	-0.003664449818220561	0.000247065274875391	-0.011843153280328034	0.008887037652168361	0.00043464659079828216	0.008098363855096435
-0.00027152815146092024	0.0005455933145508407	-0.002603490025743227	0.00012224647576020153	-0.013216160070593341	0.00801330605836359	-0.0003142662038913002	0.0076614980581939385
0.0003525658441139168	-1.6091281466401597e-05	-0.0016673490323808604	0.00043429347354773107	-0.01271688487413325	0.008699809453496021	0.00018500899256879144	0.009658598844033639
0.0004149752436719556	0.002605103499947914	-0.0012928926350361802	0.000247065274875391	-0.014464348061743237	0.008138124857478557	-0.0003142662038913002	0.0106571492369536
-0.0004587563501332603	0.0037908820915399932	-0.0008560268381336833	0.0004967028731057699	-0.014152301063955708	0.008325353056151341	0.0003098277916835368	0.011967746627660647
0.0003525658441139168	0.003915700890655183	-0.0006063892399037485	0.00018465587531779626	-0.014526757461300166	0.0073892120627885305	-0.0002518568043337055	0.011468471431200777
-0.0005835751492480057	0.003915700890655183	-0.0009808456372484287	0.00037188407399058043	-0.013902663465725551	0.007077165065000779	0.00012259959301097467	0.00953378004491845
0.0006646128419014463	0.002979559897292816	-0.0022290336283981027	0.0004967028731057699	-0.01290411307280559	0.006827527466771288	0.0003098277916835368	0.008784867250228645
-0.000521165749690855	0.0026675128995052866	-0.001729758431938233	0.0005591122726633646	-0.011905562679886073	0.006265842870753602	-0.0003142662038913002	0.006850175863946317
0.0004149752436719556	0.0009200497118955209	-0.003477221619548221	0.0004967028731057699	-0.010907012286966555	0.00751403086190372	0.00012259959301097467	0.006912585263503912
-0.0005835751492480057	0.0008576403123379261	-0.0022914430279556974	0.0007463404713359267	-0.010907012286966555	0.00770125906057606	0.00043464659079828216	0.007162222861733847
-0.0010204409461509467	0.0002959557163209059	-0.0037892686173353063	-0.0002522099215842566	-0.013153750671035747	0.0069523462658860335	-0.000563903802121235	0.007037404062618657
0.0005397940427862569	0.0014817343079127632	-0.002790718224415345	0.00037188407399058043	-0.013278569470150936	0.008138124857478557	-0.00012703800521896014	0.00834800145332637
-0.0003963469505761097	0.0026675128995052866	-0.001105664436363618	0.0006215216722202932	-0.013777844666610806	0.008887037652168361	0.0003098277916835368	0.010345102239165849
0.00047738464322866214	0.001981009504372855	-0.0025410806261856322	0.00012224647576020153	-0.015587717253777722	0.008200534257036152	-0.00018944740477655486	0.01053233043783841
-0.0006459845488056004	0.0024178753012751297	-0.001979396030168612	0.0003094746744329857	-0.014963623258203329	0.00926149404951282	0.00012259959301097467	0.010282692839608254
0.0006646128419014463	0.0022930565021608285	-0.0014801208337085203	0.0006215216722202932	-0.01508844205731763	0.008699809453496021	-0.0002518568043337055	0.009159323647573547
-0.000958031546593352	0.0010448685110104883	-0.0032899934208756587	0.0004967028731057699	-0.013965072865283368	0.008949447051725734	6.019019345382404e-05	0.008410410852883965
0.000727022241459041	0.0012945061092408672	-0.002166624228840952	0.0004967028731057699	-0.013528207068380427	0.008574990654380832	0.00018500899256879144	0.00834800145332637
0.0005397940427862569	0.0006080027141084354	-0.003414812219990182	0.00037188407399058043	-0.013777844666610806	0.00782607785969125	-6.462860566092132e-05	0.007349451060406409
-0.0007708033479205678	0.0012320967096832725	-0.002416261827070887	0.00012224647576020153	-0.01290411307280559	0.007888487259248844	-0.00012703800521896014	0.007349451060406409
0.0004149752436719556	0.0012945061092408672	-0.002353852427512848	0.00018465587531779626	-0.013590616467938466	0.007576440261460871	-0.00037667560344889495	0.007599088658636788
-0.00020911875190332552	0.001981009504372855	-0.0022290336283981027	0.0007463404713359267	-0.013028931871920557	0.008949447051725734	0.0005594653899134716	0.00872245785067105
0.0004149752436719556	0.0018561907052581095	-0.002166624228840952	5.983707620349499e-05	-0.014401938662185643	0.009074265850840924	-0.00012703800521896014	0.00990823644226313
-0.0007083939483634172	0.0020434189039304496	-0.002166624228840952	0.00018465587531779626	-0.015338079655547565	0.011071366636680402	0.00024741839212638617	0.01046992103828126
0.0007894316410161917	0.0021058283034880443	-0.002790718224415345	0.00018465587531779626	-0.015587717253777722	0.011196185435795591	-0.00018944740477655486	0.010282692839608254
-0.0007083939483634172	0.0021058283034880443	-0.002416261827070887	0.0005591122726633646	-0.015525307854220127	0.011008957237123251	0.00018500899256879144	0.010282692839608254
-0.0007083939483634172	0.00173137190614292	-0.003040355822645724	0.00037188407399058043	-0.014963623258203329	0.010759319638892872	6.019019345382404e-05	0.009783417643148828
0.0006646128419014463	0.0020434189039304496	-0.0018545772310534225	0.00037188407399058043	-0.013840254066167956	0.009511131647743198	-6.462860566092132e-05	0.008972095448901651
-0.0005835751492480057	0.0018561907052581095	-0.0022914430279556974	0.000247065274875391	-0.013590616467938466	0.009074265850840924	-2.219206104214777e-06	0.008847276649786018
0.0006022034423438516	0.0018561907052581095	-0.003040355822645724	0.00037188407399058043	-0.013153750671035747	0.008450171855265642	-0.00012703800521896014	0.00847282025244156
-0.0004587563501332603	0.002168237703045639	-0.0017921678314960499	0.0005591122726633646	-0.012217609677673158	0.00926149404951282	-0.0002518568043337055	0.007723907457751089
0.00047738464322866214	0.0009824591114531156	-0.003414812219990182	0.00012224647576020153	-0.012654475474576099	0.009698359846415983	0.00018500899256879144	0.00816077325465403
-0.0004587563501332603	0.0012945061092408672	-0.0032899934208756587	0.0003094746744329857	-0.013403388269265681	0.01026004444243278	-0.00018944740477655486	0.007848726256866279
0.0004149752436719556	0.0007952309127807755	-0.002603490025743227	0.0006839310717778879	-0.013403388269265681	0.011133776036237553	0.0003098277916835368	0.009096914248015953
0.0005397940427862569	0.0009824591114531156	-0.002790718224415345	0.00018465587531779626	-0.013902663465725551	0.01026004444243278	-0.00018944740477655486	0.00822318265421118
-0.000521165749690855	0.0021058283034880443	-0.0010432550368058013	0.0004967028731057699	-0.013403388269265681	0.010759319638892872	0.00012259959301097467	0.009346551846246332
0.0007894316410161917	0.0017937813057007368	-0.0014177114341509256	0.0006215216722202932	-0.013528207068380427	0.009760769245972911	0.00012259959301097467	0.009221733047131142
-0.0005835751492480057	0.0022306471026027896	-0.0009184362376908339	0.0003094746744329857	-0.01271688487413325	0.009199084649956113	6.019019345382404e-05	0.008098363855096435
0.0003525658441139168	0.0022930565021608285	-0.0008560268381336833	0.00012224647576020153	-0.012841703673247995	0.00801330605836359	0.00043464659079828216	0.00872245785067105
-0.00033393755101851497	0.0024178753012751297	-0.001355302034593775	0.0007463404713359267	-0.012155200278116007	0.008138124857478557	-0.00037667560344889495	0.006912585263503912
0.0003525658441139168	0.0014817343079127632	-0.0024786712266284816	0.0004967028731057699	-0.011843153280328034	0.009698359846415983	6.019019345382404e-05	0.0076614980581939385
-0.000521165749690855	0.001544143707470358	-0.004038906215565241	0.00043429347354773107	-0.012404837876346164	0.01026004444243278	-2.219206104214777e-06	0.006974994663061507
-0.0006459845488056004	0.00048318391499369007	-0.00322758402131762	0.0003094746744329857	-0.011905562679886073	0.01157064183314005	-2.219206104214777e-06	0.007099813462176696
0.00047738464322866214	0.0005455933145508407	-0.0031651746217609134	0.0003094746744329857	-0.012404837876346164	0.010696910239335722	-0.00012703800521896014	0.006912585263503912
-0.0005835751492480057	0.0009200497118955209	-0.002977946423088129	0.0003094746744329857	-0.01153110628254117	0.01038486324154797	-2.219206104214777e-06	0.007349451060406409
0.000727022241459041	0.0017937813057007368	-0.0012928926350361802	0.0005591122726633646	-0.010470146490064058	0.009074265850840924	-2.219206104214777e-06	0.007037404062618657
-0.0007708033479205678	0.0021058283034880443	-0.0011680738359209908	5.983707620349499e-05	-0.010657374688735954	0.007201983864115968	-2.219206104214777e-06	0.006662947665274421
0.0005397940427862569	0.0018561907052581095	-0.0014801208337085203	0.0004967028731057699	-0.00872268330245407	0.006016205272524111	6.019019345382404e-05	0.00616367246881433
-0.0005835751492480057	0.0022306471026027896	-0.0008560268381336833	0.000247065274875391	-0.009097139699799195	0.00557933947562117	-0.00018944740477655486	0.005040303276779179
0.00047738464322866214	0.0009200497118955209	-0.0033524028204330314	0.00037188407399058043	-0.008036179907321639	0.0061410240716388564	0.00018500899256879144	0.004541028080319531
0.0004149752436719556	-0.0003281382792543752	-0.0033524028204330314	0.000247065274875391	-0.007973770507764044	0.006390661669868791	-0.0002518568043337055	0.0034176588882848247
-0.0003963469505761097	-0.0010146416743863629	-0.0035396310191058156	0.0006215216722202932	-0.007661723509976959	0.00795089665880555	0.0003098277916835368	0.003979343484302289
0.0004149752436719556	-0.0014515074712888598	-0.004226134414237803	0.00018465587531779626	-0.007848951708648855	0.007077165065000779	-0.00018944740477655486	0.002668746093594798
-0.0005835751492480057	-0.0005777758774836439	-0.002166624228840952	0.00018465587531779626	-0.007224857713074462	0.007326802663231158	-0.00012703800521896014	0.00391693408474425
0.0006022034423438516	0.00023354631676331117	-0.0018545772310534225	0.0004967028731057699	-0.007412085911746802	0.006016205272524111	6.019019345382404e-05	0.004104162283417256
-0.0005835751492480057	0.001107277910568305	-0.0005439798403457097	0.0003094746744329857	-0.0051653475276771665	0.00289573529464926	6.019019345382404e-05	0.004104162283417256
0.0006646128419014463	0.002168237703045639	0.0009538457490334551	5.983707620349499e-05	-0.004478844132544513	0.0012106815065973109	-0.0002518568043337055	0.0034800682878424194
-0.0008332127474786066	0.00173137190614292	0.0005169799521311802	0.0006839310717778879	-0.0022321057484753215	0.0012730909061544615	0.0003722371912411315	0.002668746093594798
-0.0008332127474786066	0.0009824591114531156	-0.00023193284255862423	5.983707620349499e-05	-0.0017328305520152298	2.4902915004787474e-05	-0.00018944740477655486	0.0013581487028879735
0.00047738464322866214	-0.0005153664779264933	-0.0018545772310534225	0.000247065274875391	-0.0017952399515728246	0.0005241781114648791	-0.00012703800521896014	0.00035959830996801223
-0.0006459845488056004	-0.0004529570783691206	-0.0017921678314960499	0.0003094746744329857	-0.0006094613599805232	0.001397909705269651	-6.462860566092132e-05	-1.4858087377334073e-05
0.0008518410405735644	-0.00020331948013918577	-0.001105664436363618	0.0008087498708930774	-0.00017259556307847035	0.001834775502172148	0.0003722371912411315	-0.0002644956856072689
-0.0007083939483634172	-0.0009522322748287682	-0.0019169866306110173	0.00012224647576020153	-0.0005470519604231505	0.0013355003057120562	-0.0002518568043337055	-0.0002644956856072689
0.0004149752436719556	0.00010872751764834376	-0.0003567516416738137	0.00018465587531779626	0.0008259548298414909	-0.00022473468322470325	0.0003722371912411315	0.0014829675020022748
-0.00033393755101851497	0.0018561907052581095	0.0012658927468209846	0.00037188407399058043	0.0003890890329394381	-0.0010360568774718804	-2.219206104214777e-06	0.0011709205042151893
0.0005397940427862569	0.0012945061092408672	0.0018899867423958217	0.00018465587531779626	0.0013252300263015826	-0.0018473790717199456	-0.00012703800521896014	0.0009836923055424052
0.00047738464322866214	0.0014817343079127632	0.0011410739477062393	0.00037188407399058043	0.0009507736289562363	-0.003220385861983921	-0.00012703800521896014	0.00042200770952560696
-0.00033393755101851497	0.00042077451543565125	0.0006417987512463696	0.0006839310717778879	0.0021989616201063544	-0.0016601508730471615	0.0004970559903558769	0.00023477951085304483
0.00047738464322866214	-0.0005153664779264933	1.7704755671088535e-05	0.000247065274875391	0.00251100861789344	-0.0025338824668519333	-0.00012703800521896014	-0.0015750930763145377
-0.0005835751492480057	-0.0010146416743863629	-0.0006063892399037485	0.0003094746744329857	0.002261371019663949	-0.0018473790717199456	-2.219206104214777e-06	-0.0017623212749864337
0.0006022034423438516	-0.0015139168708464545	-0.0012928926350361802	0.00037188407399058043	0.0017620958232038575	-0.0007864192792423896	0.0004970559903558769	-0.0005141332838376478
-0.0003963469505761097	-0.00014091008058159105	0.0003921611530157687	0.0007463404713359267	-0.0006094613599805232	0.0005865875110224739	-0.00018944740477655486	-1.4858087377334073e-05
0.00047738464322866214	-0.0005153664779264933	-0.00023193284255862423	0.00043429347354773107	-0.0018576493511304193	0.0023340506986320175	-2.219206104214777e-06	0.0019822426984623664
-0.0005835751492480057	0.0007328215132231808	0.001390711545935952	0.0004967028731057699	-0.0038547501369696757	0.0029581446942068546	6.019019345382404e-05	0.003604887086957609
-0.0007708033479205678	0.0016065531070283967	0.0004545705525738075	5.983707620349499e-05	-0.007224857713074462	0.00501765487960415	-0.00018944740477655486	0.005289940875009558
0.0006022034423438516	0.0014817343079127632	0.0003921611530157687	0.0003094746744329857	-0.008660273902896476	0.0069523462658860335	-0.00012703800521896014	0.005914034870583951
-0.0003963469505761097	0.0021058283034880443	0.0005793893516887749	0.0006215216722202932	-0.008597864503339325	0.00801330605836359	0.0003098277916835368	0.006974994663061507
0.0006022034423438516	0.0006080027141084354	-0.0012304832354781414	0.00043429347354773107	-0.01003328069316134	0.008512581254823237	6.019019345382404e-05	0.0059764442701415454
-0.0006459845488056004	0.00035836511587805653	-0.0018545772310534225	0.00012224647576020153	-0.010158099492276085	0.009823178645530506	-0.00012703800521896014	0.006538128866158788
0.0006022034423438516	0.0009824591114531156	-0.0019169866306110173	0.00043429347354773107	-0.013028931871920557	0.01231955462783052	0.00012259959301097467	0.007599088658636788
-0.0005835751492480057	0.00048318391499369007	-0.002416261827070887	0.000247065274875391	-0.013153750671035747	0.011820279431369984	-0.00012703800521896014	0.007287041660849258
0.0005397940427862569	0.0011696873101256777	-0.0011680738359209908	0.00043429347354773107	-0.012529656675460465	0.010759319638892872	6.019019345382404e-05	0.00803595445553884
0.000727022241459041	0.0014193249083556125	-0.0019169866306110173	0.0004967028731057699	-0.012592066075018504	0.010197635042876074	0.00012259959301097467	0.007786316857309128
-0.0007708033479205678	0.0016689625065855473	-0.0014177114341509256	5.983707620349499e-05	-0.012155200278116007	0.009635950446858388	-0.00018944740477655486	0.007411860459964004
0.00047738464322866214	0.0014193249083556125	-0.001542530233265671	0.00018465587531779626	-0.012592066075018504	0.009323903449070414	-0.00018944740477655486	0.007411860459964004
-0.000521165749690855	0.0007952309127807755	-0.0019169866306110173	0.0004967028731057699	-0.012092790878558413	0.01007281624376044	0.0003098277916835368	0.006226081868371924
0.0006022034423438516	0.00035836511587805653	-0.0016673490323808604	0.0003094746744329857	-0.01121905928475364	0.009074265850840924	-2.219206104214777e-06	0.005914034870583951
-0.0006459845488056004	0.0002959557163209059	-0.001729758431938233	0.000247065274875391	-0.009846052494488555	0.007638849661018465	-0.00012703800521896014	0.004977893877222028
0.0005397940427862569	-0.0003281382792543752	-0.002166624228840952	0.0006839310717778879	-0.007536904710861547	0.007326802663231158	0.00043464659079828216	0.005165122075894368
-0.0003963469505761097	0.0009200497118955209	-0.0012304832354781414	-2.572323354099737e-06	-0.008473045704224136	0.005516930076064019	-0.00037667560344889495	0.00404175288385944
-0.000521165749690855	0.0009824591114531156	-0.0011680738359209908	0.000247065274875391	-0.007536904710861547	0.005891386473408922	-2.219206104214777e-06	0.004541028080319531
0.0005397940427862569	0.0017937813057007368	-0.0007936174385760886	0.00037188407399058043	-0.006975220114844083	0.005454520676506425	-6.462860566092132e-05	0.0042913904820895965
-0.0004587563501332603	0.0014193249083556125	-0.0012304832354781414	0.0005591122726633646	-0.006413535518827285	0.005953795872966516	0.00024741839212638617	0.004541028080319531
0.0005397940427862569	0.0002959557163209059	-0.002353852427512848	0.000247065274875391	-0.005851850922809598	0.005454520676506425	-0.00012703800521896014	0.0028559742922671383
-0.000521165749690855	0.0007952309127807755	-0.001542530233265671	0.00043429347354773107	-0.004166797134757649	0.005142473678718895	0.00012259959301097467	0.002294289696249896
0.000727022241459041	-0.00039054767881108177	-0.002166624228840952	0.0004967028731057699	-0.002731380944935191	0.004206332685356751	-2.219206104214777e-06	0.0017326051002324316
-0.0005835751492480057	-0.0005153664779264933	-0.0017921678314960499	0.00018465587531779626	-0.0017328305520152298	0.002022003700844488	-0.00018944740477655486	0.0009212829059854766
0.0005397940427862569	4.631811809119313e-05	-0.00023193284255862423	0.0005591122726633646	-0.0007342801590952686	0.0012730909061544615	0.00024741839212638617	0.0014829675020022748
0.0006646128419014463	0.0007952309127807755	0.0005793893516887749	0.0004967028731057699	0.0005139078320544055	2.4902915004787474e-05	0.00012259959301097467	0.0006716453077550977
-0.0006459845488056004	0.001981009504372855	0.0017027585437230375	0.000247065274875391	0.0013876394258591773	-0.0014105132748172267	-2.219206104214777e-06	0.0005468265086399082
0.0006646128419014463	0.0014193249083556125	0.0004545705525738075	0.00043429347354773107	0.0015124582249743668	-0.001972197870834691	-6.462860566092132e-05	0.00010996071173785538
-0.0004587563501332603	0.0009824591114531156	-4.47046438860621e-05	0.0004967028731057699	0.0031975120130258716	-0.0014729226743748214	0.0003098277916835368	-0.0015750930763145377
0.00022774704499939347	-7.850068102399632e-05	-0.0007936174385760886	-0.00012739112246906714	0.0016996864236462628	-0.0014105132748172267	-2.219206104214777e-06	-0.0005141332838376478
-0.0005835751492480057	-0.0008898228752711734	-0.0021042148292833573	0.00037188407399058043	0.001637277024088668	0.0019595943012873374	0.0005594653899134716	-0.0004517238842791649
0.0009766598396887538	-0.0006401852770416827	-0.0010432550368058013	0.000247065274875391	0.0008259548298414909	0.0012730909061544615	-6.462860566092132e-05	-0.0004517238842791649
-0.0007083939483634172	-0.0007025946765992774	-0.0005439798403457097	0.000247065274875391	0.0008259548298414909	-0.0005367816810120107	-0.00018944740477655486	-0.0005141332838376478
-0.0007083939483634172	0.00042077451543565125	0.0013283021463785794	0.000247065274875391	0.002261371019663949	-0.0012856944757022593	-6.462860566092132e-05	-0.0002644956856072689
0.0008518410405735644	0.0019186001048157042	0.002638899537086292	0.0006839310717778879	0.0025734180174514787	-0.0029083388641970576	0.0003098277916835368	0.00035959830996801223
-0.0007083939483634172	0.0009824591114531156	0.0023268525392987627	0.000247065274875391	0.0019493240218764196	-0.002845929464639463	-2.219206104214777e-06	0.00010996071173785538
0.00047738464322866214	0.0014193249083556125	0.0025140807379706587	0.0003094746744329857	0.002261371019663949	-0.0034700234602143	-0.00018944740477655486	0.00023477951085304483
-0.00033393755101851497	0.002168237703045639	0.002264443139740724	0.0006839310717778879	0.0021989616201063544	-0.003033157663312025	-0.0002518568043337055	-0.0010134084802972954
0.00029015644455676615	-0.0008274134757140228	-0.00010711404344365683	5.983707620349499e-05	0.001450048825416328	-0.0009112380783575791	0.00012259959301097467	-0.0007637708820669165
-0.000521165749690855	0.00042077451543565125	-4.47046438860621e-05	0.000247065274875391	-0.0005470519604231505	0.0002121311136773496	-0.0003142662038913002	-0.0008261802816249553
0.0004149752436719556	-0.0007650040761564281	-0.0008560268381336833	0.0006839310717778879	-0.0009215083577680527	0.003707057488896881	0.0003722371912411315	0.000609235908197503
0.00047738464322866214	4.631811809119313e-05	-0.00029434224211621896	0.000247065274875391	-0.0024817433467052563	0.0023964600981896123	-0.00012703800521896014	0.000796464106869843
-0.0006459845488056004	0.0005455933145508407	0.00020493295434342862	0.00037188407399058043	-0.004291615933871951	0.003457419890666946	6.019019345382404e-05	0.002918383691825177
0.0007894316410161917	0.0009824591114531156	0.0015155303450511415	0.0005591122726633646	-0.005102938128119572	0.004518379683144058	0.00018500899256879144	0.00391693408474425
-0.0008332127474786066	0.002168237703045639	0.001827577342838227	-2.572323354099737e-06	-0.006663173117056775	0.0030829634933216	-0.0002518568043337055	0.005914034870583951
0.0006646128419014463	0.0021058283034880443	0.0013283021463785794	0.00037188407399058043	-0.009097139699799195	0.004580789082701653	6.019019345382404e-05	0.006662947665274421
-0.0005835751492480057	0.0012320967096832725	0.0004545705525738075	0.00037188407399058043	-0.012092790878558413	0.00926149404951282	6.019019345382404e-05	0.007037404062618657
0.0006022034423438516	0.0014193249083556125	-0.0006687986394608991	5.983707620349499e-05	-0.015650126653335317	0.013193286221635292	-0.0002518568043337055	0.007973545055981468
-0.0007083939483634172	-0.0002657288796967805	-0.0046005908115829275	0.0004967028731057699	-0.017959274436962547	0.01706266899419928	-2.219206104214777e-06	0.009096914248015953
-0.000521165749690855	0.00023354631676331117	-0.004288543813795398	0.00043429347354773107	-0.02070528801749205	0.020307957771188878	0.00018500899256879144	0.011094015033855875
0.0006646128419014463	-0.00020331948013918577	-0.00516227540760017	0.0003094746744329857	-0.02457467079005604	0.02299156195216079	-6.462860566092132e-05	0.012779068821908046
-0.0007708033479205678	0.0008576403123379261	-0.004663000211140522	-2.572323354099737e-06	-0.02638454337722318	0.023615655947735625	-0.0002518568043337055	0.014089666212615093
0.0007894316410161917	0.002542694100390319	-0.0026658994253008217	0.0006215216722202932	-0.027320684370585768	0.024364568742425208	0.00012259959301097467	0.01708531739137431
-0.000521165749690855	0.0028547410981776267	-0.0024786712266284816	0.00043429347354773107	-0.02806959716527535	0.024114931144195717	-0.0003142662038913002	0.016024357598897643
0.0003525658441139168	0.0031043786964080056	-0.0022914430279556974	-2.572323354099737e-06	-0.02700863737279846	0.02186819276012608	-6.462860566092132e-05	0.01683567979314482
-0.0005835751492480057	0.003978110290212777	-0.0018545772310534225	0.0006215216722202932	-0.02688381857368327	0.021930602159683676	0.00018500899256879144	0.016149176398011944
0.0007894316410161917	0.0028547410981776267	-0.004663000211140522	0.00018465587531779626	-0.02625972457810799	0.02236746795658573	-0.00012703800521896014	0.014963397806419865
0.0006646128419014463	0.0014193249083556125	-0.005536731804945294	0.0004967028731057699	-0.025885268180763754	0.02305397135171816	-6.462860566092132e-05	0.01433930381084525
-0.0005835751492480057	0.00010872751764834376	-0.007159376193440092	0.00037188407399058043	-0.025198764785631322	0.023865293545965338	-2.219206104214777e-06	0.013465572217040256
0.00047738464322866214	0.00023354631676331117	-0.006847329195653007	0.00018465587531779626	-0.02420021439271136	0.023428427749063285	-0.00018944740477655486	0.012279793625447954
-0.0004587563501332603	0.0012945061092408672	-0.006098416400962536	0.0004967028731057699	-0.023451301598021335	0.02349083714862088	0.00012259959301097467	0.012903887621022792
0.0007894316410161917	0.0012320967096832725	-0.005723960003617634	0.0005591122726633646	-0.022577570004216563	0.02249228675570092	-0.0003142662038913002	0.01221738422589036
-0.0008956221470353132	0.001981009504372855	-0.004350953213352993	-2.572323354099737e-06	-0.020393241019704522	0.018248447585791583	-0.00012703800521896014	0.012279793625447954
0.0005397940427862569	0.002605103499947914	-0.003851678016892901	0.0005591122726633646	-0.017959274436962547	0.017125078393756876	0.00024741839212638617	0.011718109029430268
-0.00033393755101851497	0.0026675128995052866	-0.002977946423088129	0.00037188407399058043	-0.01671108644581243	0.01500315880880243	-2.219206104214777e-06	0.010095464640935914
-0.0005835751492480057	0.001544143707470358	-0.003851678016892901	0.00043429347354773107	-0.015837354852007657	0.013817380217209685	6.019019345382404e-05	0.009346551846246332
0.0006022034423438516	0.0005455933145508407	-0.0046005908115829275	0.00043429347354773107	-0.014589166860857983	0.013380514420307632	-0.00012703800521896014	0.007786316857309128
-0.0005835751492480057	0.0006704121136655861	-0.0037892686173353063	0.0004967028731057699	-0.012966522472363184	0.013630152018537345	0.00024741839212638617	0.007411860459964004
0.00047738464322866214	-7.850068102399632e-05	-0.0046005908115829275	0.0003094746744329857	-0.013340978869708087	0.012818829824289946	-0.00018944740477655486	0.006475719466601637
-0.0004587563501332603	0.0005455933145508407	-0.004101315615122836	0.00037188407399058043	-0.012217609677673158	0.013006058022962952	-0.00018944740477655486	0.006850175863946317
0.00047738464322866214	0.0013569155087980178	-0.0031651746217609134	0.0003094746744329857	-0.01290411307280559	0.013318105020750037	-2.219206104214777e-06	0.007848726256866279
-0.0005835751492480057	0.001544143707470358	-0.0028531276239729397	0.00043429347354773107	-0.012966522472363184	0.012943648623404913	6.019019345382404e-05	0.00816077325465403
0.0006022034423438516	0.002168237703045639	-0.0019169866306110173	0.0004967028731057699	-0.013340978869708087	0.013006058022962952	0.00012259959301097467	0.008972095448901651
0.0005397940427862569	0.00173137190614292	-0.002790718224415345	0.00043429347354773107	-0.014339529262628048	0.013068467422520103	-6.462860566092132e-05	0.008597639051555861
-0.0006459845488056004	0.0013569155087980178	-0.002977946423088129	0.000247065274875391	-0.014027482264840518	0.013380514420307632	-2.219206104214777e-06	0.008535229651998266
0.0005397940427862569	0.0009200497118955209	-0.003477221619548221	0.000247065274875391	-0.014651576260415577	0.012818829824289946	-0.00018944740477655486	0.007848726256866279
-0.0004587563501332603	0.0002959557163209059	-0.003914087416450052	0.0005591122726633646	-0.014651576260415577	0.014129427214997214	0.00024741839212638617	0.007848726256866279
0.0006022034423438516	4.631811809119313e-05	-0.003851678016892901	0.00043429347354773107	-0.015026032657760036	0.01419183661455481	-0.00018944740477655486	0.008098363855096435
-0.0007708033479205678	0.00035836511587805653	-0.003851678016892901	0.00012224647576020153	-0.016586267646697683	0.014566293011900155	-0.0002518568043337055	0.00834800145332637
0.00047738464322866214	0.00042077451543565125	-0.004288543813795398	0.0007463404713359267	-0.015650126653335317	0.015315205806589294	0.0003722371912411315	0.009346551846246332
-0.00033393755101851497	0.00173137190614292	-0.0037268592177777116	0.00012224647576020153	-0.017147952242715148	0.01425424601411196	-0.0002518568043337055	0.00872245785067105
-0.0007708033479205678	0.0011696873101256777	-0.004038906215565241	0.00018465587531779626	-0.01721036164227252	0.014379064813227593	-0.0002518568043337055	0.008909686049344057
0.0008518410405735644	0.0012945061092408672	-0.003040355822645724	0.0007463404713359267	-0.01596217365112329	0.014878340009687241	0.00043464659079828216	0.008972095448901651
-0.0007708033479205678	0.0007328215132231808	-0.003851678016892901	0.00018465587531779626	-0.01671108644581243	0.014004608415882469	-0.00018944740477655486	0.007973545055981468
0.0004149752436719556	-0.0002657288796967805	-0.004350953213352993	0.000247065274875391	-0.01633663004846775	0.013318105020750037	-0.00012703800521896014	0.007536679259078749
-0.000521165749690855	-0.00014091008058159105	-0.0033524028204330314	0.00043429347354773107	-0.015275670255990415	0.013130876822077253	-0.00012703800521896014	0.006850175863946317
0.0005397940427862569	-0.0004529570783691206	-0.0032899934208756587	0.00037188407399058043	-0.014089891664397669	0.011508232433582899	0.00018500899256879144	0.006787766464389167
-0.000521165749690855	-0.0003281382792543752	-0.0024786712266284816	0.00012224647576020153	-0.013777844666610806	0.009885588045088545	-0.0002518568043337055	0.006101263069256735
0.0004149752436719556	0.00042077451543565125	-0.0011680738359209908	0.0004967028731057699	-0.013278569470150936	0.01038486324154797	0.00024741839212638617	0.007162222861733847
0.0005397940427862569	0.0011696873101256777	-0.0014177114341509256	0.0003094746744329857	-0.013777844666610806	0.010322453841990376	-0.00018944740477655486	0.006974994663061507
-0.0006459845488056004	0.0020434189039304496	-0.0011680738359209908	0.00018465587531779626	-0.013902663465725551	0.010759319638892872	-6.462860566092132e-05	0.007599088658636788
0.0006022034423438516	0.001981009504372855	-0.0020418054297257626	0.00043429347354773107	-0.01521326085643282	0.012069917029600141	-6.462860566092132e-05	0.008285592053768776
-0.0006459845488056004	0.0013569155087980178	-0.002353852427512848	0.00037188407399058043	-0.01589976425156525	0.014004608415882469	-2.219206104214777e-06	0.009346551846246332
0.0006646128419014463	0.0012320967096832725	-0.003477221619548221	0.00037188407399058043	-0.01739758984094486	0.014691111811014457	-6.462860566092132e-05	0.010157874040493509
-0.0006459845488056004	0.0006080027141084354	-0.0039764968160080905	0.000247065274875391	-0.020642878617934457	0.019184588579153727	-2.219206104214777e-06	0.01115642443341347
0.0006646128419014463	-7.850068102399632e-05	-0.0041637250146804305	5.983707620349499e-05	-0.02251516060465919	0.01937181677782651	-0.0002518568043337055	0.011967746627660647
-0.0007708033479205678	0.00035836511587805653	-0.003664449818220561	0.0004967028731057699	-0.02382575799536646	0.02186819276012608	0.00012259959301097467	0.013215934618810321
-0.0005835751492480057	0.0017937813057007368	-0.003602040418662966	0.0004967028731057699	-0.024449851990940852	0.02130650816410884	6.019019345382404e-05	0.01433930381084525
0.000727022241459041	0.0024802847008327245	-0.0025410806261856322	0.00043429347354773107	-0.02457467079005604	0.021119279965436055	-2.219206104214777e-06	0.01433930381084525
-0.0007083939483634172	0.0027299222990628813	-0.003040355822645724	0.00012224647576020153	-0.0240129861940388	0.02018313897207369	-0.00012703800521896014	0.014027256813057498
0.0006022034423438516	0.0037284726919823985	-0.003040355822645724	0.00037188407399058043	-0.022577570004216563	0.018186038186234432	-6.462860566092132e-05	0.01259184062323504
-0.0003963469505761097	0.002979559897292816	-0.0035396310191058156	0.0004967028731057699	-0.02132938201306689	0.018310856985348956	6.019019345382404e-05	0.011094015033855875
0.0006646128419014463	0.002542694100390319	-0.005599141204502445	0.0004967028731057699	-0.02014360342147481	0.017936400588004053	-6.462860566092132e-05	0.010407511638723221
-0.0006459845488056004	0.00017113691720571644	-0.005911188202289752	0.0004967028731057699	-0.019207462428112	0.017437125391544406	6.019019345382404e-05	0.009408961245803926
0.0006646128419014463	-0.00039054767881108177	-0.0054119130058296605	0.0005591122726633646	-0.01752240864006005	0.017125078393756876	0.00024741839212638617	0.008784867250228645
0.00047738464322866214	-0.0021380108664212916	-0.0052246848071577645	0.00018465587531779626	-0.016835905244927618	0.015564843404819673	-0.00018944740477655486	0.007786316857309128
-0.0005835751492480057	4.631811809119313e-05	-0.002790718224415345	0.0004967028731057699	-0.01540048905510516	0.013817380217209685	6.019019345382404e-05	0.00822318265421118
0.000727022241459041	0.00017113691720571644	-0.0006687986394608991	0.0005591122726633646	-0.014651576260415577	0.013630152018537345	0.00012259959301097467	0.008784867250228645
-0.0007708033479205678	0.002355465901717535	-0.0005439798403457097	0.00018465587531779626	-0.014401938662185643	0.010322453841990376	-0.00018944740477655486	0.008410410852883965
0.0006022034423438516	0.0024802847008327245	0.0005793893516887749	0.000247065274875391	-0.014027482264840518	0.010509682040662938	6.019019345382404e-05	0.008597639051555861
-0.000521165749690855	0.003229197495522307	-0.0005439798403457097	0.0003094746744329857	-0.013028931871920557	0.011008957237123251	0.00012259959301097467	0.007411860459964004
0.0006646128419014463	0.0028547410981776267	-0.0014177114341509256	5.983707620349499e-05	-0.012654475474576099	0.01231955462783052	-0.0002518568043337055	0.0066005382657168266
-0.0008332127474786066	0.0012320967096832725	-0.004663000211140522	0.00037188407399058043	-0.012342428476788347	0.012132326429157736	-6.462860566092132e-05	0.00566439727235446
-0.0006459845488056004	0.0002959557163209059	-0.004038906215565241	0.00043429347354773107	-0.011655925081656138	0.014316655413669555	0.00012259959301097467	0.0059764442701415454
0.0005397940427862569	0.0012320967096832725	-0.004663000211140522	0.000247065274875391	-0.012092790878558413	0.012257145228272925	-6.462860566092132e-05	0.005726806671911611
-0.000521165749690855	0.0013569155087980178	-0.0024786712266284816	0.00037188407399058043	-0.011718334481213732	0.012069917029600141	0.00012259959301097467	0.006413310067044264
0.0005397940427862569	0.00173137190614292	-0.0022290336283981027	0.0003094746744329857	-0.011718334481213732	0.009885588045088545	-0.00012703800521896014	0.006974994663061507
-0.000521165749690855	0.0026675128995052866	-0.0005439798403457097	0.0004967028731057699	-0.010532555889621209	0.00795089665880555	-0.00018944740477655486	0.006101263069256735
0.0004149752436719556	0.0009824591114531156	-0.00048157044078900313	0.000247065274875391	-0.009471596097144097	0.0050800642791613	6.019019345382404e-05	0.00566439727235446
-0.000521165749690855	0.0016689625065855473	-0.0008560268381336833	0.0003094746744329857	-0.009221958498914384	0.005891386473408922	-0.00012703800521896014	0.004665846879434277
0.00047738464322866214	-0.0002657288796967805	-0.002166624228840952	0.0004967028731057699	-0.008348226905109168	0.0057041582747363595	0.00018500899256879144	0.004104162283417256
0.0005397940427862569	-0.001201869873058703	-0.0025410806261856322	0.0003094746744329857	-0.008223408105994423	0.00539211127694883	-0.00012703800521896014	0.002294289696249896
-0.0005835751492480057	-0.001389098071731265	-0.0024786712266284816	0.00043429347354773107	-0.00685040131572956	0.006265842870753602	6.019019345382404e-05	0.002107061497577556
0.0005397940427862569	-0.00039054767881108177	-0.002790718224415345	0.00037188407399058043	-0.005914260322367193	0.003519829290224541	-2.219206104214777e-06	0.000796464106869843
-0.0008332127474786066	-0.0011394604735015523	-0.0021042148292833573	5.983707620349499e-05	-0.004416434732987362	0.003332601091551979	-0.00018944740477655486	-0.00038931448472201424
0.0007894316410161917	0.0002959557163209059	-0.0012928926350361802	0.0004967028731057699	-0.0024193339471481057	0.0010858627074825655	-2.219206104214777e-06	-0.001512683676756943
-0.0005835751492480057	-7.850068102399632e-05	-0.00029434224211621896	0.00037188407399058043	0.0036967872094864074	-0.003844479857559202	0.00012259959301097467	-0.0035097844625964214
0.0007894316410161917	-7.850068102399632e-05	0.0012658927468209846	5.983707620349499e-05	0.007191713584705051	-0.00927409761906084	-0.00012703800521896014	-0.006255798043126148
-0.0007708033479205678	0.0011696873101256777	0.004261543925580202	0.0005591122726633646	0.01099868695771189	-0.012332158197377652	6.019019345382404e-05	-0.007940851831178097
-0.0004587563501332603	0.0022930565021608285	0.006071416512747563	0.0006215216722202932	0.014992888529391513	-0.01645117856817202	0.00043464659079828216	-0.009501086820115301
0.0003525658441139168	0.0011696873101256777	0.00582177891451785	-2.572323354099737e-06	0.016865170516116246	-0.019758876744718767	-0.0002518568043337055	-0.012184691001087211
-0.000521165749690855	0.0008576403123379261	0.005197684918943013	0.00043429347354773107	0.019985640493990653	-0.02013333314206389	0.00018500899256879144	-0.01330806019312214
0.0006646128419014463	-0.001201869873058703	0.0027637183362005935	0.0004967028731057699	0.02160828488248523	-0.020008514342948702	6.019019345382404e-05	-0.014993113981174533
-0.0004587563501332603	-0.003323789458013593	0.00020493295434342862	0.0005591122726633646	0.0221075600789451	-0.016888044365074295	6.019019345382404e-05	-0.015117932780289722
0.0006646128419014463	-0.006319440636772811	-0.0010432550368058013	0.00043429347354773107	0.019860821694875463	-0.010085419813308016	-0.00012703800521896014	-0.014056972987811944
-0.0007708033479205678	-0.006319440636772811	-0.00029434224211621896	0.0006839310717778879	0.019111908900185437	-0.008962050621273532	0.0003098277916835368	-0.011997462802414427
0.000727022241459041	-0.0038854740540308352	0.007319604503897459	0.00018465587531779626	0.01923672769930085	-0.01177047360136041	-0.00012703800521896014	-0.010374818413920073
0.0006646128419014463	0.005663164078264726	0.010814530879116768	0.00037188407399058043	0.0204849156904503	-0.017200091362862047	-2.219206104214777e-06	-0.009189039822327993
-0.0005835751492480057	0.00822194946012167	0.010939349678231514	0.0004967028731057699	0.020734553288680235	-0.019883695543833735	6.019019345382404e-05	-0.008190489429408032
0.000727022241459041	0.0070985802680867405	0.009254295890179565	0.0005591122726633646	0.020984190886910392	-0.01863550755268384	0.00012259959301097467	-0.009189039822327993
-0.0007708033479205678	0.004040519689769928	0.004386362724695392	0.0003094746744329857	0.019423955897972744	-0.015702265773482438	-6.462860566092132e-05	-0.011435778206397629
0.0006646128419014463	-0.0003281382792543752	-0.0016049396328232657	0.0005591122726633646	0.016241076520540743	-0.010709513808883075	0.00018500899256879144	-0.010749274811265197
-0.0005835751492480057	-0.0048840244469507965	-0.006660100996980223	0.00037188407399058043	0.007815807580280332	-0.0003495534823398927	-0.00018944740477655486	-0.009189039822327993
0.00047738464322866214	-0.007442809828807517	-0.008782020581934225	0.0008087498708930774	0.0051322033993084215	0.003519829290224541	0.0005594653899134716	-0.00531965704976356
-0.00020911875190332552	-0.007317991029692772	-0.0026658994253008217	0.00043429347354773107	0.002698236816566446	0.0017723661026145532	0.00012259959301097467	-0.003010509266136774
-0.0008332127474786066	-0.001201869873058703	0.002826127735758188	5.983707620349499e-05	0.001450048825416328	-0.002783520065081868	-0.0002518568043337055	0.00010996071173785538
0.0006022034423438516	0.002168237703045639	0.007631651501684988	0.00043429347354773107	0.00026427023382424863	-0.005467124246053556	-0.00012703800521896014	0.002731155493152393
-0.0003963469505761097	0.004539794886229576	0.009691161687082284	0.0006839310717778879	0.0003266796333816213	-0.007713862630123636	0.0003722371912411315	0.004166571682974407
0.0006646128419014463	0.004290157288000307	0.007194785704782269	0.00037188407399058043	-0.0009215083577680527	-0.00927409761906084	-2.219206104214777e-06	0.0005468265086399082
-0.0007083939483634172	0.0007952309127807755	0.002077214941068606	0.000247065274875391	-0.002356924547590511	-0.005092667848709098	0.00012259959301097467	-0.001699911875429727
0.000727022241459041	-0.0036358364558006784	-0.003914087416450052	0.0006215216722202932	-0.005102938128119572	0.006203433471196007	-0.0002518568043337055	-0.0036970126612692056
-0.0008332127474786066	-0.007442809828807517	-0.009593342776181624	0.00037188407399058043	-0.00616389792059735	0.011633051232697644	6.019019345382404e-05	-0.004009059659056069
0.0006022034423438516	-0.009065454217302316	-0.008033107787244864	0.0004967028731057699	-0.00672558251661437	0.013817380217209685	0.00012259959301097467	-0.0020119588732168125
0.0006646128419014463	-0.0023876484646512264	-0.002790718224415345	0.0004967028731057699	-0.007100038913959272	0.010634500839777683	0.00012259959301097467	0.0009836923055424052
-0.0005835751492480057	0.002605103499947914	0.004511181523810359	0.0003094746744329857	-0.00672558251661437	0.006827527466771288	-2.219206104214777e-06	0.005040303276779179
0.0005397940427862569	0.007972311861891512	0.010564893280887055	0.00037188407399058043	-0.004915709929447232	-9.991588410995789e-05	-0.00018944740477655486	0.007037404062618657
-0.000521165749690855	0.010655916042864089	0.01399741025654877	0.0003094746744329857	-0.0010463271568832422	-0.006590493438088707	0.00012259959301097467	0.00391693408474425
0.0005397940427862569	0.00915809045348448	0.0123123564684966	0.0003094746744329857	0.002074142820991609	-0.010335057411537951	-0.00012703800521896014	0.00042200770952560696
-0.0007083939483634172	0.005912801676494439	0.007943698499472296	0.00012224647576020153	0.004383290604618839	-0.005591943045168746	-0.00012703800521896014	-0.0031353280652517412
0.00047738464322866214	0.0012945061092408672	0.0019523961419534164	0.0006215216722202932	0.004008834207273049	0.00033694991279253905	0.0003722371912411315	-0.004570744255073755
-0.00033393755101851497	-0.0019507826677487294	-0.005599141204502445	0.00018465587531779626	0.0021365522205487597	0.004393560884028869	-0.00018944740477655486	-0.005631704047550867
-0.0006459845488056004	-0.0023252390650936317	-0.004538181412025333	0.0003094746744329857	0.0012004112271863931	0.006702708667656099	-6.462860566092132e-05	-0.0035097844625964214
0.0007894316410161917	0.00173137190614292	-0.00016952344300125155	0.0006215216722202932	0.0003266796333816213	0.006265842870753602	0.00024741839212638617	-7.726748693448471e-05
-0.0008332127474786066	0.005787982877379694	0.004511181523810359	5.983707620349499e-05	-0.000671870759538562	0.0030205540937644493	-0.0002518568043337055	0.00335524948872723
0.000727022241459041	0.009470137451271565	0.008692611294162322	0.00037188407399058043	-0.0002974143621927716	-0.001535332073931972	-6.462860566092132e-05	0.007474269859521598
-0.0006459845488056004	0.010343869045076781	0.009878389885754624	0.00043429347354773107	0.0007011360307263015	-0.004905439650036314	0.00018500899256879144	0.005851625471026356
0.000727022241459041	0.008346768259236859	0.007943698499472296	0.0004967028731057699	0.003322330812141061	-0.007589043831008446	-6.462860566092132e-05	0.0024191084953650854
-0.0007083939483634172	0.0037908820915399932	0.003262993532660685	0.00018465587531779626	0.0031975120130258716	-0.0052174866478238435	-0.0003142662038913002	-0.0016375024758721324
0.00047738464322866214	-0.0014515074712888598	-0.005099866008043019	0.0008711592704506721	0.003509559010813623	-0.00022473468322470325	0.0006218747894710663	-0.0032601468643664866
0.00022774704499939347	-0.008004494424825204	-0.008033107787244864	-6.498172291169446e-05	0.001013183028514275	0.002209231899516828	-0.0004390850030060456	-0.0053820664493211545
-0.0004587563501332603	-0.006319440636772811	-0.006660100996980223	0.0005591122726633646	0.0003266796333816213	0.004768017281374437	0.0003098277916835368	-0.0033225562639240813
0.0007894316410161917	-0.0034486082571287824	-0.003602040418662966	0.0006215216722202932	-0.0016080117529000404	0.005204883078276934	0.0003098277916835368	-0.0008261802816249553
-0.0007708033479205678	0.00023354631676331117	0.00014252355478627798	0.00012224647576020153	-0.00404197833564246	0.004518379683144058	-0.00012703800521896014	0.005289940875009558
0.0003525658441139168	0.0034788350937529078	0.0032005841331030904	5.983707620349499e-05	-0.00603907912148216	0.0032077822924367894	0.00018500899256879144	0.0076614980581939385
-0.000521165749690855	0.006100029875167223	0.005260094318500164	0.0004967028731057699	-0.005851850922809598	0.0015851379039424351	0.00018500899256879144	0.006974994663061507
0.0007894316410161917	0.005351117080477197	0.004885637921155039	0.00018465587531779626	-0.004978119329004382	0.0004617687119072844	-0.00012703800521896014	0.004416209281204786
-0.0007083939483634172	0.0027299222990628813	-0.0016673490323808604	0.0004967028731057699	-0.0032930655409524334	0.0005865875110224739	-2.219206104214777e-06	0.0012957393033299347
-0.00033393755101851497	-0.0038230646544736846	-0.004101315615122836	0.0007463404713359267	-0.0016080117529000404	0.002209231899516828	0.00043464659079828216	-0.0010134084802972954
0.00029015644455676615	-0.0065690782350031895	-0.006410463398749622	5.983707620349499e-05	-0.002107286949360132	0.0018971849017297426	-0.00037667560344889495	-0.003634603261711611
-0.0007083939483634172	-0.006257031237215216	-0.005536731804945294	0.0003094746744329857	-0.0015456023533433338	0.0030829634933216	-2.219206104214777e-06	-0.0032601468643664866
0.0008518410405735644	-0.0042599304513759595	-0.0029155370235305345	0.0008711592704506721	-0.0008590989582109021	0.003457419890666946	0.00043464659079828216	-0.0003269050851648636
-0.0007083939483634172	-0.0018883732681911347	-0.0005439798403457097	0.00012224647576020153	-0.0012335553555555823	0.0021468224999601215	-6.462860566092132e-05	0.0011709205042151893
0.0006022034423438516	0.0012320967096832725	0.002202033740183129	0.0003094746744329857	0.00026427023382424863	-0.0009112380783575791	-0.00012703800521896014	0.002107061497577556
-0.0007708033479205678	0.0032916068950803457	0.0038246781286783715	0.0006215216722202932	0.0015748676245319615	-0.0015977414734895667	0.00024741839212638617	0.001857423899347177
0.000727022241459041	0.003853291491097588	0.002888537135315561	0.000247065274875391	0.002698236816566446	-0.002783520065081868	-6.462860566092132e-05	0.00010996071173785538
0.0005397940427862569	0.0006080027141084354	0.0006417987512463696	0.0003094746744329857	0.004008834207273049	-0.003906889257116353	-0.00012703800521896014	-0.0024488246701188654
-0.0005835751492480057	-0.001825963868633984	-0.0010432550368058013	0.00043429347354773107	0.005631478595767847	-0.003407614060656705	0.00018500899256879144	-0.004133878458171258
0.0006022034423438516	-0.003511017656685933	-0.001979396030168612	0.0005591122726633646	0.006567619589130658	-0.00365725165888664	0.00012259959301097467	-0.005943751045338397
-0.0005835751492480057	-0.003698245855358495	-0.0014177114341509256	0.00037188407399058043	0.00694207598647556	-0.0033452046610991104	0.00018500899256879144	-0.005444475848878527
0.0003525658441139168	-0.002637286062880717	1.7704755671088535e-05	0.00018465587531779626	0.005943525593556043	-0.0035324328597718946	0.0005594653899134716	-0.002324005871004342
-0.00027152815146092024	0.0006080027141084354	0.0032005841331030904	0.0007463404713359267	0.0034471496112560285	-0.0031579764624272144	-0.0005014944025636403	-0.0009509990807392565
0.00029015644455676615	0.002542694100390319	0.0044487721242529865	0.0003094746744329857	0.0024485992183362892	-0.0018473790717199456	0.00018500899256879144	0.0019822426984623664
-0.0004587563501332603	0.005351117080477197	0.006258644711419903	0.00037188407399058043	0.0008883642293990857	-0.001348103875259854	-6.462860566092132e-05	0.0028559742922671383
-0.0008332127474786066	0.00547593587959283	0.004698409722483143	-2.572323354099737e-06	-0.00017259556307847035	-0.0008488286787999844	-0.0002518568043337055	0.0027935648927095436
0.000727022241459041	0.004102929089327523	0.0027637183362005935	0.00043429347354773107	-0.00017259556307847035	-0.0004119628818974874	0.00012259959301097467	0.002044652098019961
-0.0007083939483634172	0.0018561907052581095	0.00026734235390146743	0.0003094746744329857	-0.00011018616352087562	-9.991588410995789e-05	-6.462860566092132e-05	0.0005468265086399082
0.0006646128419014463	-0.0002657288796967805	-0.001105664436363618	0.0005591122726633646	0.0005139078320544055	8.73123145623822e-05	0.00018500899256879144	-0.001699911875429727
-0.0006459845488056004	-0.0015763262704036052	-0.0019169866306110173	0.000247065274875391	0.0005139078320544055	-0.00022473468322470325	-6.462860566092132e-05	-0.0017623212749864337
0.0006022034423438516	-0.001825963868633984	-0.0012304832354781414	0.000247065274875391	0.00026427023382424863	-0.0012232850761444425	6.019019345382404e-05	-0.0005141332838376478
-0.0006459845488056004	-0.0005777758774836439	0.00026734235390146743	0.0005591122726633646	0.0002018608342666539	-0.0019097884712770963	0.00018500899256879144	0.000609235908197503
0.000727022241459041	0.0009200497118955209	0.00313817473354594	0.0003094746744329857	-0.00023500496263562098	-0.0025338824668519333	-2.219206104214777e-06	0.0016077863011174642
0.0006022034423438516	0.0026675128995052866	0.0032005841331030904	0.0003094746744329857	-0.0009215083577680527	-0.002346654268179149	-2.219206104214777e-06	0.002107061497577556
-0.000521165749690855	0.002355465901717535	0.0025764901375286975	0.00037188407399058043	-0.0007966895586528633	-0.0012232850761444425	6.019019345382404e-05	0.002294289696249896
0.0007894316410161917	0.0012945061092408672	0.0011410739477062393	0.0006839310717778879	-0.000671870759538562	-0.0005991910805702716	0.00024741839212638617	0.0016077863011174642
-0.0007083939483634172	-0.0005777758774836439	-0.0009808456372484287	0.00018465587531779626	-0.0007966895586528633	-0.00028714408278274206	-6.462860566092132e-05	-0.0011382272794120407
0.0005397940427862569	-0.0019507826677487294	-0.0022914430279556974	0.00043429347354773107	-0.00042223316130796107	8.73123145623822e-05	0.00043464659079828216	-0.001512683676756943
-0.0003963469505761097	-0.002512467263766416	-0.0019169866306110173	0.0006215216722202932	0.0005763172316120002	-0.0004119628818974874	-0.00018944740477655486	-0.0024488246701188654
0.0004149752436719556	-0.002886923661111096	-0.0014801208337085203	0.00018465587531779626	0.0012004112271863931	-0.0011608756765870698	-0.00012703800521896014	-0.0016375024758721324
-0.0007708033479205678	-0.0013266886721738924	0.0025140807379706587	0.0005591122726633646	0.0013252300263015826	-0.0016601508730471615	6.019019345382404e-05	-0.00038931448472201424
-0.0003963469505761097	0.0027299222990628813	0.004386362724695392	0.0006215216722202932	0.0016996864236462628	-0.001535332073931972	0.0003098277916835368	0.0012957393033299347
0.00047738464322866214	0.003416425694195313	0.004323953325138241	0.00012224647576020153	0.0009507736289562363	-0.0020346072703918416	-0.00018944740477655486	0.0012957393033299347
-0.0006459845488056004	0.003853291491097588	0.003887087528235522	0.00043429347354773107	0.0010755924280718698	-0.0007240098796847949	-2.219206104214777e-06	0.002044652098019961
0.0008518410405735644	0.003229197495522307	0.0027013089366429988	0.0008087498708930774	0.0015748676245319615	0.0005241781114648791	0.00043464659079828216	0.00017237011129522806
-0.0008332127474786066	0.0012945061092408672	0.00020493295434342862	5.983707620349499e-05	0.0009507736289562363	0.0007114063101367751	6.019019345382404e-05	-0.0008885896811816618
0.0005397940427862569	0.00017113691720571644	-0.0009184362376908339	0.00037188407399058043	0.00251100861789344	0.000773815709695258	-6.462860566092132e-05	-0.001699911875429727
-0.0006459845488056004	-0.0007650040761564281	-0.001542530233265671	0.0006839310717778879	0.003384740211698656	-0.0004119628818974874	0.00024741839212638617	-0.0020119588732168125
0.000727022241459041	-0.0009522322748287682	0.00032975175345906216	0.0003094746744329857	0.0036343778099288127	-0.001784969672162351	0.00012259959301097467	-0.001887140074101623
0.0005397940427862569	0.0005455933145508407	0.001640349144166331	0.0004967028731057699	0.0032599214125839104	-0.0026587012659671228	-6.462860566092132e-05	-0.001263046078526786
-0.0004587563501332603	0.00173137190614292	0.002888537135315561	0.0006839310717778879	0.003322330812141061	-0.0027211106655242734	0.0003722371912411315	0.00017237011129522806
0.00029015644455676615	0.0014193249083556125	0.0021396243406262005	-2.572323354099737e-06	0.001637277024088668	-0.0033452046610991104	-0.0004390850030060456	-7.726748693448471e-05
-0.0004587563501332603	0.0016065531070283967	0.0017651679432806322	0.00037188407399058043	0.0013876394258591773	-0.0012232850761444425	0.00012259959301097467	0.00035959830996801223
0.0004149752436719556	0.00023354631676331117	-0.0003567516416738137	0.000247065274875391	-0.00011018616352087562	2.4902915004787474e-05	0.0005594653899134716	0.000796464106869843
-0.00027152815146092024	-0.0006401852770416827	-0.0012928926350361802	0.0007463404713359267	-0.0009215083577680527	0.002271641299074423	-0.00012703800521896014	-0.0007013614825095438
0.00047738464322866214	-0.0022004202659788863	-0.003040355822645724	0.000247065274875391	-0.000671870759538562	0.0023964600981896123	-0.00012703800521896014	-0.0010134084802972954
-0.0007708033479205678	-0.002637286062880717	-0.0018545772310534225	0.0006215216722202932	0.0002018608342666539	0.0015227285043848404	0.00024741839212638617	-0.0010134084802972954
-0.000958031546593352	-0.001825963868633984	-0.0008560268381336833	-0.00012739112246906714	7.704203515190855e-05	-0.0007240098796847949	-0.0003142662038913002	-0.0013878648776419755
0.0006646128419014463	-0.0003281382792543752	0.001390711545935952	0.00043429347354773107	0.001013183028514275	-0.002159426069507253	-2.219206104214777e-06	-0.0008261802816249553
-0.000521165749690855	0.0010448685110104883	0.0027013089366429988	0.0004967028731057699	0.001637277024088668	-0.0030955670628696197	0.00012259959301097467	-0.0002644956856072689
0.000727022241459041	0.001544143707470358	0.00332540293221828	0.0005591122726633646	0.0020117334214335703	-0.00365725165888664	0.00012259959301097467	-0.0003269050851648636
-0.0006459845488056004	0.0016065531070283967	0.0025764901375286975	5.983707620349499e-05	0.0013252300263015826	-0.0032827952615419598	-0.00012703800521896014	-0.0002644956856072689
0.00047738464322866214	0.0012320967096832725	0.0014531209454937688	0.00037188407399058043	0.0007635454302838962	0.00027454051323494433	0.0003722371912411315	4.755131218026065e-05
-0.0003963469505761097	0.0007952309127807755	0.0007666175503615591	0.000247065274875391	-0.00011018616352087562	0.0006489969105800686	-0.00018944740477655486	-0.0008261802816249553
0.0004149752436719556	-0.00020331948013918577	-0.0007312080390184938	0.0003094746744329857	0.00026427023382424863	0.0010234533079247488	-6.462860566092132e-05	-0.0008885896811816618
0.0006022034423438516	-7.850068102399632e-05	-0.00016952344300125155	0.00043429347354773107	0.0007635454302838962	0.00027454051323494433	-6.462860566092132e-05	-0.0008885896811816618
-0.0003963469505761097	0.0007328215132231808	0.0013283021463785794	0.0006215216722202932	0.002074142820991609	-0.0006616004801276443	0.00043464659079828216	-0.0002644956856072689
0.0004149752436719556	0.0008576403123379261	0.002014805541510567	0.00012224647576020153	0.0017620958232038575	-0.0029707482637546523	-0.0003142662038913002	-0.0010134084802972954
-0.0004587563501332603	0.0020434189039304496	0.00351263113089062	0.00043429347354773107	0.0026358274170088514	-0.0032827952615419598	0.00018500899256879144	-0.0002644956856072689
0.00047738464322866214	0.002168237703045639	0.00351263113089062	0.00043429347354773107	0.0023861898187791386	-0.004156526855347176	0.0003722371912411315	-0.0003269050851648636
-0.00033393755101851497	0.002542694100390319	0.003762268729120777	0.0006839310717778879	0.00251100861789344	-0.003220385861983921	-0.00012703800521896014	-0.0008261802816249553
0.0005397940427862569	0.0014817343079127632	0.0021396243406262005	0.00037188407399058043	0.0026358274170088514	-0.0017225602726047562	-2.219206104214777e-06	-0.0007637708820669165
-0.0007708033479205678	0.0010448685110104883	0.00014252355478627798	0.0004967028731057699	0.002760646216124041	-0.0007240098796847949	6.019019345382404e-05	-0.0012006366789696354
-0.0008956221470353132	-0.00039054767881108177	-0.0006063892399037485	5.983707620349499e-05	0.0021365522205487597	-0.0003495534823398927	-0.0002518568043337055	-0.0016375024758721324
0.0006646128419014463	-0.00014091008058159105	8.011415522868326e-05	0.0004967028731057699	0.0025734180174514787	-9.991588410995789e-05	0.00012259959301097467	-0.0013878648776419755
-0.0006459845488056004	0.00048318391499369007	0.0009538457490334551	0.00037188407399058043	0.0030102838143535315	-0.0010984662770299192	-6.462860566092132e-05	-0.0012006366789696354
0.0007894316410161917	0.0011696873101256777	0.002264443139740724	0.0006839310717778879	0.0038216060086007086	-0.002409063667737188	0.0003098277916835368	-0.0011382272794120407
-0.0007708033479205678	0.0014193249083556125	0.0030133559344307503	5.983707620349499e-05	0.003946424807715898	-0.0039692986566743915	-0.00012703800521896014	-0.0009509990807392565
0.0006022034423438516	0.0018561907052581095	0.0035750405304477706	0.00043429347354773107	0.0040712436068306435	-0.003844479857559202	0.00018500899256879144	-0.0002644956856072689
-0.000521165749690855	0.002168237703045639	0.003699859329563182	0.00037188407399058043	0.0028230556156811915	-0.003220385861983921	-6.462860566092132e-05	-0.000638952082951949
0.0006022034423438516	0.0013569155087980178	0.0012658927468209846	0.00037188407399058043	0.002261371019663949	-0.001535332073931972	-2.219206104214777e-06	-0.00038931448472201424
0.0006022034423438516	0.0002959557163209059	-0.00016952344300125155	0.00043429347354773107	0.0013876394258591773	-0.0003495534823398927	-2.219206104214777e-06	-0.000638952082951949
-0.0003963469505761097	-7.850068102399632e-05	-0.0005439798403457097	0.0007463404713359267	0.001637277024088668	0.0011482721070401603	0.0003722371912411315	-0.0003269050851648636
0.0006022034423438516	-0.0005153664779264933	-0.0010432550368058013	0.00043429347354773107	0.0013252300263015826	0.0006489969105800686	-2.219206104214777e-06	-0.001075817879854446
-0.0006459845488056004	-0.00039054767881108177	-0.0006063892399037485	0.0003094746744329857	0.0016996864236462628	2.4902915004787474e-05	-6.462860566092132e-05	-0.0008261802816249553
0.0006646128419014463	4.631811809119313e-05	0.0004545705525738075	0.0005591122726633646	0.0021989616201063544	-0.0010360568774718804	-2.219206104214777e-06	-0.0009509990807392565
-0.0006459845488056004	0.00023354631676331117	0.0010786645481486445	0.000247065274875391	0.0025734180174514787	-0.003407614060656705	-0.00018944740477655486	-0.0010134084802972954
0.0006022034423438516	0.00017113691720571644	0.001390711545935952	0.0007463404713359267	0.003384740211698656	-0.0032827952615419598	0.0004970559903558769	-0.0004517238842791649
