Sensor_1	Sensor_2	Sensor_3	Sensor_4	Sensor_5	Sensor_6	Sensor_7	Sensor_8
0.0002811383889922414	0.0007001043892989056	0.001567072497393296	0.00027832826623042095	-0.00020950082044413065	-0.0003643755959841233	-0.00031003741731505663	-3.344183165543413e-05
-9.33180083526608e-05	-0.00011121780494827149	0.0018167100956227866	0.0008400128622481073	0.0008514589720334254	0.0015079063907406098	0.00043887537737452575	0.0010899273603799386
0.0006555947863369216	0.001449017183988932	0.0005685221044733346	9.110006755852496e-05	4.0136777786248246e-05	-0.0009884695915594044	-0.00031003741731505663	0.000153786367017128
-0.0010294590017150274	0.0004504667910689708	0.0016294818969508906	0.00021591886667282623	0.0004770025746887452	0.00025971839959071374	-6.039981908467773e-05	0.0010899273603799386
0.0014669169805845428	-0.00011121780494827149	0.0004437033053583672	0.0007776034626909567	0.000289774376015961	0.001258268792510231	2.0095804720288157e-06	0.000777880362591743
-0.00046777440569734097	0.0019482923804490238	-0.00018039069021669185	0.0003407376657880157	4.0136777786248246e-05	0.00032212779914830847	-0.00012280921864271654	0.0004034239652475069
0.000593185386780215	-0.00017362720450586622	0.00013165630757083768	0.00027832826623042095	0.0004770025746887452	0.0009462217947229234	2.0095804720288157e-06	0.0011523367599370893
-3.090860879506607e-05	-0.00011121780494827149	-0.00024280008977406453	0.0004031470653456104	4.0136777786248246e-05	-0.0009260601920018097	-0.0002476280177574619	0.0003410145656899122
-0.0005301838052551577	-4.880840539067677e-05	0.0012550254996055443	0.0007151940631329179	0.0007890495724758306	0.0013206781920678257	0.00043887537737452575	0.0010275179608218998
0.0017165545788144776	-4.880840539067677e-05	-0.00018039069021669185	0.0004031470653456104	0.00010254617734339888	0.000634174796935838	-6.039981908467773e-05	0.0005906521639194029
-0.0007174120039270537	0.0019482923804490238	0.0008181597027032694	0.0003407376657880157	0.000289774376015961	-0.0004891943950993127	-0.00012280921864271654	0.0005906521639194029
0.001217279382354608	-0.0008601305996378539	0.0012550254996055443	0.00046555646490276104	0.0003521837755737778	0.0011958593929530803	2.0095804720288157e-06	0.001214746159494684
0.00021872898943486874	0.0010121513870864352	0.0005061127049157399	0.0005903752640183946	0.000913868371590576	0.0007589935960510275	-6.039981908467773e-05	0.00021619576657494477
0.0004059571881076529	0.001698654782218867	0.001317434899163139	0.0004031470653456104	0.000289774376015961	0.001258268792510231	2.0095804720288157e-06	0.0007154709630345923
-0.0006550026043703472	-0.0006104930014083632	0.001567072497393296	0.0005279658644607998	0.0005394119742463399	-0.00023955679686893383	2.0095804720288157e-06	0.0009026991617073765
0.0013420981814693533	0.0017610641817762396	0.0013798442987205117	0.00021591886667282623	0.0006018213738030465	-0.0004891943950993127	-6.039981908467773e-05	0.0007154709630345923
0.0010300511836818238	-0.0007353118005231085	0.0005061127049157399	0.0003407376657880157	0.0001649555769009936	0.0011958593929530803	-0.00018521861820031127	0.0008402897621497818
0.0004059571881076529	0.002260339378236109	0.00013165630757083768	0.0005903752640183946	0.0012259153693787717	0.0005093559978206486	0.0003140565782597804	0.0017764307555119263
0.001217279382354608	0.0011369701862016246	0.0007557503031461188	0.0004031470653456104	0.0007266401729182359	0.00044694659826305383	-0.00012280921864271654	0.0008402897621497818
0.000593185386780215	-0.0004856742022931737	0.0006309315040309293	0.00046555646490276104	0.0011010965702631381	0.002132000386315891	0.00012682837958721827	0.0009651085612643051
0.0019037827774870397	0.002073111179563769	0.0003812939058003284	0.00046555646490276104	0.0006642307733606412	-5.2328598196593745e-05	0.0005636941764897152	0.0014019743581674682
-0.0003429556065825956	0.001261788985316592	0.0023159852920833224	0.0008400128622481073	0.00041459317513115046	0.0010086311942805182	-0.00037244681687265135	0.0005906521639194029
0.0014669169805845428	-0.0004856742022931737	0.0008805691022604201	0.0005903752640183946	0.0011010965702631381	-5.2328598196593745e-05	0.00018923777914503503	0.0014019743581674682
-3.090860879506607e-05	0.0028844333738109462	0.0024408040911980677	0.0005279658644607998	0.0010386871707062095	0.0009462217947229234	0.00012682837958721827	0.0009026991617073765
0.00034354778854983614	0.0007625137888565003	0.001567072497393296	0.00046555646490276104	0.001350734168493517	0.0015079063907406098	0.00025164717870262976	0.0015892025568393642
0.0014045075810273921	0.002946842773368541	0.0015046630978357012	0.00046555646490276104	0.000913868371590576	-0.000426784995541718	6.441898003006763e-05	0.0010899273603799386
-0.0005925932048123084	0.00032564799195422545	0.0011926161000479496	0.0001535094671152315	0.0005394119742463399	0.001071040593838335	-0.00031003741731505663	0.0010899273603799386
0.0023406485743888705	0.0011369701862016246	0.00025647510668602713	0.0007776034626909567	0.0012883247689359223	0.0015079063907406098	0.0003764659778173751	0.0015267931572817695
0.000156319589877274	0.002322748777794148	0.00013165630757083768	0.0003407376657880157	0.0011635059698207328	0.00032212779914830847	-0.00018521861820031127	0.001214746159494684
0.0015917357796997322	-0.0005480836018503243	0.00013165630757083768	0.00046555646490276104	0.0016003717667230077	0.0016951345894127279	0.0003140565782597804	0.0019636589541842664
0.0010300511836818238	0.0010121513870864352	6.924690801324296e-05	0.0003407376657880157	0.0006642307733606412	-0.00023955679686893383	-0.00012280921864271654	0.0006530615634769976
0.0011548699827970133	0.001885882980891429	0.0023159852920833224	0.00027832826623042095	0.0006018213738030465	0.0013830875916254204	2.0095804720288157e-06	0.000777880362591743
0.0014045075810273921	0.0013866077844313374	0.001317434899163139	0.0005279658644607998	0.00041459317513115046	0.00019730900003311902	-6.039981908467773e-05	0.0008402897621497818
-0.0008422308030426873	0.002509976976466044	0.002628032289870852	0.0005279658644607998	0.0010386871707062095	-0.00030196619642697264	0.00018923777914503503	0.0009651085612643051
0.0006555947863369216	-0.0004856742022931737	0.001941528894737976	0.0003407376657880157	0.00022736497645858833	0.0008214029956081781	-0.00018521861820031127	0.0004034239652475069
-0.00015572740791025552	0.0020107017800061744	0.001130206700490799	0.00046555646490276104	0.0007266401729182359	1.008080136055689e-05	0.00012682837958721827	0.00021619576657494477
0.00021872898943486874	0.0015114265835460827	0.0006933409035876359	0.00027832826623042095	-8.46820213289412e-05	-0.0008012413928866202	0.00043887537737452575	0.0015267931572817695
-3.090860879506607e-05	-0.0004856742022931737	0.0003812939058003284	0.0006527846635753232	0.00041459317513115046	-0.00011473799775418847	-0.00031003741731505663	0.0009026991617073765
0.001841373377929445	0.0011993795857589973	-0.0013037598822516205	0.0005903752640183946	0.0010386871707062095	0.0007589935960510275	0.00025164717870262976	0.0010899273603799386
-0.0003429556065825956	0.0008249231884140951	-0.00055484708756115	-3.3718731556664494e-05	0.00010254617734339888	0.0011334499933959297	-0.0005596750155449914	0.0004034239652475069
3.150079076252865e-05	0.0021979299786789586	0.0008805691022604201	0.0006527846635753232	0.0008514589720334254	7.249020091815161e-05	0.00043887537737452575	0.001214746159494684
0.0004683665876650256	0.00032564799195422545	0.0018167100956227866	0.00046555646490276104	-8.46820213289412e-05	-0.00011473799775418847	-6.039981908467773e-05	-3.344183165543413e-05
-0.00046777440569734097	-0.00029844600362105567	0.0015046630978357012	0.0004031470653456104	0.00041459317513115046	0.0009462217947229234	0.00018923777914503503	0.0006530615634769976
0.0004683665876650256	0.001698654782218867	0.0009429785018180148	2.869066800093023e-05	-0.00039672901911691483	-0.001487744788019052	-0.0004972656159873967	0.0009026991617073765
-0.0009046402025998379	0.0002632385923966307	0.002191166492967689	0.0007776034626909567	0.00041459317513115046	0.0008214029956081781	-6.039981908467773e-05	0.0006530615634769976
0.0014045075810273921	1.3600994166917957e-05	0.00013165630757083768	0.0004031470653456104	0.0005394119742463399	-0.0005516037946562413	6.441898003006763e-05	0.0009026991617073765
-0.0005301838052551577	0.002135520579121364	-5.55718911015024e-05	0.0004031470653456104	0.00022736497645858833	0.0008838123951653287	-6.039981908467773e-05	0.0008402897621497818
0.0010300511836818238	-0.00011121780494827149	-0.00024280008977406453	0.0007151940631329179	0.0012259153693787717	0.0015703157902982046	0.0005012847769321205	0.0019012495546271158
0.0011548699827970133	0.0015114265835460827	-0.0008668940853491236	0.0001535094671152315	0.000289774376015961	-0.0006764225937718749	-0.00037244681687265135	0.00046583336480421345
-0.0003429556065825956	-0.00017362720450586622	0.0007557503031461188	0.0005279658644607998	0.0007266401729182359	0.0013830875916254204	6.441898003006763e-05	0.0010899273603799386
0.0019661921770446344	0.000637694989741755	0.0007557503031461188	0.0006527846635753232	0.0007890495724758306	0.0010086311942805182	0.00025164717870262976	0.0011523367599370893
-0.0007798214034850925	0.0021979299786789586	0.001754300696065192	0.0003407376657880157	0.0005394119742463399	-0.0005516037946562413	6.441898003006763e-05	0.00046583336480421345
0.0007180041858945163	-0.00011121780494827149	0.002378394691640473	0.0006527846635753232	0.0003521837755737778	0.0009462217947229234	0.00018923777914503503	0.0011523367599370893
-3.090860879506607e-05	0.0015114265835460827	0.0021287570934107602	0.00046555646490276104	0.000913868371590576	-0.0003643755959841233	0.00018923777914503503	0.000777880362591743
0.0008428229850097058	0.002322748777794148	0.0025032134907552184	0.00027832826623042095	0.0007266401729182359	0.0014454969911830151	-0.00018521861820031127	0.0009651085612643051
-0.0003429556065825956	-0.00029844600362105567	0.0005061127049157399	0.0008400128622481073	0.0012259153693787717	0.0008214029956081781	0.00043887537737452575	0.0019012495546271158
-0.00021813680746785025	0.0017610641817762396	0.0003812939058003284	0.0001535094671152315	0.000913868371590576	0.00025971839959071374	2.0095804720288157e-06	0.001214746159494684
0.0021534203757169745	-4.880840539067677e-05	0.00019406570712798832	0.0008400128622481073	0.001350734168493517	0.0021944097858725975	0.0003764659778173751	0.0019012495546271158
0.0002811383889922414	0.0017610641817762396	-0.00055484708756115	-9.612813111403717e-05	0.0011010965702631381	0.00025971839959071374	-0.00037244681687265135	0.0014643837577241747
0.0015917357796997322	0.0018234735813340563	0.0015046630978357012	0.0009024222618057021	0.0014755529676087065	0.001071040593838335	0.0003140565782597804	0.0017764307555119263
0.0006555947863369216	0.000200829192839036	0.0016918912965075972	0.0004031470653456104	0.0016003717667230077	0.0021944097858725975	-0.00018521861820031127	0.0006530615634769976
0.0015917357796997322	0.002135520579121364	0.0010053879013756095	0.00027832826623042095	0.0008514589720334254	0.0008838123951653287	0.00012682837958721827	0.0010275179608218998
-0.0005301838052551577	0.001261788985316592	0.00300248868721531	0.0007776034626909567	0.0012259153693787717	0.0018199533885279173	0.0003140565782597804	0.0013395649586098735
0.0021534203757169745	0.00013841979328166332	0.0015046630978357012	0.00027832826623042095	0.0008514589720334254	-0.0003643755959841233	2.0095804720288157e-06	0.0010275179608218998
0.0009676417841244511	0.00032564799195422545	0.001754300696065192	0.00027832826623042095	0.0005394119742463399	0.0005717653973782433	-0.00018521861820031127	0.0005906521639194029
0.000593185386780215	0.0005752855901841603	0.0007557503031461188	0.0006527846635753232	0.0011010965702631381	0.0017575439889703226	0.0003140565782597804	0.001838840155069077
0.0014045075810273921	0.0025723863760236387	0.00025647510668602713	0.00027832826623042095	0.000913868371590576	-0.0005516037946562413	-0.00018521861820031127	0.0010899273603799386
-9.33180083526608e-05	0.0005128761906270096	0.0015046630978357012	0.0006527846635753232	0.0012883247689359223	0.0016951345894127279	0.0003764659778173751	0.0014019743581674682
0.0019037827774870397	0.000637694989741755	-0.00030520948933165926	0.00046555646490276104	0.0007266401729182359	0.0010086311942805182	0.00025164717870262976	0.0015892025568393642
-0.00015572740791025552	0.0028220239742537956	0.0008181597027032694	0.0005903752640183946	0.0004770025746887452	0.0010086311942805182	-0.00012280921864271654	0.0007154709630345923
0.0010924605832400847	-0.0004856742022931737	0.001130206700490799	0.0003407376657880157	0.0006642307733606412	0.0008838123951653287	-6.039981908467773e-05	0.0012771555590518346
0.000156319589877274	0.0008249231884140951	0.0016918912965075972	0.0006527846635753232	0.0005394119742463399	-0.0004891943950993127	0.00018923777914503503	0.0005282427643618082
-0.0006550026043703472	-0.0006729024009659579	0.0018791194951803813	0.00027832826623042095	0.000289774376015961	0.0011958593929530803	2.0095804720288157e-06	0.0005282427643618082
0.0015293263801421375	0.0009497419875288404	0.0008805691022604201	0.0003407376657880157	0.0003521837755737778	1.008080136055689e-05	-6.039981908467773e-05	0.0005906521639194029
-0.0009670496021574326	0.0019482923804490238	0.0016918912965075972	0.00046555646490276104	0.0006018213738030465	-0.0003643755959841233	0.00012682837958721827	0.0007154709630345923
0.0010300511836818238	-0.0007353118005231085	0.0009429785018180148	0.00046555646490276104	0.000289774376015961	0.0011958593929530803	-6.039981908467773e-05	0.0009651085612643051
-0.00015572740791025552	0.0016362453826617163	-0.00024280008977406453	9.110006755852496e-05	0.0004770025746887452	-0.00030196619642697264	0.00012682837958721827	0.0009026991617073765
0.0007180041858945163	0.0015114265835460827	0.0006933409035876359	0.0007776034626909567	0.0007266401729182359	0.0017575439889703226	0.00025164717870262976	0.0013395649586098735
-9.33180083526608e-05	-0.0007353118005231085	6.924690801324296e-05	0.0004031470653456104	0.00041459317513115046	-0.0003643755959841233	-6.039981908467773e-05	0.0009026991617073765
0.0013420981814693533	0.001698654782218867	0.0006309315040309293	0.0001535094671152315	0.000289774376015961	0.00019730900003311902	-0.00018521861820031127	0.0006530615634769976
0.0017165545788144776	-0.0007977212000807032	6.924690801324296e-05	0.0005903752640183946	0.0004770025746887452	0.0016327251898557993	6.441898003006763e-05	0.0010275179608218998
9.391019032012338e-05	0.002260339378236109	0.0003812939058003284	0.00046555646490276104	0.0008514589720334254	-5.2328598196593745e-05	0.00018923777914503503	0.0010899273603799386
0.000780413585452111	0.000200829192839036	0.001754300696065192	0.00046555646490276104	0.00022736497645858833	0.00044694659826305383	2.0095804720288157e-06	0.0004034239652475069
-9.33180083526608e-05	-0.0005480836018503243	0.0008181597027032694	0.0001535094671152315	0.00022736497645858833	0.001258268792510231	-0.00037244681687265135	0.0011523367599370893
0.0011548699827970133	0.0030716615724832863	0.0018791194951803813	0.0010896504604784862	0.0011635059698207328	-0.0003643755959841233	-0.0002476280177574619	0.00021619576657494477
-0.0012790965999449622	7.601039372451268e-05	0.002378394691640473	9.110006755852496e-05	0.00041459317513115046	0.0007589935960510275	-0.00012280921864271654	0.0009651085612643051
0.0014669169805845428	0.0003880573915113761	0.0010053879013756095	0.0006527846635753232	0.0009762777711486148	-0.0005516037946562413	0.0003140565782597804	0.0013395649586098735
-0.0005301838052551577	0.00319648037159892	0.0006933409035876359	0.0004031470653456104	0.0005394119742463399	0.001071040593838335	2.0095804720288157e-06	0.0008402897621497818
0.0006555947863369216	0.000637694989741755	-0.0004924376880044434	0.00027832826623042095	0.0008514589720334254	0.001258268792510231	-0.00018521861820031127	0.0016516119563967369
0.0015293263801421375	0.0023851581773508546	0.00019406570712798832	0.0004031470653456104	0.0010386871707062095	-0.00011473799775418847	-0.00012280921864271654	0.0012771555590518346
0.00021872898943486874	-0.00029844600362105567	0.0010677973009332042	0.00046555646490276104	0.001350734168493517	0.0021944097858725975	0.00018923777914503503	0.0015892025568393642
0.0023406485743888705	0.001261788985316592	0.00031888450624362186	0.0005279658644607998	0.0009762777711486148	0.0009462217947229234	-0.00012280921864271654	0.0014019743581674682
-0.00015572740791025552	0.002509976976466044	0.0021287570934107602	0.0006527846635753232	0.0012883247689359223	0.00044694659826305383	-0.00031003741731505663	0.0006530615634769976
0.0013420981814693533	-0.0006729024009659579	0.0018791194951803813	0.0001535094671152315	0.001350734168493517	0.0008214029956081781	0.00018923777914503503	0.0016516119563967369
0.0002811383889922414	0.002260339378236109	0.0018167100956227866	0.0007151940631329179	0.0012883247689359223	0.00019730900003311902	0.0003140565782597804	0.001214746159494684
0.001217279382354608	0.0024475675769084493	0.0022535758925252836	0.00021591886667282623	0.000913868371590576	0.0016327251898557993	-6.039981908467773e-05	0.0011523367599370893
0.0016541451792568829	0.0023851581773508546	0.0008181597027032694	0.00021591886667282623	0.0008514589720334254	-0.0001771473973117832	-0.0002476280177574619	0.001214746159494684
-0.0002805462070250009	0.002260339378236109	0.0016294818969508906	0.0006527846635753232	0.001350734168493517	0.0008838123951653287	0.00025164717870262976	0.0019012495546271158
0.0023406485743888705	-4.880840539067677e-05	0.0005685221044733346	0.0007776034626909567	0.0012259153693787717	0.0021944097858725975	0.00025164717870262976	0.0019012495546271158
0.000780413585452111	0.002260339378236109	-0.0007420752862339342	0.0003407376657880157	0.001350734168493517	0.0006965841964925445	6.441898003006763e-05	0.0010899273603799386
0.0015293263801421375	0.0007625137888565003	6.924690801324296e-05	0.00027832826623042095	0.0008514589720334254	0.0006965841964925445	0.00018923777914503503	0.001838840155069077
0.0009052323845673005	-0.00023603660406346094	0.0006309315040309293	0.0005279658644607998	0.0007890495724758306	-0.00011473799775418847	-0.0002476280177574619	0.0009651085612643051
0.0017165545788144776	0.001885882980891429	0.0003812939058003284	0.0003407376657880157	0.0009762777711486148	0.0005093559978206486	6.441898003006763e-05	0.0009026991617073765
-0.0006550026043703472	0.0013866077844313374	0.002752851088985153	0.0006527846635753232	0.0006642307733606412	0.001071040593838335	0.00018923777914503503	0.0009651085612643051
-0.00046777440569734097	0.0030092521729261357	0.002815260488542748	0.00046555646490276104	0.000913868371590576	-0.0005516037946562413	0.00012682837958721827	0.0010275179608218998
0.000156319589877274	0.0007625137888565003	0.0024408040911980677	0.00021591886667282623	0.0001649555769009936	-5.2328598196593745e-05	-0.00031003741731505663	0.00021619576657494477
-3.090860879506607e-05	0.0002632385923966307	0.0010053879013756095	0.0004031470653456104	0.0007266401729182359	0.0011958593929530803	6.441898003006763e-05	0.0012771555590518346
0.0013420981814693533	0.0024475675769084493	0.00013165630757083768	0.0005903752640183946	0.0007266401729182359	-0.000426784995541718	0.00025164717870262976	0.0008402897621497818
-0.0005301838052551577	-0.00011121780494827149	6.924690801324296e-05	0.0001535094671152315	0.00041459317513115046	0.0009462217947229234	0.0003140565782597804	0.001838840155069077
0.0023406485743888705	0.00013841979328166332	-0.0007420752862339342	0.0006527846635753232	0.0010386871707062095	1.008080136055689e-05	-6.039981908467773e-05	0.0012771555590518346
0.000156319589877274	0.002135520579121364	-0.0004924376880044434	0.0005903752640183946	0.0007266401729182359	0.0015079063907406098	2.0095804720288157e-06	0.0011523367599370893
0.0014045075810273921	-0.000423264802735801	0.00031888450624362186	0.00046555646490276104	0.0009762777711486148	0.0011958593929530803	6.441898003006763e-05	0.0014643837577241747
0.0007180041858945163	0.0019482923804490238	0.0016294818969508906	0.0003407376657880157	0.00010254617734339888	-0.0009260601920018097	-0.00018521861820031127	0.000153786367017128
-0.001091868401272178	-0.0005480836018503243	0.0024408040911980677	0.00027832826623042095	0.0001649555769009936	0.0009462217947229234	-0.00018521861820031127	0.0003410145656899122
0.0011548699827970133	0.0013241983848741867	0.0018167100956227866	0.0005279658644607998	0.00041459317513115046	-0.0001771473973117832	6.441898003006763e-05	0.00046583336480421345
-0.0013415059995025569	0.0020107017800061744	0.002628032289870852	0.00046555646490276104	0.00041459317513115046	-0.0006140131942145022	0.00012682837958721827	0.0007154709630345923
0.0011548699827970133	-0.0006729024009659579	0.0011926161000479496	0.00046555646490276104	0.00010254617734339888	0.0011958593929530803	0.00018923777914503503	0.0014643837577241747
0.00034354778854983614	0.0017610641817762396	-0.000367618888889254	0.0005903752640183946	0.00010254617734339888	-0.00023955679686893383	-0.0005596750155449914	0.0005282427643618082
0.0008428229850097058	0.0008249231884140951	-0.0006796658866763394	0.0006527846635753232	0.0011010965702631381	0.0021944097858725975	0.0003764659778173751	0.0019636589541842664
0.0004683665876650256	-0.000423264802735801	-0.0009293034849062742	0.0003407376657880157	0.0006642307733606412	-5.2328598196593745e-05	-0.0002476280177574619	0.001214746159494684
-0.00040536500613974624	0.0018234735813340563	0.0015046630978357012	0.0008400128622481073	0.0014131435680506677	0.0009462217947229234	0.0006261035760473099	0.0015892025568393642
0.0012796887819122027	-0.0006729024009659579	0.0006933409035876359	9.110006755852496e-05	0.000289774376015961	0.001071040593838335	-0.00037244681687265135	0.0007154709630345923
3.150079076252865e-05	0.0023851581773508546	0.001130206700490799	0.0004031470653456104	0.0007890495724758306	-5.2328598196593745e-05	2.0095804720288157e-06	0.001214746159494684
0.000780413585452111	0.0010745607866438078	0.002565622890313257	0.00046555646490276104	0.0006642307733606412	0.00032212779914830847	6.441898003006763e-05	0.0012771555590518346
3.150079076252865e-05	0.000200829192839036	0.002378394691640473	0.00046555646490276104	0.0009762777711486148	0.0015703157902982046	6.441898003006763e-05	0.0010275179608218998
0.0014045075810273921	0.002946842773368541	0.0022535758925252836	0.00046555646490276104	0.000913868371590576	0.0008838123951653287	2.0095804720288157e-06	0.0009651085612643051
-0.0007174120039270537	0.0010121513870864352	0.002565622890313257	0.0007151940631329179	0.0012883247689359223	0.0017575439889703226	0.00018923777914503503	0.0015892025568393642
0.0022158297752745693	0.0004504667910689708	0.0005061127049157399	0.0004031470653456104	0.0012883247689359223	0.00013489960047574634	6.441898003006763e-05	0.0017140213559543316
0.0016541451792568829	0.000200829192839036	0.0005685221044733346	0.0003407376657880157	0.0009762777711486148	0.0013830875916254204	-0.00018521861820031127	0.001214746159494684
0.0010924605832400847	0.0011369701862016246	0.0003812939058003284	0.0005903752640183946	0.0017875999653955699	0.0020071815872002574	0.00025164717870262976	0.0023381153515289466
0.0017789639783720723	0.00319648037159892	0.0011926161000479496	0.0005903752640183946	0.0014131435680506677	7.249020091815161e-05	0.00025164717870262976	0.0017764307555119263
-0.00015572740791025552	7.601039372451268e-05	0.0013798442987205117	2.869066800093023e-05	0.0010386871707062095	0.0015703157902982046	-0.00037244681687265135	0.0022132965524146453
0.0027775143712922556	0.0018234735813340563	0.001130206700490799	0.0009648316613628527	0.0019124187645107593	0.0016327251898557993	-0.00012280921864271654	0.0011523367599370893
-9.33180083526608e-05	0.002509976976466044	0.0021287570934107602	0.00021591886667282623	0.0010386871707062095	0.0021944097858725975	0.00012682837958721827	0.0012771555590518346
0.0019037827774870397	-0.00029844600362105567	0.0023159852920833224	0.0003407376657880157	0.0012883247689359223	0.0006965841964925445	2.0095804720288157e-06	0.0015267931572817695
0.0005307759872221762	0.002073111179563769	0.0022535758925252836	0.00027832826623042095	0.0006018213738030465	-0.0004891943950993127	-0.0002476280177574619	0.0004034239652475069
0.0004683665876650256	7.601039372451268e-05	0.002565622890313257	0.0009024222618057021	0.0014131435680506677	0.0026312755827753165	0.0006261035760473099	0.002026068353741861
0.0017165545788144776	0.0023851581773508546	0.0003812939058003284	2.869066800093023e-05	0.0007266401729182359	-0.00030196619642697264	-0.00037244681687265135	0.0011523367599370893
-0.0007798214034850925	0.002135520579121364	0.0015046630978357012	0.0003407376657880157	0.000913868371590576	0.00019730900003311902	-0.00012280921864271654	0.0011523367599370893
0.0022158297752745693	7.601039372451268e-05	0.0013798442987205117	0.0009024222618057021	0.0012883247689359223	0.0021944097858725975	0.0005012847769321205	0.0017140213559543316
0.00021872898943486874	0.002759614574696201	0.00031888450624362186	0.00021591886667282623	0.0011010965702631381	-0.00011473799775418847	-0.00031003741731505663	0.0010275179608218998
0.0008428229850097058	0.0011369701862016246	0.0008805691022604201	0.00021591886667282623	0.0010386871707062095	0.0019447721876431068	0.0003140565782597804	0.0021508871528566065
0.0004683665876650256	-0.00011121780494827149	0.0008805691022604201	9.110006755852496e-05	-2.227262177134648e-05	-0.0011756977902313004	-0.00037244681687265135	0.0011523367599370893
0.001217279382354608	0.002260339378236109	0.0018791194951803813	0.0009024222618057021	0.0006642307733606412	0.0007589935960510275	0.0005636941764897152	0.0021508871528566065
0.0014669169805845428	-4.880840539067677e-05	0.0006309315040309293	0.0005279658644607998	0.00022736497645858833	0.0005717653973782433	2.0095804720288157e-06	0.0017764307555119263
-0.0007174120039270537	0.002759614574696201	0.0012550254996055443	0.0003407376657880157	0.0003521837755737778	-0.0014253353884614572	6.441898003006763e-05	0.001838840155069077
0.00034354778854983614	7.601039372451268e-05	0.001567072497393296	0.0003407376657880157	-0.0002719102200012813	-0.0003643755959841233	-0.00012280921864271654	0.0019636589541842664
-0.00021813680746785025	0.0010121513870864352	0.0005685221044733346	0.0006527846635753232	0.000289774376015961	-5.2328598196593745e-05	0.0003140565782597804	0.002026068353741861
-3.090860879506607e-05	0.0024475675769084493	-5.55718911015024e-05	0.00027832826623042095	-0.0004591384186736214	-0.0024238857813814185	-6.039981908467773e-05	0.0031494375457765678
-0.0012790965999449622	-0.00011121780494827149	0.00019406570712798832	0.00021591886667282623	-0.0004591384186736214	-0.0009260601920018097	-0.0002476280177574619	0.0031494375457765678
0.0010300511836818238	0.0010745607866438078	-0.0015533974804811113	0.0005903752640183946	0.000289774376015961	-0.0013629259889040846	0.00025164717870262976	0.003523893943121914
-0.0007798214034850925	0.002509976976466044	-0.0008668940853491236	0.0001535094671152315	-0.0010832324142489025	-0.0003643755959841233	-0.00031003741731505663	0.0034614845435643193
-9.33180083526608e-05	0.0013866077844313374	-0.001428578681366366	0.00027832826623042095	-0.00014709142088653593	-0.0009884695915594044	6.441898003006763e-05	0.003586303342679509
0.0002811383889922414	0.002260339378236109	-0.00024280008977406453	0.0005279658644607998	-0.0005215478182312161	-0.002111838783593667	2.0095804720288157e-06	0.003087028146219417
-0.0012790965999449622	-0.00017362720450586622	0.0007557503031461188	0.00046555646490276104	-0.0007711854164609289	-0.0006764225937718749	0.00012682837958721827	0.00371112214179381
0.000593185386780215	0.0021979299786789586	-0.00024280008977406453	0.0004031470653456104	-0.0010832324142489025	-0.0024238857813814185	-0.00018521861820031127	0.0031494375457765678
-0.00196559999507695	0.002697205175138606	0.0010053879013756095	0.0005279658644607998	-0.0008960042155765624	-0.0027983421787260987	0.00012682837958721827	0.00402316913958134
-9.33180083526608e-05	0.0002632385923966307	0.0006309315040309293	0.00046555646490276104	-0.0014576888115938047	-0.0028607515782836934	-0.00031003741731505663	0.00371112214179381
-0.0011542778008297727	0.0030092521729261357	-0.0004924376880044434	0.0007776034626909567	-0.00139527941203621	-0.002299066982266673	0.00043887537737452575	0.005208947731173863
-0.00021813680746785025	0.0024475675769084493	-0.0010541222840212416	0.0001535094671152315	-0.0019569640080536743	-0.0011132883906741498	-0.0002476280177574619	0.0061450887245362296
0.0015293263801421375	0.0032588897711556264	-0.0016782162795963007	0.0006527846635753232	-0.0010832324142489025	-0.0018622011853641762	0.00018923777914503503	0.005895451126305851
-0.0009670496021574326	0.0018234735813340563	-0.0008668940853491236	0.0004031470653456104	-0.0015825076107089942	-0.0014253353884614572	2.0095804720288157e-06	0.006644363920996321
0.0008428229850097058	0.0005128761906270096	-0.001615806880038706	0.00027832826623042095	-0.002019373407610825	-0.001238107189788673	-0.00012280921864271654	0.006207498124093824
-0.0006550026043703472	0.0035085273693862273	-0.0010541222840212416	0.0001535094671152315	-0.0014576888115938047	-0.0028607515782836934	-0.00012280921864271654	0.005146538331616268
-0.00040536500613974624	0.0013241983848741867	0.00031888450624362186	0.0004031470653456104	-0.0023938298049561713	-0.0024862951809390132	-0.00012280921864271654	0.004522444336041431
-0.0011542778008297727	0.0015114265835460827	6.924690801324296e-05	9.110006755852496e-05	-0.0019569640080536743	-0.0032976173751861904	2.0095804720288157e-06	0.0032118469453341625
0.00034354778854983614	0.003758164967615718	0.00025647510668602713	0.0003407376657880157	-0.0023314204053981324	-0.0015501541875762026	-6.039981908467773e-05	0.005021719532501079
-0.001715962396847015	0.001449017183988932	-5.55718911015024e-05	0.0007776034626909567	-0.0016449170102657007	-0.001050878991116111	0.0003140565782597804	0.004584853735599026
-0.0008422308030426873	0.003134070972041325	-0.0004300282884468487	0.00021591886667282623	-0.0017697358093808901	-0.0020494293840360722	-0.00018521861820031127	0.00402316913958134
0.000593185386780215	0.0007625137888565003	6.924690801324296e-05	0.0003407376657880157	-0.0025186486040709166	-0.0007388319933290255	-0.00018521861820031127	0.0055209947289609484
0.0004683665876650256	0.002135520579121364	-0.0006172564871191888	0.0007776034626909567	-0.0012704606129212426	1.008080136055689e-05	0.0005012847769321205	0.005208947731173863
0.0010924605832400847	0.002260339378236109	-0.0015533974804811113	0.00021591886667282623	-0.0018321452089384849	-0.001487744788019052	-0.00012280921864271654	0.004772081934271366
-0.0007798214034850925	0.0003880573915113761	-0.0008668940853491236	2.869066800093023e-05	-0.0021441922067257924	-0.0005516037946562413	6.441898003006763e-05	0.0029622093471042277
0.0017789639783720723	0.002135520579121364	-0.0011165316835790584	0.0006527846635753232	-0.0017697358093808901	-0.0017997917858065815	6.441898003006763e-05	0.0025253435502019528
-0.0011542778008297727	0.002946842773368541	0.00019406570712798832	0.0001535094671152315	-0.0029555144009734136	-0.0020494293840360722	-0.00018521861820031127	0.002462934150644358
-0.00046777440569734097	0.0008249231884140951	0.0006933409035876359	0.0005279658644607998	-0.002206601606283609	-0.002111838783593667	6.441898003006763e-05	0.0019012495546271158
-0.00046777440569734097	0.0023851581773508546	0.0005685221044733346	0.0004031470653456104	-0.002893105001416041	-0.0027983421787260987	2.0095804720288157e-06	0.0025877529497595475
-0.0015911435977318256	0.0007001043892989056	6.924690801324296e-05	0.00021591886667282623	-0.0033299707983180937	-0.0015501541875762026	-0.00012280921864271654	0.004460034936484281
0.0010300511836818238	0.001885882980891429	-0.001428578681366366	0.0004031470653456104	-0.0027682862023008514	-0.0019246105849213269	-6.039981908467773e-05	0.003523893943121914
-0.0012790965999449622	0.0013866077844313374	-0.0012413504826935817	0.00027832826623042095	-0.002830695601858224	-0.001487744788019052	-0.0002476280177574619	0.004709672534713771
0.0009676417841244511	0.00013841979328166332	-0.0008668940853491236	0.0005279658644607998	-0.0025810580036285113	-0.0003643755959841233	-6.039981908467773e-05	0.0024005247510869854
-3.090860879506607e-05	0.001885882980891429	-0.001615806880038706	0.00021591886667282623	-0.002206601606283609	-0.0009260601920018097	-0.00012280921864271654	0.002650162349316698
0.0008428229850097058	0.0009497419875288404	-0.0009293034849062742	0.00046555646490276104	-0.002206601606283609	-0.00030196619642697264	2.0095804720288157e-06	0.0025253435502019528
-0.0005925932048123084	0.0002632385923966307	-0.0009293034849062742	0.00046555646490276104	-0.002269011005840982	-0.002111838783593667	6.441898003006763e-05	0.0006530615634769976
-0.0025272845910950803	0.0008249231884140951	0.0003812939058003284	0.00021591886667282623	-0.0033299707983180937	-0.002299066982266673	-0.0002476280177574619	0.002088477753299456
-3.090860879506607e-05	0.0011369701862016246	0.00025647510668602713	0.0007151940631329179	-0.0030179238005310083	-0.0020494293840360722	0.0003140565782597804	0.002650162349316698
-0.002402465791979891	0.0024475675769084493	-0.0006172564871191888	9.110006755852496e-05	-0.0033299707983180937	-0.0036720737725308705	-0.0002476280177574619	0.0032118469453341625
-0.0009046402025998379	0.00032564799195422545	-0.0004300282884468487	0.0004031470653456104	-0.0040164741934505255	-0.0026111139800537586	-6.039981908467773e-05	0.007830142512588179
-0.0010294590017150274	0.0009497419875288404	-0.0017406256791536734	0.00046555646490276104	-0.0035796083965484726	-0.0018622011853641762	-0.00018521861820031127	0.007642914313915838
0.0002811383889922414	0.0017610641817762396	-0.0023647196747282884	0.00027832826623042095	-0.003517198996990878	-0.001674972986691392	-6.039981908467773e-05	0.008516645907720166
-0.0018407811959622045	0.00013841979328166332	-0.0013661692818092153	0.0005279658644607998	-0.002830695601858224	-0.0014253353884614572	6.441898003006763e-05	0.005458585329403354
0.0008428229850097058	0.0013866077844313374	-0.000991712884463869	0.0007151940631329179	-0.0018945546084960796	-0.0014253353884614572	0.0003764659778173751	0.004085578539139156
-0.0006550026043703472	-4.880840539067677e-05	-0.000991712884463869	-0.00022094693022922662	-0.003454789597432839	-0.0019870199844789216	-0.0006844938146601809	0.002712571748874293
-0.0006550026043703472	0.002073111179563769	-0.0008044846857915289	0.0005279658644607998	-0.002269011005840982	-0.0013005165893464898	0.00012682837958721827	0.001838840155069077
3.150079076252865e-05	0.002322748777794148	-0.0006172564871191888	0.00046555646490276104	-0.0031427425996457536	-0.0023614763818233797	2.0095804720288157e-06	0.002088477753299456
-0.0017783717964046097	0.0007001043892989056	0.00013165630757083768	0.0003407376657880157	-0.0033299707983180937	-0.0014253353884614572	-6.039981908467773e-05	0.0042728067378114964
0.0010300511836818238	0.0026347957755812335	-0.00024280008977406453	0.0007776034626909567	-0.002830695601858224	-0.0016125635871337973	0.00012682837958721827	0.006457135722323537
-0.0014663247986175243	0.0021979299786789586	-0.00011798129065909713	0.00046555646490276104	-0.004266111791680904	-0.001674972986691392	-0.000434856216429802	0.007518095514800649
0.00021872898943486874	0.00032564799195422545	-0.0004300282884468487	0.00027832826623042095	-0.0030179238005310083	-0.001487744788019052	2.0095804720288157e-06	0.006082679324978635
-0.00021813680746785025	0.002135520579121364	6.924690801324296e-05	0.0006527846635753232	-0.0027058768027432567	-0.001050878991116111	0.00012682837958721827	0.00564581352807636
0.00021872898943486874	0.0008873325879712457	0.0005685221044733346	0.0006527846635753232	-0.0012704606129212426	0.0009462217947229234	0.00025164717870262976	0.0033990751440067246
0.0023406485743888705	0.002135520579121364	-0.00011798129065909713	9.110006755852496e-05	-0.00039672901911691483	7.249020091815161e-05	-0.00031003741731505663	-0.0028418648117420897
0.000593185386780215	0.001449017183988932	0.0016294818969508906	0.0006527846635753232	0.000913868371590576	0.001882362788085512	0.00025164717870262976	-0.004402099800679737
0.003526427165981838	0.0003880573915113761	0.0012550254996055443	0.0007776034626909567	0.002224465762298289	0.003130550779235408	0.0003140565782597804	-0.01151677135023288
0.001841373377929445	0.0017610641817762396	0.0006309315040309293	9.110006755852496e-05	0.0025365127600858184	0.0020071815872002574	0.00025164717870262976	-0.00883316716926097
0.0025902861726192494	0.00013841979328166332	0.001754300696065192	0.0007151940631329179	0.0017251905658381972	0.0026312755827753165	0.00025164717870262976	-0.007397750979438955
0.0017165545788144776	7.601039372451268e-05	0.0006933409035876359	2.869066800093023e-05	0.0001649555769009936	-5.2328598196593745e-05	-0.00037244681687265135	-0.006399200586518994
0.0019661921770446344	0.001449017183988932	0.0012550254996055443	0.00046555646490276104	-0.0005215478182312161	0.0008838123951653287	0.00018923777914503503	-0.0006575358272300491
0.0016541451792568829	0.0011369701862016246	6.924690801324296e-05	0.0005279658644607998	-0.0013328700124786153	7.249020091815161e-05	6.441898003006763e-05	0.0014019743581674682
-0.0013415059995025569	0.002697205175138606	0.0003812939058003284	0.0005279658644607998	-0.002456239204513766	-0.0019246105849213269	0.00018923777914503503	0.00564581352807636
-0.001091868401272178	0.00032564799195422545	0.00031888450624362186	0.00021591886667282623	-0.004765386988140552	-0.0026111139800537586	-0.0002476280177574619	0.01051374669356031
-0.00196559999507695	0.001449017183988932	-0.0011165316835790584	9.110006755852496e-05	-0.004765386988140552	-0.002735932779168504	-0.00031003741731505663	0.011075431289577775
-0.0010294590017150274	0.0024475675769084493	-0.0012413504826935817	0.0004031470653456104	-0.004890205787255297	-0.0038593019712034327	-6.039981908467773e-05	0.01569372685683179
-0.003588244383571748	7.601039372451268e-05	-0.0015533974804811113	0.00027832826623042095	-0.006263212577520161	-0.004233758368548113	-0.00012280921864271654	0.013883854269664209
-0.0011542778008297727	0.0011993795857589973	-0.0027391760720736347	0.0001535094671152315	-0.006700078374422436	-0.004795442964565799	-0.0002476280177574619	0.014944814062141765
-0.003588244383571748	0.001698654782218867	-0.0023647196747282884	0.00046555646490276104	-0.007074534771767338	-0.0037344831720884653	6.441898003006763e-05	0.015943364455061948
-0.002402465791979891	0.002073111179563769	-0.0029888136703035695	0.00027832826623042095	-0.00638803137663535	-0.003921711370760583	2.0095804720288157e-06	0.01363421667143494
-0.0020280093946345445	0.0007625137888565003	-0.0028015854716307853	-0.00028335632978682135	-0.007761038166900214	-0.004795442964565799	-0.0005596750155449914	0.01350939787231975
-0.0024648751915370415	0.0005128761906270096	-0.0013037598822516205	0.0007151940631329179	-0.006450440776192945	-0.0024238857813814185	0.0003764659778173751	0.014008673068779398
-0.0002805462070250009	0.002260339378236109	-0.001615806880038706	0.0004031470653456104	-0.005763937381060513	-0.0034224361743009357	-6.039981908467773e-05	0.007892551912145773
-0.0025272845910950803	0.0007001043892989056	-0.0006172564871191888	-0.00015853753067185394	-0.005451890383272984	-0.002548704580496164	0.00012682837958721827	0.004460034936484281
0.0008428229850097058	0.0005752855901841603	-0.00018039069021669185	0.0006527846635753232	-0.0011456418138060531	-0.00011473799775418847	6.441898003006763e-05	-0.0005327170281157478
0.0005307759872221762	0.001885882980891429	-0.0006172564871191888	0.0003407376657880157	-0.000958413615133713	0.000634174796935838	-0.00018521861820031127	-0.0020929520170525073
0.0014669169805845428	-4.880840539067677e-05	6.924690801324296e-05	0.0003407376657880157	0.0003521837755737778	0.0018199533885279173	0.00012682837958721827	-0.00477655619802464
0.0027775143712922556	0.0013241983848741867	-0.00030520948933165926	0.0005903752640183946	0.0006018213738030465	0.0011334499933959297	0.00012682837958721827	-0.006836066383421269
-9.33180083526608e-05	7.601039372451268e-05	0.0009429785018180148	0.0005903752640183946	-2.227262177134648e-05	0.001258268792510231	0.0003140565782597804	-0.004339690401122143
0.0017789639783720723	-0.000423264802735801	-0.000367618888889254	0.00027832826623042095	-0.000958413615133713	0.0005717653973782433	-0.00018521861820031127	-0.00502619379625413
-0.0003429556065825956	0.0015738359831036774	-0.00055484708756115	0.0003407376657880157	-0.00139527941203621	-0.000426784995541718	6.441898003006763e-05	0.004397625536926686
-0.0002805462070250009	0.00013841979328166332	0.00013165630757083768	0.0007151940631329179	-0.0030179238005310083	-0.001050878991116111	-0.00031003741731505663	0.007892551912145773
-0.0020904187941921393	0.000200829192839036	-0.0010541222840212416	-3.3718731556664494e-05	-0.00620080317796301	-0.004171348968991406	-0.00018521861820031127	0.01332216967364741
-0.0013415059995025569	0.0019482923804490238	-0.0009293034849062742	0.0005279658644607998	-0.0073865817695553115	-0.0034848455738585304	2.0095804720288157e-06	0.020561660022315742
-0.0037130631826871596	0.0005752855901841603	-0.002489538473843922	0.00027832826623042095	-0.007823447566457364	-0.0041089395694333675	-0.00012280921864271654	0.020936116419660644
-0.0029017409884395384	0.0023851581773508546	-0.002052672676941203	0.0003407376657880157	-0.0080730851646873	-0.004358577167663302	6.441898003006763e-05	0.023245264203287874
-0.00196559999507695	0.00032564799195422545	-0.002052672676941203	0.00027832826623042095	-0.009258863756280045	-0.0038593019712034327	-0.00018521861820031127	0.023744539399747744
-0.0022152375933071067	0.002073111179563769	-0.0019902632773840523	0.00046555646490276104	-0.008260313363360083	-0.0034224361743009357	0.00018923777914503503	0.019937566026741127
-0.001715962396847015	0.001698654782218867	-0.0014909880809239606	2.869066800093023e-05	-0.009196454356721784	-0.0042961677681057076	-0.000434856216429802	0.01581854565594698
-0.0025272845910950803	0.000637694989741755	-0.0004300282884468487	0.0003407376657880157	-0.008197903963802489	-0.0023614763818233797	6.441898003006763e-05	0.01095061249046303
0.00021872898943486874	0.0023851581773508546	-0.0008668940853491236	0.0005279658644607998	-0.006637668974865285	-0.0021742481831514837	-0.00018521861820031127	0.010763384291790246
-0.0022152375933071067	0.0011993795857589973	-0.00018039069021669185	0.0007151940631329179	-0.0050774339859280815	-0.0008012413928866202	0.00018923777914503503	0.009952062097543513
0.000780413585452111	0.0009497419875288404	-0.001428578681366366	9.110006755852496e-05	-0.004640568189025807	-0.0017373823862489868	-0.00037244681687265135	0.007892551912145773
0.0006555947863369216	0.0010745607866438078	6.924690801324296e-05	0.0007776034626909567	-0.003704427195663218	-0.0009260601920018097	0.00043887537737452575	0.010014471497100219
-0.0005301838052551577	0.0004504667910689708	-0.0007420752862339342	9.110006755852496e-05	-0.003517198996990878	-0.0008012413928866202	-0.00018521861820031127	0.008516645907720166
0.0017165545788144776	0.0016362453826617163	-0.0014909880809239606	0.0005279658644607998	-0.0032051519992033484	-0.0007388319933290255	-6.039981908467773e-05	0.006831592119668217
-0.0007174120039270537	0.0008873325879712457	-0.0007420752862339342	0.0006527846635753232	-0.003454789597432839	-0.000426784995541718	0.00025164717870262976	0.008391827108605865
0.0014669169805845428	0.00032564799195422545	-0.001178941083136431	0.0005279658644607998	-0.004266111791680904	-0.00023955679686893383	-0.00037244681687265135	0.004709672534713771
-0.00040536500613974624	0.0011369701862016246	-0.0014909880809239606	2.869066800093023e-05	-0.005202252785042827	-0.0011756977902313004	0.00018923777914503503	0.006519545121880688
-0.0002805462070250009	0.0005752855901841603	0.00019406570712798832	0.0001535094671152315	-0.004765386988140552	-0.0007388319933290255	-0.00012280921864271654	0.005021719532501079
-0.0012166872003873674	0.0005752855901841603	-0.00030520948933165926	0.0003407376657880157	-0.003954064793892931	-0.0015501541875762026	-0.00031003741731505663	0.003773531541351405
-0.0014039153990599296	0.00032564799195422545	0.0003812939058003284	0.0006527846635753232	-0.0020817828071684197	-0.0004891943950993127	0.0003140565782597804	0.005583404128518987
0.0010924605832400847	-0.0006729024009659579	-0.001428578681366366	9.110006755852496e-05	-0.0005215478182312161	-0.0007388319933290255	-0.00037244681687265135	0.002650162349316698
-0.00021813680746785025	0.00013841979328166332	-0.001428578681366366	0.0003407376657880157	0.0015379623671663012	-0.0004891943950993127	6.441898003006763e-05	0.003960759740024189
0.00034354778854983614	-0.0013594057960979455	-0.0011165316835790584	0.00046555646490276104	0.0012883247689359223	-0.0008012413928866202	6.441898003006763e-05	0.007330867316128309
-9.33180083526608e-05	-0.0006729024009659579	-0.002052672676941203	0.0004031470653456104	0.0014755529676087065	-0.0005516037946562413	2.0095804720288157e-06	0.007081229717898596
0.0008428229850097058	7.601039372451268e-05	-0.0023647196747282884	0.00046555646490276104	-0.00014709142088653593	-0.0013629259889040846	-0.00037244681687265135	0.0086414647068358
-0.0020280093946345445	-0.0011097681978682328	-0.0028015854716307853	0.0005279658644607998	0.000289774376015961	-0.0013005165893464898	0.00012682837958721827	0.007143639117455747
0.0004683665876650256	-0.000423264802735801	-0.0028015854716307853	-9.612813111403717e-05	-0.0007711854164609289	-0.0028607515782836934	-0.0004972656159873967	0.008953511704623551
-0.0007798214034850925	-0.0012345869969829781	-0.0026143572729586673	0.00046555646490276104	-0.0006463666173461835	-0.0024862951809390132	0.00012682837958721827	0.011325068887807932
-0.0016535529972898644	0.0007001043892989056	-0.003051223069861164	0.0005279658644607998	-2.227262177134648e-05	-0.0027983421787260987	0.00012682837958721827	0.011262659488250337
-0.0013415059995025569	0.0005752855901841603	-0.002427129074286327	0.0003407376657880157	-0.000958413615133713	-0.0038593019712034327	-6.039981908467773e-05	0.013759035470549907
-0.002402465791979891	0.0009497419875288404	-0.002052672676941203	0.0003407376657880157	-0.0013328700124786153	-0.0037344831720884653	2.0095804720288157e-06	0.014383129466124744
-0.00021813680746785025	0.002073111179563769	-0.003051223069861164	0.0004031470653456104	-0.0018945546084960796	-0.004358577167663302	0.00012682837958721827	0.015756136256388942
-0.00196559999507695	0.0013241983848741867	-0.002676766672516262	0.0004031470653456104	-0.002830695601858224	-0.0037344831720884653	-0.0005596750155449914	0.012698075678072351
0.0004683665876650256	0.00013841979328166332	-0.004549048659240773	0.0005903752640183946	-0.0017073264098237395	-0.0018622011853641762	0.0003140565782597804	0.01113784068913537
0.0005307759872221762	0.0013241983848741867	-0.0046738674583559625	0.0004031470653456104	-0.0030179238005310083	-0.0021742481831514837	-0.00012280921864271654	0.01113784068913537
-0.0007798214034850925	7.601039372451268e-05	-0.003987364063223531	0.00046555646490276104	-0.0027058768027432567	-0.0013005165893464898	0.00018923777914503503	0.01045133729400316
0.0009676417841244511	0.0007001043892989056	-0.004611458058798368	0.00027832826623042095	-0.002893105001416041	-0.0018622011853641762	-0.00018521861820031127	0.009265558702410637
-0.0014039153990599296	0.0009497419875288404	-0.0033632700676484717	0.0005903752640183946	-0.0029555144009734136	-0.0020494293840360722	0.00018923777914503503	0.012698075678072351
0.0007180041858945163	0.0015738359831036774	-0.003051223069861164	0.0005279658644607998	-0.0036420177961056233	-0.0031103891765138503	0.00012682837958721827	0.017566008843556302
-0.0016535529972898644	0.002946842773368541	-0.003113632469418759	9.110006755852496e-05	-0.005139843385485232	-0.0047330335650082045	-0.00018521861820031127	0.020936116419660644
-0.001091868401272178	0.003383708570271038	-0.0018654444782688628	0.0004031470653456104	-0.006013574979290226	-0.004920261763680545	0.00025164717870262976	0.0208112976205459
-0.0017783717964046097	0.003945393166288502	-0.0016782162795963007	2.869066800093023e-05	-0.006450440776192945	-0.005669174558370571	-0.000434856216429802	0.019563109629396225
-0.00040536500613974624	0.003570936768942934	-0.00286399487118838	0.0003407376657880157	-0.005576709182388173	-0.004233758368548113	-0.00012280921864271654	0.019188653232051545
0.002028601576601785	0.0023851581773508546	-0.0042370016614532435	0.0009024222618057021	-0.00407888359300812	-0.0021742481831514837	0.0005012847769321205	0.015568908057716602
-3.090860879506607e-05	0.0013866077844313374	-0.00517314265481561	-3.3718731556664494e-05	-0.003954064793892931	-0.0019246105849213269	-0.00037244681687265135	0.012510847479400233
0.0014669169805845428	0.000200829192839036	-0.004299411061010838	0.0004031470653456104	-0.002893105001416041	-0.001050878991116111	-6.039981908467773e-05	0.010825793691347396
0.0009676417841244511	0.0009497419875288404	-0.004549048659240773	0.0005279658644607998	-0.0013328700124786153	-0.00030196619642697264	0.00012682837958721827	0.007954961311703368
0.0019661921770446344	0.0010745607866438078	-0.003987364063223531	0.0006527846635753232	-0.000958413615133713	-0.0009260601920018097	-0.0002476280177574619	0.007580504914358688
0.0004059571881076529	0.0007001043892989056	-0.004112182862338276	2.869066800093023e-05	-0.0003343196195584319	-0.002111838783593667	2.0095804720288157e-06	0.007268457916571158
0.002652695572176844	0.001885882980891429	-0.004299411061010838	0.00046555646490276104	-0.0005215478182312161	-0.002923160977841288	6.441898003006763e-05	0.010139290296215409
-0.00015572740791025552	0.002509976976466044	-0.0016782162795963007	0.0007151940631329179	-0.0008335948160185236	-0.002985570377398883	0.0003140565782597804	0.0106385654926755
-0.00046777440569734097	0.0028220239742537956	-0.003300860668091099	-3.3718731556664494e-05	-0.0027058768027432567	-0.003547254973416125	-0.000434856216429802	0.01095061249046303
9.391019032012338e-05	0.0028844333738109462	-0.0023023102751711377	0.0005279658644607998	-0.004328521191237611	-0.0034848455738585304	2.0095804720288157e-06	0.014383129466124744
-0.001091868401272178	0.0021979299786789586	-0.002427129074286327	0.0005903752640183946	-0.005202252785042827	-0.002548704580496164	0.00025164717870262976	0.01500722346169936
0.000780413585452111	0.0018234735813340563	-0.004049773462780681	0.0003407376657880157	-0.00638803137663535	-0.002548704580496164	-0.00018521861820031127	0.015319270459487111
-0.0020280093946345445	0.0013241983848741867	-0.0034256794672056223	9.110006755852496e-05	-0.007199353570882527	-0.0028607515782836934	-0.0002476280177574619	0.014695176463912274
0.0004059571881076529	0.0009497419875288404	-0.004049773462780681	0.0003407376657880157	-0.006949715972652815	-0.0023614763818233797	0.0003764659778173751	0.015506498658159451
-0.0006550026043703472	0.0021979299786789586	-0.0042370016614532435	2.869066800093023e-05	-0.007636219367785024	-0.0041089395694333675	-0.00037244681687265135	0.016255411452849033
-0.0003429556065825956	0.001698654782218867	-0.0036753170654360012	0.0003407376657880157	-0.006575259575307246	-0.003796892571646282	-6.039981908467773e-05	0.016317820852406628
0.0007180041858945163	0.0032588897711556264	-0.003550498266321256	0.0006527846635753232	-0.005763937381060513	-0.004358577167663302	0.00025164717870262976	0.016005773854619543
-0.0015911435977318256	0.0025723863760236387	-0.003488088866763661	-3.3718731556664494e-05	-0.0050774339859280815	-0.004982671163238583	-0.00031003741731505663	0.015132042260814549
0.001217279382354608	0.002322748777794148	-0.004299411061010838	0.0001535094671152315	-0.0033299707983180937	-0.004545805366335864	-0.00037244681687265135	0.011574706486037867
-0.00015572740791025552	0.0025723863760236387	-0.0042370016614532435	0.0006527846635753232	-0.0011456418138060531	-0.0032976173751861904	0.00018923777914503503	0.00814218951037593
0.0014045075810273921	0.0010745607866438078	-0.004424229860125584	0.0005279658644607998	0.0001649555769009936	-0.002923160977841288	-6.039981908467773e-05	0.005271357130731458
0.0010924605832400847	0.0007001043892989056	-0.005734827250833074	0.00027832826623042095	0.0020372375636259488	-0.001050878991116111	-0.00012280921864271654	0.004210397338254346
0.002028601576601785	7.601039372451268e-05	-0.006046874248620382	0.0007151940631329179	0.002848559757873126	0.00013489960047574634	0.0003764659778173751	0.004834491333828739
0.0004683665876650256	-0.00017362720450586622	-0.006483740045522657	9.110006755852496e-05	0.001350734168493517	-0.0004891943950993127	-0.00037244681687265135	0.004460034936484281
-0.0005925932048123084	0.00013841979328166332	-0.005547599052160734	0.0003407376657880157	-2.227262177134648e-05	-0.001050878991116111	6.441898003006763e-05	0.00814218951037593
0.0006555947863369216	0.000200829192839036	-0.005048323855700865	0.00046555646490276104	-0.0014576888115938047	-0.0018622011853641762	2.0095804720288157e-06	0.010014471497100219
-0.00021813680746785025	0.001449017183988932	-0.004923505056585675	0.00046555646490276104	-0.0011456418138060531	-0.0017373823862489868	0.00018923777914503503	0.01045133729400316
-9.33180083526608e-05	0.002260339378236109	-0.003550498266321256	0.0001535094671152315	-0.002206601606283609	-0.003547254973416125	-0.0002476280177574619	0.012885303876744691
-0.0015911435977318256	0.0028844333738109462	-0.002427129074286327	0.00046555646490276104	-0.002269011005840982	-0.0037344831720884653	0.00012682837958721827	0.013197350874532221
0.0009052323845673005	0.003945393166288502	-0.0027391760720736347	0.0005903752640183946	-0.003517198996990878	-0.004920261763680545	-0.00018521861820031127	0.01488240466258417
-0.0016535529972898644	0.004007802565846097	-0.0023023102751711377	0.0004031470653456104	-0.0037668365952208127	-0.004046530169876217	-6.039981908467773e-05	0.01444553886568234
0.0011548699827970133	0.003321299170713665	-0.003987364063223531	0.00046555646490276104	-0.0040164741934505255	-0.0027983421787260987	6.441898003006763e-05	0.014008673068779398
0.0007180041858945163	0.0024475675769084493	-0.0036753170654360012	0.00046555646490276104	-0.005264662184600422	-0.002985570377398883	6.441898003006763e-05	0.015319270459487111
-3.090860879506607e-05	0.0015738359831036774	-0.004486639259683622	0.0004031470653456104	-0.005514299782830134	-0.0020494293840360722	2.0095804720288157e-06	0.015069632861256732
0.0017165545788144776	0.0017610641817762396	-0.005610008451717885	0.0003407376657880157	-0.006013574979290226	-0.0019870199844789216	-0.00018521861820031127	0.01444553886568234
-0.00021813680746785025	0.001698654782218867	-0.0042370016614532435	0.0005903752640183946	-0.004578158789468212	-0.0013005165893464898	0.0003764659778173751	0.01257325687895694
0.0014669169805845428	0.0013241983848741867	-0.004736276857913113	9.110006755852496e-05	-0.0040164741934505255	-0.0024238857813814185	-0.00012280921864271654	0.012136391082055109
-0.0002805462070250009	0.002697205175138606	-0.003488088866763661	0.00027832826623042095	-0.0007711854164609289	-0.0030479797769562555	6.441898003006763e-05	0.01113784068913537
0.0010924605832400847	0.0032588897711556264	-0.0019278538778264576	0.0005903752640183946	0.000289774376015961	-0.002735932779168504	0.00018923777914503503	0.010139290296215409
0.0004059571881076529	0.0038829837667309075	-0.002676766672516262	0.0003407376657880157	-0.00014709142088653593	-0.003609664372973276	-6.039981908467773e-05	0.009827243298427879
-0.00015572740791025552	0.003383708570271038	-0.0023023102751711377	0.0004031470653456104	-0.00014709142088653593	-0.0027983421787260987	2.0095804720288157e-06	0.010014471497100219
0.0025278767730616547	0.002135520579121364	-0.004112182862338276	0.0005903752640183946	-0.0003343196195584319	-0.001487744788019052	0.00012682837958721827	0.008391827108605865
0.0004683665876650256	0.0013866077844313374	-0.0051107332552584595	0.00027832826623042095	-0.0007087760169042223	-0.0008012413928866202	-6.039981908467773e-05	0.007767733113031028
0.0019037827774870397	-0.00011121780494827149	-0.0052979614539307995	0.00046555646490276104	-0.0013328700124786153	-0.00023955679686893383	-0.00012280921864271654	0.007767733113031028
0.0012796887819122027	-0.0006104930014083632	-0.006546149445080474	0.0005279658644607998	-0.0013328700124786153	0.0008214029956081781	0.00018923777914503503	0.008391827108605865
0.002028601576601785	-0.00029844600362105567	-0.005984464849062787	0.0005903752640183946	-0.002643467403185662	-0.001050878991116111	-0.00031003741731505663	0.009452786901082977
-0.0005925932048123084	-0.00029844600362105567	-0.004424229860125584	0.0005903752640183946	-0.0031427425996457536	-0.0018622011853641762	6.441898003006763e-05	0.01051374669356031
0.0012796887819122027	0.0019482923804490238	-0.0014909880809239606	0.0005903752640183946	-0.003891655394335336	-0.0037344831720884653	0.00025164717870262976	0.013446988472762156
-0.0006550026043703472	0.0036957555680585674	-0.0015533974804811113	-3.3718731556664494e-05	-0.005639118581945324	-0.0057939933574857605	-0.0005596750155449914	0.013571807271877123
-0.0009670496021574326	0.004881534159650425	-0.0021150820764987976	0.0001535094671152315	-0.005015024586370043	-0.005107489962353329	-0.00012280921864271654	0.01350939787231975
9.391019032012338e-05	0.004756715360535679	-0.0016782162795963007	0.0005279658644607998	-0.004765386988140552	-0.004920261763680545	6.441898003006763e-05	0.013946263669222247
-0.00046777440569734097	0.003570936768942934	-0.0021150820764987976	0.0007151940631329179	-0.003891655394335336	-0.0031103891765138503	0.0003764659778173751	0.009764833898870728
0.0015917357796997322	0.001698654782218867	-0.004611458058798368	9.110006755852496e-05	-0.004266111791680904	-0.0024238857813814185	2.0095804720288157e-06	0.009078330503737853
-0.00040536500613974624	0.0007625137888565003	-0.004424229860125584	0.0004031470653456104	-0.0027058768027432567	-0.0001771473973117832	-0.00012280921864271654	0.0065819545214387265
0.0017165545788144776	-0.0011721775974253834	-0.005610008451717885	0.0004031470653456104	-0.0016449170102657007	0.00013489960047574634	2.0095804720288157e-06	0.006082679324978635
0.0002811383889922414	-0.0006104930014083632	-0.004174592261895871	0.0003407376657880157	-0.0016449170102657007	-0.001050878991116111	-0.00012280921864271654	0.006269907523651419
-0.0002805462070250009	0.0010121513870864352	-0.0034256794672056223	0.00046555646490276104	-0.0012080512133636478	-0.0013005165893464898	0.00018923777914503503	0.006644363920996321
0.000593185386780215	0.0024475675769084493	-0.002489538473843922	0.0004031470653456104	-0.00139527941203621	-0.0027983421787260987	-0.00012280921864271654	0.007330867316128309
-0.001715962396847015	0.00319648037159892	-0.0009293034849062742	0.00021591886667282623	-0.0010208230146913078	-0.0036720737725308705	6.441898003006763e-05	0.008079780110818335
0.0010924605832400847	0.00319648037159892	-0.0019278538778264576	0.0003407376657880157	-0.0008960042155765624	-0.0034224361743009357	-0.0002476280177574619	0.0072060485170131194
-0.0002805462070250009	0.0036957555680585674	-0.0019278538778264576	0.0007776034626909567	0.0001649555769009936	-0.0023614763818233797	-0.00031003741731505663	0.006082679324978635
0.0006555947863369216	0.0015114265835460827	-0.0029888136703035695	2.869066800093023e-05	-0.0003343196195584319	-0.0003643755959841233	2.0095804720288157e-06	0.005208947731173863
0.0009676417841244511	0.0005752855901841603	-0.004861095657028303	0.0006527846635753232	-0.00020950082044413065	0.00032212779914830847	0.00025164717870262976	0.004959310132943928
0.002278239174832164	7.601039372451268e-05	-0.00517314265481561	9.110006755852496e-05	-0.0008335948160185236	0.0005093559978206486	-0.00018521861820031127	0.005146538331616268
0.0025902861726192494	-0.0012345869969829781	-0.006046874248620382	0.00027832826623042095	-0.0011456418138060531	0.000634174796935838	-0.00018521861820031127	0.004584853735599026
-0.00015572740791025552	0.000637694989741755	-0.004361820460568433	0.0003407376657880157	-0.0015200982111513994	-0.00011473799775418847	-6.039981908467773e-05	0.007518095514800649
0.0009676417841244511	0.001449017183988932	-0.0026143572729586673	0.0006527846635753232	-0.0021441922067257924	-0.0013629259889040846	0.00018923777914503503	0.00951519630064035
-0.0002805462070250009	0.0030092521729261357	-0.0025519478734010725	0.00021591886667282623	-0.002893105001416041	-0.002548704580496164	-0.00012280921864271654	0.012136391082055109
9.391019032012338e-05	0.004444668362748594	-0.0012413504826935817	0.0004031470653456104	-0.0033923801978756885	-0.003984120770318622	0.00018923777914503503	0.012510847479400233
-0.0013415059995025569	0.00463189656142049	-0.0006172564871191888	0.00046555646490276104	-0.002830695601858224	-0.0037344831720884653	-6.039981908467773e-05	0.010888203090904991
0.0010300511836818238	0.004444668362748594	-0.001615806880038706	0.0001535094671152315	-0.0023938298049561713	-0.003172798576071445	-0.00018521861820031127	0.01045133729400316
-0.0012166872003873674	0.004007802565846097	-0.0021150820764987976	0.0006527846635753232	-0.0019569640080536743	-0.001674972986691392	6.441898003006763e-05	0.009265558702410637
0.000593185386780215	0.002322748777794148	-0.003051223069861164	0.0006527846635753232	-0.0016449170102657007	-0.000426784995541718	0.0003764659778173751	0.0086414647068358
0.001217279382354608	0.0010745607866438078	-0.003300860668091099	0.0001535094671152315	-0.002643467403185662	-0.0009260601920018097	-0.00037244681687265135	0.008079780110818335
0.000593185386780215	0.0005752855901841603	-0.0042370016614532435	0.00021591886667282623	-0.0025186486040709166	0.00019730900003311902	-6.039981908467773e-05	0.007767733113031028
0.002278239174832164	0.001261788985316592	-0.004174592261895871	0.0006527846635753232	-0.0027682862023008514	-0.0001771473973117832	6.441898003006763e-05	0.00951519630064035
-0.0007798214034850925	0.001261788985316592	-0.0029264042707459748	0.00027832826623042095	-0.003267561398760943	-0.0011756977902313004	-0.00012280921864271654	0.00845423650816346
0.0015917357796997322	0.001449017183988932	-0.003113632469418759	0.0003407376657880157	-0.0023938298049561713	-0.0019246105849213269	-0.00012280921864271654	0.00845423650816346
-0.0006550026043703472	0.0028844333738109462	-0.0021150820764987976	0.0006527846635753232	-0.0016449170102657007	-0.0024238857813814185	0.00025164717870262976	0.00832941770904827
0.0002811383889922414	0.0030092521729261357	-0.0013037598822516205	9.110006755852496e-05	-0.0018321452089384849	-0.0024862951809390132	-0.00018521861820031127	0.007018820318340557
0.0006555947863369216	0.0038829837667309075	-0.0009293034849062742	0.00046555646490276104	-0.0020817828071684197	-0.0028607515782836934	6.441898003006763e-05	0.007830142512588179
-0.001091868401272178	0.0030716615724832863	-0.0010541222840212416	0.0003407376657880157	-0.002643467403185662	-0.0026735233796113533	-6.039981908467773e-05	0.00870387410639295
0.0022158297752745693	0.002135520579121364	-0.0031760418689763537	0.0005279658644607998	-0.002643467403185662	-0.0016125635871337973	6.441898003006763e-05	0.007580504914358688
3.150079076252865e-05	0.0015114265835460827	-0.003987364063223531	0.0004031470653456104	-0.002456239204513766	-0.0009260601920018097	6.441898003006763e-05	0.0065819545214387265
0.0014669169805845428	-0.00017362720450586622	-0.0046738674583559625	0.00027832826623042095	-0.0027682862023008514	-0.0006764225937718749	0.0003140565782597804	0.005957860525863445
0.0011548699827970133	-0.000423264802735801	-0.005610008451717885	0.0005903752640183946	-0.0015825076107089942	-0.00011473799775418847	-0.0002476280177574619	0.005833041726748256
0.0013420981814693533	-0.0004856742022931737	-0.0052979614539307995	0.0003407376657880157	-0.0008335948160185236	-0.0003643755959841233	6.441898003006763e-05	0.006394726322766164
-0.00015572740791025552	-0.00017362720450586622	-0.0046738674583559625	0.0005279658644607998	-0.00020950082044413065	-0.0009884695915594044	0.00012682837958721827	0.005895451126305851
-0.0010294590017150274	0.0018234735813340563	-0.0033632700676484717	0.00027832826623042095	0.0006642307733606412	-0.0019870199844789216	-6.039981908467773e-05	0.006082679324978635
0.0009676417841244511	0.0020107017800061744	-0.0029888136703035695	0.0004031470653456104	0.0016003717667230077	-0.0026111139800537586	-6.039981908467773e-05	0.004772081934271366
-0.00021813680746785025	0.002697205175138606	-0.003300860668091099	0.00027832826623042095	0.002598922159643191	-0.0024862951809390132	-0.00018521861820031127	0.00389835034046615
0.0009052323845673005	0.00319648037159892	-0.0023647196747282884	0.0007776034626909567	0.0033478349543329955	-0.0024238857813814185	0.0003764659778173751	0.0027749811484314435
0.00021872898943486874	0.0016362453826617163	-0.004361820460568433	2.869066800093023e-05	0.002848559757873126	-0.0018622011853641762	2.0095804720288157e-06	0.002712571748874293
0.002902333170406557	0.0010745607866438078	-0.006046874248620382	0.00046555646490276104	0.003410244353890368	0.00032212779914830847	0.00018923777914503503	0.003586303342679509
0.0011548699827970133	7.601039372451268e-05	-0.006421330645965062	0.00046555646490276104	0.003472653753447963	0.0015703157902982046	6.441898003006763e-05	0.002275705951971796
0.004150521161556453	-0.0018586809925578152	-0.009729028822512475	0.0001535094671152315	0.00322301615521825	0.0020071815872002574	-0.0002476280177574619	0.0019012495546271158
0.0025278767730616547	-0.0019834997916730046	-0.00766951863711518	0.0007151940631329179	0.0033478349543329955	0.0014454969911830151	0.0003140565782597804	0.0038359409409085554
0.001217279382354608	-0.0012969963965405729	-0.007295062239770278	0.00027832826623042095	0.002661331559200786	0.0008214029956081781	-6.039981908467773e-05	0.004460034936484281
0.002028601576601785	0.0010745607866438078	-0.006171693047735571	0.0004031470653456104	0.0018500093649531646	-0.0008636507924442149	2.0095804720288157e-06	0.005583404128518987
-0.0012166872003873674	0.0028220239742537956	-0.0031760418689763537	0.0003407376657880157	0.0009762777711486148	-0.0026735233796113533	-6.039981908467773e-05	0.008828692905507918
0.0004683665876650256	0.004007802565846097	-0.002489538473843922	0.0001535094671152315	-0.0005215478182312161	-0.0041089395694333675	0.00018923777914503503	0.011262659488250337
-0.0013415059995025569	0.006504178548145667	-0.0009293034849062742	0.0005279658644607998	-0.002643467403185662	-0.004608214765893459	2.0095804720288157e-06	0.01232361928072745
-3.090860879506607e-05	0.006254540949915288	-0.0004300282884468487	0.0005279658644607998	-0.0030179238005310083	-0.003172798576071445	0.00018923777914503503	0.011949162883382547
-0.00021813680746785025	0.005068762358322987	-0.003924954663665492	0.0001535094671152315	-0.0036420177961056233	-0.0027983421787260987	-0.0002476280177574619	0.01101302189002018
-3.090860879506607e-05	0.0016362453826617163	-0.004923505056585675	0.00027832826623042095	-0.0027682862023008514	-0.0008012413928866202	-0.00018521861820031127	0.01051374669356031
0.003526427165981838	0.0005752855901841603	-0.006733377643752814	0.0009024222618057021	-0.0011456418138060531	0.0011334499933959297	0.0005012847769321205	0.008828692905507918
0.0006555947863369216	-0.00011121780494827149	-0.007170243440655533	9.110006755852496e-05	-0.0002719102200012813	0.0008838123951653287	-0.0002476280177574619	0.007767733113031028
0.0025902861726192494	-0.0003608554031777622	-0.006670968244195663	0.00027832826623042095	0.0014755529676087065	0.000634174796935838	-0.00012280921864271654	0.005833041726748256
0.0015917357796997322	0.0011369701862016246	-0.006421330645965062	0.00046555646490276104	0.0035350631530055576	0.00044694659826305383	0.00025164717870262976	0.006207498124093824
0.0022158297752745693	0.002759614574696201	-0.0046738674583559625	0.0007151940631329179	0.003971928949907388	-0.002299066982266673	-6.039981908467773e-05	0.005708222927633511
0.0004683665876650256	0.003633346168501417	-0.0038001358645507466	0.00046555646490276104	0.003472653753447963	-0.002548704580496164	-0.00012280921864271654	0.005208947731173863
0.00209101097615938	0.00425744016407581	-0.002052672676941203	0.0005903752640183946	0.0033478349543329955	-0.0021742481831514837	0.00025164717870262976	0.005895451126305851
0.0015293263801421375	0.002509976976466044	-0.0036753170654360012	2.869066800093023e-05	0.0012883247689359223	-0.002111838783593667	-0.0004972656159873967	0.004709672534713771
0.0010924605832400847	0.001885882980891429	-0.005235552054373205	0.00046555646490276104	0.0007266401729182359	-5.2328598196593745e-05	2.0095804720288157e-06	0.0055209947289609484
0.002465467373504504	0.0005752855901841603	-0.005610008451717885	0.0005903752640183946	-0.0004591384186736214	0.000634174796935838	0.00012682837958721827	0.006082679324978635
0.0015917357796997322	-0.0013594057960979455	-0.006608558844638068	0.00046555646490276104	-0.0010832324142489025	0.0021944097858725975	0.00018923777914503503	0.005708222927633511
0.0030271519695217464	-0.001484224595213135	-0.007357471639327873	0.00027832826623042095	-0.0018945546084960796	0.0016951345894127279	2.0095804720288157e-06	0.007892551912145773
9.391019032012338e-05	-0.000423264802735801	-0.0052979614539307995	0.0003407376657880157	-0.0031427425996457536	-0.0005516037946562413	0.00018923777914503503	0.009078330503737853
0.001841373377929445	0.0008873325879712457	-0.0042370016614532435	9.110006755852496e-05	-0.004578158789468212	-0.0028607515782836934	-0.0002476280177574619	0.010576156093117905
-0.0008422308030426873	0.00319648037159892	-0.001178941083136431	0.0003407376657880157	-0.006013574979290226	-0.004982671163238583	-0.0002476280177574619	0.012448438079842639
-0.0014039153990599296	0.005880084552570608	-0.000367618888889254	0.0004031470653456104	-0.006450440776192945	-0.0051698993619109235	-6.039981908467773e-05	0.01332216967364741
-0.00021813680746785025	0.0066289973472606345	-0.00030520948933165926	0.00046555646490276104	-0.007261762970440122	-0.005606765158812976	2.0095804720288157e-06	0.013384579073204561
-0.0020280093946345445	0.005255990556995771	-0.0006172564871191888	0.0001535094671152315	-0.007511400568669613	-0.004857852364123394	-0.00018521861820031127	0.013197350874532221
0.0014045075810273921	0.0032588897711556264	-0.0029264042707459748	0.00046555646490276104	-0.007074534771767338	-0.002923160977841288	-6.039981908467773e-05	0.00970242449931269
-0.00021813680746785025	0.0016362453826617163	-0.0046738674583559625	0.0001535094671152315	-0.006263212577520161	-0.0015501541875762026	-0.0002476280177574619	0.007830142512588179
0.001841373377929445	-0.0007353118005231085	-0.005859646049948264	0.0003407376657880157	-0.002830695601858224	0.0016327251898557993	0.0003764659778173751	0.006082679324978635
0.0017165545788144776	-0.0014218151956555403	-0.006858196442868447	-3.3718731556664494e-05	-0.0025186486040709166	0.00032212779914830847	-0.0004972656159873967	0.004335216137368647
0.0014669169805845428	-0.0017962715930006645	-0.0052979614539307995	0.0007776034626909567	-0.0002719102200012813	0.0009462217947229234	0.00043887537737452575	0.0048969007333863335
0.0019661921770446344	0.0003880573915113761	-0.005422780253045101	0.0003407376657880157	-0.00014709142088653593	-0.0007388319933290255	-0.00018521861820031127	0.00389835034046615
-0.0009046402025998379	0.002135520579121364	-0.0029888136703035695	0.0004031470653456104	0.0005394119742463399	-0.0018622011853641762	0.00012682837958721827	0.005208947731173863
0.0010924605832400847	0.002946842773368541	-0.002239900875613543	0.0005279658644607998	-8.46820213289412e-05	-0.0026735233796113533	2.0095804720288157e-06	0.005208947731173863
-0.0006550026043703472	0.003633346168501417	-0.002239900875613543	0.0001535094671152315	-0.0014576888115938047	-0.002985570377398883	-0.00031003741731505663	0.007393276715685904
0.000156319589877274	0.0038205743671733128	-0.0006172564871191888	0.0007151940631329179	-0.0023314204053981324	-0.0027983421787260987	-0.0002476280177574619	0.007018820318340557
-0.0005301838052551577	0.002260339378236109	-0.002052672676941203	0.0001535094671152315	-0.0050774339859280815	-0.0011756977902313004	-0.00018521861820031127	0.007018820318340557
0.0017789639783720723	0.0016362453826617163	-0.003924954663665492	0.0004031470653456104	-0.005389480983715389	-0.0003643755959841233	2.0095804720288157e-06	0.00832941770904827
-0.0003429556065825956	0.0008249231884140951	-0.004361820460568433	0.0007776034626909567	-0.005202252785042827	0.000634174796935838	0.0003764659778173751	0.008391827108605865
0.0006555947863369216	0.0002632385923966307	-0.005048323855700865	0.0001535094671152315	-0.005264662184600422	0.00013489960047574634	-0.00018521861820031127	0.00820459890993308
0.0013420981814693533	0.0013866077844313374	-0.0029888136703035695	0.0006527846635753232	-0.004702977588582957	-0.0004891943950993127	0.00012682837958721827	0.009390377501525826
9.391019032012338e-05	0.002135520579121364	-0.0025519478734010725	0.0005903752640183946	-0.004141292992565715	-0.001050878991116111	0.00025164717870262976	0.009764833898870728
0.0007180041858945163	0.003758164967615718	-0.0023647196747282884	0.00021591886667282623	-0.004266111791680904	-0.002923160977841288	-0.0002476280177574619	0.00970242449931269
-0.001528734198175119	0.00425744016407581	-0.0011165316835790584	2.869066800093023e-05	-0.003454789597432839	-0.003796892571646282	2.0095804720288157e-06	0.0086414647068358
0.0012796887819122027	0.004881534159650425	-0.0012413504826935817	0.0005279658644607998	-0.0005215478182312161	-0.0026111139800537586	0.0003140565782597804	0.00845423650816346
-0.0006550026043703472	0.005318399956553366	-0.0008668940853491236	0.0003407376657880157	-0.0007087760169042223	-0.002548704580496164	-0.00012280921864271654	0.007143639117455747
0.0009052323845673005	0.0038205743671733128	-0.0036129076658784065	0.0005279658644607998	-0.00014709142088653593	-0.0004891943950993127	6.441898003006763e-05	0.006706773320553472
0.002465467373504504	0.001698654782218867	-0.0052979614539307995	0.0004031470653456104	-0.00014709142088653593	-0.00011473799775418847	-0.00012280921864271654	0.005895451126305851
0.0011548699827970133	0.00013841979328166332	-0.0063589212464079115	2.869066800093023e-05	4.0136777786248246e-05	0.0008214029956081781	-0.00018521861820031127	0.005396175929846203
0.0042753399606716425	-0.00029844600362105567	-0.0076071092375575855	0.0007776034626909567	0.0008514589720334254	0.0019447721876431068	0.00043887537737452575	0.005333766530288608
0.0010924605832400847	-0.00017362720450586622	-0.00766951863711518	0.00021591886667282623	0.00041459317513115046	0.0013206781920678257	-0.00018521861820031127	0.006457135722323537
0.0028399237708494063	-0.00017362720450586622	-0.006858196442868447	0.0005903752640183946	0.0003521837755737778	0.0007589935960510275	2.0095804720288157e-06	0.006644363920996321
0.0015917357796997322	0.0011369701862016246	-0.007045424641540343	0.0003407376657880157	-8.46820213289412e-05	-0.001674972986691392	-0.00037244681687265135	0.006894001519225812
0.0010924605832400847	0.0021979299786789586	-0.00517314265481561	0.0007151940631329179	0.0007266401729182359	-0.0015501541875762026	0.00043887537737452575	0.007892551912145773
9.391019032012338e-05	0.003570936768942934	-0.002676766672516262	0.00027832826623042095	-0.0010208230146913078	-0.0032352079756281515	-0.00018521861820031127	0.007143639117455747
-0.0017783717964046097	0.005380809356110516	-0.0006172564871191888	0.0003407376657880157	-0.002269011005840982	-0.0037344831720884653	2.0095804720288157e-06	0.009140739903295447
0.0006555947863369216	0.004756715360535679	-0.0010541222840212416	0.0005903752640183946	-0.0038292459947781854	-0.0032976173751861904	6.441898003006763e-05	0.009265558702410637
-0.0003429556065825956	0.0043198495636336265	-0.002489538473843922	0.0003407376657880157	-0.004765386988140552	-0.002299066982266673	6.441898003006763e-05	0.009577605700197944
0.0004059571881076529	0.0026347957755812335	-0.00323845126853306	0.00027832826623042095	-0.0057015279815029185	-0.0022366575827086344	-0.0002476280177574619	0.008891102305065957
0.0002811383889922414	0.0011993795857589973	-0.004611458058798368	0.0004031470653456104	-0.005264662184600422	-0.0004891943950993127	-6.039981908467773e-05	0.008079780110818335
0.002278239174832164	0.0007625137888565003	-0.006046874248620382	0.0003407376657880157	-0.003267561398760943	7.249020091815161e-05	2.0095804720288157e-06	0.007705323713472989
3.150079076252865e-05	0.0004504667910689708	-0.0054851896526026955	0.0005903752640183946	-0.0018945546084960796	1.008080136055689e-05	6.441898003006763e-05	0.006644363920996321
0.0025278767730616547	0.0004504667910689708	-0.005235552054373205	0.0004031470653456104	-0.0006463666173461835	-0.0009260601920018097	0.00018923777914503503	0.006457135722323537
0.0009052323845673005	0.0025723863760236387	-0.004112182862338276	0.00027832826623042095	-0.0007711854164609289	-0.0027983421787260987	-0.00012280921864271654	0.005957860525863445
-3.090860879506607e-05	0.003570936768942934	-0.0036753170654360012	0.00027832826623042095	-0.0010832324142489025	-0.002985570377398883	-0.0002476280177574619	0.006457135722323537
0.0008428229850097058	0.004694305960978085	-0.0025519478734010725	0.0006527846635753232	-0.0017073264098237395	-0.003609664372973276	0.00018923777914503503	0.007455686115243498
-0.0009670496021574326	0.004195030764518437	-0.002052672676941203	0.00021591886667282623	-0.0031427425996457536	-0.003547254973416125	-0.00012280921864271654	0.007642914313915838
0.0019037827774870397	0.0032588897711556264	-0.003488088866763661	0.0006527846635753232	-0.003891655394335336	-0.002111838783593667	2.0095804720288157e-06	0.0072060485170131194
-9.33180083526608e-05	0.0021979299786789586	-0.004112182862338276	0.00027832826623042095	-0.0040164741934505255	-0.0001771473973117832	-0.00012280921864271654	0.0061450887245362296
0.001841373377929445	-4.880840539067677e-05	-0.004611458058798368	0.0003407376657880157	-0.0032051519992033484	0.0014454969911830151	-6.039981908467773e-05	0.005021719532501079
0.0014669169805845428	-0.0011097681978682328	-0.0054851896526026955	0.0007776034626909567	-0.0025186486040709166	0.001258268792510231	0.0003764659778173751	0.005146538331616268
0.000156319589877274	-0.0007353118005231085	-0.004611458058798368	0.00027832826623042095	-0.0027058768027432567	0.0005717653973782433	6.441898003006763e-05	0.00564581352807636
0.0019037827774870397	0.0005128761906270096	-0.004923505056585675	9.110006755852496e-05	-0.003080333200088603	-0.001050878991116111	-0.000434856216429802	0.0055209947289609484
-0.0010294590017150274	0.003134070972041325	-0.002489538473843922	0.0004031470653456104	-0.002893105001416041	-0.0022366575827086344	-6.039981908467773e-05	0.007455686115243498
0.0009676417841244511	0.0043198495636336265	-0.0008668940853491236	0.0006527846635753232	-0.0027682862023008514	-0.0032352079756281515	0.00018923777914503503	0.00820459890993308
-0.0005301838052551577	0.005318399956553366	-0.0011165316835790584	0.00021591886667282623	-0.0031427425996457536	-0.0036720737725308705	-0.0004972656159873967	0.008516645907720166
-0.00015572740791025552	0.005380809356110516	-0.0008668940853491236	2.869066800093023e-05	-0.0031427425996457536	-0.0019246105849213269	0.0005636941764897152	0.008891102305065957
0.00021872898943486874	0.004694305960978085	-0.0008044846857915289	0.00027832826623042095	-0.003954064793892931	-0.0014253353884614572	-0.00018521861820031127	0.006956410918783407
0.002028601576601785	0.002697205175138606	-0.004049773462780681	0.00021591886667282623	-0.0032051519992033484	1.008080136055689e-05	2.0095804720288157e-06	0.006519545121880688
0.0032143801681945305	-0.0004856742022931737	-0.005422780253045101	0.0007151940631329179	-0.0023938298049561713	0.0016951345894127279	0.00012682837958721827	0.005208947731173863
0.0013420981814693533	-0.0007977212000807032	-0.005797236650390669	0.00046555646490276104	-0.0012080512133636478	0.002132000386315891	0.00012682837958721827	0.004584853735599026
0.0022158297752745693	-0.000423264802735801	-0.00498591445614327	0.0004031470653456104	-0.0006463666173461835	0.0013206781920678257	2.0095804720288157e-06	0.004397625536926686
0.0012796887819122027	0.0007001043892989056	-0.004549048659240773	0.0004031470653456104	-8.46820213289412e-05	0.0008214029956081781	0.00012682837958721827	0.0055209947289609484
0.0014045075810273921	0.0025723863760236387	-0.0034256794672056223	0.00027832826623042095	-0.0005215478182312161	-0.0011756977902313004	0.0003140565782597804	0.007143639117455747
-0.0002805462070250009	0.004382258963190999	-0.0013037598822516205	0.0007151940631329179	-0.00139527941203621	-0.0030479797769562555	-0.00018521861820031127	0.006706773320553472
0.0015293263801421375	0.004694305960978085	-0.0019278538778264576	0.0003407376657880157	-0.002019373407610825	-0.0031103891765138503	-6.039981908467773e-05	0.00801737071126074
-0.0008422308030426873	0.005443218755668555	-0.0012413504826935817	0.0005903752640183946	-0.002643467403185662	-0.0026111139800537586	0.00018923777914503503	0.00801737071126074
0.0007180041858945163	0.002697205175138606	-0.003488088866763661	0.00021591886667282623	-0.0032051519992033484	-0.001050878991116111	-0.00012280921864271654	0.0072060485170131194
0.0019661921770446344	0.0015738359831036774	-0.004549048659240773	0.00027832826623042095	-0.003454789597432839	-0.000426784995541718	-0.00018521861820031127	0.006394726322766164
0.0010300511836818238	7.601039372451268e-05	-0.004861095657028303	0.0006527846635753232	-0.002643467403185662	0.0013830875916254204	0.0003140565782597804	0.0065819545214387265
0.0034016083668666486	-0.0009849493987530433	-0.006858196442868447	0.0004031470653456104	-0.002643467403185662	0.0015703157902982046	-0.00012280921864271654	0.005833041726748256
0.0005307759872221762	-0.00011121780494827149	-0.005984464849062787	0.0003407376657880157	-0.002019373407610825	0.0011334499933959297	2.0095804720288157e-06	0.006082679324978635
0.0022158297752745693	0.0004504667910689708	-0.005048323855700865	0.0005903752640183946	-0.0013328700124786153	-0.0006140131942145022	6.441898003006763e-05	0.006457135722323537
0.0005307759872221762	0.002073111179563769	-0.004736276857913113	0.0001535094671152315	-0.002269011005840982	-0.0027983421787260987	-0.00031003741731505663	0.007081229717898596
0.0002811383889922414	0.003383708570271038	-0.0025519478734010725	0.00027832826623042095	-0.002269011005840982	-0.0032352079756281515	-6.039981908467773e-05	0.008079780110818335
0.0009676417841244511	0.005068762358322987	-0.0027391760720736347	0.0005903752640183946	-0.0027682862023008514	-0.003172798576071445	0.00012682837958721827	0.008391827108605865
-0.0014663247986175243	0.004694305960978085	-0.0023647196747282884	9.110006755852496e-05	-0.0033923801978756885	-0.0030479797769562555	-0.00018521861820031127	0.008891102305065957
0.001217279382354608	0.00319648037159892	-0.003300860668091099	0.00046555646490276104	-0.0038292459947781854	-0.002111838783593667	2.0095804720288157e-06	0.00832941770904827
-3.090860879506607e-05	0.0024475675769084493	-0.004736276857913113	0.00046555646490276104	-0.003891655394335336	-0.0008636507924442149	0.00012682837958721827	0.007018820318340557
0.0012796887819122027	0.0010745607866438078	-0.0052979614539307995	0.0004031470653456104	-0.0040164741934505255	-0.0003643755959841233	-6.039981908467773e-05	0.006394726322766164
0.0009052323845673005	-4.880840539067677e-05	-0.006608558844638068	0.00021591886667282623	-0.00407888359300812	0.00013489960047574634	-0.00012280921864271654	0.006706773320553472
0.0019037827774870397	0.0003880573915113761	-0.006795787043309964	0.0005279658644607998	-0.0037668365952208127	-0.0001771473973117832	0.00018923777914503503	0.007830142512588179
-0.00021813680746785025	0.0010745607866438078	-0.006046874248620382	0.0001535094671152315	-0.004266111791680904	-0.001238107189788673	-0.0002476280177574619	0.007393276715685904
-0.0006550026043703472	0.003321299170713665	-0.004486639259683622	0.0003407376657880157	-0.0040164741934505255	-0.0017997917858065815	-0.00012280921864271654	0.0086414647068358
0.000780413585452111	0.0038205743671733128	-0.0027391760720736347	0.0006527846635753232	-0.0037668365952208127	-0.0024238857813814185	0.00025164717870262976	0.009203149302853042
-0.0005301838052551577	0.003570936768942934	-0.003550498266321256	-3.3718731556664494e-05	-0.004328521191237611	-0.002985570377398883	-0.00031003741731505663	0.008267008309490675
0.0007180041858945163	0.004694305960978085	-0.0023023102751711377	0.0007151940631329179	-0.0037668365952208127	-0.0024862951809390132	0.0003764659778173751	0.008079780110818335
-0.001091868401272178	0.00319648037159892	-0.0028015854716307853	0.0001535094671152315	-0.00439093059079565	-0.0024238857813814185	-6.039981908467773e-05	0.007580504914358688
0.00209101097615938	0.0023851581773508546	-0.004424229860125584	0.0004031470653456104	-0.0040164741934505255	-0.0008636507924442149	-6.039981908467773e-05	0.007767733113031028
-3.090860879506607e-05	0.0021979299786789586	-0.004861095657028303	0.0005279658644607998	-0.0036420177961056233	1.008080136055689e-05	6.441898003006763e-05	0.0072060485170131194
0.0023406485743888705	0.0010121513870864352	-0.006109283648177977	0.0007151940631329179	-0.002643467403185662	0.001071040593838335	0.0003140565782597804	0.006769182720111067
0.00209101097615938	0.0013866077844313374	-0.005360370853488394	0.0003407376657880157	-0.003080333200088603	0.00019730900003311902	-6.039981908467773e-05	0.006956410918783407
0.0004683665876650256	0.0013241983848741867	-0.004923505056585675	0.0004031470653456104	-0.003454789597432839	0.00013489960047574634	-0.00012280921864271654	0.007767733113031028
0.002465467373504504	0.002260339378236109	-0.0046738674583559625	0.0006527846635753232	-0.003267561398760943	-0.00030196619642697264	0.00025164717870262976	0.007892551912145773
-0.00046777440569734097	0.00319648037159892	-0.003488088866763661	0.00021591886667282623	-0.0029555144009734136	-0.0013005165893464898	-6.039981908467773e-05	0.007393276715685904
0.0016541451792568829	0.00319648037159892	-0.003300860668091099	0.0003407376657880157	-0.0027058768027432567	-0.001674972986691392	0.00012682837958721827	0.007518095514800649
-9.33180083526608e-05	0.003945393166288502	-0.0026143572729586673	0.00046555646490276104	-0.002456239204513766	-0.0021742481831514837	-0.0002476280177574619	0.006894001519225812
0.0006555947863369216	0.0038829837667309075	-0.002052672676941203	0.0003407376657880157	-0.002269011005840982	-0.001050878991116111	6.441898003006763e-05	0.006769182720111067
0.0005307759872221762	0.003321299170713665	-0.0034256794672056223	0.0006527846635753232	-0.0027058768027432567	-0.0003643755959841233	0.00012682837958721827	0.006769182720111067
0.00034354778854983614	0.002135520579121364	-0.003488088866763661	0.0005279658644607998	-0.002893105001416041	0.00013489960047574634	0.00025164717870262976	0.007081229717898596
0.0029647425699641516	0.000637694989741755	-0.0052979614539307995	0.0005279658644607998	-0.003704427195663218	0.0005093559978206486	6.441898003006763e-05	0.006457135722323537
0.0009052323845673005	0.0007001043892989056	-0.005859646049948264	0.0001535094671152315	-0.0038292459947781854	0.000634174796935838	-0.0002476280177574619	0.006519545121880688
0.00209101097615938	0.0008249231884140951	-0.004736276857913113	0.0006527846635753232	-0.003891655394335336	0.0005717653973782433	0.00025164717870262976	0.007705323713472989
0.0010924605832400847	0.0008249231884140951	-0.0052979614539307995	0.0004031470653456104	-0.0040164741934505255	0.00044694659826305383	-6.039981908467773e-05	0.007767733113031028
0.0017165545788144776	0.002260339378236109	-0.004486639259683622	0.0003407376657880157	-0.0035796083965484726	-0.001238107189788673	6.441898003006763e-05	0.00845423650816346
-0.0006550026043703472	0.003134070972041325	-0.0029264042707459748	0.0005903752640183946	-0.0033923801978756885	-0.0016125635871337973	6.441898003006763e-05	0.00801737071126074
0.0016541451792568829	0.003570936768942934	-0.0026143572729586673	0.0001535094671152315	-0.003517198996990878	-0.0024238857813814185	-0.00018521861820031127	0.008079780110818335
0.0007180041858945163	0.004132621364960842	-0.0021774914760563924	0.0003407376657880157	-0.0036420177961056233	-0.0024238857813814185	-0.00012280921864271654	0.00801737071126074
0.0004059571881076529	0.003383708570271038	-0.003737726464993152	0.0005903752640183946	-0.002893105001416041	-0.0011756977902313004	0.0003140565782597804	0.007330867316128309
0.0011548699827970133	0.002322748777794148	-0.00498591445614327	0.0001535094671152315	-0.0029555144009734136	-0.001050878991116111	-0.00031003741731505663	0.005770632327191549
0.0002811383889922414	0.0008249231884140951	-0.005734827250833074	9.110006755852496e-05	-0.0025810580036285113	1.008080136055689e-05	-0.00018521861820031127	0.005084128932059118
0.0028399237708494063	0.00013841979328166332	-0.006858196442868447	0.00046555646490276104	-0.002456239204513766	0.0009462217947229234	0.00025164717870262976	0.005708222927633511
0.0004059571881076529	0.0005128761906270096	-0.006046874248620382	0.0005903752640183946	-0.0021441922067257924	0.00025971839959071374	-0.00018521861820031127	0.0048969007333863335
0.0019661921770446344	-0.00017362720450586622	-0.006046874248620382	0.0005903752640183946	-0.0014576888115938047	0.00013489960047574634	0.00025164717870262976	0.005458585329403354
0.0005307759872221762	0.001449017183988932	-0.004112182862338276	0.0003407376657880157	-0.0017073264098237395	-0.0015501541875762026	-0.00018521861820031127	0.005396175929846203
-0.0009670496021574326	0.003134070972041325	-0.003300860668091099	0.00021591886667282623	-0.002206601606283609	-0.002111838783593667	-6.039981908467773e-05	0.00602026992542104
0.0005307759872221762	0.004195030764518437	-0.0028015854716307853	0.00046555646490276104	-0.0027682862023008514	-0.0026735233796113533	6.441898003006763e-05	0.006644363920996321
-0.0016535529972898644	0.004694305960978085	-0.0023023102751711377	0.0003407376657880157	-0.003517198996990878	-0.0028607515782836934	-0.00012280921864271654	0.007330867316128309
0.0014045075810273921	0.003633346168501417	-0.00323845126853306	0.0005903752640183946	-0.00420370239212331	-0.0017373823862489868	0.00018923777914503503	0.007518095514800649
3.150079076252865e-05	0.0025723863760236387	-0.004861095657028303	0.00021591886667282623	-0.004765386988140552	-0.001050878991116111	-0.0002476280177574619	0.007081229717898596
0.0015293263801421375	0.0011993795857589973	-0.005360370853488394	0.0004031470653456104	-0.0037668365952208127	0.0014454969911830151	0.0003140565782597804	0.006519545121880688
0.0015293263801421375	-0.0003608554031777622	-0.006608558844638068	0.00021591886667282623	-0.0038292459947781854	0.0008214029956081781	-0.0002476280177574619	0.005271357130731458
0.002465467373504504	-0.0006729024009659579	-0.005859646049948264	0.00027832826623042095	-0.003517198996990878	0.0006965841964925445	-0.00018521861820031127	0.006332316923208348
0.00209101097615938	0.0007001043892989056	-0.005734827250833074	0.00046555646490276104	-0.003704427195663218	1.008080136055689e-05	-0.00012280921864271654	0.006706773320553472
-0.00015572740791025552	0.00319648037159892	-0.004174592261895871	0.0005903752640183946	-0.0029555144009734136	-0.0007388319933290255	0.0003140565782597804	0.007830142512588179
0.000593185386780215	0.004195030764518437	-0.0027391760720736347	0.0004031470653456104	-0.0033923801978756885	-0.0024238857813814185	2.0095804720288157e-06	0.00801737071126074
-0.00021813680746785025	0.005006352958766058	-0.0027391760720736347	0.0004031470653456104	-0.003267561398760943	-0.002299066982266673	-6.039981908467773e-05	0.00870387410639295
0.0007180041858945163	0.005692856353898046	-0.002239900875613543	0.00046555646490276104	-0.003517198996990878	-0.0024238857813814185	0.00012682837958721827	0.009265558702410637
-0.00046777440569734097	0.005006352958766058	-0.002239900875613543	0.0003407376657880157	-0.004765386988140552	-0.0006140131942145022	6.441898003006763e-05	0.00845423650816346
0.002465467373504504	0.0034461179698286326	-0.004112182862338276	0.0006527846635753232	-0.003891655394335336	0.0006965841964925445	0.0003140565782597804	0.00832941770904827
0.0008428229850097058	0.0025723863760236387	-0.006920605842425154	0.0001535094671152315	-0.00407888359300812	0.0008838123951653287	-0.00037244681687265135	0.006519545121880688
0.002028601576601785	-0.00023603660406346094	-0.007731928036672775	0.00027832826623042095	-0.0025186486040709166	0.0020071815872002574	-6.039981908467773e-05	0.006082679324978635
0.002652695572176844	0.0003880573915113761	-0.007045424641540343	0.0005279658644607998	-0.0018945546084960796	0.0015079063907406098	-0.00012280921864271654	0.005895451126305851
0.0014669169805845428	0.001261788985316592	-0.006046874248620382	0.0007151940631329179	-0.0007711854164609289	0.0016327251898557993	0.0003764659778173751	0.0065819545214387265
0.002465467373504504	0.0023851581773508546	-0.005734827250833074	0.00027832826623042095	-0.0013328700124786153	1.008080136055689e-05	-0.00018521861820031127	0.007580504914358688
-0.0002805462070250009	0.004382258963190999	-0.003924954663665492	0.0005279658644607998	-0.0013328700124786153	-0.0008636507924442149	2.0095804720288157e-06	0.007705323713472989
0.0017165545788144776	0.004444668362748594	-0.0038625452641083413	0.0005279658644607998	-0.0030179238005310083	-0.0016125635871337973	-6.039981908467773e-05	0.008079780110818335
-0.0002805462070250009	0.00463189656142049	-0.0038625452641083413	0.0003407376657880157	-0.0037668365952208127	-0.0015501541875762026	-0.00012280921864271654	0.007705323713472989
0.0010300511836818238	0.004132621364960842	-0.0042370016614532435	0.00027832826623042095	-0.00407888359300812	-0.00011473799775418847	-0.00012280921864271654	0.0072060485170131194
0.002465467373504504	0.0015738359831036774	-0.004923505056585675	0.0005279658644607998	-0.003704427195663218	0.0007589935960510275	0.00018923777914503503	0.006644363920996321
0.0004059571881076529	0.0007001043892989056	-0.004798686257470708	0.00046555646490276104	-0.0036420177961056233	0.0011334499933959297	6.441898003006763e-05	0.0065819545214387265
0.002715104971734661	-0.00029844600362105567	-0.006421330645965062	0.00027832826623042095	-0.00439093059079565	0.0013206781920678257	-0.0002476280177574619	0.006394726322766164
0.0008428229850097058	0.001449017183988932	-0.006109283648177977	0.0005903752640183946	-0.0040164741934505255	0.0011958593929530803	0.00018923777914503503	0.00820459890993308
0.0011548699827970133	0.002073111179563769	-0.00498591445614327	0.0001535094671152315	-0.005451890383272984	-0.0004891943950993127	-0.00012280921864271654	0.009140739903295447
-3.090860879506607e-05	0.003321299170713665	-0.004549048659240773	0.00021591886667282623	-0.006013574979290226	-0.0017997917858065815	0.0003140565782597804	0.010076880896657814
0.000593185386780215	0.0051311717578805816	-0.00323845126853306	0.0001535094671152315	-0.006450440776192945	-0.002548704580496164	-0.00018521861820031127	0.010264109095330154
-0.0015911435977318256	0.00519358115743862	-0.003550498266321256	0.0001535094671152315	-0.006824897173537625	-0.0024238857813814185	-0.00031003741731505663	0.009390377501525826
-0.0007798214034850925	0.004881534159650425	-0.00323845126853306	0.0005903752640183946	-0.005763937381060513	-0.0013005165893464898	0.00025164717870262976	0.009452786901082977
0.0010300511836818238	0.002759614574696201	-0.003987364063223531	0.0003407376657880157	-0.005888756180175259	-0.0009884695915594044	-0.00012280921864271654	0.00801737071126074
0.0005307759872221762	0.0013866077844313374	-0.005610008451717885	0.00021591886667282623	-0.005451890383272984	0.00019730900003311902	-6.039981908467773e-05	0.0072060485170131194
0.0017165545788144776	0.0011993795857589973	-0.005734827250833074	0.0006527846635753232	-0.005202252785042827	0.0003845371987054591	0.00012682837958721827	0.007081229717898596
0.0007180041858945163	0.00032564799195422545	-0.005859646049948264	0.0005279658644607998	-0.005202252785042827	0.0008838123951653287	-0.00031003741731505663	0.006644363920996321
0.002278239174832164	0.0002632385923966307	-0.006795787043309964	0.0001535094671152315	-0.00620080317796301	1.008080136055689e-05	6.441898003006763e-05	0.008391827108605865
-0.00046777440569734097	0.0020107017800061744	-0.004861095657028303	0.0005903752640183946	-0.006824897173537625	-0.000426784995541718	0.00025164717870262976	0.008953511704623551
0.0017165545788144776	0.0021979299786789586	-0.004798686257470708	0.0001535094671152315	-0.006824897173537625	-0.001050878991116111	-0.00012280921864271654	0.009015921104180258
0.0006555947863369216	0.003945393166288502	-0.0038001358645507466	0.0003407376657880157	-0.007012125372209743	-0.0017997917858065815	-0.00018521861820031127	0.009203149302853042
-0.00015572740791025552	0.003321299170713665	-0.0038625452641083413	0.0004031470653456104	-0.007074534771767338	-0.001238107189788673	-6.039981908467773e-05	0.009265558702410637
0.001217279382354608	0.0030092521729261357	-0.003924954663665492	0.00046555646490276104	-0.007074534771767338	-0.0011132883906741498	2.0095804720288157e-06	0.00870387410639295
-0.0009046402025998379	0.0028844333738109462	-0.00286399487118838	0.0003407376657880157	-0.00688730657309522	-0.0008012413928866202	0.00012682837958721827	0.008391827108605865
0.0019037827774870397	0.001698654782218867	-0.003987364063223531	0.00046555646490276104	-0.007324172369997717	-0.00030196619642697264	0.00012682837958721827	0.0086414647068358
0.00034354778854983614	0.0019482923804490238	-0.004549048659240773	0.00046555646490276104	-0.007448991169112462	-0.00023955679686893383	-0.00037244681687265135	0.007892551912145773
0.001217279382354608	0.001449017183988932	-0.004361820460568433	0.0005279658644607998	-0.006575259575307246	0.0008838123951653287	0.00018923777914503503	0.008766283505950545
0.0009052323845673005	0.0017610641817762396	-0.0038001358645507466	0.0003407376657880157	-0.007948266365572998	-0.0001771473973117832	-0.00018521861820031127	0.009265558702410637
-0.00021813680746785025	0.004070211965403248	-0.0019902632773840523	0.0007776034626909567	-0.008260313363360083	-5.2328598196593745e-05	0.00043887537737452575	0.011512297086480272
0.0014045075810273921	0.0035085273693862273	-0.00286399487118838	0.00021591886667282623	-0.009758138952739692	-0.0011756977902313004	-0.0002476280177574619	0.011075431289577775
-0.0009046402025998379	0.004881534159650425	-0.0019902632773840523	0.0004031470653456104	-0.008946816758492515	-0.0011132883906741498	2.0095804720288157e-06	0.011574706486037867
0.0009052323845673005	0.004507077762306189	-0.001428578681366366	0.0005903752640183946	-0.008447541562032423	-0.0013005165893464898	0.00018923777914503503	0.009952062097543513
-0.0003429556065825956	0.003633346168501417	-0.002239900875613543	-9.612813111403717e-05	-0.008385132162474829	-0.001238107189788673	0.00012682837958721827	0.009827243298427879
0.0011548699827970133	0.004382258963190999	-0.0016782162795963007	0.0006527846635753232	-0.007199353570882527	-5.2328598196593745e-05	0.0005012847769321205	0.010264109095330154
0.00021872898943486874	0.0038205743671733128	-0.0013661692818092153	0.0001535094671152315	-0.008509950961589796	-0.0005516037946562413	-0.00031003741731505663	0.009265558702410637
0.0021534203757169745	0.0024475675769084493	-0.0029264042707459748	0.0003407376657880157	-0.008322722762917234	-0.00011473799775418847	-6.039981908467773e-05	0.009640015099755539
0.0023406485743888705	0.002073111179563769	-0.0029888136703035695	0.0007151940631329179	-0.008260313363360083	0.0005093559978206486	0.0003140565782597804	0.009640015099755539
0.0009676417841244511	0.0018234735813340563	-0.003924954663665492	0.0003407376657880157	-0.008946816758492515	0.00032212779914830847	2.0095804720288157e-06	0.009640015099755539
0.0013420981814693533	0.002073111179563769	-0.0036753170654360012	0.00027832826623042095	-0.010132595350084594	-0.0005516037946562413	-0.0002476280177574619	0.009827243298427879
0.0005307759872221762	0.002322748777794148	-0.0028015854716307853	0.0005903752640183946	-0.009882957751854216	0.00013489960047574634	0.0003764659778173751	0.01070097489223265
0.00209101097615938	0.002759614574696201	-0.0031760418689763537	0.00046555646490276104	-0.010070185950527	-0.0004891943950993127	-0.00031003741731505663	0.010264109095330154
-0.0009670496021574326	0.0030716615724832863	-0.0019278538778264576	9.110006755852496e-05	-0.00907163555760726	-0.0008012413928866202	0.00043887537737452575	0.010326518494887749
0.0014045075810273921	0.0035085273693862273	-0.0008044846857915289	-9.612813111403717e-05	-0.009633320153624947	-0.0017373823862489868	-0.00037244681687265135	0.009452786901082977
-0.0008422308030426873	0.003758164967615718	-0.0004924376880044434	0.0007151940631329179	-0.009570910754067352	-0.0013629259889040846	0.00018923777914503503	0.010264109095330154
-0.00046777440569734097	0.0034461179698286326	-0.001615806880038706	0.0003407376657880157	-0.010132595350084594	-0.0011132883906741498	2.0095804720288157e-06	0.010139290296215409
0.0012796887819122027	0.003383708570271038	-0.0027391760720736347	0.0003407376657880157	-0.010943917544332216	-0.0009884695915594044	-6.039981908467773e-05	0.010014471497100219
-0.0007798214034850925	0.0026347957755812335	-0.0026143572729586673	0.00021591886667282623	-0.011193555142561706	-0.0004891943950993127	-6.039981908467773e-05	0.01070097489223265
0.0017789639783720723	0.001698654782218867	-0.0036753170654360012	0.0003407376657880157	-0.012067286736366478	1.008080136055689e-05	-0.0002476280177574619	0.011637115885595462
-3.090860879506607e-05	0.002260339378236109	-0.0033632700676484717	0.0005903752640183946	-0.011630420939464425	0.0005717653973782433	-0.00037244681687265135	0.01113784068913537
0.000780413585452111	0.0019482923804490238	-0.0033632700676484717	0.0001535094671152315	-0.012067286736366478	-0.00030196619642697264	2.0095804720288157e-06	0.011637115885595462
-0.00046777440569734097	0.0024475675769084493	-0.003051223069861164	0.0005903752640183946	-0.011318373941676896	-0.0011756977902313004	0.00012682837958721827	0.011262659488250337
0.00021872898943486874	0.003758164967615718	-0.0008668940853491236	0.0003407376657880157	-0.011318373941676896	-0.0020494293840360722	6.441898003006763e-05	0.01095061249046303
0.000156319589877274	0.004195030764518437	-0.0012413504826935817	0.0003407376657880157	-0.011255964542119301	-0.0023614763818233797	-0.00018521861820031127	0.010326518494887749
-0.001528734198175119	0.0049439435592084635	-0.000367618888889254	0.0005279658644607998	-0.010132595350084594	-0.0019870199844789216	0.00025164717870262976	0.010201699695773003
0.0004059571881076529	0.003570936768942934	-0.0013037598822516205	9.110006755852496e-05	-0.01025741414919934	-0.0024238857813814185	-0.00037244681687265135	0.008579055307277761
0.00034354778854983614	0.0028220239742537956	-0.0025519478734010725	0.0005903752640183946	-0.009258863756280045	-0.0006140131942145022	0.00025164717870262976	0.008766283505950545
0.0019661921770446344	0.0023851581773508546	-0.0029888136703035695	0.0007776034626909567	-0.009446091954952163	-0.00023955679686893383	-0.000434856216429802	0.00870387410639295
0.00021872898943486874	0.00013841979328166332	-0.004174592261895871	2.869066800093023e-05	-0.011318373941676896	0.0003845371987054591	-0.00012280921864271654	0.009140739903295447
0.002652695572176844	-0.00017362720450586622	-0.004861095657028303	0.0006527846635753232	-0.010881508144774177	0.0007589935960510275	0.00018923777914503503	0.010201699695773003
-0.0002805462070250009	0.0009497419875288404	-0.0018030350787114902	0.0006527846635753232	-0.010943917544332216	7.249020091815161e-05	0.00012682837958721827	0.010139290296215409
-0.0005301838052551577	0.002946842773368541	-0.0015533974804811113	0.00021591886667282623	-0.010631870546544464	-0.0008636507924442149	-0.00012280921864271654	0.00988965269798503
-0.00040536500613974624	0.004569487161862895	-0.00018039069021669185	0.0001535094671152315	-0.010819098745217026	-0.0021742481831514837	-0.00037244681687265135	0.009640015099755539
-0.001091868401272178	0.005755265753455419	0.0012550254996055443	0.0007151940631329179	-0.010007776550969627	-0.0014253353884614572	0.0003764659778173751	0.01095061249046303
0.0004059571881076529	0.005380809356110516	-0.00011798129065909713	2.869066800093023e-05	-0.010819098745217026	-0.002299066982266673	-0.000434856216429802	0.01045133729400316
-0.0006550026043703472	0.0061921315503581376	0.0008805691022604201	0.0005903752640183946	-0.009258863756280045	-0.0008636507924442149	0.0013750163707368923	0.03241944593823898
0.02430875721862491	0.027036871002559026	0.023347952942956107	0.0018385632551676245	-0.009196454356721784	-0.00011473799775418847	-6.039981908467773e-05	0.007954961311703368
0.00034354778854983614	0.001885882980891429	-0.0029264042707459748	0.00027832826623042095	-0.008884407358934476	0.00032212779914830847	-0.00018521861820031127	0.007330867316128309
0.0019661921770446344	0.0005752855901841603	-0.0036753170654360012	0.0004031470653456104	-0.008322722762917234	0.0013830875916254204	-6.039981908467773e-05	0.007642914313915838
0.002028601576601785	0.0008249231884140951	-0.0023023102751711377	0.0008400128622481073	-0.008010675765129704	0.0014454969911830151	0.0003764659778173751	0.008079780110818335
0.000156319589877274	0.0028220239742537956	6.8375084556482335e-06	0.00027832826623042095	-0.0080730851646873	0.0010086311942805182	2.0095804720288157e-06	0.00951519630064035
0.003151970768636936	0.005630446954340451	0.0022535758925252836	0.0004031470653456104	-0.007511400568669613	0.0015079063907406098	6.441898003006763e-05	0.011449887686922677
-0.0015911435977318256	0.005692856353898046	0.0013798442987205117	0.0005903752640183946	-0.010070185950527	-0.0011132883906741498	0.00012682837958721827	0.010388927894445121
0.0004059571881076529	0.006254540949915288	0.0018791194951803813	0.0005279658644607998	-0.01038223294831453	-0.0017373823862489868	-0.00012280921864271654	0.009952062097543513
-0.00046777440569734097	0.00550562815522615	6.924690801324296e-05	9.110006755852496e-05	-0.010007776550969627	-0.0006140131942145022	2.0095804720288157e-06	0.009764833898870728
0.0015293263801421375	0.005318399956553366	-0.00024280008977406453	0.0008400128622481073	-0.007511400568669613	0.001882362788085512	0.0005636941764897152	0.010825793691347396
0.0025278767730616547	0.004819124760093274	0.003439354484118029	0.0005903752640183946	-0.0015200982111513994	0.007062342951356548	0.00012682837958721827	0.01450794826523949
0.008144722733236076	0.008002004137524832	0.0048123612743828925	0.0005279658644607998	0.00022736497645858833	0.00793607454516132	0.00025164717870262976	0.014757585863469425
0.005336299753148976	0.0024475675769084493	0.0007557503031461188	0.0007151940631329179	-0.005264662184600422	0.0038794635739249905	0.0003140565782597804	0.010201699695773003
0.0023406485743888705	0.002509976976466044	-0.00024280008977406453	0.00046555646490276104	-0.006949715972652815	0.0023816379845453817	6.441898003006763e-05	0.009577605700197944
0.001217279382354608	0.0032588897711556264	0.0008181597027032694	0.00046555646490276104	-0.008946816758492515	0.00025971839959071374	2.0095804720288157e-06	0.009764833898870728
-0.0008422308030426873	0.004132621364960842	0.0016294818969508906	0.0001535094671152315	-0.01025741414919934	-0.000426784995541718	0.0005012847769321205	0.01070097489223265
0.0012796887819122027	0.006067312751242948	0.0024408040911980677	0.0009024222618057021	-0.009758138952739692	-0.001238107189788673	-6.039981908467773e-05	0.010076880896657814
-0.0015911435977318256	0.006316950349473327	0.0024408040911980677	0.0004031470653456104	-0.010007776550969627	-0.0013005165893464898	-0.00012280921864271654	0.009327968101968231
0.0010300511836818238	0.00519358115743862	-0.000367618888889254	0.0006527846635753232	-0.008759588559819731	-0.00023955679686893383	0.0003140565782597804	0.008891102305065957
0.0010924605832400847	0.002759614574696201	-0.0017406256791536734	0.00027832826623042095	-0.008884407358934476	-0.0008012413928866202	-0.0002476280177574619	0.006831592119668217
0.0006555947863369216	0.0008873325879712457	-0.0029888136703035695	0.00027832826623042095	-0.008385132162474829	-0.00011473799775418847	2.0095804720288157e-06	0.006082679324978635
0.0021534203757169745	0.0009497419875288404	-0.003113632469418759	0.0005903752640183946	-0.007636219367785024	0.00044694659826305383	0.00012682837958721827	0.005583404128518987
0.00021872898943486874	0.0007625137888565003	-0.0018654444782688628	0.0007151940631329179	-0.00688730657309522	0.0005717653973782433	0.00025164717870262976	0.005271357130731458
0.0019037827774870397	7.601039372451268e-05	-0.002489538473843922	0.00021591886667282623	-0.008010675765129704	-0.00011473799775418847	-6.039981908467773e-05	0.006644363920996321
-0.0005925932048123084	0.0017610641817762396	-0.0008044846857915289	0.0003407376657880157	-0.008697179160262136	-0.0003643755959841233	0.00012682837958721827	0.007580504914358688
0.0007180041858945163	0.0026347957755812335	0.0005061127049157399	2.869066800093023e-05	-0.009945367151412032	-0.0009260601920018097	-0.00037244681687265135	0.007830142512588179
-0.0007798214034850925	0.0025723863760236387	0.0006309315040309293	0.0005903752640183946	-0.009446091954952163	-0.0008012413928866202	6.441898003006763e-05	0.0086414647068358
-0.0007174120039270537	0.004007802565846097	0.0008181597027032694	0.0005903752640183946	-0.009258863756280045	-0.0004891943950993127	0.00043887537737452575	0.008891102305065957
0.001217279382354608	0.0028220239742537956	-0.0016782162795963007	0.00021591886667282623	-0.010195004749641745	-0.001238107189788673	-0.00018521861820031127	0.007393276715685904
-0.00046777440569734097	0.003383708570271038	-0.0012413504826935817	0.0003407376657880157	-0.00907163555760726	-0.0007388319933290255	6.441898003006763e-05	0.0072060485170131194
0.0016541451792568829	0.0021979299786789586	-0.0018654444782688628	0.0005279658644607998	-0.009570910754067352	-0.0007388319933290255	-6.039981908467773e-05	0.006644363920996321
0.0008428229850097058	0.0017610641817762396	-0.002489538473843922	0.0006527846635753232	-0.009009226158049666	0.00025971839959071374	-0.0002476280177574619	0.005770632327191549
0.0010924605832400847	0.0013241983848741867	-0.002052672676941203	0.00021591886667282623	-0.009321273155837417	0.00013489960047574634	-0.00018521861820031127	0.0061450887245362296
-0.00021813680746785025	0.0007625137888565003	-0.0017406256791536734	0.0007151940631329179	-0.008946816758492515	0.0005717653973782433	0.00025164717870262976	0.006769182720111067
0.0019037827774870397	0.0015738359831036774	-0.000367618888889254	2.869066800093023e-05	-0.009633320153624947	-0.00023955679686893383	-0.00031003741731505663	0.007018820318340557
0.0008428229850097058	0.0023851581773508546	0.00025647510668602713	0.0005903752640183946	-0.009945367151412032	-5.2328598196593745e-05	6.441898003006763e-05	0.007705323713472989
-0.0008422308030426873	0.0032588897711556264	0.00025647510668602713	0.00046555646490276104	-0.009570910754067352	0.00025971839959071374	0.00012682837958721827	0.008391827108605865
9.391019032012338e-05	0.003570936768942934	6.924690801324296e-05	0.0001535094671152315	-0.010195004749641745	-0.0007388319933290255	-0.00018521861820031127	0.007892551912145773
-0.0007174120039270537	0.0032588897711556264	-0.0006172564871191888	0.0001535094671152315	-0.010507051747429719	-0.0003643755959841233	-0.00012280921864271654	0.007767733113031028
0.001217279382354608	0.003758164967615718	-0.001178941083136431	0.0006527846635753232	-0.010007776550969627	-0.00011473799775418847	0.0003764659778173751	0.007580504914358688
-0.0003429556065825956	0.003945393166288502	-0.0006172564871191888	0.0006527846635753232	-0.01056946114698687	-0.0003643755959841233	-0.00012280921864271654	0.006519545121880688
0.0016541451792568829	0.002135520579121364	-0.0021774914760563924	0.0004031470653456104	-0.010070185950527	-5.2328598196593745e-05	-6.039981908467773e-05	0.006332316923208348
0.00021872898943486874	0.002260339378236109	-0.0019902632773840523	0.00046555646490276104	-0.009945367151412032	0.00019730900003311902	2.0095804720288157e-06	0.0061450887245362296
0.0005307759872221762	7.601039372451268e-05	-0.003051223069861164	0.0004031470653456104	-0.010319823548756935	0.0003845371987054591	0.00018923777914503503	0.006269907523651419
0.0012796887819122027	0.00032564799195422545	-0.0029264042707459748	0.00027832826623042095	-0.010631870546544464	-0.0001771473973117832	-0.0002476280177574619	0.005895451126305851
-0.0007798214034850925	0.0008873325879712457	-0.000991712884463869	0.0005279658644607998	-0.010881508144774177	0.0006965841964925445	0.00018923777914503503	0.007393276715685904
0.0010924605832400847	0.0008873325879712457	-0.0017406256791536734	0.00021591886667282623	-0.011942467937251733	-0.0001771473973117832	-0.00018521861820031127	0.00832941770904827
-0.0010294590017150274	0.0030092521729261357	-0.000367618888889254	0.0004031470653456104	-0.011318373941676896	1.008080136055689e-05	-0.00037244681687265135	0.007830142512588179
0.000156319589877274	0.003321299170713665	0.0004437033053583672	0.00027832826623042095	-0.01056946114698687	-5.2328598196593745e-05	0.0003764659778173751	0.008079780110818335
-0.0003429556065825956	0.00425744016407581	0.0004437033053583672	0.00027832826623042095	-0.01025741414919934	-0.0008636507924442149	-0.00018521861820031127	0.006831592119668217
0.00034354778854983614	0.004444668362748594	0.0003812939058003284	0.0005903752640183946	-0.009945367151412032	-0.0001771473973117832	0.00025164717870262976	0.006956410918783407
0.001841373377929445	0.0025723863760236387	-0.0018654444782688628	0.00046555646490276104	-0.01025741414919934	-0.0001771473973117832	2.0095804720288157e-06	0.00602026992542104
-0.0005925932048123084	0.0017610641817762396	-0.0026143572729586673	2.869066800093023e-05	-0.01025741414919934	-0.00023955679686893383	-0.0004972656159873967	0.005271357130731458
0.0019661921770446344	0.000200829192839036	-0.0023647196747282884	0.0006527846635753232	-0.009446091954952163	0.000634174796935838	0.00018923777914503503	0.005458585329403354
0.00034354778854983614	-0.00017362720450586622	-0.0029264042707459748	0.0004031470653456104	-0.009196454356721784	0.0010086311942805182	0.00012682837958721827	0.005021719532501079
0.0006555947863369216	0.0005128761906270096	-0.001615806880038706	0.00021591886667282623	-0.009321273155837417	0.00032212779914830847	0.00018923777914503503	0.006269907523651419
-0.00046777440569734097	0.0013241983848741867	-0.00030520948933165926	0.0005279658644607998	-0.009321273155837417	0.0003845371987054591	0.00025164717870262976	0.006894001519225812
0.0006555947863369216	0.0030092521729261357	0.0005685221044733346	9.110006755852496e-05	-0.009633320153624947	-0.0006764225937718749	-6.039981908467773e-05	0.007081229717898596
-0.001715962396847015	0.004382258963190999	0.0010053879013756095	0.0004031470653456104	-0.010319823548756935	-0.0006764225937718749	-0.00018521861820031127	0.007018820318340557
-0.0006550026043703472	0.004507077762306189	0.00031888450624362186	0.0005903752640183946	-0.009134044957164855	-0.00011473799775418847	0.0003140565782597804	0.007081229717898596
0.0007180041858945163	0.0032588897711556264	-0.0008044846857915289	0.00027832826623042095	-0.009446091954952163	-0.0008012413928866202	-0.00018521861820031127	0.005583404128518987
0.00034354778854983614	0.0009497419875288404	-0.0029888136703035695	0.0003407376657880157	-0.009820548352296843	1.008080136055689e-05	6.441898003006763e-05	0.005333766530288608
0.00209101097615938	7.601039372451268e-05	-0.004736276857913113	0.00027832826623042095	-0.009695729553181653	-0.00030196619642697264	-0.0002476280177574619	0.004460034936484281
0.00021872898943486874	-0.0009225399991954486	-0.0034256794672056223	0.0005903752640183946	-0.008946816758492515	0.0009462217947229234	-0.00012280921864271654	0.0038359409409085554
0.002278239174832164	-0.0019834997916730046	-0.004361820460568433	0.0003407376657880157	-0.008260313363360083	0.0007589935960510275	0.00018923777914503503	0.004460034936484281
-9.33180083526608e-05	1.3600994166917957e-05	-0.0023647196747282884	0.0007151940631329179	-0.007948266365572998	0.00044694659826305383	0.0003140565782597804	0.005208947731173863
0.0009052323845673005	0.0011369701862016246	0.00031888450624362186	-9.612813111403717e-05	-0.009321273155837417	-0.0006764225937718749	-0.0004972656159873967	0.005084128932059118
-3.090860879506607e-05	0.004195030764518437	0.0021287570934107602	0.0004031470653456104	-0.008821997959377326	-0.0003643755959841233	-6.039981908467773e-05	0.006332316923208348
-0.0012790965999449622	0.0049439435592084635	0.002628032289870852	0.0005903752640183946	-0.009383682555394568	-0.0001771473973117832	0.00025164717870262976	0.007268457916571158
0.0009052323845673005	0.0038205743671733128	0.00031888450624362186	0.0004031470653456104	-0.010507051747429719	-0.0003643755959841233	-6.039981908467773e-05	0.006831592119668217
-0.0007174120039270537	0.003758164967615718	-0.00055484708756115	0.00046555646490276104	-0.01025741414919934	0.00032212779914830847	0.00018923777914503503	0.006207498124093824
0.0013420981814693533	0.001698654782218867	-0.0023023102751711377	0.0003407376657880157	-0.011193555142561706	0.00044694659826305383	0.0003764659778173751	0.006269907523651419
0.0009676417841244511	0.0008873325879712457	-0.0036753170654360012	0.0007151940631329179	-0.01056946114698687	0.00032212779914830847	-0.000434856216429802	0.004709672534713771
0.0013420981814693533	7.601039372451268e-05	-0.004174592261895871	0.0004031470653456104	-0.009945367151412032	0.0010086311942805182	2.0095804720288157e-06	0.005333766530288608
0.00021872898943486874	-0.00023603660406346094	-0.0018030350787114902	0.0007776034626909567	-0.00907163555760726	0.0011334499933959297	0.0003140565782597804	0.005458585329403354
-0.0014663247986175243	0.0018234735813340563	-0.00018039069021669185	-9.612813111403717e-05	-0.009258863756280045	-0.0001771473973117832	-0.0004972656159873967	0.005146538331616268
0.0006555947863369216	0.002509976976466044	0.0005685221044733346	0.00027832826623042095	-0.009633320153624947	-0.0006140131942145022	-0.00018521861820031127	0.0055209947289609484
-0.0006550026043703472	0.0043198495636336265	0.0018167100956227866	0.0009024222618057021	-0.008260313363360083	0.00032212779914830847	0.0005636941764897152	0.006769182720111067
-9.33180083526608e-05	0.003758164967615718	0.0011926161000479496	0.0001535094671152315	-0.009321273155837417	-0.0011132883906741498	-0.0002476280177574619	0.005833041726748256
-0.00046777440569734097	0.0026347957755812335	-0.0004300282884468487	0.00027832826623042095	-0.009820548352296843	-0.0004891943950993127	2.0095804720288157e-06	0.005333766530288608
0.0012796887819122027	0.002135520579121364	-0.0019902632773840523	0.0005279658644607998	-0.009570910754067352	0.00044694659826305383	0.00025164717870262976	0.005333766530288608
-3.090860879506607e-05	0.0011993795857589973	-0.0023023102751711377	0.0001535094671152315	-0.01075668934565921	-5.2328598196593745e-05	-0.00037244681687265135	0.00402316913958134
0.0019661921770446344	-0.0009225399991954486	-0.004049773462780681	0.0004031470653456104	-0.009446091954952163	0.0005717653973782433	6.441898003006763e-05	0.004460034936484281
0.0016541451792568829	0.00032564799195422545	-0.0021150820764987976	0.0007151940631329179	-0.008821997959377326	0.0009462217947229234	0.00025164717870262976	0.004647263135156177
-0.0002805462070250009	0.00013841979328166332	-0.0023023102751711377	-0.00015853753067185394	-0.009321273155837417	7.249020091815161e-05	-0.0004972656159873967	0.0038359409409085554
0.0009052323845673005	0.0024475675769084493	-5.55718911015024e-05	0.0005903752640183946	-0.007948266365572998	0.00032212779914830847	6.441898003006763e-05	0.004647263135156177
-0.0009046402025998379	0.003134070972041325	0.001567072497393296	0.0006527846635753232	-0.007448991169112462	0.00044694659826305383	0.00018923777914503503	0.004397625536926686
0.000780413585452111	0.0028844333738109462	0.0005685221044733346	0.0001535094671152315	-0.008260313363360083	-0.0003643755959841233	2.0095804720288157e-06	0.004647263135156177
-0.0012166872003873674	0.003633346168501417	0.0008805691022604201	0.0004031470653456104	-0.007324172369997717	0.00019730900003311902	6.441898003006763e-05	0.004397625536926686
0.0009052323845673005	0.0024475675769084493	0.00019406570712798832	0.0001535094671152315	-0.007261762970440122	0.00044694659826305383	-0.00012280921864271654	0.0036487127422362153
-0.00015572740791025552	0.001261788985316592	-0.0018654444782688628	0.00046555646490276104	-0.006263212577520161	0.00044694659826305383	6.441898003006763e-05	0.002899799947547077
9.391019032012338e-05	0.00032564799195422545	-0.002239900875613543	0.0003407376657880157	-0.005826346780617664	0.0009462217947229234	2.0095804720288157e-06	0.002899799947547077
0.0019661921770446344	7.601039372451268e-05	-0.0029888136703035695	0.0004031470653456104	-0.0057015279815029185	0.0003845371987054591	-0.00012280921864271654	0.0019636589541842664
-0.0003429556065825956	0.0009497419875288404	-0.0015533974804811113	0.00021591886667282623	-0.004640568189025807	0.00044694659826305383	-0.00012280921864271654	0.002088477753299456
0.0014669169805845428	0.0004504667910689708	-0.001428578681366366	0.00027832826623042095	-0.004952615186812892	-5.2328598196593745e-05	-0.0002476280177574619	0.0021508871528566065
-0.00015572740791025552	0.0013241983848741867	-0.0007420752862339342	0.00046555646490276104	-0.0038292459947781854	0.00019730900003311902	2.0095804720288157e-06	0.0017764307555119263
0.0006555947863369216	0.0015738359831036774	0.00013165630757083768	0.0004031470653456104	-0.003704427195663218	-0.00023955679686893383	0.00018923777914503503	0.002026068353741861
-9.33180083526608e-05	0.0013241983848741867	-0.000367618888889254	0.0005903752640183946	-0.0032051519992033484	-0.0001771473973117832	0.00012682837958721827	0.0015267931572817695
0.0012796887819122027	0.0010745607866438078	-0.0006172564871191888	0.0001535094671152315	-0.003080333200088603	-0.0004891943950993127	-0.00018521861820031127	0.0010899273603799386
0.0015917357796997322	-0.00023603660406346094	-0.001615806880038706	0.00027832826623042095	-0.0033299707983180937	-0.0006140131942145022	-0.00018521861820031127	0.0004034239652475069
3.150079076252865e-05	0.000637694989741755	-0.0012413504826935817	0.00046555646490276104	-0.0020817828071684197	0.00019730900003311902	0.00018923777914503503	0.0006530615634769976
0.0015293263801421375	0.0005752855901841603	-0.000367618888889254	0.0007151940631329179	-0.0014576888115938047	7.249020091815161e-05	0.00018923777914503503	0.0004034239652475069
9.391019032012338e-05	-0.0003608554031777622	-0.0015533974804811113	2.869066800093023e-05	-0.0019569640080536743	-0.000426784995541718	-0.00037244681687265135	-0.0001582606307701795
0.001841373377929445	0.0010745607866438078	-0.00018039069021669185	0.0007151940631329179	-0.00020950082044413065	7.249020091815161e-05	-0.00018521861820031127	-0.0004078982290001143
-0.0005925932048123084	0.0005128761906270096	6.924690801324296e-05	9.110006755852496e-05	-0.0005839572177888108	-0.0003643755959841233	6.441898003006763e-05	-0.00047030762855726493
0.0017789639783720723	0.00032564799195422545	-0.00055484708756115	0.0004031470653456104	4.0136777786248246e-05	-0.00011473799775418847	-6.039981908467773e-05	-0.0004078982290001143
-0.0005301838052551577	0.0010121513870864352	0.0005061127049157399	0.0007151940631329179	0.0003521837755737778	-0.00011473799775418847	0.00018923777914503503	-0.00034548882944296366
-0.00021813680746785025	-0.00017362720450586622	-0.0006172564871191888	9.110006755852496e-05	4.0136777786248246e-05	-0.0004891943950993127	-0.00018521861820031127	-0.0011568110236901408
0.0010300511836818238	0.0005752855901841603	0.0003812939058003284	0.00046555646490276104	0.0012259153693787717	-0.0006764225937718749	-0.00012280921864271654	-0.0014688580214774483
-0.00015572740791025552	0.000637694989741755	0.0009429785018180148	0.0006527846635753232	0.0016003717667230077	-0.00011473799775418847	0.0003140565782597804	-0.0009071734254597619
0.0014669169805845428	0.000200829192839036	0.00025647510668602713	0.0003407376657880157	0.0014755529676087065	-0.0006140131942145022	-6.039981908467773e-05	-0.0016560862201502324
-0.00040536500613974624	0.0013241983848741867	0.001130206700490799	0.0004031470653456104	0.0023492845614134783	-0.0005516037946562413	2.0095804720288157e-06	-0.0017809050192645337
0.0015917357796997322	0.0005752855901841603	0.0005685221044733346	0.0005279658644607998	0.0024741033605277796	-0.0004891943950993127	0.0003764659778173751	-0.0015936768205926377
0.000593185386780215	0.0004504667910689708	-0.00024280008977406453	2.869066800093023e-05	0.0017251905658381972	-0.001487744788019052	-0.0005596750155449914	-0.002966683610857057
0.0010300511836818238	-0.0003608554031777622	-0.001428578681366366	0.00027832826623042095	0.0016627811662806025	-0.0008012413928866202	-6.039981908467773e-05	-0.0022801802157246254
0.0022158297752745693	-0.0012969963965405729	-0.0019278538778264576	0.0007151940631329179	0.0017251905658381972	-0.0008636507924442149	0.00018923777914503503	-0.0024674084143969655
-0.0005301838052551577	-0.0011721775974253834	-0.0004924376880044434	0.00027832826623042095	0.0017251905658381972	-0.0005516037946562413	2.0095804720288157e-06	-0.001968133217937318
0.0015293263801421375	-0.0012345869969829781	-0.0006172564871191888	0.0003407376657880157	-0.00014709142088653593	-0.0011132883906741498	-6.039981908467773e-05	-0.0016560862201502324
-0.0005301838052551577	0.0005128761906270096	0.0006309315040309293	0.0003407376657880157	-0.0008335948160185236	-0.0004891943950993127	2.0095804720288157e-06	-9.585123121258476e-05
0.0005307759872221762	0.0020107017800061744	0.0024408040911980677	0.0006527846635753232	-0.002019373407610825	-0.0003643755959841233	-0.00018521861820031127	0.0022132965524146453
-0.0008422308030426873	0.0019482923804490238	0.001754300696065192	0.00021591886667282623	-0.005888756180175259	0.0003845371987054591	-0.00012280921864271654	0.003274256344891535
0.000593185386780215	0.0028844333738109462	0.0018167100956227866	0.0004031470653456104	-0.007199353570882527	0.0011334499933959297	2.0095804720288157e-06	0.004834491333828739
-0.0011542778008297727	0.00319648037159892	-0.00055484708756115	0.00046555646490276104	-0.009196454356721784	0.0015703157902982046	2.0095804720288157e-06	0.005208947731173863
9.391019032012338e-05	0.002073111179563769	-0.0016782162795963007	0.0006527846635753232	-0.009882957751854216	0.0023816379845453817	0.0005012847769321205	0.006519545121880688
0.0011548699827970133	0.0009497419875288404	-0.003051223069861164	0.0001535094671152315	-0.012504152533268975	0.0016951345894127279	-0.000434856216429802	0.006457135722323537
0.0004059571881076529	0.0009497419875288404	-0.0029888136703035695	0.0006527846635753232	-0.01294101833017125	0.002756094381890284	0.0003140565782597804	0.007892551912145773
0.0006555947863369216	0.001449017183988932	-0.0023023102751711377	9.110006755852496e-05	-0.013627521725304126	0.0016327251898557993	-0.00037244681687265135	0.008079780110818335
-0.0009670496021574326	0.0025723863760236387	-0.00030520948933165926	0.00027832826623042095	-0.013003427729728845	0.0016327251898557993	-0.00018521861820031127	0.007830142512588179
0.0004683665876650256	0.003321299170713665	0.0006309315040309293	0.0003407376657880157	-0.01156801153990683	0.001071040593838335	0.00012682837958721827	0.008267008309490675
-0.0015911435977318256	0.0049439435592084635	0.002378394691640473	0.00046555646490276104	-0.012067286736366478	0.0006965841964925445	2.0095804720288157e-06	0.007830142512588179
0.00034354778854983614	0.004569487161862895	0.0005685221044733346	0.0003407376657880157	-0.011692830339021798	0.0013206781920678257	6.441898003006763e-05	0.007705323713472989
0.0009052323845673005	0.0030092521729261357	-0.0006796658866763394	0.0004031470653456104	-0.011131145743004556	0.001258268792510231	2.0095804720288157e-06	0.006644363920996321
-3.090860879506607e-05	0.0007625137888565003	-0.0026143572729586673	0.0004031470653456104	-0.011505602140349236	0.0019447721876431068	2.0095804720288157e-06	0.006394726322766164
0.002278239174832164	-0.0006729024009659579	-0.005422780253045101	0.0003407376657880157	-0.011318373941676896	0.0013206781920678257	-0.00012280921864271654	0.005271357130731458
9.391019032012338e-05	-0.0004856742022931737	-0.004611458058798368	0.0004031470653456104	-0.010444642347872124	0.0019447721876431068	-6.039981908467773e-05	0.005271357130731458
0.0019661921770446344	-0.0009849493987530433	-0.004174592261895871	0.0005279658644607998	-0.010319823548756935	0.0018199533885279173	6.441898003006763e-05	0.005021719532501079
0.0002811383889922414	0.0005128761906270096	-0.0031760418689763537	0.0004031470653456104	-0.008260313363360083	0.0009462217947229234	-0.00018521861820031127	0.004772081934271366
0.0004059571881076529	0.001698654782218867	-0.0006172564871191888	0.0006527846635753232	-0.007074534771767338	0.001071040593838335	0.00025164717870262976	0.005146538331616268
-0.0006550026043703472	0.002697205175138606	0.0016294818969508906	0.0004031470653456104	-0.005951165579732853	0.0005717653973782433	-6.039981908467773e-05	0.00402316913958134
-0.0014663247986175243	0.003633346168501417	0.0021287570934107602	0.0004031470653456104	-0.004453339990353022	0.0010086311942805182	6.441898003006763e-05	0.00389835034046615
0.0013420981814693533	0.002260339378236109	0.0006933409035876359	0.0005903752640183946	-0.0040164741934505255	0.0011334499933959297	0.00018923777914503503	0.002899799947547077
-0.0005301838052551577	0.0008873325879712457	-0.001615806880038706	-3.3718731556664494e-05	-0.003891655394335336	0.0010086311942805182	-0.0004972656159873967	0.0016516119563967369
0.0017165545788144776	0.0002632385923966307	-0.0023647196747282884	0.0005903752640183946	-0.0033923801978756885	0.0016327251898557993	6.441898003006763e-05	0.0017140213559543316
0.0010300511836818238	-0.0009225399991954486	-0.003488088866763661	0.0007776034626909567	-0.0030179238005310083	0.002506456783660127	-0.00012280921864271654	0.00046583336480421345
0.001841373377929445	-0.0009225399991954486	-0.003737726464993152	0.0003407376657880157	-0.0017073264098237395	0.0011958593929530803	-6.039981908467773e-05	0.0005906521639194029
-9.33180083526608e-05	-0.0003608554031777622	-0.0021774914760563924	0.0005903752640183946	-0.000958413615133713	0.0008214029956081781	2.0095804720288157e-06	0.0004034239652475069
0.001841373377929445	0.0003880573915113761	0.0010053879013756095	0.0003407376657880157	0.0004770025746887452	0.00025971839959071374	2.0095804720288157e-06	0.00046583336480421345
0.0005307759872221762	0.002135520579121364	0.0018791194951803813	0.0004031470653456104	0.000289774376015961	-0.00030196619642697264	-6.039981908467773e-05	9.137696745975532e-05
-0.0007174120039270537	0.002135520579121364	0.0016294818969508906	0.0004031470653456104	0.0004770025746887452	-0.00023955679686893383	2.0095804720288157e-06	9.137696745975532e-05
0.000593185386780215	0.0020107017800061744	0.0018167100956227866	0.0005279658644607998	0.0012259153693787717	-0.00030196619642697264	0.00012682837958721827	-0.00034548882944296366
-0.0007174120039270537	-4.880840539067677e-05	6.8375084556482335e-06	2.869066800093023e-05	0.00022736497645858833	-0.0007388319933290255	-0.00037244681687265135	-0.0011568110236901408
0.0019661921770446344	-0.0009225399991954486	-0.0018030350787114902	0.00046555646490276104	0.0005394119742463399	-0.0005516037946562413	0.00025164717870262976	-0.001531267421035043
0.0002811383889922414	-0.0007977212000807032	-0.0014909880809239606	0.0006527846635753232	0.0001649555769009936	-0.00030196619642697264	-0.0002476280177574619	-0.0022801802157246254
0.002028601576601785	-0.002357956189017907	-0.0025519478734010725	0.0005279658644607998	0.0006642307733606412	1.008080136055689e-05	0.00018923777914503503	-0.0015936768205926377
0.0009052323845673005	-0.0011097681978682328	-0.0007420752862339342	0.0001535094671152315	0.0005394119742463399	-0.0007388319933290255	-0.00037244681687265135	-0.001968133217937318
0.0004683665876650256	0.0007625137888565003	0.0010053879013756095	0.0009648316613628527	0.0016627811662806025	-5.2328598196593745e-05	0.0006885129756049047	-0.0005951264276724544
0.000780413585452111	0.0007001043892989056	0.0006933409035876359	-3.3718731556664494e-05	0.0010386871707062095	-0.0016125635871337973	-0.0004972656159873967	-0.0020929520170525073
-0.0009670496021574326	0.001885882980891429	0.0024408040911980677	0.0003407376657880157	0.002224465762298289	-0.001238107189788673	6.441898003006763e-05	-0.0013440392223624809
0.0013420981814693533	0.0008873325879712457	0.0015046630978357012	0.00046555646490276104	0.0014131435680506677	-0.0015501541875762026	-6.039981908467773e-05	-0.0015936768205926377
-0.00040536500613974624	0.0007625137888565003	0.0016918912965075972	0.0005279658644607998	0.0025365127600858184	-0.0006140131942145022	-0.00031003741731505663	-0.0027170460126273444
0.0009052323845673005	-0.0003608554031777622	0.00025647510668602713	0.00027832826623042095	0.0016003717667230077	-0.0009260601920018097	-6.039981908467773e-05	-0.002592227213512599
0.0004683665876650256	-0.0014218151956555403	-0.0009293034849062742	0.0006527846635753232	0.002162056362740694	-0.00030196619642697264	0.00012682837958721827	-0.0026546366130697496
0.0017165545788144776	-0.0011097681978682328	-0.0007420752862339342	0.0003407376657880157	0.0020372375636259488	-0.0006140131942145022	2.0095804720288157e-06	-0.0025298178139550043
0.0019661921770446344	-0.0011721775974253834	-0.0012413504826935817	0.0003407376657880157	0.0011635059698207328	-0.0007388319933290255	-0.00031003741731505663	-0.002592227213512599
-0.00021813680746785025	0.0004504667910689708	0.0007557503031461188	0.0005279658644607998	0.0020372375636259488	-5.2328598196593745e-05	0.00018923777914503503	-0.001531267421035043
0.0011548699827970133	0.000637694989741755	0.0006309315040309293	0.0003407376657880157	0.0005394119742463399	-0.0008012413928866202	-6.039981908467773e-05	-0.0012192204232477355
-3.090860879506607e-05	0.0005752855901841603	0.00025647510668602713	0.00027832826623042095	-0.0005215478182312161	-0.0006764225937718749	-6.039981908467773e-05	0.0004034239652475069
0.0007180041858945163	0.001261788985316592	0.0009429785018180148	0.0005279658644607998	-0.0012080512133636478	-0.00011473799775418847	0.0005012847769321205	0.002088477753299456
-0.00015572740791025552	0.0011369701862016246	0.0008805691022604201	0.0008400128622481073	-0.006013574979290226	7.249020091815161e-05	-0.0002476280177574619	0.002275705951971796
0.0011548699827970133	7.601039372451268e-05	-0.0007420752862339342	9.110006755852496e-05	-0.007823447566457364	0.0010086311942805182	-0.00037244681687265135	0.00402316913958134
-0.0014039153990599296	0.0008249231884140951	0.0003812939058003284	0.0010272410609208915	-0.009633320153624947	0.0022568191854301922	0.0006261035760473099	0.006332316923208348
-0.0008422308030426873	0.0016362453826617163	-0.00055484708756115	0.0001535094671152315	-0.012628971332384165	0.0025688661832177218	-0.00018521861820031127	0.007143639117455747
0.0004059571881076529	0.00319648037159892	0.00025647510668602713	0.0004031470653456104	-0.014376434519993708	0.0030681413796773693	2.0095804720288157e-06	0.008828692905507918
-0.0009670496021574326	0.003633346168501417	6.8375084556482335e-06	0.0004031470653456104	-0.016623172904063344	0.004129101172155369	2.0095804720288157e-06	0.01070097489223265
0.001217279382354608	0.004070211965403248	-0.0008044846857915289	0.0005279658644607998	-0.018120998493442952	0.004253919971269893	2.0095804720288157e-06	0.012760485077629946
-0.0010294590017150274	0.004569487161862895	-0.0008044846857915289	0.0003407376657880157	-0.01943159588415022	0.00487801396684473	-0.00018521861820031127	0.013384579073204561
0.000780413585452111	0.0034461179698286326	-0.0021150820764987976	0.0004031470653456104	-0.0214286966699897	0.005751745560649502	0.0003764659778173751	0.014195901267452182
-9.33180083526608e-05	0.003945393166288502	-0.0023023102751711377	0.00021591886667282623	-0.02255206586202485	0.005314879763747449	-0.00018521861820031127	0.013696626070992313
0.00021872898943486874	0.002946842773368541	-0.002676766672516262	0.00021591886667282623	-0.02255206586202485	0.005689336161092129	-6.039981908467773e-05	0.013821444870107502
0.0007180041858945163	0.0030716615724832863	-0.0023647196747282884	0.00046555646490276104	-0.02161592486866204	0.005751745560649502	2.0095804720288157e-06	0.013446988472762156
-0.0011542778008297727	0.003633346168501417	-0.0012413504826935817	0.00046555646490276104	-0.02018050867884047	0.005876564359764691	6.441898003006763e-05	0.01313494147497507
0.000780413585452111	0.003383708570271038	-0.0012413504826935817	0.0005279658644607998	-0.019618824082823005	0.005876564359764691	0.00012682837958721827	0.01219880048161226
-0.001091868401272178	0.004007802565846097	-0.001428578681366366	0.00027832826623042095	-0.018120998493442952	0.005626926761534534	-0.00018521861820031127	0.011262659488250337
0.0009052323845673005	0.00425744016407581	-0.0008668940853491236	0.0007151940631329179	-0.017184857500080808	0.006251020757109371	-6.039981908467773e-05	0.010326518494887749
-0.0003429556065825956	0.0030716615724832863	-0.0029264042707459748	0.00027832826623042095	-0.016311125906276036	0.005002832765959919	-0.000434856216429802	0.008766283505950545
0.0012796887819122027	0.0024475675769084493	-0.0042370016614532435	0.0005279658644607998	-0.01500052851556899	0.006126201957994626	6.441898003006763e-05	0.008891102305065957
-3.090860879506607e-05	0.0016362453826617163	-0.005859646049948264	0.0005903752640183946	-0.014189206321321368	0.00419151057171252	0.00012682837958721827	0.0072060485170131194
3.150079076252865e-05	1.3600994166917957e-05	-0.0051107332552584595	0.0003407376657880157	-0.012566561932826126	0.004690785768172612	2.0095804720288157e-06	0.006519545121880688
0.0009676417841244511	-0.00023603660406346094	-0.003987364063223531	0.00027832826623042095	-0.012192105535481668	0.0047531951677302064	-0.0002476280177574619	0.005957860525863445
-9.33180083526608e-05	0.0007625137888565003	-0.0025519478734010725	0.0005903752640183946	-0.01075668934565921	0.00487801396684473	0.00018923777914503503	0.006207498124093824
0.000593185386780215	0.0020107017800061744	-0.001178941083136431	0.00046555646490276104	-0.009945367151412032	0.004253919971269893	6.441898003006763e-05	0.0055209947289609484
-0.0012790965999449622	0.002697205175138606	0.00031888450624362186	0.00021591886667282623	-0.009383682555394568	0.0043163293708279316	6.441898003006763e-05	0.005146538331616268
0.0008428229850097058	0.00319648037159892	0.0005061127049157399	0.00046555646490276104	-0.007136944171324933	0.004253919971269893	0.00025164717870262976	0.004772081934271366
-0.0007798214034850925	0.0036957555680585674	0.00025647510668602713	0.00021591886667282623	-0.007761038166900214	0.004066691772597331	-0.00018521861820031127	0.0036487127422362153
0.0010300511836818238	0.0021979299786789586	-0.003051223069861164	0.0004031470653456104	-0.007511400568669613	0.004066691772597331	-6.039981908467773e-05	0.0034614845435643193
0.0019661921770446344	0.0004504667910689708	-0.003987364063223531	0.0005903752640183946	-0.0073865817695553115	0.004129101172155369	0.00012682837958721827	0.003087028146219417
0.0002811383889922414	-0.0011097681978682328	-0.00498591445614327	0.00021591886667282623	-0.008010675765129704	0.004253919971269893	-0.00018521861820031127	0.0028373905479890382
0.002028601576601785	-0.0009849493987530433	-0.004736276857913113	0.00046555646490276104	-0.007948266365572998	0.004004282373039736	2.0095804720288157e-06	0.0027749811484314435
-0.0002805462070250009	-4.880840539067677e-05	-0.003051223069861164	0.0004031470653456104	-0.0073865817695553115	0.004004282373039736	6.441898003006763e-05	0.003523893943121914
0.0010300511836818238	0.000637694989741755	-0.0013037598822516205	0.0005279658644607998	-0.007636219367785024	0.0036298259756955	-0.00018521861820031127	0.003773531541351405
-0.0012166872003873674	0.001885882980891429	0.00013165630757083768	9.110006755852496e-05	-0.007074534771767338	0.0033177789779077482	0.0003140565782597804	0.004584853735599026
0.0007180041858945163	0.0036957555680585674	0.0016294818969508906	2.869066800093023e-05	-0.00857236036114739	0.0030681413796773693	-0.00031003741731505663	0.004210397338254346
-0.0012166872003873674	0.0026347957755812335	-0.000991712884463869	0.0003407376657880157	-0.008821997959377326	0.0030057319801202187	-6.039981908467773e-05	0.003960759740024189
3.150079076252865e-05	0.0013241983848741867	-0.0021774914760563924	0.0005279658644607998	-0.009258863756280045	0.004004282373039736	0.00012682837958721827	0.004335216137368647
0.002465467373504504	-0.001047358798310194	-0.004923505056585675	0.0005279658644607998	-0.01025741414919934	0.003941872973482585	0.00012682837958721827	0.0036487127422362153
0.0009052323845673005	-0.0017962715930006645	-0.006296511846850761	0.00027832826623042095	-0.010444642347872124	0.0038794635739249905	-6.039981908467773e-05	0.003274256344891535
0.0017789639783720723	-0.002545184387689803	-0.006109283648177977	0.0001535094671152315	-0.011380783341234046	0.00419151057171252	-0.000434856216429802	0.004647263135156177
0.0009676417841244511	-0.0012345869969829781	-0.004424229860125584	0.0006527846635753232	-0.010631870546544464	0.005190060964632703	-6.039981908467773e-05	0.004584853735599026
0.0011548699827970133	-0.00011121780494827149	-0.003113632469418759	0.00027832826623042095	-0.011505602140349236	0.004628376368615017	-6.039981908467773e-05	0.005708222927633511
-0.0009670496021574326	0.001698654782218867	-0.00055484708756115	0.0005903752640183946	-0.011630420939464425	0.005314879763747449	6.441898003006763e-05	0.006269907523651419
0.000780413585452111	0.0030716615724832863	0.0018791194951803813	0.0005903752640183946	-0.011006326943888922	0.005377289163304599	0.0003140565782597804	0.006894001519225812
0.0004683665876650256	0.003321299170713665	0.0008805691022604201	0.00027832826623042095	-0.011880058537693694	0.00487801396684473	-0.00012280921864271654	0.00602026992542104
-0.0005301838052551577	0.002135520579121364	-0.000991712884463869	0.00027832826623042095	-0.012192105535481668	0.00506524216551707	-0.0002476280177574619	0.005708222927633511
0.001841373377929445	0.0015738359831036774	-0.002427129074286327	0.0007776034626909567	-0.01156801153990683	0.005502107962419789	0.00025164717870262976	0.005333766530288608
9.391019032012338e-05	-0.0008601305996378539	-0.004424229860125584	-3.3718731556664494e-05	-0.012441743133711824	0.005814154960207318	-0.00031003741731505663	0.0042728067378114964
0.0025278767730616547	-0.0007977212000807032	-0.0046738674583559625	0.0006527846635753232	-0.011443192740791641	0.006251020757109371	-0.0002476280177574619	0.0038359409409085554
-3.090860879506607e-05	-0.0004856742022931737	-0.003924954663665492	0.0001535094671152315	-0.009758138952739692	0.005626926761534534	0.0003140565782597804	0.0042728067378114964
0.0017789639783720723	0.0005128761906270096	-0.0021150820764987976	0.0001535094671152315	-0.009196454356721784	0.00506524216551707	-0.00031003741731505663	0.004085578539139156
-0.0007174120039270537	0.002073111179563769	0.0018791194951803813	0.0008400128622481073	-0.008010675765129704	0.005190060964632703	0.00043887537737452575	0.005084128932059118
-0.0013415059995025569	0.003570936768942934	0.0016294818969508906	2.869066800093023e-05	-0.008884407358934476	0.0043163293708279316	-0.0002476280177574619	0.004647263135156177
0.00034354778854983614	0.003570936768942934	0.0012550254996055443	0.0005279658644607998	-0.008697179160262136	0.004690785768172612	-0.00012280921864271654	0.004709672534713771
-0.0007174120039270537	0.002946842773368541	0.0004437033053583672	0.0005903752640183946	-0.008385132162474829	0.005002832765959919	0.00025164717870262976	0.004834491333828739
0.0013420981814693533	0.000637694989741755	-0.002239900875613543	0.00021591886667282623	-0.009508501354509757	0.004441148169942233	-0.00012280921864271654	0.0032118469453341625
3.150079076252865e-05	1.3600994166917957e-05	-0.00323845126853306	0.0005279658644607998	-0.00857236036114739	0.00487801396684473	2.0095804720288157e-06	0.0025877529497595475
0.001841373377929445	-0.0008601305996378539	-0.0036753170654360012	0.00046555646490276104	-0.0080730851646873	0.004628376368615017	-6.039981908467773e-05	0.0022132965524146453
0.0004683665876650256	-0.0011721775974253834	-0.003924954663665492	0.00046555646490276104	-0.007261762970440122	0.004628376368615017	2.0095804720288157e-06	0.0023381153515289466
0.0016541451792568829	7.601039372451268e-05	-0.0009293034849062742	0.0005279658644607998	-0.006637668974865285	0.005252470364189854	0.00018923777914503503	0.003087028146219417
0.0010300511836818238	0.001698654782218867	-0.000367618888889254	0.00027832826623042095	-0.007261762970440122	0.004690785768172612	-0.00012280921864271654	0.0030246187466613783
-0.0010294590017150274	0.0026347957755812335	0.00025647510668602713	0.0001535094671152315	-0.0065128501757496515	0.0045035575694998276	-6.039981908467773e-05	0.0033990751440067246
0.0007180041858945163	0.0025723863760236387	0.00025647510668602713	0.0005903752640183946	-0.006637668974865285	0.0047531951677302064	6.441898003006763e-05	0.003523893943121914
-0.00046777440569734097	0.0017610641817762396	-0.000367618888889254	0.0005279658644607998	-0.0063256219770777555	0.005252470364189854	0.00025164717870262976	0.0023381153515289466
0.0009676417841244511	0.0008249231884140951	-0.0019902632773840523	0.00021591886667282623	-0.006575259575307246	0.003941872973482585	2.0095804720288157e-06	0.0021508871528566065
-0.00015572740791025552	-0.00029844600362105567	-0.0027391760720736347	0.0004031470653456104	-0.005763937381060513	0.003941872973482585	2.0095804720288157e-06	0.0013395649586098735
0.0019037827774870397	-0.0008601305996378539	-0.0031760418689763537	9.110006755852496e-05	-0.005264662184600422	0.0030681413796773693	-0.0002476280177574619	0.0006530615634769976
-0.0002805462070250009	-0.0006104930014083632	-0.0023023102751711377	0.0004031470653456104	-0.004640568189025807	0.0030057319801202187	-0.00012280921864271654	0.00046583336480421345
0.00034354778854983614	0.000637694989741755	-0.001178941083136431	0.0005903752640183946	-0.0032051519992033484	0.0025688661832177218	0.0003140565782597804	0.0007154709630345923
0.0011548699827970133	0.0009497419875288404	-0.0008668940853491236	0.0004031470653456104	-0.0031427425996457536	0.0016327251898557993	-0.00012280921864271654	-3.344183165543413e-05
-0.00021813680746785025	0.0007001043892989056	-0.000991712884463869	9.110006755852496e-05	-0.003080333200088603	0.001258268792510231	-0.00018521861820031127	-9.585123121258476e-05
0.0017165545788144776	0.0008249231884140951	-0.0010541222840212416	0.0005903752640183946	-0.0025186486040709166	0.001258268792510231	6.441898003006763e-05	-0.00047030762855726493
-0.00021813680746785025	0.00013841979328166332	-0.0012413504826935817	0.0004031470653456104	-0.0018321452089384849	0.0010086311942805182	-6.039981908467773e-05	-0.001531267421035043
0.0019037827774870397	-0.0011721775974253834	-0.0023023102751711377	0.0004031470653456104	-2.227262177134648e-05	-0.0005516037946562413	0.00012682837958721827	-0.0020305426174949126
0.0004059571881076529	-0.0014218151956555403	-0.0023023102751711377	0.0005279658644607998	0.0012883247689359223	-0.002299066982266673	6.441898003006763e-05	-0.003653187005989711
0.0019037827774870397	-0.0017338621934430698	-0.001178941083136431	0.0004031470653456104	0.0029109691574302765	-0.0028607515782836934	0.00018923777914503503	-0.004402099800679737
0.0017165545788144776	-0.0011721775974253834	-0.0004924376880044434	0.0004031470653456104	0.004346385347253179	-0.004483395966778492	-0.00018521861820031127	-0.005712697191387006
0.000156319589877274	-0.00029844600362105567	0.0010053879013756095	0.00046555646490276104	0.006093848534862278	-0.004795442964565799	0.00018923777914503503	-0.0058375159905017515
0.0017165545788144776	-0.0006104930014083632	0.0010677973009332042	0.0003407376657880157	0.006530714331764997	-0.005669174558370571	-0.00012280921864271654	-0.0068984757829788634
9.391019032012338e-05	-0.00011121780494827149	0.0012550254996055443	0.0003407376657880157	0.008590224517162293	-0.006542906152175343	2.0095804720288157e-06	-0.008521120171473662
0.0017165545788144776	-0.0009225399991954486	0.0006309315040309293	0.00046555646490276104	0.00952636551052466	-0.007167000147750624	0.00043887537737452575	-0.008770757769703819
0.0008428229850097058	-0.0012969963965405729	0.0009429785018180148	0.0007776034626909567	0.012272379091053942	-0.008602416337572638	-0.00037244681687265135	-0.010830267955100448
0.0015917357796997322	-0.0024827749881330963	-0.00055484708756115	0.00046555646490276104	0.013021291885743524	-0.008227959940227736	2.0095804720288157e-06	-0.010455811557755768
0.0005307759872221762	-0.002108318590787972	0.0005061127049157399	0.0005279658644607998	0.012209969691496347	-0.007416637745980115	6.441898003006763e-05	-0.00976930816262378
-0.00021813680746785025	-0.0009849493987530433	0.0010053879013756095	0.00027832826623042095	0.009463956110967064	-0.006667724951290532	2.0095804720288157e-06	-0.007834616776341452
0.0010300511836818238	0.0004504667910689708	0.0020663476938531655	0.0005279658644607998	0.0035974725525631523	-0.0030479797769562555	0.00012682837958721827	-0.003653187005989711
-0.0015911435977318256	0.0009497419875288404	0.0026904416894275585	-3.3718731556664494e-05	-0.0020817828071684197	0.0008838123951653287	-0.000434856216429802	0.00021619576657494477
0.0006555947863369216	0.0030092521729261357	0.004001039080134827	0.0010272410609208915	-0.004827796387697703	0.0047531951677302064	0.0005012847769321205	0.006207498124093824
-0.001091868401272178	0.0028844333738109462	0.0020039382942951267	0.0001535094671152315	-0.009945367151412032	0.006750295953569463	-0.00018521861820031127	0.008766283505950545
0.0006555947863369216	0.0028220239742537956	-0.00030520948933165926	0.0003407376657880157	-0.018370636091672887	0.015050746094715794	0.00018923777914503503	0.012448438079842639
-0.0007798214034850925	0.0030716615724832863	-0.0009293034849062742	0.0003407376657880157	-0.022988931658927347	0.016298934085865024	-0.00012280921864271654	0.014008673068779398
0.0010300511836818238	0.002322748777794148	-0.0038625452641083413	0.0004031470653456104	-0.024174710250519427	0.0181712160725902	0.00018923777914503503	0.015756136256388942
3.150079076252865e-05	0.002946842773368541	-0.0029264042707459748	0.0004031470653456104	-0.02529807944255369	0.019232175865067536	-0.00012280921864271654	0.01656745845063634
-0.0010294590017150274	0.003758164967615718	-0.0018030350787114902	0.00046555646490276104	-0.025173260643439388	0.018420853670819914	0.00012682837958721827	0.017004324247539504
-3.090860879506607e-05	0.004507077762306189	-0.00030520948933165926	0.0004031470653456104	-0.02373784445361693	0.016923028081440306	2.0095804720288157e-06	0.016380230251964223
-0.002152828193749956	0.005692856353898046	0.0015046630978357012	0.00027832826623042095	-0.021990381266007386	0.015362793092503102	-6.039981908467773e-05	0.01463276706435468
9.391019032012338e-05	0.005318399956553366	0.001941528894737976	0.00046555646490276104	-0.020991830873087425	0.013864967503123493	2.0095804720288157e-06	0.013446988472762156
-0.001715962396847015	0.005318399956553366	0.0012550254996055443	0.00027832826623042095	-0.01924436768547766	0.011431000920381074	-0.00018521861820031127	0.012073981682497514
3.150079076252865e-05	0.004382258963190999	0.0003812939058003284	0.0006527846635753232	-0.017372085698752926	0.011743047918168603	0.00043887537737452575	0.011512297086480272
-0.0003429556065825956	0.0030716615724832863	-0.0033632700676484717	-9.612813111403717e-05	-0.016498354104948598	0.01037004112790374	-0.0005596750155449914	0.008766283505950545
-9.33180083526608e-05	0.0013866077844313374	-0.0029888136703035695	0.00046555646490276104	-0.014626072118223643	0.011680638518611453	0.00025164717870262976	0.008891102305065957
0.0015293263801421375	0.0013241983848741867	-0.0031760418689763537	0.0005903752640183946	-0.014438843919551303	0.01205509491595591	2.0095804720288157e-06	0.008516645907720166
-0.0005925932048123084	0.0028220239742537956	-0.001615806880038706	0.0005903752640183946	-0.013752340524418871	0.01242955131330059	0.00025164717870262976	0.009327968101968231
0.0002811383889922414	0.0030092521729261357	-0.0010541222840212416	0.00021591886667282623	-0.014563662718665826	0.011118953922593322	-0.00018521861820031127	0.008828692905507918
-0.0012166872003873674	0.003758164967615718	-0.00030520948933165926	0.00027832826623042095	-0.013253065327959002	0.010182812929231844	0.00018923777914503503	0.007954961311703368
0.0002811383889922414	0.004507077762306189	0.0007557503031461188	0.0005903752640183946	-0.010819098745217026	0.006937524152241803	-0.00031003741731505663	0.006394726322766164
-0.0012790965999449622	0.0028844333738109462	-0.00011798129065909713	0.0003407376657880157	-0.009633320153624947	0.00487801396684473	-6.039981908467773e-05	0.004834491333828739
0.0012796887819122027	0.0018234735813340563	-0.0026143572729586673	0.0005279658644607998	-0.008447541562032423	0.004628376368615017	0.00012682837958721827	0.004210397338254346
0.0021534203757169745	-0.0012969963965405729	-0.004049773462780681	0.0005279658644607998	-0.008509950961589796	0.004378738770384638	0.00012682837958721827	0.0030246187466613783
0.0010924605832400847	-0.0019210903921154099	-0.00567241785127548	0.0003407376657880157	-0.007636219367785024	0.002943322580562624	6.441898003006763e-05	0.002275705951971796
0.0017165545788144776	-0.002545184387689803	-0.005422780253045101	9.110006755852496e-05	-0.007136944171324933	0.002756094381890284	-0.0005596750155449914	0.0009651085612643051
0.000780413585452111	-0.001671452793885475	-0.0034256794672056223	0.0007151940631329179	-0.004952615186812892	0.004066691772597331	0.0005012847769321205	0.000153786367017128
0.0014669169805845428	-0.0011721775974253834	-0.00323845126853306	2.869066800093023e-05	-0.004515749389910173	0.0016951345894127279	0.00018923777914503503	0.001214746159494684
-0.00040536500613974624	0.0008249231884140951	-0.0008044846857915289	0.00046555646490276104	-0.003454789597432839	0.0020071815872002574	-0.00018521861820031127	0.0010275179608218998
0.0009676417841244511	0.001261788985316592	0.00013165630757083768	0.0010272410609208915	-0.0019569640080536743	0.0021944097858725975	0.0007509223751624994	0.001838840155069077
-0.00021813680746785025	0.0021979299786789586	-0.00024280008977406453	0.0001535094671152315	-0.0025186486040709166	-0.00030196619642697264	-0.0002476280177574619	-0.00028307942988536894
0.000156319589877274	1.3600994166917957e-05	-0.0007420752862339342	0.0004031470653456104	-0.0012704606129212426	-0.00030196619642697264	2.0095804720288157e-06	-0.0009695828250173566
0.00209101097615938	-0.001047358798310194	-0.0016782162795963007	0.0006527846635753232	0.0008514589720334254	-0.0019246105849213269	0.00025164717870262976	-0.002592227213512599
0.0006555947863369216	-0.0020459091912303773	-0.0026143572729586673	0.0004031470653456104	0.0018500093649531646	-0.0032352079756281515	-6.039981908467773e-05	-0.003965234003777018
0.0023406485743888705	-0.0030444595841498945	-0.0029888136703035695	9.110006755852496e-05	0.0023492845614134783	-0.0038593019712034327	-0.00031003741731505663	-0.005088603195811725
0.000593185386780215	-0.0018586809925578152	-0.0017406256791536734	0.0004031470653456104	0.004221566548137989	-0.003921711370760583	0.00012682837958721827	-0.005088603195811725
0.002028601576601785	-0.001047358798310194	-0.0004924376880044434	0.0006527846635753232	0.006031439135304684	-0.004483395966778492	0.00012682837958721827	-0.00502619379625413
0.0002811383889922414	-4.880840539067677e-05	0.0008805691022604201	9.110006755852496e-05	0.006655533130879521	-0.005856402757043355	-0.000434856216429802	-0.005962334789616497
0.0008428229850097058	0.0005752855901841603	0.002628032289870852	0.0007776034626909567	0.008340586918931914	-0.005731583957928166	0.0005012847769321205	-0.005275831394484065
0.001217279382354608	-4.880840539067677e-05	0.0015046630978357012	0.00021591886667282623	0.007716492923357521	-0.007416637745980115	-0.0002476280177574619	-0.006836066383421269
-0.00021813680746785025	-0.0004856742022931737	0.0006933409035876359	9.110006755852496e-05	0.008340586918931914	-0.008290369339784887	-0.00018521861820031127	-0.007148113381208576
0.0021534203757169745	-0.0016090433943283244	6.924690801324296e-05	0.0006527846635753232	0.008153358720259574	-0.008352778739342481	0.00012682837958721827	-0.007584979178111295
0.0006555947863369216	-0.0027948219859201817	-0.0004300282884468487	0.00027832826623042095	0.008902271514949378	-0.008914463335360168	-6.039981908467773e-05	-0.009082804767491348
0.002028601576601785	-0.0026700031868054364	-0.000367618888889254	0.0005903752640183946	0.009463956110967064	-0.010037832527394874	-0.00012280921864271654	-0.008957985968376159
0.0004683665876650256	-0.002545184387689803	0.00019406570712798832	0.00027832826623042095	0.010400097104328987	-0.008415188138900076	0.00025164717870262976	-0.008271482573243727
0.0021534203757169745	-0.0012969963965405729	0.001941528894737976	0.0003407376657880157	0.00915190911317909	-0.008040731741555396	2.0095804720288157e-06	-0.007148113381208576
-0.00021813680746785025	7.601039372451268e-05	0.0026904416894275585	0.00021591886667282623	0.006281076733535063	-0.005481946359697787	-0.00018521861820031127	-0.005525468992714222
-0.0010294590017150274	0.0015114265835460827	0.0033145356850028396	0.0003407376657880157	0.004596022945483114	-0.0019246105849213269	2.0095804720288157e-06	-0.0030915024099722466
0.0009676417841244511	0.001885882980891429	0.0020663476938531655	0.0005279658644607998	0.002411693960970629	-0.0007388319933290255	6.441898003006763e-05	-0.001531267421035043
-0.0003429556065825956	0.0013241983848741867	0.0013798442987205117	0.0005279658644607998	-2.227262177134648e-05	0.001882362788085512	0.00018923777914503503	0.00021619576657494477
0.000780413585452111	7.601039372451268e-05	-0.00030520948933165926	0.00027832826623042095	-0.002456239204513766	0.0030057319801202187	-0.00031003741731505663	0.0021508871528566065
-9.33180083526608e-05	-0.00029844600362105567	-0.0018030350787114902	0.00027832826623042095	-0.004266111791680904	0.00381705417436784	0.00012682837958721827	0.003523893943121914
0.0011548699827970133	-0.001047358798310194	-0.0013661692818092153	0.0005279658644607998	-0.007511400568669613	0.006750295953569463	0.00018923777914503503	0.0048969007333863335
-0.0002805462070250009	-0.00029844600362105567	-0.0014909880809239606	0.0003407376657880157	-0.009695729553181653	0.008123302743834326	-0.00018521861820031127	0.00602026992542104
0.0007180041858945163	0.0005752855901841603	0.0013798442987205117	0.0006527846635753232	-0.01056946114698687	0.010619678726133452	0.0003140565782597804	0.00845423650816346
0.00021872898943486874	0.003945393166288502	0.0015046630978357012	0.0001535094671152315	-0.012628971332384165	0.01037004112790374	-0.0002476280177574619	0.008766283505950545
-0.0019031905955197992	0.004881534159650425	0.002565622890313257	0.0004031470653456104	-0.013315474727516596	0.012741598311088564	2.0095804720288157e-06	0.010825793691347396
0.000593185386780215	0.005443218755668555	0.0012550254996055443	0.0006527846635753232	-0.014563662718665826	0.011930276116840943	0.00018923777914503503	0.01101302189002018
-0.0013415059995025569	0.004382258963190999	0.0006309315040309293	0.0001535094671152315	-0.015687031910700977	0.012991235909318721	-0.00012280921864271654	0.01101302189002018
0.0010300511836818238	0.003134070972041325	-0.0015533974804811113	0.00046555646490276104	-0.016123897707603252	0.01205509491595591	-6.039981908467773e-05	0.01045133729400316
-3.090860879506607e-05	0.0019482923804490238	-0.002676766672516262	0.0004031470653456104	-0.015562213111585788	0.01037004112790374	2.0095804720288157e-06	0.009577605700197944
0.0014045075810273921	1.3600994166917957e-05	-0.0036753170654360012	0.0005279658644607998	-0.014688481517781238	0.00868498733985179	0.00018923777914503503	0.008891102305065957
0.00034354778854983614	0.00013841979328166332	-0.0021150820764987976	0.0004031470653456104	-0.01412679692176333	0.009558718933656118	-0.00012280921864271654	0.0086414647068358
-0.0007798214034850925	0.0009497419875288404	-0.0013037598822516205	0.00027832826623042095	-0.013190655928401407	0.007873665145604614	2.0095804720288157e-06	0.008766283505950545
0.0004059571881076529	0.0021979299786789586	0.0010053879013756095	0.00046555646490276104	-0.012816199531056949	0.009184262536311882	0.00012682837958721827	0.008891102305065957
-0.0017783717964046097	0.0028844333738109462	0.001130206700490799	2.869066800093023e-05	-0.012379333734154008	0.008809806138966536	-0.00031003741731505663	0.008391827108605865
0.000780413585452111	0.0043198495636336265	0.0018791194951803813	0.0008400128622481073	-0.011131145743004556	0.009371490734983778	0.0003764659778173751	0.007705323713472989
-0.0015911435977318256	0.003321299170713665	0.0013798442987205117	0.00021591886667282623	-0.01038223294831453	0.009933175331001465	-6.039981908467773e-05	0.005957860525863445
0.0011548699827970133	0.00319648037159892	-0.0004924376880044434	0.0004031470653456104	-0.0075738099682272075	0.008372940342064261	-0.00018521861820031127	0.004709672534713771
-0.0005925932048123084	0.0018234735813340563	-0.000991712884463869	0.0007776034626909567	-0.004890205787255297	0.006063792558437031	0.0003140565782597804	0.0032118469453341625
0.0017789639783720723	0.001261788985316592	-0.0018030350787114902	2.869066800093023e-05	-0.002269011005840982	0.002756094381890284	-0.00031003741731505663	0.0003410145656899122
0.0012796887819122027	0.0004504667910689708	0.0006309315040309293	0.0005903752640183946	0.0035350631530055576	-0.0006140131942145022	0.00018923777914503503	-0.002592227213512599
3.150079076252865e-05	0.002322748777794148	0.0035641732832323303	0.0008400128622481073	0.00940154671140947	-0.005544355759255826	0.0005012847769321205	-0.005525468992714222
0.0006555947863369216	0.0028220239742537956	0.005061998872611939	0.00021591886667282623	0.011835513294151001	-0.010661926522969711	-0.00012280921864271654	-0.008333891972801322
-0.0012790965999449622	0.005068762358322987	0.006747052660664332	0.00027832826623042095	0.013458157682646243	-0.013719987101286968	-0.00018521861820031127	-0.009332442365720617
0.00034354778854983614	0.004819124760093274	0.008868972245619222	0.0005903752640183946	0.014893573872468258	-0.013220711904826876	-0.0002476280177574619	-0.011142314952887755
-0.0009046402025998379	0.002759614574696201	0.005561274069072031	0.0001535094671152315	0.016016943064503186	-0.01833828266854054	6.441898003006763e-05	-0.012827368740940592
0.0027775143712922556	-0.00023603660406346094	0.00031888450624362186	0.0004031470653456104	0.014706345673795473	-0.014531309295533701	-6.039981908467773e-05	-0.012640140542267808
0.0019037827774870397	-0.004791922771759882	-0.007731928036672775	0.0004031470653456104	0.012584426088841472	-0.011473248717216666	-6.039981908467773e-05	-0.012265684144922906
0.0021534203757169745	-0.010845634528836579	-0.010415532217644685	0.00027832826623042095	0.009963231307426712	-0.00966337613004975	-6.039981908467773e-05	-0.010767858555543297
0.003339198967309054	-0.01009672173414633	-0.007794337436229926	0.0005903752640183946	0.008278177519374763	-0.006106040355273068	0.00018923777914503503	-0.008770757769703819
0.000156319589877274	-0.006664204758484615	-0.0026143572729586673	0.0005279658644607998	0.008777452715834633	-0.004483395966778492	0.00025164717870262976	-0.006711247584306079
-0.00046777440569734097	-0.0017962715930006645	0.0033145356850028396	0.00021591886667282623	0.00940154671140947	-0.004171348968991406	-0.0002476280177574619	-0.004339690401122143
-0.0033386067853422574	0.003570936768942934	0.009867522638539183	0.0004031470653456104	0.011648285095479105	-0.0034848455738585304	-0.00018521861820031127	-0.004714146798467045
-0.0010294590017150274	0.008563688733542962	0.012863173817298845	0.0004031470653456104	0.010587325303001993	-0.0024862951809390132	0.0003140565782597804	-0.003403549407759776
-0.002340056392422296	0.009936695523806938	0.012863173817298845	0.00027832826623042095	0.00696758012866705	-0.002548704580496164	-0.00012280921864271654	-0.004027643403334169
0.0007180041858945163	0.007440319541507812	-0.0016782162795963007	0.0003407376657880157	0.003410244353890368	0.00044694659826305383	-0.00012280921864271654	-0.0041524622024493585
0.004649796358016545	-0.0034813253810526135	-0.00798156563490271	0.0007776034626909567	0.00197482816406791	0.0007589935960510275	0.0003764659778173751	-0.005275831394484065
0.0024030579739473534	-0.008474077345651976	-0.012287814204369196	2.869066800093023e-05	0.0014131435680506677	-0.00023955679686893383	-0.0002476280177574619	-0.006087153588731686
0.004212930561114048	-0.009410218339013898	-0.011788539007909105	0.0005279658644607998	0.0011635059698207328	-0.001238107189788673	-6.039981908467773e-05	-0.00502619379625413
0.0017165545788144776	-0.006601795358927021	-0.006546149445080474	0.00046555646490276104	0.0008514589720334254	-0.0037344831720884653	0.00012682837958721827	-0.0013440392223624809
0.000780413585452111	-0.003356506581937868	-0.0013661692818092153	0.0003407376657880157	0.0010386871707062095	-0.008165550540670585	-0.00018521861820031127	0.0004034239652475069
-0.0026521033902093816	0.0003880573915113761	0.00531163647084254	0.00021591886667282623	0.0031606067556602113	-0.00697977194907784	0.0003764659778173751	0.0013395649586098735
-0.0012790965999449622	0.003134070972041325	0.010554026033671615	-3.3718731556664494e-05	0.002162056362740694	-0.009725785529607345	-0.00037244681687265135	-0.0006575358272300491
-0.0025272845910950803	0.003945393166288502	0.002628032289870852	0.0005903752640183946	0.0014755529676087065	-0.008165550540670585	0.00018923777914503503	-0.0016560862201502324
0.0017789639783720723	-0.002545184387689803	-0.005048323855700865	0.0004031470653456104	-0.0018945546084960796	-0.0034848455738585304	-0.00012280921864271654	-0.002342589615282442
0.005773165550051695	-0.007849983350077139	-0.012724680001271915	0.0006527846635753232	-0.004453339990353022	0.00019730900003311902	0.0003140565782597804	-0.003029093010414874
0.003900883563326518	-0.01103286272750914	-0.017218156769410742	0.00021591886667282623	-0.005763937381060513	0.0028185037814478786	-0.00012280921864271654	-0.003840415204662051
0.004524977558901355	-0.010908043928393951	-0.014097686791536335	0.0004031470653456104	-0.005202252785042827	0.007124752350914143	-0.00018521861820031127	-0.0010319922245753954
0.002028601576601785	-0.006164929562024746	-0.0063589212464079115	0.0006527846635753232	-0.002269011005840982	0.006438248955781933	-0.0002476280177574619	-0.0008447640259030553
0.0007180041858945163	0.000637694989741755	0.0012550254996055443	0.0001535094671152315	0.005220116941057951	-0.003360026774743341	0.00012682837958721827	0.0011523367599370893
-0.0032761973857842186	0.0076899571397381905	0.011864623424378884	0.0005279658644607998	0.007778902322914671	-0.004171348968991406	-6.039981908467773e-05	0.0010275179608218998
-0.0033386067853422574	0.011309702314071801	0.019041704373490065	0.0005903752640183946	0.008777452715834633	-0.007291818946865369	0.00025164717870262976	0.00046583336480421345
-0.0016535529972898644	0.00906296393000261	0.012613536219068466	9.110006755852496e-05	0.006405895532650252	-0.007791094143325461	-0.0002476280177574619	-0.0017184956197078272
-0.0009670496021574326	0.002509976976466044	0.005061998872611939	0.0004031470653456104	0.004596022945483114	-0.0024862951809390132	-6.039981908467773e-05	-0.002404999014839815
0.0032143801681945305	-0.002982050184592966	-0.003488088866763661	0.0006527846635753232	0.00322301615521825	0.0007589935960510275	0.00025164717870262976	-0.004090052802891764
0.00209101097615938	-0.0064145671602546805	-0.008480840831362801	0.00021591886667282623	0.0017251905658381972	0.0038794635739249905	-6.039981908467773e-05	-0.003653187005989711
0.0029647425699641516	-0.0056032449660075034	-0.006920605842425154	0.00046555646490276104	0.001350734168493517	0.00831053094250711	0.00018923777914503503	-0.0005951264276724544
0.00021872898943486874	-0.00023603660406346094	-0.0004924376880044434	0.0005903752640183946	0.0030981973561030607	0.006687886554011868	-6.039981908467773e-05	0.0015892025568393642
-0.0005301838052551577	0.00712827254372006	0.006996690258894933	0.00021591886667282623	0.003847110150792643	0.004129101172155369	-0.00031003741731505663	0.004085578539139156
-0.004025110180474245	0.013244393700354129	0.0176686975832252	0.0008400128622481073	0.005469754539287441	0.0019447721876431068	0.0003764659778173751	0.005333766530288608
-0.004337157178261775	0.012433071506106952	0.014610637004907945	0.00021591886667282623	0.005781801537075193	-0.0020494293840360722	-0.00012280921864271654	0.003523893943121914
-0.0005925932048123084	0.0061921315503581376	0.00705909965845164	0.0003407376657880157	0.005407345139730291	-0.005357127560583486	-0.00012280921864271654	0.0003410145656899122
0.0004059571881076529	-0.0014218151956555403	-0.0017406256791536734	0.0006527846635753232	0.004159157148580173	-0.005731583957928166	0.0003140565782597804	-0.0017809050192645337
0.0034016083668666486	-0.00872371494388191	-0.00997866642074241	0.0001535094671152315	0.0006642307733606412	-0.005606765158812976	-0.00037244681687265135	-0.004526918599794483
0.0025278767730616547	-0.01153213792396901	-0.01259986120215717	0.0001535094671152315	-0.0010832324142489025	-0.0028607515782836934	0.0003764659778173751	-0.003840415204662051
0.004150521161556453	-0.01003431233458918	-0.01016589461941475	0.0008400128622481073	0.000913868371590576	-0.001238107189788673	0.00025164717870262976	-0.002779455412184495
0.0014045075810273921	-0.0051663791691050065	-0.004736276857913113	0.00021591886667282623	0.0010386871707062095	-0.0021742481831514837	-0.00018521861820031127	-0.0011568110236901408
0.0010300511836818238	0.0005752855901841603	0.006934280859336894	0.00027832826623042095	0.0010386871707062095	-0.0019246105849213269	2.0095804720288157e-06	0.0015267931572817695
-0.0007798214034850925	0.00806441353708287	0.008494515848274542	0.00046555646490276104	-0.0002719102200012813	-0.0014253353884614572	-0.00018521861820031127	0.0028373905479890382
-0.0018407811959622045	0.006691406746818229	0.006996690258894933	0.0006527846635753232	-0.0007711854164609289	1.008080136055689e-05	0.0003764659778173751	0.003523893943121914
0.0007180041858945163	0.0017610641817762396	0.0012550254996055443	0.0003407376657880157	-0.002269011005840982	-0.0008012413928866202	-6.039981908467773e-05	0.0014643837577241747
0.0005307759872221762	-0.0030444595841498945	-0.004611458058798368	0.0003407376657880157	-0.0025186486040709166	-0.0015501541875762026	-6.039981908467773e-05	-0.0022177708161672527
0.0035888365655394328	-0.006913842356714328	-0.008480840831362801	0.0005903752640183946	-0.0021441922067257924	-0.002111838783593667	-0.00012280921864271654	-0.003590777606431672
0.001841373377929445	-0.008661305544324316	-0.009416981824725168	0.0001535094671152315	-0.0007711854164609289	-0.0032976173751861904	-6.039981908467773e-05	-0.004027643403334169
0.0032143801681945305	-0.007350708153617047	-0.0069830152419827485	0.0005279658644607998	0.0005394119742463399	-0.003172798576071445	0.00012682837958721827	-0.0027170460126273444
0.0007180041858945163	-0.003606144180167359	0.0011926161000479496	0.0005903752640183946	0.0014131435680506677	-0.002735932779168504	0.00018923777914503503	-0.0012192204232477355
-0.0012166872003873674	0.0024475675769084493	0.0031273074863304995	0.0001535094671152315	0.0014131435680506677	-0.0027983421787260987	-0.00018521861820031127	-0.00047030762855726493
0.0004683665876650256	0.003383708570271038	0.0035641732832323303	0.00046555646490276104	0.0018500093649531646	-0.0022366575827086344	-6.039981908467773e-05	-0.0001582606307701795
-0.0009046402025998379	0.0020107017800061744	0.0020663476938531655	0.0003407376657880157	0.002598922159643191	-0.0013629259889040846	2.0095804720288157e-06	-0.0006575358272300491
0.0015917357796997322	-0.00029844600362105567	-0.0007420752862339342	0.0006527846635753232	0.00303578795654591	-0.001487744788019052	0.0003140565782597804	-0.0035283682068745215
0.000593185386780215	-0.003169278383265084	-0.003987364063223531	0.0003407376657880157	0.00322301615521825	-0.0026735233796113533	-6.039981908467773e-05	-0.004714146798467045
0.0028399237708494063	-0.004916741570874628	-0.005547599052160734	0.0005279658644607998	0.004221566548137989	-0.0036720737725308705	0.0003764659778173751	-0.004589327999351855
0.0013420981814693533	-0.005228788568661935	-0.004299411061010838	9.110006755852496e-05	0.0037847007512350483	-0.004483395966778492	-0.00037244681687265135	-0.005088603195811725
0.0017789639783720723	-0.0047295133722022875	0.0010677973009332042	0.0005903752640183946	0.004658432345040264	-0.0034224361743009357	0.00012682837958721827	-0.0033411400082021814
0.0006555947863369216	0.0007625137888565003	0.004063448479692422	0.0005903752640183946	0.004658432345040264	-0.0022366575827086344	0.00012682837958721827	-0.0018433144188225725
-0.0017783717964046097	0.002697205175138606	0.005374045870399691	0.0001535094671152315	0.003472653753447963	-0.0003643755959841233	-0.00018521861820031127	-0.00022067003032777421
-0.00015572740791025552	0.00425744016407581	0.005935730466417155	0.00046555646490276104	0.0023492845614134783	0.0024440473841025323	6.441898003006763e-05	0.0013395649586098735
-0.0020904187941921393	0.004694305960978085	0.005124408272169534	0.00027832826623042095	0.0007890495724758306	0.005439698562862194	-0.0002476280177574619	0.0033990751440067246
0.00021872898943486874	0.004756715360535679	0.0043754954774799515	0.0007776034626909567	-2.227262177134648e-05	0.007624027547374235	-0.00012280921864271654	0.0027749811484314435
-0.0013415059995025569	0.0038829837667309075	0.0026904416894275585	0.0001535094671152315	-0.0005839572177888108	0.006063792558437031	-6.039981908467773e-05	0.002026068353741861
0.0007180041858945163	0.003383708570271038	0.0018167100956227866	0.0004031470653456104	0.0005394119742463399	0.004066691772597331	2.0095804720288157e-06	0.0012771555590518346
-0.0005925932048123084	0.0030092521729261357	0.002378394691640473	0.0005903752640183946	0.0012883247689359223	0.001882362788085512	0.00012682837958721827	0.0005282427643618082
-0.0009046402025998379	0.002322748777794148	0.0029400792876577153	0.00027832826623042095	0.0015379623671663012	-5.2328598196593745e-05	-6.039981908467773e-05	9.137696745975532e-05
0.0009676417841244511	0.0025723863760236387	0.003876220281020082	0.0007151940631329179	0.0020372375636259488	-0.0008012413928866202	0.0003140565782597804	0.0003410145656899122
-0.0009670496021574326	0.002322748777794148	0.0035641732832323303	0.0004031470653456104	0.0015379623671663012	-0.0017997917858065815	6.441898003006763e-05	0.0003410145656899122
0.0005307759872221762	0.0018234735813340563	0.0026904416894275585	0.00027832826623042095	0.0011010965702631381	-0.0024238857813814185	-0.0002476280177574619	0.00046583336480421345
-0.0007798214034850925	0.001698654782218867	0.0020663476938531655	0.00046555646490276104	0.0012883247689359223	-0.001487744788019052	0.00025164717870262976	0.0005906521639194029
0.0010924605832400847	0.0011369701862016246	0.001130206700490799	0.0006527846635753232	-0.00039672901911691483	-0.0007388319933290255	-0.00037244681687265135	9.137696745975532e-05
-0.0007174120039270537	-0.00017362720450586622	-0.0007420752862339342	0.0007776034626909567	-0.0005215478182312161	-0.0001771473973117832	0.00025164717870262976	0.0005282427643618082
0.0017789639783720723	-0.00017362720450586622	-0.0018654444782688628	0.0005903752640183946	-0.0006463666173461835	-0.0006140131942145022	0.00025164717870262976	0.0003410145656899122
0.0016541451792568829	-0.0018586809925578152	-0.0026143572729586673	0.00021591886667282623	-0.00139527941203621	-0.0019246105849213269	-0.00031003741731505663	-0.0006575358272300491
0.000156319589877274	-0.0017338621934430698	-0.0018654444782688628	0.00027832826623042095	-0.0006463666173461835	-0.0022366575827086344	2.0095804720288157e-06	-0.0006575358272300491
0.0019037827774870397	-0.0011097681978682328	-0.0004924376880044434	0.0007776034626909567	0.00010254617734339888	-0.002111838783593667	0.00025164717870262976	-0.00047030762855726493
-0.0002805462070250009	-0.0005480836018503243	0.0006309315040309293	0.00046555646490276104	0.0004770025746887452	-0.0022366575827086344	0.00012682837958721827	-0.0010319922245753954
0.0008428229850097058	-4.880840539067677e-05	0.0011926161000479496	0.00021591886667282623	0.0004770025746887452	-0.0028607515782836934	-0.00018521861820031127	-0.0006575358272300491
-0.0007798214034850925	0.0009497419875288404	0.0020039382942951267	0.00027832826623042095	0.002224465762298289	-0.0015501541875762026	0.00012682837958721827	-0.0007199452267876438
0.0010924605832400847	0.001261788985316592	0.002191166492967689	9.110006755852496e-05	0.002411693960970629	-0.0013005165893464898	-0.00018521861820031127	-0.0012192204232477355
-0.0008422308030426873	0.0008249231884140951	0.0008805691022604201	0.0006527846635753232	0.0030981973561030607	-0.0005516037946562413	0.00025164717870262976	-0.0012192204232477355
-3.090860879506607e-05	1.3600994166917957e-05	0.00013165630757083768	0.0005279658644607998	0.0033478349543329955	-0.0001771473973117832	0.00018923777914503503	-0.001531267421035043
0.0012796887819122027	-0.0007353118005231085	-0.0008044846857915289	0.00021591886667282623	0.0029733785569878712	-0.0011756977902313004	-0.00018521861820031127	-0.002592227213512599
-0.00015572740791025552	-0.0007353118005231085	-0.0004300282884468487	0.00021591886667282623	0.003472653753447963	-0.0016125635871337973	-6.039981908467773e-05	-0.002592227213512599
0.0014669169805845428	-0.00023603660406346094	0.0005061127049157399	0.0007151940631329179	0.0037847007512350483	-0.002111838783593667	0.00012682837958721827	-0.0022801802157246254
-0.0005301838052551577	0.00013841979328166332	0.0015046630978357012	0.0003407376657880157	0.004159157148580173	-0.0026111139800537586	-0.00031003741731505663	-0.0024674084143969655
0.0006555947863369216	0.0002632385923966307	0.0018791194951803813	0.0001535094671152315	0.0032854255547754008	-0.0022366575827086344	0.00012682837958721827	-0.0012192204232477355
-0.0007798214034850925	0.0010121513870864352	0.002378394691640473	0.0005279658644607998	0.002598922159643191	-0.0017997917858065815	0.00012682837958721827	-0.0009071734254597619
0.0010924605832400847	0.0008249231884140951	6.8375084556482335e-06	0.0003407376657880157	0.0018500093649531646	-0.0008636507924442149	0.00012682837958721827	-0.0005327170281157478
0.0014669169805845428	-0.0014218151956555403	-0.0018654444782688628	0.00021591886667282623	0.0009762777711486148	-0.0008636507924442149	-0.00018521861820031127	-0.0011568110236901408
0.00021872898943486874	-0.0019834997916730046	-0.00286399487118838	0.0004031470653456104	0.0011635059698207328	1.008080136055689e-05	6.441898003006763e-05	-0.0009071734254597619
0.0021534203757169745	-0.0022331373899031615	-0.0029264042707459748	0.0007776034626909567	0.0012883247689359223	7.249020091815161e-05	0.0003140565782597804	-0.0009695828250173566
3.150079076252865e-05	-0.0024203655885755015	-0.002676766672516262	0.0001535094671152315	0.0008514589720334254	-0.001050878991116111	-0.00018521861820031127	-0.0014064486219200756
0.0017165545788144776	-0.0012969963965405729	-0.0010541222840212416	0.0006527846635753232	0.0015379623671663012	-0.0017997917858065815	2.0095804720288157e-06	-0.0016560862201502324
-0.00021813680746785025	-0.0005480836018503243	0.0006933409035876359	0.0004031470653456104	0.0033478349543329955	-0.003984120770318622	2.0095804720288157e-06	-0.002155361416609658
0.0010300511836818238	0.00013841979328166332	0.001941528894737976	0.00046555646490276104	0.003971928949907388	-0.0041089395694333675	0.00018923777914503503	-0.002155361416609658
-0.00046777440569734097	0.000637694989741755	0.0020663476938531655	0.0005279658644607998	0.00322301615521825	-0.003609664372973276	-6.039981908467773e-05	-0.0020929520170525073
-0.00040536500613974624	0.0002632385923966307	0.0011926161000479496	0.0003407376657880157	0.002598922159643191	-0.0020494293840360722	2.0095804720288157e-06	-0.001531267421035043
0.0015293263801421375	-0.00011121780494827149	0.00013165630757083768	0.0005279658644607998	0.0012883247689359223	-0.0007388319933290255	0.00012682837958721827	-0.0011568110236901408
-0.0002805462070250009	-0.0003608554031777622	-0.0006796658866763394	0.00027832826623042095	0.00041459317513115046	0.000634174796935838	-0.00012280921864271654	-0.0005327170281157478
0.0017789639783720723	0.0002632385923966307	0.00013165630757083768	0.0008400128622481073	0.0008514589720334254	0.0017575439889703226	0.00043887537737452575	-0.00034548882944296366
-0.0007798214034850925	0.0002632385923966307	0.00025647510668602713	-3.3718731556664494e-05	0.00010254617734339888	0.0011334499933959297	0.00012682837958721827	0.00021619576657494477
0.0009676417841244511	0.0015114265835460827	0.0018791194951803813	0.00046555646490276104	0.0007890495724758306	-0.0001771473973117832	2.0095804720288157e-06	0.0005282427643618082
-0.0009046402025998379	0.0024475675769084493	0.00300248868721531	0.0006527846635753232	0.0011010965702631381	-0.0006140131942145022	0.00025164717870262976	0.0007154709630345923
0.0006555947863369216	0.0028220239742537956	0.0035641732832323303	0.00027832826623042095	0.0009762777711486148	-0.0013005165893464898	-6.039981908467773e-05	0.00021619576657494477
0.0006555947863369216	0.0017610641817762396	0.0028776698881001206	0.00046555646490276104	0.0012883247689359223	-0.001487744788019052	2.0095804720288157e-06	-0.00028307942988536894
-0.00046777440569734097	0.0010121513870864352	0.0018791194951803813	0.0005279658644607998	0.0020372375636259488	-0.0011132883906741498	0.00018923777914503503	-0.00034548882944296366
0.001217279382354608	7.601039372451268e-05	0.0003812939058003284	0.0003407376657880157	0.0016627811662806025	-0.0013005165893464898	2.0095804720288157e-06	-0.0011568110236901408
-0.0003429556065825956	-0.0003608554031777622	-0.00030520948933165926	0.00021591886667282623	0.0015379623671663012	-0.0008012413928866202	-6.039981908467773e-05	-0.0006575358272300491
0.0015293263801421375	1.3600994166917957e-05	-5.55718911015024e-05	0.0006527846635753232	0.0017875999653955699	7.249020091815161e-05	-0.0002476280177574619	-0.0009071734254597619
-0.0006550026043703472	1.3600994166917957e-05	0.00031888450624362186	0.0001535094671152315	0.002661331559200786	-5.2328598196593745e-05	0.0003764659778173751	-0.0005327170281157478
0.001217279382354608	0.0008873325879712457	0.001567072497393296	0.00027832826623042095	0.0027237409587583805	-0.0008012413928866202	-0.00012280921864271654	-0.0007199452267876438
-0.0008422308030426873	0.0013241983848741867	0.00300248868721531	0.0006527846635753232	0.0029109691574302765	-0.0005516037946562413	0.00018923777914503503	-0.00028307942988536894
-0.001528734198175119	0.0010745607866438078	0.002565622890313257	-9.612813111403717e-05	0.0018500093649531646	-0.0008636507924442149	-0.000434856216429802	-0.0005327170281157478
0.0007180041858945163	0.001449017183988932	0.0026904416894275585	0.00046555646490276104	0.0015379623671663012	7.249020091815161e-05	0.00012682837958721827	0.000153786367017128
-0.0008422308030426873	0.001261788985316592	0.0018167100956227866	0.0003407376657880157	0.0007890495724758306	0.0008838123951653287	-6.039981908467773e-05	0.00046583336480421345
0.0011548699827970133	0.0010745607866438078	0.0012550254996055443	0.0005903752640183946	0.00041459317513115046	0.0018199533885279173	0.00025164717870262976	0.0009651085612643051
-0.0005301838052551577	0.0008873325879712457	0.0003812939058003284	0.00027832826623042095	-0.00039672901911691483	0.002319228584987787	-0.0002476280177574619	0.0007154709630345923
0.0009676417841244511	0.000637694989741755	-0.00024280008977406453	0.0003407376657880157	0.0001649555769009936	0.002943322580562624	0.0003140565782597804	0.0014019743581674682
-0.00021813680746785025	0.0013866077844313374	0.0006309315040309293	0.00021591886667282623	-2.227262177134648e-05	0.0011958593929530803	-0.0002476280177574619	9.137696745975532e-05
0.0009676417841244511	0.0007625137888565003	0.0005061127049157399	0.0001535094671152315	0.0007890495724758306	0.00032212779914830847	-0.00012280921864271654	9.137696745975532e-05
0.0010924605832400847	0.0010121513870864352	0.0008181597027032694	0.0005903752640183946	0.0012883247689359223	-0.0008012413928866202	6.441898003006763e-05	-9.585123121258476e-05
-0.0005301838052551577	0.00032564799195422545	0.0006933409035876359	0.0004031470653456104	0.0016627811662806025	-0.0017997917858065815	6.441898003006763e-05	-0.00028307942988536894
0.0014045075810273921	-0.00017362720450586622	0.00031888450624362186	0.0005279658644607998	0.0016003717667230077	-0.002735932779168504	0.00012682837958721827	-0.0008447640259030553
-0.00021813680746785025	-0.0009225399991954486	-0.000367618888889254	0.0004031470653456104	0.0015379623671663012	-0.0030479797769562555	0.00012682837958721827	-0.0011568110236901408
0.0016541451792568829	-0.0014218151956555403	-0.000991712884463869	0.0005903752640183946	0.0014131435680506677	-0.002985570377398883	0.00018923777914503503	-0.001094401624132546
3.150079076252865e-05	-0.0017962715930006645	-0.0014909880809239606	0.0005279658644607998	0.0003521837755737778	-0.0030479797769562555	-0.0004972656159873967	-0.0020305426174949126
0.001217279382354608	-0.0024203655885755015	-0.002489538473843922	0.0005279658644607998	0.0007890495724758306	-0.0013005165893464898	0.00012682837958721827	-0.0007199452267876438
0.0002811383889922414	-0.0014218151956555403	-0.0011165316835790584	0.0009648316613628527	0.0006642307733606412	-0.00023955679686893383	0.0005012847769321205	-0.00022067003032777421
-0.00021813680746785025	-0.0007353118005231085	-0.0011165316835790584	9.110006755852496e-05	-0.00020950082044413065	-0.0003643755959841233	-0.00018521861820031127	-0.00028307942988536894
0.0013420981814693533	-0.00023603660406346094	-0.00055484708756115	0.0004031470653456104	-0.00020950082044413065	-0.0001771473973117832	-6.039981908467773e-05	-3.344183165543413e-05
-0.00021813680746785025	0.0002632385923966307	0.0005061127049157399	0.0005279658644607998	0.0004770025746887452	0.0003845371987054591	0.00012682837958721827	0.0005282427643618082
0.0009676417841244511	-4.880840539067677e-05	0.00031888450624362186	0.0004031470653456104	-2.227262177134648e-05	-0.0003643755959841233	-6.039981908467773e-05	0.000153786367017128
-0.0005301838052551577	0.000200829192839036	0.0006933409035876359	0.00027832826623042095	0.0003521837755737778	-0.00030196619642697264	-0.00018521861820031127	-3.344183165543413e-05
0.0010300511836818238	0.00013841979328166332	0.0005685221044733346	0.0004031470653456104	0.001350734168493517	0.0008214029956081781	0.0006261035760473099	0.0009026991617073765
-9.33180083526608e-05	0.0008873325879712457	0.0014422536982783285	9.110006755852496e-05	0.0006642307733606412	-0.00023955679686893383	-0.00031003741731505663	-0.0006575358272300491
0.000780413585452111	7.601039372451268e-05	0.0010677973009332042	0.00021591886667282623	0.0014131435680506677	0.00019730900003311902	-0.00012280921864271654	-0.0004078982290001143
0.0015293263801421375	0.0015738359831036774	0.0018791194951803813	0.0009024222618057021	0.0025365127600858184	0.0010086311942805182	0.00043887537737452575	-9.585123121258476e-05
-0.0006550026043703472	0.0013866077844313374	0.0016294818969508906	0.0003407376657880157	0.0020996469631830994	0.0006965841964925445	2.0095804720288157e-06	-0.0004078982290001143
0.0007180041858945163	0.0015114265835460827	0.001567072497393296	0.0001535094671152315	0.0015379623671663012	0.00044694659826305383	-0.0002476280177574619	-0.0005951264276724544
-0.0007174120039270537	0.0018234735813340563	0.0020039382942951267	0.0005279658644607998	0.0014131435680506677	0.001258268792510231	6.441898003006763e-05	0.0007154709630345923
0.0010300511836818238	0.001698654782218867	0.0020039382942951267	0.0006527846635753232	0.0012883247689359223	0.0011334499933959297	-0.00031003741731505663	0.0005282427643618082
-0.0010294590017150274	0.0009497419875288404	0.0011926161000479496	0.0001535094671152315	0.0005394119742463399	0.0005717653973782433	0.00012682837958721827	0.000777880362591743
0.0010300511836818238	0.0010745607866438078	0.0011926161000479496	0.0005903752640183946	0.0008514589720334254	0.0008214029956081781	0.00018923777914503503	0.0009651085612643051
-0.00040536500613974624	0.0007625137888565003	0.0005685221044733346	0.0001535094671152315	-0.00014709142088653593	0.00019730900003311902	-0.0002476280177574619	0.0003410145656899122
-0.0006550026043703472	0.0007001043892989056	0.0010053879013756095	0.00027832826623042095	0.0001649555769009936	0.000634174796935838	2.0095804720288157e-06	0.000777880362591743
0.0010300511836818238	0.0010745607866438078	0.0010053879013756095	0.0005279658644607998	0.0001649555769009936	0.0007589935960510275	2.0095804720288157e-06	0.0007154709630345923
-0.0005925932048123084	0.001449017183988932	0.0015046630978357012	0.0005279658644607998	0.0006642307733606412	0.0010086311942805182	0.00025164717870262976	0.0010275179608218998
0.0009676417841244511	0.001261788985316592	0.001130206700490799	0.00046555646490276104	0.0001649555769009936	0.00044694659826305383	6.441898003006763e-05	0.0005282427643618082
-0.0006550026043703472	0.001261788985316592	0.001130206700490799	0.00021591886667282623	0.0003521837755737778	0.00044694659826305383	0.00018923777914503503	0.00046583336480421345
0.0011548699827970133	0.0011993795857589973	0.0012550254996055443	0.0006527846635753232	0.00022736497645858833	-0.0003643755959841233	-0.000434856216429802	-9.585123121258476e-05
-0.0009046402025998379	0.0003880573915113761	0.0004437033053583672	0.0006527846635753232	0.000913868371590576	-0.0003643755959841233	0.00025164717870262976	0.000153786367017128
0.0014045075810273921	0.0007001043892989056	0.0008181597027032694	0.00046555646490276104	0.000913868371590576	-0.0006140131942145022	2.0095804720288157e-06	2.8967567902160596e-05
0.0010924605832400847	0.0004504667910689708	0.0010677973009332042	0.0005279658644607998	0.000913868371590576	-0.0007388319933290255	0.00012682837958721827	-3.344183165543413e-05
-0.0005925932048123084	0.000637694989741755	0.001130206700490799	0.0003407376657880157	0.0007266401729182359	-0.0008636507924442149	6.441898003006763e-05	2.8967567902160596e-05
0.0008428229850097058	0.000637694989741755	0.0010053879013756095	0.0004031470653456104	0.00041459317513115046	-0.0008636507924442149	-0.00018521861820031127	-3.344183165543413e-05
-0.0003429556065825956	0.0010121513870864352	0.0014422536982783285	0.0005903752640183946	0.0010386871707062095	-5.2328598196593745e-05	0.0003140565782597804	-0.00028307942988536894
0.0009676417841244511	0.0003880573915113761	0.0005061127049157399	0.00027832826623042095	0.000289774376015961	-0.0008636507924442149	2.0095804720288157e-06	2.8967567902160596e-05
-0.0005301838052551577	0.0003880573915113761	0.00031888450624362186	0.00027832826623042095	0.0008514589720334254	-0.00011473799775418847	0.0003140565782597804	0.00021619576657494477
0.0015293263801421375	0.0005128761906270096	0.0004437033053583672	0.00021591886667282623	0.0006018213738030465	-0.0008636507924442149	-0.00012280921864271654	-0.00047030762855726493
-0.00046777440569734097	-0.00023603660406346094	-0.000367618888889254	0.0004031470653456104	0.0012883247689359223	-0.0016125635871337973	-6.039981908467773e-05	-0.0010319922245753954
-0.00021813680746785025	-0.000423264802735801	-0.00030520948933165926	0.00046555646490276104	0.002224465762298289	-0.0017373823862489868	6.441898003006763e-05	-0.0011568110236901408
0.0014669169805845428	-0.0005480836018503243	6.8375084556482335e-06	0.0005903752640183946	0.0029733785569878712	-0.0022366575827086344	0.00018923777914503503	-0.001531267421035043
-0.00040536500613974624	-0.0007977212000807032	6.8375084556482335e-06	0.0001535094671152315	0.00303578795654591	-0.0028607515782836934	-0.00018521861820031127	-0.001968133217937318
0.0010924605832400847	-0.0005480836018503243	0.00025647510668602713	0.00046555646490276104	0.0029109691574302765	-0.002735932779168504	-0.00012280921864271654	-0.0012816298228048861
-0.0002805462070250009	-0.00023603660406346094	0.0008805691022604201	0.0005903752640183946	0.003472653753447963	-0.0019246105849213269	-0.00031003741731505663	-0.0020305426174949126
0.0008428229850097058	-0.0006729024009659579	0.00013165630757083768	0.0001535094671152315	0.0029733785569878712	-0.001238107189788673	0.00018923777914503503	-0.0012192204232477355
-0.00040536500613974624	-0.00011121780494827149	0.0006309315040309293	0.0004031470653456104	0.0027237409587583805	-0.0011756977902313004	-0.00012280921864271654	-0.0014688580214774483
0.001217279382354608	-0.00029844600362105567	0.0004437033053583672	0.0005279658644607998	0.002848559757873126	-0.000426784995541718	0.00025164717870262976	-0.001094401624132546
0.0013420981814693533	-4.880840539067677e-05	0.0003812939058003284	0.00046555646490276104	0.0025365127600858184	-0.000426784995541718	0.00018923777914503503	-0.0013440392223624809
-0.0002805462070250009	0.0003880573915113761	0.0003812939058003284	0.00046555646490276104	0.002598922159643191	-0.00023955679686893383	6.441898003006763e-05	-0.001094401624132546
0.0013420981814693533	0.0003880573915113761	0.0007557503031461188	0.0005279658644607998	0.002598922159643191	-0.0005516037946562413	6.441898003006763e-05	-0.0011568110236901408
-0.00040536500613974624	0.0005752855901841603	0.0010053879013756095	0.0003407376657880157	0.002661331559200786	-0.0008012413928866202	6.441898003006763e-05	-0.001094401624132546
0.0011548699827970133	0.000637694989741755	0.0011926161000479496	0.00046555646490276104	0.0023492845614134783	-0.0011756977902313004	0.00012682837958721827	-0.0007199452267876438
-0.0005301838052551577	0.0007001043892989056	0.0015046630978357012	0.00046555646490276104	0.0019124187645107593	-0.0015501541875762026	-6.039981908467773e-05	-0.001094401624132546
0.0009676417841244511	0.0004504667910689708	0.0011926161000479496	0.00027832826623042095	0.0016627811662806025	-0.0014253353884614572	-6.039981908467773e-05	-0.0006575358272300491
-0.0005925932048123084	0.0005128761906270096	0.0013798442987205117	0.0006527846635753232	0.0016627811662806025	-0.0009884695915594044	0.0003140565782597804	-0.00022067003032777421
-0.0005301838052551577	0.00032564799195422545	0.0007557503031461188	0.00027832826623042095	0.0007890495724758306	-0.0008636507924442149	6.441898003006763e-05	-0.0001582606307701795
0.0010924605832400847	0.0002632385923966307	0.0004437033053583672	0.0004031470653456104	0.0003521837755737778	-0.0008012413928866202	2.0095804720288157e-06	-0.00022067003032777421
-0.0005301838052551577	0.000200829192839036	0.00019406570712798832	0.00027832826623042095	4.0136777786248246e-05	-0.0004891943950993127	-0.00018521861820031127	2.8967567902160596e-05
0.0014669169805845428	0.0004504667910689708	0.0006309315040309293	0.0007151940631329179	0.0004770025746887452	-0.00011473799775418847	0.0003140565782597804	-0.00022067003032777421
-0.0005301838052551577	-4.880840539067677e-05	0.00013165630757083768	2.869066800093023e-05	0.00010254617734339888	-0.0006764225937718749	-6.039981908467773e-05	-0.00028307942988536894
0.0010924605832400847	0.000200829192839036	0.0003812939058003284	0.0004031470653456104	0.000913868371590576	-5.2328598196593745e-05	0.0005012847769321205	0.0006530615634769976
-0.00015572740791025552	0.0007625137888565003	0.0011926161000479496	0.00021591886667282623	4.0136777786248246e-05	-0.0007388319933290255	-0.00018521861820031127	-0.00022067003032777421
0.0008428229850097058	0.00013841979328166332	0.0011926161000479496	0.0003407376657880157	0.000289774376015961	-0.0003643755959841233	-6.039981908467773e-05	0.00027860516613231745
0.0009052323845673005	0.0007001043892989056	0.0010677973009332042	0.0004031470653456104	0.00022736497645858833	-0.0001771473973117832	-6.039981908467773e-05	0.00027860516613231745
-0.0005925932048123084	0.0008249231884140951	0.0014422536982783285	0.00046555646490276104	0.0007890495724758306	0.0005717653973782433	0.00025164717870262976	0.0005906521639194029
0.0009052323845673005	0.0007625137888565003	0.0011926161000479496	0.00027832826623042095	0.0005394119742463399	0.00025971839959071374	-0.00018521861820031127	0.000153786367017128
-0.0007174120039270537	0.0011369701862016246	0.001317434899163139	0.00046555646490276104	0.0007266401729182359	0.0009462217947229234	6.441898003006763e-05	0.0005282427643618082
0.0009676417841244511	0.0010745607866438078	0.001317434899163139	0.00046555646490276104	0.000913868371590576	0.0011958593929530803	-0.00012280921864271654	0.00027860516613231745
-0.0008422308030426873	0.0010121513870864352	0.0010053879013756095	0.00021591886667282623	0.0010386871707062095	0.0014454969911830151	0.0003764659778173751	0.0005906521639194029
0.0012796887819122027	0.0013866077844313374	0.0013798442987205117	0.00021591886667282623	0.0008514589720334254	0.0010086311942805182	-0.00018521861820031127	0.00027860516613231745
-0.0007798214034850925	0.0009497419875288404	0.0010677973009332042	0.0005903752640183946	0.001350734168493517	0.0008838123951653287	6.441898003006763e-05	0.000153786367017128
-0.0007798214034850925	0.0005752855901841603	0.0007557503031461188	0.0001535094671152315	0.0011635059698207328	0.00025971839959071374	-0.00012280921864271654	-9.585123121258476e-05
0.001217279382354608	0.0008873325879712457	0.0010053879013756095	0.0007776034626909567	0.0017251905658381972	0.00019730900003311902	0.00025164717870262976	9.137696745975532e-05
-0.0005301838052551577	0.0005128761906270096	0.0009429785018180148	0.0005279658644607998	0.0019124187645107593	-5.2328598196593745e-05	0.00012682837958721827	9.137696745975532e-05
0.0010300511836818238	0.00032564799195422545	0.0006309315040309293	0.0004031470653456104	0.0016003717667230077	-0.000426784995541718	-6.039981908467773e-05	-0.00022067003032777421
-0.0007174120039270537	0.00032564799195422545	0.0005685221044733346	0.0004031470653456104	0.0016003717667230077	-0.0003643755959841233	0.0003140565782597804	-3.344183165543413e-05
0.0014045075810273921	0.0003880573915113761	0.0008805691022604201	0.0007151940631329179	0.0014131435680506677	-0.0005516037946562413	-0.00012280921864271654	-0.0005951264276724544
-0.0006550026043703472	1.3600994166917957e-05	0.00013165630757083768	0.00046555646490276104	0.001350734168493517	-0.0004891943950993127	2.0095804720288157e-06	-0.0004078982290001143
0.001217279382354608	0.000200829192839036	0.00013165630757083768	0.0004031470653456104	0.0011010965702631381	-0.0001771473973117832	-6.039981908467773e-05	2.8967567902160596e-05
0.0014045075810273921	0.0003880573915113761	0.0004437033053583672	0.0007776034626909567	0.0011010965702631381	0.00019730900003311902	0.0003140565782597804	0.0003410145656899122
-0.0005925932048123084	-4.880840539067677e-05	-0.00011798129065909713	0.0001535094671152315	0.0001649555769009936	-0.0001771473973117832	-0.00018521861820031127	2.8967567902160596e-05
0.001217279382354608	0.0002632385923966307	6.8375084556482335e-06	0.0005279658644607998	4.0136777786248246e-05	-0.00011473799775418847	-6.039981908467773e-05	0.0003410145656899122
-9.33180083526608e-05	0.0003880573915113761	0.0004437033053583672	0.0007151940631329179	0.0005394119742463399	0.00032212779914830847	0.00043887537737452575	9.137696745975532e-05
0.0010300511836818238	-0.00017362720450586622	-0.00018039069021669185	0.00027832826623042095	-0.00020950082044413065	-0.000426784995541718	2.0095804720288157e-06	0.0004034239652475069
-0.00040536500613974624	1.3600994166917957e-05	6.924690801324296e-05	0.00027832826623042095	0.0001649555769009936	-0.00011473799775418847	0.00012682837958721827	0.00046583336480421345
0.0014045075810273921	0.0002632385923966307	0.00019406570712798832	0.0005279658644607998	0.00022736497645858833	0.00013489960047574634	0.00012682837958721827	0.0005906521639194029
-0.0003429556065825956	0.0002632385923966307	-0.00011798129065909713	0.0001535094671152315	-0.0002719102200012813	-0.0005516037946562413	-0.00037244681687265135	-0.00022067003032777421
-0.00040536500613974624	0.00032564799195422545	0.00013165630757083768	0.0004031470653456104	-8.46820213289412e-05	-0.00011473799775418847	-6.039981908467773e-05	0.0003410145656899122
0.0015917357796997322	0.000637694989741755	0.0007557503031461188	0.0009024222618057021	0.0006642307733606412	0.0003845371987054591	0.0005012847769321205	0.0006530615634769976
-0.0005925932048123084	0.00013841979328166332	6.924690801324296e-05	0.0001535094671152315	-8.46820213289412e-05	-0.0003643755959841233	-0.0002476280177574619	-3.344183165543413e-05
0.001217279382354608	0.0002632385923966307	0.00031888450624362186	0.00046555646490276104	0.0001649555769009936	-0.00023955679686893383	-0.00012280921864271654	0.0007154709630345923
-0.00021813680746785025	0.0007001043892989056	0.0008181597027032694	0.0006527846635753232	0.0005394119742463399	0.00032212779914830847	-0.00018521861820031127	9.137696745975532e-05
0.0009676417841244511	7.601039372451268e-05	0.00025647510668602713	0.00021591886667282623	-0.00014709142088653593	0.00013489960047574634	-0.00012280921864271654	0.0004034239652475069
-0.0006550026043703472	0.00032564799195422545	0.0005061127049157399	0.0004031470653456104	-0.0002719102200012813	0.00032212779914830847	-0.00012280921864271654	0.00046583336480421345
0.0009676417841244511	0.0005128761906270096	0.0009429785018180148	0.0004031470653456104	0.0001649555769009936	0.0007589935960510275	2.0095804720288157e-06	0.000777880362591743
0.0008428229850097058	0.0007001043892989056	0.0008181597027032694	0.0004031470653456104	4.0136777786248246e-05	0.00044694659826305383	-0.00018521861820031127	0.00046583336480421345
-0.00040536500613974624	0.0011993795857589973	0.0015046630978357012	0.0005903752640183946	0.0009762777711486148	0.001071040593838335	0.00025164717870262976	0.0009026991617073765
0.0006555947863369216	0.000637694989741755	0.0009429785018180148	0.00021591886667282623	0.0003521837755737778	0.00025971839959071374	-0.00031003741731505663	9.137696745975532e-05
-0.0007174120039270537	0.0010745607866438078	0.0013798442987205117	0.0003407376657880157	0.0007890495724758306	0.0008214029956081781	2.0095804720288157e-06	0.0004034239652475069
0.0009676417841244511	0.0013241983848741867	0.0015046630978357012	0.0006527846635753232	0.0011010965702631381	0.0007589935960510275	6.441898003006763e-05	0.00021619576657494477
-0.0005301838052551577	0.001261788985316592	0.0015046630978357012	0.0004031470653456104	0.0017251905658381972	0.0003845371987054591	0.00012682837958721827	-3.344183165543413e-05
0.0009676417841244511	0.0011993795857589973	0.001567072497393296	0.0001535094671152315	0.0015379623671663012	1.008080136055689e-05	-0.0002476280177574619	-0.00034548882944296366
-0.0009670496021574326	0.0009497419875288404	0.0018791194951803813	0.0008400128622481073	0.0022868751618554395	0.00032212779914830847	0.0003764659778173751	9.137696745975532e-05
-0.0009046402025998379	0.0007625137888565003	0.001130206700490799	2.869066800093023e-05	0.001350734168493517	-0.00023955679686893383	-0.0002476280177574619	-0.00028307942988536894
0.0008428229850097058	0.0008249231884140951	0.001130206700490799	0.0004031470653456104	0.0011635059698207328	-5.2328598196593745e-05	-6.039981908467773e-05	-9.585123121258476e-05
-0.0005301838052551577	0.001261788985316592	0.0012550254996055443	0.0005903752640183946	0.0011635059698207328	0.0005093559978206486	0.00018923777914503503	0.0005282427643618082
0.0010924605832400847	0.000637694989741755	0.0008805691022604201	0.0005279658644607998	0.0007890495724758306	7.249020091815161e-05	0.00012682837958721827	0.0003410145656899122
-0.0006550026043703472	0.0005128761906270096	0.0005061127049157399	0.00021591886667282623	0.0005394119742463399	0.00013489960047574634	0.00012682837958721827	0.0004034239652475069
0.001217279382354608	0.0005128761906270096	0.0003812939058003284	0.0005903752640183946	0.0007266401729182359	-5.2328598196593745e-05	6.441898003006763e-05	0.00027860516613231745
-0.00040536500613974624	0.0002632385923966307	0.00013165630757083768	0.0001535094671152315	0.00022736497645858833	-0.0006140131942145022	-0.00018521861820031127	-0.0001582606307701795
0.0010300511836818238	-0.00017362720450586622	6.924690801324296e-05	0.00046555646490276104	0.0006018213738030465	-0.00023955679686893383	0.00012682837958721827	0.00021619576657494477
0.001217279382354608	-4.880840539067677e-05	6.924690801324296e-05	0.0004031470653456104	0.0004770025746887452	-0.0006764225937718749	-6.039981908467773e-05	-9.585123121258476e-05
-0.00040536500613974624	7.601039372451268e-05	6.924690801324296e-05	0.0004031470653456104	0.0007266401729182359	-0.0006764225937718749	0.00012682837958721827	9.137696745975532e-05
0.0010924605832400847	-0.00023603660406346094	6.8375084556482335e-06	0.0003407376657880157	0.0006018213738030465	-0.0011132883906741498	-0.00018521861820031127	-0.00047030762855726493
-0.00046777440569734097	0.00013841979328166332	0.00025647510668602713	0.00046555646490276104	0.000913868371590576	-0.0008012413928866202	2.0095804720288157e-06	-9.585123121258476e-05
0.0013420981814693533	0.00013841979328166332	0.0004437033053583672	0.0005903752640183946	0.0011635059698207328	-0.0006140131942145022	-0.00012280921864271654	-0.00022067003032777421
-0.0005925932048123084	-4.880840539067677e-05	0.00025647510668602713	0.00021591886667282623	0.000913868371590576	-0.00023955679686893383	0.0003140565782597804	2.8967567902160596e-05
0.0014045075810273921	0.0003880573915113761	0.0006309315040309293	0.0004031470653456104	0.0006018213738030465	-5.2328598196593745e-05	2.0095804720288157e-06	0.000153786367017128
-0.0005301838052551577	0.0002632385923966307	0.0005061127049157399	0.0004031470653456104	0.0006018213738030465	-0.00023955679686893383	-6.039981908467773e-05	-9.585123121258476e-05
-0.00040536500613974624	0.0005128761906270096	0.0006933409035876359	0.0003407376657880157	0.0007266401729182359	0.00013489960047574634	6.441898003006763e-05	9.137696745975532e-05
0.0010924605832400847	0.0005128761906270096	0.0006309315040309293	0.00046555646490276104	0.0007890495724758306	-5.2328598196593745e-05	-0.00012280921864271654	-9.585123121258476e-05
-0.00015572740791025552	0.0011369701862016246	0.001317434899163139	0.0008400128622481073	0.0017251905658381972	0.00044694659826305383	0.0005636941764897152	0.0005282427643618082
0.0009676417841244511	0.00032564799195422545	0.0005061127049157399	0.0001535094671152315	0.0008514589720334254	-0.0006140131942145022	-0.00031003741731505663	-0.00022067003032777421
-0.0005301838052551577	0.0005752855901841603	0.0008181597027032694	0.00027832826623042095	0.0012883247689359223	-0.00030196619642697264	0.0003764659778173751	-9.585123121258476e-05
0.0013420981814693533	0.0007625137888565003	0.0012550254996055443	0.0007151940631329179	0.0010386871707062095	-0.0009884695915594044	-0.00037244681687265135	-0.0007823546263450165
-0.0009046402025998379	0.00013841979328166332	0.0005061127049157399	0.0003407376657880157	0.0015379623671663012	-0.0009260601920018097	-0.00012280921864271654	-0.0007199452267876438
0.0010924605832400847	0.0002632385923966307	0.0012550254996055443	0.0005903752640183946	0.002224465762298289	-0.000426784995541718	0.00043887537737452575	-0.0001582606307701795
0.0009052323845673005	1.3600994166917957e-05	0.0005061127049157399	2.869066800093023e-05	0.0012883247689359223	-0.0014253353884614572	-0.000434856216429802	-0.0012192204232477355
-0.00046777440569734097	0.0007001043892989056	0.0009429785018180148	0.0005279658644607998	0.0017875999653955699	-0.0004891943950993127	0.00025164717870262976	-0.0001582606307701795
0.0010924605832400847	0.0004504667910689708	0.0010053879013756095	0.0005279658644607998	0.001350734168493517	-0.0004891943950993127	6.441898003006763e-05	-0.00028307942988536894
-0.0005925932048123084	0.0003880573915113761	0.0006933409035876359	0.0003407376657880157	0.0011010965702631381	-0.000426784995541718	6.441898003006763e-05	-0.0005327170281157478
0.0009052323845673005	0.00013841979328166332	0.00025647510668602713	0.00027832826623042095	0.0006642307733606412	-0.0006764225937718749	0.00043887537737452575	0.00046583336480421345
-0.00015572740791025552	0.0007625137888565003	0.001130206700490799	0.0007776034626909567	0.0005394119742463399	-0.000426784995541718	-0.0002476280177574619	-0.00047030762855726493
0.0008428229850097058	-0.00011121780494827149	0.00019406570712798832	0.00021591886667282623	0.0007266401729182359	-0.00011473799775418847	-0.00012280921864271654	-9.585123121258476e-05
-0.0005301838052551577	0.000200829192839036	0.00031888450624362186	0.0004031470653456104	0.0003521837755737778	7.249020091815161e-05	-0.00018521861820031127	-3.344183165543413e-05
-0.00015572740791025552	0.0009497419875288404	0.001317434899163139	0.0009648316613628527	0.001350734168493517	0.0011958593929530803	0.0006261035760473099	0.0010275179608218998
0.0008428229850097058	0.00032564799195422545	0.0004437033053583672	0.00021591886667282623	0.0003521837755737778	1.008080136055689e-05	-0.00018521861820031127	-9.585123121258476e-05
-0.0006550026043703472	0.0007625137888565003	0.0006933409035876359	0.0003407376657880157	0.000913868371590576	0.00025971839959071374	-0.00018521861820031127	0.00021619576657494477
0.0011548699827970133	0.0007625137888565003	0.0010677973009332042	0.0006527846635753232	0.0012259153693787717	0.00044694659826305383	0.00018923777914503503	-3.344183165543413e-05
-0.0007798214034850925	0.0005128761906270096	0.0007557503031461188	0.0001535094671152315	0.0009762777711486148	-0.00011473799775418847	0.00012682837958721827	-3.344183165543413e-05
0.001217279382354608	0.0008249231884140951	0.0010677973009332042	0.0005903752640183946	0.0010386871707062095	0.00013489960047574634	-6.039981908467773e-05	0.000153786367017128
-0.0006550026043703472	0.000637694989741755	0.0008181597027032694	0.0005903752640183946	0.0008514589720334254	0.00013489960047574634	6.441898003006763e-05	0.000153786367017128
0.0011548699827970133	0.000637694989741755	0.0003812939058003284	9.110006755852496e-05	0.0003521837755737778	-0.00011473799775418847	-0.0002476280177574619	2.8967567902160596e-05
0.0011548699827970133	0.0007001043892989056	0.0006309315040309293	0.0007151940631329179	0.0006018213738030465	0.00025971839959071374	6.441898003006763e-05	0.0003410145656899122
-0.0002805462070250009	0.0008249231884140951	0.0010053879013756095	0.0007151940631329179	0.0010386871707062095	0.000634174796935838	0.0003140565782597804	0.000777880362591743
0.0009676417841244511	0.0003880573915113761	0.0006933409035876359	0.0003407376657880157	0.0004770025746887452	-5.2328598196593745e-05	-6.039981908467773e-05	9.137696745975532e-05
-0.0005925932048123084	0.0005128761906270096	0.0006933409035876359	0.0003407376657880157	0.0005394119742463399	-0.00011473799775418847	-6.039981908467773e-05	0.0003410145656899122
0.0010300511836818238	0.0007625137888565003	0.0009429785018180148	0.0005903752640183946	0.0007266401729182359	1.008080136055689e-05	0.00025164717870262976	0.00046583336480421345
-0.00040536500613974624	0.0007625137888565003	0.0010677973009332042	0.0005279658644607998	0.0005394119742463399	-0.0005516037946562413	-0.00012280921864271654	-0.00022067003032777421
0.0009676417841244511	0.00032564799195422545	0.0006309315040309293	0.00046555646490276104	0.000913868371590576	-0.0001771473973117832	6.441898003006763e-05	0.000153786367017128
-0.0005301838052551577	0.000637694989741755	0.0009429785018180148	0.0007151940631329179	0.001350734168493517	-5.2328598196593745e-05	0.0003140565782597804	9.137696745975532e-05
-0.0007174120039270537	0.00013841979328166332	0.0003812939058003284	2.869066800093023e-05	0.0008514589720334254	-0.0006140131942145022	-0.00037244681687265135	-0.00047030762855726493
0.0012796887819122027	0.0004504667910689708	0.0006933409035876359	0.0007776034626909567	0.0011635059698207328	-0.00023955679686893383	0.00018923777914503503	-3.344183165543413e-05
-0.0002805462070250009	0.0007001043892989056	0.0008181597027032694	0.0006527846635753232	0.0012883247689359223	0.00019730900003311902	0.00025164717870262976	0.00027860516613231745
0.0011548699827970133	0.00032564799195422545	0.0005061127049157399	0.0004031470653456104	0.0007890495724758306	-0.0003643755959841233	-6.039981908467773e-05	-0.00022067003032777421
-0.0006550026043703472	0.00032564799195422545	0.00025647510668602713	0.00027832826623042095	0.0006642307733606412	-0.0004891943950993127	0.0003140565782597804	9.137696745975532e-05
0.0014669169805845428	0.0005128761906270096	0.0008805691022604201	0.0007776034626909567	0.0012883247689359223	-0.000426784995541718	0.00012682837958721827	-9.585123121258476e-05
-0.00046777440569734097	0.0002632385923966307	0.0005061127049157399	0.0004031470653456104	0.0012883247689359223	-0.0008012413928866202	-6.039981908467773e-05	-0.0005951264276724544
0.0010924605832400847	0.00013841979328166332	0.0005685221044733346	0.00046555646490276104	0.0016627811662806025	-0.0006764225937718749	0.00012682837958721827	-0.00028307942988536894
0.0012796887819122027	0.0002632385923966307	0.0005685221044733346	0.0006527846635753232	0.0014131435680506677	-0.0005516037946562413	0.00018923777914503503	-0.00028307942988536894
-0.00046777440569734097	1.3600994166917957e-05	0.00031888450624362186	0.00027832826623042095	0.0012259153693787717	-0.0006764225937718749	2.0095804720288157e-06	-0.00028307942988536894
0.0009676417841244511	1.3600994166917957e-05	6.924690801324296e-05	0.00027832826623042095	0.0008514589720334254	-0.001050878991116111	-0.0002476280177574619	-0.0007823546263450165
-0.00021813680746785025	0.0004504667910689708	0.0008181597027032694	0.0007151940631329179	0.0017875999653955699	1.008080136055689e-05	0.00043887537737452575	0.00021619576657494477
0.0011548699827970133	7.601039372451268e-05	0.0003812939058003284	0.0004031470653456104	0.0012259153693787717	-0.0006764225937718749	-0.00018521861820031127	-0.00047030762855726493
-0.0006550026043703472	0.00013841979328166332	0.00031888450624362186	0.0001535094671152315	0.0015379623671663012	-5.2328598196593745e-05	0.00025164717870262976	2.8967567902160596e-05
0.0013420981814693533	0.0005752855901841603	0.0009429785018180148	-0.00015853753067185394	0.0004770025746887452	-0.0008012413928866202	-0.0004972656159873967	-0.0006575358272300491
-0.0010294590017150274	-0.00011121780494827149	0.0009429785018180148	0.0007151940631329179	0.0012259153693787717	1.008080136055689e-05	0.0003140565782597804	0.000153786367017128
-0.0006550026043703472	0.0004504667910689708	0.0006933409035876359	0.00021591886667282623	0.0008514589720334254	-0.0001771473973117832	-0.00012280921864271654	-9.585123121258476e-05
0.001217279382354608	0.000637694989741755	0.001130206700490799	0.0005903752640183946	0.001350734168493517	7.249020091815161e-05	0.00012682837958721827	9.137696745975532e-05
-0.0006550026043703472	0.0005752855901841603	0.0010053879013756095	0.0003407376657880157	0.0012259153693787717	-0.00011473799775418847	2.0095804720288157e-06	-9.585123121258476e-05
0.0010300511836818238	0.0007001043892989056	0.0010677973009332042	0.0005279658644607998	0.0012259153693787717	-0.0001771473973117832	6.441898003006763e-05	0.0003410145656899122
-0.00040536500613974624	0.0009497419875288404	0.0014422536982783285	0.0006527846635753232	0.0017251905658381972	0.00032212779914830847	-0.00012280921864271654	-0.00034548882944296366
0.0008428229850097058	0.0005752855901841603	0.0008805691022604201	0.00027832826623042095	0.0007890495724758306	-0.000426784995541718	-0.00037244681687265135	-0.00047030762855726493
-0.0008422308030426873	0.0005128761906270096	0.0007557503031461188	0.0008400128622481073	0.0014755529676087065	0.00019730900003311902	0.0003764659778173751	0.000153786367017128
0.0012796887819122027	0.0010121513870864352	0.0008805691022604201	0.00027832826623042095	0.0011635059698207328	-5.2328598196593745e-05	-6.039981908467773e-05	-9.585123121258476e-05
0.0010924605832400847	0.0005752855901841603	0.0010053879013756095	0.0005903752640183946	0.0012259153693787717	-5.2328598196593745e-05	0.00018923777914503503	-9.585123121258476e-05
-0.0005301838052551577	0.0007625137888565003	0.0008805691022604201	0.0005279658644607998	0.0011635059698207328	1.008080136055689e-05	6.441898003006763e-05	0.00021619576657494477
0.0009676417841244511	0.0003880573915113761	0.0007557503031461188	0.0004031470653456104	0.0007890495724758306	-0.0001771473973117832	2.0095804720288157e-06	2.8967567902160596e-05
-0.0005925932048123084	0.0005752855901841603	0.0008805691022604201	0.0005903752640183946	0.0006642307733606412	0.00025971839959071374	0.00025164717870262976	-0.0001582606307701795
0.0008428229850097058	0.0002632385923966307	0.0003812939058003284	2.869066800093023e-05	0.00010254617734339888	-0.0003643755959841233	0.00012682837958721827	0.0006530615634769976
-0.00046777440569734097	0.0007001043892989056	0.0007557503031461188	0.0005279658644607998	0.000913868371590576	0.00044694659826305383	0.00043887537737452575	0.0006530615634769976
0.0013420981814693533	0.0007001043892989056	0.0009429785018180148	0.00046555646490276104	0.0006018213738030465	0.00013489960047574634	0.00025164717870262976	0.0003410145656899122
-0.0005301838052551577	0.00032564799195422545	0.0004437033053583672	0.00021591886667282623	0.0006642307733606412	-0.00030196619642697264	-0.00031003741731505663	-0.0001582606307701795
-0.0007174120039270537	1.3600994166917957e-05	0.00013165630757083768	9.110006755852496e-05	0.00041459317513115046	-0.00023955679686893383	-0.00018521861820031127	-0.0001582606307701795
0.0014669169805845428	0.0005752855901841603	0.0007557503031461188	0.0008400128622481073	0.0010386871707062095	0.00032212779914830847	0.0003764659778173751	0.0004034239652475069
-0.00040536500613974624	0.0005128761906270096	0.0004437033053583672	0.0006527846635753232	0.0009762777711486148	0.00013489960047574634	0.00025164717870262976	0.00046583336480421345
0.001217279382354608	0.00032564799195422545	0.0005685221044733346	0.0005279658644607998	0.000913868371590576	1.008080136055689e-05	6.441898003006763e-05	2.8967567902160596e-05
-0.0006550026043703472	-4.880840539067677e-05	0.00019406570712798832	0.0001535094671152315	0.0006642307733606412	-0.00023955679686893383	-6.039981908467773e-05	-0.0001582606307701795
0.0011548699827970133	0.00013841979328166332	0.0003812939058003284	0.0003407376657880157	0.0007890495724758306	-0.00030196619642697264	-0.000434856216429802	-9.585123121258476e-05
-0.0006550026043703472	0.00013841979328166332	0.00031888450624362186	0.0010272410609208915	0.0014131435680506677	0.0005093559978206486	0.00081333177471965	0.0006530615634769976
0.0014669169805845428	0.0005752855901841603	-0.000367618888889254	-0.0005954033275743509	-8.46820213289412e-05	-0.0009260601920018097	-0.0009965408124474884	-0.0007823546263450165
0.001841373377929445	0.0011993795857589973	0.0011926161000479496	0.0014641068578229444	0.0016627811662806025	0.0008838123951653287	0.0010005599733922121	0.0009026991617073765
0.000156319589877274	0.0009497419875288404	0.001130206700490799	0.0010272410609208915	0.0018500093649531646	0.0006965841964925445	0.0006885129756049047	0.0008402897621497818
0.0006555947863369216	-0.000423264802735801	-0.00024280008977406453	-9.612813111403717e-05	0.0006642307733606412	-0.0009884695915594044	-0.0005596750155449914	-0.0011568110236901408
-0.0010294590017150274	-0.00023603660406346094	-0.00030520948933165926	-0.0004081751289015667	0.0007266401729182359	-0.001050878991116111	-0.0009965408124474884	-0.0011568110236901408
0.00209101097615938	0.001261788985316592	0.0016918912965075972	0.0015889256569381338	0.002786150358315531	0.0005093559978206486	-0.00031003741731505663	-0.0008447640259030553
-0.0007798214034850925	1.3600994166917957e-05	0.0003812939058003284	9.110006755852496e-05	0.0015379623671663012	-0.0011132883906741498	2.0095804720288157e-06	-0.0007199452267876438
0.0011548699827970133	0.000200829192839036	0.0006933409035876359	0.0005903752640183946	0.0017875999653955699	-0.0006764225937718749	0.00012682837958721827	-0.00028307942988536894
-0.0005301838052551577	0.000637694989741755	0.0011926161000479496	0.0006527846635753232	0.0019124187645107593	-0.0006764225937718749	0.00012682837958721827	-0.0004078982290001143
-0.0007174120039270537	0.00013841979328166332	0.0007557503031461188	0.0001535094671152315	0.0014755529676087065	-0.0008636507924442149	-6.039981908467773e-05	-0.0005327170281157478
0.0010924605832400847	0.0003880573915113761	0.0008181597027032694	0.0005279658644607998	0.001350734168493517	-0.0007388319933290255	2.0095804720288157e-06	-0.00047030762855726493
-0.0002805462070250009	0.0007625137888565003	0.0011926161000479496	0.0005903752640183946	0.0017875999653955699	1.008080136055689e-05	0.00025164717870262976	0.000153786367017128
0.0007180041858945163	7.601039372451268e-05	0.0003812939058003284	0.00021591886667282623	0.0005394119742463399	-0.0004891943950993127	-0.00018521861820031127	0.00021619576657494477
-0.00046777440569734097	0.0005128761906270096	0.0008181597027032694	0.0003407376657880157	0.0008514589720334254	0.00013489960047574634	2.0095804720288157e-06	2.8967567902160596e-05
0.0010300511836818238	0.0005752855901841603	0.0005685221044733346	0.00046555646490276104	0.0008514589720334254	0.00032212779914830847	2.0095804720288157e-06	0.000153786367017128
-0.0005925932048123084	0.000637694989741755	0.0008181597027032694	0.0006527846635753232	0.000913868371590576	0.00025971839959071374	0.00018923777914503503	0.000153786367017128
0.001217279382354608	0.000637694989741755	0.0007557503031461188	0.0004031470653456104	0.0008514589720334254	0.00013489960047574634	2.0095804720288157e-06	0.000153786367017128
0.0013420981814693533	0.0008249231884140951	0.001130206700490799	0.0006527846635753232	0.0012259153693787717	7.249020091815161e-05	0.00012682837958721827	9.137696745975532e-05
-0.0009670496021574326	0.0002632385923966307	0.0006309315040309293	2.869066800093023e-05	0.0006642307733606412	-0.00023955679686893383	-0.0002476280177574619	-0.00022067003032777421
0.0010300511836818238	0.0005128761906270096	0.0007557503031461188	0.0004031470653456104	0.0007266401729182359	-0.00011473799775418847	-6.039981908467773e-05	-3.344183165543413e-05
-0.0002805462070250009	0.0008873325879712457	0.001130206700490799	0.0006527846635753232	0.0012259153693787717	0.00044694659826305383	0.0003140565782597804	2.8967567902160596e-05
0.0010924605832400847	0.0003880573915113761	0.0006933409035876359	0.00046555646490276104	0.0006642307733606412	-5.2328598196593745e-05	2.0095804720288157e-06	0.00021619576657494477
-0.0006550026043703472	0.00032564799195422545	0.0006309315040309293	0.00021591886667282623	0.00041459317513115046	1.008080136055689e-05	-6.039981908467773e-05	0.000153786367017128
0.0010924605832400847	0.0005128761906270096	0.0004437033053583672	0.00046555646490276104	0.0006642307733606412	0.0003845371987054591	0.00012682837958721827	0.0005282427643618082
-0.00040536500613974624	0.000637694989741755	0.00031888450624362186	0.0003407376657880157	4.0136777786248246e-05	0.00013489960047574634	2.0095804720288157e-06	0.00021619576657494477
-0.0003429556065825956	0.0008873325879712457	0.0007557503031461188	0.0005903752640183946	0.0004770025746887452	0.0006965841964925445	0.00025164717870262976	0.0009651085612643051
0.0011548699827970133	0.0004504667910689708	0.0006309315040309293	0.00046555646490276104	0.00022736497645858833	0.00019730900003311902	2.0095804720288157e-06	0.0003410145656899122
-0.0005301838052551577	0.0003880573915113761	0.0005061127049157399	0.00021591886667282623	0.000289774376015961	1.008080136055689e-05	2.0095804720288157e-06	0.0003410145656899122
0.0010924605832400847	0.0005752855901841603	0.0006309315040309293	0.0005279658644607998	0.0005394119742463399	0.00013489960047574634	-6.039981908467773e-05	0.00027860516613231745
-0.0005301838052551577	0.0003880573915113761	0.0007557503031461188	0.0003407376657880157	0.0008514589720334254	-5.2328598196593745e-05	0.00018923777914503503	0.000153786367017128
0.001217279382354608	0.0005752855901841603	0.0008181597027032694	0.0005903752640183946	0.0007890495724758306	7.249020091815161e-05	6.441898003006763e-05	0.00027860516613231745
-0.0005301838052551577	0.0005752855901841603	0.0006933409035876359	0.0007776034626909567	0.0011635059698207328	0.0003845371987054591	0.0003764659778173751	0.0005906521639194029
0.0014045075810273921	0.0007625137888565003	0.0005061127049157399	0.0003407376657880157	0.0007266401729182359	-5.2328598196593745e-05	-0.00012280921864271654	0.000153786367017128
0.0011548699827970133	0.0005128761906270096	0.0007557503031461188	0.0005903752640183946	0.0011010965702631381	0.00013489960047574634	0.00018923777914503503	0.000153786367017128
-0.0007798214034850925	0.000200829192839036	0.00025647510668602713	0.00021591886667282623	0.0007266401729182359	-0.00011473799775418847	-0.0002476280177574619	-0.0001582606307701795
0.0013420981814693533	0.0007001043892989056	0.0008805691022604201	0.0007776034626909567	0.0014755529676087065	0.00025971839959071374	0.0003140565782597804	0.00027860516613231745
-0.0006550026043703472	0.0002632385923966307	0.00031888450624362186	0.00021591886667282623	0.0007890495724758306	-0.00023955679686893383	-6.039981908467773e-05	-9.585123121258476e-05
0.001217279382354608	0.0003880573915113761	0.0005061127049157399	0.00046555646490276104	0.0008514589720334254	1.008080136055689e-05	0.00025164717870262976	0.0005282427643618082
-0.00040536500613974624	0.0005752855901841603	0.0007557503031461188	0.0006527846635753232	0.0006018213738030465	-0.00030196619642697264	-0.00012280921864271654	-0.00022067003032777421
0.0010300511836818238	7.601039372451268e-05	0.00019406570712798832	0.00027832826623042095	0.000913868371590576	-5.2328598196593745e-05	2.0095804720288157e-06	2.8967567902160596e-05
-0.0005925932048123084	0.000200829192839036	0.0005685221044733346	0.0005903752640183946	0.0011635059698207328	1.008080136055689e-05	0.00012682837958721827	0.000153786367017128
-0.0005925932048123084	0.000200829192839036	0.0005061127049157399	9.110006755852496e-05	0.0010386871707062095	-0.00023955679686893383	-0.00031003741731505663	-0.00022067003032777421
0.0010924605832400847	0.0005752855901841603	0.0007557503031461188	0.0006527846635753232	0.0009762777711486148	-5.2328598196593745e-05	0.00018923777914503503	9.137696745975532e-05
-0.00021813680746785025	0.0008873325879712457	0.0010677973009332042	0.0005903752640183946	0.001350734168493517	0.00044694659826305383	0.0003140565782597804	0.0005282427643618082
0.0008428229850097058	0.0003880573915113761	0.0005061127049157399	0.0003407376657880157	0.00041459317513115046	-0.00030196619642697264	-0.00018521861820031127	0.0006530615634769976
-0.0003429556065825956	0.0009497419875288404	0.001130206700490799	0.0006527846635753232	0.001350734168493517	0.0005093559978206486	-0.0002476280177574619	-0.00028307942988536894
0.0008428229850097058	0.0002632385923966307	0.0003812939058003284	0.0001535094671152315	0.0005394119742463399	-0.00011473799775418847	-0.00031003741731505663	-3.344183165543413e-05
-0.0007798214034850925	0.0004504667910689708	0.0005061127049157399	0.0009648316613628527	0.0012883247689359223	0.0005717653973782433	0.0005636941764897152	0.0006530615634769976
0.0015917357796997322	0.0008873325879712457	0.0008181597027032694	0.0004031470653456104	0.0006018213738030465	0.00019730900003311902	6.441898003006763e-05	0.00046583336480421345
0.0007180041858945163	7.601039372451268e-05	0.00025647510668602713	-3.3718731556664494e-05	-0.0002719102200012813	-0.0004891943950993127	-0.000434856216429802	-0.00034548882944296366
-0.0006550026043703472	0.0007001043892989056	0.0006933409035876359	0.00046555646490276104	0.00010254617734339888	0.00025971839959071374	2.0095804720288157e-06	0.0005282427643618082
0.0012796887819122027	0.0009497419875288404	0.0012550254996055443	0.0006527846635753232	0.0008514589720334254	0.0005093559978206486	0.0003140565782597804	0.0008402897621497818
-0.0007174120039270537	0.0005752855901841603	0.0006933409035876359	0.00021591886667282623	0.0003521837755737778	7.249020091815161e-05	-6.039981908467773e-05	0.00027860516613231745
0.0010300511836818238	0.0007625137888565003	0.0008181597027032694	0.0005279658644607998	0.0005394119742463399	0.00013489960047574634	0.0005636941764897152	0.0009651085612643051
-0.00015572740791025552	0.0011369701862016246	0.0013798442987205117	0.0008400128622481073	-2.227262177134648e-05	-0.0006140131942145022	-0.0004972656159873967	-0.0005327170281157478
0.0006555947863369216	7.601039372451268e-05	0.00025647510668602713	9.110006755852496e-05	0.0001649555769009936	-0.00030196619642697264	-0.00037244681687265135	-3.344183165543413e-05
-0.0007798214034850925	0.0003880573915113761	0.0010677973009332042	0.0007776034626909567	0.0009762777711486148	0.00032212779914830847	0.0003140565782597804	0.0005282427643618082
-0.0012790965999449622	-0.00023603660406346094	-0.00024280008977406453	-0.00047058452845916143	-0.0003343196195584319	-0.0009884695915594044	-0.000871722013332743	-0.0006575358272300491
0.0017789639783720723	0.0013241983848741867	0.0016294818969508906	0.001339288058707755	0.0016003717667230077	0.0008838123951653287	0.001062969372950029	0.0011523367599370893
-0.0005925932048123084	0.0004504667910689708	0.0005061127049157399	0.00027832826623042095	0.0005394119742463399	-5.2328598196593745e-05	-0.00018521861820031127	0.000153786367017128
0.001217279382354608	0.000637694989741755	0.0009429785018180148	0.0006527846635753232	0.0008514589720334254	0.00019730900003311902	0.00025164717870262976	0.00021619576657494477
-0.0009046402025998379	0.000200829192839036	0.0003812939058003284	9.110006755852496e-05	4.0136777786248246e-05	-0.00011473799775418847	0.00043887537737452575	0.0010275179608218998
0.0014669169805845428	0.0010121513870864352	0.001130206700490799	0.0009648316613628527	0.0003521837755737778	0.0005717653973782433	6.441898003006763e-05	0.000777880362591743
-0.00040536500613974624	0.0007001043892989056	0.0007557503031461188	0.0004031470653456104	0.00010254617734339888	0.00019730900003311902	-0.00012280921864271654	0.00027860516613231745
0.0009676417841244511	0.0003880573915113761	0.0006309315040309293	0.0004031470653456104	0.0004770025746887452	0.0005093559978206486	0.00018923777914503503	0.0005906521639194029
0.0011548699827970133	0.0004504667910689708	0.0003812939058003284	0.00046555646490276104	0.00041459317513115046	7.249020091815161e-05	-0.00012280921864271654	0.00021619576657494477
-0.00021813680746785025	0.0008873325879712457	0.001130206700490799	0.0008400128622481073	0.001350734168493517	0.001071040593838335	0.0006261035760473099	0.0010899273603799386
0.000780413585452111	1.3600994166917957e-05	6.924690801324296e-05	-3.3718731556664494e-05	-2.227262177134648e-05	-0.00030196619642697264	-0.0005596750155449914	-0.00028307942988536894
-0.0007174120039270537	0.0004504667910689708	0.0004437033053583672	0.0003407376657880157	0.0003521837755737778	0.00044694659826305383	-0.00012280921864271654	0.0009651085612643051
0.0015293263801421375	0.0010121513870864352	0.001130206700490799	0.0009648316613628527	0.0011010965702631381	0.0007589935960510275	-6.039981908467773e-05	0.0003410145656899122
-0.0008422308030426873	0.000200829192839036	0.0003812939058003284	0.0001535094671152315	0.0006642307733606412	1.008080136055689e-05	-0.00012280921864271654	-3.344183165543413e-05
0.0010924605832400847	0.0003880573915113761	0.0004437033053583672	0.00046555646490276104	0.0008514589720334254	0.0003845371987054591	0.00012682837958721827	0.0005282427643618082
-0.0005925932048123084	0.0005752855901841603	0.0007557503031461188	0.0007776034626909567	0.0010386871707062095	0.00044694659826305383	0.0003140565782597804	0.0005282427643618082
-0.0006550026043703472	0.000200829192839036	0.00025647510668602713	0.0001535094671152315	0.0004770025746887452	1.008080136055689e-05	-0.00012280921864271654	0.000153786367017128
0.0010924605832400847	0.0005128761906270096	0.0003812939058003284	0.0005903752640183946	0.0004770025746887452	0.00013489960047574634	2.0095804720288157e-06	0.0003410145656899122
-0.0002805462070250009	0.000637694989741755	0.0006933409035876359	0.0007151940631329179	0.0009762777711486148	0.0005093559978206486	0.0003764659778173751	0.0007154709630345923
0.0011548699827970133	0.000200829192839036	0.00031888450624362186	0.0003407376657880157	0.0005394119742463399	-0.0001771473973117832	-0.00012280921864271654	9.137696745975532e-05
-0.00046777440569734097	0.00032564799195422545	0.00031888450624362186	0.00027832826623042095	0.0006642307733606412	-0.0001771473973117832	2.0095804720288157e-06	-3.344183165543413e-05
0.0009676417841244511	0.000200829192839036	0.0003812939058003284	0.0005279658644607998	0.001350734168493517	0.00032212779914830847	0.0005012847769321205	0.0007154709630345923
-0.00015572740791025552	0.0008249231884140951	0.0010677973009332042	0.0001535094671152315	0.000289774376015961	-0.0006764225937718749	-0.00037244681687265135	-0.00034548882944296366
0.0009052323845673005	0.00013841979328166332	0.0004437033053583672	0.00021591886667282623	0.0003521837755737778	-0.00030196619642697264	-0.00031003741731505663	2.8967567902160596e-05
0.0014669169805845428	0.0010745607866438078	0.001317434899163139	0.0010272410609208915	0.0012883247689359223	0.00044694659826305383	0.0006261035760473099	0.000777880362591743
-0.0007798214034850925	0.00032564799195422545	0.0005061127049157399	9.110006755852496e-05	0.0005394119742463399	-0.0003643755959841233	-0.0002476280177574619	-3.344183165543413e-05
0.0009676417841244511	0.0004504667910689708	0.0006933409035876359	0.0003407376657880157	0.0005394119742463399	-0.00030196619642697264	-0.00012280921864271654	-9.585123121258476e-05
-0.0005925932048123084	0.0005128761906270096	0.0006309315040309293	0.00021591886667282623	0.0006018213738030465	-0.0001771473973117832	-0.00018521861820031127	0.0004034239652475069
0.001217279382354608	0.0007001043892989056	0.0010677973009332042	0.0007776034626909567	0.0008514589720334254	0.00025971839959071374	6.441898003006763e-05	0.0003410145656899122
-0.0005925932048123084	0.0005752855901841603	0.0007557503031461188	0.0003407376657880157	0.000289774376015961	0.00019730900003311902	2.0095804720288157e-06	0.0003410145656899122
0.0010924605832400847	0.0007625137888565003	0.0007557503031461188	0.0005279658644607998	0.0005394119742463399	0.00044694659826305383	0.00018923777914503503	0.0006530615634769976
-0.0005301838052551577	0.0008249231884140951	0.0006933409035876359	0.00046555646490276104	0.00041459317513115046	0.00019730900003311902	2.0095804720288157e-06	0.0003410145656899122
-0.0007174120039270537	0.0005128761906270096	0.0006933409035876359	0.00027832826623042095	0.00041459317513115046	0.00019730900003311902	-0.00012280921864271654	0.00021619576657494477
0.0012796887819122027	0.0007625137888565003	0.0009429785018180148	0.0005279658644607998	0.0008514589720334254	0.00013489960047574634	0.00012682837958721827	0.0003410145656899122
-0.0007174120039270537	0.0005752855901841603	0.0006933409035876359	0.0003407376657880157	0.0006642307733606412	0.00013489960047574634	-6.039981908467773e-05	0.00021619576657494477
0.0009052323845673005	0.0003880573915113761	0.0006309315040309293	0.0003407376657880157	0.00041459317513115046	1.008080136055689e-05	-6.039981908467773e-05	0.0004034239652475069
-0.0005925932048123084	0.0007001043892989056	0.0006933409035876359	0.0003407376657880157	0.00041459317513115046	0.00019730900003311902	0.00025164717870262976	0.00046583336480421345
0.0012796887819122027	0.0007625137888565003	0.0010053879013756095	0.0006527846635753232	0.0008514589720334254	0.0005093559978206486	0.00025164717870262976	0.0006530615634769976
-0.00046777440569734097	0.000637694989741755	0.0008181597027032694	0.00027832826623042095	0.00041459317513115046	-5.2328598196593745e-05	-0.0002476280177574619	2.8967567902160596e-05
0.0009676417841244511	0.0003880573915113761	0.0008805691022604201	0.0005903752640183946	0.0009762777711486148	0.0005717653973782433	0.0003764659778173751	0.0006530615634769976
0.0009052323845673005	0.0002632385923966307	0.00025647510668602713	0.00027832826623042095	0.0001649555769009936	1.008080136055689e-05	-0.00018521861820031127	9.137696745975532e-05
-0.0006550026043703472	0.0004504667910689708	0.0005061127049157399	0.0004031470653456104	0.000289774376015961	0.0003845371987054591	2.0095804720288157e-06	0.0006530615634769976
0.0013420981814693533	0.0008249231884140951	0.0007557503031461188	0.0007776034626909567	0.0006018213738030465	0.000634174796935838	0.0003140565782597804	0.0009026991617073765
-0.0007798214034850925	0.0002632385923966307	0.00019406570712798832	0.0001535094671152315	0.00010254617734339888	0.00019730900003311902	-0.00018521861820031127	0.00021619576657494477
0.0010924605832400847	0.0003880573915113761	0.00031888450624362186	0.0004031470653456104	0.00041459317513115046	7.249020091815161e-05	2.0095804720288157e-06	0.00046583336480421345
-0.0005301838052551577	0.0005128761906270096	0.0003812939058003284	0.00046555646490276104	0.0010386871707062095	0.00025971839959071374	0.00025164717870262976	0.0003410145656899122
0.0012796887819122027	0.0005128761906270096	0.0007557503031461188	0.00027832826623042095	0.0006018213738030465	-5.2328598196593745e-05	6.441898003006763e-05	0.00021619576657494477
-0.0005925932048123084	0.000200829192839036	0.0005685221044733346	0.0006527846635753232	0.0007266401729182359	0.00019730900003311902	0.00012682837958721827	0.00027860516613231745
-0.0007798214034850925	0.00013841979328166332	0.00025647510668602713	2.869066800093023e-05	0.0005394119742463399	-0.0001771473973117832	-0.00031003741731505663	-3.344183165543413e-05
0.0012796887819122027	0.000637694989741755	0.0007557503031461188	0.0007151940631329179	0.0010386871707062095	0.00025971839959071374	0.0003140565782597804	0.0004034239652475069
-0.0008422308030426873	1.3600994166917957e-05	0.00019406570712798832	-3.3718731556664494e-05	0.00041459317513115046	-0.000426784995541718	-0.000434856216429802	-0.00022067003032777421
0.0015917357796997322	0.0009497419875288404	0.0010677973009332042	0.0010272410609208915	0.001350734168493517	0.0005717653973782433	0.0005636941764897152	9.137696745975532e-05
-0.0007174120039270537	0.0002632385923966307	0.0003812939058003284	0.0001535094671152315	0.0006642307733606412	-5.2328598196593745e-05	0.00018923777914503503	0.00021619576657494477
0.0011548699827970133	0.0005128761906270096	0.0005685221044733346	0.0005903752640183946	4.0136777786248246e-05	1.008080136055689e-05	-0.00037244681687265135	0.000153786367017128
-0.0008422308030426873	0.0002632385923966307	0.00013165630757083768	0.0009648316613628527	0.0009762777711486148	0.0007589935960510275	0.0006261035760473099	0.0010275179608218998
0.0015293263801421375	0.0009497419875288404	0.00019406570712798832	2.869066800093023e-05	4.0136777786248246e-05	-0.00011473799775418847	-0.0002476280177574619	0.000153786367017128
0.0010300511836818238	0.0005128761906270096	0.0005685221044733346	0.00046555646490276104	0.000289774376015961	0.00013489960047574634	-0.00012280921864271654	0.00021619576657494477
-0.00021813680746785025	0.0009497419875288404	0.001130206700490799	0.0007151940631329179	0.0012259153693787717	0.0005717653973782433	0.0005012847769321205	0.0009026991617073765
0.0009052323845673005	0.00032564799195422545	0.0005685221044733346	0.00021591886667282623	0.000289774376015961	-0.0003643755959841233	-0.00018521861820031127	-9.585123121258476e-05
-0.0009046402025998379	0.0003880573915113761	0.0005061127049157399	9.110006755852496e-05	0.0001649555769009936	-5.2328598196593745e-05	-0.0002476280177574619	0.0009651085612643051
0.0015293263801421375	0.0010121513870864352	0.0013798442987205117	0.0009024222618057021	0.0009762777711486148	0.000634174796935838	-0.00012280921864271654	0.0003410145656899122
-0.0007174120039270537	0.0005128761906270096	0.0006933409035876359	0.00027832826623042095	0.00022736497645858833	1.008080136055689e-05	2.0095804720288157e-06	0.00027860516613231745
0.0010300511836818238	0.0005128761906270096	0.0006933409035876359	0.0003407376657880157	0.0003521837755737778	0.00025971839959071374	-6.039981908467773e-05	0.0004034239652475069
-0.0007798214034850925	0.0005128761906270096	0.0008805691022604201	0.0005279658644607998	0.0006018213738030465	0.00019730900003311902	0.00012682837958721827	0.0004034239652475069
-0.0006550026043703472	0.0005128761906270096	0.0006309315040309293	0.0003407376657880157	0.0004770025746887452	0.00025971839959071374	6.441898003006763e-05	0.00046583336480421345
0.0009676417841244511	0.0005752855901841603	0.0005061127049157399	0.0004031470653456104	0.0001649555769009936	7.249020091815161e-05	-0.00012280921864271654	0.00021619576657494477
-0.0005925932048123084	0.000637694989741755	0.0006933409035876359	0.0003407376657880157	0.0005394119742463399	0.00025971839959071374	-0.00012280921864271654	0.0005282427643618082
0.0010924605832400847	0.0004504667910689708	0.0005685221044733346	0.0004031470653456104	0.00022736497645858833	-0.00011473799775418847	-6.039981908467773e-05	0.0004034239652475069
-0.0006550026043703472	0.0005752855901841603	0.0006309315040309293	0.0004031470653456104	0.0007890495724758306	0.00013489960047574634	2.0095804720288157e-06	0.000153786367017128
0.0011548699827970133	0.0005128761906270096	0.0006933409035876359	0.0005903752640183946	0.0012259153693787717	-5.2328598196593745e-05	6.441898003006763e-05	0.000153786367017128
-0.00046777440569734097	0.0005128761906270096	0.0006933409035876359	0.00021591886667282623	0.0007890495724758306	-0.0007388319933290255	-0.00012280921864271654	-0.00047030762855726493
0.0008428229850097058	0.00013841979328166332	0.00031888450624362186	0.0001535094671152315	0.0006642307733606412	-0.000426784995541718	-0.0002476280177574619	-0.00022067003032777421
0.0014045075810273921	0.0007625137888565003	0.001130206700490799	0.0009024222618057021	0.0014755529676087065	0.00019730900003311902	0.0005012847769321205	0.0004034239652475069
-0.0007174120039270537	0.000200829192839036	0.0003812939058003284	0.0001535094671152315	0.0007890495724758306	-0.0004891943950993127	-0.00018521861820031127	-0.00022067003032777421
0.0012796887819122027	0.0005128761906270096	0.0008805691022604201	0.0006527846635753232	0.0012883247689359223	-0.00011473799775418847	0.0003140565782597804	2.8967567902160596e-05
-0.0006550026043703472	0.0003880573915113761	0.0003812939058003284	0.00021591886667282623	0.0009762777711486148	-0.0003643755959841233	-0.00018521861820031127	-3.344183165543413e-05
0.0012796887819122027	0.0005752855901841603	0.0009429785018180148	0.0006527846635753232	0.0015379623671663012	-0.0001771473973117832	-6.039981908467773e-05	-0.00022067003032777421
-0.0006550026043703472	0.00032564799195422545	0.0005685221044733346	0.00027832826623042095	0.0012883247689359223	-5.2328598196593745e-05	0.00018923777914503503	2.8967567902160596e-05
0.001217279382354608	0.0005752855901841603	0.0007557503031461188	0.0005279658644607998	0.0011635059698207328	-5.2328598196593745e-05	6.441898003006763e-05	0.000153786367017128
-0.0005301838052551577	0.0004504667910689708	0.0007557503031461188	0.0005903752640183946	0.0012259153693787717	-0.0001771473973117832	0.00018923777914503503	-3.344183165543413e-05
-0.0007798214034850925	0.00013841979328166332	0.00019406570712798832	9.110006755852496e-05	0.000913868371590576	-0.0004891943950993127	-0.00031003741731505663	-0.00028307942988536894
0.001217279382354608	0.00032564799195422545	0.0006309315040309293	0.0005903752640183946	0.0014755529676087065	-0.0001771473973117832	0.00018923777914503503	-9.585123121258476e-05
-0.00046777440569734097	0.00032564799195422545	0.0005685221044733346	0.00046555646490276104	0.001350734168493517	-0.00023955679686893383	0.00012682837958721827	-3.344183165543413e-05
0.0011548699827970133	0.0004504667910689708	0.0005685221044733346	0.0007151940631329179	0.0012883247689359223	-0.0001771473973117832	0.00018923777914503503	0.00027860516613231745
-0.0003429556065825956	0.0005752855901841603	0.0006933409035876359	0.0005279658644607998	0.0014755529676087065	0.00019730900003311902	-0.00018521861820031127	-0.00034548882944296366
0.0009676417841244511	1.3600994166917957e-05	0.00031888450624362186	0.0003407376657880157	0.0012883247689359223	-5.2328598196593745e-05	0.00025164717870262976	0.000153786367017128
-0.0003429556065825956	0.0005752855901841603	0.0006933409035876359	0.0004031470653456104	0.0007890495724758306	-0.0005516037946562413	-0.0002476280177574619	-0.0004078982290001143
0.0009052323845673005	7.601039372451268e-05	0.0005685221044733346	0.0003407376657880157	0.0014131435680506677	-0.00023955679686893383	2.0095804720288157e-06	-9.585123121258476e-05
0.001217279382354608	0.0003880573915113761	0.0006933409035876359	0.0005279658644607998	0.0014131435680506677	-0.0004891943950993127	6.441898003006763e-05	-0.00028307942988536894
-0.00046777440569734097	0.0005128761906270096	0.0006933409035876359	0.00046555646490276104	0.0012883247689359223	-0.00011473799775418847	0.00012682837958721827	2.8967567902160596e-05
0.0013420981814693533	0.0005752855901841603	0.0008805691022604201	0.0007151940631329179	0.001350734168493517	-0.00011473799775418847	0.00018923777914503503	9.137696745975532e-05
-0.0006550026043703472	0.000200829192839036	0.0005061127049157399	0.0001535094671152315	0.0007890495724758306	-0.0004891943950993127	-0.00012280921864271654	-0.0001582606307701795
0.0011548699827970133	0.0004504667910689708	0.0006309315040309293	0.00046555646490276104	0.0010386871707062095	-0.0003643755959841233	0.00012682837958721827	9.137696745975532e-05
-0.00040536500613974624	0.0005752855901841603	0.0008181597027032694	0.0005279658644607998	0.0011010965702631381	-0.0005516037946562413	2.0095804720288157e-06	-0.0004078982290001143
0.0010924605832400847	0.0002632385923966307	0.0006309315040309293	0.00021591886667282623	0.0011635059698207328	-0.0006140131942145022	-0.00012280921864271654	-0.0004078982290001143
-0.0006550026043703472	0.00032564799195422545	0.0008805691022604201	0.0006527846635753232	0.0014755529676087065	-0.00030196619642697264	0.00018923777914503503	-0.0001582606307701795
-0.0005925932048123084	0.0004504667910689708	0.0007557503031461188	0.00046555646490276104	0.001350734168493517	-0.00023955679686893383	6.441898003006763e-05	-3.344183165543413e-05
0.001217279382354608	0.0004504667910689708	0.0008805691022604201	0.0005279658644607998	0.0012259153693787717	-0.0004891943950993127	0.00018923777914503503	-0.00022067003032777421
-0.0008422308030426873	0.000200829192839036	0.0004437033053583672	9.110006755852496e-05	0.0008514589720334254	-0.0008012413928866202	-0.00031003741731505663	-0.00047030762855726493
0.0012796887819122027	0.0005752855901841603	0.0011926161000479496	0.0007776034626909567	0.0016003717667230077	-0.0001771473973117832	0.0003764659778173751	-0.00022067003032777421
-0.00046777440569734097	0.0004504667910689708	0.0008805691022604201	0.0003407376657880157	0.0012883247689359223	-0.0004891943950993127	-0.00031003741731505663	-0.0006575358272300491
0.0008428229850097058	0.000200829192839036	0.0005685221044733346	0.0001535094671152315	0.0015379623671663012	-0.00011473799775418847	0.00012682837958721827	2.8967567902160596e-05
-0.0003429556065825956	0.0005752855901841603	0.0010053879013756095	0.0003407376657880157	0.0009762777711486148	-0.000426784995541718	2.0095804720288157e-06	-0.00034548882944296366
0.0009052323845673005	0.000200829192839036	0.0007557503031461188	0.0004031470653456104	0.0011010965702631381	-0.0001771473973117832	0.00012682837958721827	-3.344183165543413e-05
0.0010300511836818238	0.00032564799195422545	0.0005061127049157399	0.00046555646490276104	0.0009762777711486148	-0.00030196619642697264	-6.039981908467773e-05	-0.00028307942988536894
-0.00040536500613974624	0.0004504667910689708	0.0008805691022604201	0.00046555646490276104	0.0014755529676087065	1.008080136055689e-05	0.00012682837958721827	9.137696745975532e-05
0.0009676417841244511	0.000200829192839036	0.0005061127049157399	0.00027832826623042095	0.0011010965702631381	-0.0004891943950993127	-0.00012280921864271654	-0.00047030762855726493
-0.0005301838052551577	0.0004504667910689708	0.0007557503031461188	0.0004031470653456104	0.0012883247689359223	-0.00023955679686893383	6.441898003006763e-05	-9.585123121258476e-05
0.0009676417841244511	0.0004504667910689708	0.0006309315040309293	0.0005279658644607998	0.000913868371590576	-0.0001771473973117832	0.00012682837958721827	0.0003410145656899122
-0.0005301838052551577	0.0005752855901841603	0.0010053879013756095	0.00046555646490276104	0.0007266401729182359	-5.2328598196593745e-05	0.00012682837958721827	0.000153786367017128
0.0012796887819122027	0.0005128761906270096	0.0008805691022604201	2.869066800093023e-05	0.0003521837755737778	-0.00023955679686893383	-0.0002476280177574619	-9.585123121258476e-05
-0.0009046402025998379	0.00013841979328166332	0.0008805691022604201	0.0007151940631329179	0.0008514589720334254	0.0003845371987054591	0.00025164717870262976	0.00046583336480421345
