Sensor_1	Sensor_2	Sensor_3	Sensor_4	Sensor_5	Sensor_6	Sensor_7	Sensor_8
-0.0006072552612435	0.0005427914464504191	0.0015633577000953025	1.1806039553752257e-05	0.0005030104968877236	0.0004758971961791314	0.00030620249771717845	0.0012130363239184483
0.000828160928578292	0.0011668854420252561	0.0011264919031930276	0.00032385303734105975	0.0007526480951176584	0.00010144079883400714	-0.00025548209830006385	0.0010258081252465523
-0.0007944834599165063	0.0012917042411404456	0.0005023979076177465	1.1806039553752257e-05	0.0008150574946756972	0.0009751723926392231	-5.844500070573133e-06	0.0009009893261309188
0.0005785233303483572	0.0007300196451232033	-0.0002465148870718359	-0.00011301275956143719	0.0011895138920205994	0.0012248099908687138	-6.825389962727968e-05	0.0015874927212633505
0.0009529797276939256	0.0012917042411404456	0.000627216706732936	0.0004486718364562492	0.0015639702893652796	0.0013496287899839032	0.0004310212968319238	0.0015250833217061999
-0.0006696646608013168	0.00023074444866333366	0.0007520355058481254	-5.060336000384247e-05	0.0009398762937902205	0.0013496287899839032	-6.825389962727968e-05	0.0009009893261309188
0.0005785233303483572	0.0007300196451232033	0.0003151697089449623	-5.060336000384247e-05	0.000627829296002913	0.0004134877966215367	-0.00019307269874291322	0.0007137611274590228
-0.0002952082634564146	0.001229294841583295	0.0018129952983250153	0.00038626243689909856	0.001064695092905854	0.0006631253948514715	0.0004310212968319238	8.966713188329756e-05
0.00045370453123405596	4.351624999054948e-05	0.0013761295014225183	-0.00023783155867662664	0.0003157822982158276	0.0002886689975063472	-0.0001306632991853185	0.0005889423283433892
-0.0007320740603584674	0.000979657243352916	0.000814444905405276	-0.00017542215911903192	0.00044060109733012887	3.9031399276412415e-05	0.00011897429904461632	0.0005265329287864606
0.0007657515290211414	0.0011668854420252561	0.0016257670996524531	1.1806039553752257e-05	0.0003781916977734223	0.0005383065957358379	5.656489948746568e-05	0.0005889423283433892
-0.0006072552612435	0.00041797264733567374	0.0003151697089449623	7.421543911090289e-05	0.0003781916977734223	-0.00021060619895330035	5.656489948746568e-05	0.0008385799265737681
-0.0006072552612435	0.0009172478437957654	0.00019035090983066105	-0.00011301275956143719	0.0003157822982158276	0.0002262595979487525	-0.0001306632991853185	0.0006513517279009839
0.000828160928578292	-1.8893149567045242e-05	3.122711157654834e-06	0.00032385303734105975	0.0006902386955605078	0.0010375817921963737	0.00030620249771717845	0.0009633987256889576
-0.0007320740603584674	0.00023074444866333366	-0.0011826558804342024	-0.00017542215911903192	0.0003157822982158276	0.00035107839706394195	-6.825389962727968e-05	0.0007137611274590228
0.0005785233303483572	-8.130254912419588e-05	-0.0003089242866294306	-5.060336000384247e-05	-5.867409912951871e-05	0.0002262595979487525	-0.0001306632991853185	0.0005889423283433892
-0.00042002706257115996	-8.130254912419588e-05	0.0003775791085034452	0.00019903423822653643	0.0003157822982158276	0.0008503535935238116	-0.00019307269874291322	-3.5151667231003714e-05
0.00045370453123405596	0.00023074444866333366	-0.00012169608795664644	-0.00017542215911903192	0.00012855409954304342	-8.578739983855499e-05	-6.825389962727968e-05	-3.5151667231003714e-05
-0.0005448458616859053	0.00016833504910573893	0.0010016731040778382	7.421543911090289e-05	-0.00012108349868666934	-8.578739983855499e-05	-5.844500070573133e-06	-0.0003471986650187553
0.000640932729905952	-0.000268530747796758	0.0007520355058481254	0.0001366248386689417	3.735300428076016e-06	-0.0003354249980684898	0.00018138369860243309	2.725773232659101e-05
0.000640932729905952	-0.0001437119486817906	0.0006896261062905307	-5.060336000384247e-05	-0.0006827680947041337	-0.0006474719958560193	-6.825389962727968e-05	-0.0005968362632486901
-0.0007320740603584674	4.351624999054948e-05	-5.928668839905171e-05	-0.00011301275956143719	-0.0004331304964741989	-0.00039783439762564043	-0.0001306632991853185	2.725773232659101e-05
0.0007657515290211414	0.0004803820468928244	-0.0003089242866294306	0.0001366248386689417	3.735300428076016e-06	-0.0005226531967408299	0.00011897429904461632	0.00033930473011367646
-0.0006072552612435	-8.130254912419588e-05	-0.00043374308574417597	-5.060336000384247e-05	-0.00012108349868666934	0.0002886689975063472	-5.844500070573133e-06	0.0005265329287864606
0.0007657515290211414	-8.130254912419588e-05	-0.0009330182822038235	7.421543911090289e-05	0.00025337289865823287	0.0005383065957358379	-0.00019307269874291322	0.0005265329287864606
-0.0007320740603584674	0.00023074444866333366	-0.000870608882647117	-0.00017542215911903192	0.0003781916977734223	0.0007879441939662168	0.00018138369860243309	0.00033930473011367646
0.000828160928578292	-8.130254912419588e-05	0.00043998850806059586	-0.00017542215911903192	0.00044060109733012887	0.00035107839706394195	-6.825389962727968e-05	0.00033930473011367646
-0.0006072552612435	-1.8893149567045242e-05	0.0005023979076177465	7.421543911090289e-05	6.614469998567074e-05	-0.00039783439762564043	-6.825389962727968e-05	-3.5151667231003714e-05
-0.0003576176630140093	0.0001059256495485883	0.0016257670996524531	0.00019903423822653643	0.0003781916977734223	0.0005383065957358379	0.0002437930981600278	0.000214485930998487
0.0005161139307907625	4.351624999054948e-05	0.00043998850806059586	-0.00017542215911903192	-0.00018349289824426407	-0.00039783439762564043	-0.00019307269874291322	-0.00015997046634597112
-0.0005448458616859053	0.0008548384442381707	0.001064082503635655	-0.00011301275956143719	0.00025337289865823287	-0.00039783439762564043	-5.844500070573133e-06	8.966713188329756e-05
0.0005161139307907625	0.00023074444866333366	0.001251310702308217	1.1806039553752257e-05	3.735300428076016e-06	0.00010144079883400714	-0.0001306632991853185	0.0013378551230334157
-0.0004824364621287547	0.001229294841583295	0.0008768543049628708	0.0001366248386689417	0.0010022856933478153	0.00035107839706394195	-5.844500070573133e-06	0.0009009893261309188
0.0007033421294635467	0.001229294841583295	0.0003151697089449623	7.421543911090289e-05	0.0006902386955605078	0.0012248099908687138	-5.844500070573133e-06	0.001275445723475821
-0.0006696646608013168	0.00041797264733567374	0.00012794151027306633	0.000261443637783465	0.0011271044924630047	0.0009751723926392231	0.0002437930981600278	0.001462673922148161
0.000828160928578292	0.0008548384442381707	0.0002527603093882558	-5.060336000384247e-05	0.0009398762937902205	0.0008503535935238116	0.00011897429904461632	0.0009633987256889576
0.0005785233303483572	0.00016833504910573893	0.0007520355058481254	-5.060336000384247e-05	0.0007526480951176584	0.0009751723926392231	-0.0001306632991853185	0.0005265329287864606
-0.0006072552612435	0.001229294841583295	0.0010016731040778382	0.0001366248386689417	0.001064695092905854	0.0006631253948514715	0.00011897429904461632	0.0011506269243608536
0.0007033421294635467	0.0010420666429105108	0.00187540469788261	0.00019903423822653643	0.001064695092905854	0.0005383065957358379	0.00011897429904461632	0.0007761705270161734
-0.0006072552612435	0.0007300196451232033	0.0016257670996524531	1.1806039553752257e-05	0.0009398762937902205	0.0008503535935238116	-5.844500070573133e-06	0.0009633987256889576
0.0007657515290211414	0.001416523040255635	0.001438538900980113	0.00019903423822653643	0.0008774668942332919	0.00016385019839160186	0.00011897429904461632	0.0005889423283433892
-0.0005448458616859053	0.0009172478437957654	0.00187540469788261	1.1806039553752257e-05	0.0003781916977734223	0.00010144079883400714	-0.00025548209830006385	0.0004017141296708271
0.00045370453123405596	0.0004803820468928244	0.0005023979076177465	1.1806039553752257e-05	0.0008774668942332919	0.0002886689975063472	0.00011897429904461632	0.001275445723475821
-0.0006072552612435	0.001416523040255635	0.0005648073071753412	1.1806039553752257e-05	0.0003157822982158276	0.0006631253948514715	-0.00019307269874291322	0.0007761705270161734
-0.0004824364621287547	0.000792429044680576	0.0002527603093882558	0.000261443637783465	0.0011895138920205994	0.001412038189541498	0.00036861189727477317	0.0015874927212633505
0.0005785233303483572	0.0008548384442381707	-0.0003089242866294306	-5.060336000384247e-05	0.0006902386955605078	0.00035107839706394195	-0.0001306632991853185	0.0008385799265737681
-0.0006696646608013168	0.00041797264733567374	0.0008768543049628708	1.1806039553752257e-05	0.0005654198964453183	0.0009127629930816283	-0.0001306632991853185	0.0007761705270161734
0.0007657515290211414	0.000355563247778079	0.000814444905405276	0.000261443637783465	0.0009398762937902205	0.0010375817921963737	0.00018138369860243309	0.0004641235292288659
-0.0006696646608013168	0.0008548384442381707	0.0005023979076177465	-0.00017542215911903192	0.00044060109733012887	-0.00014819679939614971	-0.00025548209830006385	-0.0003471986650187553
0.00039129513167601715	-0.0001437119486817906	0.001064082503635655	-0.00011301275956143719	0.0005654198964453183	0.0004758971961791314	0.0004310212968319238	0.0005265329287864606
-0.0002952082634564146	0.00023074444866333366	0.0011264919031930276	-0.00017542215911903192	-0.00012108349868666934	-0.0008347001945285815	-0.0001306632991853185	-0.00015997046634597112
0.0005785233303483572	0.0004803820468928244	0.0009392637045204655	-0.00011301275956143719	6.614469998567074e-05	0.0002262595979487525	5.656489948746568e-05	2.725773232659101e-05
0.000640932729905952	0.00016833504910573893	6.553211071569365e-05	1.1806039553752257e-05	3.735300428076016e-06	-0.0003354249980684898	-5.844500070573133e-06	0.000214485930998487
-0.0006072552612435	0.000792429044680576	6.553211071569365e-05	-0.00011301275956143719	0.0001909634991008602	-0.00021060619895330035	-5.844500070573133e-06	0.0005265329287864606
0.000640932729905952	-0.00020612134823938533	-0.0003089242866294306	1.1806039553752257e-05	-0.0003083116973594535	0.00010144079883400714	-0.0001306632991853185	8.966713188329756e-05
-0.0005448458616859053	0.0002931538482204843	-0.0009330182822038235	0.00019903423822653643	0.00012855409954304342	0.0004134877966215367	5.656489948746568e-05	0.0004017141296708271
0.000828160928578292	0.00016833504910573893	-0.0004961524853017707	0.0001366248386689417	0.00025337289865823287	0.0002262595979487525	-0.0001306632991853185	-0.00015997046634597112
-0.0007320740603584674	-0.0006429871451418823	-0.0003089242866294306	-0.00017542215911903192	-0.0003083116973594535	-0.0003354249980684898	-0.0003178914978576586	-9.756106678859844e-05
0.0005161139307907625	-0.0001437119486817906	-0.0003089242866294306	0.00032385303734105975	0.0003157822982158276	0.00016385019839160186	0.0004310212968319238	0.0004017141296708271
-0.0003576176630140093	0.0004803820468928244	0.0003151697089449623	-0.00023783155867662664	-0.0003083116973594535	-0.00021060619895330035	-0.0003178914978576586	-0.00047201746413350065
-0.0005448458616859053	0.000355563247778079	0.0003775791085034452	-0.00011301275956143719	0.00012855409954304342	-0.00046024379718367925	-6.825389962727968e-05	8.966713188329756e-05
0.00045370453123405596	0.00016833504910573893	0.0011889013027506223	-5.060336000384247e-05	-0.0004331304964741989	-0.0006474719958560193	-0.00019307269874291322	-0.00040960806457635
-0.0003576176630140093	0.0004803820468928244	0.001251310702308217	0.000261443637783465	0.0003157822982158276	0.0004134877966215367	0.0004310212968319238	0.0006513517279009839
0.0007033421294635467	0.0009172478437957654	-0.0003089242866294306	1.1806039553752257e-05	0.00012855409954304342	-0.0005850625962984246	-5.844500070573133e-06	0.0007761705270161734
-0.0004824364621287547	0.0006052008460080138	0.0002527603093882558	0.00019903423822653643	0.00044060109733012887	0.0004758971961791314	-0.00019307269874291322	0.0004641235292288659
0.0005161139307907625	-0.000268530747796758	-0.0005585618848593654	-0.00011301275956143719	0.0008150574946756972	0.0004134877966215367	-5.844500070573133e-06	0.0010882175248032588
-0.0006072552612435	0.0007300196451232033	-0.0007457900835319276	1.1806039553752257e-05	0.0005654198964453183	0.0006007159952943208	-0.0001306632991853185	0.0004641235292288659
0.0005161139307907625	0.0002931538482204843	0.0011889013027506223	0.00032385303734105975	0.0011895138920205994	0.0015368569886560213	0.00036861189727477317	0.001275445723475821
0.0005785233303483572	0.0009172478437957654	0.0005648073071753412	-0.00011301275956143719	0.0005654198964453183	3.9031399276412415e-05	-0.0001306632991853185	0.0005889423283433892
-0.0005448458616859053	0.000792429044680576	0.0015633577000953025	1.1806039553752257e-05	0.0008150574946756972	0.0006007159952943208	-5.844500070573133e-06	0.0005265329287864606
0.0007657515290211414	0.0004803820468928244	0.0015633577000953025	0.00019903423822653643	0.0008150574946756972	0.0005383065957358379	0.00018138369860243309	0.0005889423283433892
-0.0008568928594732128	0.000979657243352916	0.0011889013027506223	-0.00023783155867662664	0.00044060109733012887	-0.00021060619895330035	-0.00025548209830006385	0.0005889423283433892
0.0007033421294635467	0.0010420666429105108	0.0019378140974406488	0.0001366248386689417	0.0008150574946756972	0.0004758971961791314	-5.844500070573133e-06	0.0013378551230334157
-0.0006696646608013168	0.0011668854420252561	0.001064082503635655	1.1806039553752257e-05	0.0013143326911357889	0.0006007159952943208	0.00030620249771717845	0.001462673922148161
0.000828160928578292	0.0017285700380429425	0.0008768543049628708	-5.060336000384247e-05	0.001064695092905854	0.001162400591311119	5.656489948746568e-05	0.001275445723475821
-0.0006072552612435	0.000979657243352916	-0.00018410548751468525	7.421543911090289e-05	0.0010022856933478153	0.0010999911917535243	-0.0001306632991853185	0.0013378551230334157
-0.00042002706257115996	0.001416523040255635	0.00043998850806059586	0.00032385303734105975	0.0015639702893652796	0.001412038189541498	0.00036861189727477317	0.0017747209199356906
0.00026647633256149383	-1.8893149567045242e-05	0.0003775791085034452	-0.0003002409582333332	0.0005030104968877236	0.0007255347944086221	-0.0003803008974152533	0.0004641235292288659
-0.0004824364621287547	0.0008548384442381707	0.000814444905405276	0.0001366248386689417	0.0011895138920205994	0.0009751723926392231	0.00018138369860243309	0.0012130363239184483
0.0005161139307907625	0.0010420666429105108	0.001251310702308217	1.1806039553752257e-05	0.0005654198964453183	3.9031399276412415e-05	-0.0001306632991853185	0.0005889423283433892
-0.0004824364621287547	0.00041797264733567374	0.0020002234969977994	0.0001366248386689417	0.0007526480951176584	0.0008503535935238116	-0.00025548209830006385	0.0004641235292288659
0.0005161139307907625	0.0007300196451232033	0.000814444905405276	-0.00017542215911903192	0.0005030104968877236	-2.3378000280960265e-05	-6.825389962727968e-05	0.0005265329287864606
-0.0007320740603584674	0.0011044760424676614	0.0013761295014225183	0.0005734906355709946	0.0008774668942332919	0.0009127629930816283	0.0004310212968319238	0.0009009893261309188
0.0009529797276939256	0.0007300196451232033	0.00019035090983066105	-0.00017542215911903192	0.00025337289865823287	-0.0002730155985108951	-0.0001306632991853185	0.0005889423283433892
0.0007033421294635467	0.000792429044680576	0.00019035090983066105	1.1806039553752257e-05	0.0001909634991008602	-8.578739983855499e-05	-5.844500070573133e-06	0.0004641235292288659
-0.0006072552612435	-8.130254912419588e-05	-0.00037133368618702534	-5.060336000384247e-05	0.0001909634991008602	0.0007879441939662168	-6.825389962727968e-05	0.0007137611274590228
0.000640932729905952	0.0002931538482204843	-0.0009954276817618624	1.1806039553752257e-05	0.0005030104968877236	0.0002262595979487525	-0.0001306632991853185	0.0007137611274590228
-0.0006696646608013168	0.00016833504910573893	-5.928668839905171e-05	1.1806039553752257e-05	0.0003781916977734223	0.0004758971961791314	-5.844500070573133e-06	8.966713188329756e-05
0.0005785233303483572	-0.000268530747796758	0.0002527603093882558	1.1806039553752257e-05	-0.00012108349868666934	0.0004134877966215367	0.0002437930981600278	0.0005889423283433892
-0.00042002706257115996	0.0006052008460080138	0.0005023979076177465	0.00019903423822653643	-0.0002459022978018588	-0.0003354249980684898	-0.0001306632991853185	-0.0003471986650187553
0.0005785233303483572	-1.8893149567045242e-05	0.0006896261062905307	-0.00011301275956143719	-0.0002459022978018588	-8.578739983855499e-05	-0.00019307269874291322	-0.0002223798659037879
-0.0006696646608013168	-0.00033094014735390864	0.0006896261062905307	0.000261443637783465	6.614469998567074e-05	-0.0005226531967408299	0.0002437930981600278	2.725773232659101e-05
-0.0006696646608013168	-8.130254912419588e-05	0.0007520355058481254	-0.00017542215911903192	-0.0004331304964741989	-0.0003354249980684898	-0.0001306632991853185	-0.0003471986650187553
0.0007033421294635467	-1.8893149567045242e-05	6.553211071569365e-05	1.1806039553752257e-05	-0.0003083116973594535	-0.00021060619895330035	-5.844500070573133e-06	8.966713188329756e-05
-0.0005448458616859053	0.0006676102455653865	-0.00043374308574417597	7.421543911090289e-05	0.00012855409954304342	-0.00021060619895330035	0.00011897429904461632	0.0005889423283433892
0.0007657515290211414	0.00016833504910573893	6.553211071569365e-05	7.421543911090289e-05	0.0001909634991008602	0.0002886689975063472	0.00011897429904461632	0.0007761705270161734
-0.0007320740603584674	0.0001059256495485883	-0.0008081994830895223	-0.00011301275956143719	0.0003157822982158276	0.0005383065957358379	0.00011897429904461632	0.0005265329287864606
0.000640932729905952	0.0005427914464504191	-0.0005585618848593654	0.0001366248386689417	6.614469998567074e-05	0.0004758971961791314	-6.825389962727968e-05	0.00015207653144089228
-0.0006696646608013168	-0.0001437119486817906	0.0005023979076177465	1.1806039553752257e-05	0.00025337289865823287	0.00035107839706394195	-5.844500070573133e-06	0.00033930473011367646
0.0007033421294635467	4.351624999054948e-05	0.0005648073071753412	1.1806039553752257e-05	0.00044060109733012887	-8.578739983855499e-05	-6.825389962727968e-05	0.0004641235292288659
0.0007657515290211414	4.351624999054948e-05	0.0013761295014225183	0.00019903423822653643	0.00025337289865823287	0.00035107839706394195	5.656489948746568e-05	-3.5151667231003714e-05
-0.0006072552612435	0.000355563247778079	0.001064082503635655	-0.00011301275956143719	0.00044060109733012887	0.00010144079883400714	5.656489948746568e-05	0.0004017141296708271
0.000640932729905952	0.0008548384442381707	0.0011264919031930276	-5.060336000384247e-05	0.0003781916977734223	-0.0003354249980684898	-0.0001306632991853185	0.000214485930998487
-0.0005448458616859053	0.0005427914464504191	0.0015009483005377078	1.1806039553752257e-05	0.0005654198964453183	0.0007255347944086221	-0.0001306632991853185	0.0015250833217061999
0.0008905703281356647	0.001229294841583295	0.0008768543049628708	0.0005110812360138439	0.0011895138920205994	0.0008503535935238116	0.00011897429904461632	0.0013378551230334157
-0.0004824364621287547	0.0014789324398130077	0.00043998850806059586	7.421543911090289e-05	0.00044060109733012887	0.0008503535935238116	-0.0003178914978576586	0.0007137611274590228
0.00045370453123405596	0.000355563247778079	0.00012794151027306633	0.0005110812360138439	0.0015639702893652796	0.0015368569886560213	0.0005558400959471133	0.0020243585181660695
-0.00023279886389881987	0.0012917042411404456	0.0007520355058481254	1.1806039553752257e-05	0.001064695092905854	0.0006631253948514715	-6.825389962727968e-05	0.0009633987256889576
-0.0006072552612435	0.0007300196451232033	0.0011889013027506223	1.1806039553752257e-05	0.0011271044924630047	0.001412038189541498	-6.825389962727968e-05	0.0011506269243608536
0.0007033421294635467	0.001229294841583295	0.0011264919031930276	0.00019903423822653643	0.0011895138920205994	0.0006631253948514715	0.00011897429904461632	0.0011506269243608536
-0.0007320740603584674	0.000979657243352916	0.0015633577000953025	-0.00017542215911903192	0.0008774668942332919	0.0006631253948514715	-0.0001306632991853185	0.0007761705270161734
0.0005785233303483572	0.0005427914464504191	0.0013761295014225183	1.1806039553752257e-05	0.0009398762937902205	0.0008503535935238116	-0.0001306632991853185	0.0010882175248032588
-0.0004824364621287547	0.001416523040255635	0.0013761295014225183	0.0001366248386689417	0.0011271044924630047	0.0005383065957358379	5.656489948746568e-05	0.0005265329287864606
0.0007033421294635467	0.0008548384442381707	0.0020002234969977994	0.00019903423822653643	0.0006902386955605078	0.0006631253948514715	5.656489948746568e-05	0.0009633987256889576
-0.0005448458616859053	0.000792429044680576	0.001251310702308217	-5.060336000384247e-05	0.000627829296002913	3.9031399276412415e-05	-0.00025548209830006385	0.0009633987256889576
0.0005161139307907625	0.0014789324398130077	0.000814444905405276	0.0001366248386689417	0.0008150574946756972	0.0009127629930816283	0.00011897429904461632	0.0012130363239184483
0.000640932729905952	0.00041797264733567374	0.0003775791085034452	-5.060336000384247e-05	0.000627829296002913	0.0007879441939662168	-6.825389962727968e-05	0.0009633987256889576
-0.0004824364621287547	0.0012917042411404456	0.00019035090983066105	7.421543911090289e-05	0.001064695092905854	0.0007255347944086221	0.00011897429904461632	0.0013378551230334157
0.0005785233303483572	0.000355563247778079	0.0005648073071753412	7.421543911090289e-05	0.0005030104968877236	0.0005383065957358379	-0.0001306632991853185	0.0005265329287864606
-0.0006696646608013168	0.00016833504910573893	0.00043998850806059586	-0.00017542215911903192	0.0006902386955605078	0.0008503535935238116	-0.0001306632991853185	0.0004017141296708271
0.0007657515290211414	0.0006676102455653865	0.0003775791085034452	0.0001366248386689417	0.00044060109733012887	-8.578739983855499e-05	-0.0001306632991853185	0.00015207653144089228
-0.0007320740603584674	0.00023074444866333366	0.001064082503635655	-0.00011301275956143719	0.0001909634991008602	0.0002262595979487525	0.00018138369860243309	0.00027689533055608173
0.0007033421294635467	0.0001059256495485883	0.0008768543049628708	-0.00017542215911903192	0.0001909634991008602	-0.00039783439762564043	-5.844500070573133e-06	0.00015207653144089228
-0.0006072552612435	0.0006052008460080138	0.0010016731040778382	-5.060336000384247e-05	-0.0002459022978018588	-0.00021060619895330035	-0.00019307269874291322	-0.0002223798659037879
-0.00042002706257115996	0.0005427914464504191	0.000627216706732936	0.000261443637783465	0.00044060109733012887	0.0002262595979487525	0.00030620249771717845	0.0007761705270161734
0.00039129513167601715	0.0002931538482204843	-0.00043374308574417597	-0.00042505975734852264	-0.0004955398960313495	-0.0008347001945285815	-0.0003803008974152533	-9.756106678859844e-05
-0.00042002706257115996	0.00016833504910573893	-0.00012169608795664644	7.421543911090289e-05	3.735300428076016e-06	0.0004134877966215367	0.00018138369860243309	0.0005265329287864606
0.000640932729905952	0.0001059256495485883	-0.0009330182822038235	0.0001366248386689417	0.00012855409954304342	0.00035107839706394195	5.656489948746568e-05	0.0004641235292288659
-0.0004824364621287547	0.00016833504910573893	-0.0006833806839743328	-0.00011301275956143719	6.614469998567074e-05	0.00010144079883400714	-0.00019307269874291322	2.725773232659101e-05
0.0005161139307907625	-0.0004557589464690981	-0.0003089242866294306	-5.060336000384247e-05	0.000627829296002913	0.0004134877966215367	0.0002437930981600278	0.0005265329287864606
-0.0004824364621287547	0.00023074444866333366	-5.928668839905171e-05	-0.00011301275956143719	-5.867409912951871e-05	-0.00039783439762564043	-0.00019307269874291322	-0.00028478926546116057
0.00045370453123405596	0.00016833504910573893	0.001438538900980113	-5.060336000384247e-05	0.00012855409954304342	0.0002886689975063472	-5.844500070573133e-06	-3.5151667231003714e-05
0.0007033421294635467	0.0005427914464504191	0.000627216706732936	0.000261443637783465	0.00012855409954304342	-0.0002730155985108951	5.656489948746568e-05	0.00015207653144089228
-0.0003576176630140093	0.0008548384442381707	0.0013761295014225183	0.00019903423822653643	0.0005030104968877236	-2.3378000280960265e-05	0.00030620249771717845	0.0004017141296708271
0.000640932729905952	-8.130254912419588e-05	0.0008768543049628708	1.1806039553752257e-05	-0.00018349289824426407	3.9031399276412415e-05	-6.825389962727968e-05	-9.756106678859844e-05
-0.0006072552612435	0.0009172478437957654	3.122711157654834e-06	-5.060336000384247e-05	0.00025337289865823287	-0.00021060619895330035	-0.0001306632991853185	0.0006513517279009839
0.0007033421294635467	0.0007300196451232033	0.0002527603093882558	0.00019903423822653643	0.0003781916977734223	0.0002262595979487525	-5.844500070573133e-06	0.0010882175248032588
-0.0006072552612435	0.00023074444866333366	3.122711157654834e-06	1.1806039553752257e-05	0.0008150574946756972	0.0005383065957358379	-5.844500070573133e-06	0.0012130363239184483
0.0005785233303483572	0.000979657243352916	-0.0005585618848593654	0.00032385303734105975	0.0015015608898076849	0.001412038189541498	0.00030620249771717845	0.001462673922148161
-0.0003576176630140093	0.0011044760424676614	0.0005648073071753412	-0.00023783155867662664	0.0005654198964453183	0.0007879441939662168	-0.00025548209830006385	0.0005889423283433892
-0.0006696646608013168	0.000979657243352916	0.0007520355058481254	-0.00011301275956143719	0.0009398762937902205	0.0004134877966215367	-5.844500070573133e-06	0.0008385799265737681
0.000640932729905952	0.0008548384442381707	0.0016257670996524531	7.421543911090289e-05	0.000627829296002913	0.0004758971961791314	-0.0001306632991853185	0.0004641235292288659
-0.0003576176630140093	0.0008548384442381707	0.002125042296112545	0.0004486718364562492	0.0013767420906933836	0.001162400591311119	0.0004934306963895185	0.0011506269243608536
0.0005161139307907625	0.000979657243352916	0.001438538900980113	-0.00023783155867662664	0.0005654198964453183	-0.0002730155985108951	-0.00025548209830006385	0.0007761705270161734
-0.0006072552612435	0.0011044760424676614	0.0021874516956705836	1.1806039553752257e-05	0.0008774668942332919	0.0006631253948514715	0.00036861189727477317	0.0013378551230334157
0.000828160928578292	0.0012917042411404456	0.001438538900980113	0.00038626243689909856	0.0009398762937902205	0.0004758971961791314	-6.825389962727968e-05	0.001462673922148161
-0.0006696646608013168	0.0016661606384853478	0.0003775791085034452	7.421543911090289e-05	0.0009398762937902205	0.0010999911917535243	-5.844500070573133e-06	0.0013378551230334157
0.0007033421294635467	0.0011044760424676614	0.00012794151027306633	0.00019903423822653643	0.0016263796889226523	0.001599266388213616	0.0002437930981600278	0.0018371303194937294
0.00045370453123405596	0.000979657243352916	3.122711157654834e-06	-5.060336000384247e-05	0.0010022856933478153	0.0005383065957358379	-0.00019307269874291322	0.0010258081252465523
-0.0005448458616859053	0.00041797264733567374	0.0011264919031930276	-5.060336000384247e-05	0.0008774668942332919	0.001162400591311119	-5.844500070573133e-06	0.0009009893261309188
0.000640932729905952	0.000792429044680576	0.000627216706732936	0.00019903423822653643	0.0010022856933478153	0.0009127629930816283	-5.844500070573133e-06	0.0010882175248032588
-0.00042002706257115996	0.001603751238927753	0.0015633577000953025	0.00019903423822653643	0.0011895138920205994	0.0004758971961791314	0.00030620249771717845	8.966713188329756e-05
0.0005161139307907625	0.000355563247778079	0.0019378140974406488	-5.060336000384247e-05	0.0003157822982158276	0.0002886689975063472	-6.825389962727968e-05	0.0006513517279009839
-0.0006072552612435	0.0008548384442381707	0.0015009483005377078	-5.060336000384247e-05	0.0009398762937902205	0.0002886689975063472	0.00036861189727477317	0.0007761705270161734
0.0009529797276939256	0.0013541136406978183	0.0018129952983250153	-0.00017542215911903192	0.0003781916977734223	0.0004758971961791314	-6.825389962727968e-05	0.00033930473011367646
-0.0007320740603584674	0.00023074444866333366	-0.00012169608795664644	-0.00011301275956143719	0.00012855409954304342	-8.578739983855499e-05	-0.00019307269874291322	0.0005265329287864606
-0.0006072552612435	0.0009172478437957654	-0.0002465148870718359	7.421543911090289e-05	0.0003781916977734223	0.0002262595979487525	5.656489948746568e-05	0.0009633987256889576
0.0007033421294635467	0.00016833504910573893	-0.00012169608795664644	0.00019903423822653643	0.0003781916977734223	0.0009127629930816283	0.00011897429904461632	0.0008385799265737681
-0.0006696646608013168	0.0002931538482204843	-0.000870608882647117	-0.00011301275956143719	0.0005030104968877236	0.0005383065957358379	-5.844500070573133e-06	0.0009633987256889576
0.00045370453123405596	0.00041797264733567374	-0.0002465148870718359	1.1806039553752257e-05	0.00012855409954304342	0.0002262595979487525	-0.00025548209830006385	0.0007761705270161734
-0.0003576176630140093	0.0001059256495485883	0.000814444905405276	0.000261443637783465	0.0007526480951176584	0.0010999911917535243	-0.00019307269874291322	-3.5151667231003714e-05
0.00045370453123405596	0.00016833504910573893	0.00019035090983066105	-0.00011301275956143719	-0.00012108349868666934	-0.00046024379718367925	-6.825389962727968e-05	-0.0002223798659037879
-0.0005448458616859053	0.00016833504910573893	0.0011264919031930276	-0.00011301275956143719	-0.00037072109691704824	-0.0002730155985108951	-0.0003803008974152533	-0.0005344268636910954
0.00045370453123405596	-0.000268530747796758	0.0008768543049628708	0.000261443637783465	0.00044060109733012887	-8.578739983855499e-05	0.00030620249771717845	0.0004017141296708271
0.000640932729905952	-1.8893149567045242e-05	0.000814444905405276	7.421543911090289e-05	-0.00037072109691704824	-0.0003354249980684898	-6.825389962727968e-05	-0.00028478926546116057
-0.0005448458616859053	-1.8893149567045242e-05	6.553211071569365e-05	-0.00011301275956143719	3.735300428076016e-06	0.00016385019839160186	-6.825389962727968e-05	0.000214485930998487
0.0007033421294635467	0.0009172478437957654	-0.0005585618848593654	0.0001366248386689417	0.0001909634991008602	-0.00014819679939614971	5.656489948746568e-05	0.0007137611274590228
-0.0006072552612435	0.0002931538482204843	0.00012794151027306633	-5.060336000384247e-05	0.0003157822982158276	0.0005383065957358379	5.656489948746568e-05	0.0005889423283433892
0.0007033421294635467	0.00023074444866333366	-0.0006209712844167381	1.1806039553752257e-05	0.0003781916977734223	0.0006007159952943208	5.656489948746568e-05	0.0010882175248032588
-0.0004824364621287547	0.0009172478437957654	-0.0008081994830895223	7.421543911090289e-05	0.0005030104968877236	0.0004134877966215367	0.00011897429904461632	0.0004017141296708271
0.0007657515290211414	0.00023074444866333366	0.000627216706732936	-5.060336000384247e-05	0.0003781916977734223	0.0005383065957358379	-5.844500070573133e-06	0.0004017141296708271
-0.0005448458616859053	-0.0001437119486817906	0.001064082503635655	0.00019903423822653643	0.00044060109733012887	-0.00021060619895330035	0.00011897429904461632	0.00027689533055608173
-0.0005448458616859053	0.0006052008460080138	0.0020002234969977994	7.421543911090289e-05	0.0005654198964453183	0.0004758971961791314	5.656489948746568e-05	0.00027689533055608173
0.000640932729905952	0.0005427914464504191	0.001438538900980113	1.1806039553752257e-05	0.0005030104968877236	0.0002262595979487525	-6.825389962727968e-05	0.0004017141296708271
-0.00042002706257115996	0.0017285700380429425	0.0015633577000953025	0.00019903423822653643	0.0011895138920205994	0.00035107839706394195	0.00018138369860243309	0.0012130363239184483
0.000828160928578292	0.0010420666429105108	0.0015009483005377078	0.00019903423822653643	0.0010022856933478153	0.0007879441939662168	0.00011897429904461632	0.0015250833217061999
-0.0006696646608013168	0.0010420666429105108	3.122711157654834e-06	-0.00023783155867662664	0.0010022856933478153	0.0006007159952943208	-5.844500070573133e-06	0.0016499021208209452
0.0007033421294635467	0.0017909794376005372	-0.00037133368618702534	7.421543911090289e-05	0.001688789088480247	0.0012248099908687138	0.00030620249771717845	0.0022115867168386316
-0.00042002706257115996	0.0015413418393706024	-0.00012169608795664644	-0.0003002409582333332	0.0015015608898076849	0.0004134877966215367	-0.0003178914978576586	0.002086767917723442
0.00039129513167601715	0.001603751238927753	-0.00018410548751468525	0.0001366248386689417	0.0022504736844977113	0.0006007159952943208	0.00018138369860243309	0.0028980901119706193
0.00045370453123405596	0.0019157982367157267	-0.0005585618848593654	-5.060336000384247e-05	0.001688789088480247	0.0006007159952943208	-0.00019307269874291322	0.002586043114183312
-0.0002952082634564146	0.003101576828307806	-0.000870608882647117	0.00032385303734105975	0.002936977079630143	0.0009751723926392231	0.00036861189727477317	0.003959049904447731
0.0005785233303483572	0.002851939230077205	-0.0009954276817618624	7.421543911090289e-05	0.002500111282727868	0.00010144079883400714	-5.844500070573133e-06	0.003584593507103273
-0.0004824364621287547	0.002664711031404865	-0.0014322934786639152	0.00019903423822653643	0.0029993864791872937	0.0007879441939662168	0.0002437930981600278	0.004146278103120515
0.0005161139307907625	0.0029767580291926166	-0.002555662670699066	-5.060336000384247e-05	0.0026249300818426136	-2.3378000280960265e-05	5.656489948746568e-05	0.00420868750267811
-0.0005448458616859053	0.0031639862278645126	-0.0019939780746813796	-5.060336000384247e-05	0.0020008360862677765	0.0007255347944086221	0.00011897429904461632	0.00439591570135045
0.0007033421294635467	0.002914348629635244	-0.002306025072469131	0.00019903423822653643	0.0021880642849405607	0.0005383065957358379	0.00030620249771717845	0.004583143900023012
-0.0004824364621287547	0.003476033225652486	-0.002742890869370962	-0.0003002409582333332	0.0010022856933478153	-0.00039783439762564043	-0.00044271029697240394	0.003334955908872894
-0.00042002706257115996	0.002914348629635244	-0.002306025072469131	0.0001366248386689417	0.001688789088480247	0.0006007159952943208	0.00018138369860243309	0.00420868750267811
0.00045370453123405596	0.003101576828307806	-0.003179756666273459	0.0001366248386689417	0.0018760172871530312	0.00016385019839160186	-6.825389962727968e-05	0.004083868703563365
-0.0003576176630140093	0.003101576828307806	-0.0024308438715838765	0.00019903423822653643	0.002125654885382522	0.0004134877966215367	0.00030620249771717845	0.00420868750267811
0.0005785233303483572	0.002227845234502812	-0.0034293942645038378	-5.060336000384247e-05	0.0018136078875949924	0.0002262595979487525	-6.825389962727968e-05	0.004770372098695352
-0.00042002706257115996	0.0030391674287502113	-0.0038662600614063347	0.000261443637783465	0.0022504736844977113	0.00016385019839160186	-0.00019307269874291322	0.00439591570135045
0.0005785233303483572	0.0027895298305204985	-0.0037414412622911453	-5.060336000384247e-05	0.002125654885382522	0.00035107839706394195	-5.844500070573133e-06	0.005082419096482438
-0.0006072552612435	0.0025398922322901196	-0.0043031258583081655	0.0001366248386689417	0.0019384266867101818	-8.578739983855499e-05	-6.825389962727968e-05	0.005082419096482438
0.0007033421294635467	0.003288805026980146	-0.003366984864946243	0.000261443637783465	0.0018760172871530312	0.0002886689975063472	0.00036861189727477317	0.0051448284960400326
0.00045370453123405596	0.0024150734331753743	-0.004552763456538544	-0.00023783155867662664	0.0005030104968877236	-0.0003354249980684898	-0.0003178914978576586	0.00402145930400577
-0.0005448458616859053	0.0030391674287502113	-0.004053488260078675	-5.060336000384247e-05	0.00044060109733012887	-0.00039783439762564043	-5.844500070573133e-06	0.00402145930400577
0.0005785233303483572	0.0025398922322901196	-0.0036790318627337726	1.1806039553752257e-05	-0.00018349289824426407	-0.0005226531967408299	-0.00019307269874291322	0.003334955908872894
-0.0005448458616859053	0.0024150734331753743	-0.0041158976596358254	7.421543911090289e-05	0.0007526480951176584	0.00035107839706394195	0.00011897429904461632	0.003959049904447731
0.0005161139307907625	0.002664711031404865	-0.004365535257866204	1.1806039553752257e-05	0.0006902386955605078	-0.0005226531967408299	0.00030620249771717845	0.004645553299580163
-0.0003576176630140093	0.002664711031404865	-0.0036166224631757338	0.00019903423822653643	0.001688789088480247	0.00016385019839160186	-0.0003178914978576586	0.004645553299580163
0.00045370453123405596	0.002227845234502812	-0.005301676251228349	0.0001366248386689417	0.002500111282727868	0.0004758971961791314	0.00018138369860243309	0.005768922491615314
-0.0004824364621287547	0.0032263956274229955	-0.004677582255653512	0.00019903423822653643	0.002312883084054862	0.00035107839706394195	0.00018138369860243309	0.005831331891172908
-0.0006696646608013168	0.0030391674287502113	-0.005738542048131068	-0.00011301275956143719	0.0024377018831702735	0.0006007159952943208	-6.825389962727968e-05	0.006143378888959772
0.0007033421294635467	0.003476033225652486	-0.005052038652998636	7.421543911090289e-05	0.0020008360862677765	-8.578739983855499e-05	5.656489948746568e-05	0.005706513092057719
-0.0006072552612435	0.003476033225652486	-0.004552763456538544	1.1806039553752257e-05	0.0014391514902500901	0.0002886689975063472	-6.825389962727968e-05	0.0055816942929425295
0.000828160928578292	0.003725670823882421	-0.004927219853883447	0.00019903423822653643	0.0013767420906933836	0.0002262595979487525	0.0002437930981600278	0.005082419096482438
-0.0006072552612435	0.004287355419899663	-0.003803850661848296	1.1806039553752257e-05	0.001064695092905854	-8.578739983855499e-05	-0.00025548209830006385	0.004707962699138202
0.0005785233303483572	0.0036008520247676756	-0.004053488260078675	-0.00011301275956143719	0.0021880642849405607	0.0009751723926392231	0.0002437930981600278	0.005644103692500124
-0.0004824364621287547	0.004100127221227767	-0.004552763456538544	-0.00023783155867662664	0.0018136078875949924	3.9031399276412415e-05	-0.00025548209830006385	0.005082419096482438
0.00039129513167601715	0.0036632614243248263	-0.004427944657423355	1.1806039553752257e-05	0.0026873394814002083	0.001162400591311119	0.00011897429904461632	0.006080969489402621
0.0007033421294635467	0.0036008520247676756	-0.005426495050343538	0.000261443637783465	0.0033114334769750453	0.0014744475890990927	0.00018138369860243309	0.006517835286304896
-0.0003576176630140093	0.0038504896229973884	-0.004365535257866204	0.0004486718364562492	0.003561071075205424	0.0014744475890990927	0.0004934306963895185	0.007017110482764988
0.0005785233303483572	0.0033512144265372967	-0.004927219853883447	-5.060336000384247e-05	0.003186614677860078	0.0010999911917535243	-0.0001306632991853185	0.006642654085419641
-0.0006696646608013168	0.0042249460203420686	-0.0051768574521133814	-0.00011301275956143719	0.0032490240774174506	0.0009127629930816283	-6.825389962727968e-05	0.006580244685862491
0.0010153891272508542	0.004786630616360199	-0.0035542130636190272	0.0005734906355709946	0.0030617958787453325	0.0007879441939662168	-0.0003178914978576586	0.005519284893384935
-0.0008568928594732128	0.004100127221227767	-0.004552763456538544	-0.0003626503577909279	0.001688789088480247	-2.3378000280960265e-05	-6.825389962727968e-05	0.005207237895598071
0.000640932729905952	0.00484904001591735	-0.00417830705919342	1.1806039553752257e-05	0.0011271044924630047	-0.0003354249980684898	-5.844500070573133e-06	0.004832781498252947
-0.0005448458616859053	0.0046618118172445655	-0.003803850661848296	0.000261443637783465	0.0015015608898076849	0.0006631253948514715	0.00018138369860243309	0.005020009696925287
-0.0006072552612435	0.0038504896229973884	-0.004365535257866204	-5.060336000384247e-05	0.0019384266867101818	0.0006007159952943208	5.656489948746568e-05	0.0051448284960400326
0.00039129513167601715	0.0031639862278645126	-0.00417830705919342	-0.00017542215911903192	0.0018136078875949924	0.0002262595979487525	-0.00044271029697240394	0.004895190897810542
-0.00017038946434122515	0.003101576828307806	-0.004427944657423355	0.0005734906355709946	0.0036234804747621308	0.0023481791829034204	0.0007430682946198974	0.00670506348497768
0.0005161139307907625	0.002914348629635244	-0.005488904449901133	-0.00011301275956143719	0.0029993864791872937	0.0009751723926392231	-0.00019307269874291322	0.006455425886747301
-0.0004824364621287547	0.003288805026980146	-0.004615172856095917	-5.060336000384247e-05	0.003186614677860078	0.0010375817921963737	5.656489948746568e-05	0.006580244685862491
0.0007033421294635467	0.003538442625210081	-0.005613723249015878	0.00019903423822653643	0.0030617958787453325	0.0002886689975063472	0.0002437930981600278	0.006517835286304896
-0.0004824364621287547	0.0046618118172445655	-0.004989629253441041	-0.00017542215911903192	0.0013767420906933836	-0.0012091565918728175	-0.00025548209830006385	0.005082419096482438
0.0005161139307907625	0.0042249460203420686	-0.005364085650785944	0.0001366248386689417	0.0014391514902500901	-0.0007098813954129479	5.656489948746568e-05	0.0053944660942706335
0.0007033421294635467	0.004973858815032095	-0.004677582255653512	0.00019903423822653643	0.0007526480951176584	-0.0017084317883329092	5.656489948746568e-05	0.004458325100907823
-0.0007320740603584674	0.004349764819457258	-0.004427944657423355	-0.00017542215911903192	0.0005030104968877236	-0.0013963847905453797	-0.0001306632991853185	0.0043335063017928555
0.00045370453123405596	0.003538442625210081	-0.005738542048131068	-0.00023783155867662664	0.0008150574946756972	-0.0007722907949712088	-0.0003178914978576586	0.0043335063017928555
-0.00023279886389881987	0.004037717821670173	-0.004615172856095917	0.0004486718364562492	0.0020008360862677765	0.00016385019839160186	0.000618249495504708	0.004707962699138202
0.00039129513167601715	0.002477482832732525	-0.005551313849458284	-0.00023783155867662664	0.0015015608898076849	-2.3378000280960265e-05	0.0002437930981600278	0.005893741290730503
-0.00042002706257115996	0.0026023016318477143	-0.0064250454432630555	7.421543911090289e-05	0.0022504736844977113	0.0002262595979487525	-0.0001306632991853185	0.005644103692500124
0.0005785233303483572	0.0027895298305204985	-0.006300226644147866	0.0001366248386689417	0.0026873394814002083	0.0007879441939662168	0.0002437930981600278	0.006205788288517811
-0.0004824364621287547	0.002851939230077205	-0.006986730039280742	-5.060336000384247e-05	0.002125654885382522	-0.00021060619895330035	-0.0001306632991853185	0.005706513092057719
-0.0006072552612435	0.0042249460203420686	-0.005488904449901133	-0.00011301275956143719	0.0017511984880378417	-0.0010219283932009215	-5.844500070573133e-06	0.0053944660942706335
0.000640932729905952	0.004287355419899663	-0.005488904449901133	7.421543911090289e-05	0.0011271044924630047	-0.0009595189936433268	-6.825389962727968e-05	0.005082419096482438
-0.00042002706257115996	0.004911449415474944	-0.005239266851670976	0.0001366248386689417	0.0013143326911357889	-0.0008971095940857321	0.0002437930981600278	0.005269647295155444
0.000640932729905952	0.00472422121680216	-0.004427944657423355	1.1806039553752257e-05	0.0003781916977734223	-0.002020478786120883	-6.825389962727968e-05	0.004707962699138202
-0.0006696646608013168	0.004162536620784474	-0.004927219853883447	-5.060336000384247e-05	0.0007526480951176584	-0.0006474719958560193	0.0002437930981600278	0.005020009696925287
0.0007033421294635467	0.003975308422112578	-0.005239266851670976	0.000261443637783465	0.0013767420906933836	-8.578739983855499e-05	-0.0001306632991853185	0.005020009696925287
-0.0007320740603584674	0.003288805026980146	-0.004864810454326296	7.421543911090289e-05	0.0021880642849405607	0.0010999911917535243	-6.825389962727968e-05	0.0055816942929425295
0.000640932729905952	0.0026023016318477143	-0.0062378172445909374	7.421543911090289e-05	0.0030617958787453325	0.0016616757877712107	5.656489948746568e-05	0.006393016487190151
0.0005785233303483572	0.002914348629635244	-0.005551313849458284	1.1806039553752257e-05	0.0028121582805149536	0.0010999911917535243	-6.825389962727968e-05	0.006268197688075405
-0.00042002706257115996	0.003476033225652486	-0.005676132648573473	0.0001366248386689417	0.0036234804747621308	0.0017864945868864002	0.0002437930981600278	0.007017110482764988
0.0005161139307907625	0.004100127221227767	-0.005800951447687774	-0.00011301275956143719	0.0026873394814002083	0.0002262595979487525	-0.0003178914978576586	0.006143378888959772
-0.00023279886389881987	0.005098677614147729	-0.0038662600614063347	0.0005110812360138439	0.0028745676800729925	0.0002262595979487525	0.000618249495504708	0.005269647295155444
0.0005161139307907625	0.0046618118172445655	-0.004927219853883447	-0.00011301275956143719	0.0016263796889226523	-0.0007098813954129479	-0.00019307269874291322	0.004707962699138202
-0.0007944834599165063	0.005285905812819625	-0.00417830705919342	-0.00011301275956143719	0.0016263796889226523	-0.0009595189936433268	0.0004310212968319238	0.005020009696925287
0.001077798526808449	0.005785181009279716	-0.0026180720702562166	-0.00017542215911903192	0.0014391514902500901	-0.00021060619895330035	-0.0001306632991853185	0.005020009696925287
-0.0007944834599165063	0.004599402417687637	-0.004240716458751015	1.1806039553752257e-05	0.001688789088480247	-2.3378000280960265e-05	-0.00019307269874291322	0.005082419096482438
-0.0003576176630140093	0.003975308422112578	-0.003803850661848296	0.000261443637783465	0.002936977079630143	0.001412038189541498	0.00036861189727477317	0.006143378888959772
0.0005161139307907625	0.0030391674287502113	-0.005738542048131068	1.1806039553752257e-05	0.003124205278302483	0.002036132185115891	-0.0001306632991853185	0.006517835286304896
-0.0003576176630140093	0.0036008520247676756	-0.005052038652998636	0.0004486718364562492	0.004060346271665072	0.002410588582461015	0.0004310212968319238	0.0072667480809949225
0.00026647633256149383	0.0025398922322901196	-0.006175407845033343	-0.0003626503577909279	0.0030617958787453325	0.0014744475890990927	-0.0005051196965299987	0.0072667480809949225
-0.0005448458616859053	0.003538442625210081	-0.0064250454432630555	1.1806039553752257e-05	0.0036858898743197255	0.0017240851873288054	0.0002437930981600278	0.006580244685862491
0.0008905703281356647	0.00484904001591735	-0.005239266851670976	0.00032385303734105975	0.002749748880957359	-0.0002730155985108951	0.0002437930981600278	0.006330607087632556
-0.0004824364621287547	0.005161087013704435	-0.004615172856095917	7.421543911090289e-05	0.0018136078875949924	-0.0013963847905453797	-5.844500070573133e-06	0.0053944660942706335
0.000640932729905952	0.005473134011492187	-0.00399107886052108	7.421543911090289e-05	0.0013767420906933836	-0.002207706984792779	-6.825389962727968e-05	0.004895190897810542
0.000640932729905952	0.005348315212376997	-0.00399107886052108	1.1806039553752257e-05	0.0011271044924630047	-0.0018956599870056934	-5.844500070573133e-06	0.004520734500465418
-0.0005448458616859053	0.00484904001591735	-0.004989629253441041	7.421543911090289e-05	0.0016263796889226523	-0.0007722907949712088	0.00011897429904461632	0.005082419096482438
0.0005785233303483572	0.004162536620784474	-0.004864810454326296	7.421543911090289e-05	0.0013767420906933836	-0.0007722907949712088	-0.0001306632991853185	0.004832781498252947
-0.0003576176630140093	0.003101576828307806	-0.005613723249015878	0.00032385303734105975	0.002500111282727868	0.001162400591311119	0.00036861189727477317	0.005644103692500124
0.0003288857321188665	0.0021654358349452174	-0.007298777037067827	-0.00023783155867662664	0.0024377018831702735	0.0009127629930816283	-5.844500070573133e-06	0.006268197688075405
-0.0006072552612435	0.002664711031404865	-0.0062378172445909374	-5.060336000384247e-05	0.0032490240774174506	0.0014744475890990927	0.00018138369860243309	0.006580244685862491
0.0007657515290211414	0.002851939230077205	-0.006737092441050585	7.421543911090289e-05	0.0032490240774174506	0.0005383065957358379	0.00011897429904461632	0.006393016487190151
-0.0005448458616859053	0.0037880802234400157	-0.005738542048131068	-0.00017542215911903192	0.0015639702893652796	-0.001770841187890504	-0.00025548209830006385	0.004770372098695352
-0.00042002706257115996	0.0046618118172445655	-0.005676132648573473	0.0001366248386689417	0.0013767420906933836	-0.001770841187890504	0.00011897429904461632	0.004832781498252947
0.0007657515290211414	0.005473134011492187	-0.005052038652998636	0.00019903423822653643	0.001064695092905854	-0.00283180098036806	0.00018138369860243309	0.003959049904447731
-0.0008568928594732128	0.005036268214590134	-0.004615172856095917	-0.00042505975734852264	-0.0003083116973594535	-0.003955170172402989	-0.0003803008974152533	0.002960499511528214
0.000828160928578292	0.004786630616360199	-0.004802401054768257	0.000261443637783465	0.000627829296002913	-0.001958069386563288	0.0002437930981600278	0.004083868703563365
-0.0006072552612435	0.004349764819457258	-0.005364085650785944	-5.060336000384247e-05	0.0007526480951176584	-0.0014587941901031964	0.00036861189727477317	0.004895190897810542
0.000828160928578292	0.0034136238260948915	-0.0047399916552111065	0.00032385303734105975	0.0021880642849405607	0.0015368569886560213	-0.0001306632991853185	0.0055816942929425295
-0.0006696646608013168	0.0019782076362724332	-0.006549864242378245	7.421543911090289e-05	0.002500111282727868	0.001599266388213616	5.656489948746568e-05	0.005831331891172908
0.0005785233303483572	0.0021030264353876227	-0.005488904449901133	0.00032385303734105975	0.0032490240774174506	0.0019737227855591843	0.0004310212968319238	0.006330607087632556
0.0003288857321188665	0.002227845234502812	-0.007049139438838337	-0.00023783155867662664	0.002500111282727868	0.0008503535935238116	-0.0003178914978576586	0.005706513092057719
-0.0004824364621287547	0.004162536620784474	-0.005738542048131068	-5.060336000384247e-05	0.0026873394814002083	-0.00046024379718367925	5.656489948746568e-05	0.005644103692500124
0.0007033421294635467	0.005161087013704435	-0.004864810454326296	0.0001366248386689417	0.0018760172871530312	-0.002020478786120883	5.656489948746568e-05	0.004707962699138202
-0.0004824364621287547	0.005972409207952056	-0.004989629253441041	0.00019903423822653643	0.0020008360862677765	-0.002207706984792779	0.00018138369860243309	0.004146278103120515
0.0005161139307907625	0.006534093803969299	-0.004427944657423355	-0.00011301275956143719	0.0011271044924630047	-0.003643123174615237	0.00030620249771717845	0.004895190897810542
-0.0004824364621287547	0.006596503203527337	-0.0035542130636190272	0.000261443637783465	0.0017511984880378417	-0.001770841187890504	-0.0003178914978576586	0.004770372098695352
0.00039129513167601715	0.005285905812819625	-0.005551313849458284	1.1806039553752257e-05	0.0026249300818426136	-0.0005226531967408299	0.00018138369860243309	0.005644103692500124
-0.0005448458616859053	0.005098677614147729	-0.005613723249015878	7.421543911090289e-05	0.0028121582805149536	0.0007879441939662168	-6.825389962727968e-05	0.0060185600898452485
-0.0003576176630140093	0.0034136238260948915	-0.0062378172445909374	0.00038626243689909856	0.004060346271665072	0.0023481791829034204	0.0004310212968319238	0.007329157480552073
0.0003288857321188665	0.0029767580291926166	-0.006300226644147866	-0.00017542215911903192	0.003561071075205424	0.001412038189541498	-0.00025548209830006385	0.006517835286304896
0.02198494737856671	0.0001059256495485883	-0.00929587782290775	1.1806039553752257e-05	0.00044060109733012887	-0.0012091565918728175	0.00011897429904461632	0.00383423110533343
0.3160580380934521	-0.04663871461901059	-0.05785039067863362	-0.002484569942745374	-0.05223293212918945	-0.04395959528875282	-0.002564629881927294	0.0043335063017928555
0.012997993842288835	0.004037717821670173	-0.00686191124016533	0.00032385303734105975	0.0015639702893652796	-0.0020828881856780335	-0.00044271029697240394	0.0034597747079876395
0.010002342663529173	0.004162536620784474	-0.00686191124016533	-0.0003002409582333332	0.0008774668942332919	-0.0033310761768281516	-6.825389962727968e-05	0.0037094123062182405
0.006881872685654766	0.005285905812819625	-0.0059881796463605586	0.0004486718364562492	0.0010022856933478153	-0.003268666777270557	0.00036861189727477317	0.003584593507103273
0.007006691484769956	0.005535543411049337	-0.005426495050343538	-0.00011301275956143719	0.0006902386955605078	-0.002020478786120883	-6.825389962727968e-05	0.003771821705775391
0.006382597489194897	0.003288805026980146	-0.006300226644147866	-0.00017542215911903192	0.0009398762937902205	-0.0014587941901031964	-0.0003178914978576586	0.0038966405048905806
0.004447906102912791	0.0030391674287502113	-0.005426495050343538	7.421543911090289e-05	0.001688789088480247	3.9031399276412415e-05	5.656489948746568e-05	0.004832781498252947
0.006569825687867237	0.0016661606384853478	-0.006799501840607736	0.00032385303734105975	0.0024377018831702735	0.0015368569886560213	0.0002437930981600278	0.00545687549382734
0.004635134301585575	0.0016661606384853478	-0.007236367637511121	-0.00011301275956143719	0.002749748880957359	0.001412038189541498	-6.825389962727968e-05	0.005332056694712595
0.005633684694505536	0.002227845234502812	-0.006362636043705461	0.0001366248386689417	0.002749748880957359	0.0006007159952943208	0.00030620249771717845	0.0055816942929425295
0.0043230873037980455	0.002664711031404865	-0.006737092441050585	0.000261443637783465	0.0018760172871530312	-0.0022701163843503736	-0.00025548209830006385	0.004146278103120515
0.004884771899815288	0.003538442625210081	-0.006799501840607736	-0.00017542215911903192	0.0016263796889226523	-0.0035183043755000476	-0.00019307269874291322	0.003771821705775391
0.0028252617144179926	0.004786630616360199	-0.005738542048131068	0.000261443637783465	0.0015015608898076849	-0.003892760772845172	0.0002437930981600278	0.0036470029066604237
0.0023883959175154956	0.005660362210164527	-0.005052038652998636	-0.00011301275956143719	0.0013143326911357889	-0.0045792641679773816	-5.844500070573133e-06	0.0032725465093152994
0.003823812107337954	0.005098677614147729	-0.004802401054768257	-0.00011301275956143719	0.0008774668942332919	-0.004516854768420009	-0.0001306632991853185	0.002773271312855652
0.0030124899130907767	0.004162536620784474	-0.005613723249015878	7.421543911090289e-05	0.0015639702893652796	-0.00283180098036806	5.656489948746568e-05	0.00383423110533343
0.004135859105125483	0.0036632614243248263	-0.005364085650785944	0.000261443637783465	0.0019384266867101818	-0.0027069821812528705	0.00018138369860243309	0.003584593507103273
0.002513214716630685	0.0023526640336177795	-0.005800951447687774	-0.00017542215911903192	0.002125654885382522	-0.002145297585235628	-6.825389962727968e-05	0.004146278103120515
0.004697543701142726	0.0019157982367157267	-0.006737092441050585	7.421543911090289e-05	0.0036234804747621308	-0.0016460223887757586	0.0002437930981600278	0.00439591570135045
0.002700442915303247	0.0026023016318477143	-0.005676132648573473	-0.0003002409582333332	0.002936977079630143	-0.003206257377712962	-0.0003178914978576586	0.0034597747079876395
0.003948630906452699	0.0024150734331753743	-0.0062378172445909374	1.1806039553752257e-05	0.0036858898743197255	-0.0035183043755000476	-5.844500070573133e-06	0.004146278103120515
0.004135859105125483	0.005098677614147729	-0.004615172856095917	0.0004486718364562492	0.003810708673434471	-0.004641673567535198	0.0004310212968319238	0.0038966405048905806
0.0022635771184011944	0.004973858815032095	-0.0047399916552111065	-5.060336000384247e-05	0.0032490240774174506	-0.004704082967092571	5.656489948746568e-05	0.0036470029066604237
0.003948630906452699	0.005098677614147729	-0.005613723249015878	-5.060336000384247e-05	0.0024377018831702735	-0.004953720565322506	-6.825389962727968e-05	0.0034597747079876395
0.0018267113214984754	0.005660362210164527	-0.0047399916552111065	1.1806039553752257e-05	0.002125654885382522	-0.004454445368862414	-0.0001306632991853185	0.004271096902235261
0.004260677904240451	0.004536993018130042	-0.005551313849458284	0.00019903423822653643	0.0017511984880378417	-0.0027069821812528705	5.656489948746568e-05	0.0051448284960400326
0.003137308712205966	0.0037880802234400157	-0.006674683041493434	1.1806039553752257e-05	0.0013143326911357889	-8.578739983855499e-05	-5.844500070573133e-06	0.0051448284960400326
0.004073449705567889	0.003101576828307806	-0.005863360847245369	0.000261443637783465	0.0018136078875949924	0.002036132185115891	0.00030620249771717845	0.006268197688075405
0.0033245369108780842	0.0021030264353876227	-0.007236367637511121	-0.00011301275956143719	0.0014391514902500901	0.0020985415846734856	-0.00019307269874291322	0.006268197688075405
0.002950080513533182	0.0024150734331753743	-0.0062378172445909374	-0.00023783155867662664	0.0018136078875949924	0.0017864945868864002	-0.00019307269874291322	0.006330607087632556
0.005196818897602817	0.002914348629635244	-0.006175407845033343	0.00038626243689909856	0.0020008360862677765	0.0019113133860015896	0.0002437930981600278	0.006767472884534831
0.0031997181117628948	0.0036632614243248263	-0.005925770246803408	-5.060336000384247e-05	0.0020008360862677765	0.0006631253948514715	5.656489948746568e-05	0.006330607087632556
0.0038862215068955486	0.0042249460203420686	-0.0047399916552111065	1.1806039553752257e-05	0.0014391514902500901	-0.0012715659914308564	-0.0001306632991853185	0.005207237895598071
0.0028252617144179926	0.00472422121680216	-0.0043031258583081655	0.000261443637783465	0.001688789088480247	-0.001333975390988007	-5.844500070573133e-06	0.00420868750267811
0.003948630906452699	0.005098677614147729	-0.003803850661848296	0.0001366248386689417	0.002125654885382522	-0.002207706984792779	0.00036861189727477317	0.004146278103120515
0.0022011677188427115	0.005161087013704435	-0.002493253271141471	-0.00017542215911903192	0.0017511984880378417	-0.001770841187890504	-0.00019307269874291322	0.003771821705775391
0.004198268504682856	0.0036008520247676756	-0.0041158976596358254	0.0001366248386689417	0.0024377018831702735	-0.0007098813954129479	5.656489948746568e-05	0.004458325100907823
0.004572724902027536	0.002851939230077205	-0.003803850661848296	0.00038626243689909856	0.0029993864791872937	0.0004134877966215367	0.00030620249771717845	0.004770372098695352
0.003386946310435679	0.0014789324398130077	-0.006112998445475748	-0.00023783155867662664	0.003124205278302483	0.0014744475890990927	-0.0001306632991853185	0.00545687549382734
0.004635134301585575	0.0015413418393706024	-0.006175407845033343	-0.00011301275956143719	0.003186614677860078	0.0010375817921963737	-0.00025548209830006385	0.005332056694712595
0.0030124899130907767	0.0021030264353876227	-0.005551313849458284	0.000261443637783465	0.00374829927387732	0.0015368569886560213	0.0002437930981600278	0.0060185600898452485
0.005072000098487628	0.0025398922322901196	-0.006112998445475748	0.00032385303734105975	0.003561071075205424	0.0009751723926392231	5.656489948746568e-05	0.005332056694712595
0.002513214716630685	0.004162536620784474	-0.0051768574521133814	-5.060336000384247e-05	0.0020008360862677765	-0.002582163382138125	-0.00019307269874291322	0.004458325100907823
0.003574174509108463	0.004911449415474944	-0.004802401054768257	0.00019903423822653643	0.0021880642849405607	-0.002394935183465341	0.00030620249771717845	0.0049576002973676925
0.002575624116188502	0.0057227716097221215	-0.004864810454326296	-0.00023783155867662664	0.00125192329157775	-0.003955170172402989	-0.0003178914978576586	0.0037094123062182405
0.0020139395201708155	0.0057227716097221215	-0.0047399916552111065	1.1806039553752257e-05	0.00125192329157775	-0.0030190291790404	0.00011897429904461632	0.004146278103120515
0.004198268504682856	0.004786630616360199	-0.006549864242378245	7.421543911090289e-05	0.0009398762937902205	-0.002207706984792779	-5.844500070573133e-06	0.00439591570135045
0.0024508053170730904	0.004287355419899663	-0.0062378172445909374	0.000261443637783465	0.0018760172871530312	-0.0010219283932009215	0.00030620249771717845	0.0049576002973676925
0.0043230873037980455	0.002477482832732525	-0.007361186436625422	-5.060336000384247e-05	0.0018760172871530312	0.00010144079883400714	-6.825389962727968e-05	0.0060185600898452485
0.0033245369108780842	0.0021654358349452174	-0.008234918030430638	7.421543911090289e-05	0.0026873394814002083	0.001412038189541498	0.00011897429904461632	0.0055816942929425295
0.004385496703355196	0.002227845234502812	-0.0074860052357406115	0.00019903423822653643	0.0028121582805149536	0.00010144079883400714	-0.0001306632991853185	0.005269647295155444
0.0026380335157460966	0.002290254634060185	-0.007860461633085514	-0.00011301275956143719	0.002562520682285463	-0.0016460223887757586	-0.00019307269874291322	0.004583143900023012
0.004073449705567889	0.0032263956274229955	-0.005925770246803408	0.000261443637783465	0.0028121582805149536	-0.0030814385785979947	0.0004310212968319238	0.004271096902235261
0.0034493557099932737	0.005473134011492187	-0.0059881796463605586	7.421543911090289e-05	0.0019384266867101818	-0.004454445368862414	5.656489948746568e-05	0.003397365308430489
0.0015770737232683185	0.0061596374066246184	-0.006050589045918153	-0.00011301275956143719	0.0015639702893652796	-0.0054529957617823754	-5.844500070573133e-06	0.0028980901119706193
0.002513214716630685	0.006284456205739808	-0.005301676251228349	-0.00017542215911903192	0.0009398762937902205	-0.005889861558684872	-0.00025548209830006385	0.002336405515953377
0.00207634891972841	0.005348315212376997	-0.0059881796463605586	0.000261443637783465	0.0016263796889226523	-0.0035183043755000476	0.00030620249771717845	0.0036470029066604237
0.0038862215068955486	0.004412174219014853	-0.007049139438838337	-5.060336000384247e-05	0.0015639702893652796	-0.00264457278169572	0.00018138369860243309	0.00439591570135045
0.0022011677188427115	0.0036008520247676756	-0.00648745484282065	1.1806039553752257e-05	0.0021880642849405607	0.0007255347944086221	-6.825389962727968e-05	0.0049576002973676925
0.004510315502470386	0.0018533888371576879	-0.008359736829545383	7.421543911090289e-05	0.002936977079630143	0.0015368569886560213	0.00011897429904461632	0.005768922491615314
0.0030748993126483715	0.0019782076362724332	-0.007236367637511121	0.00019903423822653643	0.002936977079630143	0.0007879441939662168	0.00011897429904461632	0.005332056694712595
0.002575624116188502	0.002914348629635244	-0.007798052233527919	-0.00011301275956143719	0.002500111282727868	3.9031399276412415e-05	-0.0001306632991853185	0.005207237895598071
0.004198268504682856	0.00484904001591735	-0.0064250454432630555	0.0005110812360138439	0.0028745676800729925	-0.0016460223887757586	0.0004310212968319238	0.004895190897810542
0.0017643019219408806	0.005847590408836867	-0.005364085650785944	-0.00011301275956143719	0.0022504736844977113	-0.003830351373287577	-5.844500070573133e-06	0.0038966405048905806
0.003574174509108463	0.006284456205739808	-0.005863360847245369	-0.00017542215911903192	0.0015015608898076849	-0.0045792641679773816	-0.00025548209830006385	0.003959049904447731
0.0022011677188427115	0.0075950535964464105	-0.004427944657423355	0.000261443637783465	0.0022504736844977113	-0.004392035969304819	-0.00019307269874291322	0.003210137109758593
0.0033245369108780842	0.006409275004854553	-0.004864810454326296	-0.00017542215911903192	0.0020632454858253713	-0.0020828881856780335	0.0002437930981600278	0.004583143900023012
0.002950080513533182	0.005597952810607376	-0.005863360847245369	-0.00011301275956143719	0.001688789088480247	-0.0013963847905453797	-0.0003178914978576586	0.0043335063017928555
0.003948630906452699	0.004162536620784474	-0.006175407845033343	0.0004486718364562492	0.0029993864791872937	0.0014744475890990927	0.0004934306963895185	0.005893741290730503
0.0049471812993728825	0.0019782076362724332	-0.007860461633085514	-5.060336000384247e-05	0.0026873394814002083	0.0017240851873288054	-0.0001306632991853185	0.005768922491615314
0.0032621275113204895	0.002851939230077205	-0.006674683041493434	0.0001366248386689417	0.0034362522760902348	0.002036132185115891	0.00011897429904461632	0.006393016487190151
0.005009590698930477	0.0031639862278645126	-0.00648745484282065	0.00032385303734105975	0.0034362522760902348	0.0012872193904263085	0.0002437930981600278	0.005956150690287432
0.0031997181117628948	0.004100127221227767	-0.006799501840607736	-0.00011301275956143719	0.003124205278302483	-0.00014819679939614971	-5.844500070573133e-06	0.0049576002973676925
0.003948630906452699	0.005847590408836867	-0.005426495050343538	0.00019903423822653643	0.002749748880957359	-0.002145297585235628	0.0002437930981600278	0.0049576002973676925
0.0024508053170730904	0.006471684404411704	-0.0051768574521133814	0.00019903423822653643	0.0015639702893652796	-0.003892760772845172	-0.00019307269874291322	0.0043335063017928555
0.004198268504682856	0.006534093803969299	-0.006112998445475748	-5.060336000384247e-05	0.0018136078875949924	-0.0035183043755000476	-0.0001306632991853185	0.0043335063017928555
0.0019515301206132207	0.006721322002641639	-0.005613723249015878	0.0004486718364562492	0.0020632454858253713	-0.0015212035896607912	0.00036861189727477317	0.005020009696925287
0.0028876711139755873	0.0038504896229973884	-0.006924320639723147	-0.00011301275956143719	0.0019384266867101818	-0.0002730155985108951	-0.0001306632991853185	0.005332056694712595
0.004135859105125483	0.0029767580291926166	-0.0064250454432630555	1.1806039553752257e-05	0.002125654885382522	0.0005383065957358379	-6.825389962727968e-05	0.005269647295155444
0.0032621275113204895	0.0018533888371576879	-0.007298777037067827	0.0001366248386689417	0.0026249300818426136	0.002410588582461015	5.656489948746568e-05	0.006080969489402621
0.005009590698930477	0.0016661606384853478	-0.007423595836183017	0.00019903423822653643	0.0029993864791872937	0.002410588582461015	0.0002437930981600278	0.0053944660942706335
0.002513214716630685	0.0019782076362724332	-0.006737092441050585	-0.00023783155867662664	0.0026873394814002083	0.0010375817921963737	0.00018138369860243309	0.005269647295155444
0.0043230873037980455	0.002727120430962904	-0.006799501840607736	0.000261443637783465	0.002562520682285463	-0.0015212035896607912	0.0002437930981600278	0.004895190897810542
0.0022011677188427115	0.004100127221227767	-0.006112998445475748	-0.00023783155867662664	0.0015639702893652796	-0.0037679419737299824	-0.0003178914978576586	0.003334955908872894
0.0028876711139755873	0.00484904001591735	-0.005488904449901133	-5.060336000384247e-05	0.0015639702893652796	-0.0035807137750576423	0.00018138369860243309	0.003959049904447731
0.002950080513533182	0.005847590408836867	-0.005551313849458284	-5.060336000384247e-05	0.0010022856933478153	-0.004392035969304819	-0.0003178914978576586	0.003397365308430489
0.0013898455245959784	0.005660362210164527	-0.004677582255653512	0.00032385303734105975	0.0014391514902500901	-0.003206257377712962	0.0004310212968319238	0.004083868703563365
0.003574174509108463	0.003912899022555205	-0.006674683041493434	-5.060336000384247e-05	0.0006902386955605078	-0.002145297585235628	-6.825389962727968e-05	0.004083868703563365
0.001701892522383286	0.0032263956274229955	-0.00686191124016533	-0.00011301275956143719	0.0009398762937902205	-0.0009595189936433268	-0.0001306632991853185	0.0049576002973676925
0.003574174509108463	0.0021654358349452174	-0.006737092441050585	0.00032385303734105975	0.0013767420906933836	0.0005383065957358379	-5.844500070573133e-06	0.005519284893384935
0.002325986517958345	0.0011044760424676614	-0.0081725086308726	-0.00011301275956143719	0.0015639702893652796	0.0010999911917535243	-6.825389962727968e-05	0.0055816942929425295
0.0034493557099932737	0.001416523040255635	-0.007548414635298206	0.00019903423822653643	0.0021880642849405607	0.0010375817921963737	0.00030620249771717845	0.006205788288517811
0.0018267113214984754	0.0019782076362724332	-0.007548414635298206	-0.00011301275956143719	0.0015639702893652796	-0.0005850625962984246	-0.0001306632991853185	0.0060185600898452485
0.0010153891272508542	0.004287355419899663	-0.006175407845033343	-5.060336000384247e-05	0.0016263796889226523	-0.0020828881856780335	-5.844500070573133e-06	0.006143378888959772
0.0022011677188427115	0.004786630616360199	-0.006050589045918153	7.421543911090289e-05	0.0007526480951176584	-0.0033310761768281516	-6.825389962727968e-05	0.005956150690287432
0.0011402079263660436	0.0057227716097221215	-0.006050589045918153	0.0001366248386689417	0.001064695092905854	-0.003393485576384858	0.0002437930981600278	0.00670506348497768
0.0017643019219408806	0.005785181009279716	-0.0059881796463605586	-0.00023783155867662664	0.00012855409954304342	-0.004392035969304819	-0.00025548209830006385	0.007204338681437772
0.000828160928578292	0.005285905812819625	-0.006362636043705461	1.1806039553752257e-05	0.0003781916977734223	-0.0027069821812528705	-5.844500070573133e-06	0.007766023277455014
0.0030748993126483715	0.004287355419899663	-0.007860461633085514	0.0001366248386689417	0.0013143326911357889	0.00016385019839160186	0.00011897429904461632	0.008639754871259342
0.0013898455245959784	0.003912899022555205	-0.007298777037067827	-0.00011301275956143719	0.0011895138920205994	0.0012872193904263085	-0.0001306632991853185	0.008702164270816937
0.0035117651095504243	0.002290254634060185	-0.008859012026005475	0.00019903423822653643	0.0022504736844977113	0.00247299798201861	0.0002437930981600278	0.010262399259754584
0.0033245369108780842	0.002664711031404865	-0.0081725086308726	0.000261443637783465	0.002312883084054862	0.0018489039864435508	0.00018138369860243309	0.01019998986019699
0.0015146643237107238	0.002851939230077205	-0.008422146229102978	-0.00011301275956143719	0.0020008360862677765	0.0012248099908687138	-5.844500070573133e-06	0.01069926505665686
0.002700442915303247	0.003725670823882421	-0.008047689831757854	1.1806039553752257e-05	0.0015015608898076849	-0.0002730155985108951	5.656489948746568e-05	0.010636855657099265
7.924813388870966e-05	0.005348315212376997	-0.006674683041493434	1.1806039553752257e-05	0.0010022856933478153	-0.0015836129892181638	-6.825389962727968e-05	0.01044962745842648
0.0019515301206132207	0.0057227716097221215	-0.006362636043705461	0.0001366248386689417	0.0003781916977734223	-0.002394935183465341	-0.0001306632991853185	0.010512036857984075
0.00026647633256149383	0.006284456205739808	-0.006300226644147866	-0.00017542215911903192	-0.000620358695146539	-0.00264457278169572	-0.00025548209830006385	0.009887942862409238
0.0013898455245959784	0.005972409207952056	-0.005925770246803408	0.000261443637783465	0.0001909634991008602	-0.00046024379718367925	0.00036861189727477317	0.01044962745842648
0.001265026725481233	0.005161087013704435	-0.007548414635298206	-0.00011301275956143719	6.614469998567074e-05	0.0002886689975063472	-0.0001306632991853185	0.009825533462852087
0.0013898455245959784	0.002727120430962904	-0.007173958237952638	1.1806039553752257e-05	0.0007526480951176584	0.002223360383788675	5.656489948746568e-05	0.01019998986019699
0.003636583908666058	0.001229294841583295	-0.008734193226890286	0.00019903423822653643	0.0009398762937902205	0.0032219107767084143	5.656489948746568e-05	0.010512036857984075
0.0014522549241535732	0.0011044760424676614	-0.008546965028218168	-5.060336000384247e-05	0.0015639702893652796	0.003471548374938793	5.656489948746568e-05	0.011385768451789291
0.0022011677188427115	0.0015413418393706024	-0.007985280432200259	-5.060336000384247e-05	0.0013143326911357889	0.0025978167811335773	-5.844500070573133e-06	0.012509137643823776
0.00045370453123405596	0.002227845234502812	-0.00860937442777554	-0.0003002409582333332	0.0007526480951176584	0.001412038189541498	0.00036861189727477317	0.013382869237628991
0.0013898455245959784	0.004100127221227767	-0.007111548838395487	0.0004486718364562492	-0.0005579492955898324	-0.001770841187890504	-0.0001306632991853185	0.013445278637186586
-0.001231349256818337	0.005098677614147729	-0.006549864242378245	-0.00017542215911903192	-0.001681318487624317	-0.002582163382138125	-0.0003178914978576586	0.013445278637186586
0.00045370453123405596	0.005410724611934592	-0.007298777037067827	1.1806039553752257e-05	-0.0014316808893941602	-0.002207706984792779	0.00018138369860243309	0.014194191431875725
0.00020406693300367706	0.004474583618572003	-0.0081725086308726	-0.00017542215911903192	-0.0022430030836413373	-0.0018332505874480987	-0.00044271029697240394	0.013382869237628991
1.6838734331114935e-05	0.0033512144265372967	-0.009545515421137463	-5.060336000384247e-05	-0.0014940902889515328	0.0002262595979487525	5.656489948746568e-05	0.013507688036743293
0.0016394831228259132	0.002290254634060185	-0.009420696622022717	7.421543911090289e-05	-0.0007451774942617284	0.0014744475890990927	-5.844500070573133e-06	0.013008412840283645
0.00026647633256149383	0.000979657243352916	-0.010044790617597332	-0.00017542215911903192	-0.0004331304964741989	0.0027850449798059174	-0.0001306632991853185	0.013694916235416077
0.002700442915303247	0.0004803820468928244	-0.010731294012729764	1.1806039553752257e-05	0.00012855409954304342	0.0032219107767084143	-6.825389962727968e-05	0.014319010230991358
-0.00010798006478363043	0.0008548384442381707	-0.010044790617597332	-5.060336000384247e-05	-0.0002459022978018588	0.001599266388213616	-5.844500070573133e-06	0.014506238429663254
0.0008905703281356647	0.0011044760424676614	-0.009732743619810247	-0.0003002409582333332	-0.0011196338916066306	-2.3378000280960265e-05	-0.00019307269874291322	0.014818285427451006
-0.0012937586563759318	0.002227845234502812	-0.008297327429987789	-5.060336000384247e-05	-0.0019933654854114025	-0.0015836129892181638	-0.00025548209830006385	0.015005513626123346
-0.0021674902501807036	0.004349764819457258	-0.008047689831757854	-5.060336000384247e-05	-0.002555050081429089	-0.002207706984792779	-5.844500070573133e-06	0.015317560623910875
-0.0003576176630140093	0.0042249460203420686	-0.008859012026005475	-0.00023783155867662664	-0.003179144077003926	-0.002769391580810465	-0.0003178914978576586	0.014693466628335816
-0.002105080850623109	0.004162536620784474	-0.008110099231315449	-0.0003626503577909279	-0.002742278280101429	-0.001958069386563288	-0.00025548209830006385	0.014693466628335816
0.000828160928578292	0.002914348629635244	-0.009171059023792338	1.1806039553752257e-05	-0.00230541248319871	-0.0003354249980684898	-0.0001306632991853185	0.014943104226566195
0.00039129513167601715	0.002040617035830028	-0.009982381218039738	0.000261443637783465	-0.000620358695146539	0.0018489039864435508	-0.00025548209830006385	0.013882144434088639
0.001265026725481233	0.0004803820468928244	-0.010232018816270338	-0.00017542215911903192	0.0001909634991008602	0.0034091389753807544	-5.844500070573133e-06	0.014818285427451006
0.000828160928578292	4.351624999054948e-05	-0.010731294012729764	0.00019903423822653643	0.0003781916977734223	0.0029098637789206627	0.00011897429904461632	0.014943104226566195
0.002138758319286005	4.351624999054948e-05	-0.009670334220252652	-0.00023783155867662664	-0.00012108349868666934	0.0018489039864435508	-0.0001306632991853185	0.015754426420812928
0.0003288857321188665	0.0016661606384853478	-0.009857562418924992	-0.00017542215911903192	-0.0011820432911642254	0.0004758971961791314	-0.0003803008974152533	0.016628158014618588
-0.001668215053721278	0.0036632614243248263	-0.00860937442777554	0.00019903423822653643	-0.00105722449204948	-8.578739983855499e-05	0.00036861189727477317	0.018625258800457622
-0.0014185774554911212	0.0042249460203420686	-0.008110099231315449	-0.00023783155867662664	-0.002742278280101429	-0.001958069386563288	-0.0003178914978576586	0.018562849400900028
-0.0020426714510659583	0.004599402417687637	-0.008422146229102978	-0.0003626503577909279	-0.0030543252778889585	-0.0018956599870056934	-0.0003803008974152533	0.018438030601785282
-4.55706652260357e-05	0.004973858815032095	-0.008047689831757854	0.00032385303734105975	-0.0024302312823138994	-0.001146747192316111	-0.0001306632991853185	0.01737707080930817
-0.0015433962546060886	0.0038504896229973884	-0.008359736829545383	-0.00023783155867662664	-0.0016189090880667223	0.0008503535935238116	-0.0001306632991853185	0.015629607621698627
0.0015146643237107238	0.002290254634060185	-0.009483106021579868	-0.00023783155867662664	-0.000620358695146539	0.002036132185115891	-0.00025548209830006385	0.014631057228778444
0.00020406693300367706	0.0017285700380429425	-0.008734193226890286	0.0004486718364562492	0.0005030104968877236	0.0033467295758236038	0.00036861189727477317	0.014568647829220849
0.001077798526808449	0.0006676102455653865	-0.009545515421137463	-0.00023783155867662664	0.0005654198964453183	0.003034682578035852	-0.0001306632991853185	0.014506238429663254
0.001265026725481233	0.0013541136406978183	-0.009108649624234966	1.1806039553752257e-05	0.00025337289865823287	0.0022857697833458257	-6.825389962727968e-05	0.015442379423026065
-0.0007320740603584674	0.0023526640336177795	-0.008297327429987789	0.00019903423822653643	6.614469998567074e-05	0.0018489039864435508	0.0002437930981600278	0.01756429900798051
0.00014165753344608234	0.0027895298305204985	-0.009171059023792338	-0.00023783155867662664	-0.00124445269072182	0.00010144079883400714	-0.0003803008974152533	0.019623809193377806
-0.002729174846197946	0.0037880802234400157	-0.008297327429987789	-0.0003002409582333332	-0.0019933654854114025	-0.0005226531967408299	-0.00019307269874291322	0.020185493789394826
-0.001231349256818337	0.004100127221227767	-0.008359736829545383	1.1806039553752257e-05	-0.0024302312823138994	-0.00046024379718367925	0.00018138369860243309	0.020372721988067388
-0.0019802620515083635	0.004162536620784474	-0.008859012026005475	-0.00023783155867662664	-0.002679868880543834	-0.0003354249980684898	-0.00025548209830006385	0.019124533996917714
-0.0008568928594732128	0.003725670823882421	-0.009857562418924992	-0.00023783155867662664	-0.0024302312823138994	0.0009751723926392231	-0.00025548209830006385	0.018438030601785282
0.0015770737232683185	0.0021654358349452174	-0.01066888461317217	0.00019903423822653643	-0.0011820432911642254	0.0019737227855591843	5.656489948746568e-05	0.017501889608422916
-0.0006072552612435	0.001603751238927753	-0.010232018816270338	-0.00011301275956143719	-0.0008075868938191011	0.0029098637789206627	-5.844500070573133e-06	0.016940205012405674
0.0015770737232683185	0.0006676102455653865	-0.011043341010517516	-0.00017542215911903192	-0.0007451774942617284	0.0029722731784787015	-0.00019307269874291322	0.016628158014618588
1.6838734331114935e-05	0.0011044760424676614	-0.011292978608747006	1.1806039553752257e-05	-0.0002459022978018588	0.0032219107767084143	-5.844500070573133e-06	0.018125983603998197
-0.00023279886389881987	0.0011668854420252561	-0.010606475213615019	1.1806039553752257e-05	-0.0011196338916066306	0.002660226180691172	-0.00019307269874291322	0.01918694339647531
-0.0021674902501807036	0.0014789324398130077	-0.010856112811844953	-0.00023783155867662664	-0.0030543252778889585	0.0007255347944086221	-0.0003803008974152533	0.019498990394262616
-0.001231349256818337	0.002227845234502812	-0.010918522211402548	0.0001366248386689417	-0.0030543252778889585	0.001162400591311119	0.00018138369860243309	0.020372721988067388
-0.0034780876408884165	0.003288805026980146	-0.009919971818482587	-0.0003626503577909279	-0.0043025132690386325	0.0002886689975063472	-0.0003803008974152533	0.01881248699913063
-0.00254194664752605	0.0032263956274229955	-0.009483106021579868	-0.0003626503577909279	-0.003803238072578541	0.0007879441939662168	-0.00019307269874291322	0.017813936606210445
-0.001231349256818337	0.0027895298305204985	-0.009171059023792338	1.1806039553752257e-05	-0.003990466271251103	0.001599266388213616	-0.00025548209830006385	0.016191292217715425
-0.001044121058145997	0.0019157982367157267	-0.010044790617597332	-5.060336000384247e-05	-0.0032415534765615206	0.00247299798201861	-5.844500070573133e-06	0.015005513626123346
0.0009529797276939256	0.0011668854420252561	-0.01048165641449983	-0.00011301275956143719	-0.00249264068187105	0.002847454379363512	-0.0001306632991853185	0.012758775242054154
-0.0007944834599165063	0.0006052008460080138	-0.0101696094167123	-0.00017542215911903192	-0.002055774884968997	0.0040332329709558135	0.0002437930981600278	0.012633956442938521
0.0020139395201708155	0.0001059256495485883	-0.010544065814057424	0.000261443637783465	-0.0013692714898365654	0.0040332329709558135	-0.0005051196965299987	0.012509137643823776
-0.0008568928594732128	-0.0001437119486817906	-0.01066888461317217	0.00019903423822653643	-0.0014940902889515328	0.004532508167415905	0.00018138369860243309	0.014319010230991358
0.00026647633256149383	0.0005427914464504191	-0.010107200017155149	-0.00017542215911903192	-0.0024302312823138994	0.003970823571398663	-0.00025548209830006385	0.015504788822583437
-0.0011065304577035917	0.0017909794376005372	-0.009233468423350155	1.1806039553752257e-05	-0.002929506478773769	0.0037835953727258786	-5.844500070573133e-06	0.01637852041638821
-0.0032284500426580376	0.0023526640336177795	-0.008546965028218168	-0.00011301275956143719	-0.003990466271251103	0.003970823571398663	5.656489948746568e-05	0.017439480208865765
-0.001044121058145997	0.0026023016318477143	-0.009607924820695057	-5.060336000384247e-05	-0.0049266072646134695	0.003471548374938793	-0.00019307269874291322	0.017065023811520197
-0.002978812444428325	0.0029767580291926166	-0.009171059023792338	-0.00011301275956143719	-0.00461456026682594	0.0045949175669735	-5.844500070573133e-06	0.015879245219928118
-0.0011065304577035917	0.0021030264353876227	-0.010107200017155149	-0.0003626503577909279	-0.005363473061515744	0.005156602162990742	-5.844500070573133e-06	0.015255151224353725
-0.0005448458616859053	0.0018533888371576879	-0.010856112811844953	-5.060336000384247e-05	-0.002929506478773769	0.007840206343962652	-0.00019307269874291322	0.014568647829220849
0.0007033421294635467	0.0013541136406978183	-0.010856112811844953	0.00038626243689909856	-0.0017437278871819117	0.009650078931129569	0.0004310212968319238	0.015192741824795686
-4.55706652260357e-05	0.0009172478437957654	-0.012291529001666968	-0.0003002409582333332	-0.001868546686296657	0.008713937937767424	-0.0003178914978576586	0.014256600831433763
-0.0009193022590312516	0.0006676102455653865	-0.010856112811844953	-5.060336000384247e-05	-0.0014316808893941602	0.009525260132015045	-5.844500070573133e-06	0.015255151224353725
0.00026647633256149383	0.0008548384442381707	-0.010419247014942679	0.00019903423822653643	-0.002118184284526592	0.008838756736882614	5.656489948746568e-05	0.015629607621698627
-0.0017930338528360235	0.0017285700380429425	-0.01048165641449983	-0.00042505975734852264	-0.003116734677446331	0.007465749946617528	-0.0003178914978576586	0.015629607621698627
-0.0012937586563759318	0.0029767580291926166	-0.008983830825119776	-0.00011301275956143719	-0.003990466271251103	0.007340931147502783	-0.00025548209830006385	0.016690567414175295
-0.0026043560470832006	0.0036008520247676756	-0.008484555628659907	7.421543911090289e-05	-0.004676969666383091	0.007465749946617528	-5.844500070573133e-06	0.015754426420812928
-0.0003576176630140093	0.0038504896229973884	-0.00879660262644788	7.421543911090289e-05	-0.004676969666383091	0.007715387544847907	-0.0001306632991853185	0.01506792302568094
-0.002292309049296115	0.0036008520247676756	-0.008484555628659907	-0.00017542215911903192	-0.00461456026682594	0.00796502514307762	-0.0003178914978576586	0.013694916235416077
0.00039129513167601715	0.0026023016318477143	-0.010044790617597332	0.000261443637783465	-0.0023678218827565267	0.009150803734669477	0.00036861189727477317	0.013258050438514024
0.0008905703281356647	0.0006052008460080138	-0.01048165641449983	-0.00017542215911903192	-0.00249264068187105	0.009587669531571974	-0.0001306632991853185	0.011822634248691344
0.00045370453123405596	-8.130254912419588e-05	-0.011230569209189856	-0.00017542215911903192	-0.0014316808893941602	0.009774897730244758	-0.0003178914978576586	0.011510587250903814
0.002138758319286005	0.0001059256495485883	-0.01048165641449983	0.00032385303734105975	-0.00018349289824426407	0.009962125928917542	0.00030620249771717845	0.011572996650461631
-0.0013561680559335265	0.0001059256495485883	-0.009670334220252652	-0.00023783155867662664	-0.0014316808893941602	0.009650078931129569	-0.00019307269874291322	0.01238431884470903
0.0007657515290211414	0.0008548384442381707	-0.009545515421137463	-5.060336000384247e-05	-0.0022430030836413373	0.008214662741307555	-0.0001306632991853185	0.012946003440726495
-0.0017930338528360235	0.0021654358349452174	-0.00860937442777554	-0.00011301275956143719	-0.004427332068153822	0.007278521747945188	-5.844500070573133e-06	0.013195641038956207
-0.0014185774554911212	0.002851939230077205	-0.007361186436625422	-0.00011301275956143719	-0.005488291860630712	0.006716837151927946	-6.825389962727968e-05	0.013320459838071397
-0.002292309049296115	0.0031639862278645126	-0.008297327429987789	-0.00011301275956143719	-0.006049976456648176	0.0069664747501574364	-0.0003178914978576586	0.01257154704338137
-0.002479537247968455	0.002477482832732525	-0.0081725086308726	7.421543911090289e-05	-0.005613110659745901	0.00846430033953749	0.00011897429904461632	0.01238431884470903
0.0005785233303483572	0.0011044760424676614	-0.010107200017155149	-0.00042505975734852264	-0.00517624486284296	0.007902615743520025	-0.00044271029697240394	0.010512036857984075
-0.0006696646608013168	0.0007300196451232033	-0.009857562418924992	-0.00017542215911903192	-0.003366372275676266	0.009400441332899412	-6.825389962727968e-05	0.009950352261966833
0.0011402079263660436	-0.00020612134823938533	-0.009795153019367842	7.421543911090289e-05	-0.002679868880543834	0.010086944728031844	-0.0001306632991853185	0.008826983069932126
0.00045370453123405596	-0.0005181683460266928	-0.009982381218039738	7.421543911090289e-05	-0.0013692714898365654	0.009712488330687608	-0.00019307269874291322	0.008015660875684949
0.000640932729905952	-0.0005805777455842875	-0.009545515421137463	-0.00023783155867662664	-0.00249264068187105	0.008901166136439986	0.00011897429904461632	0.009076620668162061
-0.0014185774554911212	0.00023074444866333366	-0.00867178382733269	7.421543911090289e-05	-0.0032415534765615206	0.007652978145290312	5.656489948746568e-05	0.009139030067719434
0.00014165753344608234	0.000979657243352916	-0.007860461633085514	-0.0005498785564637121	-0.00461456026682594	0.007278521747945188	-0.0005051196965299987	0.00888939246948972
-0.0006072552612435	0.002227845234502812	-0.007173958237952638	7.421543911090289e-05	-0.00511383546328581	0.007340931147502783	5.656489948746568e-05	0.009076620668162061
-0.0014185774554911212	0.0025398922322901196	-0.007423595836183017	-5.060336000384247e-05	-0.004801788465498724	0.0069664747501574364	-5.844500070573133e-06	0.008202889074356845
-0.00023279886389881987	0.0019157982367157267	-0.007173958237952638	-0.00023783155867662664	-0.0049266072646134695	0.007652978145290312	-0.00025548209830006385	0.007141929281879733
-0.0003576176630140093	0.0014789324398130077	-0.007610824034855357	1.1806039553752257e-05	-0.004240103869481038	0.008713937937767424	0.00011897429904461632	0.006268197688075405
0.0017643019219408806	0.00041797264733567374	-0.008859012026005475	1.1806039553752257e-05	-0.0032415534765615206	0.008776347337324797	-6.825389962727968e-05	0.006143378888959772
-0.0003576176630140093	-8.130254912419588e-05	-0.007922871032643108	-5.060336000384247e-05	-0.001681318487624317	0.009150803734669477	0.00018138369860243309	0.0060185600898452485
0.0022011677188427115	-0.0005805777455842875	-0.008047689831757854	7.421543911090289e-05	-0.0011196338916066306	0.00846430033953749	5.656489948746568e-05	0.006143378888959772
0.0003288857321188665	-0.00033094014735390864	-0.006737092441050585	0.0001366248386689417	-0.0017437278871819117	0.00865152853820983	5.656489948746568e-05	0.0068298822840922035
-0.0009193022590312516	0.00041797264733567374	-0.006549864242378245	-0.00011301275956143719	-0.0024302312823138994	0.007652978145290312	-5.844500070573133e-06	0.0077036138778974195
0.00026647633256149383	0.0011668854420252561	-0.006112998445475748	-0.00011301275956143719	-0.002929506478773769	0.006592018352812756	-0.00025548209830006385	0.007641204478339825
-0.0017930338528360235	0.002227845234502812	-0.00417830705919342	0.00032385303734105975	-0.0028670970792161743	0.0075905687457322735	0.00036861189727477317	0.00851493607214504
0.0005785233303483572	0.0021654358349452174	-0.004989629253441041	-0.00011301275956143719	-0.004177694469923443	0.005967924357237919	-0.00019307269874291322	0.0068298822840922035
-0.0007320740603584674	0.0026023016318477143	-0.0047399916552111065	1.1806039553752257e-05	-0.003553600474348606	0.006217561955467854	0.00018138369860243309	0.006268197688075405
0.0007657515290211414	0.0021654358349452174	-0.0043031258583081655	0.00019903423822653643	-0.003116734677446331	0.006217561955467854	-0.00025548209830006385	0.005082419096482438
0.00026647633256149383	0.001229294841583295	-0.005426495050343538	7.421543911090289e-05	-0.0017437278871819117	0.006779246551485096	-5.844500070573133e-06	0.004520734500465418
0.002325986517958345	0.0011668854420252561	-0.004552763456538544	0.00019903423822653643	-0.00105722449204948	0.008027434542635214	0.00018138369860243309	0.0051448284960400326
0.002700442915303247	0.0001059256495485883	-0.005613723249015878	0.0001366248386689417	-0.0011196338916066306	0.007528159346175123	5.656489948746568e-05	0.005207237895598071
-0.00010798006478363043	0.000355563247778079	-0.0051768574521133814	-5.060336000384247e-05	-0.0011820432911642254	0.008526709739095084	5.656489948746568e-05	0.006455425886747301
0.00026647633256149383	0.000355563247778079	-0.005301676251228349	0.0001366248386689417	-0.0028046876796585796	0.009712488330687608	5.656489948746568e-05	0.008265298473914884
-0.0013561680559335265	0.0006052008460080138	-0.005925770246803408	-5.060336000384247e-05	-0.003553600474348606	0.009899716529359504	-5.844500070573133e-06	0.010137580460639395
-0.0012937586563759318	0.0006676102455653865	-0.006050589045918153	-0.0003002409582333332	-0.00517624486284296	0.010274172926704406	-5.844500070573133e-06	0.011260949652674546
-0.002916403044870508	0.0015413418393706024	-0.005613723249015878	1.1806039553752257e-05	-0.006112385856205771	0.010835857522722314	-5.844500070573133e-06	0.010574446257542114
-0.0003576176630140093	0.0016661606384853478	-0.0064250454432630555	-5.060336000384247e-05	-0.006049976456648176	0.012084045513871988	-5.844500070573133e-06	0.010137580460639395
-0.002479537247968455	0.0018533888371576879	-0.007361186436625422	-0.00011301275956143719	-0.006611661052665863	0.012520911310773819	-0.00025548209830006385	0.009326258266391774
-0.0005448458616859053	0.0008548384442381707	-0.008047689831757854	7.421543911090289e-05	-0.00511383546328581	0.013269824105463845	0.00030620249771717845	0.00888939246948972
0.00039129513167601715	-8.130254912419588e-05	-0.008234918030430638	-0.00017542215911903192	-0.005051426063728215	0.014205965098826656	-0.00025548209830006385	0.0077036138778974195
-0.0009193022590312516	-0.0006429871451418823	-0.00879660262644788	1.1806039553752257e-05	-0.004552150867268567	0.015017287293073833	-5.844500070573133e-06	0.007766023277455014
0.001077798526808449	-0.0010798529420443792	-0.009607924820695057	-0.00011301275956143719	-0.004177694469923443	0.014642830895728709	-0.0001306632991853185	0.007953251476127354
-0.0022298996497382984	-0.0010174435424867845	-0.00929587782290775	-5.060336000384247e-05	-0.004801788465498724	0.016015837685993572	-5.844500070573133e-06	0.008452526672587002
-0.00042002706257115996	-0.0007678059442561835	-0.009483106021579868	7.421543911090289e-05	-0.006049976456648176	0.016452703482895847	-0.00025548209830006385	0.008764573670374531
-0.0022298996497382984	0.0001059256495485883	-0.009670334220252652	-0.00017542215911903192	-0.0070485268495681375	0.017014388078913534	-0.00019307269874291322	0.008327707873472034
-0.0017306244532779846	0.000792429044680576	-0.009420696622022717	-0.00011301275956143719	-0.0070485268495681375	0.01726402567714347	-6.825389962727968e-05	0.00789084207656976
-0.00010798006478363043	0.0019157982367157267	-0.009857562418924992	0.00019903423822653643	-0.006362023454435928	0.01695197867935594	0.00011897429904461632	0.006143378888959772
-0.0021674902501807036	0.0015413418393706024	-0.0101696094167123	-0.00023783155867662664	-0.006611661052665863	0.01770089147404552	-0.00019307269874291322	0.00420868750267811
0.0008905703281356647	0.0008548384442381707	-0.011355388008304601	-0.00023783155867662664	-0.005613110659745901	0.018012938471833495	-0.00025548209830006385	0.002336405515953377
0.00039129513167601715	0.0009172478437957654	-0.011542616206976941	0.0001366248386689417	-0.0032415534765615206	0.018699441866965483	0.00018138369860243309	-0.001033702060150965
0.001889120721055626	-1.8893149567045242e-05	-0.011417797407862196	1.1806039553752257e-05	-0.0024302312823138994	0.019198717063425574	0.0002437930981600278	-0.00015997046634597112
0.001701892522383286	-8.130254912419588e-05	-0.01166743500609213	7.421543911090289e-05	-0.0011196338916066306	0.014830059094401493	-6.825389962727968e-05	0.0022115867168386316
0.001701892522383286	-0.000705396544699477	-0.010419247014942679	-0.00011301275956143719	-0.0028670970792161743	0.013519461703694002	-5.844500070573133e-06	0.0070795198823225824
-0.0022298996497382984	-0.000892624743371595	-0.007985280432200259	-5.060336000384247e-05	-0.00511383546328581	0.010835857522722314	-0.0001306632991853185	0.010636855657099265
-0.004663866232480718	0.0006052008460080138	-0.007361186436625422	-0.00017542215911903192	-0.006861298650895353	0.011397542118739112	-0.0003178914978576586	0.012758775242054154
-0.0036653158395607566	0.001416523040255635	-0.007173958237952638	1.1806039553752257e-05	-0.008421533639833001	0.013457052304136408	5.656489948746568e-05	0.013570097436301332
-0.003914953437790469	0.002290254634060185	-0.008859012026005475	-0.00017542215911903192	-0.008733580637620308	0.013207414705906695	-0.0001306632991853185	0.01269636584249656
-0.0019802620515083635	0.0025398922322901196	-0.008734193226890286	7.421543911090289e-05	-0.008171896041602622	0.013457052304136408	-0.0001306632991853185	0.009887942862409238
-0.0031036312435432922	0.002227845234502812	-0.007860461633085514	-5.060336000384247e-05	-0.00729816444779785	0.013207414705906695	-0.0003803008974152533	0.008826983069932126
-0.00010798006478363043	0.0012917042411404456	-0.008734193226890286	-0.0003002409582333332	-0.005862748257975836	0.014205965098826656	-5.844500070573133e-06	0.009950352261966833
-0.0017306244532779846	0.0009172478437957654	-0.008359736829545383	0.00032385303734105975	-0.006237204655320738	0.015953428286435978	0.00030620249771717845	0.01044962745842648
0.00020406693300367706	4.351624999054948e-05	-0.009795153019367842	-0.00017542215911903192	-0.006299614054878333	0.015891018886878827	-0.00025548209830006385	0.01069926505665686
-0.0006072552612435	-0.0006429871451418823	-0.008734193226890286	-5.060336000384247e-05	-0.006923708050452948	0.016452703482895847	-5.844500070573133e-06	0.011448177851346442
-0.002729174846197946	-0.00020612134823938533	-0.007985280432200259	1.1806039553752257e-05	-0.008109486642045916	0.016078247085551167	0.00011897429904461632	0.013133231639398835
-0.0009817116585888463	0.0006052008460080138	-0.007673233434412952	-0.00017542215911903192	-0.009108037034965433	0.013956327500596277	-0.00019307269874291322	0.013757325634973672
-0.0036653158395607566	0.0019157982367157267	-0.006362636043705461	-0.00023783155867662664	-0.00973213103054027	0.013457052304136408	-0.00025548209830006385	0.013882144434088639
-0.0013561680559335265	0.0024150734331753743	-0.005676132648573473	0.00032385303734105975	-0.009482493432310335	0.012832958308562015	-0.00025548209830006385	0.012446728244266625
-0.002479537247968455	0.0021030264353876227	-0.006549864242378245	-0.0003002409582333332	-0.00973213103054027	0.014268374498384029	-0.0003178914978576586	0.011510587250903814
-0.001044121058145997	0.0016661606384853478	-0.006799501840607736	0.0001366248386689417	-0.008983218235850243	0.016140656485108318	0.00018138369860243309	0.011260949652674546
-0.0007320740603584674	0.0009172478437957654	-0.009358287222465123	-0.00017542215911903192	-0.008608761838505341	0.016577522282011037	-0.00025548209830006385	0.009263848866834623
-0.00023279886389881987	-0.0011422623416015298	-0.008546965028218168	1.1806039553752257e-05	-0.007859849043815537	0.018699441866965483	5.656489948746568e-05	0.008951801869047316
0.002325986517958345	-0.0016415375380613995	-0.00879660262644788	0.0001366248386689417	-0.007922258443373131	0.01813775727094802	-6.825389962727968e-05	0.008577345471702635
0.00020406693300367706	-0.0016415375380613995	-0.008047689831757854	1.1806039553752257e-05	-0.007797439644257942	0.017638482074487927	0.00011897429904461632	0.00901421126860491
0.00026647633256149383	-0.0012046717411591246	-0.00661227364193584	7.421543911090289e-05	-0.008983218235850243	0.01695197867935594	5.656489948746568e-05	0.010761674456214454
-0.0014185774554911212	-0.0006429871451418823	-0.00648745484282065	-0.00023783155867662664	-0.01010658742788495	0.014892468493959088	0.00030620249771717845	0.011572996650461631
-0.0002952082634564146	0.00041797264733567374	-0.005239266851670976	0.00032385303734105975	-0.01116754722036184	0.013644280502808748	-0.0003178914978576586	0.011323359052231252
-0.003353268841773227	0.0006676102455653865	-0.005052038652998636	-0.00011301275956143719	-0.011229956619919879	0.012333683112101479	-0.0001306632991853185	0.010324808659311735
-0.0004824364621287547	0.000792429044680576	-0.005925770246803408	-0.00023783155867662664	-0.010481043825229852	0.012708139509446825	-0.00025548209830006385	0.00888939246948972
7.924813388870966e-05	0.00041797264733567374	-0.005426495050343538	0.0004486718364562492	-0.009108037034965433	0.013893918101039127	0.0004310212968319238	0.00789084207656976
0.0003288857321188665	-0.00033094014735390864	-0.006674683041493434	-0.00011301275956143719	-0.007984667842930282	0.012832958308562015	-6.825389962727968e-05	0.0060185600898452485
0.001701892522383286	-0.0008302153438142224	-0.006674683041493434	1.1806039553752257e-05	-0.00742298324691304	0.0131450053063491	-0.00019307269874291322	0.004707962699138202
-4.55706652260357e-05	-0.0010174435424867845	-0.005863360847245369	0.00019903423822653643	-0.007173345648682661	0.014268374498384029	0.0002437930981600278	0.004895190897810542
0.0014522549241535732	-0.001516718738946654	-0.006674683041493434	-0.00017542215911903192	-0.008109486642045916	0.012396092511659074	-5.844500070573133e-06	0.006268197688075405
-0.0014185774554911212	-0.000705396544699477	-0.0051768574521133814	-0.00011301275956143719	-0.00960731223142508	0.011459951518296707	-0.00025548209830006385	0.007329157480552073
-0.0007320740603584674	-0.000268530747796758	-0.0047399916552111065	0.0001366248386689417	-0.009420084032752962	0.010711038723607125	0.0002437930981600278	0.008702164270816937
-0.0019178526519507688	0.0006052008460080138	-0.004053488260078675	-0.0003002409582333332	-0.010356225026114663	0.010461401125376746	-0.0003803008974152533	0.008327707873472034
-0.003353268841773227	0.0009172478437957654	-0.004365535257866204	-0.0003626503577909279	-0.010543453224787447	0.010773448123164275	-0.0003178914978576586	0.008639754871259342
-4.55706652260357e-05	0.0013541136406978183	-0.004365535257866204	0.00038626243689909856	-0.009108037034965433	0.010835857522722314	0.00036861189727477317	0.008202889074356845
-0.002479537247968455	0.0010420666429105108	-0.004552763456538544	-0.00017542215911903192	-0.008858399436735054	0.011335132719181962	-0.00019307269874291322	0.0070795198823225824
0.00014165753344608234	0.0006052008460080138	-0.005239266851670976	1.1806039553752257e-05	-0.008858399436735054	0.011459951518296707	-6.825389962727968e-05	0.006393016487190151
-0.0003576176630140093	0.0005427914464504191	-0.005613723249015878	7.421543911090289e-05	-0.007797439644257942	0.012208864312987178	-0.0003178914978576586	0.005644103692500124
-0.00010798006478363043	-0.000268530747796758	-0.005551313849458284	-0.00023783155867662664	-0.008546352438947746	0.013207414705906695	0.0002437930981600278	0.0070795198823225824
-0.0008568928594732128	0.00023074444866333366	-0.005301676251228349	0.0001366248386689417	-0.008983218235850243	0.012583320710331858	5.656489948746568e-05	0.007329157480552073
0.0007033421294635467	0.00023074444866333366	-0.0043031258583081655	-0.00017542215911903192	-0.009856949829654571	0.013394642904579035	-0.0001306632991853185	0.008702164270816937
-0.0007320740603584674	0.0009172478437957654	-0.004677582255653512	1.1806039553752257e-05	-0.010917909622132127	0.012645730109889008	-0.00019307269874291322	0.009575895864622597
-0.0017930338528360235	0.0019157982367157267	-0.004053488260078675	0.00019903423822653643	-0.010293815626557512	0.012895367708119165	0.00030620249771717845	0.01069926505665686
-0.0017930338528360235	0.001416523040255635	-0.004365535257866204	-0.00042505975734852264	-0.011791641215937343	0.013207414705906695	-0.00044271029697240394	0.010262399259754584
-0.0024171278484104164	0.001416523040255635	-0.004927219853883447	-0.00023783155867662664	-0.011354775419034624	0.013457052304136408	-0.0001306632991853185	0.009700714663736898
0.00039129513167601715	0.0019782076362724332	-0.004615172856095917	0.0005110812360138439	-0.009794540430097864	0.013519461703694002	-0.0001306632991853185	0.008639754871259342
-0.0019178526519507688	0.0014789324398130077	-0.004864810454326296	-0.00017542215911903192	-0.009295265233637773	0.012832958308562015	-0.0001306632991853185	0.007766023277455014
0.001265026725481233	0.0011044760424676614	-0.005613723249015878	0.000261443637783465	-0.007922258443373131	0.01333223350502144	0.0002437930981600278	0.007578795078782452
0.00014165753344608234	0.0012917042411404456	-0.004927219853883447	0.0001366248386689417	-0.008171896041602622	0.013020186507234355	5.656489948746568e-05	0.006767472884534831
0.00045370453123405596	0.00023074444866333366	-0.005426495050343538	-0.0003626503577909279	-0.008234305441160217	0.012021636114314393	-0.00025548209830006385	0.006642654085419641
0.001889120721055626	0.0009172478437957654	-0.0043031258583081655	0.00032385303734105975	-0.00761021144558538	0.012208864312987178	0.0002437930981600278	0.0072667480809949225
-0.0009817116585888463	0.0004803820468928244	-0.0039286694609639294	-5.060336000384247e-05	-0.008671171238062714	0.012021636114314393	-6.825389962727968e-05	0.007641204478339825
0.0013898455245959784	0.0005427914464504191	-0.0043031258583081655	-5.060336000384247e-05	-0.009108037034965433	0.010711038723607125	-0.0001306632991853185	0.008078070275242544
-0.001231349256818337	0.0011044760424676614	-0.0035542130636190272	-5.060336000384247e-05	-0.008733580637620308	0.010835857522722314	0.0005558400959471133	0.008452526672587002
0.0005161139307907625	0.0015413418393706024	-0.0026180720702562166	0.0004486718364562492	-0.008733580637620308	0.009774897730244758	-0.00019307269874291322	0.007516385679224857
-0.0007944834599165063	0.0011044760424676614	-0.0037414412622911453	-5.060336000384247e-05	-0.008296714840717812	0.009962125928917542	-5.844500070573133e-06	0.006767472884534831
0.00014165753344608234	0.0011668854420252561	-0.0034918036640614325	1.1806039553752257e-05	-0.008359124240275406	0.010149354127589438	-6.825389962727968e-05	0.006580244685862491
0.0019515301206132207	0.0009172478437957654	-0.00417830705919342	0.00019903423822653643	-0.00767262084514253	0.009837307129802353	0.0002437930981600278	0.005893741290730503
-0.0005448458616859053	0.00016833504910573893	-0.00417830705919342	-0.00023783155867662664	-0.00767262084514253	0.010211763527147033	-0.00019307269874291322	0.004895190897810542
0.0017643019219408806	-0.00020612134823938533	-0.004240716458751015	0.0001366248386689417	-0.007360573847355445	0.009962125928917542	5.656489948746568e-05	0.004520734500465418
0.001077798526808449	-0.00039334954691150337	-0.0041158976596358254	0.00019903423822653643	-0.006299614054878333	0.008713937937767424	0.00011897429904461632	0.003584593507103273
0.001077798526808449	-0.000705396544699477	-0.0034293942645038378	-0.00011301275956143719	-0.006299614054878333	0.007715387544847907	-5.844500070573133e-06	0.0043335063017928555
-0.00023279886389881987	-0.00039334954691150337	-0.002742890869370962	-5.060336000384247e-05	-0.005925157657533431	0.005219011562547893	-0.0001306632991853185	0.004146278103120515
0.0013274361250383837	-8.130254912419588e-05	-0.002493253271141471	0.000261443637783465	-0.005051426063728215	0.005219011562547893	0.00036861189727477317	0.0049576002973676925
-0.0011065304577035917	0.0011044760424676614	-0.0018067498760090395	-0.00017542215911903192	-0.006362023454435928	0.0035963671740535386	-0.00025548209830006385	0.00402145930400577
-0.001231349256818337	0.0010420666429105108	-0.001494702878221732	7.421543911090289e-05	-0.005425882461073339	0.003471548374938793	0.00018138369860243309	0.004083868703563365
-0.00017038946434122515	0.0011668854420252561	-0.0012450652799917972	7.421543911090289e-05	-0.00517624486284296	0.003908414171840624	-5.844500070573133e-06	0.0035221841075452343
-0.0007944834599165063	0.0002931538482204843	-0.002742890869370962	-0.0003626503577909279	-0.005488291860630712	0.0037835953727258786	-0.0003803008974152533	0.0026484525137404624
0.0018267113214984754	0.00016833504910573893	-0.0028677096684865955	0.00019903423822653643	-0.004115285070365848	0.004345279968743121	5.656489948746568e-05	0.00171231152037854
0.00020406693300367706	-1.8893149567045242e-05	-0.0021812062733541637	0.00032385303734105975	-0.0030543252778889585	0.005406239761220233	-0.00025548209830006385	0.0005889423283433892
0.0026380335157460966	-0.0012670811407162752	-0.0032421660658310536	-0.00017542215911903192	-0.002055774884968997	0.0037835953727258786	5.656489948746568e-05	0.0009009893261309188
0.001077798526808449	-0.0008302153438142224	-0.002306025072469131	0.0001366248386689417	-0.0023678218827565267	0.0027850449798059174	5.656489948746568e-05	0.0011506269243608536
0.0014522549241535732	-0.0005805777455842875	-0.0005585618848593654	7.421543911090289e-05	-0.002055774884968997	0.001162400591311119	0.00018138369860243309	0.0020243585181660695
0.0011402079263660436	0.0006052008460080138	0.0005023979076177465	7.421543911090289e-05	-0.0014316808893941602	-0.0008347001945285815	0.00011897429904461632	0.0017747209199356906
-0.001231349256818337	0.0014789324398130077	0.0013137201018649236	0.0001366248386689417	-0.0013068620902789707	-0.0010843377927585163	0.00011897429904461632	0.0024612243150681223
0.001077798526808449	0.0011668854420252561	0.0007520355058481254	0.00019903423822653643	-0.0013068620902789707	-0.0018956599870056934	0.00018138369860243309	0.0020243585181660695
-0.001044121058145997	0.001229294841583295	0.0005648073071753412	-0.00023783155867662664	-0.0008075868938191011	-0.0015836129892181638	-0.0001306632991853185	0.0009633987256889576
0.001077798526808449	0.001416523040255635	0.0003151697089449623	0.0001366248386689417	-0.0005579492955898324	-0.00046024379718367925	0.0002437930981600278	0.0007137611274590228
0.0013274361250383837	0.000979657243352916	-0.00037133368618702534	0.00019903423822653643	0.0006902386955605078	0.0008503535935238116	-6.825389962727968e-05	-0.0006592456628062848
0.002575624116188502	0.0002931538482204843	-0.0007457900835319276	7.421543911090289e-05	0.001064695092905854	0.001599266388213616	-5.844500070573133e-06	-0.00047201746413350065
0.0013898455245959784	0.0001059256495485883	-0.001057837081319013	-5.060336000384247e-05	0.0007526480951176584	0.00035107839706394195	-0.00019307269874291322	-0.0010961114597085597
0.001077798526808449	0.00041797264733567374	0.000814444905405276	0.0004486718364562492	0.0020008360862677765	3.9031399276412415e-05	0.0004310212968319238	-3.5151667231003714e-05
0.0022011677188427115	0.0006052008460080138	0.001251310702308217	0.0001366248386689417	0.0009398762937902205	-0.001333975390988007	5.656489948746568e-05	0.0004641235292288659
0.0007033421294635467	0.001229294841583295	0.0019378140974406488	7.421543911090289e-05	0.001064695092905854	-0.002145297585235628	-5.844500070573133e-06	0.001462673922148161
0.0011402079263660436	0.002040617035830028	0.002686726892129787	0.0004486718364562492	0.0011895138920205994	-0.0030190291790404	0.0004310212968319238	0.0016499021208209452
-0.00010798006478363043	0.0019157982367157267	0.0023746798943424796	-5.060336000384247e-05	0.0009398762937902205	-0.0030814385785979947	-0.0001306632991853185	0.0005265329287864606
0.001701892522383286	0.0011044760424676614	0.0013137201018649236	-0.00011301275956143719	0.0014391514902500901	-0.001333975390988007	-6.825389962727968e-05	0.000214485930998487
1.6838734331114935e-05	0.001416523040255635	0.001064082503635655	0.00038626243689909856	0.001064695092905854	0.0004134877966215367	0.00030620249771717845	-3.5151667231003714e-05
0.0028252617144179926	0.0004803820468928244	-0.0006833806839743328	1.1806039553752257e-05	0.0009398762937902205	0.0017864945868864002	5.656489948746568e-05	-0.00040960806457635
0.0022011677188427115	-0.00033094014735390864	-0.0007457900835319276	7.421543911090289e-05	6.614469998567074e-05	0.0025354073815759826	-5.844500070573133e-06	-0.0006592456628062848
0.001265026725481233	-0.0005805777455842875	-0.0006833806839743328	0.00019903423822653643	-0.0005579492955898324	0.003034682578035852	0.0002437930981600278	0.0005265329287864606
0.0022635771184011944	-0.00039334954691150337	-0.00043374308574417597	-0.0003002409582333332	-0.0013692714898365654	0.0018489039864435508	-0.0003178914978576586	0.0006513517279009839
-0.0008568928594732128	0.0005427914464504191	0.0008768543049628708	1.1806039553752257e-05	-0.002118184284526592	0.002036132185115891	5.656489948746568e-05	0.00383423110533343
0.001077798526808449	0.000979657243352916	0.0010016731040778382	0.000261443637783465	-0.003553600474348606	0.0020985415846734856	-6.825389962727968e-05	0.00420868750267811
-0.001668215053721278	0.000792429044680576	0.0006896261062905307	-0.00011301275956143719	-0.00530106366195815	0.0034091389753807544	0.00018138369860243309	0.004832781498252947
-0.0007320740603584674	0.001229294841583295	0.0006896261062905307	1.1806039553752257e-05	-0.006486842253550673	0.004906964564760363	-5.844500070573133e-06	0.004895190897810542
-0.001668215053721278	0.0005427914464504191	-0.0015571122777791047	7.421543911090289e-05	-0.006299614054878333	0.006654427752370351	5.656489948746568e-05	0.00439591570135045
-0.001668215053721278	0.00023074444866333366	-0.0019939780746813796	7.421543911090289e-05	-0.006611661052665863	0.008901166136439986	0.00011897429904461632	0.004520734500465418
0.0008905703281356647	-0.000892624743371595	-0.0034918036640614325	-0.00011301275956143719	-0.007859849043815537	0.009712488330687608	-0.00019307269874291322	0.003959049904447731
-0.0007320740603584674	-0.000268530747796758	-0.003366984864946243	-0.00011301275956143719	-0.00767262084514253	0.01064862932404953	-0.00019307269874291322	0.0043335063017928555
-0.00010798006478363043	-0.0005805777455842875	-0.002992528467601341	0.000261443637783465	-0.008608761838505341	0.011210313920067216	0.0002437930981600278	0.005768922491615314
-0.0013561680559335265	-0.0007678059442561835	-0.0033045754653886483	-0.00011301275956143719	-0.009544902831867486	0.010898266922279465	-0.0005051196965299987	0.005768922491615314
-0.0012937586563759318	-0.0005805777455842875	-0.003179756666273459	-0.0003626503577909279	-0.010293815626557512	0.010960676321836615	0.0004310212968319238	0.008202889074356845
-0.00254194664752605	0.0006676102455653865	-0.001681931076894294	-0.0003002409582333332	-0.012166097613281801	0.010086944728031844	-0.0003178914978576586	0.007766023277455014
-0.0012937586563759318	-0.0004557589464690981	-0.0026804814698138113	-0.0003002409582333332	-0.011978869414609905	0.011272723319624367	-0.00025548209830006385	0.008265298473914884
-0.0012937586563759318	0.0007300196451232033	-0.0026180720702562166	0.000261443637783465	-0.01210368821372465	0.013207414705906695	0.00011897429904461632	0.009076620668162061
-0.0019178526519507688	0.000355563247778079	-0.0035542130636190272	0.000261443637783465	-0.01210368821372465	0.014393193297499218	0.00036861189727477317	0.009201439467277028
-0.0013561680559335265	-8.130254912419588e-05	-0.00449035405698095	-0.0003002409582333332	-0.013039829207086573	0.014705240295286304	-0.0003803008974152533	0.00789084207656976
-0.0024171278484104164	0.0001059256495485883	-0.004552763456538544	-0.00011301275956143719	-0.013227057405759135	0.016265475284223507	-0.00019307269874291322	0.008639754871259342
7.924813388870966e-05	-0.0001437119486817906	-0.004989629253441041	0.00032385303734105975	-0.013039829207086573	0.016327884683780658	-0.0003803008974152533	0.008327707873472034
-0.002729174846197946	-8.130254912419588e-05	-0.0047399916552111065	-0.00042505975734852264	-0.013975970200449384	0.016140656485108318	-0.00019307269874291322	0.009139030067719434
-0.0007320740603584674	-0.00020612134823938533	-0.004615172856095917	0.0005110812360138439	-0.012915010407971828	0.016390294083338697	0.0005558400959471133	0.010512036857984075
-0.0013561680559335265	0.0007300196451232033	-0.00399107886052108	-0.0003626503577909279	-0.014475245396909031	0.015454153089975886	-0.0005051196965299987	0.009825533462852087
-0.002729174846197946	0.0006052008460080138	-0.0035542130636190272	-0.00011301275956143719	-0.014537654796466626	0.016390294083338697	-6.825389962727968e-05	0.011260949652674546
-0.0007944834599165063	0.0007300196451232033	-0.0039286694609639294	1.1806039553752257e-05	-0.01478729239469656	0.016327884683780658	-0.00019307269874291322	0.011385768451789291
-0.003166040643100887	0.0011044760424676614	-0.003366984864946243	7.421543911090289e-05	-0.014350426597794286	0.017014388078913534	0.00011897429904461632	0.011635406050019226
-0.0009193022590312516	0.0008548384442381707	-0.004053488260078675	7.421543911090289e-05	-0.014724882995138744	0.017014388078913534	-6.825389962727968e-05	0.01038721805886933
-0.002479537247968455	0.000792429044680576	-0.004677582255653512	-0.0003626503577909279	-0.014350426597794286	0.016702341081126004	0.0004934306963895185	0.010886493255329421
-0.0006696646608013168	0.001603751238927753	-0.0036166224631757338	0.0005110812360138439	-0.014724882995138744	0.01720161627758543	-0.00044271029697240394	0.010137580460639395
-0.0019802620515083635	0.0006676102455653865	-0.005114448052555787	0.000261443637783465	-0.013726332602219005	0.017513663275373625	0.00011897429904461632	0.010512036857984075
0.0003288857321188665	0.0013541136406978183	-0.0043031258583081655	-0.00011301275956143719	-0.013851151401334638	0.01770089147404552	-6.825389962727968e-05	0.01044962745842648
0.000640932729905952	0.0005427914464504191	-0.004677582255653512	0.00019903423822653643	-0.013913560800891789	0.017139206878027835	0.00018138369860243309	0.01044962745842648
-0.0014185774554911212	0.0002931538482204843	-0.004677582255653512	-0.0003626503577909279	-0.013851151401334638	0.016265475284223507	-0.0003803008974152533	0.010075171061082244
-0.00042002706257115996	0.0006676102455653865	-0.0036166224631757338	0.0004486718364562492	-0.013975970200449384	0.016889569279798344	0.00036861189727477317	0.010948902654887016
-0.0013561680559335265	0.00041797264733567374	-0.00417830705919342	-5.060336000384247e-05	-0.014288017198236247	0.016015837685993572	-6.825389962727968e-05	0.011073721454001761
-0.00023279886389881987	0.000792429044680576	-0.0037414412622911453	0.0001366248386689417	-0.013975970200449384	0.015578971889091076	-6.825389962727968e-05	0.011073721454001761
-0.0026043560470832006	0.0009172478437957654	-0.0035542130636190272	1.1806039553752257e-05	-0.013975970200449384	0.01532933429086114	0.00011897429904461632	0.010636855657099265
1.6838734331114935e-05	0.0008548384442381707	-0.0039286694609639294	-0.00023783155867662664	-0.01360151380310426	0.015142106092188357	-0.00019307269874291322	0.009950352261966833
-0.0022298996497382984	0.001229294841583295	-0.004365535257866204	-5.060336000384247e-05	-0.014350426597794286	0.015391743690418735	-6.825389962727968e-05	0.009763124063294493
-0.0008568928594732128	0.0012917042411404456	-0.004365535257866204	0.0006359000351290334	-0.013726332602219005	0.016265475284223507	0.0007430682946198974	0.01044962745842648
-0.0008568928594732128	-0.0001437119486817906	-0.005676132648573473	-0.0007371067551362742	-0.01478729239469656	0.015079696692631206	-0.000879576093875345	0.00839011727302963
-0.0019178526519507688	-0.0001437119486817906	-0.005301676251228349	-0.0003626503577909279	-0.014724882995138744	0.016015837685993572	-0.0003178914978576586	0.009076620668162061
0.000640932729905952	-1.8893149567045242e-05	-0.005301676251228349	0.0004486718364562492	-0.014288017198236247	0.016015837685993572	0.00018138369860243309	0.009763124063294493
-0.0020426714510659583	-1.8893149567045242e-05	-0.004552763456538544	0.00038626243689909856	-0.014100788999564129	0.015766200087763416	-0.0005675290960875934	0.009700714663736898
-0.0004824364621287547	-0.000268530747796758	-0.004427944657423355	-0.0003626503577909279	-0.015723433388058705	0.013207414705906695	-0.0008171666943177502	0.00901421126860491
-0.002916403044870508	-0.0009550341429287457	-0.005551313849458284	0.0009479470329158968	-0.012540554010626925	0.014642830895728709	0.0008678870937346428	0.010886493255329421
-0.00010798006478363043	0.0016661606384853478	-0.005052038652998636	-0.001173972552038105	-0.015224158191598613	0.012146454913429583	-0.0012540324912200251	0.00851493607214504
0.0003288857321188665	0.0013541136406978183	-0.0035542130636190272	0.0010103564324734915	-0.012790191608857082	0.013519461703694002	0.0009927058928496102	0.010075171061082244
-0.0026667654466412394	0.0006676102455653865	-0.0041158976596358254	0.00019903423822653643	-0.013476695003989514	0.01333223350502144	0.0002437930981600278	0.00901421126860491
0.00039129513167601715	0.0006052008460080138	-0.004365535257866204	-0.0003002409582333332	-0.013351876204874324	0.014081146299711023	-0.0003803008974152533	0.00888939246948972
-0.0015433962546060886	-0.0005181683460266928	-0.005738542048131068	7.421543911090289e-05	-0.013788742001777043	0.013769099301923937	0.00030620249771717845	0.008327707873472034
-0.0005448458616859053	-0.0006429871451418823	-0.005301676251228349	-0.0004874691569058953	-0.013851151401334638	0.01433078389794118	-0.0006299384956451881	0.008826983069932126
-0.0009817116585888463	-0.00039334954691150337	-0.005239266851670976	-0.0004874691569058953	-0.01341428560443192	0.014954877893516016	0.0008054776941770481	0.009388667665949813
0.0005161139307907625	-0.00020612134823938533	-0.0047399916552111065	0.0005110812360138439	-0.012852601008414677	0.015891018886878827	0.0005558400959471133	0.010761674456214454
-0.001480986855048716	0.0010420666429105108	-0.005301676251228349	-0.0006746973555786795	-0.015848252187173895	0.01308259590679195	-0.0007547572947601555	0.008951801869047316
-0.002292309049296115	0.000792429044680576	-0.003803850661848296	-0.00011301275956143719	-0.014038379600006534	0.013581871103251597	-6.825389962727968e-05	0.010512036857984075
-0.0013561680559335265	0.0011044760424676614	-0.003179756666273459	0.000261443637783465	-0.013788742001777043	0.013394642904579035	0.00018138369860243309	0.01038721805886933
-0.0015433962546060886	0.0014789324398130077	-0.003179756666273459	0.0001366248386689417	-0.013102238606644168	0.013831508701481532	0.00018138369860243309	0.010636855657099265
-0.0006696646608013168	0.0006052008460080138	-0.004427944657423355	-0.00023783155867662664	-0.013227057405759135	0.012458501911216224	-0.0003803008974152533	0.009263848866834623
-0.0015433962546060886	0.0010420666429105108	-0.0035542130636190272	7.421543911090289e-05	-0.011791641215937343	0.013893918101039127	-0.0001306632991853185	0.008265298473914884
0.0011402079263660436	0.0002931538482204843	-0.004552763456538544	-5.060336000384247e-05	-0.01116754722036184	0.0131450053063491	-0.0001306632991853185	0.007641204478339825
-0.0007320740603584674	0.0001059256495485883	-0.004552763456538544	0.00019903423822653643	-0.010605862624345042	0.0131450053063491	-6.825389962727968e-05	0.007641204478339825
0.000828160928578292	0.0002931538482204843	-0.002742890869370962	0.0007607188342433346	-0.009170446434522583	0.012895367708119165	0.0008054776941770481	0.00851493607214504
1.6838734331114935e-05	0.00023074444866333366	-0.0033045754653886483	-0.00042505975734852264	-0.01010658742788495	0.009962125928917542	-0.0005051196965299987	0.006892291683650242
-0.0013561680559335265	0.0014789324398130077	-0.0014322934786639152	0.00019903423822653643	-0.009420084032752962	0.010523810524934785	0.00011897429904461632	0.008452526672587002
0.0005161139307907625	0.001229294841583295	-0.0020563874742389743	0.00019903423822653643	-0.009170446434522583	0.009025984935555176	0.00011897429904461632	0.008015660875684949
-0.0014185774554911212	0.0017909794376005372	-0.0015571122777791047	-0.00017542215911903192	-0.008047077242487433	0.00796502514307762	-0.0001306632991853185	0.006767472884534831
0.000640932729905952	0.001603751238927753	-0.0016195216773362553	0.00019903423822653643	-0.00761021144558538	0.0077777969444046136	0.00036861189727477317	0.006330607087632556
0.00014165753344608234	0.001416523040255635	-0.0019315686751237848	0.00019903423822653643	-0.006798889251338203	0.007153702948830221	-0.00019307269874291322	0.004770372098695352
0.000828160928578292	0.0006676102455653865	-0.0026180720702562166	-0.00017542215911903192	-0.00767262084514253	0.008401890939979895	-0.00025548209830006385	0.005269647295155444
-0.0004824364621287547	0.00041797264733567374	-0.0026804814698138113	0.0005734906355709946	-0.007547802046028229	0.009587669531571974	0.0004934306963895185	0.006330607087632556
-0.0011065304577035917	0.00023074444866333366	-0.002930119068043746	-0.00023783155867662664	-0.009295265233637773	0.010149354127589438	-0.00025548209830006385	0.006455425886747301
0.0007657515290211414	0.0002931538482204843	-0.0030549378671589356	1.1806039553752257e-05	-0.010980319021689944	0.011771998516084237	5.656489948746568e-05	0.007828432677012165
-0.001044121058145997	0.0005427914464504191	-0.0034293942645038378	1.1806039553752257e-05	-0.01210368821372465	0.012708139509446825	-6.825389962727968e-05	0.009139030067719434
-0.0007320740603584674	0.0007300196451232033	-0.002930119068043746	0.0001366248386689417	-0.013289466805316952	0.014143555699268617	5.656489948746568e-05	0.010948902654887016
-0.002479537247968455	0.0005427914464504191	-0.0037414412622911453	-0.00017542215911903192	-0.014974520593369345	0.01526692489130399	-5.844500070573133e-06	0.011073721454001761
-0.0008568928594732128	0.0006676102455653865	-0.0043031258583081655	7.421543911090289e-05	-0.015973070986289084	0.016889569279798344	-6.825389962727968e-05	0.011011312054444167
-0.0034156782413303777	0.0006676102455653865	-0.004677582255653512	-0.00017542215911903192	-0.016659574381421516	0.017513663275373625	-0.00025548209830006385	0.01069926505665686
-0.001044121058145997	0.0002931538482204843	-0.005364085650785944	0.00019903423822653643	-0.015661023988501777	0.018075347871390646	0.00030620249771717845	0.010948902654887016
-0.0011065304577035917	0.0005427914464504191	-0.005364085650785944	7.421543911090289e-05	-0.015973070986289084	0.01782571027316071	5.656489948746568e-05	0.010137580460639395
-0.002105080850623109	0.00016833504910573893	-0.005925770246803408	-0.0003002409582333332	-0.016472346182748954	0.01770089147404552	-0.0003178914978576586	0.01019998986019699
-0.0006072552612435	0.00016833504910573893	-0.005863360847245369	-5.060336000384247e-05	-0.016534755582306326	0.01682715988024075	-0.0001306632991853185	0.009950352261966833
-0.002916403044870508	0.000355563247778079	-0.0051768574521133814	1.1806039553752257e-05	-0.016971621379209045	0.017888119672718306	-6.825389962727968e-05	0.010948902654887016
-0.0007944834599165063	-1.8893149567045242e-05	-0.005863360847245369	1.1806039553752257e-05	-0.017970171772128563	0.0179505290722759	-5.844500070573133e-06	0.011885043648248939
-0.002916403044870508	0.000355563247778079	-0.005613723249015878	-0.00011301275956143719	-0.019093540964163047	0.01932353586254032	-0.0003178914978576586	0.011885043648248939
-0.0022298996497382984	0.0001059256495485883	-0.005925770246803408	-0.00023783155867662664	-0.018968722165048302	0.020072448657230346	-0.00019307269874291322	0.012509137643823776
-0.0030412218439856975	0.000355563247778079	-0.0059881796463605586	0.000261443637783465	-0.017720534173898628	0.02063413325324781	0.0002437930981600278	0.012259500045594063
-0.003540497040446011	0.0008548384442381707	-0.006362636043705461	-0.00023783155867662664	-0.018157399970801125	0.0205093144541324	-0.0003178914978576586	0.011572996650461631
-0.0008568928594732128	0.0009172478437957654	-0.00648745484282065	0.0001366248386689417	-0.017346077776553726	0.019885220458558006	0.00011897429904461632	0.011260949652674546
-0.0031036312435432922	0.0009172478437957654	-0.00648745484282065	-0.0004874691569058953	-0.016846802580093856	0.018637032467407888	-0.0005051196965299987	0.010137580460639395
-0.0007944834599165063	0.0013541136406978183	-0.005676132648573473	0.00032385303734105975	-0.01628511798407617	0.018637032467407888	0.00018138369860243309	0.010012761661524205
-0.001668215053721278	0.000979657243352916	-0.006175407845033343	1.1806039553752257e-05	-0.015723433388058705	0.017513663275373625	5.656489948746568e-05	0.009513486465064114
-0.0003576176630140093	0.0010420666429105108	-0.005301676251228349	0.0001366248386689417	-0.014537654796466626	0.017451253875815587	-0.00019307269874291322	0.010137580460639395
-0.0016058056541636834	0.0011044760424676614	-0.004864810454326296	1.1806039553752257e-05	-0.015598614588943738	0.01682715988024075	-0.0001306632991853185	0.009763124063294493
-0.00010798006478363043	0.000355563247778079	-0.004552763456538544	0.000261443637783465	-0.014225607798679096	0.018761851266523077	0.0004310212968319238	0.011073721454001761
-0.0006696646608013168	0.0009172478437957654	-0.005551313849458284	-0.00017542215911903192	-0.0157858427876163	0.018824260666080672	-0.00019307269874291322	0.010636855657099265
-0.0015433962546060886	0.0018533888371576879	-0.005239266851670976	0.0006983094346866281	-0.01460006419602422	0.019448354661655065	0.0006806588950623027	0.011448177851346442
-0.0011065304577035917	0.0015413418393706024	-0.005301676251228349	-0.0003002409582333332	-0.014100788999564129	0.01770089147404552	-0.0005051196965299987	0.009513486465064114
-0.0024171278484104164	0.0013541136406978183	-0.005488904449901133	-0.0007371067551362742	-0.013726332602219005	0.01682715988024075	-0.0006923478952027828	0.008639754871259342
0.00026647633256149383	0.0021654358349452174	-0.005114448052555787	0.00032385303734105975	-0.01210368821372465	0.015953428286435978	0.0004934306963895185	0.008078070275242544
-0.0019802620515083635	0.0021030264353876227	-0.004615172856095917	0.00038626243689909856	-0.011354775419034624	0.015204515491746395	-0.0003803008974152533	0.00789084207656976
0.000828160928578292	0.002040617035830028	-0.004552763456538544	-0.0006746973555786795	-0.01210368821372465	0.013769099301923937	-0.0006923478952027828	0.006767472884534831
-0.0011689398572611864	0.000792429044680576	-0.0037414412622911453	0.0007607188342433346	-0.010231406226999917	0.016140656485108318	0.000618249495504708	0.008452526672587002
-0.0009193022590312516	0.000355563247778079	-0.005676132648573473	-0.00023783155867662664	-0.012041278814166612	0.015703790688206265	-0.0001306632991853185	0.007641204478339825
0.0016394831228259132	0.001416523040255635	-0.00449035405698095	0.0005734906355709946	-0.011042728421247094	0.017014388078913534	0.000618249495504708	0.008764573670374531
-0.0023547184488532658	0.0006676102455653865	-0.005301676251228349	7.421543911090289e-05	-0.013289466805316952	0.017513663275373625	0.00018138369860243309	0.00851493607214504
0.0003288857321188665	0.0015413418393706024	-0.004864810454326296	7.421543911090289e-05	-0.013539104403546665	0.018699441866965483	-0.0001306632991853185	0.008764573670374531
-0.0026667654466412394	0.001229294841583295	-0.005800951447687774	-0.0006746973555786795	-0.014350426597794286	0.01782571027316071	5.656489948746568e-05	0.00901421126860491
-0.0011689398572611864	0.002227845234502812	-0.005052038652998636	0.0001366248386689417	-0.014163198399121946	0.017513663275373625	-0.00025548209830006385	0.008078070275242544
-0.002479537247968455	0.001603751238927753	-0.006175407845033343	0.00032385303734105975	-0.01210368821372465	0.017451253875815587	0.00030620249771717845	0.00814047967479925
0.00026647633256149383	0.0026023016318477143	-0.005738542048131068	-0.00011301275956143719	-0.012727782209299043	0.01695197867935594	-0.00019307269874291322	0.007017110482764988
0.0008905703281356647	0.0011668854420252561	-0.006362636043705461	0.00032385303734105975	-0.012727782209299043	0.017014388078913534	0.0002437930981600278	0.007017110482764988
-0.0017306244532779846	-8.130254912419588e-05	-0.007049139438838337	-0.0007371067551362742	-0.013227057405759135	0.015641381288648226	-0.0008171666943177502	0.005519284893384935
0.0009529797276939256	0.0009172478437957654	-0.005239266851670976	0.0007607188342433346	-0.011978869414609905	0.01770089147404552	0.0007430682946198974	0.007391566880110112
-0.0007944834599165063	0.0001059256495485883	-0.006362636043705461	-0.00011301275956143719	-0.012915010407971828	0.016515112882453442	-6.825389962727968e-05	0.007017110482764988
0.00014165753344608234	0.0006052008460080138	-0.005239266851670976	0.00032385303734105975	-0.012228507012839396	0.016327884683780658	-5.844500070573133e-06	0.007578795078782452
-0.0024171278484104164	0.0007300196451232033	-0.005052038652998636	-0.00011301275956143719	-0.013289466805316952	0.014830059094401493	-0.0003178914978576586	0.006767472884534831
-0.0006696646608013168	0.0008548384442381707	-0.005488904449901133	0.0001366248386689417	-0.012228507012839396	0.014642830895728709	0.00018138369860243309	0.006892291683650242
-0.002916403044870508	0.0019157982367157267	-0.004989629253441041	-5.060336000384247e-05	-0.012540554010626925	0.014081146299711023	-0.0001306632991853185	0.006268197688075405
-0.001855443252393174	0.001416523040255635	-0.005676132648573473	-0.00023783155867662664	-0.01191646001505231	0.013581871103251597	-0.00019307269874291322	0.0055816942929425295
-0.0002952082634564146	0.0014789324398130077	-0.005488904449901133	7.421543911090289e-05	-0.01116754722036184	0.01333223350502144	-6.825389962727968e-05	0.004770372098695352
-0.0009193022590312516	0.0011668854420252561	-0.0051768574521133814	0.00019903423822653643	-0.010730681423459787	0.013956327500596277	0.00030620249771717845	0.005207237895598071
0.0014522549241535732	0.0004803820468928244	-0.006112998445475748	-0.00017542215911903192	-0.010855500222574532	0.012895367708119165	-0.0003803008974152533	0.005020009696925287
-0.0007944834599165063	0.0006052008460080138	-0.005052038652998636	1.1806039553752257e-05	-0.010481043825229852	0.013893918101039127	0.00018138369860243309	0.005519284893384935
0.0008905703281356647	0.00041797264733567374	-0.004864810454326296	0.00032385303734105975	-0.011978869414609905	0.014205965098826656	-0.0001306632991853185	0.005768922491615314
-0.001044121058145997	0.00041797264733567374	-0.0051768574521133814	-0.00011301275956143719	-0.012790191608857082	0.014892468493959088	-0.00019307269874291322	0.006393016487190151
-0.0006072552612435	0.0011044760424676614	-0.004615172856095917	1.1806039553752257e-05	-0.014038379600006534	0.016140656485108318	5.656489948746568e-05	0.007516385679224857
-0.0003576176630140093	0.0021654358349452174	-0.0043031258583081655	0.000261443637783465	-0.013476695003989514	0.016577522282011037	0.00018138369860243309	0.007641204478339825
-0.002916403044870508	0.0021030264353876227	-0.004864810454326296	-0.0004874691569058953	-0.013788742001777043	0.016327884683780658	-0.00044271029697240394	0.00670506348497768
7.924813388870966e-05	0.0023526640336177795	-0.005114448052555787	0.00032385303734105975	-0.01341428560443192	0.017388844476258214	0.00018138369860243309	0.0070795198823225824
-0.001044121058145997	0.0021654358349452174	-0.005426495050343538	-5.060336000384247e-05	-0.012602963410184742	0.017451253875815587	-5.844500070573133e-06	0.005893741290730503
0.00045370453123405596	0.0019782076362724332	-0.005364085650785944	0.0001366248386689417	-0.012665372809741893	0.017888119672718306	-0.0003803008974152533	0.005706513092057719
-0.0004824364621287547	0.0010420666429105108	-0.006175407845033343	-0.0003002409582333332	-0.01191646001505231	0.017451253875815587	0.0004934306963895185	0.005831331891172908
0.0015770737232683185	0.0015413418393706024	-0.005114448052555787	-0.0003626503577909279	-0.01247814461106933	0.01682715988024075	-0.00044271029697240394	0.00545687549382734
-0.001231349256818337	0.0011668854420252561	-0.004365535257866204	0.00032385303734105975	-0.012415735211511736	0.017139206878027835	0.00030620249771717845	0.006517835286304896
-0.0011689398572611864	0.0024150734331753743	-0.0038662600614063347	7.421543911090289e-05	-0.012353325811954585	0.01695197867935594	5.656489948746568e-05	0.00670506348497768
-0.0005448458616859053	0.0026023016318477143	-0.0038662600614063347	0.0001366248386689417	-0.013351876204874324	0.017388844476258214	0.00011897429904461632	0.0068298822840922035
-0.0015433962546060886	0.0027895298305204985	-0.004365535257866204	-0.00011301275956143719	-0.013476695003989514	0.018075347871390646	-5.844500070573133e-06	0.007141929281879733
-0.00010798006478363043	0.0029767580291926166	-0.00449035405698095	1.1806039553752257e-05	-0.012852601008414677	0.017763300873603116	-5.844500070573133e-06	0.0060185600898452485
-0.0017306244532779846	0.0029767580291926166	-0.004927219853883447	1.1806039553752257e-05	-0.012790191608857082	0.01813775727094802	5.656489948746568e-05	0.005020009696925287
0.0010153891272508542	0.002227845234502812	-0.005364085650785944	0.000261443637783465	-0.010793090823017382	0.016390294083338697	-0.0001306632991853185	0.003959049904447731
-0.0009193022590312516	0.0021030264353876227	-0.005114448052555787	0.0001366248386689417	-0.010730681423459787	0.01551656248953348	-6.825389962727968e-05	0.0037094123062182405
0.001077798526808449	0.0019782076362724332	-0.004427944657423355	0.000261443637783465	-0.009794540430097864	0.014767649694843898	0.00018138369860243309	0.00383423110533343
0.0008905703281356647	0.0016661606384853478	-0.004053488260078675	1.1806039553752257e-05	-0.009544902831867486	0.01308259590679195	-0.0001306632991853185	0.0028980901119706193
-0.0009193022590312516	0.0016661606384853478	-0.0036790318627337726	-0.00023783155867662664	-0.00998176862876976	0.013020186507234355	-0.00025548209830006385	0.0034597747079876395
0.0012026173259231943	0.002227845234502812	-0.0035542130636190272	0.00038626243689909856	-0.009669721630982675	0.012895367708119165	0.0002437930981600278	0.0038966405048905806
-0.0015433962546060886	0.002477482832732525	-0.0030549378671589356	0.0001366248386689417	-0.009482493432310335	0.013457052304136408	0.0002437930981600278	0.0035221841075452343
-0.00010798006478363043	0.0018533888371576879	-0.0041158976596358254	-0.00017542215911903192	-0.011292366019477473	0.01333223350502144	0.00011897429904461632	0.003771821705775391
-0.0013561680559335265	0.002227845234502812	-0.0043031258583081655	7.421543911090289e-05	-0.010605862624345042	0.014143555699268617	-5.844500070573133e-06	0.003147727710200998
-0.00023279886389881987	0.0021654358349452174	-0.004427944657423355	-0.00011301275956143719	-0.010855500222574532	0.014455602697055925	-5.844500070573133e-06	0.003210137109758593
-0.0012937586563759318	0.0017909794376005372	-0.004989629253441041	1.1806039553752257e-05	-0.010231406226999917	0.013269824105463845	-0.00019307269874291322	0.0022115867168386316
-0.001044121058145997	0.0021030264353876227	-0.0041158976596358254	0.0001366248386689417	-0.009357674633194701	0.012832958308562015	0.00011897429904461632	0.002336405515953377
0.0009529797276939256	0.001416523040255635	-0.004427944657423355	0.0001366248386689417	-0.009794540430097864	0.012021636114314393	0.00011897429904461632	0.0020243585181660695
-0.0006072552612435	0.001416523040255635	-0.004365535257866204	-0.00011301275956143719	-0.009295265233637773	0.010898266922279465	-5.844500070573133e-06	0.0017747209199356906
0.00039129513167601715	0.001416523040255635	-0.004053488260078675	-5.060336000384247e-05	-0.009669721630982675	0.010773448123164275	-0.00025548209830006385	0.0026484525137404624
-0.0004824364621287547	0.0013541136406978183	-0.004053488260078675	7.421543911090289e-05	-0.00973213103054027	0.011959226714756799	-0.00025548209830006385	0.0020243585181660695
0.0005161139307907625	0.0009172478437957654	-0.004552763456538544	-0.00017542215911903192	-0.010356225026114663	0.013269824105463845	-5.844500070573133e-06	0.002523633714626161
-0.0014185774554911212	0.0016661606384853478	-0.0041158976596358254	0.000261443637783465	-0.010980319021689944	0.014205965098826656	0.0002437930981600278	0.002960499511528214
0.0007657515290211414	0.0016661606384853478	-0.004365535257866204	-5.060336000384247e-05	-0.010543453224787447	0.014143555699268617	-0.0001306632991853185	0.002523633714626161
0.00026647633256149383	0.002040617035830028	-0.004053488260078675	0.0001366248386689417	-0.010793090823017382	0.013956327500596277	0.00018138369860243309	0.0024612243150681223
-0.0009193022590312516	0.0019157982367157267	-0.004427944657423355	-0.00011301275956143719	-0.010855500222574532	0.013769099301923937	-0.0001306632991853185	0.0024612243150681223
0.0010153891272508542	0.0023526640336177795	-0.0037414412622911453	0.00038626243689909856	-0.009420084032752962	0.0131450053063491	0.00036861189727477317	0.0020243585181660695
-0.001044121058145997	0.0018533888371576879	-0.0039286694609639294	-0.0003002409582333332	-0.00960731223142508	0.011896817315199204	-0.00019307269874291322	0.0014002645225910104
0.001889120721055626	0.0016661606384853478	-0.00399107886052108	0.00019903423822653643	-0.008671171238062714	0.011147904520509622	-6.825389962727968e-05	0.0006513517279009839
-4.55706652260357e-05	0.001603751238927753	-0.0035542130636190272	-5.060336000384247e-05	-0.005675520059303052	0.009899716529359504	0.00036861189727477317	0.0009009893261309188
0.0022011677188427115	0.001603751238927753	-0.002742890869370962	-0.00017542215911903192	-0.004676969666383091	0.008277072140864705	-0.0001306632991853185	0.000214485930998487
0.0009529797276939256	0.000979657243352916	-0.0019939780746813796	0.00032385303734105975	-0.0029919158783311417	0.006779246551485096	0.00011897429904461632	-0.0002223798659037879
0.00045370453123405596	0.0016661606384853478	-0.0013698840791065425	0.00032385303734105975	-0.0021805936840837425	0.005967924357237919	0.00036861189727477317	0.0004017141296708271
0.0020139395201708155	0.0010420666429105108	-0.001494702878221732	-0.00023783155867662664	-0.0019309560858538077	0.0029722731784787015	-0.0003178914978576586	-0.001033702060150965
0.00039129513167601715	0.001603751238927753	-0.00043374308574417597	-0.00023783155867662664	0.0003157822982158276	0.0005383065957358379	-0.0001306632991853185	-0.0011585208592659324
0.0028876711139755873	0.0016661606384853478	0.0003775791085034452	0.00038626243689909856	0.002125654885382522	-0.0012715659914308564	0.0002437930981600278	-0.001657796055725802
0.001889120721055626	0.001229294841583295	0.0008768543049628708	0.00032385303734105975	0.0047468496667972815	-0.003643123174615237	-0.0001306632991853185	-0.0032804404442206003
0.003636583908666058	0.0006052008460080138	0.0009392637045204655	-5.060336000384247e-05	0.00805454784334425	-0.008011781143639762	5.656489948746568e-05	-0.0032180310446630056
0.0026380335157460966	4.351624999054948e-05	0.0011889013027506223	0.0004486718364562492	0.009926829830069428	-0.009634425532134117	0.0004310212968319238	-0.0038421250402378426
0.005196818897602817	-0.00020612134823938533	0.0017505858987680867	-0.00017542215911903192	0.009926829830069428	-0.011069841721956575	-6.825389962727968e-05	-0.004591037834927869
0.004260677904240451	-0.0008302153438142224	0.002062632896555394	0.0001366248386689417	0.009240326434936552	-0.010820204123726418	-0.0001306632991853185	-0.0040917626384682215
0.002762852314860398	-0.00020612134823938533	0.002936364490360166	0.0004486718364562492	0.009864420430510945	-0.010196110128151581	0.0005558400959471133	-0.003342849843777973
0.0030124899130907767	-0.0004557589464690981	0.0024370892939000743	-0.00023783155867662664	0.00805454784334425	-0.010632975925054078	-0.0003178914978576586	-0.0039045344397954374
0.001701892522383286	4.351624999054948e-05	0.002499498693457447	7.421543911090289e-05	0.006681541053079387	-0.008635875139214377	5.656489948746568e-05	-0.0023442994508582338
0.0026380335157460966	0.0002931538482204843	0.0021874516956705836	0.0001366248386689417	0.005121306064142184	-0.00688841195160439	5.656489948746568e-05	-0.0014081584574963113
0.000828160928578292	0.0008548384442381707	0.0015633577000953025	1.1806039553752257e-05	0.001064695092905854	-0.0020828881856780335	0.0002437930981600278	-0.0009088832610366637
0.0030124899130907767	0.00023074444866333366	0.0006896261062905307	-5.060336000384247e-05	-0.0002459022978018588	-0.00021060619895330035	-0.00025548209830006385	-0.001033702060150965
0.000828160928578292	0.0001059256495485883	-0.0007457900835319276	0.0005110812360138439	-0.0018061372867386183	0.0022857697833458257	0.0004934306963895185	-0.00028478926546116057
0.00045370453123405596	-0.0007678059442561835	-0.0016195216773362553	-0.00023783155867662664	-0.00498901666417062	0.005219011562547893	-0.00019307269874291322	-9.756106678859844e-05
0.0018267113214984754	0.0002931538482204843	-0.0021812062733541637	7.421543911090289e-05	-0.008171896041602622	0.00865152853820983	0.00011897429904461632	0.0011506269243608536
-0.0006072552612435	0.000792429044680576	-0.0028677096684865955	7.421543911090289e-05	-0.013227057405759135	0.014642830895728709	-5.844500070573133e-06	0.003210137109758593
-0.00042002706257115996	0.000979657243352916	-0.0028677096684865955	0.0001366248386689417	-0.016909211979651007	0.020072448657230346	0.00018138369860243309	0.0060185600898452485
-0.002292309049296115	0.002040617035830028	-0.004615172856095917	-0.00011301275956143719	-0.020279319555755126	0.02350496563289184	0.00011897429904461632	0.006143378888959772
-0.0016058056541636834	0.0023526640336177795	-0.004927219853883447	0.00019903423822653643	-0.02458556812522228	0.03030759018465834	-5.844500070573133e-06	0.006767472884534831
-0.004164591036020404	0.0030391674287502113	-0.005613723249015878	-0.00017542215911903192	-0.025209662120797338	0.029808314988198692	-0.00025548209830006385	0.005831331891172908
-0.0026043560470832006	0.0036008520247676756	-0.005364085650785944	-0.00017542215911903192	-0.023150151935400265	0.02799844240103111	-0.00019307269874291322	0.005082419096482438
-0.001668215053721278	0.00472422121680216	-0.005364085650785944	0.00019903423822653643	-0.0205913665535431	0.0236921938315644	-5.844500070573133e-06	0.00420868750267811
-0.003166040643100887	0.004474583618572003	-0.004053488260078675	0.0001366248386689417	-0.01828221876991587	0.021570274246609955	0.0002437930981600278	0.0036470029066604237
-0.00042002706257115996	0.004100127221227767	-0.005364085650785944	-0.00017542215911903192	-0.018531856368145805	0.019697992259885444	-0.00025548209830006385	0.003334955908872894
-0.0017306244532779846	0.002914348629635244	-0.004365535257866204	-5.060336000384247e-05	-0.016659574381421516	0.019697992259885444	-6.825389962727968e-05	0.0027108619132985012
7.924813388870966e-05	0.0015413418393706024	-0.004427944657423355	0.000261443637783465	-0.014350426597794286	0.018824260666080672	-0.0001306632991853185	0.0022739961163957823
-0.0006696646608013168	0.0013541136406978183	-0.004927219853883447	-0.00023783155867662664	-0.012540554010626925	0.018075347871390646	-6.825389962727968e-05	0.002086767917723442
1.6838734331114935e-05	0.0011044760424676614	-0.0038662600614063347	0.000261443637783465	-0.012727782209299043	0.01757607267493122	0.00036861189727477317	0.003147727710200998
-0.0015433962546060886	0.002664711031404865	-0.0026180720702562166	-0.0003626503577909279	-0.01341428560443192	0.016327884683780658	-0.0003803008974152533	0.0018371303194937294
-0.0031036312435432922	0.0046618118172445655	-0.0019315686751237848	1.1806039553752257e-05	-0.012415735211511736	0.015017287293073833	0.00011897429904461632	0.003147727710200998
-0.0015433962546060886	0.005285905812819625	-0.0018067498760090395	-0.00011301275956143719	-0.01191646001505231	0.012333683112101479	-0.00044271029697240394	0.002086767917723442
-0.00254194664752605	0.005597952810607376	-0.0009954276817618624	0.00038626243689909856	-0.009295265233637773	0.012084045513871988	0.0004310212968319238	0.0024612243150681223
0.00045370453123405596	0.005161087013704435	-0.0026180720702562166	-5.060336000384247e-05	-0.008483943039390152	0.009213213134227072	-6.825389962727968e-05	0.0004641235292288659
-0.0009817116585888463	0.003538442625210081	-0.002555662670699066	1.1806039553752257e-05	-0.006549251653108268	0.009650078931129569	0.00018138369860243309	0.00033930473011367646
0.0022635771184011944	0.002664711031404865	-0.0038662600614063347	0.000261443637783465	-0.00392805687169373	0.00846430033953749	0.00011897429904461632	-0.00047201746413350065
0.0010153891272508542	0.0017285700380429425	-0.0030549378671589356	7.421543911090289e-05	-0.0023678218827565267	0.006904065350599842	-0.00019307269874291322	-0.0005968362632486901
0.0023883959175154956	0.001229294841583295	-0.001681931076894294	7.421543911090289e-05	-0.0007451774942617284	0.0040332329709558135	0.00011897429904461632	-0.0003471986650187553
0.0018267113214984754	0.0011668854420252561	3.122711157654834e-06	0.0001366248386689417	0.0013143326911357889	0.001412038189541498	0.00018138369860243309	-0.0008464738614781808
0.000828160928578292	0.0021030264353876227	3.122711157654834e-06	-0.00011301275956143719	0.0024377018831702735	-0.0022701163843503736	-6.825389962727968e-05	-0.0002223798659037879
0.0022635771184011944	0.0015413418393706024	0.0011264919031930276	0.00032385303734105975	0.0036858898743197255	-0.00407998897151729	0.00011897429904461632	-0.00047201746413350065
0.0007033421294635467	0.001603751238927753	0.001438538900980113	0.0001366248386689417	0.005058896664585033	-0.00607708975735699	0.0002437930981600278	-0.001470567857053462
0.0028876711139755873	0.0013541136406978183	0.001688176499210492	0.00019903423822653643	0.0059950376579469555	-0.009259969134788992	0.00036861189727477317	-0.001657796055725802
0.0013898455245959784	0.0010420666429105108	0.0032484114881476955	0.000261443637783465	0.009489964033166265	-0.017123553479032827	-0.0003178914978576586	-0.0028435746473178813
0.0035117651095504243	0.001229294841583295	0.0024370892939000743	1.1806039553752257e-05	0.011799111816793273	-0.018558969668855285	5.656489948746568e-05	-0.0032180310446630056
0.0030124899130907767	0.000355563247778079	0.0025619080930150417	0.00038626243689909856	0.01423307839953547	-0.019307882463544868	0.00030620249771717845	-0.004029353238910627
0.0043230873037980455	-0.002203222134079086	0.001688176499210492	0.0001366248386689417	0.015918132187587863	-0.018558969668855285	0.00018138369860243309	-0.00484067543315736
0.0060081410918499945	-0.004137913520361192	0.0011889013027506223	0.0001366248386689417	0.017353548377409656	-0.016686687682130552	0.00011897429904461632	-0.0057768164265201705
0.005072000098487628	-0.004762007515935807	-0.0007457900835319276	1.1806039553752257e-05	0.017728004774755002	-0.015937774887440526	-0.0001306632991853185	-0.00558958822784783
0.0072563290829996685	-0.0062598331053154155	-0.0004961524853017707	0.0006983094346866281	0.017790414174312597	-0.013753445902928485	0.000618249495504708	-0.005901635225635138
0.003948630906452699	-0.007258383498235599	6.553211071569365e-05	-0.0003002409582333332	0.017291138977852505	-0.014190311699830982	0.00018138369860243309	-0.005714407026962576
0.005009590698930477	-0.00594778610752833	0.002499498693457447	0.00019903423822653643	0.01685427318095023	-0.018746197867527625	-5.844500070573133e-06	-0.005277541230060301
0.00207634891972841	-0.004512369917705872	0.005370331073102141	0.0004486718364562492	0.01623017918537495	-0.02336449343478164	0.0004310212968319238	-0.005215131830502706
0.0030124899130907767	-0.0013918999398314646	0.0085532104505337	-0.00023783155867662664	0.014482715997765405	-0.02536159422062112	-0.00025548209830006385	-0.006151272823865073
0.0015146643237107238	0.0015413418393706024	0.007617069457171777	0.000261443637783465	0.013109709207500986	-0.02355172163345398	5.656489948746568e-05	-0.006525729221209975
0.0012026173259231943	0.0017285700380429425	0.004122143081952245	0.0001366248386689417	0.011487064819006187	-0.018496560269297246	0.00018138369860243309	-0.00658813862076757
0.0031997181117628948	-0.0004557589464690981	-0.00018410548751468525	-0.00011301275956143719	0.008865870037591872	-0.010445747726381294	-6.825389962727968e-05	-0.007149823216785034
0.002762852314860398	-0.0017663563371763669	-0.00417830705919342	-0.00011301275956143719	0.006307084655734263	-0.0013963847905453797	-0.0001306632991853185	-0.00484067543315736
0.005134409498045667	-0.0036386383239011	-0.006300226644147866	0.00032385303734105975	0.0036234804747621308	0.005343830361663082	0.0002437930981600278	-0.003342849843777973
0.002575624116188502	-0.004325141719033088	-0.004677582255653512	0.00019903423822653643	0.0018136078875949924	0.004158051770071225	0.00018138369860243309	-0.001657796055725802
0.002700442915303247	-0.003451410125228316	-0.0016195216773362553	-0.00023783155867662664	0.0013143326911357889	-0.0027069821812528705	-0.00025548209830006385	0.000214485930998487
-0.0008568928594732128	-0.0022656315336362365	0.007429841258499437	0.0005110812360138439	0.0021880642849405607	-0.010632975925054078	0.0004310212968319238	0.0017747209199356906
-0.0034156782413303777	0.002227845234502812	0.009676579642568628	-0.0003002409582333332	0.0015015608898076849	-0.016249821885228055	-0.0003178914978576586	0.0015250833217061999
-0.0011065304577035917	0.0030391674287502113	0.008802848048764078	7.421543911090289e-05	0.0009398762937902205	-0.01618741248567046	-5.844500070573133e-06	0.0015250833217061999
-0.00017038946434122515	0.002914348629635244	0.004371780680182624	0.00032385303734105975	-0.0003083116973594535	-0.010695385324611673	0.0002437930981600278	0.0012130363239184483
0.0028876711139755873	4.351624999054948e-05	-0.0013074746795489478	-0.00011301275956143719	-0.002118184284526592	-0.0007098813954129479	-6.825389962727968e-05	-0.0015953866561686514
0.003137308712205966	-0.002203222134079086	-0.006050589045918153	-0.00017542215911903192	-0.003116734677446331	0.009837307129802353	0.0002437930981600278	-0.0019074336539559589
0.0055712752949474975	-0.0032641819265561978	-0.008234918030430638	0.00038626243689909856	-0.004364922668596227	0.01832498546962036	0.00018138369860243309	-0.0011585208592659324
0.0023883959175154956	-0.002764906730096328	-0.00661227364193584	0.00019903423822653643	-0.0055507012601883066	0.0131450053063491	5.656489948746568e-05	0.00033930473011367646
0.0011402079263660436	0.00023074444866333366	0.003810096084164938	-0.0003002409582333332	-0.006174795255763144	0.0038460047722830293	-0.00025548209830006385	0.0023988149155105276
-0.004663866232480718	0.007095778399986985	0.009239713845666575	7.421543911090289e-05	-0.005238654262400999	-0.006389136755144964	-5.844500070573133e-06	0.00439591570135045
-0.007097832815222471	0.008343966391136437	0.01186090862708089	1.1806039553752257e-05	-0.0028670970792161743	-0.013254170706468393	0.00011897429904461632	0.005020009696925287
-0.003602906440003162	0.007470234797331665	0.00955176084345366	-0.00023783155867662664	-0.0009948150924914412	-0.015313680891865689	-0.0003178914978576586	0.00383423110533343
-0.0014185774554911212	0.004911449415474944	0.004621418278412115	1.1806039553752257e-05	6.614469998567074e-05	-0.009634425532134117	5.656489948746568e-05	0.00015207653144089228
0.003574174509108463	0.00041797264733567374	-0.0011202464808766077	0.00032385303734105975	0.0003781916977734223	0.0006631253948514715	0.0002437930981600278	-0.0019074336539559589
0.004260677904240451	-0.003014544328325819	-0.005863360847245369	0.00019903423822653643	0.0009398762937902205	0.014268374498384029	5.656489948746568e-05	-0.004029353238910627
0.006819463286097616	-0.004824416915493401	-0.007673233434412952	7.421543911090289e-05	0.0015015608898076849	0.012520911310773819	5.656489948746568e-05	-0.004154172038025372
0.003636583908666058	-0.0037634571230162894	-0.00018410548751468525	0.00032385303734105975	0.0015015608898076849	0.006155152555910703	0.00018138369860243309	-0.0034052592433357898
-0.004039772236905659	0.004599402417687637	0.005432740472659736	-0.00011301275956143719	0.0005654198964453183	-0.00264457278169572	-6.825389962727968e-05	-0.0012209302588239712
-0.0049135038307099865	0.008468785190251626	0.009239713845666575	-0.00023783155867662664	-0.00018349289824426407	-0.011631526317973373	-0.0005051196965299987	0.0004017141296708271
-0.006473738819647634	0.010091429578746425	0.010487901836816249	0.00038626243689909856	0.0014391514902500901	-0.014814405695405597	0.0004310212968319238	0.002523633714626161
-0.0032284500426580376	0.007532644196888816	0.0059944250686769784	-0.00042505975734852264	0.0018136078875949924	-0.014689586896290407	-0.0006299384956451881	0.00033930473011367646
-0.0006072552612435	0.0036008520247676756	0.0010016731040778382	-5.060336000384247e-05	0.00374829927387732	-0.007886962344524573	0.00018138369860243309	-0.0017202054552833967
0.005259228297160412	-0.0018287657367339616	-0.004802401054768257	0.00032385303734105975	0.004809259066354654	0.007840206343962652	0.00018138369860243309	-0.0034676686428931625
0.006445006888752491	-0.006571880103103167	-0.008297327429987789	0.000261443637783465	0.004185165070780261	0.010211763527147033	0.0002437930981600278	-0.00446621903581268
0.008691745272821905	-0.008756209087614986	-0.005426495050343538	0.00019903423822653643	0.003561071075205424	0.007278521747945188	0.0002437930981600278	-0.004154172038025372
0.003636583908666058	-0.004325141719033088	3.122711157654834e-06	0.0001366248386689417	0.0029993864791872937	0.0004758971961791314	0.00011897429904461632	-0.003155621645105411
-0.0017930338528360235	0.0008548384442381707	0.005495149872216887	-0.00011301275956143719	0.0014391514902500901	-0.006950821351161984	-5.844500070573133e-06	-0.0007840644619210302
-0.0034156782413303777	0.004911449415474944	0.008428391651419398	1.1806039553752257e-05	-0.0007451774942617284	-0.012068392114876092	-0.0001306632991853185	0.0011506269243608536
-0.0059744636231875425	0.007283006598659769	0.008303572852304208	-0.00011301275956143719	-0.0019933654854114025	-0.012318029713106471	-0.00019307269874291322	0.00189953971905088
-0.0032284500426580376	0.006222046806182213	0.004434190079740219	-5.060336000384247e-05	-0.0024302312823138994	-0.008323828141427292	-5.844500070573133e-06	0.0009633987256889576
-0.001480986855048716	0.0032263956274229955	-0.0011826558804342024	7.421543911090289e-05	-0.0009948150924914412	0.005593467959892795	5.656489948746568e-05	-0.0009088832610366637
0.003636583908666058	-0.0012670811407162752	-0.00648745484282065	0.000261443637783465	0.0001909634991008602	0.011023085721394654	0.0004310212968319238	-0.0020322524530711483
0.004822362500257915	-0.0051988733128383036	-0.008297327429987789	1.1806039553752257e-05	-0.00018349289824426407	0.010398991725819595	-0.0001306632991853185	-0.0032180310446630056
0.004510315502470386	-0.006821517701333102	-0.003803850661848296	0.00019903423822653643	0.0006902386955605078	0.00603033375679507	0.0002437930981600278	-0.0021570712521854496
0.0034493557099932737	-0.004137913520361192	0.0018129952983250153	0.000261443637783465	0.0009398762937902205	-0.001770841187890504	0.0002437930981600278	-0.001033702060150965
-0.001480986855048716	-0.00039334954691150337	0.0068057472629241555	7.421543911090289e-05	0.0007526480951176584	-0.00901033153655928	0.00011897429904461632	0.0005889423283433892
-0.002479537247968455	0.003101576828307806	0.008615619850091738	-0.00017542215911903192	-5.867409912951871e-05	-0.013940674101600825	-0.0003178914978576586	0.0024612243150681223
-0.004227000435577999	0.005535543411049337	0.007991525854516457	0.000261443637783465	0.0003781916977734223	-0.012630076710893334	-0.00025548209830006385	0.0009633987256889576
-0.0021674902501807036	0.004349764819457258	0.003560458485935003	-0.00017542215911903192	0.0008774668942332919	-0.0008347001945285815	-0.0001306632991853185	2.725773232659101e-05
-0.0009817116585888463	0.0025398922322901196	-0.0013698840791065425	0.00032385303734105975	0.002749748880957359	0.004407689368300716	0.0002437930981600278	-0.0018450242543983641
0.0038862215068955486	-0.0012046717411591246	-0.007423595836183017	-0.00011301275956143719	0.004684440267239687	0.006279971355025227	-6.825389962727968e-05	-0.003530078042450757
0.007069100884327106	-0.00576055790885599	-0.005239266851670976	0.00038626243689909856	0.00605744705750455	0.004345279968743121	0.00030620249771717845	-0.0039045344397954374
0.004510315502470386	-0.005448510911068238	-0.0008081994830895223	7.421543911090289e-05	0.00636949405529208	-0.0012091565918728175	-5.844500070573133e-06	-0.0032180310446630056
0.004198268504682856	-0.0030769537278838577	0.004995874675757017	0.0006359000351290334	0.006494312854406603	-0.008323828141427292	0.000618249495504708	-0.001657796055725802
-0.0007944834599165063	-0.0005805777455842875	0.009052485646993791	-0.00023783155867662664	0.005246124863257373	-0.014751996295848002	-0.00019307269874291322	0.00033930473011367646
-0.0012937586563759318	0.002477482832732525	0.01086235823416093	0.0001366248386689417	0.004372393269452601	-0.017123553479032827	-5.844500070573133e-06	0.0010258081252465523
-0.0038525440382333187	0.0046618118172445655	0.00948935144389651	7.421543911090289e-05	0.0013143326911357889	-0.0067011837529320495	-0.0001306632991853185	0.0005889423283433892
-0.0019178526519507688	0.005036268214590134	0.005495149872216887	-5.060336000384247e-05	0.0001909634991008602	0.0025354073815759826	-5.844500070573133e-06	-9.756106678859844e-05
-0.0019802620515083635	0.004100127221227767	-0.004615172856095917	1.1806039553752257e-05	-0.00037072109691704824	0.00946285073245745	-0.0001306632991853185	-0.0017202054552833967
0.0019515301206132207	0.00016833504910573893	-0.006300226644147866	0.0001366248386689417	0.0005654198964453183	0.012708139509446825	0.00018138369860243309	-0.002281890051300639
0.004385496703355196	-0.0012046717411591246	-0.004927219853883447	0.00032385303734105975	0.0014391514902500901	0.010398991725819595	0.00030620249771717845	-0.0027811652477607307
0.0016394831228259132	-0.0017663563371763669	-0.0016195216773362553	-0.00023783155867662664	0.0019384266867101818	0.003034682578035852	-0.00044271029697240394	-0.00290598404687592
0.002575624116188502	-0.00033094014735390864	0.004246961881067435	0.0005110812360138439	0.003561071075205424	-0.00532817696266763	0.0004310212968319238	-0.00028478926546116057
-0.0011689398572611864	0.0011044760424676614	0.008241163452746614	-0.00017542215911903192	0.0034362522760902348	-0.012879714309123713	5.656489948746568e-05	0.0007761705270161734
-0.0006072552612435	0.002851939230077205	0.010051036039913752	0.00019903423822653643	0.002936977079630143	-0.014627177496732813	-6.825389962727968e-05	0.001275445723475821
-0.0026667654466412394	0.0034136238260948915	0.0085532104505337	-0.00011301275956143719	0.0021880642849405607	-0.008573465739656783	-6.825389962727968e-05	0.0005889423283433892
-0.0003576176630140093	0.0027895298305204985	-0.0008081994830895223	-0.0003002409582333332	0.0013767420906933836	-0.0003354249980684898	-0.00025548209830006385	-0.00040960806457635
