Sensor_1	Sensor_2	Sensor_3	Sensor_4	Sensor_5	Sensor_6	Sensor_7	Sensor_8
0.00046909242058146283	0.0014198632017921042	-0.00020585763123825984	0.0012960263034480501	9.215992563982311e-05	-0.0004694366194930577	-0.0001978503371782292	0.0005033442146007427
-0.00046704857278045964	0.00017167521064220814	0.0007926927616817014	0.00029747591052808886	0.0010907103185595624	0.0015276641663468649	0.0003638342588394572	0.0008778006119463111
0.0005315018201390576	0.0005461316079873324	-0.0009547704259278422	0.0012336169038904554	0.000341797523870202	0.00015465737608177932	-1.0622138505889112e-05	0.0010026194110608344
-0.0006542767714527997	0.0012326350031197641	-0.0002682670307956325	0.0011712075043337489	0.0006538445216570654	0.0012156171685588912	0.0001766060601671171	0.0009402100115039058
0.0007811394183689924	-0.00020278118670269407	0.0007926927616817014	0.0006719323078736572	-0.00021988707214770642	-0.0002197990212631229	-0.0003850785358505693	0.00025370661637147407
-0.0009039143696825125	0.00023408461019980287	0.0013543773576989437	0.0005471135087580237	0.00021697872475501256	-0.000407027219935463	-1.0622138505889112e-05	4.069018141095171e-06
-0.000591867371895205	-0.00020278118670269407	0.0020408807528315975	-0.00020179928593155871	0.00027938812431238524	0.0007787513716568384	-1.0622138505889112e-05	0.0003785254154864415
0.0007811394183689924	0.0012326350031197641	0.0013543773576989437	0.001545663901678207	0.00027938812431238524	-0.00028220842082027353	0.00023901545972471183	0.0004409348150440362
-0.000591867371895205	0.0011078162040047967	0.0016664243554860292	0.00048470410920087303	0.00027938812431238524	-0.0002197990212631229	0.0001766060601671171	0.00031611601592884675
0.00046909242058146283	-0.0005148281844900016	0.0007302833621245508	-0.0003266180850463041	-0.0003447058712620077	0.00027947617519696877	-0.00032266913629297456	0.0011898476097336186
-0.00046704857278045964	0.0014198632017921042	-0.00033067643035322725	0.0016704827007933964	0.0004666163229851694	2.9838576966811914e-05	-0.0005098973349653146	4.069018141095171e-06
0.00021945482235219416	0.00017167521064220814	-0.0007675422272555021	-7.698048681659131e-05	0.0005290257225427641	0.0011532077690017406	0.00023901545972471183	0.001127438210176468
-0.00046704857278045964	-0.0002651905862602888	-0.00033067643035322725	0.0014208451025630175	0.00015456932519741784	-0.00015738962170552817	-7.303153806259566e-05	0.0006905724132735269
0.00046909242058146283	0.0008581786057744178	0.00023100816566445914	-7.698048681659131e-05	0.0004042069234275747	0.00046670437386930885	5.17872610521497e-05	0.0005657536141583375
0.00046909242058146283	-0.0004524187849326289	-1.8629432565919757e-05	0.0001726571114137876	2.975052608267248e-05	0.000841160771213989	-0.00026025973673537983	0.0004409348150440362
-0.0005294579723380544	0.0014198632017921042	0.0006054645630093614	0.0016080733012353576	0.0004666163229851694	-3.257082259078281e-05	0.00023901545972471183	0.0006905724132735269
0.0005315018201390576	-1.5552988029909898e-05	0.001728833755043624	-0.00020179928593155871	9.215992563982311e-05	-3.257082259078281e-05	-1.0622138505889112e-05	4.069018141095171e-06
-0.0006542767714527997	0.00010926581108483546	0.0014167867572567605	0.00023506651097049414	0.00015456932519741784	0.0003418855747541194	-7.303153806259566e-05	0.00012888781725628462
0.0005939112196966523	0.001669500800022039	0.0010423303599116363	0.0014832545021206123	-3.2658873474922245e-05	-0.0009687118159531494	0.00042624365839660783	0.0007529818128311216
-0.0003422297736657143	0.00048372220843018177	0.0022281089515037156	0.00023506651097049414	2.975052608267248e-05	0.00015465737608177932	-0.00013544093762063447	0.00031611601592884675
0.0005315018201390576	0.00017167521064220814	0.0004182363643367992	0.0014832545021206123	0.0004042069234275747	-0.0002197990212631229	5.17872610521497e-05	0.0009402100115039058
-0.0005294579723380544	0.0018567289986946012	0.0005430551634517666	0.0003598853100856836	0.0007162539212146601	0.0009659795703291785	0.00023901545972471183	0.001127438210176468
-0.0007790955705677671	0.00048372220843018177	-0.0008923610263706916	0.0009839793056609647	0.0004666163229851694	0.0007787513716568384	-0.00013544093762063447	0.0012522570092912133
0.000656320619254247	0.0014198632017921042	-0.0006427234281407568	0.001732892100350547	0.0006538445216570654	9.224797652440664e-05	-1.0622138505889112e-05	0.0009402100115039058
-0.000591867371895205	-0.0002651905862602888	0.0009175115607964468	4.783831229859814e-05	0.000965891519445039	0.0013404359676740807	0.00011419666060930034	0.0010026194110608344
0.0004066830210247563	0.00017167521064220814	0.00023100816566445914	0.0010463887052181153	0.00021697872475501256	0.00046670437386930885	-0.0001978503371782292	0.0006281630137159322
-0.0005294579723380544	0.0014198632017921042	0.0012295585585839763	0.0011712075043337489	0.0005914351220994707	-0.0002197990212631229	-7.303153806259566e-05	0.0003785254154864415
0.0005315018201390576	4.685641152768483e-05	0.0021032901523891923	0.00011024771185619286	0.0007162539212146601	0.00046670437386930885	0.0001766060601671171	0.0010026194110608344
-0.0005294579723380544	0.0012950444026773589	0.001728833755043624	0.0012960263034480501	0.0005290257225427641	-0.000407027219935463	5.17872610521497e-05	0.0005033442146007427
0.000656320619254247	0.001669500800022039	0.0016040149559293226	4.783831229859814e-05	0.0004666163229851694	0.0007787513716568384	-0.00013544093762063447	0.0007529818128311216
0.0007811394183689924	0.0015446820009068496	0.0005430551634517666	0.0020449390981380766	0.0006538445216570654	0.00040429497431171413	0.00023901545972471183	0.0011898476097336186
-0.0006542767714527997	0.0012326350031197641	0.0003558269647787604	0.0007967511069881805	0.0004666163229851694	2.9838576966811914e-05	-1.0622138505889112e-05	0.0008778006119463111
0.00046909242058146283	-0.0003275999858178835	-0.0002682670307956325	4.783831229859814e-05	0.000341797523870202	0.0009659795703291785	-0.00026025973673537983	0.0008778006119463111
-0.00027982037410811955	0.0014822726013492549	-0.0008299516268130969	0.002356986095925828	0.0012155291176751959	0.0011532077690017406	0.0004886530579542026	0.0005657536141583375
0.0004066830210247563	0.00042131280887214295	-0.0006427234281407568	0.0007343417074305858	0.0004042069234275747	0.00015465737608177932	-7.303153806259566e-05	0.0010026194110608344
-0.0007166861710106165	-0.0005148281844900016	0.0004806457638941719	4.783831229859814e-05	0.00021697872475501256	-3.257082259078281e-05	-7.303153806259566e-05	0.0006905724132735269
0.0005315018201390576	0.0011702256035621694	0.0003558269647787604	0.0007343417074305858	0.0006538445216570654	0.00015465737608177932	0.00023901545972471183	0.0005657536141583375
-0.00046704857278045964	0.0012326350031197641	0.002540155949291689	0.0001726571114137876	0.00021697872475501256	0.00046670437386930885	-1.0622138505889112e-05	0.00031611601592884675
-0.0007790955705677671	0.001669500800022039	0.001291967958141571	0.001545663901678207	0.00015456932519741784	-0.0007190742177232146	-7.303153806259566e-05	0.0004409348150440362
0.0007187300188118417	0.0007957692062172672	0.0017912431546012186	0.0004222947096432783	0.0004666163229851694	-0.0002197990212631229	0.0001766060601671171	0.0001912972168136573
-0.0008415049701258059	-0.0004524187849326289	0.0006054645630093614	-7.698048681659131e-05	9.215992563982311e-05	0.0005291137734269036	-0.00013544093762063447	0.0005657536141583375
0.0005939112196966523	0.0012326350031197641	-0.0005179046290260114	0.001545663901678207	2.975052608267248e-05	-0.0004694366194930577	-1.0622138505889112e-05	0.0010026194110608344
-0.0005294579723380544	0.0005461316079873324	0.00010618936654926969	0.00023506651097049414	0.0004666163229851694	0.0006539325725412048	-1.0622138505889112e-05	0.0010650288106184291
0.000656320619254247	-0.0002651905862602888	-0.0007675422272555021	0.0006095229083160625	0.0004666163229851694	0.00015465737608177932	-1.0622138505889112e-05	0.0008778006119463111
-0.0006542767714527997	0.00104540680444698	-0.0013916362228307833	-1.457108725877454e-05	0.0004042069234275747	0.0005915231729844983	-7.303153806259566e-05	0.0005657536141583375
0.0005315018201390576	-0.0003275999858178835	0.0006054645630093614	0.0006719323078736572	0.0006538445216570654	0.0011532077690017406	0.00023901545972471183	0.0009402100115039058
0.00021945482235219416	0.0008581786057744178	0.0007302833621245508	0.0006095229083160625	-0.0007191622686077981	-0.0013431682132978295	-0.0004474879354077199	-0.00043279677876073563
-0.000404639173223309	0.00035890340931454823	0.002727384147963585	-0.00026420868548915344	0.000341797523870202	0.00040429497431171413	0.00030142485928186247	0.0003785254154864415
0.0005939112196966523	0.00042131280887214295	0.0011671491590263816	0.0008591605065462193	-0.0001574776725901117	-0.00015738962170552817	-7.303153806259566e-05	0.00012888781725628462
-0.0005294579723380544	0.0016070914004648884	0.0012295585585839763	0.0012336169038904554	0.0004666163229851694	-0.000594255418607581	0.00023901545972471183	0.00031611601592884675
0.0005315018201390576	-0.0003275999858178835	0.001291967958141571	-0.0003266180850463041	0.000341797523870202	0.00040429497431171413	5.17872610521497e-05	0.0010650288106184291
-0.000591867371895205	0.0006085410075449271	-0.00014344823168066512	0.0011087981047761541	0.00021697872475501256	-0.00028220842082027353	5.17872610521497e-05	0.0005033442146007427
0.000656320619254247	0.0011078162040047967	-0.00039308582991082197	-0.0006386650828338336	-3.2658873474922245e-05	0.000841160771213989	-0.00026025973673537983	0.0006905724132735269
-0.0008415049701258059	-0.000639646983605191	-0.001204408024157999	0.0012960263034480501	0.00027938812431238524	0.0005291137734269036	-7.303153806259566e-05	0.0010026194110608344
-0.000404639173223309	0.0014198632017921042	-8.103883212307039e-05	0.0014208451025630175	0.0010907103185595624	0.00046670437386930885	0.00042624365839660783	0.0012522570092912133
0.00034427362146671747	-0.0007020563831627857	0.00029341756522205387	-0.0003890274846038988	2.975052608267248e-05	0.00046670437386930885	-0.0004474879354077199	0.00025370661637147407
-0.000591867371895205	0.0009829974048896073	0.0006678739625660679	0.0012960263034480501	0.0004666163229851694	0.0003418855747541194	5.17872610521497e-05	0.0008778006119463111
0.0004066830210247563	0.0011702256035621694	0.0013543773576989437	0.0007343417074305858	-3.2658873474922245e-05	-0.0005318460190506524	-0.00026025973673537983	0.0010026194110608344
-0.0003422297736657143	0.0002964940097573976	0.002540155949291689	0.00048470410920087303	0.0010907103185595624	0.0013404359676740807	-7.303153806259566e-05	0.0005033442146007427
0.0005939112196966523	0.0012326350031197641	0.0009799209603540415	0.0016704827007933964	0.0004666163229851694	-0.0002197990212631229	-0.0001978503371782292	0.0004409348150440362
-0.0007790955705677671	0.0011078162040047967	0.001291967958141571	0.0006719323078736572	0.0009034821198870002	0.0012156171685588912	0.00023901545972471183	0.0010026194110608344
0.0007811394183689924	0.00010926581108483546	-0.00033067643035322725	0.001545663901678207	0.000341797523870202	-9.498022214793345e-05	-7.303153806259566e-05	0.0010650288106184291
0.0005939112196966523	0.00104540680444698	0.00016859876610642033	0.00092156990610337	0.0005290257225427641	0.00021706677563937404	-7.303153806259566e-05	0.0010026194110608344
-0.000404639173223309	0.0006085410075449271	4.377996699167497e-05	0.0012336169038904554	0.0013403479167899413	0.0016524829654613882	0.0003638342588394572	0.0021883980026531358
0.00046909242058146283	0.0015446820009068496	-0.0017036832206178687	0.0022945766963682335	0.0007162539212146601	-0.00015738962170552817	-0.00013544093762063447	0.001501894607520704
-0.0006542767714527997	0.0009205880053320126	-0.0007051328276979074	0.0008591605065462193	0.0010907103185595624	0.00021706677563937404	-0.00026025973673537983	0.0020011698039807957
0.0005939112196966523	0.0006709504071020778	-0.001017179825485437	0.0016080733012353576	0.0010907103185595624	0.0007163419720996878	0.00011419666060930034	0.0022508074022111746
-0.0007166861710106165	0.00229359479559732	-0.0013916362228307833	0.002793851892827659	0.0012155291176751959	-0.0002197990212631229	-1.0622138505889112e-05	0.0023132168017683252
0.0005939112196966523	0.0012326350031197641	-0.0010795892250428096	0.0024818048950405736	0.0016523949145770267	0.00015465737608177932	-1.0622138505889112e-05	0.0030621295964579076
-0.0006542767714527997	0.0013574538022345095	-0.003263918209554628	0.003417945888402496	0.0017148043141346214	-0.0008438930168379599	-1.0622138505889112e-05	0.0031245389960159464
-0.0007166861710106165	0.001669500800022039	-0.002452596015307895	0.001732892100350547	0.002026851311922373	0.00021706677563937404	0.00011419666060930034	0.003623814192476038
0.000656320619254247	0.0019815477978093465	-0.0036383746068999745	0.0026690330937133577	0.0012779385172323465	-3.257082259078281e-05	-7.303153806259566e-05	0.003436585993803254
-0.0006542767714527997	0.003167326389402092	-0.0037007840064575692	0.002856261292385698	0.001153119718117157	-0.0005318460190506524	-1.0622138505889112e-05	0.0034989953933608486
0.0007811394183689924	0.001919138398252196	-0.00270223361353783	0.0017953014999081418	0.0014027573163470919	0.0003418855747541194	0.0001766060601671171	0.003249357795130692
-0.0008415049701258059	0.001919138398252196	-0.00451210620070519	0.0022945766963682335	0.0010283009190026338	-3.257082259078281e-05	5.17872610521497e-05	0.0033117671946880645
0.0005939112196966523	0.0026056417933844056	-0.004075240403802249	0.002793851892827659	0.0017148043141346214	0.00040429497431171413	0.00030142485928186247	0.003811042391147934
-0.000404639173223309	0.0017319101995794117	-0.003139099410440327	0.002793851892827659	0.0010283009190026338	-0.000407027219935463	-0.00026025973673537983	0.003436585993803254
0.0004066830210247563	0.0016070914004648884	-0.004574515600262341	0.0027314424932705084	0.0016523949145770267	-0.00028220842082027353	0.00011419666060930034	0.0038734517907050847
0.0005315018201390576	0.0011702256035621694	-0.00451210620070519	0.0018577108994657365	0.0013403479167899413	-3.257082259078281e-05	-0.00026025973673537983	0.003811042391147934
-0.0003422297736657143	0.0023560041951540267	-0.004824153198492276	0.0034803552879600907	0.0021516701110371184	0.0003418855747541194	0.00042624365839660783	0.004809592784067895
0.00046909242058146283	0.002106366596924536	-0.004761743798934681	0.0022321672968106387	0.0013403479167899413	-0.0009063024163955546	-0.00026025973673537983	0.0036862235920327446
-0.000591867371895205	0.0017943195991372285	-0.004012831004245099	0.0016704827007933964	0.0012155291176751959	0.00015465737608177932	-1.0622138505889112e-05	0.004123089388935686
0.000843548817926365	0.0026680511929417783	-0.004824153198492276	0.0031683082901730053	0.0012155291176751959	-3.257082259078281e-05	-7.303153806259566e-05	0.003623814192476038
-0.0008415049701258059	0.002543232393826811	-0.004137649803359844	0.0016704827007933964	0.00021697872475501256	-0.0006566648181658419	-0.00032266913629297456	0.003186948395573097
0.00046909242058146283	0.0017943195991372285	-0.004012831004245099	0.0027314424932705084	0.0010283009190026338	0.00015465737608177932	0.00011419666060930034	0.0038734517907050847
-0.0005294579723380544	0.002917688791171713	-0.0037007840064575692	0.0021073484976952273	0.0012155291176751959	2.9838576966811914e-05	0.00030142485928186247	0.003811042391147934
-0.0007166861710106165	0.0013574538022345095	-0.004574515600262341	0.0016704827007933964	0.0009034821198870002	0.00027947617519696877	-0.0001978503371782292	0.0038734517907050847
0.000656320619254247	0.002106366596924536	-0.005635475392739453	0.0032931270892881948	0.0012155291176751959	0.00015465737608177932	-1.0622138505889112e-05	0.004247908188050875
-0.0005294579723380544	0.0018567289986946012	-0.0042624686024748115	0.0022945766963682335	0.001964441912364334	0.0003418855747541194	0.00030142485928186247	0.004809592784067895
0.0004066830210247563	0.0009205880053320126	-0.005760294191854642	0.0022945766963682335	0.0014027573163470919	9.224797652440664e-05	-0.00032266913629297456	0.005121639781855647
-0.000591867371895205	0.00229359479559732	-0.006134750589199545	0.0032931270892881948	0.0018396231132495888	9.224797652440664e-05	0.00023901545972471183	0.005184049181412798
0.000843548817926365	0.0023560041951540267	-0.004574515600262341	0.002544214294597724	0.0016523949145770267	0.00040429497431171413	-1.0622138505889112e-05	0.005121639781855647
-0.0006542767714527997	0.00229359479559732	-0.0051362001962800274	0.0031683082901730053	0.001153119718117157	-0.0004694366194930577	-0.00013544093762063447	0.004435136386723215
0.0005939112196966523	0.0032921451885168374	-0.0036383746068999745	0.0020449390981380766	0.0012155291176751959	-0.00015738962170552817	5.17872610521497e-05	0.0045599551858379606
0.0007811394183689924	0.0030425075902864585	-0.004449696801147152	0.0029186706919428484	0.0013403479167899413	0.00027947617519696877	0.00023901545972471183	0.0045599551858379606
-0.0007166861710106165	0.0032297357889587985	-0.0051362001962800274	0.002856261292385698	0.0012155291176751959	-0.00028220842082027353	-7.303153806259566e-05	0.004123089388935686
0.00046909242058146283	0.0023560041951540267	-0.0042624686024748115	0.0020449390981380766	0.001153119718117157	-0.0002197990212631229	-0.00013544093762063447	0.004123089388935686
-0.000404639173223309	0.0023560041951540267	-0.005261018995394773	0.0032931270892881948	0.0020892607114795236	0.000841160771213989	0.00023901545972471183	0.004622364585395555
0.00034427362146671747	0.002106366596924536	-0.006134750589199545	0.0031683082901730053	0.0018396231132495888	-0.00015738962170552817	0.00030142485928186247	0.0056209149783155166
-0.000404639173223309	0.0018567289986946012	-0.0046993343993775305	0.0027314424932705084	0.001964441912364334	0.00040429497431171413	-0.0003850785358505693	0.005246458580970392
0.0004066830210247563	0.0017319101995794117	-0.006509206986544225	0.003605174087074836	0.0027757641066119554	0.00046670437386930885	0.0003638342588394572	0.005683324377872889
-0.000404639173223309	0.002980098190729308	-0.00451210620070519	0.002606623694155319	0.0019020325128071836	-9.498022214793345e-05	-1.0622138505889112e-05	0.004934411583182863
-0.0007790955705677671	0.003167326389402092	-0.005385837794509962	0.0032931270892881948	0.001589985515019432	-3.257082259078281e-05	-0.00013544093762063447	0.004872002183625268
0.0007187300188118417	0.00372901098541889	-0.004137649803359844	0.003043489491057816	0.0014027573163470919	-0.000594255418607581	0.0001766060601671171	0.004247908188050875
-0.000591867371895205	0.0032921451885168374	-0.0033887370086700397	0.0019201202990228872	0.001153119718117157	-0.000407027219935463	5.17872610521497e-05	0.003998270589820718
0.00046909242058146283	0.0031049169898444973	-0.004948971997607243	0.0027314424932705084	0.0008410727203298496	-0.00034461782037831235	-0.00013544093762063447	0.004123089388935686
-0.0005294579723380544	0.00335455458807421	-0.00395042160468706	0.002356986095925828	0.0014027573163470919	-0.0002197990212631229	-7.303153806259566e-05	0.004060679989377869
0.0005939112196966523	0.0018567289986946012	-0.004387287401590001	0.002169757897253266	0.0017148043141346214	0.00046670437386930885	-0.00013544093762063447	0.004684773984952706
-0.0007166861710106165	0.0017943195991372285	-0.00607234118964195	0.0032931270892881948	0.002214079510594713	0.00040429497431171413	0.0001766060601671171	0.005121639781855647
0.0007811394183689924	0.0019815477978093465	-0.005261018995394773	0.0027314424932705084	0.0021516701110371184	0.0007787513716568384	-1.0622138505889112e-05	0.005308867980527987
0.000656320619254247	0.0020439571973669413	-0.00644679758698663	0.0033555364888457895	0.001964441912364334	9.224797652440664e-05	5.17872610521497e-05	0.005059230382297608
-0.0007166861710106165	0.002480822994269216	-0.005261018995394773	0.0026690330937133577	0.001589985515019432	-0.0005318460190506524	-7.303153806259566e-05	0.004809592784067895
0.0007187300188118417	0.0026680511929417783	-0.005011381397164838	0.0024818048950405736	0.0015275761154627254	-0.00028220842082027353	0.00011419666060930034	0.004747183384510301
-0.0007790955705677671	0.003604192186304589	-0.00607234118964195	0.0027314424932705084	0.0009034821198870002	-0.0010935306150674506	-0.00032266913629297456	0.0038734517907050847
0.0007187300188118417	0.003978648583649269	-0.0042624686024748115	0.0022321672968106387	0.0009034821198870002	-0.001467987012412797	-1.0622138505889112e-05	0.004310317587608026
-0.0006542767714527997	0.003541782786746106	-0.004574515600262341	0.0019201202990228872	0.0010283009190026338	-0.0009687118159531494	5.17872610521497e-05	0.0039358611902626794
0.0005939112196966523	0.003604192186304589	-0.005760294191854642	0.0022945766963682335	0.0012779385172323465	-0.0007190742177232146	0.00011419666060930034	0.004123089388935686
-0.0005294579723380544	0.0028552793916141184	-0.00607234118964195	0.001732892100350547	0.0013403479167899413	-9.498022214793345e-05	-0.0001978503371782292	0.004435136386723215
-0.0005294579723380544	0.00229359479559732	-0.0063843881874294794	0.0021073484976952273	0.0021516701110371184	0.00040429497431171413	0.00023901545972471183	0.005246458580970392
0.00046909242058146283	0.0013574538022345095	-0.0059475223905267605	0.0017953014999081418	0.0017148043141346214	-0.0002197990212631229	-0.00013544093762063447	0.004622364585395555
-0.0007790955705677671	0.0013574538022345095	-0.006821253984331532	0.0013584357030056449	0.0019020325128071836	0.00021706677563937404	-0.00026025973673537983	0.005059230382297608
0.0005939112196966523	0.002730460592499373	-0.0063843881874294794	0.0017953014999081418	0.001964441912364334	-0.000407027219935463	-1.0622138505889112e-05	0.005371277380085138
-0.000404639173223309	0.0032297357889587985	-0.004574515600262341	0.001545663901678207	0.0023388983097099025	-9.498022214793345e-05	-0.00013544093762063447	0.0045599551858379606
0.0005315018201390576	0.003167326389402092	-0.0059475223905267605	0.00092156990610337	0.001153119718117157	-0.0010935306150674506	-7.303153806259566e-05	0.004372726987165176
-0.000591867371895205	0.004290695581436799	-0.005198609595837178	0.0013584357030056449	0.0012155291176751959	-0.0010935306150674506	0.00023901545972471183	0.004123089388935686
0.0007811394183689924	0.003978648583649269	-0.005573065993182302	0.0005471135087580237	0.0007162539212146601	-0.0009063024163955546	-0.0004474879354077199	0.0039358611902626794
0.0007811394183689924	0.0034169639876318048	-0.004948971997607243	0.0014208451025630175	0.0014027573163470919	-0.0005318460190506524	5.17872610521497e-05	0.004247908188050875
-0.00046704857278045964	0.002480822994269216	-0.004387287401590001	0.0017953014999081418	0.001589985515019432	0.00015465737608177932	0.0001766060601671171	0.00449754578628081
0.000656320619254247	0.002106366596924536	-0.0059475223905267605	0.0011087981047761541	0.001964441912364334	0.0007787513716568384	0.0001766060601671171	0.005059230382297608
-0.0007790955705677671	0.0021687759964821307	-0.005822703591412237	0.0007343417074305858	0.002026851311922373	0.00046670437386930885	-7.303153806259566e-05	0.005308867980527987
0.0007187300188118417	0.0016070914004648884	-0.005448247194066669	0.0011087981047761541	0.002463717108824204	0.000841160771213989	-7.303153806259566e-05	0.005558505578757478
-0.0007790955705677671	0.002106366596924536	-0.006634025785659636	0.0005471135087580237	0.0022764889101518637	-0.00015738962170552817	0.0001766060601671171	0.005184049181412798
0.0007811394183689924	0.003167326389402092	-0.005198609595837178	0.0006095229083160625	0.001777213713691994	-0.000407027219935463	-7.303153806259566e-05	0.004934411583182863
-0.0007166861710106165	0.0032297357889587985	-0.004886562598049871	0.00092156990610337	0.002026851311922373	-0.00034461782037831235	0.00023901545972471183	0.005121639781855647
-0.0007790955705677671	0.004540333179666067	-0.004075240403802249	0.00029747591052808886	0.001153119718117157	-0.001467987012412797	-0.0001978503371782292	0.004247908188050875
0.000656320619254247	0.00404105798320642	-0.0036383746068999745	0.0006095229083160625	0.0012155291176751959	-0.001031121215510744	5.17872610521497e-05	0.00449754578628081
-0.0006542767714527997	0.004290695581436799	-0.004574515600262341	0.0006095229083160625	0.0014027573163470919	-0.00034461782037831235	-7.303153806259566e-05	0.0049968209827404575
0.000843548817926365	0.00372901098541889	-0.0037007840064575692	0.00092156990610337	0.001777213713691994	-0.0002197990212631229	0.0003638342588394572	0.0049968209827404575
-0.0006542767714527997	0.0021687759964821307	-0.005011381397164838	0.0003598853100856836	0.0015275761154627254	0.0003418855747541194	-7.303153806259566e-05	0.005371277380085138
0.0005315018201390576	0.0021687759964821307	-0.00607234118964195	0.0006095229083160625	0.002214079510594713	0.000841160771213989	0.00011419666060930034	0.00574573377743004
-0.0006542767714527997	0.001669500800022039	-0.005261018995394773	0.0004222947096432783	0.001964441912364334	0.0007787513716568384	-7.303153806259566e-05	0.005995371375659975
0.00046909242058146283	0.0011702256035621694	-0.006259569388314734	0.0005471135087580237	0.0022764889101518637	0.0005291137734269036	0.00011419666060930034	0.0066818747707928505
0.0005315018201390576	0.002730460592499373	-0.0051362001962800274	0.0005471135087580237	0.0017148043141346214	-0.000594255418607581	-1.0622138505889112e-05	0.006307418373447948
-0.0006542767714527997	0.00335455458807421	-0.005760294191854642	0.0003598853100856836	0.0014027573163470919	-0.0006566648181658419	-7.303153806259566e-05	0.0068691029694647465
0.000656320619254247	0.004477923780109361	-0.005635475392739453	0.00048470410920087303	0.0010907103185595624	-0.0015928058115275423	-1.0622138505889112e-05	0.007118740567695125
-0.0006542767714527997	0.004540333179666067	-0.004761743798934681	0.00048470410920087303	0.0007162539212146601	-0.002092081007987412	-0.00013544093762063447	0.007742834563269518
0.000656320619254247	0.004165876782321609	-0.005635475392739453	0.0006095229083160625	0.0009034821198870002	-0.001467987012412797	5.17872610521497e-05	0.007930062761942303
-0.0006542767714527997	0.004165876782321609	-0.006321978787872329	0.0004222947096432783	0.0007162539212146601	-0.0013431682132978295	-0.00013544093762063447	0.007680425163712368
0.0005315018201390576	0.003167326389402092	-0.006009931790084355	0.0005471135087580237	0.0014651667159051307	2.9838576966811914e-05	5.17872610521497e-05	0.00861656615707429
-0.000591867371895205	0.0022311853960392813	-0.007819804377251494	0.00029747591052808886	0.0012779385172323465	-0.0005318460190506524	-0.00026025973673537983	0.008117290960614865
-0.0005294579723380544	0.0016070914004648884	-0.006883663383890015	0.0005471135087580237	0.001777213713691994	0.00015465737608177932	0.00011419666060930034	0.00874138495618948
0.000656320619254247	0.0014822726013492549	-0.007819804377251494	0.0006095229083160625	0.0016523949145770267	-3.257082259078281e-05	5.17872610521497e-05	0.008803794355747074
-0.0007790955705677671	0.0023560041951540267	-0.007070891582561911	0.0001726571114137876	0.0010907103185595624	-0.0014055776128554243	-0.00032266913629297456	0.0083669285588448
0.0007187300188118417	0.0027928699920569677	-0.005573065993182302	0.0006095229083160625	0.0010283009190026338	-0.0015928058115275423	0.0001766060601671171	0.00899102255442008
-0.0006542767714527997	0.003791420384976485	-0.005885112990969832	0.0004222947096432783	0.0004666163229851694	-0.0018424434097579212	-7.303153806259566e-05	0.00874138495618948
0.0005315018201390576	0.004290695581436799	-0.004886562598049871	0.0004222947096432783	2.975052608267248e-05	-0.0025913562044475036	5.17872610521497e-05	0.008866203755304447
-0.00046704857278045964	0.004165876782321609	-0.004012831004245099	0.0005471135087580237	9.215992563982311e-05	-0.0020296716084302613	-1.0622138505889112e-05	0.008678975556632329
0.0005939112196966523	0.00372901098541889	-0.004824153198492276	0.0004222947096432783	0.00021697872475501256	-0.001655215211085137	-1.0622138505889112e-05	0.008554156757516695
0.000656320619254247	0.0017943195991372285	-0.0053234283949523675	0.0006719323078736572	0.0004042069234275747	-0.0006566648181658419	5.17872610521497e-05	0.00817970036017246
-0.000591867371895205	0.0013574538022345095	-0.006946072783446722	0.0003598853100856836	0.0008410727203298496	0.00021706677563937404	-1.0622138505889112e-05	0.008429337958402394
0.0005315018201390576	0.0011702256035621694	-0.006509206986544225	0.0005471135087580237	0.0008410727203298496	2.9838576966811914e-05	-0.0001978503371782292	0.008928613154862486
-0.0005294579723380544	0.0007333598066596725	-0.006821253984331532	0.0006095229083160625	0.0014027573163470919	0.0007787513716568384	0.00023901545972471183	0.01092571394070152
0.0005315018201390576	0.0014822726013492549	-0.007882213776809532	0.00029747591052808886	0.000965891519445039	-0.0004694366194930577	-1.0622138505889112e-05	0.012548358329196763
-0.0005294579723380544	0.0027928699920569677	-0.006321978787872329	0.0005471135087580237	0.0005290257225427641	-0.0015928058115275423	0.00011419666060930034	0.01335968052344394
0.0007187300188118417	0.0034793733871893995	-0.005885112990969832	0.00048470410920087303	9.215992563982311e-05	-0.0024041280057747194	5.17872610521497e-05	0.014732687313708803
-0.0005294579723380544	0.00497719897656923	-0.004948971997607243	0.0005471135087580237	-0.00046952467037719714	-0.00334026899913753	-0.00013544093762063447	0.015044734311495889
-0.0005294579723380544	0.004602742579223662	-0.0053234283949523675	0.0006095229083160625	-9.506827303251697e-05	-0.002279309206659974	0.00011419666060930034	0.01554400950795598
0.0005315018201390576	0.003916239184091674	-0.006259569388314734	0.0003598853100856836	-0.0004071152708204906	-0.002279309206659974	-0.00013544093762063447	0.014732687313708803
-0.0008415049701258059	0.0027928699920569677	-0.005885112990969832	0.00029747591052808886	-0.00021988707214770642	-0.0014055776128554243	-0.00026025973673537983	0.01354690872211628
0.0010307770165991492	0.002106366596924536	-0.006259569388314734	0.0009839793056609647	0.0009034821198870002	0.0005915231729844983	0.0004886530579542026	0.013796546320346437
-0.0006542767714527997	0.0015446820009068496	-0.007258119781234251	0.0003598853100856836	0.0005914351220994707	0.0005291137734269036	-0.0001978503371782292	0.014171002717691117
0.0005315018201390576	0.0009205880053320126	-0.006883663383890015	0.0004222947096432783	0.000965891519445039	0.0009659795703291785	0.0001766060601671171	0.01554400950795598
-0.000404639173223309	0.0014198632017921042	-0.007133300982119506	0.0001726571114137876	-0.0001574776725901117	-0.0009063024163955546	-0.0003850785358505693	0.01585605650574351
0.00028186422190956684	0.0019815477978093465	-0.005261018995394773	0.0004222947096432783	-0.00028229647170485705	-0.0013431682132978295	5.17872610521497e-05	0.017166653896450335
0.0007187300188118417	0.00404105798320642	-0.005760294191854642	0.0006719323078736572	-0.0007815716681645046	-0.001655215211085137	5.17872610521497e-05	0.017665929092910426
-0.0005294579723380544	0.004665151978781257	-0.0051362001962800274	0.0005471135087580237	-0.0007815716681645046	-0.0021544904075450066	0.00011419666060930034	0.018290023088485263
0.0005315018201390576	0.003978648583649269	-0.004886562598049871	0.0004222947096432783	-0.00159289386241257	-0.0024665374053327582	-7.303153806259566e-05	0.017977976090697956
-0.0006542767714527997	0.003167326389402092	-0.006321978787872329	0.0003598853100856836	-0.0012184374650672236	-0.001031121215510744	-7.303153806259566e-05	0.01822761368892789
0.000843548817926365	0.002917688791171713	-0.006259569388314734	0.0007343417074305858	-0.0007191622686077981	-0.000407027219935463	-0.0003850785358505693	0.017541110293795903
-0.0009663237692405513	0.00104540680444698	-0.0070084821830043165	4.783831229859814e-05	-0.0007815716681645046	0.0012156171685588912	-7.303153806259566e-05	0.017790747892025616
0.0005939112196966523	0.0005461316079873324	-0.008256670174154435	0.0003598853100856836	-0.0007815716681645046	0.0010283889698869952	-0.0001978503371782292	0.018726888885387982
-0.0006542767714527997	0.0006085410075449271	-0.007133300982119506	0.0006719323078736572	-0.0009063904672801382	0.0009659795703291785	0.00011419666060930034	0.01916375468229048
-0.0007166861710106165	0.0012326350031197641	-0.007570166779022003	0.00029747591052808886	-0.0012184374650672236	0.00027947617519696877	-1.0622138505889112e-05	0.01941339228051997
0.000656320619254247	0.0026056417933844056	-0.006197159988757139	0.0005471135087580237	-0.0017177126615273153	-0.0008438930168379599	-0.00013544093762063447	0.019975076876537656
-0.0005294579723380544	0.0034169639876318048	-0.005011381397164838	0.0005471135087580237	-0.00196735025975725	-0.0011559400146254895	0.0001766060601671171	0.020474352072997082
0.00046909242058146283	0.003541782786746106	-0.0059475223905267605	0.0001726571114137876	-0.0026538536548892377	-0.0022168998071028234	-0.00032266913629297456	0.02059917087211227
-0.0006542767714527997	0.0041034673827640145	-0.004948971997607243	0.0003598853100856836	-0.0026538536548892377	-0.0020296716084302613	-0.00013544093762063447	0.01935098288096282
0.0005939112196966523	0.002917688791171713	-0.0053234283949523675	0.0004222947096432783	-0.0019049408601996554	-0.00034461782037831235	0.0001766060601671171	0.01916375468229048
-0.00046704857278045964	0.002480822994269216	-0.006321978787872329	0.00029747591052808886	-0.0026538536548892377	-0.0004694366194930577	-0.0003850785358505693	0.018352432488042858
0.00046909242058146283	0.0014198632017921042	-0.006946072783446722	0.0006719323078736572	-0.0015304844628549752	0.0010283889698869952	0.00023901545972471183	0.019101345282732884
0.0005939112196966523	0.00042131280887214295	-0.008131851375038801	0.00048470410920087303	-0.0016553032619692765	0.0006539325725412048	-7.303153806259566e-05	0.01928857348140478
-0.0007166861710106165	0.00042131280887214295	-0.007445347979906813	0.0001726571114137876	-0.0020297596593144007	0.00046670437386930885	-0.0001978503371782292	0.020349533273882336
0.0007187300188118417	0.0009829974048896073	-0.007694985578136748	0.0005471135087580237	-0.0020297596593144007	0.00027947617519696877	5.17872610521497e-05	0.0217225400641472
-0.0006542767714527997	0.0021687759964821307	-0.007382938580349441	0.0003598853100856836	-0.0020921690588719954	-0.000407027219935463	-1.0622138505889112e-05	0.023782050249544273
0.0005939112196966523	0.0028552793916141184	-0.00644679758698663	0.0004222947096432783	-0.0031531288513493294	-0.0015928058115275423	-7.303153806259566e-05	0.025654332236268784
-0.000591867371895205	0.0034793733871893995	-0.006821253984331532	0.00048470410920087303	-0.003277947650464519	-0.001655215211085137	0.00011419666060930034	0.026340835631401216
0.0007187300188118417	0.0038538297845340796	-0.006883663383890015	0.00023506651097049414	-0.003902041646038912	-0.0015303964119703917	-0.0001978503371782292	0.025467104037596444
-0.0006542767714527997	0.00335455458807421	-0.007133300982119506	0.0005471135087580237	-0.0033403570500216695	-0.0005318460190506524	-7.303153806259566e-05	0.02403168784777443
-0.00046704857278045964	0.0024184135947116214	-0.007133300982119506	0.0006095229083160625	-0.0025290348557744924	0.00046670437386930885	0.00023901545972471183	0.023220365653527253
0.0005939112196966523	0.0012326350031197641	-0.006883663383890015	0.0004222947096432783	-0.0029659006526769893	0.0003418855747541194	-0.0001978503371782292	0.021410493066359892
-0.0007166861710106165	0.00104540680444698	-0.007694985578136748	0.0003598853100856836	-0.0020921690588719954	0.0011532077690017406	-7.303153806259566e-05	0.021223264867687552
0.000656320619254247	0.0013574538022345095	-0.007382938580349441	0.00048470410920087303	-0.0020921690588719954	0.0007163419720996878	-7.303153806259566e-05	0.02203458706193473
-0.0006542767714527997	0.0013574538022345095	-0.006509206986544225	0.0004222947096432783	-0.0024666254562173417	0.00046670437386930885	-0.0001978503371782292	0.022533862258394377
0.0005939112196966523	0.001919138398252196	-0.007070891582561911	0.0004222947096432783	-0.0024666254562173417	-0.000407027219935463	0.00030142485928186247	0.02415650664688873
-0.00046704857278045964	0.0032921451885168374	-0.005697884792297048	0.00029747591052808886	-0.0035899946482520484	-0.0015303964119703917	-0.0001978503371782292	0.02371964084998668
0.00046909242058146283	0.0032921451885168374	-0.00607234118964195	0.0003598853100856836	-0.0033403570500216695	-0.00121834941418264	-0.0001978503371782292	0.024281325446004365
0.000656320619254247	0.004165876782321609	-0.005198609595837178	0.0006095229083160625	-0.003465175849136415	-0.0012807588137400128	-1.0622138505889112e-05	0.024343734845561515
-0.000591867371895205	0.003541782786746106	-0.0053234283949523675	0.00029747591052808886	-0.0035899946482520484	-0.0007814836172803652	-1.0622138505889112e-05	0.023470003251756744
0.000656320619254247	0.002980098190729308	-0.006634025785659636	0.0005471135087580237	-0.0031531288513493294	-0.0002197990212631229	-0.00013544093762063447	0.022346634059722037
-0.00046704857278045964	0.0027928699920569677	-0.00607234118964195	0.0006095229083160625	-0.0028410818535618	0.00046670437386930885	0.0001766060601671171	0.020661580271670088
0.0004066830210247563	0.0011078162040047967	-0.007195710381677101	0.00029747591052808886	-0.0034027664495792642	0.0003418855747541194	-1.0622138505889112e-05	0.021410493066359892
-0.0005294579723380544	0.0013574538022345095	-0.0076325761785791535	0.0004222947096432783	-0.0034027664495792642	0.00040429497431171413	-0.00026025973673537983	0.021909768262819984
0.00046909242058146283	0.0013574538022345095	-0.007133300982119506	0.0006719323078736572	-0.002778672454004427	0.0007787513716568384	0.00030142485928186247	0.023282775053084404
-0.00046704857278045964	0.001669500800022039	-0.007133300982119506	0.0003598853100856836	-0.0035275852486944537	-0.000407027219935463	-0.00026025973673537983	0.023782050249544273
-0.000404639173223309	0.0034169639876318048	-0.005385837794509962	0.0007343417074305858	-0.0035899946482520484	-0.0005318460190506524	0.00030142485928186247	0.025467104037596444
0.0005315018201390576	0.0032297357889587985	-0.005885112990969832	0.0003598853100856836	-0.004713363840286533	-0.0015303964119703917	-0.0001978503371782292	0.025092647640251986
-0.0006542767714527997	0.003791420384976485	-0.00607234118964195	0.00023506651097049414	-0.004838182639401278	-0.0017176246106427318	-0.00013544093762063447	0.025779151035383974
0.000656320619254247	0.003916239184091674	-0.0053234283949523675	0.0006719323078736572	-0.0050254108380736184	-0.0015928058115275423	5.17872610521497e-05	0.024843010042021607
-0.0007166861710106165	0.0027928699920569677	-0.006571616386102042	0.00029747591052808886	-0.005275048436303997	-0.0012807588137400128	-0.00013544093762063447	0.02415650664688873
0.0005939112196966523	0.002730460592499373	-0.007258119781234251	0.00048470410920087303	-0.004775773239844128	9.224797652440664e-05	-0.00026025973673537983	0.023969278448216835
-0.0007790955705677671	0.0020439571973669413	-0.007133300982119506	0.014526819009635705	-0.005087820237631657	2.9838576966811914e-05	0.00011419666060930034	0.0229083186557395
0.000843548817926365	4.685641152768483e-05	-0.009005582968844017	0.005789503071587321	-0.004463726242056598	0.0003418855747541194	5.17872610521497e-05	0.02421891604644677
0.0007187300188118417	0.0008581786057744178	-0.008007032575924278	0.001545663901678207	-0.004963001438516468	0.00015465737608177932	-0.0001978503371782292	0.025092647640251986
-0.0006542767714527997	0.0012950444026773589	-0.008131851375038801	0.0006095229083160625	-0.004838182639401278	-3.257082259078281e-05	-1.0622138505889112e-05	0.02584156043494157
0.0007187300188118417	0.0026680511929417783	-0.0070084821830043165	0.0006095229083160625	-0.005711914233206494	-0.0010935306150674506	5.17872610521497e-05	0.026465654430516405
-0.0007790955705677671	0.0034793733871893995	-0.0059475223905267605	0.00029747591052808886	-0.00696010222435639	-0.0017800340102003265	-0.0001978503371782292	0.026465654430516405
0.0007187300188118417	0.004165876782321609	-0.005635475392739453	0.0006719323078736572	-0.006648055226568861	-0.0017800340102003265	-0.0001978503371782292	0.024718191242906862
-0.0006542767714527997	0.004477923780109361	-0.005448247194066669	0.00029747591052808886	-0.007334558621701293	-0.001904852809315516	-0.00026025973673537983	0.022783499856624756
0.0005939112196966523	0.004165876782321609	-0.0046993343993775305	0.0007967511069881805	-0.005961551831436429	-0.00034461782037831235	0.00042624365839660783	0.021410493066359892
-0.00027982037410811955	0.003541782786746106	-0.006571616386102042	0.0001726571114137876	-0.006835283425241201	-0.0007814836172803652	-0.0004474879354077199	0.018664479485830388
-0.000591867371895205	0.0011702256035621694	-0.006321978787872329	0.0003598853100856836	-0.006336008228781331	0.00040429497431171413	-1.0622138505889112e-05	0.018539660686715642
0.00046909242058146283	0.00048372220843018177	-0.0076325761785791535	0.0003598853100856836	-0.006273598829223737	0.0007787513716568384	-0.00032266913629297456	0.017790747892025616
-0.00027982037410811955	0.0011078162040047967	-0.006009931790084355	0.0008591605065462193	-0.005399867235418965	0.0014028453672316754	0.0004886530579542026	0.018914117084060322
0.00046909242058146283	0.0006709504071020778	-0.005760294191854642	0.00023506651097049414	-0.0067104646261260115	0.00015465737608177932	-0.00026025973673537983	0.02028712387432474
-0.000591867371895205	0.0024184135947116214	-0.0055106565936242635	0.0005471135087580237	-0.006648055226568861	-0.00015738962170552817	0.00011419666060930034	0.02203458706193473
0.0007811394183689924	0.003791420384976485	-0.004075240403802249	0.0006095229083160625	-0.008769974811523307	-0.0022168998071028234	-0.0001978503371782292	0.0229083186557395
-0.0007790955705677671	0.004540333179666067	-0.00376319340601472	0.0005471135087580237	-0.009019612409753242	-0.002341718606218013	-0.00013544093762063447	0.023282775053084404
0.0005939112196966523	0.005289245974356538	-0.0036383746068999745	0.00048470410920087303	-0.008957203010196091	-0.001904852809315516	0.00011419666060930034	0.023345184452641998
0.00046909242058146283	0.004228286181878982	-0.004574515600262341	0.00029747591052808886	-0.009581297005770928	-0.0017176246106427318	-0.00026025973673537983	0.021660130664589605
-0.0005294579723380544	0.003791420384976485	-0.005760294191854642	0.0006719323078736572	-0.008707565411965712	2.9838576966811914e-05	0.00011419666060930034	0.021036036669014768
0.000843548817926365	0.0028552793916141184	-0.0055106565936242635	0.0007967511069881805	-0.008395518414178404	0.000841160771213989	0.00030142485928186247	0.02028712387432474
-0.0007166861710106165	0.0013574538022345095	-0.00644679758698663	0.0003598853100856836	-0.008769974811523307	0.001278026568116486	-0.00013544093762063447	0.018664479485830388
0.0005939112196966523	0.0011078162040047967	-0.007195710381677101	0.00048470410920087303	-0.008957203010196091	0.0009659795703291785	0.0004886530579542026	0.020224714474768035
-0.00027982037410811955	0.002480822994269216	-0.004636924999819936	0.00092156990610337	-0.00926925000798362	-0.0004694366194930577	-0.0004474879354077199	0.018976526483617473
0.00028186422190956684	0.00229359479559732	-0.0051362001962800274	0.0004222947096432783	-0.008769974811523307	-0.0008438930168379599	-1.0622138505889112e-05	0.02028712387432474
-0.000591867371895205	0.0041034673827640145	-0.0025774148144226405	0.0007343417074305858	-0.00926925000798362	-0.0018424434097579212	0.00023901545972471183	0.020723989671227683
-0.00046704857278045964	0.005476474173029322	-0.002889461812209948	0.0006095229083160625	-0.00970611580488523	-0.0020296716084302613	0.0001766060601671171	0.02059917087211227
0.00046909242058146283	0.005102017775683754	-0.00376319340601472	0.00029747591052808886	-0.01014298160178817	-0.002279309206659974	-0.0001978503371782292	0.019600620479192754
-0.0005294579723380544	0.004852380177453597	-0.0032015088099979216	0.00048470410920087303	-0.009955753403115608	-0.0012807588137400128	-1.0622138505889112e-05	0.019101345282732884
0.0005315018201390576	0.003167326389402092	-0.0046993343993775305	0.0006095229083160625	-0.009643706405328523	-0.0002197990212631229	5.17872610521497e-05	0.01654255990087594
-0.000591867371895205	0.0024184135947116214	-0.0053234283949523675	0.0004222947096432783	-0.00920684060842536	0.0005915231729844983	-7.303153806259566e-05	0.01610569410397278
0.0005939112196966523	0.0016070914004648884	-0.0051362001962800274	0.0006095229083160625	-0.009581297005770928	0.00109079836944459	5.17872610521497e-05	0.015980875304858477
-0.000591867371895205	0.0006709504071020778	-0.006134750589199545	0.0007343417074305858	-0.009581297005770928	0.0003418855747541194	0.0003638342588394572	0.016043284704416072
0.000843548817926365	0.0012950444026773589	-0.0046993343993775305	-0.000139389886373964	-0.010267800400902916	-0.0008438930168379599	-0.0005723067345229094	0.016417741101760752
0.000656320619254247	0.00335455458807421	-0.004137649803359844	0.0006095229083160625	-0.01014298160178817	-0.0009687118159531494	-1.0622138505889112e-05	0.01772833849246802
-0.0003422297736657143	0.005039608376126159	-0.00270223361353783	0.0007343417074305858	-0.01020539100134532	-0.0014055776128554243	0.0003638342588394572	0.019475801680077565
0.0004066830210247563	0.0051644271752417925	-0.0027646430130952027	0.00029747591052808886	-0.011640807191168001	-0.002716175003562693	-0.00026025973673537983	0.019226164081848074
-0.0007166861710106165	0.0053516553739136885	-0.003513555807785229	0.0003598853100856836	-0.011515988392052812	-0.0021544904075450066	-0.00013544093762063447	0.01916375468229048
0.000843548817926365	0.0051644271752417925	-0.003326327609112667	0.0007343417074305858	-0.011079122595150537	-0.0015303964119703917	-0.0001978503371782292	0.016168103503530373
-0.0008415049701258059	0.00335455458807421	-0.004387287401590001	0.0001726571114137876	-0.01064225679824804	-0.00034461782037831235	-0.0001978503371782292	0.014171002717691117
0.0004066830210247563	0.002106366596924536	-0.005760294191854642	0.0003598853100856836	-0.009518887606213333	0.0003418855747541194	-0.00013544093762063447	0.012985224126098815
-0.0006542767714527997	0.001669500800022039	-0.004574515600262341	0.0010463887052181153	-0.00833310901462081	0.00109079836944459	0.00042624365839660783	0.012423539530081573
-0.0006542767714527997	0.0009205880053320126	-0.005198609595837178	0.0003598853100856836	-0.008457927813736	0.00046670437386930885	-7.303153806259566e-05	0.011799445534506736
0.0005315018201390576	0.001669500800022039	-0.004012831004245099	0.00048470410920087303	-0.008832384211080901	-0.0005318460190506524	-0.0001978503371782292	0.012548358329196763
-0.0005294579723380544	0.0027928699920569677	-0.0030142806113251375	0.0006095229083160625	-0.008832384211080901	-0.000407027219935463	0.00023901545972471183	0.014108593318133522
0.00046909242058146283	0.00335455458807421	-0.003575965207342824	0.00023506651097049414	-0.009893344003557791	-0.0017176246106427318	-0.00032266913629297456	0.015481600108398386
-0.000591867371895205	0.004477923780109361	-0.002265367816635111	0.0004222947096432783	-0.009955753403115608	-0.001655215211085137	0.00030142485928186247	0.01535678130928364
0.0009059582174846259	0.0047275613783388515	-0.002452596015307895	0.0008591605065462193	-0.01014298160178817	-0.00121834941418264	-7.303153806259566e-05	0.014420640315921274
-0.0007166861710106165	0.0041034673827640145	-0.003575965207342824	0.00023506651097049414	-0.010517437999133294	-0.0012807588137400128	-0.00032266913629297456	0.01323486172432875
0.0005315018201390576	0.0034793733871893995	-0.004137649803359844	0.0007343417074305858	-0.010018162802673203	0.00021706677563937404	0.0001766060601671171	0.013110042925214005
0.000656320619254247	0.0022311853960392813	-0.004948971997607243	0.0006095229083160625	-0.00970611580488523	0.0005291137734269036	0.00011419666060930034	0.012173901931851638
-0.0005294579723380544	0.0020439571973669413	-0.004200059202917439	0.0004222947096432783	-0.009768525204443268	0.0006539325725412048	5.17872610521497e-05	0.012236311331408789
0.0005939112196966523	0.0017319101995794117	-0.0046993343993775305	0.0006095229083160625	-0.009893344003557791	0.0007787513716568384	-7.303153806259566e-05	0.012361130130523978
-0.00046704857278045964	0.0023560041951540267	-0.004200059202917439	0.0006095229083160625	-0.009394068807098144	0.0007163419720996878	0.00030142485928186247	0.01342208992300109
0.0005315018201390576	0.0027928699920569677	-0.003263918209554628	0.00048470410920087303	-0.01033020980046051	-0.00034461782037831235	0.0001766060601671171	0.014483049715478868
-0.000591867371895205	0.0034793733871893995	-0.0032015088099979216	0.0006095229083160625	-0.010392619200018105	-0.0011559400146254895	-0.00013544093762063447	0.014420640315921274
0.00046909242058146283	0.004165876782321609	-0.0028270524126523533	0.00023506651097049414	-0.010392619200018105	-0.0014055776128554243	-0.0001978503371782292	0.014545459115036019
-0.000591867371895205	0.0047275613783388515	-0.00251500541486549	0.0006719323078736572	-0.009955753403115608	-0.0009687118159531494	5.17872610521497e-05	0.014108593318133522
-0.0003422297736657143	0.004914789577011636	-0.0022029584170779604	0.0007343417074305858	-0.008894793610638052	-0.0005318460190506524	0.0003638342588394572	0.01354690872211628
0.00046909242058146283	0.003978648583649269	-0.002889461812209948	0.0003598853100856836	-0.00970611580488523	-0.0009687118159531494	-0.0001978503371782292	0.012049083132736671
-0.0005294579723380544	0.0032921451885168374	-0.0038880122051299093	0.00048470410920087303	-0.009144431208868431	2.9838576966811914e-05	5.17872610521497e-05	0.011737036134948697
0.0007187300188118417	0.0027928699920569677	-0.0037007840064575692	0.0006095229083160625	-0.008769974811523307	9.224797652440664e-05	5.17872610521497e-05	0.010613666942914435
-0.000591867371895205	0.001919138398252196	-0.0033887370086700397	0.0006095229083160625	-0.008457927813736	0.0005915231729844983	-0.0001978503371782292	0.009552707150436879
0.0005315018201390576	0.0012950444026773589	-0.004449696801147152	0.0003598853100856836	-0.0077714244186037895	0.0005291137734269036	0.00011419666060930034	0.010176801146011938
-0.0006542767714527997	0.0019815477978093465	-0.003076690010882732	0.0006719323078736572	-0.008083471416390875	9.224797652440664e-05	0.00011419666060930034	0.01042643874424165
0.000656320619254247	0.002106366596924536	-0.003076690010882732	0.00029747591052808886	-0.008520337213293372	-0.000407027219935463	-0.00013544093762063447	0.01067607634247203
0.0005939112196966523	0.003604192186304589	-0.0018285020197330581	0.0006095229083160625	-0.008894793610638052	-0.0009063024163955546	-7.303153806259566e-05	0.011424989137161612
-0.0005294579723380544	0.003916239184091674	-0.001204408024157999	0.0006095229083160625	-0.009019612409753242	-0.0007814836172803652	0.00030142485928186247	0.012111492532294044
0.00046909242058146283	0.00372901098541889	-0.002452596015307895	0.0003598853100856836	-0.00970611580488523	-0.0014055776128554243	-0.0001978503371782292	0.0111753515389319
-0.000591867371895205	0.004228286181878982	-0.0018285020197330581	0.0006095229083160625	-0.009581297005770928	-0.001031121215510744	0.00011419666060930034	0.010988123340259559
0.000656320619254247	0.0034793733871893995	-0.00270223361353783	0.0006095229083160625	-0.010267800400902916	-0.0009687118159531494	-0.00032266913629297456	0.01073848574202918
-0.0009039143696825125	0.002480822994269216	-0.004137649803359844	4.783831229859814e-05	-0.010392619200018105	0.00021706677563937404	0.0001766060601671171	0.010863304541143926
0.0007811394183689924	0.0024184135947116214	-0.0033887370086700397	0.0006719323078736572	-0.010392619200018105	0.0009035701707715837	0.00023901545972471183	0.01092571394070152
-0.0005294579723380544	0.0013574538022345095	-0.0046993343993775305	0.00029747591052808886	-0.011203941394265282	0.00046670437386930885	-0.00026025973673537983	0.01055125754335684
-0.0006542767714527997	0.0014822726013492549	-0.003326327609112667	0.00023506651097049414	-0.011703216590725374	0.00021706677563937404	-0.0001978503371782292	0.01192426433362126
0.0005939112196966523	0.0020439571973669413	-0.0030142806113251375	0.0006719323078736572	-0.01189044478939727	9.224797652440664e-05	0.00011419666060930034	0.013047633525655966
-0.0003422297736657143	0.00335455458807421	-0.0021405490175203656	0.0007343417074305858	-0.010954303796035791	-0.0002197990212631229	0.0003638342588394572	0.013609318121673653
0.00034427362146671747	0.003791420384976485	-0.0015788644215026792	0.0001726571114137876	-0.011453578992495217	-0.0019672622088726666	-0.0003850785358505693	0.012797995927426475
-0.000591867371895205	0.004602742579223662	-0.0013292268232731885	0.0006095229083160625	-0.010579847398690445	-0.0012807588137400128	5.17872610521497e-05	0.01192426433362126
0.0007187300188118417	0.004602742579223662	-0.0014540456223879339	0.0006095229083160625	-0.01033020980046051	-0.0013431682132978295	5.17872610521497e-05	0.011237760938488828
-0.0007166861710106165	0.004228286181878982	-0.0013916362228307833	0.00029747591052808886	-0.010579847398690445	-0.0009687118159531494	-0.00032266913629297456	0.009739935349109219
0.0005315018201390576	0.0026680511929417783	-0.0033887370086700397	0.0007343417074305858	-0.009518887606213333	0.0007163419720996878	0.00030142485928186247	0.009615116549994474
0.0005939112196966523	0.0009205880053320126	-0.0036383746068999745	0.0006095229083160625	-0.009955753403115608	0.0007787513716568384	-1.0622138505889112e-05	0.008678975556632329
-0.000591867371895205	4.685641152768483e-05	-0.004574515600262341	0.0003598853100856836	-0.009893344003557791	0.001278026568116486	5.17872610521497e-05	0.008554156757516695
0.000656320619254247	0.0002964940097573976	-0.00376319340601472	0.0006095229083160625	-0.009331659407540993	0.0011532077690017406	-1.0622138505889112e-05	0.008554156757516695
-0.0005294579723380544	0.0011078162040047967	-0.0018285020197330581	0.0006095229083160625	-0.008894793610638052	0.000841160771213989	0.00030142485928186247	0.009615116549994474
0.0004066830210247563	0.0017319101995794117	-0.0022029584170779604	0.00023506651097049414	-0.009581297005770928	-0.0004694366194930577	-1.0622138505889112e-05	0.010988123340259559
-0.0006542767714527997	0.0034793733871893995	-0.00033067643035322725	0.00048470410920087303	-0.008707565411965712	-0.001467987012412797	0.00023901545972471183	0.011112942139374304
0.0007811394183689924	0.004415514380551766	0.0006678739625660679	0.00029747591052808886	-0.008520337213293372	-0.0017176246106427318	-0.00013544093762063447	0.009927163547781559
-0.0007790955705677671	0.00404105798320642	-0.00014344823168066512	0.0005471135087580237	-0.007709015019046195	-0.0014055776128554243	-1.0622138505889112e-05	0.00874138495618948
-0.0007166861710106165	0.002980098190729308	-0.0008923610263706916	0.0005471135087580237	-0.007709015019046195	-0.0005318460190506524	5.17872610521497e-05	0.00805488156105727
0.0005939112196966523	0.0014822726013492549	-0.0023277772161927057	0.0006719323078736572	-0.007272149222143698	0.0005291137734269036	5.17872610521497e-05	0.006931512369022341
-0.00046704857278045964	0.0008581786057744178	-0.002265367816635111	0.0006095229083160625	-0.006336008228781331	0.0013404359676740807	0.00030142485928186247	0.006057780775217569
0.00046909242058146283	-0.0002651905862602888	-0.003076690010882732	0.00029747591052808886	-0.006897692824798796	0.0009659795703291785	-0.0004474879354077199	0.006182599574332759
-0.000404639173223309	0.0002964940097573976	-0.0023901866157498564	0.0007967511069881805	-0.005899142431878834	0.0020893487623645512	-0.0001978503371782292	0.006931512369022341
0.0005315018201390576	0.0011702256035621694	-0.0015164550219455286	0.0004222947096432783	-0.008582746612850967	-3.257082259078281e-05	-7.303153806259566e-05	0.00899102255442008
-0.0007166861710106165	0.0021687759964821307	-0.0008923610263706916	0.0007967511069881805	-0.009082021809310836	-0.00034461782037831235	0.00011419666060930034	0.010863304541143926
0.0007187300188118417	0.0036666015858617396	0.0006678739625660679	0.0006095229083160625	-0.009394068807098144	-0.001031121215510744	0.00011419666060930034	0.01167462673539199
0.0005939112196966523	0.00404105798320642	-0.00020585763123825984	0.0004222947096432783	-0.009643706405328523	-0.001467987012412797	-7.303153806259566e-05	0.010800895141586775
-0.0006542767714527997	0.003791420384976485	-0.0007051328276979074	0.00048470410920087303	-0.008769974811523307	-0.000594255418607581	-7.303153806259566e-05	0.009989572947340042
0.0005939112196966523	0.0032297357889587985	-0.0007675422272555021	0.0006095229083160625	-0.00833310901462081	-0.0004694366194930577	5.17872610521497e-05	0.008554156757516695
-0.0006542767714527997	0.0020439571973669413	-0.0020157302184056203	0.0005471135087580237	-0.008582746612850967	0.0005915231729844983	0.0001766060601671171	0.007493196965040028
0.0004066830210247563	0.0011702256035621694	-0.003263918209554628	0.0004222947096432783	-0.009394068807098144	0.0009035701707715837	0.0001766060601671171	0.0083669285588448
-0.000591867371895205	0.0012326350031197641	-0.002452596015307895	0.0006095229083160625	-0.011391169592937622	0.000841160771213989	-0.00026025973673537983	0.008678975556632329
0.00046909242058146283	0.0006085410075449271	-0.003513555807785229	0.0004222947096432783	-0.011515988392052812	0.0011532077690017406	-1.0622138505889112e-05	0.009989572947340042
-0.0006542767714527997	0.0014198632017921042	-0.001641273821060274	0.0006719323078736572	-0.01201526358851246	0.00040429497431171413	5.17872610521497e-05	0.011300170338046867
-0.000591867371895205	0.003167326389402092	-0.0017660926201752414	0.0004222947096432783	-0.012701766983645335	-9.498022214793345e-05	5.17872610521497e-05	0.012485948929639168
0.0005939112196966523	0.003916239184091674	-0.0013916362228307833	0.0003598853100856836	-0.013263451579662577	-0.0007190742177232146	-0.00013544093762063447	0.013047633525655966
-0.0006542767714527997	0.0047275613783388515	-0.0007675422272555021	0.00048470410920087303	-0.013700317376565296	-0.0008438930168379599	-1.0622138505889112e-05	0.013734136920788842
0.0007811394183689924	0.004290695581436799	-0.0012668174237151497	0.0008591605065462193	-0.013388270378777323	-0.0007190742177232146	0.00030142485928186247	0.012111492532294044
-0.0007790955705677671	0.00372901098541889	-0.0020157302184056203	0.00011024771185619286	-0.013388270378777323	-0.0009063024163955546	-0.0001978503371782292	0.011112942139374304
0.0004066830210247563	0.003167326389402092	-0.0025774148144226405	0.0003598853100856836	-0.012764176383202486	0.0010283889698869952	0.00030142485928186247	0.0111753515389319
-0.00046704857278045964	0.002543232393826811	-0.003263918209554628	0.00029747591052808886	-0.013388270378777323	0.0006539325725412048	-0.00026025973673537983	0.009927163547781559
0.0004066830210247563	0.0015446820009068496	-0.0034511464082271903	0.00048470410920087303	-0.013263451579662577	0.0014652547667892701	0.00011419666060930034	0.01042643874424165
0.0005939112196966523	0.0011078162040047967	-0.004075240403802249	0.00048470410920087303	-0.013762726776122447	0.0016524829654613882	-1.0622138505889112e-05	0.01073848574202918
-0.0007166861710106165	0.001919138398252196	-0.0030142806113251375	0.00029747591052808886	-0.014262001972582095	0.0014652547667892701	-7.303153806259566e-05	0.011737036134948697
0.0005939112196966523	0.002480822994269216	-0.002452596015307895	0.0005471135087580237	-0.015260552365502056	0.0009035701707715837	-7.303153806259566e-05	0.01286040532698407
-0.000404639173223309	0.003604192186304589	-0.0020157302184056203	0.0007967511069881805	-0.01494850536771497	0.001278026568116486	0.00042624365839660783	0.013983774519018777
0.00034427362146671747	0.003978648583649269	-0.0015788644215026792	0.0003598853100856836	-0.016009465160192526	-3.257082259078281e-05	-1.0622138505889112e-05	0.014670277914151209
-0.0005294579723380544	0.004665151978781257	-0.0012668174237151497	0.0007967511069881805	-0.015947055760634488	0.0003418855747541194	-0.0001978503371782292	0.013796546320346437
0.0005315018201390576	0.004415514380551766	-0.002265367816635111	0.0010463887052181153	-0.014511639570812473	0.001278026568116486	0.00042624365839660783	0.01354690872211628
-0.000404639173223309	0.0047275613783388515	-0.0026398242139802353	0.0007343417074305858	-0.01494850536771497	0.0011532077690017406	-1.0622138505889112e-05	0.012298720730966384
-0.000591867371895205	0.002543232393826811	-0.0037007840064575692	0.0004222947096432783	-0.014262001972582095	0.0020269393628069565	-7.303153806259566e-05	0.011612217335834396
0.0005315018201390576	0.0017943195991372285	-0.0034511464082271903	0.0005471135087580237	-0.013949954974794787	0.002338986360594042	-1.0622138505889112e-05	0.010863304541143926
-0.00046704857278045964	0.0011702256035621694	-0.0034511464082271903	0.0006719323078736572	-0.013762726776122447	0.003337536753513781	0.00023901545972471183	0.011237760938488828
0.0005315018201390576	0.0007957692062172672	-0.00395042160468706	0.0003598853100856836	-0.014262001972582095	0.0030254897557260296	-0.00013544093762063447	0.012111492532294044
-0.0005294579723380544	0.0020439571973669413	-0.0023277772161927057	0.0007343417074305858	-0.014012364374352604	0.003212717954398814	0.00011419666060930034	0.01273558652786888
0.0005939112196966523	0.0026056417933844056	-0.0019533208188480256	0.0006095229083160625	-0.014511639570812473	0.0020269393628069565	-0.0001978503371782292	0.0131724523247716
-0.0007790955705677671	0.00372901098541889	-0.0015788644215026792	0.0005471135087580237	-0.014511639570812473	0.0014028453672316754	5.17872610521497e-05	0.01342208992300109
0.000656320619254247	0.004914789577011636	-0.001017179825485437	0.0007343417074305858	-0.014262001972582095	0.0020893487623645512	0.00030142485928186247	0.013796546320346437
0.0005939112196966523	0.004602742579223662	-0.0015788644215026792	0.00048470410920087303	-0.014012364374352604	0.0017773017645765776	-7.303153806259566e-05	0.012361130130523978
-0.0007166861710106165	0.0041034673827640145	-0.0017660926201752414	0.00048470410920087303	-0.013575498577449663	0.0020269393628069565	-0.00013544093762063447	0.011549807936276801
0.000656320619254247	0.002543232393826811	-0.003139099410440327	0.0006719323078736572	-0.01313863278054761	0.002775852157496539	0.00011419666060930034	0.010239210545569533
-0.0007790955705677671	0.0014198632017921042	-0.00395042160468706	0.00023506651097049414	-0.012888995182317231	0.0032751273539564085	-0.0001978503371782292	0.008866203755304447
0.0005315018201390576	0.0005461316079873324	-0.0038256028055723146	0.0003598853100856836	-0.012951404581874826	0.0037119931508589055	0.00030142485928186247	0.009552707150436879
-0.000404639173223309	0.00010926581108483546	-0.0038256028055723146	0.0007343417074305858	-0.012514538784972551	0.004460905945548488	-7.303153806259566e-05	0.009240660152649571
0.00046909242058146283	0.00035890340931454823	-0.003263918209554628	0.0006095229083160625	-0.012701766983645335	0.004211268347318553	0.00023901545972471183	0.01048884814379969
-0.0005294579723380544	0.0014822726013492549	-0.0019533208188480256	0.0005471135087580237	-0.013762726776122447	0.0037119931508589055	-7.303153806259566e-05	0.010988123340259559
-0.0005294579723380544	0.0036666015858617396	-0.0007675422272555021	0.0006095229083160625	-0.013513089177892512	0.0036495837513013107	5.17872610521497e-05	0.011986673733179076
0.0005315018201390576	0.003791420384976485	-0.0004554952294684167	0.0006095229083160625	-0.013825136175680042	0.002775852157496539	-7.303153806259566e-05	0.011424989137161612
-0.0006542767714527997	0.00372901098541889	-0.0015164550219455286	0.0003598853100856836	-0.013263451579662577	0.002775852157496539	-1.0622138505889112e-05	0.01073848574202918
0.00046909242058146283	0.0034793733871893995	-0.0014540456223879339	0.0003598853100856836	-0.012701766983645335	0.0025886239588239768	-0.00026025973673537983	0.009615116549994474
-0.0003422297736657143	0.0031049169898444973	-0.0015788644215026792	0.0007967511069881805	-0.012140082387627649	0.00358717435174416	-0.00026025973673537983	0.008304519159287205
0.00046909242058146283	0.0012326350031197641	-0.0036383746068999745	0.0003598853100856836	-0.012327310586299989	0.004648134144221272	-1.0622138505889112e-05	0.007992472161499897
-0.0006542767714527997	0.0006709504071020778	-0.003326327609112667	0.0004222947096432783	-0.012514538784972551	0.00483536234289339	-0.0001978503371782292	0.007493196965040028
0.0005315018201390576	-0.0004524187849326289	-0.003513555807785229	0.0007343417074305858	-0.011453578992495217	0.005709093936698162	0.0003638342588394572	0.007867653362384708
0.0005315018201390576	-1.5552988029909898e-05	-0.0026398242139802353	0.0003598853100856836	-0.011952854188955309	0.004585724744663677	-0.0001978503371782292	0.007493196965040028
-0.0008415049701258059	0.0006085410075449271	-0.002078139617962771	0.00023506651097049414	-0.012576948184529702	0.004523315345106083	-0.0001978503371782292	0.008491747357959989
0.000656320619254247	0.0019815477978093465	-0.001204408024157999	0.0006719323078736572	-0.012264901186742394	0.004648134144221272	0.00011419666060930034	0.009427888351322355
-0.0005294579723380544	0.003541782786746106	-8.103883212307039e-05	0.0006095229083160625	-0.012576948184529702	0.004024040148645991	5.17872610521497e-05	0.009615116549994474
0.00046909242058146283	0.0032297357889587985	-0.0008299516268130969	0.0003598853100856836	-0.013637907977007702	0.0037119931508589055	-0.00013544093762063447	0.009490297750879506
-0.0007166861710106165	0.0032921451885168374	-0.0013916362228307833	0.0003598853100856836	-0.012202491787185243	0.0049601811420085795	0.0003638342588394572	0.008803794355747074
0.000843548817926365	0.0030425075902864585	-0.001017179825485437	4.783831229859814e-05	-0.012514538784972551	0.004710543543778867	-0.0003850785358505693	0.007430787565482433
-0.0009039143696825125	0.0007957692062172672	-0.0033887370086700397	0.0006719323078736572	-0.011016713195592498	0.005709093936698162	0.0001766060601671171	0.006931512369022341
-0.0006542767714527997	-0.00014037178714509935	-0.0030142806113251375	0.0005471135087580237	-0.011016713195592498	0.006021140934485691	-1.0622138505889112e-05	0.0066818747707928505
0.0005315018201390576	-0.0009516939813922765	-0.003575965207342824	0.00048470410920087303	-0.011141531994708131	0.005958731534928541	-7.303153806259566e-05	0.006557055971677217
-0.00046704857278045964	4.685641152768483e-05	-0.0023277772161927057	0.0006095229083160625	-0.01020539100134532	0.006333187932273221	0.00030142485928186247	0.007181149967252276
0.0004066830210247563	0.0007957692062172672	-0.0011419986246006264	0.0004222947096432783	-0.010954303796035791	0.005209818740238514	-0.00026025973673537983	0.008554156757516695
-0.0003422297736657143	0.0019815477978093465	-0.00039308582991082197	0.0006719323078736572	-0.01033020980046051	0.005272228139796109	-7.303153806259566e-05	0.00805488156105727
0.0005315018201390576	0.002543232393826811	4.377996699167497e-05	0.00048470410920087303	-0.01014298160178817	0.0038992213495312456	-0.00013544093762063447	0.007742834563269518
-0.0006542767714527997	0.002917688791171713	0.0004182363643367992	0.0005471135087580237	-0.00970611580488523	0.004024040148645991	-0.00013544093762063447	0.007118740567695125
0.0005939112196966523	0.00229359479559732	-0.00033067643035322725	0.0006719323078736572	-0.00814588081594847	0.004772952943336017	0.00023901545972471183	0.006619465371235256
0.0007187300188118417	0.0014198632017921042	-0.0011419986246006264	0.0005471135087580237	-0.008457927813736	0.004336087146433298	-1.0622138505889112e-05	0.005683324377872889
-0.0007166861710106165	0.00023408461019980287	-0.0023277772161927057	0.0004222947096432783	-0.0077714244186037895	0.004772952943336017	-7.303153806259566e-05	0.005059230382297608
0.0007811394183689924	0.00042131280887214295	-0.0014540456223879339	0.0007967511069881805	-0.006023961230993802	0.004398496545990893	0.00023901545972471183	0.004310317587608026
-0.0008415049701258059	-0.0002651905862602888	-0.0017660926201752414	0.00023506651097049414	-0.0060863706305513965	0.0034623555526289707	-0.00026025973673537983	0.0037486329915903394
0.000656320619254247	-0.00014037178714509935	-0.0015788644215026792	0.0005471135087580237	-0.00552468603453371	0.0035247649521861213	0.00011419666060930034	0.004435136386723215
-0.00046704857278045964	0.00104540680444698	-8.103883212307039e-05	0.0006719323078736572	-0.005774323632764089	0.0028382615570536895	0.00023901545972471183	0.004747183384510301
0.0007811394183689924	0.0012950444026773589	0.0003558269647787604	0.00029747591052808886	-0.005711914233206494	0.002526214559266382	-0.0001978503371782292	0.00449754578628081
-0.0006542767714527997	0.00104540680444698	0.0007302833621245508	0.0005471135087580237	-0.004963001438516468	0.0020269393628069565	-0.00013544093762063447	0.004060679989377869
-0.0005294579723380544	0.0012326350031197641	0.0004806457638941719	0.0004222947096432783	-0.004463726242056598	0.0018397111641341723	0.0001766060601671171	0.003998270589820718
0.00046909242058146283	0.0002964940097573976	-0.0004554952294684167	0.0003598853100856836	-0.003902041646038912	0.0014652547667892701	-0.0001978503371782292	0.002562854399998482
-0.0007166861710106165	0.0007333598066596725	0.00023100816566445914	0.00048470410920087303	-0.0028410818535618	0.0014028453672316754	-1.0622138505889112e-05	0.002125988603095985
0.000656320619254247	0.00023408461019980287	-0.00033067643035322725	0.0006095229083160625	-0.003028310052234584	0.0009659795703291785	-1.0622138505889112e-05	0.001501894607520704
-0.0006542767714527997	-7.796238758750462e-05	-0.0007675422272555021	0.0004222947096432783	-0.002591444255332087	0.0011532077690017406	-7.303153806259566e-05	0.0010026194110608344
0.0005939112196966523	0.0002964940097573976	-1.8629432565919757e-05	0.00048470410920087303	-0.001780122061084466	0.0005291137734269036	0.0003638342588394572	0.0013770758084064028
-0.00046704857278045964	0.00010926581108483546	-1.8629432565919757e-05	0.0003598853100856836	-0.0011560280655096289	-0.00034461782037831235	-0.0001978503371782292	0.00031611601592884675
0.0005315018201390576	-0.0002651905862602888	0.0007926927616817014	0.00048470410920087303	-0.0005943434694923866	-0.0009063024163955546	5.17872610521497e-05	0.0005033442146007427
0.0005315018201390576	-1.5552988029909898e-05	0.00029341756522205387	0.00048470410920087303	-0.0012184374650672236	-0.0009063024163955546	-0.00013544093762063447	0.0005657536141583375
-0.0005294579723380544	0.0002964940097573976	0.001104739759469231	0.0005471135087580237	0.0004042069234275747	-0.0006566648181658419	0.00030142485928186247	0.0005657536141583375
0.0004066830210247563	0.00017167521064220814	0.0008551021612388521	0.00023506651097049414	0.000341797523870202	-0.0026537656040050983	-0.00032266913629297456	-0.0008696625756632326
-0.0005294579723380544	-0.00014037178714509935	0.0007926927616817014	0.0005471135087580237	0.0014027573163470919	-0.002092081007987412	0.00011419666060930034	-0.0015561659707961084
0.0007811394183689924	-1.5552988029909898e-05	0.0014791961568141332	0.0007343417074305858	0.0025261265083822426	-0.0024665374053327582	-0.00032266913629297456	-0.002242669365928096
-0.0008415049701258059	0.00010926581108483546	0.0012295585585839763	0.00011024771185619286	0.0022764889101518637	-0.0032778595995794912	-1.0622138505889112e-05	-0.002055441167255978
0.000656320619254247	-0.00039000938537459007	0.0007302833621245508	0.0005471135087580237	0.0029629923052842955	-0.0030282220013502226	0.00011419666060930034	-0.0019930317676983833
-0.0005294579723380544	4.685641152768483e-05	0.0009175115607964468	0.0006719323078736572	0.002401307709267053	-0.0030906314009075952	0.00011419666060930034	-0.0019306223681407886
-0.000591867371895205	-0.0009516939813922765	-1.8629432565919757e-05	0.0003598853100856836	0.001777213713691994	-0.0017800340102003265	-1.0622138505889112e-05	-0.0016185753703537031
0.0007187300188118417	-0.0004524187849326289	0.0004806457638941719	0.0006095229083160625	0.0023388983097099025	-0.0017800340102003265	-1.0622138505889112e-05	-0.0018682129685831939
-0.000404639173223309	-0.00020278118670269407	0.0008551021612388521	0.0006719323078736572	0.0019020325128071836	-0.001655215211085137	0.00023901545972471183	-0.0010568907743360167
0.00046909242058146283	-0.0007020563831627857	0.00029341756522205387	0.00048470410920087303	0.0010907103185595624	-0.0012807588137400128	-0.0001978503371782292	-0.0006200249774335198
-0.000591867371895205	0.00023408461019980287	0.001541605556371728	0.00048470410920087303	0.001964441912364334	-0.0014055776128554243	5.17872610521497e-05	-0.0005576155778759251
0.0005939112196966523	0.00042131280887214295	0.0016040149559293226	0.0006095229083160625	0.0009034821198870002	-0.001031121215510744	-0.00013544093762063447	-0.000370387379203585
-0.0007166861710106165	0.00017167521064220814	0.0014791961568141332	0.0005471135087580237	0.0009034821198870002	-0.001467987012412797	-0.00013544093762063447	-0.00018315918053124491
0.0005315018201390576	0.0011702256035621694	0.0018536525541588134	0.0007967511069881805	0.0004042069234275747	-0.0007190742177232146	0.0003638342588394572	0.0009402100115039058
0.0005315018201390576	-7.796238758750462e-05	0.0004806457638941719	0.00029747591052808886	-0.0008439810677220994	0.0003418855747541194	-0.0001978503371782292	0.0003785254154864415
-0.0007166861710106165	0.0006085410075449271	0.0005430551634517666	0.0004222947096432783	-0.0008439810677220994	0.0007163419720996878	-7.303153806259566e-05	0.0008153912123882723
0.000656320619254247	-1.5552988029909898e-05	-0.0002682670307956325	0.0006719323078736572	-0.002154578458429368	0.0018397111641341723	5.17872610521497e-05	0.001314666408848364
-0.0006542767714527997	-0.0005148281844900016	-0.0006427234281407568	0.0004222947096432783	-0.0028410818535618	0.0036495837513013107	-1.0622138505889112e-05	0.002562854399998482
0.0005939112196966523	0.0008581786057744178	-1.8629432565919757e-05	0.0006719323078736572	-0.003652404047809199	0.003337536753513781	0.0005510624575117973	0.004310317587608026
-0.00021741097455052483	0.0011078162040047967	0.0004182363643367992	0.00092156990610337	-0.00552468603453371	0.004211268347318553	-0.0005098973349653146	0.0035614047929184434
0.00021945482235219416	0.0005461316079873324	-1.8629432565919757e-05	0.0005471135087580237	-0.00533745783586137	0.003836811949973651	0.0001766060601671171	0.004809592784067895
-0.00046704857278045964	0.0024184135947116214	0.0004806457638941719	0.0005471135087580237	-0.006772874025683606	0.004273677746876592	-0.00013544093762063447	0.004934411583182863
-0.00046704857278045964	0.0019815477978093465	0.0009175115607964468	0.0007343417074305858	-0.006211189429666586	0.0055218657380256	0.00023901545972471183	0.005683324377872889
0.0005939112196966523	0.0020439571973669413	0.0003558269647787604	0.0005471135087580237	-0.007459377420816038	0.004523315345106083	-1.0622138505889112e-05	0.005246458580970392
-0.0007790955705677671	0.0009205880053320126	-0.0012668174237151497	0.00029747591052808886	-0.008894793610638052	0.005771503336255979	-0.0001978503371782292	0.005808143176988079
0.000656320619254247	0.0007333598066596725	-0.0013916362228307833	0.0006095229083160625	-0.009082021809310836	0.007144510126520398	5.17872610521497e-05	0.006369827773004877
-0.0007790955705677671	0.0007333598066596725	-0.0015164550219455286	0.00029747591052808886	-0.010267800400902916	0.007768604122095679	-7.303153806259566e-05	0.007181149967252276
0.0005939112196966523	0.00017167521064220814	-0.00270223361353783	0.00048470410920087303	-0.011640807191168001	0.010264980104394805	0.0003638342588394572	0.008429337958402394
-0.00046704857278045964	0.0011702256035621694	-0.0017036832206178687	0.00011024771185619286	-0.014262001972582095	0.01007775190572291	-0.0004474879354077199	0.008429337958402394
0.0004066830210247563	0.0009829974048896073	-0.0018285020197330581	0.0004222947096432783	-0.01494850536771497	0.011013892899084832	0.00011419666060930034	0.009927163547781559
0.0005315018201390576	0.0022311853960392813	-0.0013292268232731885	0.00048470410920087303	-0.015697418162404553	0.010764255300854897	-0.00013544093762063447	0.010176801146011938
-0.0005294579723380544	0.002543232393826811	-0.0007675422272555021	0.0005471135087580237	-0.016134283959306828	0.011201121097757394	0.00011419666060930034	0.010863304541143926
0.0004066830210247563	0.0017319101995794117	-0.0022029584170779604	0.0001726571114137876	-0.017070424952669194	0.010826664700412492	-0.0003850785358505693	0.010301619945126683
-0.0006542767714527997	0.0022311853960392813	-0.001641273821060274	0.00048470410920087303	-0.016196693358864422	0.01151316809554448	-1.0622138505889112e-05	0.010863304541143926
0.0009059582174846259	0.0020439571973669413	-0.0017660926201752414	0.0008591605065462193	-0.016383921557536985	0.012199671490677355	-0.00032266913629297456	0.010051982346896748
-0.0009039143696825125	0.0007333598066596725	-0.00395042160468706	0.00011024771185619286	-0.0173824719504565	0.012761356086694375	-0.0001978503371782292	0.009927163547781559
0.0005315018201390576	0.0008581786057744178	-0.003575965207342824	0.0006095229083160625	-0.018006565946031783	0.013884725278729304	0.00011419666060930034	0.01067607634247203
-0.000591867371895205	0.0008581786057744178	-0.004387287401590001	0.0005471135087580237	-0.01831861294381887	0.014134362876959239	-1.0622138505889112e-05	0.01048884814379969
-0.0007790955705677671	0.0011702256035621694	-0.003263918209554628	0.00029747591052808886	-0.018256203544261274	0.013884725278729304	-0.0001978503371782292	0.01048884814379969
0.0005939112196966523	0.0014822726013492549	-0.0030142806113251375	0.0006095229083160625	-0.018505841142491652	0.013697497080056964	-1.0622138505889112e-05	0.01073848574202918
-0.000404639173223309	0.001919138398252196	-0.00270223361353783	0.0006719323078736572	-0.017320062550899795	0.013447859481826807	0.00023901545972471183	0.010988123340259559
0.0004066830210247563	0.001919138398252196	-0.0022029584170779604	0.00023506651097049414	-0.01750729074957169	0.012199671490677355	-0.00032266913629297456	0.010301619945126683
-0.000591867371895205	0.0017319101995794117	-0.0023901866157498564	0.0005471135087580237	-0.017195243751784384	0.012324490289792545	-0.00013544093762063447	0.009552707150436879
0.0005939112196966523	0.0014198632017921042	-0.003139099410440327	0.00048470410920087303	-0.016009465160192526	0.012698946687137225	0.00023901545972471183	0.009490297750879506
-0.00046704857278045964	0.0014198632017921042	-0.0022029584170779604	0.00023506651097049414	-0.01713283435222679	0.012012443292004571	-0.00032266913629297456	0.008554156757516695
0.0005315018201390576	0.0002964940097573976	-0.004075240403802249	0.0005471135087580237	-0.01644633095709458	0.012886174885809343	5.17872610521497e-05	0.00899102255442008
0.000843548817926365	0.0007957692062172672	-0.0030142806113251375	0.0008591605065462193	-0.01644633095709458	0.013884725278729304	0.00023901545972471183	0.009178250753091977
-0.0008415049701258059	-1.5552988029909898e-05	-0.0042624686024748115	0.00011024771185619286	-0.01763210954868688	0.013385450082269212	-0.00032266913629297456	0.008928613154862486
0.0007187300188118417	0.0011078162040047967	-0.0034511464082271903	0.0005471135087580237	-0.016758377954881665	0.013947134678286899	0.00011419666060930034	0.009427888351322355
-0.000591867371895205	0.0017319101995794117	-0.0023901866157498564	0.0005471135087580237	-0.017195243751784384	0.014758456872534076	0.00011419666060930034	0.010114391746454343
0.0005939112196966523	0.0015446820009068496	-0.0029518712117675427	0.0005471135087580237	-0.01781933774735922	0.014446409874746546	-0.00013544093762063447	0.009677525949552068
-0.0007166861710106165	0.001919138398252196	-0.0027646430130952027	0.00029747591052808886	-0.016820787354439704	0.013447859481826807	-0.0001978503371782292	0.009178250753091977
0.0005939112196966523	0.002106366596924536	-0.0022029584170779604	0.0006095229083160625	-0.015635008762846958	0.013198221883597316	0.00023901545972471183	0.009115841353534382
-0.00046704857278045964	0.0016070914004648884	-0.0026398242139802353	0.00048470410920087303	-0.01494850536771497	0.012324490289792545	-1.0622138505889112e-05	0.008117290960614865
-0.0005294579723380544	0.0015446820009068496	-0.0023277772161927057	0.00048470410920087303	-0.014574048970369402	0.012386899689349251	-1.0622138505889112e-05	0.00817970036017246
0.0005939112196966523	0.0008581786057744178	-0.003513555807785229	0.00048470410920087303	-0.014698867769484814	0.011762805693774414	-0.0001978503371782292	0.007805243962827557
-0.000404639173223309	0.0013574538022345095	-0.002452596015307895	0.0006719323078736572	-0.013388270378777323	0.01226208089023495	0.00030142485928186247	0.007930062761942303
0.0007187300188118417	0.00104540680444698	-0.00251500541486549	0.0005471135087580237	-0.014074773773909754	0.011887624492889604	5.17872610521497e-05	0.007867653362384708
-0.0006542767714527997	0.0007957692062172672	-0.003575965207342824	0.0004222947096432783	-0.014386820771697284	0.011950033892447198	5.17872610521497e-05	0.007930062761942303
0.000656320619254247	0.0011078162040047967	-0.0025774148144226405	0.0006719323078736572	-0.015385371164616801	0.012761356086694375	-0.00032266913629297456	0.00805488156105727
-0.0008415049701258059	0.0009829974048896073	-0.002889461812209948	0.0008591605065462193	-0.014823686568600003	0.013385450082269212	0.00030142485928186247	0.00861656615707429
0.000843548817926365	0.0012326350031197641	-0.0026398242139802353	0.00023506651097049414	-0.015198142965944461	0.013260631283154467	-0.0001978503371782292	0.00817970036017246
0.0005315018201390576	0.0011702256035621694	-0.00270223361353783	0.0003598853100856836	-0.015822236961519742	0.013010993684924532	-0.00026025973673537983	0.007992472161499897
-0.0007166861710106165	0.0012950444026773589	-0.0032015088099979216	0.0003598853100856836	-0.015135733566386866	0.012761356086694375	-0.00013544093762063447	0.007930062761942303
0.0007811394183689924	0.0018567289986946012	-0.0018285020197330581	0.0008591605065462193	-0.013762726776122447	0.012636537287579186	0.0003638342588394572	0.007555606364597178
-0.0006542767714527997	0.0009829974048896073	-0.0028270524126523533	0.00029747591052808886	-0.014698867769484814	0.011762805693774414	-0.0001978503371782292	0.006806693569907596
0.0005315018201390576	0.0008581786057744178	-0.0036383746068999745	0.0003598853100856836	-0.01494850536771497	0.011325939896872583	0.00011419666060930034	0.007368378165924838
-0.000591867371895205	0.0011078162040047967	-0.0025774148144226405	0.00048470410920087303	-0.016259102758421795	0.013010993684924532	-0.0001978503371782292	0.007430787565482433
0.00046909242058146283	0.00035890340931454823	-0.0034511464082271903	0.0003598853100856836	-0.015635008762846958	0.013323040682712062	5.17872610521497e-05	0.007618015764155217
-0.0006542767714527997	0.0005461316079873324	-0.003076690010882732	0.0003598853100856836	-0.015635008762846958	0.013572678280941775	-0.00026025973673537983	0.0073059687663676876
-0.0003422297736657143	0.00104540680444698	-0.0028270524126523533	0.0008591605065462193	-0.015010914767272565	0.014134362876959239	0.0004886530579542026	0.00805488156105727
0.00046909242058146283	0.0006085410075449271	-0.003575965207342824	0.0003598853100856836	-0.015135733566386866	0.013010993684924532	-0.00026025973673537983	0.0068691029694647465
-0.0007166861710106165	0.0012950444026773589	-0.00251500541486549	0.00029747591052808886	-0.014823686568600003	0.012698946687137225	-0.0001978503371782292	0.0068691029694647465
0.000843548817926365	0.0014822726013492549	-0.0023901866157498564	0.0008591605065462193	-0.014199592573024944	0.012324490289792545	0.00030142485928186247	0.006057780775217569
-0.0007790955705677671	0.0012326350031197641	-0.00270223361353783	0.00023506651097049414	-0.013325860979220172	0.010764255300854897	-0.00013544093762063447	0.005558505578757478
0.0005939112196966523	0.0016070914004648884	-0.0018909114192904308	0.00048470410920087303	-0.012202491787185243	0.01007775190572291	0.00030142485928186247	0.006057780775217569
-0.000404639173223309	0.0012950444026773589	-0.0023901866157498564	4.783831229859814e-05	-0.0124521293854154	0.008704745115457602	-0.0005723067345229094	0.004684773984952706
0.0001570454227943774	0.0005461316079873324	-0.0022029584170779604	0.0006095229083160625	-0.011952854188955309	0.010639436501740152	0.0001766060601671171	0.005870552576544785
0.0005939112196966523	-0.00014037178714509935	-0.0037007840064575692	0.0005471135087580237	-0.01263935758408774	0.010264980104394805	-7.303153806259566e-05	0.0056209149783155166
-0.0003422297736657143	0.0002964940097573976	-0.0030142806113251375	0.0007343417074305858	-0.011828035389840563	0.011450758695987329	0.00030142485928186247	0.005995371375659975
0.0004066830210247563	-7.796238758750462e-05	-0.002889461812209948	0.00023506651097049414	-0.012826585782760525	0.011325939896872583	-0.00026025973673537983	0.005433686779642732
-0.000591867371895205	0.00048372220843018177	-0.0030142806113251375	0.00048470410920087303	-0.012140082387627649	0.010701845901297302	-7.303153806259566e-05	0.004934411583182863
0.000656320619254247	0.0009205880053320126	-0.0017660926201752414	0.0006719323078736572	-0.01014298160178817	0.009703295508377341	-0.0001978503371782292	0.004185498788492836
-0.0007790955705677671	0.0012326350031197641	-0.0010795892250428096	0.00023506651097049414	-0.00833310901462081	0.006520416130945783	5.17872610521497e-05	0.0037486329915903394
0.0007187300188118417	0.0014198632017921042	-0.001204408024157999	0.0006095229083160625	-0.00696010222435639	0.005833912735813351	0.00011419666060930034	0.0034989953933608486
-0.000591867371895205	0.0018567289986946012	-0.00039308582991082197	0.0004222947096432783	-0.007459377420816038	0.00502259054156573	-0.00013544093762063447	0.0029373107973436063
-0.0007166861710106165	0.0007957692062172672	-0.0014540456223879339	0.0004222947096432783	-0.007272149222143698	0.004772952943336017	-7.303153806259566e-05	0.003249357795130692
0.0007811394183689924	0.0007333598066596725	-0.0010795892250428096	0.0007343417074305858	-0.007459377420816038	0.005896322135370946	0.0001766060601671171	0.0036862235920327446
-0.0007166861710106165	-0.00014037178714509935	-0.0020157302184056203	0.00023506651097049414	-0.010018162802673203	0.007768604122095679	-0.00026025973673537983	0.00449754578628081
0.000656320619254247	-1.5552988029909898e-05	-0.00251500541486549	0.0007343417074305858	-0.011578397791610406	0.0103273895039524	5.17872610521497e-05	0.007243559366809649
-0.0005294579723380544	0.0006709504071020778	-0.0017036832206178687	0.0006719323078736572	-0.012951404581874826	0.013010993684924532	-0.00026025973673537983	0.007742834563269518
0.00046909242058146283	0.0006085410075449271	-0.00251500541486549	0.0004222947096432783	-0.016009465160192526	0.015444960267666508	-1.0622138505889112e-05	0.00874138495618948
-0.0006542767714527997	0.0014198632017921042	-0.0025774148144226405	0.0006719323078736572	-0.016695968555324514	0.015694597865896442	-1.0622138505889112e-05	0.008803794355747074
0.0007187300188118417	0.00229359479559732	-0.0028270524126523533	0.0006095229083160625	-0.017070424952669194	0.015694597865896442	0.0001766060601671171	0.009490297750879506
0.0005315018201390576	0.0014822726013492549	-0.003513555807785229	0.0003598853100856836	-0.016945606153554005	0.014883275671649265	-0.00013544093762063447	0.008491747357959989
-0.0005294579723380544	0.0013574538022345095	-0.002889461812209948	0.00048470410920087303	-0.016571149756209325	0.015195322669436573	5.17872610521497e-05	0.00824210975972961
0.0007187300188118417	0.0005461316079873324	-0.0037007840064575692	0.0006719323078736572	-0.016820787354439704	0.014633638073418886	0.00011419666060930034	0.00824210975972961
-0.0009039143696825125	4.685641152768483e-05	-0.004449696801147152	0.0001726571114137876	-0.016758377954881665	0.014009544077844494	-0.00026025973673537983	0.008117290960614865
0.000656320619254247	0.00035890340931454823	-0.003263918209554628	0.0006095229083160625	-0.017070424952669194	0.014883275671649265	-0.0001978503371782292	0.008803794355747074
-0.0007166861710106165	-7.796238758750462e-05	-0.004137649803359844	0.0004222947096432783	-0.017756928347801404	0.016006644863684194	0.0001766060601671171	0.009178250753091977
0.0007187300188118417	0.0006085410075449271	-0.0034511464082271903	0.0004222947096432783	-0.01881788814027896	0.017379651653948835	-1.0622138505889112e-05	0.009552707150436879
-0.000591867371895205	0.00104540680444698	-0.0037007840064575692	0.00048470410920087303	-0.020128485530985785	0.017379651653948835	-0.00013544093762063447	0.009802344748667258
-0.0007166861710106165	0.001919138398252196	-0.003263918209554628	0.0004222947096432783	-0.019504391535411614	0.017379651653948835	-7.303153806259566e-05	0.009739935349109219
0.0005315018201390576	0.002106366596924536	-0.002889461812209948	0.00048470410920087303	-0.019754029133641327	0.017254832854833202	-0.00013544093762063447	0.009303069552207166
-0.000591867371895205	0.002106366596924536	-0.0037007840064575692	0.0006095229083160625	-0.0190051163389513	0.016381101261028874	0.00011419666060930034	0.009240660152649571
0.0005939112196966523	0.001669500800022039	-0.00376319340601472	0.00048470410920087303	-0.01781933774735922	0.014883275671649265	-7.303153806259566e-05	0.007992472161499897
-0.0006542767714527997	0.0011702256035621694	-0.0033887370086700397	0.0004222947096432783	-0.017320062550899795	0.014758456872534076	-0.00013544093762063447	0.007118740567695125
0.00046909242058146283	0.00010926581108483546	-0.004574515600262341	0.0003598853100856836	-0.01644633095709458	0.01363508768049937	-0.00013544093762063447	0.0073059687663676876
-0.0006542767714527997	0.00017167521064220814	-0.0038880122051299093	0.0006719323078736572	-0.016758377954881665	0.014259181676073984	0.0001766060601671171	0.007618015764155217
0.0007187300188118417	0.00017167521064220814	-0.004387287401590001	0.0001726571114137876	-0.0173824719504565	0.014009544077844494	-0.0001978503371782292	0.007618015764155217
0.0005939112196966523	0.0006709504071020778	-0.003326327609112667	0.0004222947096432783	-0.017070424952669194	0.01482086627209167	-0.00013544093762063447	0.007805243962827557
-0.0007166861710106165	0.0012326350031197641	-0.0032015088099979216	0.0004222947096432783	-0.018006565946031783	0.015320141468551762	-0.00013544093762063447	0.008429337958402394
0.0007187300188118417	0.0014822726013492549	-0.003263918209554628	0.0007343417074305858	-0.017195243751784384	0.015008094470764455	0.0001766060601671171	0.0083669285588448
-0.000591867371895205	0.0019815477978093465	-0.00251500541486549	0.0004222947096432783	-0.016134283959306828	0.014508819274304585	5.17872610521497e-05	0.006993921768579936
0.0005315018201390576	0.0014822726013492549	-0.003263918209554628	0.0003598853100856836	-0.016134283959306828	0.013073403084481683	0.0003638342588394572	0.0068691029694647465
-0.0003422297736657143	0.0013574538022345095	-0.0030142806113251375	0.0007967511069881805	-0.013450679778334917	0.009765704907934936	-0.0003850785358505693	0.0049968209827404575
0.00034427362146671747	0.0005461316079873324	-0.0030142806113251375	0.0006719323078736572	-0.012576948184529702	0.00995293310660772	0.00023901545972471183	0.005683324377872889
-0.000404639173223309	0.0005461316079873324	-0.003513555807785229	0.0003598853100856836	-0.012701766983645335	0.008392698117670072	-0.0003850785358505693	0.004872002183625268
-0.00046704857278045964	0.0002964940097573976	-0.0017036832206178687	0.0006095229083160625	-0.011952854188955309	0.009765704907934936	0.00023901545972471183	0.005808143176988079
0.0005939112196966523	-7.796238758750462e-05	-0.0023277772161927057	0.0004222947096432783	-0.013325860979220172	0.009828114307492974	-7.303153806259566e-05	0.006057780775217569
-0.000591867371895205	0.0006709504071020778	-0.0023901866157498564	0.00048470410920087303	-0.013700317376565296	0.011138711698200021	-7.303153806259566e-05	0.007118740567695125
0.0007187300188118417	0.0012326350031197641	-0.0015788644215026792	0.0006719323078736572	-0.015073324166829272	0.013198221883597316	0.00011419666060930034	0.008554156757516695
-0.0007790955705677671	0.00104540680444698	-0.0026398242139802353	0.0003598853100856836	-0.016945606153554005	0.014384000475189396	-0.0001978503371782292	0.008304519159287205
0.0005315018201390576	0.00104540680444698	-0.003139099410440327	0.0004222947096432783	-0.016071874559749233	0.015008094470764455	0.00011419666060930034	0.00824210975972961
-0.000591867371895205	0.0017319101995794117	-0.0026398242139802353	0.0006719323078736572	-0.015260552365502056	0.014071953477401644	0.0001766060601671171	0.007555606364597178
0.000843548817926365	0.0011078162040047967	-0.0033887370086700397	0.00023506651097049414	-0.014199592573024944	0.012324490289792545	-0.00026025973673537983	0.006182599574332759
0.0007811394183689924	0.0012326350031197641	-0.002078139617962771	0.0007967511069881805	-0.013388270378777323	0.011950033892447198	0.0001766060601671171	0.006182599574332759
-0.0005294579723380544	0.0007957692062172672	-0.00251500541486549	0.0006095229083160625	-0.012951404581874826	0.010514617702624962	0.00030142485928186247	0.006182599574332759
0.0005315018201390576	0.0007957692062172672	-0.0021405490175203656	0.00048470410920087303	-0.012826585782760525	0.009391248510590033	-7.303153806259566e-05	0.005496096179199883
-0.0007166861710106165	0.0006709504071020778	-0.0015164550219455286	0.00048470410920087303	-0.013263451579662577	0.01007775190572291	-0.00013544093762063447	0.006494646572120066
0.000656320619254247	0.00048372220843018177	-0.002265367816635111	0.0005471135087580237	-0.013762726776122447	0.01001534250616487	0.00023901545972471183	0.007243559366809649
-0.00046704857278045964	0.0008581786057744178	-0.0017660926201752414	0.0005471135087580237	-0.015822236961519742	0.012698946687137225	-0.0001978503371782292	0.007555606364597178
0.0005315018201390576	0.0006709504071020778	-0.002078139617962771	0.00048470410920087303	-0.01663355915576692	0.013884725278729304	-7.303153806259566e-05	0.008304519159287205
-0.0006542767714527997	0.0007957692062172672	-0.002265367816635111	0.0007343417074305858	-0.016009465160192526	0.01419677227651639	0.0001766060601671171	0.00805488156105727
-0.0007790955705677671	0.0009829974048896073	-0.0025774148144226405	0.0001726571114137876	-0.016508740356652174	0.013385450082269212	-0.0001978503371782292	0.0073059687663676876
0.0005939112196966523	0.0011702256035621694	-0.0027646430130952027	0.0006719323078736572	-0.015260552365502056	0.012386899689349251	-1.0622138505889112e-05	0.006931512369022341
-0.000404639173223309	0.0017319101995794117	-0.0014540456223879339	0.0007967511069881805	-0.013263451579662577	0.011325939896872583	0.0003638342588394572	0.006432237172562694
0.00034427362146671747	0.0006709504071020778	-0.002078139617962771	0.0001726571114137876	-0.014262001972582095	0.009578476709262818	-0.0003850785358505693	0.0056209149783155166
-0.0006542767714527997	0.0008581786057744178	-0.0020157302184056203	0.0004222947096432783	-0.013388270378777323	0.008829563914572791	-0.0001978503371782292	0.005433686779642732
0.00046909242058146283	0.0007333598066596725	-0.0015788644215026792	0.00048470410920087303	-0.013762726776122447	0.009640886108820412	5.17872610521497e-05	0.006245008973890354
-0.0005294579723380544	0.00048372220843018177	-0.0015788644215026792	0.0006095229083160625	-0.014386820771697284	0.0103273895039524	0.00011419666060930034	0.006369827773004877
0.000656320619254247	0.00023408461019980287	-0.0022029584170779604	0.0001726571114137876	-0.015385371164616801	0.011762805693774414	-0.0003850785358505693	0.006806693569907596
0.0009683676170415545	0.0007957692062172672	-0.0021405490175203656	0.0009839793056609647	-0.016134283959306828	0.013697497080056964	0.00042624365839660783	0.00805488156105727
-0.0009039143696825125	0.0002964940097573976	-0.0033887370086700397	-1.457108725877454e-05	-0.017195243751784384	0.013510268881384402	-0.0003850785358505693	0.007493196965040028
0.0007811394183689924	0.0015446820009068496	-0.0021405490175203656	0.0006719323078736572	-0.016383921557536985	0.013822315879172153	0.0001766060601671171	0.007618015764155217
-0.0007790955705677671	0.0009829974048896073	-0.0027646430130952027	0.00023506651097049414	-0.016383921557536985	0.012886174885809343	-0.00013544093762063447	0.005995371375659975
0.00046909242058146283	0.0011078162040047967	-0.0030142806113251375	0.00029747591052808886	-0.01494850536771497	0.011076302298641982	0.00042624365839660783	0.006307418373447948
-0.00046704857278045964	0.0017943195991372285	-0.0014540456223879339	0.0008591605065462193	-0.014137183173466905	0.009391248510590033	-0.00026025973673537983	0.005496096179199883
0.00046909242058146283	0.00048372220843018177	-0.00270223361353783	0.0004222947096432783	-0.01313863278054761	0.00920402031191725	5.17872610521497e-05	0.005683324377872889
-0.000591867371895205	0.00048372220843018177	-0.0023901866157498564	0.0005471135087580237	-0.013825136175680042	0.01020257070483721	-0.00013544093762063447	0.00574573377743004
-0.00046704857278045964	-0.00020278118670269407	-0.0030142806113251375	0.0006095229083160625	-0.014386820771697284	0.011263530497314989	0.0001766060601671171	0.006806693569907596
0.00046909242058146283	-0.0005148281844900016	-0.003326327609112667	0.00029747591052808886	-0.015510189963732435	0.012199671490677355	-0.0001978503371782292	0.006993921768579936
-0.0005294579723380544	0.0005461316079873324	-0.0025774148144226405	0.0006719323078736572	-0.016695968555324514	0.014758456872534076	0.0001766060601671171	0.008678975556632329
0.0007811394183689924	0.0007333598066596725	-0.003076690010882732	0.0006719323078736572	-0.018131384745146528	0.015694597865896442	0.0001766060601671171	0.009303069552207166
-0.0009039143696825125	0.0009205880053320126	-0.0029518712117675427	0.00011024771185619286	-0.018630659941606398	0.015819416665011632	-0.00013544093762063447	0.009115841353534382
0.0005939112196966523	0.0017319101995794117	-0.0021405490175203656	0.0003598853100856836	-0.017569700149129286	0.015569779066781253	5.17872610521497e-05	0.009240660152649571
-0.0006542767714527997	0.001919138398252196	-0.0025774148144226405	0.0006095229083160625	-0.015947055760634488	0.013759906479614115	5.17872610521497e-05	0.00805488156105727
0.000656320619254247	0.0019815477978093465	-0.0023277772161927057	0.00048470410920087303	-0.015572599363289363	0.012761356086694375	5.17872610521497e-05	0.0073059687663676876
0.0005939112196966523	0.0007957692062172672	-0.003263918209554628	0.0005471135087580237	-0.015010914767272565	0.011450758695987329	-1.0622138505889112e-05	0.0066818747707928505
-0.000591867371895205	0.0006085410075449271	-0.00251500541486549	0.0006095229083160625	-0.013513089177892512	0.011263530497314989	0.0001766060601671171	0.006494646572120066
0.0005939112196966523	-0.00014037178714509935	-0.00270223361353783	0.0003598853100856836	-0.013949954974794787	0.010889074099969642	-0.0001978503371782292	0.005995371375659975
-0.000591867371895205	4.685641152768483e-05	-0.0027646430130952027	0.0006095229083160625	-0.013076223380989793	0.011013892899084832	0.00011419666060930034	0.006245008973890354
0.0005939112196966523	0.00035890340931454823	-0.0021405490175203656	0.00048470410920087303	-0.01313863278054761	0.011201121097757394	0.00023901545972471183	0.007493196965040028
-0.0005294579723380544	0.0011702256035621694	-0.0013916362228307833	0.0006719323078736572	-0.014449230171254879	0.01151316809554448	-7.303153806259566e-05	0.007243559366809649
0.0005939112196966523	0.0012950444026773589	-0.0018909114192904308	0.0005471135087580237	-0.013949954974794787	0.011700396294217263	-7.303153806259566e-05	0.007493196965040028
-0.000591867371895205	0.0021687759964821307	-0.0013916362228307833	0.0006719323078736572	-0.013700317376565296	0.011201121097757394	0.0001766060601671171	0.006993921768579936
-0.0007166861710106165	0.0011702256035621694	-0.002265367816635111	0.0003598853100856836	-0.012951404581874826	0.009828114307492974	-0.00013544093762063447	0.00593296197610238
0.00046909242058146283	0.0008581786057744178	-0.002078139617962771	0.0003598853100856836	-0.011640807191168001	0.008704745115457602	-0.00026025973673537983	0.004747183384510301
-0.0005294579723380544	0.00035890340931454823	-0.0018285020197330581	0.0006719323078736572	-0.010579847398690445	0.008642335715900451	0.0001766060601671171	0.004809592784067895
0.0005315018201390576	-0.00014037178714509935	-0.002452596015307895	0.00048470410920087303	-0.010080572202230575	0.006957281927848502	-1.0622138505889112e-05	0.003811042391147934
-0.0006542767714527997	-7.796238758750462e-05	-0.0015788644215026792	0.0004222947096432783	-0.009768525204443268	0.007206919526077993	-0.00013544093762063447	0.004060679989377869
0.0005939112196966523	-0.0002651905862602888	-0.0017660926201752414	0.00048470410920087303	-0.009331659407540993	0.007206919526077993	0.00023901545972471183	0.0045599551858379606
-0.00046704857278045964	0.0002964940097573976	-0.0012668174237151497	0.0003598853100856836	-0.01020539100134532	0.007144510126520398	-0.0001978503371782292	0.004372726987165176
0.00046909242058146283	0.00035890340931454823	-0.0009547704259278422	0.0006095229083160625	-0.010767075597362785	0.007831013521653274	5.17872610521497e-05	0.005371277380085138
0.000656320619254247	0.00104540680444698	-0.0010795892250428096	0.0006095229083160625	-0.011079122595150537	0.008205469918997288	-1.0622138505889112e-05	0.005371277380085138
-0.0008415049701258059	0.00104540680444698	-0.0013292268232731885	0.00023506651097049414	-0.011765625990282969	0.00826787931855577	-0.0001978503371782292	0.005308867980527987
0.00046909242058146283	0.00042131280887214295	-0.0018285020197330581	0.00029747591052808886	-0.012327310586299989	0.008392698117670072	-0.00026025973673537983	0.004934411583182863
-0.0006542767714527997	0.0008581786057744178	-0.001641273821060274	0.0005471135087580237	-0.011515988392052812	0.008642335715900451	-1.0622138505889112e-05	0.0049968209827404575
0.0009059582174846259	0.0006709504071020778	-0.0012668174237151497	0.0008591605065462193	-0.011203941394265282	0.008392698117670072	-0.0001978503371782292	0.004185498788492836
-0.0007166861710106165	-0.00020278118670269407	-0.002078139617962771	0.00023506651097049414	-0.011328760193380472	0.007206919526077993	-0.0001978503371782292	0.003998270589820718
0.00046909242058146283	4.685641152768483e-05	-0.0018285020197330581	0.0005471135087580237	-0.011765625990282969	0.008330288718112921	5.17872610521497e-05	0.005121639781855647
-0.0005294579723380544	0.00035890340931454823	-0.0013292268232731885	0.0006095229083160625	-0.012576948184529702	0.008767154515015196	5.17872610521497e-05	0.005808143176988079
-0.0007166861710106165	0.0009205880053320126	-0.001204408024157999	0.00029747591052808886	-0.013325860979220172	0.009391248510590033	-0.00013544093762063447	0.006369827773004877
0.0007187300188118417	0.0014822726013492549	-0.0009547704259278422	0.0006095229083160625	-0.014511639570812473	0.010701845901297302	5.17872610521497e-05	0.007493196965040028
-0.0005294579723380544	0.0012950444026773589	-0.001204408024157999	0.0006095229083160625	-0.015010914767272565	0.011450758695987329	0.00011419666060930034	0.008117290960614865
0.00046909242058146283	0.0013574538022345095	-0.0014540456223879339	0.0003598853100856836	-0.015572599363289363	0.011138711698200021	-0.0001978503371782292	0.007992472161499897
-0.000591867371895205	0.0014198632017921042	-0.0013916362228307833	0.0003598853100856836	-0.015884646361076893	0.01151316809554448	5.17872610521497e-05	0.007680425163712368
0.0007187300188118417	0.0011702256035621694	-0.0017036832206178687	0.0005471135087580237	-0.014574048970369402	0.010889074099969642	0.0001766060601671171	0.007430787565482433
-0.000591867371895205	0.0011702256035621694	-0.001204408024157999	0.0004222947096432783	-0.014823686568600003	0.01007775190572291	-7.303153806259566e-05	0.0066818747707928505
0.000656320619254247	0.0009205880053320126	-0.0010795892250428096	0.0007343417074305858	-0.013825136175680042	0.01007775190572291	0.0001766060601671171	0.006806693569907596
0.000656320619254247	0.0012950444026773589	-0.000580314028582718	0.0005471135087580237	-0.013450679778334917	0.009453657910147628	-1.0622138505889112e-05	0.006369827773004877
-0.0005294579723380544	0.0014198632017921042	-0.0006427234281407568	0.00048470410920087303	-0.013762726776122447	0.00995293310660772	0.00011419666060930034	0.007056331168137087
0.0005315018201390576	0.0012326350031197641	-0.001017179825485437	0.0003598853100856836	-0.014449230171254879	0.010140161305280504	-0.00026025973673537983	0.007118740567695125
-0.000404639173223309	0.001919138398252196	-0.0005179046290260114	0.0007967511069881805	-0.014574048970369402	0.011575577495102074	0.00023901545972471183	0.008803794355747074
0.0005315018201390576	0.0013574538022345095	-0.001204408024157999	0.0006095229083160625	-0.016571149756209325	0.012761356086694375	-0.00013544093762063447	0.009490297750879506
-0.0006542767714527997	0.0013574538022345095	-0.001641273821060274	0.0003598853100856836	-0.018068975345589378	0.013884725278729304	-1.0622138505889112e-05	0.009802344748667258
0.000656320619254247	0.0014822726013492549	-0.0022029584170779604	0.00029747591052808886	-0.018443431742934058	0.015382550868109357	-7.303153806259566e-05	0.009802344748667258
-0.0007166861710106165	0.0005461316079873324	-0.0028270524126523533	0.00048470410920087303	-0.018256203544261274	0.01482086627209167	5.17872610521497e-05	0.009615116549994474
-0.00046704857278045964	0.0009829974048896073	-0.0021405490175203656	0.0005471135087580237	-0.018193794144704567	0.0151329132698792	0.0001766060601671171	0.009615116549994474
0.0005939112196966523	0.00048372220843018177	-0.0018285020197330581	0.00048470410920087303	-0.018505841142491652	0.0151329132698792	-0.00013544093762063447	0.009240660152649571
-0.0005294579723380544	0.0022311853960392813	-0.0015788644215026792	0.00048470410920087303	-0.017944156546474188	0.013260631283154467	5.17872610521497e-05	0.009240660152649571
0.0005315018201390576	0.002106366596924536	-0.0005179046290260114	0.0005471135087580237	-0.017569700149129286	0.012948584285367382	-0.00013544093762063447	0.008803794355747074
-0.00046704857278045964	0.002917688791171713	-0.001017179825485437	0.0006095229083160625	-0.016571149756209325	0.011388349296429734	-1.0622138505889112e-05	0.007493196965040028
0.0005939112196966523	0.0024184135947116214	-0.0008923610263706916	0.00048470410920087303	-0.014511639570812473	0.010701845901297302	5.17872610521497e-05	0.004435136386723215
-0.0007166861710106165	0.0017943195991372285	-0.0013292268232731885	0.0007343417074305858	-0.013450679778334917	0.009765704907934936	0.0001766060601671171	0.00574573377743004
0.0007187300188118417	0.0013574538022345095	-0.0021405490175203656	0.00023506651097049414	-0.013325860979220172	0.01001534250616487	-0.0001978503371782292	0.0056209149783155166
0.0005315018201390576	-0.00014037178714509935	-0.0028270524126523533	0.0003598853100856836	-0.012389719985857583	0.007581375923422895	-0.00013544093762063447	0.004684773984952706
-0.000591867371895205	-0.0007020563831627857	-0.0015788644215026792	0.0005471135087580237	-0.011016713195592498	0.008018241720325392	-1.0622138505889112e-05	0.004435136386723215
0.0007187300188118417	-7.796238758750462e-05	-0.0010795892250428096	0.0007343417074305858	-0.00926925000798362	0.005709093936698162	0.0001766060601671171	0.003623814192476038
-0.0006542767714527997	0.0002964940097573976	4.377996699167497e-05	0.00048470410920087303	-0.0077714244186037895	0.003836811949973651	5.17872610521497e-05	0.001127438210176468
0.00046909242058146283	0.00017167521064220814	0.0006054645630093614	0.0004222947096432783	-0.006023961230993802	0.0026510333583813495	0.0005510624575117973	0.0005657536141583375
-0.00021741097455052483	0.00229359479559732	0.0014791961568141332	0.00092156990610337	-0.0025290348557744924	-0.0006566648181658419	-0.0004474879354077199	-0.0017433941694680044
0.00034427362146671747	0.00035890340931454823	0.0011671491590263816	0.0003598853100856836	-0.0004071152708204906	-0.0025913562044475036	-1.0622138505889112e-05	-0.0026171257632732203
-0.0006542767714527997	0.00104540680444698	0.0009799209603540415	0.0007343417074305858	0.0016523949145770267	-0.0027785844031198437	0.00011419666060930034	-0.00399013255353764
-0.00046704857278045964	-0.00014037178714509935	0.0009175115607964468	0.0006719323078736572	0.003524676901301982	-0.00352749719780987	0.00023901545972471183	-0.004863864147342856
0.000656320619254247	0.0002964940097573976	0.0009175115607964468	0.0006095229083160625	0.005022502490681591	-0.0062111013787822245	0.00011419666060930034	-0.0063616897367224645
-0.0006542767714527997	-0.00039000938537459007	0.0020408807528315975	0.00048470410920087303	0.006894784477406324	-0.006960014173471585	-1.0622138505889112e-05	-0.006985783732297524
0.0005315018201390576	0.00048372220843018177	0.0022281089515037156	0.0004222947096432783	0.008517428865901122	-0.01001807475178862	-0.00013544093762063447	-0.008670837520349695
-0.0006542767714527997	4.685641152768483e-05	0.003351478143538422	0.0004222947096432783	0.010264892053510666	-0.010829396946036018	-7.303153806259566e-05	-0.009357340915482348
0.0005939112196966523	4.685641152768483e-05	0.003226659344423677	0.0006095229083160625	0.013447771430942668	-0.013076135330105432	0.00030142485928186247	-0.00998143491105652
-0.000404639173223309	0.00017167521064220814	0.003913162739556109	0.0005471135087580237	0.014571140622977596	-0.013825048124795458	-7.303153806259566e-05	-0.01147926050043635
0.0005939112196966523	-0.001263740979179806	0.002540155949291689	0.00029747591052808886	0.016193785011471507	-0.01582214891063516	-0.00013544093762063447	-0.01266503909202843
0.000843548817926365	-0.0013261503787374007	0.003351478143538422	0.00092156990610337	0.01756679180173637	-0.01444914212037074	0.0003638342588394572	-0.012977086089815959
-0.0008415049701258059	-0.0012013315796222113	0.002352927750618905	0.0001726571114137876	0.017754020000409154	-0.0163838335066524	-0.00013544093762063447	-0.01391322708317877
0.0007187300188118417	-0.0010141033809498712	0.0028522029470785526	0.0006095229083160625	0.01850293279509918	-0.016446242906210218	5.17872610521497e-05	-0.014287683480523672
-0.0007790955705677671	-0.0013261503787374007	0.002977021746193742	0.0005471135087580237	0.018752570393329115	-0.01619660530797984	5.17872610521497e-05	-0.01360118008539124
0.0007187300188118417	-0.00039000938537459007	0.003164249944866082	0.0007343417074305858	0.01856534219465633	-0.01713274630134265	5.17872610521497e-05	-0.012977086089815959
-0.000591867371895205	-0.001263740979179806	0.0037259345408837685	0.00048470410920087303	0.017878838799524344	-0.01632142410709503	0.00011419666060930034	-0.01266503909202843
0.0007187300188118417	4.685641152768483e-05	0.004412437936015978	0.0006719323078736572	0.016942697806161977	-0.015510101912847407	0.00023901545972471183	-0.011666488699109134
-0.0005294579723380544	0.0005461316079873324	0.004911713132475626	0.0004222947096432783	0.015132825218994617	-0.015385283113732662	-0.0001978503371782292	-0.011167213502649265
-0.00046704857278045964	0.001669500800022039	0.00472448493380373	0.0006095229083160625	0.01382222782828757	-0.013575410526565523	0.00011419666060930034	-0.009482159714596872
0.0007187300188118417	0.0006085410075449271	0.003913162739556109	0.0007967511069881805	0.011825127042447425	-0.00970602775400109	0.00023901545972471183	-0.008046743524775302
-0.0007166861710106165	-7.796238758750462e-05	0.0014791961568141332	0.0003598853100856836	0.009765616857050796	-0.007771336367719206	-0.00013544093762063447	-0.007297830730084831
0.0005315018201390576	-0.0013885597782947734	-0.0007051328276979074	0.0004222947096432783	0.007456469073423566	-0.0042764099924994525	-0.00013544093762063447	-0.00399013255353764
-0.0005294579723380544	-0.0026367477694442254	-0.0019533208188480256	0.0006095229083160625	0.005459368287583866	-0.0002197990212631229	-1.0622138505889112e-05	-0.0025547163637160697
0.0005315018201390576	-0.0038849357605943435	-0.0036383746068999745	0.0005471135087580237	0.0007786633207722549	0.00414885894776118	5.17872610521497e-05	-0.0008696625756632326
-0.000591867371895205	-0.003822526361037193	-0.003139099410440327	0.0006095229083160625	-0.00046952467037719714	0.004273677746876592	-7.303153806259566e-05	-5.8340381416055465e-05
0.0005315018201390576	-0.0025743383698866307	0.0029146123466361473	0.0006719323078736572	0.0005290257225427641	0.004024040148645991	0.0001766060601671171	0.0005033442146007427
0.00034427362146671747	0.0028552793916141184	0.00472448493380373	0.0001726571114137876	0.0023388983097099025	-0.0015303964119703917	-0.0003850785358505693	-0.0010568907743360167
-0.0005294579723380544	0.005913339969930931	0.006846404518758176	0.0006095229083160625	0.005459368287583866	-0.004026772394269962	0.00011419666060930034	-0.0017433941694680044
0.0009059582174846259	0.0064126151663908	0.00740808911477564	0.00092156990610337	0.006707556278733984	-0.004401228791614642	0.00030142485928186247	-0.002866763361503155
-0.0009663237692405513	0.0057885211708161854	0.003913162739556109	0.00011024771185619286	0.005459368287583866	-0.005212550985862263	-0.00026025973673537983	-0.003490857357077992
0.000656320619254247	0.002917688791171713	0.001291967958141571	0.0005471135087580237	0.004211180296434414	-0.0013431682132978295	0.0003638342588394572	-0.0029915821606183446
-0.000404639173223309	4.685641152768483e-05	-0.0018909114192904308	0.0006719323078736572	0.0016523949145770267	0.0011532077690017406	-0.00013544093762063447	-0.0030539915601757173
0.0004066830210247563	-0.002948794767232199	-0.005261018995394773	0.0001726571114137876	0.0004666163229851694	0.002713442757938944	-0.0001978503371782292	-0.0014937565712385137
-0.0007166861710106165	-0.004696257954841965	-0.0021405490175203656	0.0006719323078736572	-0.00021988707214770642	0.0029006709566112843	0.00011419666060930034	0.0004409348150440362
-0.00046704857278045964	-0.0013885597782947734	0.002352927750618905	0.0006095229083160625	-0.0003447058712620077	0.001278026568116486	0.0001766060601671171	0.001938760404423645
0.0005939112196966523	0.00229359479559732	0.005598216527608502	0.0004222947096432783	-0.0009687998668372888	-0.002965812601792628	-7.303153806259566e-05	0.0025004450004408874
-0.0006542767714527997	0.004789970777896446	0.007283270315660451	0.0003598853100856836	-0.0017177126615273153	-0.004026772394269962	-0.00013544093762063447	0.0035614047929184434
0.0007811394183689924	0.005538883572586029	0.007283270315660451	0.00092156990610337	-0.002341806657101708	-0.002716175003562693	0.0003638342588394572	0.0021883980026531358
-0.0007790955705677671	0.004290695581436799	0.0034762969426536117	0.0001726571114137876	-0.004151679244269291	-0.0017176246106427318	-0.00026025973673537983	0.0014394852079639975
0.0005939112196966523	0.0016070914004648884	-0.0009547704259278422	0.0004222947096432783	-0.006897692824798796	0.007019691327405209	0.00011419666060930034	0.001501894607520704
-0.0005294579723380544	-0.0012013315796222113	-0.004948971997607243	0.0006095229083160625	-0.008083471416390875	0.009453657910147628	0.00011419666060930034	0.0015643040070782988
0.000656320619254247	-0.0032608417650195065	-0.007507757379464408	0.0004222947096432783	-0.008208290215506064	0.009703295508377341	0.00011419666060930034	0.0022508074022111746
0.0005315018201390576	-0.002511928970329924	-0.004449696801147152	0.00048470410920087303	-0.007521786820373189	0.00764378532298049	-0.0001978503371782292	0.0026876731991132274
-0.0005294579723380544	0.00010926581108483546	0.0010423303599116363	0.0006095229083160625	-0.005399867235418965	0.00483536234289339	0.00011419666060930034	0.0036862235920327446
0.0005939112196966523	0.0032297357889587985	0.005036531931590371	0.00048470410920087303	-0.0035899946482520484	-0.0009687118159531494	-1.0622138505889112e-05	0.0035614047929184434
-0.0007790955705677671	0.005289245974356538	0.007532907913890163	0.0003598853100856836	-0.0015304844628549752	-0.005025322787189923	-0.00026025973673537983	0.002375626201325476
0.0007187300188118417	0.0053516553739136885	0.007907364311235288	0.0006719323078736572	-9.506827303251697e-05	-0.006460738977011493	-0.00013544093762063447	0.0006905724132735269
-0.0006542767714527997	0.0036666015858617396	0.004849303732918031	0.00029747591052808886	0.00021697872475501256	-0.002965812601792628	0.00011419666060930034	-0.0010568907743360167
0.0007187300188118417	0.0006709504071020778	0.0009799209603540415	0.0005471135087580237	-0.0001574776725901117	0.000841160771213989	-1.0622138505889112e-05	-0.0019930317676983833
-0.000591867371895205	-0.0018254255751974924	-0.005261018995394773	0.0007343417074305858	-0.0009687998668372888	0.004211268347318553	0.00023901545972471183	-0.002242669365928096
-0.000591867371895205	-0.0030736135663467223	-0.005448247194066669	0.0004222947096432783	-0.002154578458429368	0.0055842751375831945	-1.0622138505889112e-05	-0.0013689377721235463
0.0005315018201390576	-0.0010141033809498712	-0.003076690010882732	0.0005471135087580237	-0.0026538536548892377	0.0055218657380256	-7.303153806259566e-05	-0.00012074978097365019
-0.00046704857278045964	0.001669500800022039	0.001291967958141571	0.0006095229083160625	-0.0018425314606420606	0.004211268347318553	0.0001766060601671171	0.0018139416053084556
0.0004066830210247563	0.004415514380551766	0.004225209737343194	0.00029747591052808886	-0.0012808468646248183	-0.000407027219935463	-0.00032266913629297456	0.002750082598670822
-0.000591867371895205	0.00622538696771846	0.006971223317873365	0.0004222947096432783	0.0005290257225427641	-0.0030906314009075952	-0.00013544093762063447	0.0017515322057508609
0.0005939112196966523	0.0057885211708161854	0.006783995119200803	0.0004222947096432783	0.0046480460933366885	-0.006398329577454787	0.00023901545972471183	0.0003785254154864415
-0.00046704857278045964	0.0041034673827640145	0.005161350730706005	0.0005471135087580237	0.005396958888026715	-0.006148691979224408	5.17872610521497e-05	-0.002429897564600436
0.0007187300188118417	0.0006085410075449271	-0.0015788644215026792	0.00048470410920087303	0.005833824684928768	-0.004588456990287204	-1.0622138505889112e-05	-0.004177360752210424
0.0007811394183689924	-0.004196982758381873	-0.003076690010882732	0.0008591605065462193	0.006208281082273892	-0.002092081007987412	0.00042624365839660783	-0.005051092346015196
-0.0007166861710106165	-0.004758667354399115	-0.0036383746068999745	0.00029747591052808886	0.0052721400889115255	-0.0015303964119703917	-0.0001978503371782292	-0.005550367542475287
0.000656320619254247	-0.002948794767232199	-0.0017036832206178687	0.0005471135087580237	0.004710455492894283	-0.001031121215510744	0.00011419666060930034	-0.0044894077499979534
-0.000591867371895205	-0.0003275999858178835	0.0010423303599116363	0.0005471135087580237	0.003711905099974766	-0.0008438930168379599	0.00011419666060930034	-0.000807253176106526
0.00046909242058146283	0.002480822994269216	0.003663525141326174	0.0004222947096432783	0.0021516701110371184	-0.0017176246106427318	-1.0622138505889112e-05	0.0009402100115039058
-0.000591867371895205	0.004540333179666067	0.005847854125837992	0.0004222947096432783	0.0014027573163470919	-0.0028409938026774384	5.17872610521497e-05	0.0012522570092912133
0.0007187300188118417	0.005414064773471727	0.0060350823245105545	0.0006095229083160625	0.0025885359079396153	-0.00315304080046519	0.0001766060601671171	0.0005657536141583375
-0.0005294579723380544	0.004290695581436799	0.0020408807528315975	0.0004222947096432783	0.0029629923052842955	-0.0037147253964822102	-7.303153806259566e-05	-0.001431347171680919
-0.000591867371895205	-0.0002651905862602888	-0.0004554952294684167	0.0006719323078736572	0.003524676901301982	-0.0030282220013502226	0.0001766060601671171	-0.002305078765485913
0.0005939112196966523	-0.003198432365461912	-0.00270223361353783	0.0005471135087580237	0.003275039303071825	-0.002341718606218013	0.00011419666060930034	-0.003740494955307927
-0.0008415049701258059	-0.004696257954841965	-0.00376319340601472	-1.457108725877454e-05	0.00283817350616955	-0.002279309206659974	-0.00032266913629297456	-0.004426998350439915
0.0005315018201390576	-0.004384210957054213	-0.002889461812209948	0.0005471135087580237	0.0029005829057267007	-0.001655215211085137	-7.303153806259566e-05	-0.0028043539619455604
-0.00046704857278045964	-0.0025743383698866307	-0.0009547704259278422	0.0007343417074305858	0.003711905099974766	-0.001655215211085137	-0.00026025973673537983	-0.0027419445623879657
0.0004066830210247563	-0.0011389221800650606	0.0006054645630093614	0.00029747591052808886	0.0035870863008595766	-0.0032778595995794912	-1.0622138505889112e-05	-0.0014937565712385137
-0.0006542767714527997	0.0009829974048896073	0.002540155949291689	0.00048470410920087303	0.003275039303071825	-0.004463638191172015	-7.303153806259566e-05	-0.0013689377721235463
0.0005939112196966523	0.00229359479559732	0.003226659344423677	0.00048470410920087303	0.0033998581021867924	-0.004463638191172015	0.00011419666060930034	-0.0013689377721235463
0.0004066830210247563	0.0009829974048896073	0.0016040149559293226	0.00029747591052808886	0.003711905099974766	-0.0053373697849770085	-0.00026025973673537983	-0.002866763361503155
-0.000404639173223309	-0.00014037178714509935	0.0005430551634517666	0.0008591605065462193	0.00533454948846912	-0.005212550985862263	0.00042624365839660783	-0.003490857357077992
0.00028186422190956684	-0.0030112041667897937	-0.0018285020197330581	0.00011024771185619286	0.004960093091123996	-0.0062111013787822245	-0.0005098973349653146	-0.005612776942032438
-0.0005294579723380544	-0.0036977075619220034	-0.001641273821060274	0.0005471135087580237	0.005396958888026715	-0.004588456990287204	0.00023901545972471183	-0.004676635948670516
0.0007187300188118417	-0.003947345160151494	-0.0012668174237151497	0.0006095229083160625	0.004086361497319446	-0.00352749719780987	0.00030142485928186247	-0.0028043539619455604
-0.000404639173223309	-0.0023871101712147347	0.00023100816566445914	0.0007343417074305858	0.000965891519445039	-0.001655215211085137	-0.00013544093762063447	-0.0014937565712385137
0.0005939112196966523	-0.0008892845818346817	0.0014167867572567605	0.00048470410920087303	-0.0005943434694923866	2.9838576966811914e-05	-1.0622138505889112e-05	0.0006905724132735269
-0.0006542767714527997	0.0015446820009068496	0.004287619136901233	0.0006719323078736572	-0.001780122061084466	0.001278026568116486	0.0001766060601671171	0.0023132168017683252
-0.0009663237692405513	0.004165876782321609	0.0037883439404413632	-1.457108725877454e-05	-0.0035275852486944537	0.0017773017645765776	-0.0005098973349653146	0.002562854399998482
0.000843548817926365	0.004540333179666067	0.0032890687439812716	0.0006095229083160625	-0.0031531288513493294	0.0024013957601511926	0.00011419666060930034	0.002812491998227973
-0.0005294579723380544	0.0034793733871893995	0.0016664243554860292	0.0005471135087580237	-0.002341806657101708	0.0022141675614788525	5.17872610521497e-05	0.001938760404423645
0.0007187300188118417	0.0016070914004648884	0.0003558269647787604	0.0006719323078736572	-0.0009063904672801382	0.0013404359676740807	0.0001766060601671171	-0.0008696625756632326
-0.0007166861710106165	-0.00014037178714509935	-0.0007675422272555021	0.00029747591052808886	0.00015456932519741784	0.00027947617519696877	5.17872610521497e-05	-0.0018058035690260432
0.0007187300188118417	-0.0010765127805070218	-0.0007051328276979074	0.0006719323078736572	0.002401307709267053	-0.001655215211085137	0.00023901545972471183	-0.0016185753703537031
