Sensor_1	Sensor_2	Sensor_3	Sensor_4	Sensor_5	Sensor_6	Sensor_7	Sensor_8
0.0006601231152223441	0.0007709940048989949	6.635915265418291e-05	0.0001834709822865488	0.0005184105949933571	0.0007941176638719405	1.7314551353120322e-05	0.0011729281414059045
-0.0005880648759271079	0.0010206316031289298	0.0006280437486718693	-3.7572163862353847e-06	0.0002687729967636443	0.0007317082643143458	-0.0002323230468763704	0.0009232905431755256
0.00047289491654955995	0.00027171880843934737	0.0001911779517691503	-6.616661594383011e-05	0.00033118239632079494	0.0003572518669692215	-0.00010750424776162504	0.0014225657396360614
-0.0006504742754847026	0.0009582222035717791	0.0013769565433614517	0.0002458803818434774	0.0008304575927804425	0.0003572518669692215	0.00026695214958372127	0.0007360623445036296
-0.0007128836750425194	0.00045894700711168745	0.0006280437486718693	-0.00012857601550142483	0.0004560011954359844	0.0005444800656415616	-0.00016991364731921976	0.0007360623445036296
0.0005353043161071547	0.0013326786009164593	0.0011273189451315169	-3.7572163862353847e-06	0.00020636359720604958	-0.00039166092772013883	-0.00010750424776162504	0.0006736529449460349
-0.0004632460768123625	0.0015199067995890214	0.002313097536723374	0.0002458803818434774	0.000955276391895632	0.00041966126652681623	0.0003293615491408719	0.0007360623445036296
0.0005977137156647494	0.0007085846053414002	0.0008152719473439873	-6.616661594383011e-05	0.0002687729967636443	0.00029484246741184883	-0.00010750424776162504	0.001048109342290715
-0.0007128836750425194	0.0008958128040141844	0.00031599675088389567	-0.00012857601550142483	0.00039359179587838966	-1.7204530375680704e-05	0.00026695214958372127	0.0007984717440603362
0.0008473513138944622	0.0008334034044570338	0.0010025001460158833	0.0003706991809591109	-0.00016809280013951877	0.0005444800656415616	-0.00035714184599155985	0.0009232905431755256
-0.0009625212732724542	-0.0002275563880203002	-0.0005577348429208762	-0.00019098541505901956	1.9135398533265402e-05	0.00010761426873950874	-0.00016991364731921976	0.0009232905431755256
0.0005353043161071547	0.0003341282079969421	0.0005656343491142746	-3.7572163862353847e-06	0.00033118239632079494	0.0006068894651991563	1.7314551353120322e-05	0.0009856999427331203
0.0007225325147799389	0.00045894700711168745	0.00031599675088389567	0.0001834709822865488	0.0006432293941085465	0.0009813458625442806	0.00020454275002612654	0.0014225657396360614
-0.0007128836750425194	0.001395088000473832	0.0011273189451315169	-0.00012857601550142483	0.0006432293941085465	-0.00032925152816321024	1.7314551353120322e-05	0.0008608811436179309
0.0007225325147799389	0.0014574974000316487	0.0020634599384934393	0.0002458803818434774	0.0005808199945511738	0.00017002366829665938	7.972395091115914e-05	0.00023678714804353795
-0.0006504742754847026	0.0012702692013588646	0.0016265941415913865	-3.7572163862353847e-06	0.0005184105949933571	0.00010761426873950874	0.00014213335046830977	0.0008608811436179309
0.00028566671787766396	0.0012702692013588646	0.0012521377442462622	-0.00031580421417332083	0.00014395419764845485	-0.0009533455237380473	0.00014213335046830977	0.0006736529449460349
-0.0004632460768123625	0.0009582222035717791	0.0014393659429190464	-3.7572163862353847e-06	0.00033118239632079494	0.00041966126652681623	-0.0002323230468763704	0.0011105187418478657
0.00047289491654955995	0.00045894700711168745	3.949753096588182e-06	0.0001834709822865488	0.0010800951910108214	0.0009813458625442806	0.0003293615491408719	0.0014225657396360614
-0.0004632460768123625	0.0010206316031289298	0.0001911779517691503	-0.00019098541505901956	0.00033118239632079494	0.000856527063428647	-0.00010750424776162504	0.0007360623445036296
-0.0005880648759271079	0.0006461752057842496	6.635915265418291e-05	-3.7572163862353847e-06	0.0005808199945511738	0.0009813458625442806	7.972395091115914e-05	0.001734612737423591
0.0005977137156647494	0.0013326786009164593	0.0007528625477866147	5.865218317091525e-05	0.0004560011954359844	0.00029484246741184883	-0.00010750424776162504	0.0012353375409634992
-0.00027601787814002243	0.0011454504022441192	0.001314547143803857	0.00043310858051626155	0.0015169609879133183	0.0014182116594463334	0.000516589747813212	0.001734612737423591
0.0005977137156647494	0.0012078598018012698	0.0009400907464591768	-6.616661594383011e-05	0.000768048193223736	-1.7204530375680704e-05	-0.00016991364731921976	0.0002991965476006886
-0.0009001118737144154	0.0014574974000316487	0.0018138223402639486	-0.0002533948146166143	0.0005808199945511738	-0.0002044327290480208	0.00020454275002612654	0.0008608811436179309
0.0006601231152223441	0.0012078598018012698	0.0018138223402639486	0.0002458803818434774	0.0005184105949933571	-0.0002044327290480208	-0.00016991364731921976	0.0009856999427331203
-0.0008377024741577088	0.001395088000473832	0.0012521377442462622	0.00012106158272895406	0.0007056387936661412	0.00041966126652681623	1.7314551353120322e-05	0.0006736529449460349
0.0007225325147799389	0.001395088000473832	0.0008776813469015821	0.0001834709822865488	0.0010176857914532267	0.0013558022598891828	0.00014213335046830977	0.0016722033378659962
0.0006601231152223441	0.0010206316031289298	0.0004408155499990851	0.0002458803818434774	0.0010176857914532267	0.0009189364629871299	0.00020454275002612654	0.001734612737423591
-0.0005880648759271079	0.0009582222035717791	0.0008152719473439873	-3.7572163862353847e-06	0.0007056387936661412	0.0010437552621014312	1.7314551353120322e-05	0.0012353375409634992
0.00047289491654955995	0.0003341282079969421	-5.845964646100654e-05	-6.616661594383011e-05	0.00020636359720604958	0.0010437552621014312	-0.0002323230468763704	0.0014225657396360614
-0.0006504742754847026	0.0011454504022441192	0.0005656343491142746	5.865218317091525e-05	0.000955276391895632	0.000669298864756751	0.00014213335046830977	0.0006736529449460349
0.0005977137156647494	0.0013326786009164593	0.0016265941415913865	5.865218317091525e-05	0.0008928669923380372	0.00010761426873950874	-0.00010750424776162504	0.001048109342290715
-0.0007128836750425194	0.0010206316031289298	0.0011897283446886675	-0.00012857601550142483	0.0004560011954359844	-0.00039166092772013883	-0.00010750424776162504	0.0006112435453884402
0.0005353043161071547	0.0016447255987042109	0.001501775342476197	0.0002458803818434774	0.000955276391895632	0.0007317082643143458	0.0003917709486984666	0.0008608811436179309
-0.0005256554763699572	0.0015823161991466161	0.0011273189451315169	-3.7572163862353847e-06	0.00039359179587838966	0.0003572518669692215	-0.00010750424776162504	0.0009232905431755256
-0.0005880648759271079	0.0015823161991466161	0.0015641847420337918	5.865218317091525e-05	0.0010176857914532267	4.520486918191402e-05	7.972395091115914e-05	0.0009856999427331203
0.0005977137156647494	0.0006461752057842496	0.0009400907464591768	5.865218317091525e-05	0.000768048193223736	0.0006068894651991563	-4.5094848203586224e-05	0.0005488341458310675
-0.0006504742754847026	0.00045894700711168745	0.00031599675088389567	-6.616661594383011e-05	0.0007056387936661412	0.0009813458625442806	0.00014213335046830977	0.0015473845387508067
0.0005353043161071547	0.0007085846053414002	6.635915265418291e-05	-6.616661594383011e-05	1.9135398533265402e-05	4.520486918191402e-05	-0.00010750424776162504	0.0009856999427331203
-0.0007128836750425194	0.0003341282079969421	0.00025358735132674504	-0.00012857601550142483	0.00020636359720604958	0.0009189364629871299	-0.00016991364731921976	0.0012977469405204278
0.0005353043161071547	0.0006461752057842496	-5.845964646100654e-05	-3.7572163862353847e-06	0.0010800951910108214	0.00029484246741184883	0.0003293615491408719	0.0011105187418478657
-0.0004008366772552119	0.0015823161991466161	0.001501775342476197	-3.7572163862353847e-06	0.00039359179587838966	0.0006068894651991563	1.7314551353120322e-05	0.0007984717440603362
0.0005353043161071547	0.0005213564066690601	0.0005656343491142746	-3.7572163862353847e-06	0.00039359179587838966	0.0002324330678542541	7.972395091115914e-05	0.0012977469405204278
0.0005977137156647494	0.0010830410026865245	0.001314547143803857	5.865218317091525e-05	0.0002687729967636443	4.520486918191402e-05	7.972395091115914e-05	0.0003616059471582833
-0.0006504742754847026	0.00027171880843934737	0.0004408155499990851	-0.00019098541505901956	0.00033118239632079494	0.0005444800656415616	-0.00010750424776162504	0.0007360623445036296
0.0006601231152223441	0.0012078598018012698	0.0008152719473439873	0.0001834709822865488	0.0005808199945511738	-0.00014202332949087015	7.972395091115914e-05	0.0009856999427331203
-0.0007128836750425194	0.0010830410026865245	0.001501775342476197	-3.7572163862353847e-06	0.0005808199945511738	0.00029484246741184883	-4.5094848203586224e-05	0.0003616059471582833
0.0005977137156647494	0.0003965376075545368	0.0005032249495562358	-6.616661594383011e-05	0.00014395419764845485	0.0003572518669692215	1.7314551353120322e-05	0.0014225657396360614
-0.0006504742754847026	0.0012702692013588646	0.0003784061504414904	5.865218317091525e-05	0.000768048193223736	0.00010761426873950874	7.972395091115914e-05	0.0009232905431755256
0.0006601231152223441	0.0013326786009164593	0.0011897283446886675	-0.00012857601550142483	0.0007056387936661412	0.0003572518669692215	7.972395091115914e-05	0.001734612737423591
-0.0006504742754847026	0.0005837658062266549	-0.0004953254433632814	-0.0002533948146166143	0.0006432293941085465	-0.0006412985259505177	-0.0002947324464339651	0.0015473845387508067
-0.0005256554763699572	0.0012702692013588646	0.0001911779517691503	0.00012106158272895406	0.001142504590567972	0.0003572518669692215	0.00020454275002612654	0.0020466597352104543
0.00047289491654955995	0.0006461752057842496	-0.0008697818407081837	-0.00019098541505901956	0.0006432293941085465	-1.7204530375680704e-05	-0.00016991364731921976	0.002296297333440389
-0.0004008366772552119	0.0018943631969337016	3.949753096588182e-06	0.0001834709822865488	0.0014545515883561677	-0.00039166092772013883	0.0003293615491408719	0.0028579819294580755
0.0004104855169928534	0.0012702692013588646	-0.0006825536420356215	-0.00012857601550142483	0.0012049139901260109	-0.0007661173250657072	-0.0002947324464339651	0.003981351121492338
-0.0004008366772552119	0.0017071349982613615	-0.0009321912402653343	0.0002458803818434774	0.0020786455839305606	-1.7204530375680704e-05	0.00014213335046830977	0.003544485324590285
0.0006601231152223441	0.002268819594279048	-0.0006201442424780268	0.00012106158272895406	0.0015169609879133183	-0.000578889126392923	1.7314551353120322e-05	0.0034820759250326905
-0.0007128836750425194	0.0020815913956062637	-0.0008697818407081837	0.0002458803818434774	0.0016417797870280637	-0.00039166092772013883	0.00014213335046830977	0.004230988719722273
0.0006601231152223441	0.0018943631969337016	-0.0014938758362832427	-6.616661594383011e-05	0.0014545515883561677	-0.0008909361241800084	1.7314551353120322e-05	0.003794122922820442
0.0006601231152223441	0.002019181996048891	-0.0016186946353982101	5.865218317091525e-05	0.0013297327892405342	-0.000578889126392923	1.7314551353120322e-05	0.0037317135232628473
-0.00077529307459967	0.0018943631969337016	-0.002492426229202538	-3.7572163862353847e-06	0.0012049139901260109	-0.00032925152816321024	-0.00010750424776162504	0.00448062631795243
0.0007849419143370895	0.0027056853911808787	-0.0013690570371680533	0.0003082897814010721	0.001579370387470913	-0.0007661173250657072	0.00026695214958372127	0.004168579320164678
-0.0005256554763699572	0.0017695443978189562	-0.002055560432300041	-3.7572163862353847e-06	0.0017665985861436972	-0.0002668421286056155	0.00014213335046830977	0.004979901514412299
0.00047289491654955995	0.0016447255987042109	-0.0029917014256628516	5.865218317091525e-05	0.0018290079857004038	-0.0004540703272783997	0.0003293615491408719	0.004979901514412299
-0.0004008366772552119	0.0027680947907384734	-0.0011194194389381185	0.0003082897814010721	0.001579370387470913	-0.001015754923295198	-0.0002323230468763704	0.004730263916182809
0.00047289491654955995	0.0017695443978189562	-0.002242788630972825	0.00012106158272895406	0.002016236184372966	-0.0006412985259505177	0.00014213335046830977	0.0057912237086594764
-0.0005256554763699572	0.0020815913956062637	-0.002492426229202538	-0.0002533948146166143	0.0013297327892405342	-0.0018894865170999697	-0.00035714184599155985	0.004730263916182809
-0.0004632460768123625	0.0025184571925089827	-0.0021803792314156745	0.0002458803818434774	0.0021410549834881554	-0.0006412985259505177	0.0003293615491408719	0.0057912237086594764
0.0005353043161071547	0.0023936383933937933	-0.0031789296243354137	-0.00012857601550142483	0.0013297327892405342	-0.0015774395193128843	-0.0002323230468763704	0.0051671297130848615
-0.0007128836750425194	0.003080141788526225	-0.002242788630972825	-6.616661594383011e-05	0.0010800951910108214	-0.0019518959166575645	-0.00016991364731921976	0.004855082715297554
0.0007849419143370895	0.0027056853911808787	-0.0028044732269905115	0.00043310858051626155	0.001392142188798129	-0.0009533455237380473	0.0003917709486984666	0.0053543579117572015
-0.00077529307459967	0.002643275991624172	-0.0034285672225649044	-0.00019098541505901956	0.0010176857914532267	-0.0017022583184280737	7.972395091115914e-05	0.005042310913969894
0.0007225325147799389	0.0027680947907384734	-0.002492426229202538	0.00012106158272895406	0.0012673233896836056	-0.0013902113206401001	-0.00035714184599155985	0.005666404909544731
-0.0009001118737144154	0.0015199067995890214	-0.00430229881637012	0.0003082897814010721	0.002016236184372966	-0.001639848918870479	0.00026695214958372127	0.005978451907332483
0.0007849419143370895	0.002268819594279048	-0.0029292920261048128	-0.00012857601550142483	0.0017665985861436972	-0.002263942914445316	7.972395091115914e-05	0.0056039955099875804
0.0005353043161071547	0.0017071349982613615	-0.00430229881637012	-3.7572163862353847e-06	0.0016417797870280637	-0.0017022583184280737	-0.00016991364731921976	0.005978451907332483
-0.0005256554763699572	0.002643275991624172	-0.0032413390238930084	0.00012106158272895406	0.0021410549834881554	-0.002076714715772532	0.00020454275002612654	0.006040861306889633
0.0007849419143370895	0.002643275991624172	-0.0029917014256628516	0.00012106158272895406	0.0016417797870280637	-0.0025759899122324015	7.972395091115914e-05	0.005291948512200051
-0.0009001118737144154	0.0020815913956062637	-0.0044895270150424604	-0.00031580421417332083	0.000955276391895632	-0.0021391241153305707	-0.00035714184599155985	0.004979901514412299
0.0008473513138944622	0.0034545981858713493	-0.0027420638274329168	0.0003706991809591109	0.0014545515883561677	-0.002451171113117656	-0.00016991364731921976	0.004418216918395279
-0.0008377024741577088	0.0027680947907384734	-0.0032413390238930084	-0.0002533948146166143	0.0008304575927804425	-0.0015150301197552896	1.7314551353120322e-05	0.005229539112642456
0.0007225325147799389	0.0020815913956062637	-0.00430229881637012	-0.0002533948146166143	0.000955276391895632	-0.002513580512675251	-0.0002947324464339651	0.004917492114855149
-0.0008377024741577088	0.002456047792951388	-0.003553386021680094	0.0003706991809591109	0.0018290079857004038	-0.0013902113206401001	0.0003917709486984666	0.005666404909544731
-0.0005880648759271079	0.0009582222035717791	-0.004988802211502552	-6.616661594383011e-05	0.0017665985861436972	-0.000578889126392923	7.972395091115914e-05	0.006477727103792352
0.0005353043161071547	0.0017071349982613615	-0.004239889416812526	-0.00012857601550142483	0.0014545515883561677	-0.0020143053162153812	-0.0002947324464339651	0.005853633108217071
-0.0004008366772552119	0.0018943631969337016	-0.003927842419024996	0.0002458803818434774	0.002203464383045306	-0.0009533455237380473	0.00045418034825561726	0.006914592900694849
0.0005977137156647494	0.0017071349982613615	-0.004988802211502552	-3.7572163862353847e-06	0.0018290079857004038	-0.0017646677179852244	-4.5094848203586224e-05	0.006352908304677163
-0.0007128836750425194	0.0031425511880838197	-0.003990251818582591	-6.616661594383011e-05	0.0018914173852579985	-0.0027632181109051857	0.0003293615491408719	0.006540136503349947
0.0008473513138944622	0.003080141788526225	-0.0040526612181401855	0.0003082897814010721	0.0008928669923380372	-0.0030128557091353425	-0.0004195512455487105	0.005541586110429986
-0.001024930672830049	0.003080141788526225	-0.005051211611060147	0.0003082897814010721	0.001392142188798129	-0.0036369497047101795	0.0003293615491408719	0.005229539112642456
0.0008473513138944622	0.004702786177021023	-0.003990251818582591	0.00012106158272895406	0.001392142188798129	-0.002263942914445316	1.7314551353120322e-05	0.005728814309102326
0.0005977137156647494	0.0030177323889686303	-0.004364708215927715	0.00012106158272895406	0.0017041891865861025	-0.0019518959166575645	1.7314551353120322e-05	0.005666404909544731
-0.0006504742754847026	0.0032049605876409704	-0.0034285672225649044	-3.7572163862353847e-06	0.0018914173852579985	-0.0023263523140029108	7.972395091115914e-05	0.00541676731131524
0.0005977137156647494	0.0018319537973761069	-0.004863983412387363	-3.7572163862353847e-06	0.0017041891865861025	-0.0013278019210829495	-0.00010750424776162504	0.005853633108217071
-0.0004008366772552119	0.0025184571925089827	-0.004177480017255375	0.0001834709822865488	0.00239069258171809	-0.001202983121967982	0.0003293615491408719	0.005728814309102326
0.00047289491654955995	0.0020815913956062637	-0.004364708215927715	-0.0002533948146166143	0.0018290079857004038	-0.0019518959166575645	7.972395091115914e-05	0.006977002300252444
-0.0005880648759271079	0.0019567725964917404	-0.005176030410174448	-6.616661594383011e-05	0.0018290079857004038	-0.0023887617135600614	-4.5094848203586224e-05	0.006228089505561973
0.0005353043161071547	0.0034545981858713493	-0.004177480017255375	0.0001834709822865488	0.002016236184372966	-0.002076714715772532	0.00026695214958372127	0.006352908304677163
-0.0004632460768123625	0.0040162827818885916	-0.005051211611060147	-6.616661594383011e-05	0.0010176857914532267	-0.0019518959166575645	-0.00016991364731921976	0.005978451907332483
-0.0004008366772552119	0.004577967377905834	-0.0032413390238930084	0.0001834709822865488	0.0015169609879133183	-0.002513580512675251	0.00026695214958372127	0.005978451907332483
0.0005977137156647494	0.003891463982772958	-0.003553386021680094	0.0001834709822865488	0.0013297327892405342	-0.002513580512675251	7.972395091115914e-05	0.00541676731131524
-0.0008377024741577088	0.0023936383933937933	-0.0053008492092896375	-0.00031580421417332083	0.0010800951910108214	-0.0013902113206401001	-0.0002323230468763704	0.006040861306889633
0.0005977137156647494	0.0030177323889686303	-0.0040526612181401855	-3.7572163862353847e-06	0.001579370387470913	-0.002263942914445316	1.7314551353120322e-05	0.006228089505561973
-0.0006504742754847026	0.002206410194721453	-0.004614345814157428	5.865218317091525e-05	0.0017665985861436972	-0.0010781643228525706	0.0003917709486984666	0.007226639898481935
0.0008473513138944622	0.0017071349982613615	-0.005425668008404827	0.0004955179800738563	0.002016236184372966	-0.0018894865170999697	-0.00016991364731921976	0.006290498905119568
-0.0006504742754847026	0.0023936383933937933	-0.004739164613272617	0.00012106158272895406	0.0018914173852579985	-0.0015150301197552896	1.7314551353120322e-05	0.006540136503349947
0.0006601231152223441	0.002268819594279048	-0.0055504868075200164	5.865218317091525e-05	0.0020786455839305606	-0.001202983121967982	0.00014213335046830977	0.00735145869759668
0.0005353043161071547	0.0038290545832162515	-0.004427117615484866	-6.616661594383011e-05	0.0015169609879133183	-0.0032000839078072385	-0.00010750424776162504	0.006040861306889633
-0.0005880648759271079	0.0038290545832162515	-0.004739164613272617	-3.7572163862353847e-06	0.0013297327892405342	-0.0028256275104627804	7.972395091115914e-05	0.006103270706447672
0.00047289491654955995	0.004141101581003337	-0.004926392811944957	-3.7572163862353847e-06	0.0005808199945511738	-0.0032624933073648332	-0.0002323230468763704	0.005541586110429986
-0.00033842727769761716	0.005202061373480449	-0.0031789296243354137	0.0003706991809591109	0.0012673233896836056	-0.0032000839078072385	0.000516589747813212	0.004792673315740403
0.0005353043161071547	0.00332977938675616	-0.004801574012830212	-0.00012857601550142483	0.0005184105949933571	-0.002700808711347591	-0.00035714184599155985	0.00466785451662477
-0.0009001118737144154	0.00332977938675616	-0.0046767552137150226	-0.00037821361373091555	0.0010800951910108214	-0.0022015335148872772	7.972395091115914e-05	0.0045430357175104685
0.0007225325147799389	0.0033921887863133104	-0.0038030236199100287	-0.00019098541505901956	0.0008928669923380372	-0.0008285267246233019	-4.5094848203586224e-05	0.005479176710872391
-0.00077529307459967	0.0014574974000316487	-0.005425668008404827	-0.00012857601550142483	0.0012673233896836056	-0.0015150301197552896	-0.00010750424776162504	0.005479176710872391
-0.0005880648759271079	0.0018943631969337016	-0.005176030410174448	0.00012106158272895406	0.0017041891865861025	-0.001015754923295198	7.972395091115914e-05	0.006040861306889633
0.0007225325147799389	0.0007709940048989949	-0.006486627800881717	0.0001834709822865488	0.0017665985861436972	0.00017002366829665938	0.00020454275002612654	0.00685218350113681
-0.0008377024741577088	0.0018943631969337016	-0.005425668008404827	-0.00031580421417332083	0.0012673233896836056	-0.0015774395193128843	-0.00016991364731921976	0.006040861306889633
0.0006601231152223441	0.002892913589853663	-0.0044895270150424604	0.00012106158272895406	0.0012673233896836056	-0.0019518959166575645	1.7314551353120322e-05	0.00685218350113681
-0.00027601787814002243	0.0030177323889686303	-0.004801574012830212	0.0003706991809591109	0.001579370387470913	-0.0007037079255081125	-0.0004195512455487105	0.004792673315740403
0.0003480761174348146	0.003891463982772958	-0.004364708215927715	-0.0002533948146166143	0.000768048193223736	-0.0033873121064800227	-4.5094848203586224e-05	0.004917492114855149
-0.0006504742754847026	0.004390739179233272	-0.004177480017255375	0.0001834709822865488	0.0005808199945511738	-0.002451171113117656	1.7314551353120322e-05	0.005728814309102326
0.0006601231152223441	0.003891463982772958	-0.00430229881637012	-3.7572163862353847e-06	0.0012673233896836056	-0.0032624933073648332	7.972395091115914e-05	0.0053543579117572015
0.0007225325147799389	0.0031425511880838197	-0.005425668008404827	0.00012106158272895406	0.0013297327892405342	-0.0022015335148872772	7.972395091115914e-05	0.005728814309102326
-0.0006504742754847026	0.0019567725964917404	-0.006673855999554501	-0.00012857601550142483	0.001579370387470913	-0.0008285267246233019	-4.5094848203586224e-05	0.00685218350113681
0.0008473513138944622	0.0027680947907384734	-0.0055504868075200164	0.0003082897814010721	0.00239069258171809	-0.0014526207201976948	0.00020454275002612654	0.006727364702022287
-0.00077529307459967	0.0014574974000316487	-0.006736265399112096	-0.00031580421417332083	0.002016236184372966	-0.0008285267246233019	-0.0002323230468763704	0.00735145869759668
0.0007849419143370895	0.002019181996048891	-0.006236990202652226	0.0001834709822865488	0.00239069258171809	-0.0005164797268357724	1.7314551353120322e-05	0.006040861306889633
-0.0006504742754847026	0.0031425511880838197	-0.004801574012830212	-0.00012857601550142483	0.0012673233896836056	-0.0022015335148872772	-0.0002323230468763704	0.005229539112642456
0.0004104855169928534	0.003080141788526225	-0.005113621010616853	5.865218317091525e-05	0.0012673233896836056	-0.0028256275104627804	7.972395091115914e-05	0.005104720313527489
-0.0005880648759271079	0.004640376777463651	-0.0028044732269905115	5.865218317091525e-05	0.0008928669923380372	-0.0041986343007272	-4.5094848203586224e-05	0.0036693041237052526
-0.0005880648759271079	0.004765195576578618	-0.003927842419024996	5.865218317091525e-05	0.000955276391895632	-0.002700808711347591	0.00014213335046830977	0.004605445117067619
0.0006601231152223441	0.004577967377905834	-0.003927842419024996	5.865218317091525e-05	0.001142504590567972	-0.003075265108692049	1.7314551353120322e-05	0.00466785451662477
-0.0006504742754847026	0.004078692181445742	-0.003927842419024996	-6.616661594383011e-05	0.0015169609879133183	-0.0025759899122324015	-4.5094848203586224e-05	0.004730263916182809
0.0007849419143370895	0.0015199067995890214	-0.005987352604422513	0.0003706991809591109	0.0021410549834881554	0.00029484246741184883	0.0003293615491408719	0.00685218350113681
-0.0005256554763699572	0.001395088000473832	-0.005862533805307324	5.865218317091525e-05	0.002265873782603345	0.00029484246741184883	-0.00010750424776162504	0.006165680106004379
0.0004104855169928534	0.0011454504022441192	-0.0057377150061921345	-3.7572163862353847e-06	0.00239069258171809	0.0015430304585615229	0.0003293615491408719	0.007850733894056772
-0.0004632460768123625	0.0007085846053414002	-0.006486627800881717	-0.00031580421417332083	0.0015169609879133183	-0.0012653925215253548	-0.0004195512455487105	0.006477727103792352
0.0003480761174348146	0.0019567725964917404	-0.004988802211502552	0.00012106158272895406	0.0018914173852579985	-0.002451171113117656	0.00026695214958372127	0.006228089505561973
0.00047289491654955995	0.004328329779676121	-0.005612896207076945	-3.7572163862353847e-06	0.0008928669923380372	-0.0028256275104627804	-0.00016991364731921976	0.006103270706447672
-0.0006504742754847026	0.0061382023668430374	-0.003990251818582591	-3.7572163862353847e-06	0.0010800951910108214	-0.00407381550161201	7.972395091115914e-05	0.005291948512200051
0.0005977137156647494	0.00601338356772807	-0.0038030236199100287	-3.7572163862353847e-06	0.0007056387936661412	-0.0046979094971872914	-0.00016991364731921976	0.004230988719722273
-0.0005880648759271079	0.005139651973923298	-0.004926392811944957	5.865218317091525e-05	0.000768048193223736	-0.003137674508250088	7.972395091115914e-05	0.004855082715297554
0.0007225325147799389	0.004765195576578618	-0.004427117615484866	0.0003082897814010721	0.0015169609879133183	-0.003137674508250088	-0.0002323230468763704	0.004917492114855149
-0.0008377024741577088	0.0025808665920661333	-0.005862533805307324	-0.0002533948146166143	0.001392142188798129	-0.00039166092772013883	-0.00010750424776162504	0.005853633108217071
0.0005353043161071547	0.0011454504022441192	-0.0067986747986696905	-0.00012857601550142483	0.0015169609879133183	-0.0005164797268357724	-0.00016991364731921976	0.005853633108217071
-0.0007128836750425194	0.0017071349982613615	-0.006424218401324566	0.0003706991809591109	0.0018914173852579985	0.0005444800656415616	0.0003293615491408719	0.006540136503349947
-0.0008377024741577088	0.0018319537973761069	-0.0067986747986696905	-0.00031580421417332083	0.0012049139901260109	-0.0009533455237380473	-0.0002947324464339651	0.006228089505561973
0.0007225325147799389	0.0040162827818885916	-0.004863983412387363	0.00012106158272895406	0.0012049139901260109	-0.0025759899122324015	0.00014213335046830977	0.005229539112642456
-0.00077529307459967	0.0037666451836586567	-0.005612896207076945	-0.00019098541505901956	0.0004560011954359844	-0.002513580512675251	-0.00016991364731921976	0.0051671297130848615
0.0008473513138944622	0.005139651973923298	-0.00430229881637012	0.0003082897814010721	0.0007056387936661412	-0.0032624933073648332	0.00026695214958372127	0.003606894724147658
-0.0007128836750425194	0.005888564768612881	-0.003490976622122499	-0.00012857601550142483	0.00039359179587838966	-0.004760318896744442	-0.0002947324464339651	0.0041061699206075275
0.0005353043161071547	0.003953873382331441	-0.0053008492092896375	-0.00012857601550142483	0.001142504590567972	-0.002263942914445316	0.00014213335046830977	0.004855082715297554
-0.0005256554763699572	0.0034545981858713493	-0.004988802211502552	5.865218317091525e-05	0.0014545515883561677	-0.0023887617135600614	1.7314551353120322e-05	0.004418216918395279
0.0005977137156647494	0.003080141788526225	-0.007048312396899625	-6.616661594383011e-05	0.001579370387470913	0.00048207066608441096	-4.5094848203586224e-05	0.006165680106004379
0.000909760713452723	0.0009582222035717791	-0.006673855999554501	0.0003706991809591109	0.002203464383045306	0.000856527063428647	0.0003917709486984666	0.00666495530246447
-0.0006504742754847026	0.0012702692013588646	-0.0065490372004402	-0.00012857601550142483	0.0020786455839305606	-0.00032925152816321024	1.7314551353120322e-05	0.006040861306889633
0.00047289491654955995	0.0009582222035717791	-0.007547587593359717	-0.00019098541505901956	0.001392142188798129	-7.961392993283134e-05	-0.0002323230468763704	0.006540136503349947
-0.0007128836750425194	0.003080141788526225	-0.005987352604422513	-6.616661594383011e-05	0.0015169609879133183	-0.0013902113206401001	1.7314551353120322e-05	0.0053543579117572015
0.0007849419143370895	0.004390739179233272	-0.004926392811944957	0.0002458803818434774	0.001392142188798129	-0.0023887617135600614	-0.00010750424776162504	0.0051671297130848615
-0.0006504742754847026	0.004765195576578618	-0.005176030410174448	-0.0002533948146166143	0.0008304575927804425	-0.004323453099842389	0.00026695214958372127	0.004293398119280312
0.0007849419143370895	0.006575068163745312	-0.0032413390238930084	5.865218317091525e-05	0.0010176857914532267	-0.0038865873029401143	0.00020454275002612654	0.004043760521049933
-0.0005256554763699572	0.0061382023668430374	-0.0044895270150424604	5.865218317091525e-05	0.0010176857914532267	-0.003075265108692049	-4.5094848203586224e-05	0.004355807518837462
-0.0005880648759271079	0.005014833174808109	-0.0036782048207952833	-3.7572163862353847e-06	0.001579370387470913	-0.0032624933073648332	7.972395091115914e-05	0.003981351121492338
0.0004104855169928534	0.002830504190296068	-0.005488077407962422	-6.616661594383011e-05	0.001392142188798129	-0.001639848918870479	-0.0002947324464339651	0.004355807518837462
-0.00027601787814002243	0.002206410194721453	-0.0057377150061921345	0.0003706991809591109	0.002265873782603345	0.000669298864756751	0.000516589747813212	0.006477727103792352
0.0004104855169928534	0.0020815913956062637	-0.005800124405749729	-0.00019098541505901956	0.0017665985861436972	-0.001015754923295198	-0.0002323230468763704	0.006477727103792352
-0.0006504742754847026	0.0013326786009164593	-0.006673855999554501	-6.616661594383011e-05	0.0020786455839305606	0.0007317082643143458	1.7314551353120322e-05	0.006727364702022287
0.0006601231152223441	0.0020815913956062637	-0.006486627800881717	0.0001834709822865488	0.0019538267848155932	-0.0010781643228525706	7.972395091115914e-05	0.005853633108217071
-0.0006504742754847026	0.0037666451836586567	-0.004739164613272617	0.0003082897814010721	0.001392142188798129	-0.000578889126392923	0.0003293615491408719	0.006352908304677163
0.0008473513138944622	0.003704235784101062	-0.0046767552137150226	-0.00031580421417332083	0.000768048193223736	-0.0023887617135600614	-0.0002947324464339651	0.0053543579117572015
0.0006601231152223441	0.005950974168170475	-0.003303748423450159	5.865218317091525e-05	0.001392142188798129	-0.0033873121064800227	-4.5094848203586224e-05	0.004230988719722273
-0.0005880648759271079	0.004515557978348461	-0.0046767552137150226	-3.7572163862353847e-06	0.0010176857914532267	-0.0021391241153305707	7.972395091115914e-05	0.0051671297130848615
0.0005353043161071547	0.004515557978348461	-0.004614345814157428	-6.616661594383011e-05	0.000955276391895632	-0.0025759899122324015	-4.5094848203586224e-05	0.004792673315740403
-0.0006504742754847026	0.0044531485787908665	-0.004427117615484866	-3.7572163862353847e-06	0.0014545515883561677	-0.0023263523140029108	-4.5094848203586224e-05	0.006228089505561973
0.0006601231152223441	0.0025808665920661333	-0.006112171403536815	0.0002458803818434774	0.0018914173852579985	-0.00014202332949087015	-4.5094848203586224e-05	0.006228089505561973
-0.0006504742754847026	0.0025808665920661333	-0.006174580803094409	-0.00012857601550142483	0.0021410549834881554	-0.0004540703272783997	-4.5094848203586224e-05	0.006103270706447672
0.0006601231152223441	0.0025184571925089827	-0.006486627800881717	-3.7572163862353847e-06	0.002203464383045306	0.0003572518669692215	7.972395091115914e-05	0.00735145869759668
-0.0005880648759271079	0.0019567725964917404	-0.005800124405749729	0.0002458803818434774	0.0023282831821604955	-0.0013278019210829495	0.00020454275002612654	0.006477727103792352
-0.0007128836750425194	0.003704235784101062	-0.006049762003979664	-0.0002533948146166143	0.0017665985861436972	-0.0019518959166575645	-0.00010750424776162504	0.005728814309102326
0.0005353043161071547	0.004141101581003337	-0.005862533805307324	-3.7572163862353847e-06	0.0013297327892405342	-0.002263942914445316	-0.00010750424776162504	0.005666404909544731
-0.0005256554763699572	0.006263021165957783	-0.003553386021680094	0.0001834709822865488	0.0018290079857004038	-0.003761768503824481	0.00026695214958372127	0.004605445117067619
0.0005977137156647494	0.005888564768612881	-0.0040526612181401855	-3.7572163862353847e-06	0.0010176857914532267	-0.0041986343007272	-0.00010750424776162504	0.004355807518837462
-0.00077529307459967	0.0050772425743657035	-0.004926392811944957	-0.0002533948146166143	0.0007056387936661412	-0.0034497215060371733	0.00014213335046830977	0.003794122922820442
0.0007225325147799389	0.00563892717038339	-0.003740614220352434	0.0002458803818434774	0.000955276391895632	-0.002263942914445316	-0.00035714184599155985	0.0041061699206075275
-0.0009625212732724542	0.0035794169849856505	-0.0055504868075200164	0.00012106158272895406	0.0013297327892405342	-0.0005164797268357724	7.972395091115914e-05	0.005541586110429986
0.0007225325147799389	0.002206410194721453	-0.005987352604422513	0.00012106158272895406	0.0017041891865861025	-0.00014202332949087015	7.972395091115914e-05	0.005728814309102326
0.0006601231152223441	0.0005213564066690601	-0.007360359394686933	0.0002458803818434774	0.0018290079857004038	0.0016054398581191176	0.00020454275002612654	0.006727364702022287
-0.0006504742754847026	0.0006461752057842496	-0.007297949995129338	-0.00012857601550142483	0.0017041891865861025	0.0013558022598891828	-4.5094848203586224e-05	0.006977002300252444
0.0004104855169928534	0.0023936383933937933	-0.005800124405749729	-6.616661594383011e-05	0.001579370387470913	-0.000578889126392923	-0.00010750424776162504	0.005541586110429986
-0.0004008366772552119	0.002892913589853663	-0.005488077407962422	0.0002458803818434774	0.0017665985861436972	-1.7204530375680704e-05	0.0003293615491408719	0.0045430357175104685
0.00028566671787766396	0.0038290545832162515	-0.005176030410174448	-0.0004406230132885103	0.0005808199945511738	-0.002888036910020153	0.0003293615491408719	0.0038565323223780368
-0.0004008366772552119	0.006699886962860502	-0.0029917014256628516	0.0001834709822865488	0.000955276391895632	-0.003948996702497265	7.972395091115914e-05	0.003981351121492338
0.0005977137156647494	0.005826155369056174	-0.004115070617697336	-3.7572163862353847e-06	0.001142504590567972	-0.003948996702497265	7.972395091115914e-05	0.004043760521049933
-0.0006504742754847026	0.0061382023668430374	-0.004364708215927715	-3.7572163862353847e-06	0.001392142188798129	-0.003761768503824481	1.7314551353120322e-05	0.003544485324590285
-0.001024930672830049	-0.026751551199953205	-0.03725446178272396	-0.0015015828057658442	-0.031684839576670676	-0.028600709527705215	-0.0014805110380264885	-0.024290106878049222
0.000909760713452723	-0.002162247774303072	-0.011292151566808961	0.0002458803818434774	-0.0027268781819960175	-0.0041986343007272	0.00020454275002612654	0.0012977469405204278
-0.0005256554763699572	-0.0007268315844801698	-0.009482278979641379	-0.00012857601550142483	-0.00016809280013951877	-0.001639848918870479	1.7314551353120322e-05	0.003606894724147658
0.0005977137156647494	-0.0008516503835953593	-0.009919144776544098	-6.616661594383011e-05	8.154479809086013e-05	-0.000578889126392923	-0.00016991364731921976	0.0051671297130848615
-0.0004632460768123625	0.0017071349982613615	-0.007485178193801678	0.0001834709822865488	0.0012049139901260109	-0.0013278019210829495	-0.00016991364731921976	0.004855082715297554
0.00047289491654955995	0.0033921887863133104	-0.006361809001767416	-0.00012857601550142483	-0.0008545961952715064	-0.0042610437002845725	-4.5094848203586224e-05	0.00341966652547554
-0.0005880648759271079	0.0025184571925089827	-0.00798445339026177	-3.7572163862353847e-06	0.000768048193223736	-0.005072365894531972	-0.00010750424776162504	0.003357257125917501
0.0005353043161071547	0.006325430565515822	-0.005051211611060147	0.0002458803818434774	8.154479809086013e-05	-0.005322003492761684	0.00026695214958372127	0.0027955725299004808
0.0005353043161071547	0.004952423775250514	-0.005612896207076945	-0.00012857601550142483	0.00014395419764845485	-0.0046979094971872914	-0.00010750424776162504	0.0032948477263603504
-0.0007128836750425194	0.004952423775250514	-0.004926392811944957	-6.616661594383011e-05	0.0005184105949933571	-0.004011406102055304	-0.00010750424776162504	0.003170028927245161
0.0005977137156647494	0.002268819594279048	-0.006861084198227285	5.865218317091525e-05	0.0006432293941085465	-0.0017022583184280737	-4.5094848203586224e-05	0.004043760521049933
-0.0004632460768123625	0.0005213564066690601	-0.007734815792032057	0.00012106158272895406	0.0010800951910108214	0.0005444800656415616	0.00014213335046830977	0.004855082715297554
0.00022325731832029128	-0.00016514698846314957	-0.008046862789819365	-0.0002533948146166143	0.000955276391895632	-1.7204530375680704e-05	0.0003917709486984666	0.006602545902907542
-0.00033842727769761716	-0.0008516503835953593	-0.008483728586721417	0.0003706991809591109	0.000768048193223736	0.0009189364629871299	-0.00016991364731921976	0.006165680106004379
0.00047289491654955995	-0.0006020127853654245	-0.008670956785394202	5.865218317091525e-05	0.000955276391895632	-0.0013278019210829495	1.7314551353120322e-05	0.004979901514412299
-0.0005880648759271079	0.0020815913956062637	-0.006424218401324566	0.00012106158272895406	0.0005808199945511738	-0.002263942914445316	-4.5094848203586224e-05	0.00466785451662477
-0.00077529307459967	0.005326880172596082	-0.005176030410174448	-0.00019098541505901956	0.00033118239632079494	-0.004011406102055304	-0.00010750424776162504	0.0041061699206075275
0.0006601231152223441	0.007636027956222868	-0.0034285672225649044	5.865218317091525e-05	0.0006432293941085465	-0.005571641090992063	1.7314551353120322e-05	0.0027955725299004808
-0.0006504742754847026	0.006824705761975691	-0.004614345814157428	0.00012106158272895406	1.9135398533265402e-05	-0.004885137695860076	1.7314551353120322e-05	0.00341966652547554
0.0005977137156647494	0.006575068163745312	-0.004239889416812526	5.865218317091525e-05	0.000768048193223736	-0.004573090698072102	7.972395091115914e-05	0.00341966652547554
-0.0006504742754847026	0.004515557978348461	-0.0055504868075200164	-0.00019098541505901956	0.0007056387936661412	-0.0038241779033825196	1.7314551353120322e-05	0.003544485324590285
0.0007849419143370895	0.00020930940888175265	-0.008983003783181731	5.865218317091525e-05	0.0017665985861436972	-0.0002044327290480208	-4.5094848203586224e-05	0.005479176710872391
-0.0007128836750425194	0.0012078598018012698	-0.007235540595572187	0.0003082897814010721	0.00239069258171809	0.0005444800656415616	0.00020454275002612654	0.005728814309102326
0.0007225325147799389	0.0008334034044570338	-0.010480829372560896	-0.00031580421417332083	-0.000729777396156317	-0.0013278019210829495	-0.00016991364731921976	0.004230988719722273
0.00047289491654955995	0.0020815913956062637	-0.007173131196014593	-6.616661594383011e-05	0.0012673233896836056	-0.0017646677179852244	-0.0002323230468763704	0.004730263916182809
-0.0004008366772552119	0.0034545981858713493	-0.006299399602209821	0.0003082897814010721	0.0012673233896836056	-0.002263942914445316	0.000516589747813212	0.00448062631795243
0.00047289491654955995	0.0036418263845436893	-0.0067986747986696905	-0.00031580421417332083	-0.00048013979792682626	-0.004136224901169605	-0.00035714184599155985	0.0034820759250326905
-0.0007128836750425194	0.005888564768612881	-0.004988802211502552	-3.7572163862353847e-06	-4.3274001023885234e-05	-0.005446822291876874	1.7314551353120322e-05	0.0031076195276875662
0.0008473513138944622	0.005264470773038488	-0.0053008492092896375	0.0002458803818434774	-0.00010568340058103587	-0.004448271898957357	-0.0002947324464339651	0.004043760521049933
-0.0009001118737144154	0.0040162827818885916	-0.006174580803094409	-0.00037821361373091555	0.0005808199945511738	-0.00369935910426733	0.00014213335046830977	0.003170028927245161
0.0007849419143370895	0.003704235784101062	-0.00567530560663454	-3.7572163862353847e-06	0.000955276391895632	-0.0013902113206401001	1.7314551353120322e-05	0.0045430357175104685
-0.0006504742754847026	0.0019567725964917404	-0.008046862789819365	0.00012106158272895406	0.0015169609879133183	4.520486918191402e-05	7.972395091115914e-05	0.005853633108217071
-0.00077529307459967	0.0012078598018012698	-0.007672406392474462	-0.00019098541505901956	0.0016417797870280637	-0.0010781643228525706	-0.00016991364731921976	0.004979901514412299
0.0006601231152223441	0.0009582222035717791	-0.008358909787606894	0.0002458803818434774	0.0018290079857004038	-0.00032925152816321024	7.972395091115914e-05	0.00591604250777511
-0.0006504742754847026	0.0012078598018012698	-0.008546137986279234	-6.616661594383011e-05	0.000955276391895632	-0.0017646677179852244	1.7314551353120322e-05	0.0053543579117572015
0.0005977137156647494	0.003517007585428944	-0.007235540595572187	-0.00012857601550142483	0.0012049139901260109	-0.0038865873029401143	-0.00016991364731921976	0.0045430357175104685
-0.0004008366772552119	0.004265920380118526	-0.006736265399112096	-3.7572163862353847e-06	0.0010800951910108214	-0.0036369497047101795	1.7314551353120322e-05	0.0030452101281304156
0.0007225325147799389	0.004765195576578618	-0.0067986747986696905	0.0001834709822865488	0.0005808199945511738	-0.005634050490549658	1.7314551353120322e-05	0.002483525532112729
-0.0006504742754847026	0.005950974168170475	-0.0053008492092896375	-3.7572163862353847e-06	0.0005808199945511738	-0.004448271898957357	-0.00010750424776162504	0.003357257125917501
0.0005977137156647494	0.0050772425743657035	-0.0053008492092896375	0.0003706991809591109	0.001142504590567972	-0.0034497215060371733	0.000516589747813212	0.0038565323223780368
0.0004104855169928534	0.0034545981858713493	-0.006174580803094409	-0.00012857601550142483	0.0006432293941085465	-0.0032624933073648332	-0.00016991364731921976	0.002982800728572821
-0.0007128836750425194	0.0018319537973761069	-0.007547587593359717	-0.0002533948146166143	0.0006432293941085465	-0.0015150301197552896	-0.00016991364731921976	0.00448062631795243
0.00047289491654955995	0.0019567725964917404	-0.007297949995129338	-0.00012857601550142483	0.0006432293941085465	-0.0018894865170999697	-0.0002947324464339651	0.004043760521049933
-0.00033842727769761716	0.0019567725964917404	-0.007173131196014593	0.0003706991809591109	0.0017665985861436972	-0.00032925152816321024	0.000516589747813212	0.005666404909544731
0.0005977137156647494	0.0010830410026865245	-0.008358909787606894	-3.7572163862353847e-06	0.0010176857914532267	-0.00032925152816321024	-4.5094848203586224e-05	0.004917492114855149
-0.0007128836750425194	0.002830504190296068	-0.0067986747986696905	-6.616661594383011e-05	0.001392142188798129	-0.0013902113206401001	0.00020454275002612654	0.004979901514412299
0.0007849419143370895	0.003517007585428944	-0.006049762003979664	-0.00012857601550142483	-0.00023050219969622532	-0.002513580512675251	-0.00010750424776162504	0.004293398119280312
-0.0006504742754847026	0.0025184571925089827	-0.005051211611060147	-3.7572163862353847e-06	0.000768048193223736	-0.0038865873029401143	-0.00010750424776162504	0.0032324383268031998
-0.0006504742754847026	0.004141101581003337	-0.005488077407962422	-0.00012857601550142483	0.0005808199945511738	-0.003324902706922428	1.7314551353120322e-05	0.003357257125917501
0.0006601231152223441	0.003891463982772958	-0.005800124405749729	0.00012106158272895406	0.0005808199945511738	-0.0027632181109051857	7.972395091115914e-05	0.004230988719722273
-0.0009001118737144154	0.004078692181445742	-0.005363258608847232	-0.00037821361373091555	0.000768048193223736	-0.0038865873029401143	-0.0002947324464339651	0.0029203913290156702
0.0007849419143370895	0.0032049605876409704	-0.006424218401324566	0.0002458803818434774	0.0010800951910108214	-0.002263942914445316	0.00020454275002612654	0.00541676731131524
-0.0005880648759271079	0.002268819594279048	-0.007048312396899625	0.0002458803818434774	0.0014545515883561677	-0.001015754923295198	-0.00035714184599155985	0.0038565323223780368
0.0003480761174348146	0.0023936383933937933	-0.007360359394686933	-0.00031580421417332083	0.001579370387470913	-0.0012653925215253548	0.00014213335046830977	0.0056039955099875804
-0.0005256554763699572	0.0025184571925089827	-0.007547587593359717	-3.7572163862353847e-06	0.0012049139901260109	-0.002263942914445316	-4.5094848203586224e-05	0.005291948512200051
0.0005353043161071547	0.0027680947907384734	-0.0067986747986696905	5.865218317091525e-05	0.001579370387470913	-0.002950446309577748	0.00014213335046830977	0.004792673315740403
0.0005977137156647494	0.0038290545832162515	-0.007235540595572187	-3.7572163862353847e-06	0.0008928669923380372	-0.0032624933073648332	-0.00010750424776162504	0.0045430357175104685
-0.0007128836750425194	0.005202061373480449	-0.005800124405749729	-3.7572163862353847e-06	0.0012049139901260109	-0.004323453099842389	7.972395091115914e-05	0.003981351121492338
0.0004104855169928534	0.005576517770825795	-0.005488077407962422	-0.0002533948146166143	0.0005808199945511738	-0.0055092316914344686	-0.00035714184599155985	0.002358706732997984
-0.0007128836750425194	0.004890014375692919	-0.006112171403536815	-6.616661594383011e-05	0.0005808199945511738	-0.00407381550161201	1.7314551353120322e-05	0.00341966652547554
0.0008473513138944622	0.004952423775250514	-0.005425668008404827	0.0002458803818434774	0.000955276391895632	-0.004011406102055304	-0.00016991364731921976	0.0031076195276875662
-0.0007128836750425194	0.0037666451836586567	-0.006299399602209821	-0.0002533948146166143	0.000768048193223736	-0.001827077117542819	-4.5094848203586224e-05	0.0045430357175104685
0.0005977137156647494	0.0018319537973761069	-0.007859634591147246	-0.0002533948146166143	0.0010176857914532267	-0.001639848918870479	-0.0002323230468763704	0.00466785451662477
-0.0008377024741577088	0.001395088000473832	-0.008046862789819365	0.0003082897814010721	0.0016417797870280637	-0.000578889126392923	0.00020454275002612654	0.005291948512200051
-0.0005880648759271079	0.00014690000932415792	-0.009045413182739326	-0.00012857601550142483	0.001142504590567972	-7.961392993283134e-05	1.7314551353120322e-05	0.006165680106004379
0.0005977137156647494	0.002019181996048891	-0.007547587593359717	5.865218317091525e-05	0.0012673233896836056	-0.001827077117542819	-0.00016991364731921976	0.005042310913969894
-0.0006504742754847026	0.002892913589853663	-0.007048312396899625	5.865218317091525e-05	0.0015169609879133183	-0.002076714715772532	0.00020454275002612654	0.004855082715297554
0.0005977137156647494	0.003517007585428944	-0.006861084198227285	5.865218317091525e-05	0.0006432293941085465	-0.002638399311789996	-4.5094848203586224e-05	0.003170028927245161
-0.0006504742754847026	0.005763745969498579	-0.005176030410174448	-6.616661594383011e-05	0.0006432293941085465	-0.004760318896744442	-4.5094848203586224e-05	0.0026707537307850693
0.0005977137156647494	0.005888564768612881	-0.005238439809732487	-3.7572163862353847e-06	0.00039359179587838966	-0.003948996702497265	0.00014213335046830977	0.0038565323223780368
-0.0005256554763699572	0.005326880172596082	-0.005488077407962422	-3.7572163862353847e-06	0.0007056387936661412	-0.004448271898957357	-0.00010750424776162504	0.0027955725299004808
0.00047289491654955995	0.004827604976136213	-0.006673855999554501	-3.7572163862353847e-06	0.0010800951910108214	-0.0027632181109051857	1.7314551353120322e-05	0.003981351121492338
0.0007225325147799389	0.0020815913956062637	-0.0074227687942445275	5.865218317091525e-05	0.0014545515883561677	-0.001827077117542819	7.972395091115914e-05	0.004855082715297554
-0.0006504742754847026	0.0023312289938361985	-0.007110721796456998	0.00012106158272895406	0.002640330179948025	-0.0012653925215253548	0.00014213335046830977	0.005229539112642456
0.0007225325147799389	0.0015199067995890214	-0.007859634591147246	0.0003082897814010721	0.0027651489790632144	-0.0004540703272783997	0.00026695214958372127	0.005978451907332483
-0.0007128836750425194	0.0021440007951640805	-0.007485178193801678	-0.0002533948146166143	0.00239069258171809	-0.001639848918870479	-0.00016991364731921976	0.0038565323223780368
0.0006601231152223441	0.0035794169849856505	-0.006486627800881717	5.865218317091525e-05	0.0019538267848155932	-0.0033873121064800227	1.7314551353120322e-05	0.003544485324590285
-0.0005880648759271079	0.003704235784101062	-0.007173131196014593	-3.7572163862353847e-06	0.0012049139901260109	-0.004510681298514951	0.00014213335046830977	0.003544485324590285
0.0007225325147799389	0.006075792967285443	-0.004863983412387363	-0.00019098541505901956	0.0005808199945511738	-0.005259594093204534	-4.5094848203586224e-05	0.002545934931670768
-0.0007128836750425194	0.007074343360205404	-0.004988802211502552	0.0003706991809591109	0.0005808199945511738	-0.0038865873029401143	0.00026695214958372127	0.0037317135232628473
-0.0005256554763699572	0.00563892717038339	-0.005176030410174448	5.865218317091525e-05	0.0008928669923380372	-0.0038241779033825196	0.00020454275002612654	0.0037317135232628473
0.00028566671787766396	0.0038290545832162515	-0.006424218401324566	-0.00031580421417332083	0.0008928669923380372	-0.002950446309577748	-0.0002947324464339651	0.0036693041237052526
-0.0006504742754847026	0.0008334034044570338	-0.008670956785394202	5.865218317091525e-05	0.0008928669923380372	-0.00039166092772013883	-4.5094848203586224e-05	0.005541586110429986
0.000909760713452723	0.0006461752057842496	-0.007797225191588986	0.0003706991809591109	0.0019538267848155932	-0.00014202332949087015	0.0003917709486984666	0.004792673315740403
-0.0010873400723871995	-0.0002275563880203002	-0.008920594383624136	-0.000503032412845883	0.0016417797870280637	-0.0008909361241800084	0.00020454275002612654	0.006602545902907542
0.0007849419143370895	0.0003341282079969421	-0.008670956785394202	0.0001834709822865488	0.0020786455839305606	-0.002076714715772532	-4.5094848203586224e-05	0.0053543579117572015
-0.0006504742754847026	0.0025808665920661333	-0.007173131196014593	0.0001834709822865488	0.0018914173852579985	-0.003761768503824481	0.00014213335046830977	0.0039189417219356315
0.0006601231152223441	0.004515557978348461	-0.0057377150061921345	-0.00031580421417332083	0.0007056387936661412	-0.0046979094971872914	-0.00010750424776162504	0.003794122922820442
0.000909760713452723	0.007698437355780241	-0.003927842419024996	0.00043310858051626155	0.0008304575927804425	-0.0055092316914344686	0.00020454275002612654	0.0028579819294580755
-0.0006504742754847026	0.006949524561090659	-0.004364708215927715	5.865218317091525e-05	0.00033118239632079494	-0.005072365894531972	0.00014213335046830977	0.002733163130343108
0.00047289491654955995	0.005139651973923298	-0.0057377150061921345	-0.00012857601550142483	-0.00016809280013951877	-0.0042610437002845725	-0.00010750424776162504	0.0032948477263603504
-0.0006504742754847026	0.004328329779676121	-0.00567530560663454	-3.7572163862353847e-06	0.0007056387936661412	-0.003324902706922428	1.7314551353120322e-05	0.004355807518837462
0.0007849419143370895	0.0019567725964917404	-0.007360359394686933	0.0001834709822865488	0.0008304575927804425	-0.0013278019210829495	-4.5094848203586224e-05	0.005479176710872391
-0.0007128836750425194	0.0003965376075545368	-0.008171681588934554	-0.00019098541505901956	0.0016417797870280637	-0.0010781643228525706	7.972395091115914e-05	0.004730263916182809
0.0005977137156647494	0.0009582222035717791	-0.007672406392474462	-0.00019098541505901956	0.0016417797870280637	-0.0010781643228525706	-0.00035714184599155985	0.005229539112642456
-0.0008377024741577088	0.0007709940048989949	-0.006923493597784436	0.0004955179800738563	0.0021410549834881554	-0.0022015335148872772	0.00045418034825561726	0.005229539112642456
-0.0009001118737144154	0.004265920380118526	-0.005987352604422513	-0.000503032412845883	0.0016417797870280637	-0.004323453099842389	-0.0002947324464339651	0.00341966652547554
0.0007225325147799389	0.005264470773038488	-0.005612896207076945	0.0001834709822865488	0.0010176857914532267	-0.0038241779033825196	7.972395091115914e-05	0.004168579320164678
-0.0006504742754847026	0.0061382023668430374	-0.004614345814157428	5.865218317091525e-05	0.0010800951910108214	-0.004510681298514951	0.00014213335046830977	0.0037317135232628473
0.00028566671787766396	0.005763745969498579	-0.004801574012830212	-0.00031580421417332083	0.00014395419764845485	-0.005134775294089566	-0.0004195512455487105	0.004792673315740403
-0.0004008366772552119	0.004141101581003337	-0.005800124405749729	0.0001834709822865488	0.0008304575927804425	-0.0021391241153305707	0.00020454275002612654	0.004355807518837462
0.0007849419143370895	0.0027056853911808787	-0.006236990202652226	0.0002458803818434774	0.001579370387470913	-0.001015754923295198	0.00020454275002612654	0.004355807518837462
-0.0005880648759271079	0.0019567725964917404	-0.006361809001767416	-0.00019098541505901956	0.0016417797870280637	0.00029484246741184883	-0.0002323230468763704	0.005853633108217071
0.00047289491654955995	0.0003965376075545368	-0.005924943204864919	0.0003082897814010721	0.0036388805728677642	0.000669298864756751	0.0003917709486984666	0.007039411699809595
0.0007225325147799389	0.0029553229894112576	-0.006361809001767416	0.0001834709822865488	0.0035764711733103915	-0.0008285267246233019	0.00014213335046830977	0.005978451907332483
-0.0006504742754847026	0.003517007585428944	-0.006486627800881717	-6.616661594383011e-05	0.0032020147759652673	-0.0012653925215253548	-4.5094848203586224e-05	0.00666495530246447
0.0005353043161071547	0.005763745969498579	-0.005238439809732487	5.865218317091525e-05	0.0029523771777357766	-0.00369935910426733	-4.5094848203586224e-05	0.005229539112642456
-0.00033842727769761716	0.007261571558877744	-0.004551936414600055	0.0003082897814010721	0.0031396053764076726	-0.004011406102055304	0.0003917709486984666	0.004418216918395279
0.0004104855169928534	0.006637477563303351	-0.005051211611060147	-0.0002533948146166143	0.0017041891865861025	-0.004885137695860076	0.0003293615491408719	0.00448062631795243
-0.0005256554763699572	0.008135303152682516	-0.003366157823007754	0.0002458803818434774	0.002016236184372966	-0.003761768503824481	-0.00016991364731921976	0.004230988719722273
0.0005977137156647494	0.006450249364630567	-0.004551936414600055	5.865218317091525e-05	0.0027027395795051756	-0.0019518959166575645	0.00020454275002612654	0.0057912237086594764
-0.0006504742754847026	0.00563892717038339	-0.006736265399112096	0.00012106158272895406	0.0006432293941085465	-0.0038865873029401143	0.00014213335046830977	0.002982800728572821
-0.0005256554763699572	-0.0020998383747454774	-0.01166660796415342	-0.00012857601550142483	-0.0027892875815536122	-0.004947547095417226	-0.00016991364731921976	0.0011105187418478657
0.0006601231152223441	0.0015823161991466161	-0.007110721796456998	0.00012106158272895406	0.0025155113808328355	-0.0010781643228525706	0.00014213335046830977	0.005666404909544731
-0.0006504742754847026	0.0030177323889686303	-0.006112171403536815	-3.7572163862353847e-06	0.003014786577292927	-0.0017646677179852244	0.00014213335046830977	0.005042310913969894
0.0005977137156647494	0.002643275991624172	-0.007173131196014593	5.865218317091525e-05	0.002265873782603345	-0.0015150301197552896	-0.00016991364731921976	0.005978451907332483
-0.0005256554763699572	0.003953873382331441	-0.005862533805307324	0.0001834709822865488	0.0027027395795051756	-0.0019518959166575645	-0.0004195512455487105	0.0039189417219356315
0.00028566671787766396	0.004890014375692919	-0.005612896207076945	-0.00037821361373091555	0.0015169609879133183	-0.0021391241153305707	0.0003293615491408719	0.005666404909544731
-0.00033842727769761716	0.005139651973923298	-0.005425668008404827	-0.00012857601550142483	0.000955276391895632	-0.003324902706922428	-0.0002323230468763704	0.004418216918395279
0.0003480761174348146	0.005389289572153011	-0.00430229881637012	0.0002458803818434774	0.001392142188798129	-0.0032000839078072385	0.0003293615491408719	0.004043760521049933
0.0006601231152223441	0.003891463982772958	-0.005488077407962422	0.00012106158272895406	0.000768048193223736	-0.0018894865170999697	0.00014213335046830977	0.005104720313527489
-0.00077529307459967	0.003891463982772958	-0.004926392811944957	-6.616661594383011e-05	0.001579370387470913	-0.002263942914445316	-0.00010750424776162504	0.0045430357175104685
0.0007849419143370895	0.0036418263845436893	-0.005238439809732487	0.0003082897814010721	0.002265873782603345	-0.002076714715772532	0.00020454275002612654	0.004418216918395279
-0.0006504742754847026	0.0021440007951640805	-0.006611446599996906	-6.616661594383011e-05	0.002203464383045306	-0.001015754923295198	-4.5094848203586224e-05	0.005104720313527489
0.0005353043161071547	0.0029553229894112576	-0.006236990202652226	-6.616661594383011e-05	0.0025779207803908744	-0.002451171113117656	-4.5094848203586224e-05	0.005229539112642456
-0.0006504742754847026	0.003517007585428944	-0.006486627800881717	-3.7572163862353847e-06	0.0025779207803908744	-0.002451171113117656	7.972395091115914e-05	0.005978451907332483
0.0007225325147799389	0.003517007585428944	-0.006736265399112096	-0.00031580421417332083	0.00239069258171809	-0.0041986343007272	-0.0002323230468763704	0.00448062631795243
-0.0008377024741577088	0.004890014375692919	-0.005488077407962422	0.0003706991809591109	0.0018290079857004038	-0.004011406102055304	0.00026695214958372127	0.004418216918395279
-0.0005256554763699572	0.005826155369056174	-0.004926392811944957	0.00012106158272895406	0.001392142188798129	-0.0038865873029401143	0.00020454275002612654	0.00466785451662477
0.0005353043161071547	0.006699886962860502	-0.003990251818582591	-0.00012857601550142483	0.000955276391895632	-0.005134775294089566	-4.5094848203586224e-05	0.0027955725299004808
-0.0007128836750425194	0.005763745969498579	-0.004801574012830212	-6.616661594383011e-05	0.0007056387936661412	-0.0038865873029401143	-4.5094848203586224e-05	0.003544485324590285
0.00047289491654955995	0.004577967377905834	-0.005425668008404827	-6.616661594383011e-05	0.0005808199945511738	-0.003324902706922428	-0.00016991364731921976	0.004043760521049933
-0.0004632460768123625	0.004640376777463651	-0.004801574012830212	0.0001834709822865488	0.001579370387470913	-0.0027632181109051857	-0.00010750424776162504	0.004792673315740403
0.0005353043161071547	0.002019181996048891	-0.007173131196014593	-3.7572163862353847e-06	0.0018914173852579985	-0.0009533455237380473	-0.00010750424776162504	0.006103270706447672
-0.0007128836750425194	0.0013326786009164593	-0.007485178193801678	0.0001834709822865488	0.003014786577292927	-0.0013902113206401001	7.972395091115914e-05	0.0057912237086594764
0.0005977137156647494	0.0023936383933937933	-0.008358909787606894	-0.00012857601550142483	0.002453101981275685	-0.0009533455237380473	1.7314551353120322e-05	0.006727364702022287
0.0006601231152223441	0.0023936383933937933	-0.007235540595572187	0.00012106158272895406	0.00239069258171809	-0.0020143053162153812	7.972395091115914e-05	0.006477727103792352
-0.0005880648759271079	0.004765195576578618	-0.005862533805307324	0.00012106158272895406	0.002640330179948025	-0.0035745403051523628	0.00020454275002612654	0.005042310913969894
0.0006601231152223441	0.004827604976136213	-0.005924943204864919	0.0001834709822865488	0.0017665985861436972	-0.0034497215060371733	0.00014213335046830977	0.0051671297130848615
-0.0008377024741577088	0.00601338356772807	-0.004801574012830212	-0.00031580421417332083	0.001142504590567972	-0.004635500097629697	-0.00016991364731921976	0.0028579819294580755
0.0006601231152223441	0.007011933960648253	-0.004364708215927715	5.865218317091525e-05	0.0008304575927804425	-0.005259594093204534	1.7314551353120322e-05	0.004418216918395279
-0.0006504742754847026	0.0055141083712686445	-0.005238439809732487	-3.7572163862353847e-06	0.001579370387470913	-0.0028256275104627804	0.00026695214958372127	0.00466785451662477
0.0008473513138944622	0.005389289572153011	-0.0046767552137150226	-6.616661594383011e-05	0.0018914173852579985	-0.002076714715772532	7.972395091115914e-05	0.0045430357175104685
-0.0007128836750425194	0.0038290545832162515	-0.0074227687942445275	-3.7572163862353847e-06	0.0017041891865861025	-0.0006412985259505177	-0.00010750424776162504	0.005978451907332483
-0.0004632460768123625	0.0030177323889686303	-0.005987352604422513	0.0002458803818434774	0.0033268335750804567	-0.0004540703272783997	0.0003917709486984666	0.006602545902907542
0.0007225325147799389	0.002830504190296068	-0.006486627800881717	0.00012106158272895406	0.003014786577292927	-0.0011405737224103873	7.972395091115914e-05	0.00591604250777511
-0.0006504742754847026	0.002643275991624172	-0.006985902997342031	-0.00019098541505901956	0.002453101981275685	-0.0017646677179852244	-4.5094848203586224e-05	0.006040861306889633
0.0008473513138944622	0.005202061373480449	-0.005113621010616853	0.0002458803818434774	0.0025155113808328355	-0.0036369497047101795	0.00014213335046830977	0.00466785451662477
-0.0007128836750425194	0.006263021165957783	-0.0044895270150424604	5.865218317091525e-05	0.0025155113808328355	-0.0036369497047101795	-0.0002323230468763704	0.004355807518837462
0.00047289491654955995	0.006263021165957783	-0.004551936414600055	-0.00012857601550142483	0.002016236184372966	-0.00407381550161201	0.00020454275002612654	0.003981351121492338
-0.0005256554763699572	0.00782325615489543	-0.0030541108252202243	5.865218317091525e-05	0.0013297327892405342	-0.0025759899122324015	1.7314551353120322e-05	0.00448062631795243
0.0006601231152223441	0.006075792967285443	-0.0055504868075200164	-0.00031580421417332083	0.0012049139901260109	-0.0012653925215253548	-0.0002947324464339651	0.005541586110429986
0.0007849419143370895	0.004203510980560932	-0.004926392811944957	0.0003706991809591109	0.002453101981275685	-0.00032925152816321024	0.0003293615491408719	0.0056039955099875804
-0.0005880648759271079	0.0012078598018012698	-0.007609996992916868	-3.7572163862353847e-06	0.0018914173852579985	0.0009813458625442806	7.972395091115914e-05	0.0064153177042347576
0.0006601231152223441	0.00014690000932415792	-0.00792204399070462	0.0002458803818434774	0.002016236184372966	0.0015430304585615229	0.00026695214958372127	0.00735145869759668
-0.00077529307459967	0.0013326786009164593	-0.007297949995129338	-0.00019098541505901956	0.0025155113808328355	0.0003572518669692215	-0.00010750424776162504	0.007226639898481935
0.0006601231152223441	0.0021440007951640805	-0.007235540595572187	0.00012106158272895406	0.0025155113808328355	0.00041966126652681623	0.0003293615491408719	0.00716423049892434
-0.0004008366772552119	0.004141101581003337	-0.005924943204864919	0.0001834709822865488	0.001579370387470913	-0.003137674508250088	7.972395091115914e-05	0.005104720313527489
0.0005353043161071547	0.006075792967285443	-0.005363258608847232	-0.00037821361373091555	0.0004560011954359844	-0.0032624933073648332	-0.0002947324464339651	0.005541586110429986
-0.0008377024741577088	0.006075792967285443	-0.004551936414600055	0.00012106158272895406	0.0008304575927804425	-0.0032624933073648332	0.00014213335046830977	0.00541676731131524
-0.0007128836750425194	0.006887115161533064	-0.005051211611060147	-0.00019098541505901956	0.0006432293941085465	-0.0027632181109051857	-0.00010750424776162504	0.004917492114855149
0.0005977137156647494	0.004577967377905834	-0.006424218401324566	-3.7572163862353847e-06	0.0006432293941085465	-0.0004540703272783997	-4.5094848203586224e-05	0.006352908304677163
-0.0006504742754847026	0.0037666451836586567	-0.006361809001767416	-3.7572163862353847e-06	0.0012049139901260109	0.0007941176638719405	-0.00010750424776162504	0.006477727103792352
0.000909760713452723	0.0027056853911808787	-0.006736265399112096	0.00043310858051626155	0.002203464383045306	0.0023543526528087	0.00045418034825561726	0.007788324494499621
-0.00077529307459967	0.0007085846053414002	-0.008171681588934554	-6.616661594383011e-05	0.0019538267848155932	0.0034777218448438507	-0.00010750424776162504	0.007226639898481935
0.0005977137156647494	0.0016447255987042109	-0.007360359394686933	0.00012106158272895406	0.0018290079857004038	0.003415312445286256	1.7314551353120322e-05	0.007413868097154719
-0.0005880648759271079	0.0020815913956062637	-0.007485178193801678	-0.0002533948146166143	0.0002687729967636443	0.0024791714519238894	-0.0002323230468763704	0.007101821099367189
0.0003480761174348146	0.002019181996048891	-0.006486627800881717	-0.000503032412845883	-0.00029291159925382004	0.0014182116594463334	-0.0004195512455487105	0.005666404909544731
0.0007225325147799389	0.004765195576578618	-0.0065490372004402	0.0002458803818434774	-0.0011042337935012192	0.00197989625546402	0.00020454275002612654	0.006290498905119568
-0.0005880648759271079	0.004141101581003337	-0.006611446599996906	-6.616661594383011e-05	-0.0016659183895186835	0.0024167620523662947	1.7314551353120322e-05	0.006602545902907542
0.0005353043161071547	0.004203510980560932	-0.006299399602209821	-0.00019098541505901956	-0.0019155559877483963	0.0022919432532519934	-0.0002323230468763704	0.0051671297130848615
-0.0005880648759271079	0.003080141788526225	-0.007110721796456998	5.865218317091525e-05	-0.0014162807912883046	0.004226634639533433	7.972395091115914e-05	0.007601096295827281
0.0007225325147799389	0.0014574974000316487	-0.007360359394686933	0.0001834709822865488	-0.0005425491974835328	0.005537232030240702	-0.00010750424776162504	0.007101821099367189
-0.00077529307459967	0.0014574974000316487	-0.007048312396899625	-0.00019098541505901956	0.00039359179587838966	0.007159876418735944	7.972395091115914e-05	0.008162780891844301
0.0006601231152223441	-4.0328189347738075e-05	-0.008358909787606894	5.865218317091525e-05	0.0008928669923380372	0.008033608012540716	0.00020454275002612654	0.00916133128476404
-0.0005256554763699572	8.44906097665632e-05	-0.007797225191588986	-0.0002533948146166143	1.9135398533265402e-05	0.00734710461740784	-0.00035714184599155985	0.007538686896269242
-0.0005256554763699572	0.0015199067995890214	-0.00810927218937696	-0.00019098541505901956	-0.00041773039836878745	0.007659151615195592	-0.00010750424776162504	0.008724465487861988
0.0005353043161071547	0.0025808665920661333	-0.0074227687942445275	-0.00012857601550142483	-0.001166643193058814	0.007409514016965435	-0.00016991364731921976	0.008350009090516863
-0.0005880648759271079	0.004265920380118526	-0.0067986747986696905	-6.616661594383011e-05	-0.0014786901908463435	0.00734710461740784	1.7314551353120322e-05	0.007725915094942026
0.0006601231152223441	0.004203510980560932	-0.007110721796456998	-6.616661594383011e-05	-0.0020403747868635858	0.00747192341652303	-4.5094848203586224e-05	0.008225190291401896
-0.0007128836750425194	0.004765195576578618	-0.006299399602209821	-0.00012857601550142483	-0.0017283277890762783	0.007783970414310337	0.00020454275002612654	0.007850733894056772
0.0007225325147799389	0.004827604976136213	-0.006112171403536815	0.00012106158272895406	-0.0007921867957139117	0.008532883209000364	-0.00010750424776162504	0.008786874887419582
-0.0007128836750425194	0.002892913589853663	-0.007235540595572187	0.00012106158272895406	0.00020636359720604958	0.009469024202362286	0.00020454275002612654	0.008662056088304393
0.0007849419143370895	0.002892913589853663	-0.0074227687942445275	-6.616661594383011e-05	0.0005184105949933571	0.010280346396610351	-0.00010750424776162504	0.008786874887419582
0.0006601231152223441	0.0010206316031289298	-0.0074227687942445275	0.0002458803818434774	0.0016417797870280637	0.011528534387760025	0.00014213335046830977	0.010534338075029126
-0.0005880648759271079	0.0015823161991466161	-0.006985902997342031	-3.7572163862353847e-06	0.001579370387470913	0.01215262838333464	0.00014213335046830977	0.010035062878568812
0.0005977137156647494	0.001395088000473832	-0.007859634591147246	0.00012106158272895406	0.000768048193223736	0.012402265981564797	-0.00010750424776162504	0.010159881677684002
-0.0005256554763699572	0.0016447255987042109	-0.0074227687942445275	5.865218317091525e-05	0.0008304575927804425	0.012776722378909033	0.00014213335046830977	0.009723015880781949
0.00047289491654955995	0.002830504190296068	-0.006861084198227285	-0.00012857601550142483	-0.00048013979792682626	0.012027809584219895	1.7314551353120322e-05	0.010471928675471531
-0.0006504742754847026	0.003517007585428944	-0.006923493597784436	-6.616661594383011e-05	-0.0010418243939438465	0.01165335318687477	-4.5094848203586224e-05	0.010409519275913937
0.0005977137156647494	0.00332977938675616	-0.006736265399112096	0.00012106158272895406	-0.00041773039836878745	0.011902990785104706	0.00020454275002612654	0.00947337828255157
-0.0005256554763699572	0.004515557978348461	-0.007235540595572187	-6.616661594383011e-05	-0.001353871391731598	0.011091668590857084	-0.00016991364731921976	0.00916133128476404
-0.0005880648759271079	0.0018319537973761069	-0.007297949995129338	-6.616661594383011e-05	-0.0006673679965991663	0.011528534387760025	-4.5094848203586224e-05	0.00959819708166676
0.0005977137156647494	0.0015823161991466161	-0.007297949995129338	5.865218317091525e-05	-0.00029291159925382004	0.012027809584219895	1.7314551353120322e-05	0.008474827889632053
-0.0007128836750425194	-0.00016514698846314957	-0.008670956785394202	-0.00019098541505901956	-0.00029291159925382004	0.012090218983777046	-0.00016991364731921976	0.009098921885206668
0.0008473513138944622	-0.0004147845866930844	-0.008296500388048855	0.0001834709822865488	8.154479809086013e-05	0.012963950577581818	0.00014213335046830977	0.009036512485649073
-0.0007128836750425194	0.0005213564066690601	-0.00810927218937696	-6.616661594383011e-05	-0.00023050219969622532	0.013712863372271844	1.7314551353120322e-05	0.009535787682109165
0.0006601231152223441	0.0003965376075545368	-0.008546137986279234	5.865218317091525e-05	-0.001166643193058814	0.013900091570944406	-0.00010750424776162504	0.00922374068432208
-0.0005880648759271079	0.0015823161991466161	-0.007547587593359717	-0.00031580421417332083	-0.001790737188633429	0.013775272771829217	-0.00035714184599155985	0.008537237289189203
0.0003480761174348146	0.0031425511880838197	-0.006361809001767416	0.0002458803818434774	-0.0012290525926164086	0.013775272771829217	0.0003917709486984666	0.00959819708166676
0.00047289491654955995	0.0040162827818885916	-0.006049762003979664	-0.00019098541505901956	-0.0019155559877483963	0.012776722378909033	-0.0002947324464339651	0.008037962092729112
-0.0007128836750425194	0.004265920380118526	-0.006236990202652226	-0.00031580421417332083	-0.0016659183895186835	0.012901541178024667	-0.00016991364731921976	0.007725915094942026
0.0005977137156647494	0.0023936383933937933	-0.007609996992916868	-3.7572163862353847e-06	-0.0016659183895186835	0.012339856582007203	-0.00016991364731921976	0.007601096295827281
-0.0004008366772552119	0.0017695443978189562	-0.007235540595572187	0.0001834709822865488	-0.0005425491974835328	0.013275997575369125	0.0003917709486984666	0.006477727103792352
0.00047289491654955995	2.208121020896847e-05	-0.00910782258229692	-0.00031580421417332083	-0.0009794149943862518	0.013275997575369125	0.00014213335046830977	0.007663505695384432
-0.0005880648759271079	-0.0017877913769579479	-0.009981554176101248	5.865218317091525e-05	-4.3274001023885234e-05	0.015460326559881166	0.00014213335046830977	0.007101821099367189
0.0007225325147799389	-0.0016005631782853857	-0.009232641381411666	-0.0004406230132885103	-0.000729777396156317	0.015897192356783885	-0.0002947324464339651	0.00735145869759668
-0.0009001118737144154	-0.0014133349796130457	-0.009045413182739326	-6.616661594383011e-05	-0.0009794149943862518	0.016022011155899074	-4.5094848203586224e-05	0.008162780891844301
-0.0008377024741577088	0.0017695443978189562	-0.0074227687942445275	-0.00031580421417332083	-0.0012914619921740034	0.016770923950588656	-0.00035714184599155985	0.007725915094942026
0.000909760713452723	0.0034545981858713493	-0.006673855999554501	0.0002458803818434774	-0.001790737188633429	0.016521286352359166	0.00020454275002612654	0.008225190291401896
-0.0006504742754847026	0.0038290545832162515	-0.006486627800881717	-0.0002533948146166143	-0.0021027841864207364	0.016084420555456225	-0.00010750424776162504	0.008537237289189203
0.00047289491654955995	0.004577967377905834	-0.006424218401324566	-0.0002533948146166143	-0.0024772405837658606	0.016084420555456225	-0.0004195512455487105	0.008037962092729112
-0.0004008366772552119	0.004141101581003337	-0.006923493597784436	0.0001834709822865488	-0.0014786901908463435	0.016708514551031506	-0.00035714184599155985	0.00678977410157966
0.0004104855169928534	0.0014574974000316487	-0.008670956785394202	-0.0002533948146166143	-0.00029291159925382004	0.016770923950588656	1.7314551353120322e-05	0.005978451907332483
-0.0006504742754847026	0.0008958128040141844	-0.008795775584508947	0.00012106158272895406	-4.3274001023885234e-05	0.016646105151473467	-4.5094848203586224e-05	0.005728814309102326
0.0005977137156647494	-0.0009764691827105487	-0.009607097778756124	-3.7572163862353847e-06	0.0007056387936661412	0.017457427345720644	0.00014213335046830977	0.0056039955099875804
0.0006601231152223441	-0.0005396033858078297	-0.009232641381411666	-3.7572163862353847e-06	0.00014395419764845485	0.017956702542180736	-4.5094848203586224e-05	0.004917492114855149
-0.0006504742754847026	0.00027171880843934737	-0.008733366184951796	-6.616661594383011e-05	-0.00048013979792682626	0.017707064943951023	-0.00016991364731921976	0.0056039955099875804
0.0005977137156647494	0.002206410194721453	-0.006923493597784436	-3.7572163862353847e-06	-0.0009794149943862518	0.01789429314262403	-0.00010750424776162504	0.0053543579117572015
-0.0007128836750425194	0.004390739179233272	-0.005800124405749729	-0.00019098541505901956	-0.0017283277890762783	0.017956702542180736	-0.00010750424776162504	0.006228089505561973
0.0006601231152223441	0.004702786177021023	-0.005924943204864919	-3.7572163862353847e-06	-0.0021027841864207364	0.017207789747491153	1.7314551353120322e-05	0.005853633108217071
-0.0006504742754847026	0.004765195576578618	-0.005425668008404827	-0.00012857601550142483	-0.001541099590403494	0.017270199147048748	-4.5094848203586224e-05	0.005104720313527489
0.0005977137156647494	0.004078692181445742	-0.006611446599996906	-0.00019098541505901956	-0.0005425491974835328	0.017332608546606343	-0.0002323230468763704	0.004855082715297554
-0.0008377024741577088	0.0012702692013588646	-0.008483728586721417	0.0002458803818434774	0.0005184105949933571	0.018331158939526304	0.0003293615491408719	0.0034820759250326905
-0.00077529307459967	-0.0009764691827105487	-0.009731916577871758	-0.00019098541505901956	0.00039359179587838966	0.018206340140411115	-0.00010750424776162504	0.0029203913290156702
0.0006601231152223441	-0.0022246571738597787	-0.010231191774331627	5.865218317091525e-05	0.0005184105949933571	0.01764465554439343	-4.5094848203586224e-05	0.0028579819294580755
-0.00077529307459967	-0.0008516503835953593	-0.008670956785394202	-0.0002533948146166143	-0.00010568340058103587	0.018518387138198422	-0.0002323230468763704	0.0022338879338832385
0.0007849419143370895	0.0009582222035717791	-0.007547587593359717	0.00012106158272895406	-0.0006049585970411275	0.0193297093324456	0.00020454275002612654	0.003606894724147658
-0.00077529307459967	0.0020815913956062637	-0.0067986747986696905	-0.0002533948146166143	-0.0016035089899610888	0.019204890533330632	-4.5094848203586224e-05	0.003606894724147658
0.0007225325147799389	0.0044531485787908665	-0.005176030410174448	5.865218317091525e-05	-0.0021027841864207364	0.020765125522267835	0.00020454275002612654	0.004418216918395279
-0.0005256554763699572	0.005202061373480449	-0.005238439809732487	-0.00031580421417332083	-0.0024772405837658606	0.020141031526692776	-0.00035714184599155985	0.003544485324590285
0.0004104855169928534	0.003953873382331441	-0.007235540595572187	-0.00031580421417332083	-0.0021027841864207364	0.021139581919612738	-0.00035714184599155985	0.0026707537307850693
0.0007849419143370895	0.0006461752057842496	-0.009919144776544098	0.00012106158272895406	-0.0022900123850935206	0.020078622127135848	0.00020454275002612654	0.001484975139193212
-0.0007128836750425194	-0.0007892409840382086	-0.010605648171676085	-0.0002533948146166143	-0.001166643193058814	0.020390669124923155	-0.0002323230468763704	0.0006112435453884402
0.0005353043161071547	-0.0006020127853654245	-0.01041841997300419	-0.00012857601550142483	-0.0008545961952715064	0.021014763120497992	-0.00010750424776162504	-0.0005121256466469326
-0.0006504742754847026	-0.0014133349796130457	-0.01079287637034887	-0.00012857601550142483	-0.00041773039836878745	0.020827534921825208	1.7314551353120322e-05	-0.0008865820439916128
0.0006601231152223441	-0.0007892409840382086	-0.009731916577871758	-3.7572163862353847e-06	-0.0006049585970411275	0.021201991319170332	-0.0002323230468763704	-0.0011986290417789203
-0.00077529307459967	0.0003965376075545368	-0.009295050780968817	-0.00031580421417332083	-0.0031637439788982924	0.02032825972536556	-0.0002947324464339651	-0.0008865820439916128
0.0005353043161071547	0.00045894700711168745	-0.009419869580084228	-3.7572163862353847e-06	-0.003226153378455443	0.020390669124923155	0.00014213335046830977	-0.0009489914435487634
-0.0004008366772552119	0.0017695443978189562	-0.008795775584508947	-0.0005654418124036997	-0.0050360259656230255	0.018768024736428357	-0.0006067794442214947	-0.001261038441336515
-0.0006504742754847026	0.0015199067995890214	-0.008983003783181731	-0.00012857601550142483	-0.004099884972260215	0.01889284353554399	-0.00010750424776162504	-1.2850450186840945e-05
0.0007225325147799389	0.0013326786009164593	-0.008421319187164045	5.865218317091525e-05	-0.0031637439788982924	0.020016212727578253	7.972395091115914e-05	-0.0011362196422213255
-0.0009625212732724542	0.0005837658062266549	-0.009669507178314163	-0.0005654418124036997	-0.003226153378455443	0.019704165729790724	-0.0004819606451063052	-0.0018227230373535352
0.0006601231152223441	-0.0004771939862506791	-0.009607097778756124	5.865218317091525e-05	-0.0014162807912883046	0.01945452813156079	1.7314551353120322e-05	-0.0026340452316009344
-0.0009001118737144154	-0.00035237518713593374	-0.008858184984066542	-0.00031580421417332083	-0.0008545961952715064	0.020016212727578253	0.00020454275002612654	-0.0021971794346988816
0.0007225325147799389	2.208121020896847e-05	-0.008421319187164045	0.0002458803818434774	-0.0008545961952715064	0.019891393928463508	0.00020454275002612654	-0.0019475418364685027
-0.0004632460768123625	-0.0004147845866930844	-0.008296500388048855	-0.00012857601550142483	-0.002414831184208266	0.021077172520055587	-0.0002323230468763704	-0.0028836828298313133
0.00047289491654955995	0.0015199067995890214	-0.00810927218937696	-0.00012857601550142483	-0.0031637439788982924	0.02176367591518802	-4.5094848203586224e-05	-0.0018227230373535352
0.0005353043161071547	0.0009582222035717791	-0.008046862789819365	-0.0002533948146166143	-0.003975066173145914	0.02182608531474517	-0.00035714184599155985	-0.0019475418364685027
-0.0008377024741577088	0.0015199067995890214	-0.007609996992916868	-0.000503032412845883	-0.0044119319700484105	0.02301186390633747	-0.0004195512455487105	-0.002072360635583692
0.0005977137156647494	0.0017695443978189562	-0.008171681588934554	-6.616661594383011e-05	-0.004536750769163156	0.022824635707664687	-0.00016991364731921976	-0.0013234478408941097
-0.0002136084785824277	0.0017071349982613615	-0.007485178193801678	0.0002458803818434774	-0.0027892875815536122	0.023823186100584648	0.0003917709486984666	-0.0024468170329283723
0.0004104855169928534	0.0015199067995890214	-0.00792204399070462	-0.000503032412845883	-0.003288562778013482	0.023323910904125222	1.7314551353120322e-05	-0.00188513243691113
-0.0005880648759271079	0.0011454504022441192	-0.008358909787606894	-3.7572163862353847e-06	-0.001353871391731598	0.022887045107222725	0.00026695214958372127	-0.002321998233813627
0.0007849419143370895	0.0007709940048989949	-0.007797225191588986	-0.000503032412845883	-0.00222760298553637	0.022387769910762634	-0.00035714184599155985	-0.0030085016289460587
-0.0008377024741577088	0.0007085846053414002	-0.008483728586721417	-0.00019098541505901956	-0.001790737188633429	0.0221381323125327	-0.00016991364731921976	-0.0028212734302737186
-0.0005256554763699572	0.0005213564066690601	-0.007547587593359717	0.0001834709822865488	-0.001166643193058814	0.0241352330983724	0.00020454275002612654	-0.0026340452316009344
0.0006601231152223441	0.0010206316031289298	-0.007609996992916868	-3.7572163862353847e-06	-0.0022900123850935206	0.0253210116899647	1.7314551353120322e-05	-0.0030085016289460587
-0.0005256554763699572	0.00045894700711168745	-0.00810927218937696	-3.7572163862353847e-06	-0.0024772405837658606	0.025757877486867198	7.972395091115914e-05	-0.0024468170329283723
0.0003480761174348146	0.0005213564066690601	-0.007797225191588986	-0.00031580421417332083	-0.003288562778013482	0.02644438088199985	-0.0005443700446638999	-0.0021347700351408427
-0.0004632460768123625	0.0017695443978189562	-0.007173131196014593	0.00012106158272895406	-0.0036006097758007893	0.027567750074034336	-0.0002323230468763704	-0.0022595888342564763
0.0005977137156647494	0.0007709940048989949	-0.00810927218937696	-0.00019098541505901956	-0.004162294371818254	0.026943656078459943	1.7314551353120322e-05	-0.0026340452316009344
-0.0005880648759271079	0.0011454504022441192	-0.007297949995129338	-0.00019098541505901956	-0.004848797766950685	0.026132333884211878	-0.0002947324464339651	-0.0025716358320435617
0.0005353043161071547	0.0014574974000316487	-0.008234090988492149	-3.7572163862353847e-06	-0.003413381577128227	0.0253210116899647	7.972395091115914e-05	-0.0019475418364685027
0.0005977137156647494	0.0003965376075545368	-0.007859634591147246	-6.616661594383011e-05	-0.0027892875815536122	0.025570649288194636	-4.5094848203586224e-05	-0.002946092229388464
-0.0005880648759271079	0.0003341282079969421	-0.008358909787606894	-3.7572163862353847e-06	-0.002664468782438645	0.025570649288194636	7.972395091115914e-05	-0.0026340452316009344
0.0006601231152223441	-0.0008516503835953593	-0.008670956785394202	0.0001834709822865488	-0.0019155559877483963	0.02550823988863682	0.00014213335046830977	-0.0028212734302737186
-0.0008377024741577088	-0.0005396033858078297	-0.008358909787606894	-0.00031580421417332083	-0.0027268781819960175	0.02638197148244159	-0.0002323230468763704	-0.0025716358320435617
0.0005353043161071547	-0.0004147845866930844	-0.008670956785394202	-0.00019098541505901956	-0.003850247374030724	0.02544583048907989	-0.0002947324464339651	-0.0016354948386811952
-0.0007128836750425194	-0.0002275563880203002	-0.00798445339026177	-0.00019098541505901956	-0.005722529360755457	0.023823186100584648	-0.00016991364731921976	-0.0009489914435487634
0.0005977137156647494	0.0008334034044570338	-0.006985902997342031	-0.00019098541505901956	-0.006533851555002634	0.02245017931032023	-4.5094848203586224e-05	0.0005488341458310675
-0.0005256554763699572	0.0012702692013588646	-0.007048312396899625	-0.00037821361373091555	-0.006533851555002634	0.02095235372094062	-0.0005443700446638999	4.955894937075378e-05
-0.0004632460768123625	0.0018943631969337016	-0.005987352604422513	5.865218317091525e-05	-0.005410482362967928	0.02095235372094062	0.00020454275002612654	0.0007360623445036296
0.00047289491654955995	0.0005213564066690601	-0.007547587593359717	-0.0002533948146166143	-0.0050360259656230255	0.01945452813156079	-0.0002323230468763704	-0.00013766924930114222
-0.0009001118737144154	-0.0008516503835953593	-0.008046862789819365	-0.0004406230132885103	-0.0035382003762434167	0.019891393928463508	-0.00035714184599155985	-0.001448266640008411
0.0008473513138944622	-0.000289965787578339	-0.007672406392474462	0.0003706991809591109	-0.002602059382880828	0.021326810118285522	0.0003293615491408719	-0.0018227230373535352
-0.00077529307459967	-0.001975019575630288	-0.009170231981854071	-0.00019098541505901956	-0.0021027841864207364	0.021139581919612738	7.972395091115914e-05	-0.0021347700351408427
0.0007849419143370895	-0.002162247774303072	-0.008171681588934554	0.00012106158272895406	-0.0031013345793406977	0.022013313513417954	-4.5094848203586224e-05	-0.0011362196422213255
-0.0006504742754847026	-0.0010388785822679214	-0.007609996992916868	0.0002458803818434774	-0.004474341369605561	0.021014763120497992	0.00014213335046830977	0.0005488341458310675
0.0007225325147799389	-0.0006644221849230192	-0.005862533805307324	-0.000503032412845883	-0.005972166958985614	0.02026585032580841	-0.0002947324464339651	0.0011105187418478657
0.0006601231152223441	0.0016447255987042109	-0.005238439809732487	-0.00019098541505901956	-0.007782039546152308	0.01889284353554399	-0.00035714184599155985	0.0022338879338832385
-0.00077529307459967	0.0014574974000316487	-0.00567530560663454	-0.0004406230132885103	-0.008094086543939838	0.017457427345720644	-0.0004819606451063052	0.0031076195276875662
0.0008473513138944622	0.002643275991624172	-0.0038654330194676234	0.0001834709822865488	-0.005597710561640268	0.019516937531118383	0.00026695214958372127	0.003794122922820442
-0.0007128836750425194	0.008384940750912895	0.0011897283446886675	-3.7572163862353847e-06	0.0016417797870280637	0.025945105685539982	7.972395091115914e-05	0.001484975139193212
0.0007849419143370895	-0.0002275563880203002	-0.007485178193801678	0.0002458803818434774	-0.004349522570490816	0.021264400718727927	0.00020454275002612654	0.00023678714804353795
-0.0005256554763699572	-0.0012885161804983003	-0.00792204399070462	0.00012106158272895406	-0.0031013345793406977	0.02432246129704474	-0.0004195512455487105	-0.0007617632448764233
0.00028566671787766396	-0.002411885372532563	-0.00910782258229692	-6.616661594383011e-05	-0.00222760298553637	0.024884145893062426	7.972395091115914e-05	0.00023678714804353795
-0.0004632460768123625	-0.0025367041716477523	-0.006985902997342031	0.0001834709822865488	-0.003288562778013482	0.02463450829483227	7.972395091115914e-05	0.0012977469405204278
-0.0006504742754847026	0.0012702692013588646	-0.004614345814157428	-3.7572163862353847e-06	-0.003413381577128227	0.02457209889527512	1.7314551353120322e-05	0.004917492114855149
0.0005977137156647494	0.00020930940888175265	-0.0053008492092896375	-0.00012857601550142483	-0.006970717351905131	0.021264400718727927	-0.00016991364731921976	0.004168579320164678
-0.0004632460768123625	0.0019567725964917404	-0.004364708215927715	-0.00012857601550142483	-0.00840613354172759	0.02057789732359594	-4.5094848203586224e-05	0.005541586110429986
0.0007225325147799389	0.0020815913956062637	-0.004926392811944957	-3.7572163862353847e-06	-0.00878058993907227	0.019080071734215887	1.7314551353120322e-05	0.005042310913969894
-0.00077529307459967	0.0014574974000316487	-0.005238439809732487	-0.0004406230132885103	-0.0067210797536754185	0.019267299932888227	1.7314551353120322e-05	0.003606894724147658
0.0006601231152223441	0.0012702692013588646	-0.006049762003979664	0.00012106158272895406	-0.003475790976685822	0.021077172520055587	1.7314551353120322e-05	0.002545934931670768
-0.0005880648759271079	-0.0004147845866930844	-0.007797225191588986	0.0002458803818434774	-0.0010418243939438465	0.022574998109435418	0.00020454275002612654	0.0011729281414059045
0.0006601231152223441	-0.0016005631782853857	-0.007797225191588986	-6.616661594383011e-05	-0.0016035089899610888	0.02276222630810798	-0.00010750424776162504	0.0006736529449460349
0.0007225325147799389	-0.0019126101760731373	-0.007734815792032057	0.00012106158272895406	-0.002664468782438645	0.02145162891740071	1.7314551353120322e-05	0.0016722033378659962
-0.0007128836750425194	-0.001350925580055451	-0.005800124405749729	-3.7572163862353847e-06	-0.003850247374030724	0.02032825972536556	0.00014213335046830977	0.003170028927245161
0.0005977137156647494	0.00027171880843934737	-0.004614345814157428	-0.00019098541505901956	-0.006845898552789942	0.018580796537756017	-0.0002947324464339651	0.004730263916182809
-0.0006504742754847026	0.0011454504022441192	-0.0040526612181401855	-0.00019098541505901956	-0.00859336174039993	0.01695815214926122	-0.00016991364731921976	0.007601096295827281
0.0006601231152223441	0.0015199067995890214	-0.003116520224777375	-6.616661594383011e-05	-0.008967818137744388	0.016209239354571636	-0.00035714184599155985	0.00735145869759668
-0.00077529307459967	0.0017695443978189562	-0.003927842419024996	-0.0004406230132885103	-0.007657220747037119	0.01714538034793356	-4.5094848203586224e-05	0.006727364702022287
0.0007225325147799389	0.0009582222035717791	-0.005051211611060147	-6.616661594383011e-05	-0.005535301162083117	0.019204890533330632	1.7314551353120322e-05	0.004917492114855149
-0.0005880648759271079	-0.000289965787578339	-0.007734815792032057	-0.00019098541505901956	-0.004786388367392647	0.01995380332802066	-0.00035714184599155985	0.0028579819294580755
-0.0006504742754847026	-0.0026615229707629418	-0.008483728586721417	-0.00012857601550142483	-0.0029765157802259523	0.02032825972536556	-4.5094848203586224e-05	0.0020466597352104543
0.0005353043161071547	-0.0024742947720901576	-0.007672406392474462	5.865218317091525e-05	-0.0031013345793406977	0.020078622127135848	-0.00010750424776162504	0.0015473845387508067
-0.0005256554763699572	-0.001538153778727791	-0.0065490372004402	0.0001834709822865488	-0.00366301917535794	0.018830434135985508	0.00020454275002612654	0.003170028927245161
0.0003480761174348146	-0.0016629725778429805	-0.005862533805307324	-0.00037821361373091555	-0.005597710561640268	0.015772373557668695	-0.0004819606451063052	0.006477727103792352
-0.0005256554763699572	0.0005213564066690601	-0.0036782048207952833	-3.7572163862353847e-06	-0.006783489153232347	0.015210688961651897	-0.00016991364731921976	0.0074762774967118695
0.0006601231152223441	0.0008958128040141844	-0.003927842419024996	-0.00012857601550142483	-0.008530952340842335	0.013525635173599504	-0.00016991364731921976	0.007663505695384432
-0.0006504742754847026	0.00027171880843934737	-0.003990251818582591	-0.00037821361373091555	-0.008156495943497433	0.013837682171386811	-0.00035714184599155985	0.006477727103792352
0.0004104855169928534	0.00014690000932415792	-0.006299399602209821	-0.00012857601550142483	-0.006533851555002634	0.015085870162536708	-0.00010750424776162504	0.005728814309102326
0.0008473513138944622	-0.0017877913769579479	-0.0067986747986696905	0.0003706991809591109	-0.003975066173145914	0.017207789747491153	0.0003293615491408719	0.004230988719722273
-0.0008377024741577088	-0.0023494759729754122	-0.007672406392474462	-0.00037821361373091555	-0.003975066173145914	0.01814393074085352	-0.0002323230468763704	0.0027955725299004808
0.0005977137156647494	-0.0029111605689926545	-0.008296500388048855	-0.00012857601550142483	-0.00366301917535794	0.018331158939526304	-0.00010750424776162504	0.002545934931670768
-0.0006504742754847026	-0.002599113571205347	-0.007048312396899625	-6.616661594383011e-05	-0.003288562778013482	0.018331158939526304	1.7314551353120322e-05	0.00466785451662477
0.0007225325147799389	-0.0011012879818255161	-0.005363258608847232	0.0001834709822865488	-0.004848797766950685	0.017207789747491153	-0.0002323230468763704	0.006290498905119568
-0.0007128836750425194	-0.0008516503835953593	-0.0053008492092896375	-0.0002533948146166143	-0.007969267744825093	0.014336957367846681	-0.0002323230468763704	0.007413868097154719
0.0005977137156647494	-0.000289965787578339	-0.003990251818582591	-3.7572163862353847e-06	-0.00846854294128474	0.014336957367846681	7.972395091115914e-05	0.008911693686533884
-0.0004632460768123625	0.0009582222035717791	-0.00430229881637012	-0.00031580421417332083	-0.009030227537302649	0.013588044573156655	-0.0002323230468763704	0.008599646688746798
-0.0008377024741577088	-0.0005396033858078297	-0.004926392811944957	-0.000503032412845883	-0.008156495943497433	0.015148279562094302	-0.0004819606451063052	0.007850733894056772
0.0007225325147799389	-0.000289965787578339	-0.0053008492092896375	-3.7572163862353847e-06	-0.007095536151020321	0.01683333335014625	1.7314551353120322e-05	0.00735145869759668
-0.0006504742754847026	-0.0011012879818255161	-0.006299399602209821	-6.616661594383011e-05	-0.005535301162083117	0.018081521341295925	-4.5094848203586224e-05	0.00666495530246447
0.0005977137156647494	-0.0011636973813831109	-0.006112171403536815	0.0001834709822865488	-0.0045991601687203065	0.018518387138198422	-4.5094848203586224e-05	0.005291948512200051
-0.0006504742754847026	-0.0008516503835953593	-0.005987352604422513	-0.0002533948146166143	-0.004911207166507836	0.01764465554439343	1.7314551353120322e-05	0.0057912237086594764
0.0007849419143370895	-0.000914059783152954	-0.0055504868075200164	0.0001834709822865488	-0.005535301162083117	0.015897192356783885	-4.5094848203586224e-05	0.006602545902907542
-0.0005880648759271079	-0.0002275563880203002	-0.004427117615484866	-6.616661594383011e-05	-0.006533851555002634	0.014524185566519465	-0.00010750424776162504	0.00735145869759668
0.0007225325147799389	0.00020930940888175265	-0.004115070617697336	-0.0002533948146166143	-0.0062842139567722555	0.014149729169174341	-0.00016991364731921976	0.00810037149228715
0.0007849419143370895	0.0003341282079969421	-0.003366157823007754	0.0001834709822865488	-0.006159395157657954	0.014773823164748734	0.00026695214958372127	0.008662056088304393
-0.0008377024741577088	-0.000289965787578339	-0.004614345814157428	-0.00037821361373091555	-0.00647144215544504	0.014773823164748734	-0.0002947324464339651	0.008537237289189203
0.0005353043161071547	-0.0012261067809402615	-0.005113621010616853	-0.00012857601550142483	-0.005722529360755457	0.015397917160324015	-0.0002323230468763704	0.00791314329361481
-0.0006504742754847026	-0.0005396033858078297	-0.004801574012830212	-3.7572163862353847e-06	-0.0054728917625255225	0.01714538034793356	-4.5094848203586224e-05	0.007725915094942026
0.0007225325147799389	-0.0007892409840382086	-0.005425668008404827	0.0001834709822865488	-0.005909757559428019	0.017395017946163938	-0.00010750424776162504	0.007538686896269242
-0.0007128836750425194	-0.0014133349796130457	-0.005425668008404827	-0.0002533948146166143	-0.0071579455505779155	0.01751983674527824	-0.0002323230468763704	0.007663505695384432
0.0005353043161071547	-0.0004771939862506791	-0.005051211611060147	-6.616661594383011e-05	-0.0073451737492498115	0.017207789747491153	1.7314551353120322e-05	0.008474827889632053
-0.0005880648759271079	-0.00035237518713593374	-0.004926392811944957	-0.00037821361373091555	-0.007782039546152308	0.016458876952801127	-0.00035714184599155985	0.008225190291401896
-0.0006504742754847026	-0.00035237518713593374	-0.0044895270150424604	-0.00031580421417332083	-0.007844448945709903	0.016770923950588656	-0.00016991364731921976	0.008786874887419582
0.0006601231152223441	-0.0009764691827105487	-0.0053008492092896375	-3.7572163862353847e-06	-0.007594811347479968	0.016770923950588656	-0.00010750424776162504	0.009098921885206668
-0.0004632460768123625	-0.0011636973813831109	-0.004926392811944957	0.00012106158272895406	-0.006533851555002634	0.017769474343508396	0.00020454275002612654	0.009660606481224354
0.0004104855169928534	-0.0016005631782853857	-0.00567530560663454	-0.00031580421417332083	-0.007407583148807628	0.017207789747491153	-0.0002947324464339651	0.008911693686533884
-0.0007128836750425194	-0.0020998383747454774	-0.006236990202652226	-0.0002533948146166143	-0.0073451737492498115	0.01683333335014625	0.00014213335046830977	0.008911693686533884
0.0007849419143370895	-0.0016629725778429805	-0.005488077407962422	0.00012106158272895406	-0.007469992548365223	0.016084420555456225	-0.00010750424776162504	0.008849284286976289
-0.0005880648759271079	-0.0008516503835953593	-0.005176030410174448	-0.0005654418124036997	-0.007906858345267498	0.014649004365633989	-0.0006691888437790894	0.007850733894056772
0.00022325731832029128	-0.001538153778727791	-0.003990251818582591	-3.7572163862353847e-06	-0.006533851555002634	0.015460326559881166	-4.5094848203586224e-05	0.008849284286976289
0.0008473513138944622	0.0009582222035717791	-0.003366157823007754	0.0003082897814010721	-0.005847348159870425	0.015460326559881166	0.0003293615491408719	0.009098921885206668
-0.0008377024741577088	-4.0328189347738075e-05	-0.004364708215927715	-0.0004406230132885103	-0.005160844764737993	0.014399366767403832	-0.0002947324464339651	0.008537237289189203
0.0006601231152223441	0.0012078598018012698	-0.002866882626548106	0.00012106158272895406	-0.003226153378455443	0.016646105151473467	1.7314551353120322e-05	0.00916133128476404
-0.0005256554763699572	0.002206410194721453	-0.0019307416331852956	0.0002458803818434774	-0.0007921867957139117	0.018768024736428357	0.0003293615491408719	0.010846385072816433
0.0007849419143370895	0.0020815913956062637	-0.0014938758362832427	0.0005579273796310069	0.000768048193223736	0.01889284353554399	7.972395091115914e-05	0.010409519275913937
-0.0008377024741577088	0.0017071349982613615	-0.0013066476376104585	-3.7572163862353847e-06	-0.002165193585978775	0.015709964158111545	1.7314551353120322e-05	0.0097854252803391
0.0006601231152223441	0.0015199067995890214	-0.0021179698318580797	0.00012106158272895406	-0.0050360259656230255	0.012215037782892013	0.00020454275002612654	0.008350009090516863
-0.0004632460768123625	-0.0006644221849230192	0.00031599675088389567	-6.616661594383011e-05	-0.0033509721775710766	0.012901541178024667	-0.00016991364731921976	0.010783975673259283
-0.00077529307459967	0.0034545981858713493	0.0003784061504414904	-0.00012857601550142483	-0.004287113170932777	0.011278896789529425	-0.00016991364731921976	0.010783975673259283
0.0007849419143370895	0.0015823161991466161	-0.0006825536420356215	0.0003082897814010721	-0.0050360259656230255	0.009469024202362286	0.00026695214958372127	0.008786874887419582
-0.0008377024741577088	0.0023936383933937933	-0.00012086904601860127	-0.00031580421417332083	-0.0037254285749155347	0.00965625240103507	-0.00016991364731921976	0.00810037149228715
0.0005977137156647494	0.002456047792951388	-0.000370506644248092	-3.7572163862353847e-06	-0.0017283277890762783	0.010342755796167946	-4.5094848203586224e-05	0.006290498905119568
-0.0006504742754847026	0.0008958128040141844	-0.0016186946353982101	-3.7572163862353847e-06	-0.0008545961952715064	0.010904440392184744	0.0003293615491408719	0.006602545902907542
0.0007225325147799389	0.0019567725964917404	-0.0004329160438056867	0.0004955179800738563	0.001579370387470913	0.011278896789529425	1.7314551353120322e-05	0.006228089505561973
-0.0007128836750425194	0.0012702692013588646	-0.0011194194389381185	0.0003082897814010721	0.0008304575927804425	0.009344205403247985	0.00014213335046830977	0.005666404909544731
0.0006601231152223441	0.0011454504022441192	3.949753096588182e-06	0.0003082897814010721	-0.000729777396156317	0.0072846952178502455	0.00026695214958372127	0.006103270706447672
0.0005977137156647494	0.0012078598018012698	-0.00024568784513290254	-0.00012857601550142483	-0.0027892875815536122	0.003852178242188753	-0.00010750424776162504	0.005479176710872391
-0.0008377024741577088	0.0017071349982613615	0.0008152719473439873	-0.0002533948146166143	-0.003288562778013482	0.0020423056550216145	-0.00035714184599155985	0.005479176710872391
0.0007849419143370895	0.0027056853911808787	0.001501775342476197	0.0003706991809591109	-0.0027268781819960175	0.0016054398581191176	0.00026695214958372127	0.0056039955099875804
-0.0007128836750425194	0.0015823161991466161	0.0006280437486718693	-6.616661594383011e-05	-0.0016035089899610888	0.0018550774563488304	-4.5094848203586224e-05	0.00341966652547554
0.0007849419143370895	0.0012702692013588646	0.0003784061504414904	0.00012106158272895406	-0.00010568340058103587	0.0030408560479411317	-4.5094848203586224e-05	0.0021714785343251997
-0.0007128836750425194	0.0007709940048989949	-0.0010570100393809678	-3.7572163862353847e-06	0.0025779207803908744	0.005225185032453172	0.00020454275002612654	0.0008608811436179309
0.0007849419143370895	-0.0007892409840382086	-0.0021179698318580797	5.865218317091525e-05	0.003514061773752797	0.005911688427585604	0.00014213335046830977	0.0007360623445036296
-0.0007128836750425194	8.44906097665632e-05	-0.0005577348429208762	0.0001834709822865488	0.002827558378620587	0.005100366233338427	1.7314551353120322e-05	0.0011729281414059045
-0.0005880648759271079	0.0038290545832162515	0.0032492385300859628	0.0003082897814010721	0.005136706162247595	0.005849279028028231	0.00045418034825561726	0.004855082715297554
0.0005977137156647494	0.007698437355780241	0.0077427152982254555	0.00043310858051626155	0.0061352565551677785	0.005662050829355891	0.0003293615491408719	0.00828759969095949
-0.0008377024741577088	0.00932108174427504	0.00917813148804747	0.00012106158272895406	0.005760800157822432	0.004850728635108714	0.00020454275002612654	0.010222291077241152
0.0005353043161071547	0.006887115161533064	0.007430668300437482	0.0002458803818434774	0.0027651489790632144	0.001917486855906425	7.972395091115914e-05	0.0051671297130848615
-0.0004632460768123625	0.003517007585428944	0.003998151324775989	0.0001834709822865488	-0.0008545961952715064	-0.0007661173250657072	-0.00010750424776162504	0.003544485324590285
0.0005977137156647494	0.0017695443978189562	0.001501775342476197	-6.616661594383011e-05	-0.0006049585970411275	0.002603990251038635	7.972395091115914e-05	0.003357257125917501
-0.0005880648759271079	0.0005213564066690601	0.0001911779517691503	0.0002458803818434774	0.00039359179587838966	0.006598191822718036	0.00026695214958372127	0.0041061699206075275
0.0006601231152223441	0.0010206316031289298	-0.003366157823007754	-0.00031580421417332083	-0.0020403747868635858	0.008283245610770429	-0.0002947324464339651	0.0032324383268031998
0.0005977137156647494	-0.0017877913769579479	-0.0036157954212372445	-6.616661594383011e-05	-0.003226153378455443	0.01065480279395481	-0.00010750424776162504	0.004355807518837462
-0.0005880648759271079	-0.000914059783152954	-0.0036157954212372445	-6.616661594383011e-05	-0.005348072963410777	0.012402265981564797	7.972395091115914e-05	0.006477727103792352
0.0003480761174348146	-0.0012261067809402615	-0.00430229881637012	-0.00037821361373091555	-0.007594811347479968	0.012277447182449608	-0.0004819606451063052	0.007663505695384432
-0.0005880648759271079	-0.0005396033858078297	-0.0028044732269905115	-6.616661594383011e-05	-0.0082813147426124	0.012714312979351883	1.7314551353120322e-05	0.009847834679896472
0.0005977137156647494	-0.00016514698846314957	-0.003303748423450159	-0.00019098541505901956	-0.010153596729337133	0.012589494180236693	-0.0004819606451063052	0.01159529786750646
-0.0008377024741577088	-0.0016005631782853857	-0.004863983412387363	-0.0004406230132885103	-0.009966368530664349	0.016271648754128787	-4.5094848203586224e-05	0.011844935465736395
0.0007225325147799389	-0.001975019575630288	-0.005176030410174448	-0.0005654418124036997	-0.009966368530664349	0.01789429314262403	-0.0004195512455487105	0.011096022671046368
-0.0009001118737144154	-0.0027239323703198703	-0.007859634591147246	-3.7572163862353847e-06	-0.008530952340842335	0.019579346930675978	-4.5094848203586224e-05	0.010659156874143871
-0.0006504742754847026	-0.003660073363683125	-0.007609996992916868	-0.00019098541505901956	-0.008031677144382687	0.02045307852448075	-0.0002323230468763704	0.010347109876356342
0.0007225325147799389	-0.0030983887676654387	-0.007609996992916868	0.00012106158272895406	-0.0082813147426124	0.020765125522267835	7.972395091115914e-05	0.010222291077241152
-0.0006504742754847026	-0.003410435765452746	-0.007360359394686933	-0.0002533948146166143	-0.00846854294128474	0.020203440926250815	-0.00010750424776162504	0.010534338075029126
0.0005977137156647494	-0.0012885161804983003	-0.004926392811944957	-0.00012857601550142483	-0.00859336174039993	0.01982898452890547	-0.0002323230468763704	0.015402271240512855
-0.0005256554763699572	0.002268819594279048	-0.0014938758362832427	0.0001834709822865488	-0.006034576358542765	0.021264400718727927	0.0006414085469284014	0.02931956734183272
0.0005977137156647494	0.015874068697811383	0.013421970657956361	0.000745155578303347	-0.007282764349692217	0.018206340140411115	-4.5094848203586224e-05	0.014653358445823272
-0.0006504742754847026	0.0014574974000316487	-0.0012442382380528638	-3.7572163862353847e-06	-0.0067210797536754185	0.017457427345720644	-0.00016991364731921976	0.01409167384980603
0.0005977137156647494	0.0011454504022441192	-0.004427117615484866	-0.00012857601550142483	-0.007407583148807628	0.015522735959439204	-4.5094848203586224e-05	0.011532888467948421
0.0007849419143370895	-0.0017877913769579479	-0.004427117615484866	5.865218317091525e-05	-0.006658670354117824	0.015273098361208826	-4.5094848203586224e-05	0.010409519275913937
-0.0006504742754847026	-0.001975019575630288	-0.004926392811944957	-0.00019098541505901956	-0.0056601199611978625	0.015148279562094302	-0.00010750424776162504	0.009847834679896472
0.0007225325147799389	-0.0019126101760731373	-0.003990251818582591	0.00012106158272895406	-0.004474341369605561	0.014461776166961426	7.972395091115914e-05	0.009036512485649073
-0.0005880648759271079	-0.00035237518713593374	-0.0029292920261048128	-3.7572163862353847e-06	-0.004474341369605561	0.013338406974927164	7.972395091115914e-05	0.007101821099367189
0.0003480761174348146	-0.0009764691827105487	-0.003490976622122499	-0.0004406230132885103	-0.005223254164295588	0.010779621593069555	-0.00016991364731921976	0.007226639898481935
-0.0006504742754847026	2.208121020896847e-05	-0.0021803792314156745	-6.616661594383011e-05	-0.0045991601687203065	0.008720111407672704	1.7314551353120322e-05	0.00685218350113681
0.0007225325147799389	0.0011454504022441192	-0.001431466436725426	0.00012106158272895406	-0.0012290525926164086	0.009968299398822378	0.0003293615491408719	0.008849284286976289
-0.0004632460768123625	0.0025184571925089827	0.0003784061504414904	5.865218317091525e-05	-0.00048013979792682626	0.009406614802804691	1.7314551353120322e-05	0.00791314329361481
-0.00033842727769761716	0.0007085846053414002	-0.0015562852358406154	0.0003082897814010721	-0.0017283277890762783	0.008096017412097423	0.0003917709486984666	0.006103270706447672
0.00047289491654955995	-0.0006644221849230192	-0.0025548356287601326	-6.616661594383011e-05	-0.001166643193058814	0.0070974670191779055	-0.00010750424776162504	0.005104720313527489
-0.0005880648759271079	0.0040162827818885916	0.002999600931855806	0.0003706991809591109	0.004450202767115385	0.010467574595282247	0.00026695214958372127	0.008974103086091922
0.0006601231152223441	0.003517007585428944	0.002188278737608629	0.0003706991809591109	0.0027651489790632144	0.0077215610147527425	0.00026695214958372127	0.004979901514412299
-0.0007128836750425194	0.0018943631969337016	0.0011273189451315169	-3.7572163862353847e-06	0.001142504590567972	0.00466350043643593	-0.0004195512455487105	0.0026083443312279186
0.0004104855169928534	0.0015199067995890214	0.0012521377442462622	-0.00037821361373091555	-0.0006049585970411275	0.0009189364629871299	0.00045418034825561726	0.003170028927245161
-0.00027601787814002243	0.0030177323889686303	0.0020634599384934393	0.0001834709822865488	-0.00023050219969622532	-0.00014202332949087015	0.00020454275002612654	0.0019842503356528596
0.0006601231152223441	0.002019181996048891	0.0016890035411487592	-0.0004406230132885103	8.154479809086013e-05	-0.0007037079255081125	-0.00035714184599155985	0.0008608811436179309
0.0007225325147799389	0.0018943631969337016	0.0011273189451315169	0.0002458803818434774	0.0013297327892405342	-0.0002044327290480208	0.00014213335046830977	0.0005488341458310675
-0.0005880648759271079	0.0007709940048989949	0.0007528625477866147	0.0001834709822865488	0.002889967778178182	4.520486918191402e-05	0.00026695214958372127	0.0001119683489283485
0.00047289491654955995	0.0008334034044570338	0.0008776813469015821	-3.7572163862353847e-06	0.003077195976850522	-0.001202983121967982	-4.5094848203586224e-05	-0.0011986290417789203
-0.0006504742754847026	0.0007085846053414002	0.0008152719473439873	-6.616661594383011e-05	0.0032020147759652673	-0.0023263523140029108	7.972395091115914e-05	-0.0015106760395664498
0.0005977137156647494	0.0012078598018012698	0.0020010505389358446	0.0001834709822865488	0.0037636993719829537	-0.00369935910426733	0.0003293615491408719	-0.0011986290417789203
-0.0005256554763699572	0.0025808665920661333	0.003623694927431087	0.0002458803818434774	0.0019538267848155932	-0.007069466680371672	-0.0002323230468763704	-0.002072360635583692
0.00047289491654955995	0.002019181996048891	0.0029371915322990994	0.00012106158272895406	0.0025155113808328355	-0.006819829082141737	7.972395091115914e-05	-0.0015106760395664498
-0.0005880648759271079	0.0023936383933937933	0.003810923126103427	0.0001834709822865488	0.0025155113808328355	-0.00638296328523924	0.00020454275002612654	-0.0016979042382387899
-0.0005880648759271079	0.0013326786009164593	0.0018762317398215433	-3.7572163862353847e-06	0.002640330179948025	-0.005009956494974821	7.972395091115914e-05	-0.002072360635583692
0.0004104855169928534	0.0003341282079969421	0.0011273189451315169	-6.616661594383011e-05	0.003451652374195646	-0.0038241779033825196	-0.00016991364731921976	-0.002758864030716124
-0.0002136084785824277	0.0008958128040141844	0.0010649095455743662	0.0005579273796310069	0.0042005651688847845	-0.0015774395193128843	0.0007038179464859962	-0.0021971794346988816
0.0003480761174348146	-0.0007892409840382086	-0.0009321912402653343	-0.00019098541505901956	0.0033892429746376074	-0.0012653925215253548	-0.0002947324464339651	-0.0017603136377963846
-0.0006504742754847026	-0.0002275563880203002	0.00025358735132674504	-3.7572163862353847e-06	0.0033268335750804567	-0.0007661173250657072	7.972395091115914e-05	-0.0007617632448764233
0.0005977137156647494	0.0009582222035717791	0.0007528625477866147	0.0001834709822865488	0.00039359179587838966	-0.0017022583184280737	1.7314551353120322e-05	0.0005488341458310675
-0.0006504742754847026	0.0012078598018012698	0.0014393659429190464	-0.00019098541505901956	-0.0011042337935012192	-0.002451171113117656	-0.0002323230468763704	0.0016722033378659962
0.0004104855169928534	0.0015823161991466161	0.002375506936281413	5.865218317091525e-05	-0.002664468782438645	-0.0009533455237380473	0.00020454275002612654	0.003606894724147658
0.00022325731832029128	0.0006461752057842496	0.0004408155499990851	-0.0004406230132885103	-0.0045991601687203065	0.0009813458625442806	-0.0006691888437790894	0.004168579320164678
-0.00027601787814002243	0.0009582222035717791	0.0008152719473439873	0.0004955179800738563	-0.003975066173145914	0.005662050829355891	0.0005789991473708067	0.006977002300252444
0.0006601231152223441	-0.00035237518713593374	-0.00230519803053042	-0.00019098541505901956	-0.0062842139567722555	0.009094567805017606	-0.00016991364731921976	0.00735145869759668
-0.0009001118737144154	-0.0022246571738597787	-0.004863983412387363	-0.0004406230132885103	-0.007469992548365223	0.013962500970501557	-0.0004819606451063052	0.011470479068391493
0.0008473513138944622	-0.0017877913769579479	-0.005051211611060147	0.0001834709822865488	-0.00840613354172759	0.01889284353554399	-0.00035714184599155985	0.012781076459098761
-0.00077529307459967	-0.0024742947720901576	-0.007297949995129338	-0.0004406230132885103	-0.011963469316504272	0.02426005189748759	-0.00035714184599155985	0.013966855050691063
0.0005977137156647494	-0.00284875116943506	-0.007609996992916868	-0.00019098541505901956	-0.012712382111193854	0.02432246129704474	-0.0002323230468763704	0.014840586644495612
-0.0007128836750425194	-0.0017877913769579479	-0.006985902997342031	-0.00012857601550142483	-0.013336476106768691	0.02313668270545266	-0.00016991364731921976	0.014653358445823272
-0.0006504742754847026	-0.001975019575630288	-0.006174580803094409	-0.00037821361373091555	-0.0130868385085392	0.02245017931032023	-0.00016991364731921976	0.015090224242725547
0.0005353043161071547	-0.0010388785822679214	-0.005987352604422513	-0.00012857601550142483	-0.013835751303228783	0.02207572291297555	-0.0004195512455487105	0.014715767845380867
-0.0005880648759271079	-0.0014757443791706404	-0.006236990202652226	-6.616661594383011e-05	-0.012462744512964363	0.02226295111164789	1.7314551353120322e-05	0.014778177244938462
0.0005353043161071547	-0.0022870665734173734	-0.006112171403536815	-0.00031580421417332083	-0.011214556521814245	0.021389219517843117	-0.0002947324464339651	0.012718667059541167
-0.0005256554763699572	-0.001350925580055451	-0.005800124405749729	-6.616661594383011e-05	-0.010028777930221944	0.021888494714302764	0.00014213335046830977	0.011844935465736395
0.0008473513138944622	-0.0023494759729754122	-0.0067986747986696905	0.0002458803818434774	-0.008718180539515119	0.02245017931032023	-0.0002947324464339651	0.010783975673259283
-0.0008377024741577088	-0.0029111605689926545	-0.006923493597784436	-0.0002533948146166143	-0.009591912133319447	0.022574998109435418	-0.0002323230468763704	0.010097472278126851
0.0005977137156647494	-0.002162247774303072	-0.006736265399112096	0.00012106158272895406	-0.009467093334204257	0.023074273305895066	7.972395091115914e-05	0.010596747474586277
0.0005977137156647494	-0.0016005631782853857	-0.0057377150061921345	-6.616661594383011e-05	-0.009903959131107198	0.02245017931032023	-0.00016991364731921976	0.010284700476799635
-0.0008377024741577088	-0.0008516503835953593	-0.005612896207076945	-0.000503032412845883	-0.01096491892358431	0.02176367591518802	-0.0004195512455487105	0.010159881677684002
0.0006601231152223441	-0.0008516503835953593	-0.005363258608847232	-3.7572163862353847e-06	-0.010528053126681813	0.021264400718727927	-0.00016991364731921976	0.010284700476799635
-0.00033842727769761716	-0.00035237518713593374	-0.003990251818582591	0.0001834709822865488	-0.009467093334204257	0.021201991319170332	0.0003293615491408719	0.00922374068432208
0.0004104855169928534	-0.0009764691827105487	-0.004988802211502552	-0.00031580421417332083	-0.009841549731549604	0.01964175633023313	-0.00016991364731921976	0.008974103086091922
-0.0007128836750425194	-0.0016005631782853857	-0.004926392811944957	-0.00019098541505901956	-0.007782039546152308	0.018393568339083455	-0.00016991364731921976	0.007663505695384432
0.0005353043161071547	-0.0014757443791706404	-0.004427117615484866	-0.00019098541505901956	-0.007906858345267498	0.017831883743066435	-0.00010750424776162504	0.007289049298039529
-0.0006504742754847026	-0.001350925580055451	-0.0044895270150424604	-3.7572163862353847e-06	-0.007469992548365223	0.017332608546606343	1.7314551353120322e-05	0.00678977410157966
-0.0007128836750425194	2.208121020896847e-05	-0.003553386021680094	-0.00019098541505901956	-0.008218905343055027	0.017332608546606343	-0.00016991364731921976	0.007039411699809595
0.0006601231152223441	0.0008334034044570338	-0.003490976622122499	5.865218317091525e-05	-0.00878058993907227	0.01751983674527824	7.972395091115914e-05	0.007725915094942026
-0.0005256554763699572	0.0003965376075545368	-0.003927842419024996	-0.00019098541505901956	-0.009903959131107198	0.01695815214926122	-0.00010750424776162504	0.00735145869759668
0.0004104855169928534	0.0008334034044570338	-0.003740614220352434	-0.00037821361373091555	-0.010840100124469565	0.016521286352359166	-0.0004819606451063052	0.008037962092729112
-0.0005880648759271079	0.0013326786009164593	-0.003740614220352434	-0.00012857601550142483	-0.009529502733762296	0.017457427345720644	-0.00010750424776162504	0.007039411699809595
0.0006601231152223441	0.00014690000932415792	-0.0040526612181401855	-3.7572163862353847e-06	-0.007782039546152308	0.016770923950588656	7.972395091115914e-05	0.00685218350113681
-0.0005256554763699572	0.0006461752057842496	-0.0036782048207952833	-3.7572163862353847e-06	-0.00041773039836878745	0.021950904113859915	-0.00016991364731921976	0.012406620061753637
0.00028566671787766396	0.006200611766400632	3.949753096588182e-06	0.0006827461787466405	-0.002602059382880828	0.020016212727578253	0.0006414085469284014	0.0097854252803391
0.0005353043161071547	-0.0002275563880203002	-0.00430229881637012	-0.0002533948146166143	-0.008094086543939838	0.015210688961651897	-0.0002947324464339651	0.005042310913969894
-0.00077529307459967	8.44906097665632e-05	-0.0044895270150424604	-0.0002533948146166143	-0.007844448945709903	0.015460326559881166	-0.0002323230468763704	0.005541586110429986
0.0009721701130096516	0.0008334034044570338	-0.0029917014256628516	0.0004955179800738563	-0.006658670354117824	0.016146829955013597	0.00045418034825561726	0.00591604250777511
-0.0009001118737144154	0.0007085846053414002	-0.0036782048207952833	-0.00037821361373091555	-0.007906858345267498	0.015772373557668695	-0.00035714184599155985	0.004605445117067619
0.0004104855169928534	-0.00010273758890577689	-0.004863983412387363	-0.00037821361373091555	-0.00859336174039993	0.015709964158111545	0.00014213335046830977	0.005479176710872391
-0.0004632460768123625	0.0003341282079969421	-0.004239889416812526	5.865218317091525e-05	-0.00840613354172759	0.018955252935100697	7.972395091115914e-05	0.005853633108217071
0.0007225325147799389	0.0003965376075545368	-0.004614345814157428	-6.616661594383011e-05	-0.00859336174039993	0.020765125522267835	7.972395091115914e-05	0.0064153177042347576
-0.0005256554763699572	8.44906097665632e-05	-0.00430229881637012	0.00012106158272895406	-0.007844448945709903	0.023386320303682817	-4.5094848203586224e-05	0.007413868097154719
-0.0006504742754847026	0.0007709940048989949	-0.004551936414600055	5.865218317091525e-05	-0.008031677144382687	0.025008964692176727	1.7314551353120322e-05	0.007601096295827281
0.0004104855169928534	-0.0002275563880203002	-0.0057377150061921345	-0.00019098541505901956	-0.009716730932434636	0.025258602290407106	-0.0002323230468763704	0.005978451907332483
-0.0005256554763699572	0.0015823161991466161	-0.004239889416812526	-3.7572163862353847e-06	-0.008094086543939838	0.02750534067447674	0.00014213335046830977	0.007413868097154719
0.0006601231152223441	0.0003341282079969421	-0.005488077407962422	5.865218317091525e-05	-0.010528053126681813	0.026257152683327067	-4.5094848203586224e-05	0.0039189417219356315
-0.0005256554763699572	0.0003965376075545368	-0.0055504868075200164	-3.7572163862353847e-06	-0.009591912133319447	0.025383421089522296	-0.00010750424776162504	0.0024211161325555786
0.0005977137156647494	0.0012078598018012698	-0.004239889416812526	-3.7572163862353847e-06	-0.004536750769163156	0.020889944321383025	-4.5094848203586224e-05	0.0029203913290156702
-0.0006504742754847026	0.0027680947907384734	-0.00230519803053042	0.0003082897814010721	-0.003912656773588319	0.017207789747491153	0.00026695214958372127	0.0014225657396360614
0.0007849419143370895	0.0017071349982613615	-0.0009321912402653343	-0.00012857601550142483	-0.0020403747868635858	0.016708514551031506	-4.5094848203586224e-05	0.0018594315365378922
0.0007225325147799389	0.004328329779676121	0.00025358735132674504	0.0002458803818434774	0.0006432293941085465	0.017082970948376408	0.00020454275002612654	0.004043760521049933
-0.0005880648759271079	0.003953873382331441	0.0010649095455743662	0.0002458803818434774	0.001579370387470913	0.015897192356783885	0.0003293615491408719	0.0037317135232628473
0.0006601231152223441	0.003704235784101062	0.001314547143803857	0.0006203367791890457	0.003264424175523306	0.01564755475855395	0.00045418034825561726	0.004293398119280312
-0.0007128836750425194	-0.000289965787578339	-0.002679654427875322	-0.00019098541505901956	-0.0019155559877483963	0.011029259191299934	-4.5094848203586224e-05	0.00042401534671587804
0.0005353043161071547	-0.000289965787578339	-0.0021179698318580797	0.00012106158272895406	-0.001977965387306213	0.011840581385547555	0.0003293615491408719	0.0016722033378659962
-0.0004632460768123625	0.0008334034044570338	-0.0008697818407081837	0.0002458803818434774	-0.004786388367392647	0.012963950577581818	-0.00010750424776162504	0.0011729281414059045
0.00047289491654955995	0.0011454504022441192	-0.0004329160438056867	-0.00019098541505901956	-0.0060969857581003595	0.013775272771829217	-0.00010750424776162504	0.001734612737423591
-0.0007128836750425194	0.0016447255987042109	-0.0008697818407081837	-3.7572163862353847e-06	-0.007407583148807628	0.014524185566519465	-0.0002323230468763704	0.0015473845387508067
-0.0007128836750425194	0.0016447255987042109	-0.0016186946353982101	-0.00019098541505901956	-0.006783489153232347	0.01583478295722629	-0.00016991364731921976	0.0013601563400780226
0.0007225325147799389	0.0009582222035717791	-0.002242788630972825	-6.616661594383011e-05	-0.0062842139567722555	0.015709964158111545	-4.5094848203586224e-05	0.0007360623445036296
-0.0005880648759271079	0.0007085846053414002	-0.002492426229202538	-3.7572163862353847e-06	-0.005160844764737993	0.015897192356783885	-4.5094848203586224e-05	0.0001119683489283485
0.0006601231152223441	0.0003965376075545368	-0.002679654427875322	0.0001834709822865488	-0.004224703771375626	0.014399366767403832	0.00020454275002612654	-1.2850450186840945e-05
-0.0005880648759271079	0.0008958128040141844	-0.0014938758362832427	-0.00031580421417332083	-0.004099884972260215	0.011778171985989516	-0.00016991364731921976	0.0004864247462732507
0.00047289491654955995	0.0014574974000316487	-0.000994600639823373	-3.7572163862353847e-06	-0.003475790976685822	0.008033608012540716	7.972395091115914e-05	0.0015473845387508067
-0.0006504742754847026	0.0023312289938361985	0.0003784061504414904	0.00012106158272895406	-0.0006673679965991663	0.00965625240103507	7.972395091115914e-05	0.0038565323223780368
0.0005977137156647494	0.004577967377905834	-0.0011818288384957132	0.00012106158272895406	-0.004349522570490816	0.008033608012540716	0.00014213335046830977	0.0022338879338832385
0.0005977137156647494	0.00045894700711168745	-0.0021803792314156745	5.865218317091525e-05	-0.005160844764737993	0.010155527597495162	1.7314551353120322e-05	0.0011729281414059045
-0.0006504742754847026	-0.00010273758890577689	-0.0038654330194676234	-0.00012857601550142483	-0.006034576358542765	0.013712863372271844	7.972395091115914e-05	0.0016722033378659962
0.00047289491654955995	-0.0006644221849230192	-0.005176030410174448	-0.00019098541505901956	-0.007969267744825093	0.017457427345720644	-0.0002323230468763704	0.0011729281414059045
-0.0006504742754847026	-0.0006644221849230192	-0.006174580803094409	-0.00012857601550142483	-0.00878058993907227	0.021389219517843117	-0.00016991364731921976	0.001048109342290715
0.0007849419143370895	-0.000289965787578339	-0.00567530560663454	0.0001834709822865488	-0.0071579455505779155	0.019766575129347874	7.972395091115914e-05	-0.0011362196422213255
-0.0005256554763699572	-0.0002275563880203002	-0.003553386021680094	5.865218317091525e-05	0.005136706162247595	-0.0018894865170999697	7.972395091115914e-05	-0.0026340452316009344
0.0006601231152223441	0.0006461752057842496	-0.0005577348429208762	0.0002458803818434774	0.005573571959150092	-0.006445372684796835	0.0003293615491408719	-0.0021347700351408427
-0.0004008366772552119	0.002019181996048891	0.004497426521235859	5.865218317091525e-05	0.0027027395795051756	-0.004635500097629697	7.972395091115914e-05	0.00023678714804353795
-0.0006504742754847026	0.004765195576578618	0.004747064119465794	-3.7572163862353847e-06	0.0010176857914532267	-0.008442473470636536	-4.5094848203586224e-05	0.0009232905431755256
0.0007849419143370895	0.00332977938675616	0.00636970850796037	0.0003706991809591109	0.005760800157822432	-0.013809681832580578	0.0003293615491408719	0.0004864247462732507
-0.00077529307459967	0.0005213564066690601	0.004497426521235859	-0.00019098541505901956	0.0086940419370245	-0.016430876613995338	-0.00010750424776162504	-0.0004497162470888938
0.0006601231152223441	-0.002411885372532563	0.0001911779517691503	0.0001834709822865488	0.006696941151184577	-0.015619554419747717	7.972395091115914e-05	-0.0007617632448764233
-0.0004008366772552119	-0.001975019575630288	0.0009400907464591768	0.0003706991809591109	0.009255726533042186	-0.009815480260901177	0.00026695214958372127	-0.0003873068475315211
0.0007225325147799389	-0.0019126101760731373	0.0007528625477866147	0.0002458803818434774	0.0023282831821604955	0.00010761426873950874	-0.0002947324464339651	0.0006736529449460349
-0.0009625212732724542	-0.0016629725778429805	-0.0012442382380528638	0.0004955179800738563	8.154479809086013e-05	0.0005444800656415616	0.000516589747813212	0.0017970221369802974
0.0009721701130096516	-4.0328189347738075e-05	0.004372607722120669	-0.0005654418124036997	-0.00041773039836878745	-0.006195735086567344	-0.0005443700446638999	-0.0013234478408941097
0.0007849419143370895	0.0032049605876409704	0.008928493889817535	-3.7572163862353847e-06	0.0007056387936661412	-0.010751621254263766	1.7314551353120322e-05	-0.0011362196422213255
-0.0005256554763699572	0.007448799757550084	0.011799326269461785	0.0001834709822865488	0.0018290079857004038	-0.01081403065382136	0.00014213335046830977	0.0028579819294580755
0.0007849419143370895	0.008135303152682516	0.011924145068576752	0.0001834709822865488	0.00033118239632079494	-0.007755970075504104	7.972395091115914e-05	0.002483525532112729
-0.0005256554763699572	0.007199162159320149	0.00886608449025994	-0.00012857601550142483	-0.00035532099881141477	-0.0014526207201976948	-4.5094848203586224e-05	0.0008608811436179309
0.0003480761174348146	0.0033921887863133104	0.0018138223402639486	-0.00031580421417332083	-0.0006049585970411275	0.0016678492576767123	0.0006414085469284014	-0.0005121256466469326
-0.00027601787814002243	-0.0009764691827105487	-0.002492426229202538	0.0004955179800738563	0.006696941151184577	0.000669298864756751	-4.5094848203586224e-05	-0.0038198238231932358
0.00047289491654955995	-0.004721033156159793	-0.005488077407962422	-0.00012857601550142483	0.006821759950299766	-0.0017646677179852244	-0.00010750424776162504	-0.005068011814343132
-0.0007128836750425194	-0.0073422279375745525	-0.00810927218937696	0.0001834709822865488	0.004762249764902915	-0.0028256275104627804	7.972395091115914e-05	-0.0031957298276183987
-0.0005880648759271079	-0.003597663964124642	-0.005113621010616853	5.865218317091525e-05	0.0014545515883561677	-0.0020143053162153812	0.00026695214958372127	-0.0005121256466469326
0.0005977137156647494	-0.000914059783152954	-0.0019931510327428903	0.00012106158272895406	-0.000729777396156317	-0.0036369497047101795	7.972395091115914e-05	0.0006112435453884402
-0.0007128836750425194	0.0017695443978189562	0.0009400907464591768	-3.7572163862353847e-06	-0.00048013979792682626	-0.008068017073291633	-4.5094848203586224e-05	0.001921840936095487
0.0007225325147799389	0.0027680947907384734	0.002812372733183466	0.0003706991809591109	0.0013297327892405342	-0.010439574256476014	0.0003293615491408719	0.00023678714804353795
-0.0005256554763699572	0.002892913589853663	0.0024379163358390077	-6.616661594383011e-05	0.0013297327892405342	-0.008068017073291633	-0.00010750424776162504	-0.0006369444457612339
0.0005353043161071547	0.0015823161991466161	-0.0011194194389381185	5.865218317091525e-05	-0.0010418243939438465	0.009718661800592221	0.00014213335046830977	-0.0016354948386811952
-0.0005256554763699572	-0.0016629725778429805	-0.00567530560663454	-0.00012857601550142483	0.00020636359720604958	0.015772373557668695	-0.00010750424776162504	-0.004880783615670792
0.00047289491654955995	-0.006094039946424656	-0.011104923368136177	-3.7572163862353847e-06	0.0023282831821604955	0.01764465554439343	7.972395091115914e-05	-0.006503428004165146
0.0007225325147799389	-0.006655724542442343	-0.00910782258229692	0.0002458803818434774	0.002640330179948025	0.013837682171386811	1.7314551353120322e-05	-0.005879334008590531
-0.0004008366772552119	-0.0025367041716477523	-0.0027420638274329168	0.0002458803818434774	0.0021410549834881554	0.00697264822006316	0.0003293615491408719	-0.0032581392271755494
0.0004104855169928534	0.0025808665920661333	0.004310198322563075	-0.0002533948146166143	-0.0006049585970411275	-0.0023887617135600614	-0.0002947324464339651	-0.0005121256466469326
-0.0006504742754847026	0.008821806547815392	0.01142486987211666	-6.616661594383011e-05	-0.002602059382880828	-0.009565842662671242	-4.5094848203586224e-05	0.006540136503349947
0.0005977137156647494	0.012067095324804544	0.01541907144379584	-3.7572163862353847e-06	-0.0037878379744731294	-0.014433775828155193	-0.0002947324464339651	0.006165680106004379
-0.0008377024741577088	0.011006135532327432	0.015356662044239133	-0.00037821361373091555	-0.0010418243939438465	-0.012935950238775584	-4.5094848203586224e-05	0.002545934931670768
0.0005977137156647494	0.006075792967285443	0.010800775876542268	-3.7572163862353847e-06	0.0025779207803908744	-0.005883688088779593	1.7314551353120322e-05	0.00023678714804353795
-0.0006504742754847026	0.0010206316031289298	-0.0004329160438056867	0.0001834709822865488	0.006197665954724485	0.002603990251038635	0.00020454275002612654	-0.002321998233813627
-0.0007128836750425194	-0.005407536551291781	-0.0031789296243354137	-3.7572163862353847e-06	0.007258625747202041	0.008096017412097423	7.972395091115914e-05	-0.0038822332227508305
0.0005353043161071547	-0.004471395557929858	-0.0029917014256628516	5.865218317091525e-05	0.005448753160035347	0.007659151615195592	-4.5094848203586224e-05	-0.003944642622308425
-0.0004632460768123625	-0.0010388785822679214	0.0006904531482285758	0.0002458803818434774	0.0025155113808328355	0.0026663996505962295	0.0003293615491408719	-0.0020099512360263194
0.0005977137156647494	0.0038290545832162515	0.005808023911943128	-0.00012857601550142483	-0.0020403747868635858	-0.005072365894531972	-0.00016991364731921976	0.0032948477263603504
-0.00077529307459967	0.00782325615489543	0.009739816084064712	-0.000503032412845883	-0.00578493876031283	-0.011375715249838825	7.972395091115914e-05	0.005666404909544731
0.0008473513138944622	0.009383491143832634	0.01136246047255951	0.0002458803818434774	-0.004474341369605561	-0.013123178437448146	7.972395091115914e-05	0.0056039955099875804
-0.0005880648759271079	0.007323980958435783	0.00886608449025994	-0.00012857601550142483	-0.0008545961952715064	-0.006632600883469175	-0.00010750424776162504	0.004168579320164678
0.0005353043161071547	0.00332977938675616	-0.000994600639823373	0.0002458803818434774	0.004325383968000418	0.003976997041303942	0.00026695214958372127	0.0038565323223780368
0.0006601231152223441	-0.004408986158372263	-0.0067986747986696905	0.0003706991809591109	0.005698390758264837	0.010342755796167946	0.0003293615491408719	0.0005488341458310675
-0.0006504742754847026	-0.0069053621406718335	-0.009731916577871758	5.865218317091525e-05	0.005698390758264837	0.01146612498820243	0.00026695214958372127	-0.0021347700351408427
0.0005353043161071547	-0.005969221147309467	-0.008483728586721417	5.865218317091525e-05	0.003950927570655738	0.0077215610147527425	1.7314551353120322e-05	-0.003320548626733588
-0.0004632460768123625	-0.0016005631782853857	-0.0036782048207952833	5.865218317091525e-05	0.000955276391895632	0.0029160372488263864	7.972395091115914e-05	0.0011729281414059045
0.0005977137156647494	0.0032049605876409704	0.0016890035411487592	5.865218317091525e-05	-0.003226153378455443	-0.001639848918870479	-4.5094848203586224e-05	0.004043760521049933
-0.0005880648759271079	0.0073863903579929335	0.006307299108402997	-0.00019098541505901956	-0.006159395157657954	-0.005322003492761684	-0.00035714184599155985	0.005042310913969894
0.0004104855169928534	0.008260121951797261	0.007368258900879887	0.0002458803818434774	-0.002602059382880828	-0.002888036910020153	0.0003917709486984666	0.00541676731131524
-0.0004008366772552119	0.006699886962860502	0.0011273189451315169	-0.0002533948146166143	0.0004560011954359844	-0.0002668421286056155	-0.0002323230468763704	0.0022338879338832385
-0.0006504742754847026	-0.002599113571205347	-0.0036157954212372445	-3.7572163862353847e-06	0.004013336970212444	0.0043514534386486226	1.7314551353120322e-05	-0.00020007864885962512
0.0008473513138944622	-0.00553235535040697	-0.006985902997342031	0.0004955179800738563	0.005823209557379583	0.0077215610147527425	0.0003293615491408719	-0.0022595888342564763
-0.0005880648759271079	-0.006718133941999049	-0.007609996992916868	0.0003082897814010721	0.0058856189569371775	0.007846379813867932	0.0003917709486984666	-0.0036325956245208957
0.00047289491654955995	-0.005282717752177479	-0.0057377150061921345	-0.00012857601550142483	0.0038261087715405484	0.004039406440861093	-0.00016991364731921976	-0.0028212734302737186
-0.0005256554763699572	-0.0017253819774003532	-0.0011818288384957132	5.865218317091525e-05	0.002453101981275685	-0.0005164797268357724	-0.00010750424776162504	-0.0013234478408941097
0.0005977137156647494	0.0014574974000316487	0.002749963333626315	5.865218317091525e-05	-0.00010568340058103587	-0.006882238481699332	0.0003293615491408719	0.0003616059471582833
-0.00033842727769761716	0.0037666451836586567	0.005558386313712971	-0.00012857601550142483	-0.00048013979792682626	-0.006258144486124051	-0.00010750424776162504	0.0002991965476006886
0.0005353043161071547	0.0036418263845436893	0.0029371915322990994	-0.00012857601550142483	0.0008304575927804425	-0.003075265108692049	-0.0002323230468763704	4.955894937075378e-05
0.0007225325147799389	-0.00035237518713593374	0.0001911779517691503	0.0003706991809591109	0.0032020147759652673	0.00029484246741184883	0.0003293615491408719	-0.0010738102426639529
-0.0006504742754847026	-0.0025367041716477523	-0.002242788630972825	-3.7572163862353847e-06	0.00488706856401766	0.0023543526528087	7.972395091115914e-05	-0.0021971794346988816
0.0005977137156647494	-0.0037848921627974264	-0.0029917014256628516	0.00012106158272895406	0.005386343760477308	0.0022295338536943987	-4.5094848203586224e-05	-0.0032581392271755494
-0.0005256554763699572	-0.00322320756677974	-0.0016811040349558048	0.0001834709822865488	0.00488706856401766	0.0005444800656415616	0.00026695214958372127	-0.0025716358320435617
0.0005353043161071547	-0.0019126101760731373	0.0005032249495562358	-0.00012857601550142483	0.002827558378620587	-0.003512130905594768	7.972395091115914e-05	-0.0006369444457612339
-0.0005880648759271079	0.0007709940048989949	0.004122970123891179	-3.7572163862353847e-06	-0.0009170055948286571	-0.008380064071079163	-0.0002323230468763704	0.0003616059471582833
0.0005353043161071547	0.0027056853911808787	0.006182480309287808	-0.00012857601550142483	-0.0019155559877483963	-0.007381513678159202	1.7314551353120322e-05	0.0015473845387508067
-0.0005880648759271079	0.003704235784101062	0.005371158115040187	-0.00037821361373091555	-0.0029765157802259523	-0.005197184693647383	-0.0004195512455487105	0.0011729281414059045
-0.0004008366772552119	0.002830504190296068	0.003623694927431087	5.865218317091525e-05	-0.0021027841864207364	-0.0008285267246233019	0.00014213335046830977	0.001484975139193212
0.0007849419143370895	0.0017695443978189562	0.0011897283446886675	0.0002458803818434774	-0.0019155559877483963	0.0023543526528087	7.972395091115914e-05	0.0007984717440603362
-0.0005880648759271079	0.0010206316031289298	-0.000183278445576196	-6.616661594383011e-05	-0.0012290525926164086	0.00466350043643593	7.972395091115914e-05	0.0005488341458310675
0.0005977137156647494	0.0008334034044570338	-0.0006825536420356215	-6.616661594383011e-05	-0.001541099590403494	0.0047883192355511195	-4.5094848203586224e-05	0.0011105187418478657
-0.00077529307459967	0.0014574974000316487	3.949753096588182e-06	-0.00012857601550142483	-0.0016659183895186835	0.003976997041303942	0.00014213335046830977	0.0018594315365378922
0.0007225325147799389	0.002268819594279048	0.001501775342476197	0.00012106158272895406	-0.0019155559877483963	0.0002324330678542541	-4.5094848203586224e-05	0.002483525532112729
-0.00077529307459967	0.002643275991624172	0.002188278737608629	-6.616661594383011e-05	-0.001541099590403494	-0.001202983121967982	-0.00010750424776162504	0.002483525532112729
0.0005353043161071547	0.0027056853911808787	0.0018762317398215433	0.00012106158272895406	-0.0006673679965991663	-0.0009533455237380473	0.00014213335046830977	0.0027955725299004808
0.0006601231152223441	0.0012702692013588646	0.0006280437486718693	0.0001834709822865488	0.00014395419764845485	-7.961392993283134e-05	0.00020454275002612654	0.0019842503356528596
-0.0008377024741577088	0.0005213564066690601	-0.0008697818407081837	-0.00019098541505901956	0.0006432293941085465	0.0016054398581191176	-0.0002323230468763704	0.001484975139193212
0.0007225325147799389	0.00027171880843934737	-0.0014938758362832427	-3.7572163862353847e-06	0.0010800951910108214	0.0027288090501538242	1.7314551353120322e-05	0.0007984717440603362
-0.0006504742754847026	0.0005213564066690601	-0.0014938758362832427	0.00012106158272895406	0.001392142188798129	0.003228084246613472	7.972395091115914e-05	0.0005488341458310675
0.0006601231152223441	0.0007085846053414002	-0.0006825536420356215	0.0001834709822865488	0.0012673233896836056	0.0021047150545792093	0.00020454275002612654	0.0007360623445036296
-0.0004632460768123625	0.0013326786009164593	0.0006280437486718693	0.00012106158272895406	8.154479809086013e-05	-0.0014526207201976948	-0.00016991364731921976	0.0004864247462732507
0.0006601231152223441	0.0013326786009164593	0.0012521377442462622	0.00012106158272895406	0.00039359179587838966	-0.001827077117542819	0.00020454275002612654	0.0011729281414059045
-0.0005256554763699572	0.0017071349982613615	0.00262514453451157	-3.7572163862353847e-06	-0.00010568340058103587	-0.0023263523140029108	-0.00016991364731921976	0.0007984717440603362
-0.0005256554763699572	0.0018319537973761069	0.0031244197309709953	5.865218317091525e-05	0.0005808199945511738	-0.0013278019210829495	7.972395091115914e-05	0.001484975139193212
0.0005977137156647494	0.0015199067995890214	0.002812372733183466	0.00012106158272895406	0.0008928669923380372	-0.000578889126392923	7.972395091115914e-05	0.001048109342290715
-0.0007128836750425194	0.0012702692013588646	0.002562735134953531	-0.00012857601550142483	0.000955276391895632	-7.961392993283134e-05	-0.00016991364731921976	0.0008608811436179309
0.0005353043161071547	0.0012078598018012698	0.0024379163358390077	-0.00019098541505901956	0.000768048193223736	-0.00039166092772013883	-0.00016991364731921976	0.0005488341458310675
-0.0005880648759271079	0.0017071349982613615	0.002749963333626315	-3.7572163862353847e-06	0.0010800951910108214	-0.0005164797268357724	0.00026695214958372127	0.0006736529449460349
0.0008473513138944622	0.002019181996048891	0.0030620103314134006	0.0003706991809591109	0.0012049139901260109	-0.0023263523140029108	-0.0002947324464339651	0.00017437774848594323
-0.0008377024741577088	0.0016447255987042109	0.0028747821327415046	0.0003082897814010721	0.0018914173852579985	-0.002513580512675251	0.00020454275002612654	0.00042401534671587804
0.0008473513138944622	0.0017071349982613615	0.0024379163358390077	-3.7572163862353847e-06	0.002265873782603345	-0.0027632181109051857	-4.5094848203586224e-05	0.0003616059471582833
0.0006601231152223441	0.00045894700711168745	0.002125869338051034	0.0002458803818434774	0.002827558378620587	-0.002700808711347591	0.00014213335046830977	0.00017437774848594323
-0.0005880648759271079	8.44906097665632e-05	0.0015641847420337918	-6.616661594383011e-05	0.003014786577292927	-0.0023887617135600614	7.972395091115914e-05	0.0001119683489283485
0.0005353043161071547	-0.00016514698846314957	0.0009400907464591768	0.00012106158272895406	0.002889967778178182	-0.001639848918870479	-4.5094848203586224e-05	-1.2850450186840945e-05
-0.0005880648759271079	-0.00016514698846314957	0.0005656343491142746	0.00012106158272895406	0.0027027395795051756	-0.0002668421286056155	0.00014213335046830977	-0.0005745350462036392
0.00047289491654955995	-0.0007892409840382086	-0.0007449630415929942	-0.00012857601550142483	0.0013297327892405342	0.00041966126652681623	1.7314551353120322e-05	-0.00020007864885962512
-0.0006504742754847026	-0.0004147845866930844	-0.0010570100393809678	-3.7572163862353847e-06	0.0005184105949933571	0.0031032654474987265	0.00014213335046830977	-0.0003248974479739264
0.0007225325147799389	-0.0005396033858078297	-0.0015562852358406154	-0.00019098541505901956	0.0002687729967636443	0.0033529030457286613	-0.00016991364731921976	-0.0003873068475315211
-0.0008377024741577088	-0.0006020127853654245	-0.0014938758362832427	0.0001834709822865488	0.00020636359720604958	0.003602540643958818	0.00014213335046830977	-0.00020007864885962512
-0.0005256554763699572	8.44906097665632e-05	-0.000994600639823373	0.0002458803818434774	0.00014395419764845485	0.003664950043516413	0.00026695214958372127	0.0002991965476006886
0.00047289491654955995	-4.0328189347738075e-05	-0.0006825536420356215	-6.616661594383011e-05	-0.00048013979792682626	0.002603990251038635	-0.00010750424776162504	-0.00013766924930114222
-0.0004632460768123625	0.00020930940888175265	-5.845964646100654e-05	0.00012106158272895406	-0.0009170055948286571	0.0016054398581191176	0.00020454275002612654	0.0001119683489283485
0.0004104855169928534	0.0005837658062266549	0.0006280437486718693	-0.00019098541505901956	-0.0009794149943862518	0.0005444800656415616	-0.0002947324464339651	0.0003616059471582833
-0.0005880648759271079	0.0008334034044570338	0.0010649095455743662	-3.7572163862353847e-06	-0.0008545961952715064	0.00010761426873950874	0.00020454275002612654	0.00042401534671587804
0.0007225325147799389	0.0011454504022441192	0.0014393659429190464	0.0002458803818434774	-0.0006673679965991663	0.0005444800656415616	-4.5094848203586224e-05	0.0003616059471582833
-0.0005256554763699572	0.0010206316031289298	0.0011273189451315169	-6.616661594383011e-05	-0.0007921867957139117	0.001106164661659026	-0.00016991364731921976	0.00017437774848594323
0.00047289491654955995	0.0009582222035717791	0.0011897283446886675	0.00012106158272895406	-0.00023050219969622532	0.0016054398581191176	0.00020454275002612654	0.0007984717440603362
0.00047289491654955995	0.0010830410026865245	0.0011273189451315169	-6.616661594383011e-05	-0.0007921867957139117	0.00041966126652681623	-0.0002323230468763704	0.00023678714804353795
-0.00077529307459967	0.0012702692013588646	0.0016265941415913865	-0.00031580421417332083	-0.0006673679965991663	-0.0005164797268357724	-0.0002947324464339651	0.0004864247462732507
0.0009721701130096516	0.0018943631969337016	0.0028747821327415046	0.00043310858051626155	-4.3274001023885234e-05	-0.0010781643228525706	0.00045418034825561726	0.0011729281414059045
-0.0007128836750425194	0.0017071349982613615	0.0028747821327415046	-0.00019098541505901956	-0.0005425491974835328	-0.002263942914445316	-0.00016991364731921976	0.0008608811436179309
0.0005977137156647494	0.0017695443978189562	0.002999600931855806	5.865218317091525e-05	-0.00029291159925382004	-0.002700808711347591	1.7314551353120322e-05	0.001048109342290715
-0.0005880648759271079	0.0016447255987042109	0.002812372733183466	-0.00012857601550142483	0.0013297327892405342	-0.0022015335148872772	7.972395091115914e-05	0.0007984717440603362
0.0007225325147799389	0.0013326786009164593	0.002562735134953531	-6.616661594383011e-05	0.0021410549834881554	-0.0013902113206401001	1.7314551353120322e-05	0.0007984717440603362
-0.0005880648759271079	0.0010206316031289298	0.0013769565433614517	-3.7572163862353847e-06	0.00239069258171809	-0.0008909361241800084	1.7314551353120322e-05	0.00042401534671587804
-0.0004632460768123625	0.0010830410026865245	0.001751412940706576	0.0003706991809591109	0.003014786577292927	-0.0002668421286056155	0.00045418034825561726	0.0009856999427331203
0.00047289491654955995	0.0007709940048989949	0.001501775342476197	-0.0002533948146166143	0.002265873782603345	-0.0021391241153305707	-0.00035714184599155985	-1.2850450186840945e-05
-0.0004632460768123625	0.0016447255987042109	0.0029371915322990994	0.0002458803818434774	0.003014786577292927	-0.002950446309577748	0.00026695214958372127	0.0009856999427331203
0.0005353043161071547	0.0015823161991466161	0.0031244197309709953	-6.616661594383011e-05	0.002453101981275685	-0.005009956494974821	-0.00016991364731921976	0.0014225657396360614
-0.0005256554763699572	0.0021440007951640805	0.004185379523448329	0.00012106158272895406	0.0029523771777357766	-0.005072365894531972	-0.00010750424776162504	0.0009232905431755256
0.0004104855169928534	0.0017695443978189562	0.0038733325256605777	-6.616661594383011e-05	0.0031396053764076726	-0.00407381550161201	0.00026695214958372127	0.001484975139193212
-0.0004632460768123625	0.002019181996048891	0.0037485137265462765	-3.7572163862353847e-06	0.0027651489790632144	-0.0033873121064800227	-0.00016991364731921976	0.0006112435453884402
0.00047289491654955995	0.0010206316031289298	0.0024379163358390077	0.0003082897814010721	0.0035764711733103915	-0.0014526207201976948	0.0003293615491408719	0.0012353375409634992
0.0006601231152223441	0.0007709940048989949	0.001501775342476197	0.0001834709822865488	0.002827558378620587	-0.001015754923295198	0.00020454275002612654	0.0004864247462732507
-0.0009001118737144154	0.0007709940048989949	0.0008776813469015821	-0.0002533948146166143	0.002016236184372966	-0.0007037079255081125	-0.00035714184599155985	0.00023678714804353795
0.000909760713452723	0.0014574974000316487	0.0016890035411487592	0.0003706991809591109	0.002203464383045306	-0.0002668421286056155	0.00045418034825561726	0.001048109342290715
-0.0005880648759271079	0.0014574974000316487	0.0016890035411487592	-3.7572163862353847e-06	0.0016417797870280637	-0.0010781643228525706	1.7314551353120322e-05	0.0007984717440603362
0.00047289491654955995	0.001395088000473832	0.0016265941415913865	-3.7572163862353847e-06	0.0012049139901260109	-0.0021391241153305707	0.00026695214958372127	0.001484975139193212
-0.0005256554763699572	0.0015199067995890214	0.001938641139379138	0.0001834709822865488	0.0019538267848155932	-0.0023887617135600614	-4.5094848203586224e-05	0.0009232905431755256
0.0005353043161071547	0.0009582222035717791	0.0015641847420337918	-0.00012857601550142483	0.00239069258171809	-0.002076714715772532	-4.5094848203586224e-05	0.0007984717440603362
-0.0007128836750425194	0.0005213564066690601	0.0005656343491142746	0.0002458803818434774	0.0027027395795051756	-0.0017022583184280737	7.972395091115914e-05	0.0005488341458310675
-0.0004008366772552119	0.00014690000932415792	0.0006904531482285758	0.0003706991809591109	0.0033892429746376074	-0.0012653925215253548	0.00045418034825561726	0.0005488341458310675
0.0004104855169928534	-0.00035237518713593374	-5.845964646100654e-05	-0.00012857601550142483	0.0025155113808328355	-0.0021391241153305707	-0.00016991364731921976	-0.0005745350462036392
-0.00077529307459967	8.44906097665632e-05	0.0004408155499990851	-0.00019098541505901956	0.0025779207803908744	-0.002263942914445316	-0.0002323230468763704	-0.0003873068475315211
0.0007225325147799389	0.0005213564066690601	0.0011273189451315169	0.0002458803818434774	0.002640330179948025	-0.002513580512675251	0.00020454275002612654	-1.2850450186840945e-05
-0.00077529307459967	0.0005837658062266549	0.0015641847420337918	-6.616661594383011e-05	0.002453101981275685	-0.0030128557091353425	7.972395091115914e-05	-1.2850450186840945e-05
0.0007225325147799389	0.0007709940048989949	0.0020010505389358446	0.00012106158272895406	0.0015169609879133183	-0.0034497215060371733	-0.00010750424776162504	0.00017437774848594323
-0.00077529307459967	0.0005213564066690601	0.001751412940706576	0.0003082897814010721	0.001579370387470913	-0.0027632181109051857	0.00026695214958372127	0.0002991965476006886
0.0007849419143370895	0.0005213564066690601	0.001314547143803857	-0.0004406230132885103	0.0007056387936661412	-0.0025759899122324015	-0.0004195512455487105	-0.00026248804841633167
0.0008473513138944622	0.00045894700711168745	0.0016265941415913865	0.0003082897814010721	0.0008928669923380372	-0.0013278019210829495	0.00026695214958372127	0.0003616059471582833
-0.0007128836750425194	0.00027171880843934737	0.001314547143803857	-0.00012857601550142483	0.0006432293941085465	-0.001015754923295198	-4.5094848203586224e-05	0.0001119683489283485
0.00047289491654955995	0.00045894700711168745	0.0014393659429190464	-3.7572163862353847e-06	0.0005808199945511738	-0.0011405737224103873	-0.00010750424776162504	-7.525984974399158e-05
-0.0006504742754847026	0.0008958128040141844	0.001938641139379138	-6.616661594383011e-05	0.0010176857914532267	-0.0014526207201976948	1.7314551353120322e-05	-7.525984974399158e-05
0.0006601231152223441	0.0010830410026865245	0.001938641139379138	0.00012106158272895406	0.0012049139901260109	-0.0021391241153305707	0.00014213335046830977	4.955894937075378e-05
-0.0005256554763699572	0.0009582222035717791	0.0022506881371662235	0.00012106158272895406	0.002016236184372966	-0.0030128557091353425	7.972395091115914e-05	-0.00013766924930114222
0.0007225325147799389	0.0008958128040141844	0.002125869338051034	-0.00012857601550142483	0.00239069258171809	-0.003137674508250088	-4.5094848203586224e-05	-0.00013766924930114222
-0.0006504742754847026	0.0007085846053414002	0.001938641139379138	5.865218317091525e-05	0.002640330179948025	-0.003324902706922428	1.7314551353120322e-05	-0.00013766924930114222
-0.0006504742754847026	0.0003341282079969421	0.0018138223402639486	-6.616661594383011e-05	0.0027651489790632144	-0.003075265108692049	-4.5094848203586224e-05	4.955894937075378e-05
0.00047289491654955995	0.00020930940888175265	0.0016265941415913865	-0.00012857601550142483	0.0025779207803908744	-0.003137674508250088	-0.00016991364731921976	-0.00020007864885962512
-0.0005880648759271079	0.0008958128040141844	0.001938641139379138	0.0001834709822865488	0.0027027395795051756	-0.0018894865170999697	0.00014213335046830977	0.0007360623445036296
0.0007849419143370895	0.0010206316031289298	0.0020010505389358446	0.0002458803818434774	0.002203464383045306	-0.001202983121967982	0.00020454275002612654	0.0009856999427331203
-0.0006504742754847026	0.0012078598018012698	0.0016890035411487592	-3.7572163862353847e-06	0.001392142188798129	-0.00039166092772013883	0.00020454275002612654	0.0011105187418478657
0.0007849419143370895	0.001395088000473832	0.0015641847420337918	0.0003082897814010721	0.0005808199945511738	0.001106164661659026	0.00014213335046830977	0.0011729281414059045
-0.0005880648759271079	0.001395088000473832	0.0013769565433614517	-0.0002533948146166143	-0.00016809280013951877	0.0009813458625442806	-0.00035714184599155985	0.0006736529449460349
0.0004104855169928534	0.0011454504022441192	0.0016265941415913865	5.865218317091525e-05	0.00033118239632079494	0.0018550774563488304	0.00014213335046830977	0.0016097939383079574
0.0005353043161071547	0.0017695443978189562	0.001501775342476197	0.00012106158272895406	-0.00016809280013951877	0.0013558022598891828	1.7314551353120322e-05	0.0014225657396360614
-0.0004632460768123625	0.002268819594279048	0.0022506881371662235	0.0001834709822865488	0.00039359179587838966	0.0014806210590039282	0.00026695214958372127	0.0020466597352104543
0.00047289491654955995	0.0018319537973761069	0.0018762317398215433	-0.00019098541505901956	-0.00041773039836878745	0.0002324330678542541	-0.00016991364731921976	0.001484975139193212
-0.0005880648759271079	0.0020815913956062637	0.002313097536723374	-3.7572163862353847e-06	1.9135398533265402e-05	-1.7204530375680704e-05	-4.5094848203586224e-05	0.001734612737423591
0.0007849419143370895	0.002019181996048891	0.0024379163358390077	0.0001834709822865488	0.00020636359720604958	-0.0006412985259505177	-0.0002323230468763704	0.0015473845387508067
-0.00077529307459967	0.0017695443978189562	0.002188278737608629	-0.0002533948146166143	0.0005184105949933571	-0.0007661173250657072	0.0003293615491408719	0.0016097939383079574
0.0007849419143370895	0.0018319537973761069	0.002375506936281413	-3.7572163862353847e-06	0.00039359179587838966	-0.00032925152816321024	-4.5094848203586224e-05	0.0016097939383079574
-0.0005880648759271079	0.0017071349982613615	0.0018138223402639486	0.0001834709822865488	0.0004560011954359844	0.00017002366829665938	0.00014213335046830977	0.0014225657396360614
-0.0005256554763699572	0.0014574974000316487	0.0016890035411487592	-3.7572163862353847e-06	0.0005184105949933571	0.000669298864756751	7.972395091115914e-05	0.0013601563400780226
0.00047289491654955995	0.0010206316031289298	0.0010649095455743662	-3.7572163862353847e-06	0.0002687729967636443	0.000669298864756751	-0.00016991364731921976	0.0008608811436179309
-0.0004008366772552119	0.0010830410026865245	0.0013769565433614517	0.0002458803818434774	0.0010800951910108214	0.0011685740612166207	0.00026695214958372127	0.0012353375409634992
0.0004104855169928534	0.0003341282079969421	0.0006904531482285758	-0.00012857601550142483	0.0007056387936661412	0.00029484246741184883	-0.00016991364731921976	0.0004864247462732507
-0.0005256554763699572	0.0003341282079969421	0.0008152719473439873	5.865218317091525e-05	0.0016417797870280637	0.0002324330678542541	-4.5094848203586224e-05	-0.0003248974479739264
0.00047289491654955995	-0.000289965787578339	0.00031599675088389567	-3.7572163862353847e-06	0.002265873782603345	-0.0010781643228525706	-0.00010750424776162504	-0.0003248974479739264
-0.0008377024741577088	-0.000289965787578339	0.0006280437486718693	0.0003706991809591109	0.002827558378620587	-0.0013278019210829495	0.0003293615491408719	-1.2850450186840945e-05
0.000909760713452723	0.00027171880843934737	0.0010025001460158833	-0.00012857601550142483	0.0025155113808328355	-0.0019518959166575645	-0.00016991364731921976	-0.0004497162470888938
0.000909760713452723	0.0003965376075545368	0.001501775342476197	0.00043310858051626155	0.002827558378620587	-0.0019518959166575645	0.0003917709486984666	-0.00026248804841633167
-0.0008377024741577088	-4.0328189347738075e-05	0.0010649095455743662	-0.0002533948146166143	0.002016236184372966	-0.0022015335148872772	-0.00016991364731921976	-0.0006993538453192727
0.0005353043161071547	-4.0328189347738075e-05	0.0010649095455743662	-6.616661594383011e-05	0.0017041891865861025	-0.0018894865170999697	-0.00010750424776162504	-0.000824172644434018
-0.0004632460768123625	0.00027171880843934737	0.0011897283446886675	0.0002458803818434774	0.0018290079857004038	-0.0007037079255081125	0.00026695214958372127	-0.0006369444457612339
0.00047289491654955995	-0.00010273758890577689	0.0007528625477866147	-6.616661594383011e-05	0.0012049139901260109	-0.0005164797268357724	1.7314551353120322e-05	-0.00026248804841633167
-0.0005880648759271079	8.44906097665632e-05	0.0006280437486718693	-6.616661594383011e-05	0.0005184105949933571	0.0006068894651991563	-0.00010750424776162504	-0.00026248804841633167
0.00047289491654955995	0.00014690000932415792	0.0005032249495562358	0.00012106158272895406	0.0008304575927804425	0.0010437552621014312	0.00026695214958372127	0.0003616059471582833
-0.0004632460768123625	0.0005213564066690601	0.0007528625477866147	-0.00019098541505901956	1.9135398533265402e-05	0.00029484246741184883	-0.00016991364731921976	4.955894937075378e-05
-0.0005880648759271079	0.0008958128040141844	0.0011273189451315169	-3.7572163862353847e-06	-4.3274001023885234e-05	0.00029484246741184883	1.7314551353120322e-05	0.0006112435453884402
0.00047289491654955995	0.0010206316031289298	0.0008776813469015821	-0.00019098541505901956	-0.0006673679965991663	-7.961392993283134e-05	-0.0002947324464339651	0.0004864247462732507
-0.0004008366772552119	0.0015823161991466161	0.0015641847420337918	0.0003082897814010721	-4.3274001023885234e-05	0.0007317082643143458	0.000516589747813212	0.0015473845387508067
0.0005353043161071547	0.0011454504022441192	0.0008152719473439873	-0.00012857601550142483	-0.0007921867957139117	4.520486918191402e-05	-0.00016991364731921976	0.0014225657396360614
-0.0005256554763699572	0.001395088000473832	0.0010649095455743662	0.00012106158272895406	-0.00023050219969622532	0.000669298864756751	-0.00010750424776162504	0.001048109342290715
0.00047289491654955995	0.0010206316031289298	0.0007528625477866147	-6.616661594383011e-05	0.00014395419764845485	0.000856527063428647	1.7314551353120322e-05	0.001484975139193212
-0.0007128836750425194	0.001395088000473832	0.0010649095455743662	0.00012106158272895406	0.00033118239632079494	0.0007317082643143458	0.00020454275002612654	0.0015473845387508067
0.0007225325147799389	0.0016447255987042109	0.001314547143803857	5.865218317091525e-05	1.9135398533265402e-05	0.00041966126652681623	-4.5094848203586224e-05	0.0015473845387508067
0.0008473513138944622	0.0017695443978189562	0.0018762317398215433	0.0002458803818434774	0.0005184105949933571	0.0005444800656415616	0.0003293615491408719	0.001734612737423591
-0.0007128836750425194	0.001395088000473832	0.0016265941415913865	-0.00012857601550142483	0.00020636359720604958	0.00010761426873950874	-0.00010750424776162504	0.001484975139193212
0.0005977137156647494	0.0014574974000316487	0.0016265941415913865	5.865218317091525e-05	0.00039359179587838966	-1.7204530375680704e-05	-4.5094848203586224e-05	0.0012353375409634992
-0.0006504742754847026	0.0015823161991466161	0.001938641139379138	-3.7572163862353847e-06	0.0010800951910108214	0.00010761426873950874	7.972395091115914e-05	0.0011729281414059045
0.0006601231152223441	0.0014574974000316487	0.0020010505389358446	0.0001834709822865488	0.001392142188798129	-7.961392993283134e-05	0.00020454275002612654	0.0011729281414059045
-0.0004008366772552119	0.0014574974000316487	0.0022506881371662235	0.00012106158272895406	0.0019538267848155932	-0.0010781643228525706	-0.0002947324464339651	0.0006112435453884402
0.00047289491654955995	0.0011454504022441192	0.0020010505389358446	0.0001834709822865488	0.002827558378620587	-0.0011405737224103873	0.0003293615491408719	0.0009856999427331203
-0.0004632460768123625	0.0014574974000316487	0.0025003257353959363	5.865218317091525e-05	0.0023282831821604955	-0.0021391241153305707	-4.5094848203586224e-05	0.0002991965476006886
-0.0007128836750425194	0.0011454504022441192	0.0024379163358390077	-0.00019098541505901956	0.0023282831821604955	-0.002513580512675251	-0.00016991364731921976	0.0003616059471582833
0.0007849419143370895	0.0013326786009164593	0.002749963333626315	0.0003706991809591109	0.002640330179948025	-0.002451171113117656	0.00020454275002612654	0.0005488341458310675
-0.0005880648759271079	0.0012078598018012698	0.002749963333626315	-3.7572163862353847e-06	0.002827558378620587	-0.002263942914445316	0.00014213335046830977	0.0006112435453884402
0.0007225325147799389	0.0009582222035717791	0.002313097536723374	5.865218317091525e-05	0.002453101981275685	-0.0022015335148872772	1.7314551353120322e-05	0.0002991965476006886
-0.00077529307459967	0.0007085846053414002	0.0018138223402639486	-0.00019098541505901956	0.0021410549834881554	-0.0017022583184280737	0.00020454275002612654	0.0005488341458310675
0.0007849419143370895	0.0008958128040141844	0.001938641139379138	0.0002458803818434774	0.0018290079857004038	-0.001015754923295198	-0.00016991364731921976	0.0002991965476006886
-0.0008377024741577088	0.00045894700711168745	0.001314547143803857	0.0001834709822865488	0.0017665985861436972	-0.0008909361241800084	0.00020454275002612654	0.0003616059471582833
0.0007849419143370895	0.0006461752057842496	0.0011897283446886675	-0.00012857601550142483	0.001392142188798129	-0.001202983121967982	-0.00016991364731921976	0.0003616059471582833
0.0007849419143370895	0.0005837658062266549	0.0013769565433614517	0.0003082897814010721	0.0014545515883561677	-0.0015150301197552896	0.00026695214958372127	0.0002991965476006886
-0.0005880648759271079	0.0007085846053414002	0.001501775342476197	-6.616661594383011e-05	0.001392142188798129	-0.0017022583184280737	7.972395091115914e-05	0.0005488341458310675
0.0004104855169928534	0.0005837658062266549	0.0010025001460158833	-0.0002533948146166143	0.0008304575927804425	-0.0021391241153305707	-0.0004195512455487105	-7.525984974399158e-05
-0.0005256554763699572	0.0009582222035717791	0.0014393659429190464	0.00012106158272895406	0.0012673233896836056	-0.0013278019210829495	0.00020454275002612654	0.0006112435453884402
0.0006601231152223441	0.0008958128040141844	0.0011273189451315169	0.00012106158272895406	0.000768048193223736	-0.0013902113206401001	1.7314551353120322e-05	0.0006736529449460349
-0.0005256554763699572	0.0007709940048989949	0.0010025001460158833	-6.616661594383011e-05	-0.00029291159925382004	-0.001202983121967982	-0.0002947324464339651	0.0001119683489283485
0.0003480761174348146	0.0003965376075545368	0.0004408155499990851	0.00012106158272895406	0.0002687729967636443	-0.0002668421286056155	0.00026695214958372127	0.001048109342290715
-0.0004632460768123625	0.0008958128040141844	0.0004408155499990851	-0.00019098541505901956	-0.0005425491974835328	-0.000578889126392923	-0.00016991364731921976	0.00042401534671587804
-0.0005880648759271079	0.0007709940048989949	0.0006280437486718693	-3.7572163862353847e-06	-0.0005425491974835328	0.00010761426873950874	7.972395091115914e-05	0.0009856999427331203
0.0006601231152223441	0.0008334034044570338	0.0006904531482285758	0.0001834709822865488	-0.00041773039836878745	0.00048207066608441096	0.00014213335046830977	0.0009856999427331203
-0.0005256554763699572	0.0009582222035717791	0.0008152719473439873	-3.7572163862353847e-06	-0.00016809280013951877	0.000669298864756751	7.972395091115914e-05	0.0011729281414059045
0.0005353043161071547	0.0006461752057842496	0.0004408155499990851	-6.616661594383011e-05	-0.00035532099881141477	0.0002324330678542541	-0.0002323230468763704	0.0007984717440603362
-0.0005256554763699572	0.0007709940048989949	0.0008776813469015821	-3.7572163862353847e-06	0.00039359179587838966	0.00041966126652681623	-0.00016991364731921976	0.00023678714804353795
0.0004104855169928534	0.0003965376075545368	0.0005656343491142746	-0.00012857601550142483	0.0010800951910108214	-7.961392993283134e-05	7.972395091115914e-05	0.0005488341458310675
-0.0005880648759271079	0.0006461752057842496	0.0009400907464591768	5.865218317091525e-05	0.000955276391895632	-0.00032925152816321024	-4.5094848203586224e-05	0.00023678714804353795
0.0006601231152223441	0.0005213564066690601	0.0012521377442462622	0.00012106158272895406	0.0017041891865861025	-0.00014202332949087015	0.0003293615491408719	0.0005488341458310675
0.0006601231152223441	0.0006461752057842496	0.0011897283446886675	5.865218317091525e-05	0.001579370387470913	-0.0008285267246233019	1.7314551353120322e-05	0.00017437774848594323
-0.0008377024741577088	0.0007085846053414002	0.0013769565433614517	-0.00019098541505901956	0.0017041891865861025	-0.0007037079255081125	-0.00010750424776162504	0.00042401534671587804
0.000909760713452723	0.0012702692013588646	0.001938641139379138	0.0003706991809591109	0.0019538267848155932	-0.00032925152816321024	0.00026695214958372127	0.0007360623445036296
-0.0006504742754847026	0.0010830410026865245	0.001938641139379138	-3.7572163862353847e-06	0.0016417797870280637	-0.0002668421286056155	7.972395091115914e-05	0.0006112435453884402
0.0005977137156647494	0.0011454504022441192	0.0018138223402639486	5.865218317091525e-05	0.001142504590567972	-0.0002044327290480208	-4.5094848203586224e-05	0.0009856999427331203
-0.0006504742754847026	0.0012702692013588646	0.001751412940706576	-3.7572163862353847e-06	0.0006432293941085465	0.0012309834607744374	0.00026695214958372127	0.0011729281414059045
0.0008473513138944622	0.0014574974000316487	0.0020634599384934393	-0.00019098541505901956	0.00014395419764845485	0.0013558022598891828	-0.00016991364731921976	0.001048109342290715
-0.00077529307459967	0.0012702692013588646	0.0018762317398215433	5.865218317091525e-05	8.154479809086013e-05	0.001730258657234307	1.7314551353120322e-05	0.0011729281414059045
-0.0007128836750425194	0.0015823161991466161	0.0016890035411487592	-6.616661594383011e-05	8.154479809086013e-05	0.0018550774563488304	-0.00010750424776162504	0.0013601563400780226
0.0007225325147799389	0.0017071349982613615	0.0020010505389358446	0.0003082897814010721	0.0002687729967636443	0.001917486855906425	0.00026695214958372127	0.001484975139193212
-0.0005880648759271079	0.0017071349982613615	0.0018762317398215433	5.865218317091525e-05	0.00014395419764845485	0.0016054398581191176	7.972395091115914e-05	0.0015473845387508067
0.0007225325147799389	0.0016447255987042109	0.0018138223402639486	-6.616661594383011e-05	-0.00023050219969622532	0.0009813458625442806	-0.00010750424776162504	0.001484975139193212
-0.00077529307459967	0.0016447255987042109	0.0016890035411487592	-0.00012857601550142483	-0.00041773039836878745	0.0009813458625442806	0.0003293615491408719	0.001734612737423591
0.0008473513138944622	0.0018319537973761069	0.0020010505389358446	0.0003082897814010721	-0.00041773039836878745	0.000856527063428647	-4.5094848203586224e-05	0.0016097939383079574
-0.0006504742754847026	0.0016447255987042109	0.0015641847420337918	5.865218317091525e-05	-0.0006049585970411275	0.0012309834607744374	1.7314551353120322e-05	0.0016097939383079574
0.0005977137156647494	0.0015823161991466161	0.0012521377442462622	0.00012106158272895406	-0.00029291159925382004	0.001917486855906425	0.00026695214958372127	0.001921840936095487
0.0004104855169928534	0.0008958128040141844	0.0004408155499990851	-0.0002533948146166143	-0.0009794149943862518	0.0016678492576767123	-0.0004195512455487105	0.0009856999427331203
-0.0005880648759271079	0.0012078598018012698	0.0006904531482285758	-3.7572163862353847e-06	-0.0006049585970411275	0.0026663996505962295	0.00014213335046830977	0.0016097939383079574
0.0006601231152223441	0.0008958128040141844	0.0001911779517691503	0.00012106158272895406	-0.0007921867957139117	0.002603990251038635	-4.5094848203586224e-05	0.0011729281414059045
-0.0005256554763699572	0.0008334034044570338	0.0003784061504414904	0.00012106158272895406	-0.00041773039836878745	0.002541580851481484	0.00014213335046830977	0.0007360623445036296
0.0007225325147799389	0.0005213564066690601	0.0001911779517691503	0.0001834709822865488	-0.0005425491974835328	0.0018550774563488304	-0.00035714184599155985	0.0003616059471582833
-0.0009001118737144154	0.0003341282079969421	3.949753096588182e-06	-0.00037821361373091555	0.0004560011954359844	0.0011685740612166207	0.0003917709486984666	0.0007984717440603362
0.0008473513138944622	0.0007085846053414002	0.0008776813469015821	-0.0002533948146166143	0.00039359179587838966	0.0003572518669692215	-0.00010750424776162504	0.0003616059471582833
-0.00077529307459967	0.0005213564066690601	0.0006280437486718693	-0.00012857601550142483	0.00039359179587838966	-0.00039166092772013883	-0.0002323230468763704	-1.2850450186840945e-05
-0.0005880648759271079	0.00045894700711168745	0.0008776813469015821	5.865218317091525e-05	0.000768048193223736	-0.0002044327290480208	1.7314551353120322e-05	0.0003616059471582833
0.0007225325147799389	0.0003341282079969421	0.0010649095455743662	0.0001834709822865488	0.0008304575927804425	-0.0004540703272783997	0.00020454275002612654	-1.2850450186840945e-05
-0.0008377024741577088	-4.0328189347738075e-05	0.0006280437486718693	-0.00037821361373091555	0.00039359179587838966	-0.0008285267246233019	-0.0002947324464339651	-0.0003248974479739264
0.0005353043161071547	0.0003965376075545368	0.0008776813469015821	5.865218317091525e-05	0.0005184105949933571	-0.0004540703272783997	-0.00010750424776162504	0.0002991965476006886
-0.0005880648759271079	0.0005837658062266549	0.0011897283446886675	0.00012106158272895406	0.0008304575927804425	0.00017002366829665938	-0.00016991364731921976	-0.00013766924930114222
0.0005353043161071547	0.0003965376075545368	0.0006904531482285758	-3.7572163862353847e-06	8.154479809086013e-05	0.00048207066608441096	-0.00016991364731921976	4.955894937075378e-05
-0.0008377024741577088	0.00045894700711168745	0.0007528625477866147	0.0002458803818434774	0.00020636359720604958	0.0009813458625442806	0.00014213335046830977	0.0004864247462732507
0.0007849419143370895	0.0007709940048989949	0.0009400907464591768	5.865218317091525e-05	0.00033118239632079494	0.0010437552621014312	0.00014213335046830977	0.0005488341458310675
0.0005977137156647494	0.0006461752057842496	0.0008152719473439873	5.865218317091525e-05	8.154479809086013e-05	0.0006068894651991563	1.7314551353120322e-05	0.0003616059471582833
-0.0007128836750425194	0.0006461752057842496	0.0008152719473439873	-3.7572163862353847e-06	0.0002687729967636443	0.0006068894651991563	-4.5094848203586224e-05	0.0006736529449460349
0.0005977137156647494	0.0006461752057842496	0.0008152719473439873	0.00012106158272895406	0.0002687729967636443	0.00029484246741184883	1.7314551353120322e-05	0.0004864247462732507
-0.0005256554763699572	0.0009582222035717791	0.0010649095455743662	-3.7572163862353847e-06	0.0005184105949933571	0.0003572518669692215	7.972395091115914e-05	0.0007360623445036296
0.0005353043161071547	0.0008334034044570338	0.0009400907464591768	-6.616661594383011e-05	0.00039359179587838966	0.00010761426873950874	-4.5094848203586224e-05	0.0011729281414059045
-0.0005880648759271079	0.0012702692013588646	0.0011897283446886675	-3.7572163862353847e-06	0.000955276391895632	0.0006068894651991563	0.00020454275002612654	0.0014225657396360614
0.0007849419143370895	0.0015199067995890214	0.0015641847420337918	-0.00019098541505901956	0.0005184105949933571	0.0003572518669692215	-0.00010750424776162504	0.0011729281414059045
-0.00077529307459967	0.0012702692013588646	0.0014393659429190464	0.0001834709822865488	0.0007056387936661412	0.00048207066608441096	0.00020454275002612654	0.0012977469405204278
-0.00077529307459967	0.0011454504022441192	0.0012521377442462622	-0.0002533948146166143	0.0002687729967636443	0.0002324330678542541	-0.00016991364731921976	0.0011105187418478657
0.0007225325147799389	0.0015199067995890214	0.0013769565433614517	0.0002458803818434774	0.0004560011954359844	0.000669298864756751	7.972395091115914e-05	0.0013601563400780226
-0.0004632460768123625	0.0015823161991466161	0.0018138223402639486	0.00012106158272895406	0.0010176857914532267	0.0009813458625442806	0.00020454275002612654	0.0016722033378659962
0.00028566671787766396	0.0010830410026865245	0.001314547143803857	-0.00031580421417332083	0.00039359179587838966	0.00017002366829665938	-0.0004195512455487105	0.0015473845387508067
-0.0004632460768123625	0.0015199067995890214	0.0020634599384934393	5.865218317091525e-05	0.0012673233896836056	0.00041966126652681623	1.7314551353120322e-05	0.0013601563400780226
0.0005977137156647494	0.0015823161991466161	0.0020634599384934393	0.0002458803818434774	0.0020786455839305606	-0.0002668421286056155	0.000516589747813212	0.0016722033378659962
-0.0004008366772552119	0.0017695443978189562	0.00262514453451157	-0.00019098541505901956	0.0013297327892405342	-0.0017022583184280737	-0.0002947324464339651	0.0005488341458310675
0.0004104855169928534	0.0010830410026865245	0.002375506936281413	0.00012106158272895406	0.0017665985861436972	-0.0014526207201976948	0.00014213335046830977	0.0009856999427331203
0.0007849419143370895	0.0012702692013588646	0.0025003257353959363	0.0002458803818434774	0.0020786455839305606	-0.0017646677179852244	0.00020454275002612654	0.0007984717440603362
-0.001024930672830049	0.0008334034044570338	0.001938641139379138	-0.000503032412845883	0.0018290079857004038	-0.002451171113117656	-0.00035714184599155985	0.00023678714804353795
0.0007225325147799389	0.0011454504022441192	0.002313097536723374	0.0001834709822865488	0.00239069258171809	-0.0021391241153305707	0.00014213335046830977	0.00042401534671587804
-0.0007128836750425194	0.0011454504022441192	0.002188278737608629	-3.7572163862353847e-06	0.0025155113808328355	-0.0019518959166575645	7.972395091115914e-05	0.0005488341458310675
0.000909760713452723	0.0010206316031289298	0.002313097536723374	0.0003706991809591109	0.002640330179948025	-0.0018894865170999697	-4.5094848203586224e-05	0.0003616059471582833
-0.0007128836750425194	0.0007085846053414002	0.001751412940706576	-0.00019098541505901956	0.0018290079857004038	-0.0020143053162153812	-0.00010750424776162504	0.0001119683489283485
0.0005353043161071547	0.0006461752057842496	0.001501775342476197	0.00012106158272895406	0.002016236184372966	-0.0015774395193128843	0.00014213335046830977	0.0004864247462732507
-0.0005256554763699572	0.0006461752057842496	0.0010025001460158833	-0.0002533948146166143	0.0012049139901260109	-0.0023887617135600614	-0.0002947324464339651	-0.00026248804841633167
-0.0006504742754847026	0.0005837658062266549	0.0012521377442462622	-0.0002533948146166143	0.0016417797870280637	-0.002076714715772532	-0.00010750424776162504	0.00023678714804353795
0.0007849419143370895	0.0008334034044570338	0.0014393659429190464	0.0003082897814010721	0.0016417797870280637	-0.0019518959166575645	0.00020454275002612654	0.0004864247462732507
-0.00077529307459967	0.0006461752057842496	0.001314547143803857	-0.00012857601550142483	0.0017041891865861025	-0.0021391241153305707	-4.5094848203586224e-05	0.0003616059471582833
0.0007225325147799389	0.0005837658062266549	0.0011897283446886675	0.00012106158272895406	0.0014545515883561677	-0.0021391241153305707	1.7314551353120322e-05	0.0003616059471582833
-0.0005880648759271079	0.0006461752057842496	0.0012521377442462622	5.865218317091525e-05	0.0014545515883561677	-0.0019518959166575645	-0.00016991364731921976	-1.2850450186840945e-05
0.0005353043161071547	0.0003965376075545368	0.0008152719473439873	-6.616661594383011e-05	0.0014545515883561677	-0.0013902113206401001	0.00045418034825561726	0.0007360623445036296
-0.00033842727769761716	0.0008334034044570338	0.001314547143803857	-0.00012857601550142483	0.0006432293941085465	-0.002076714715772532	-0.00016991364731921976	-1.2850450186840945e-05
0.00047289491654955995	0.0003965376075545368	0.0009400907464591768	-3.7572163862353847e-06	0.000768048193223736	-0.0013278019210829495	1.7314551353120322e-05	0.0006112435453884402
0.0007849419143370895	0.0007085846053414002	0.0011273189451315169	0.0003082897814010721	0.0008304575927804425	-0.001202983121967982	0.00026695214958372127	0.0006112435453884402
-0.0009625212732724542	0.0005213564066690601	0.0006904531482285758	-0.00037821361373091555	0.00020636359720604958	-0.0014526207201976948	-0.00035714184599155985	0.0003616059471582833
0.0005977137156647494	0.0005837658062266549	0.0008152719473439873	-6.616661594383011e-05	0.00033118239632079494	-0.0011405737224103873	-4.5094848203586224e-05	0.00042401534671587804
-0.0005256554763699572	0.0008334034044570338	0.0009400907464591768	0.00012106158272895406	0.0005184105949933571	-0.0006412985259505177	7.972395091115914e-05	0.0004864247462732507
0.0006601231152223441	0.0005837658062266549	0.0010025001460158833	5.865218317091525e-05	0.0007056387936661412	-0.0008909361241800084	7.972395091115914e-05	0.0005488341458310675
-0.0006504742754847026	0.0006461752057842496	0.0010649095455743662	-3.7572163862353847e-06	0.0010176857914532267	-0.001015754923295198	7.972395091115914e-05	0.0004864247462732507
0.0007225325147799389	0.0007085846053414002	0.0010025001460158833	5.865218317091525e-05	0.0014545515883561677	-0.001202983121967982	7.972395091115914e-05	0.00042401534671587804
-0.0005880648759271079	0.0005837658062266549	0.0008776813469015821	-0.00037821361373091555	0.0010176857914532267	-0.0020143053162153812	-0.00035714184599155985	-0.00013766924930114222
-0.0004632460768123625	0.0010206316031289298	0.0018138223402639486	0.0001834709822865488	0.002016236184372966	-0.0010781643228525706	0.00026695214958372127	0.0007360623445036296
0.0006601231152223441	0.0011454504022441192	0.0018138223402639486	0.00012106158272895406	0.0018914173852579985	-0.001202983121967982	-0.00010750424776162504	0.0005488341458310675
-0.0005256554763699572	0.0011454504022441192	0.002125869338051034	0.00012106158272895406	0.002265873782603345	-0.001015754923295198	0.00020454275002612654	0.0008608811436179309
0.0005353043161071547	0.0008958128040141844	0.0018138223402639486	5.865218317091525e-05	0.0017665985861436972	-0.0013278019210829495	-0.00010750424776162504	0.0007360623445036296
-0.0004632460768123625	0.0011454504022441192	0.002188278737608629	5.865218317091525e-05	0.002016236184372966	-0.0007661173250657072	0.00020454275002612654	0.0006736529449460349
0.0007225325147799389	0.0009582222035717791	0.0020634599384934393	0.0001834709822865488	0.0016417797870280637	-1.7204530375680704e-05	1.7314551353120322e-05	0.0007984717440603362
-0.0007128836750425194	0.0010830410026865245	0.0020010505389358446	-6.616661594383011e-05	0.0013297327892405342	-7.961392993283134e-05	-0.00010750424776162504	0.0005488341458310675
0.0005353043161071547	0.0009582222035717791	0.001938641139379138	5.865218317091525e-05	0.001579370387470913	0.00048207066608441096	1.7314551353120322e-05	0.0011105187418478657
0.0005977137156647494	0.0011454504022441192	0.0020010505389358446	5.865218317091525e-05	0.001392142188798129	0.0003572518669692215	7.972395091115914e-05	0.0007984717440603362
-0.0006504742754847026	0.0012702692013588646	0.001938641139379138	-6.616661594383011e-05	0.0012673233896836056	0.00010761426873950874	1.7314551353120322e-05	0.0008608811436179309
0.0007849419143370895	0.001395088000473832	0.0020010505389358446	0.0001834709822865488	0.0014545515883561677	-0.0002044327290480208	0.00014213335046830977	0.0008608811436179309
-0.0009625212732724542	0.0010206316031289298	0.0015641847420337918	-0.00019098541505901956	0.000955276391895632	-0.000578889126392923	-0.0002947324464339651	0.001048109342290715
0.0007849419143370895	0.001395088000473832	0.0020010505389358446	0.0003082897814010721	0.001392142188798129	-0.0002668421286056155	7.972395091115914e-05	0.0011105187418478657
-0.0005256554763699572	0.0013326786009164593	0.001751412940706576	-6.616661594383011e-05	0.0008928669923380372	-0.00039166092772013883	-4.5094848203586224e-05	0.0009232905431755256
0.0005353043161071547	0.0012078598018012698	0.0013769565433614517	0.0002458803818434774	0.000955276391895632	0.00029484246741184883	0.0003293615491408719	0.0012977469405204278
-0.0004632460768123625	0.0012078598018012698	0.0004408155499990851	-0.00019098541505901956	-0.00023050219969622532	-0.00039166092772013883	-0.00035714184599155985	0.0002991965476006886
-0.0005880648759271079	0.0003341282079969421	0.00025358735132674504	-6.616661594383011e-05	-0.00035532099881141477	0.00010761426873950874	1.7314551353120322e-05	0.0004864247462732507
0.0005353043161071547	0.00045894700711168745	0.0001911779517691503	-6.616661594383011e-05	-0.0006673679965991663	0.00041966126652681623	-0.0002323230468763704	0.0003616059471582833
-0.0004632460768123625	0.0008334034044570338	0.0006904531482285758	0.0002458803818434774	1.9135398533265402e-05	0.0012309834607744374	0.00026695214958372127	0.0009856999427331203
0.0004104855169928534	0.00020930940888175265	3.949753096588182e-06	-0.0002533948146166143	-0.0007921867957139117	0.00048207066608441096	-0.0002323230468763704	0.0006736529449460349
-0.0005880648759271079	0.0005837658062266549	0.0005032249495562358	-6.616661594383011e-05	-0.00010568340058103587	0.000856527063428647	-0.00016991364731921976	0.0002991965476006886
0.0005353043161071547	0.00045894700711168745	0.0003784061504414904	-6.616661594383011e-05	0.0005808199945511738	0.00029484246741184883	0.00014213335046830977	0.0007360623445036296
-0.0005880648759271079	0.0007085846053414002	0.0008776813469015821	-6.616661594383011e-05	0.00033118239632079494	-0.0005164797268357724	-0.00010750424776162504	0.0001119683489283485
0.0005977137156647494	0.0003965376075545368	0.0005656343491142746	5.865218317091525e-05	0.00020636359720604958	-0.0008285267246233019	7.972395091115914e-05	0.00023678714804353795
0.0005353043161071547	-4.0328189347738075e-05	0.0003784061504414904	-6.616661594383011e-05	1.9135398533265402e-05	-0.0013278019210829495	-0.00016991364731921976	-0.0003873068475315211
-0.0005256554763699572	0.0003341282079969421	0.0006280437486718693	0.00012106158272895406	0.00020636359720604958	-0.0009533455237380473	7.972395091115914e-05	0.00017437774848594323
0.0006601231152223441	0.00020930940888175265	0.0006904531482285758	-6.616661594383011e-05	1.9135398533265402e-05	-0.0010781643228525706	1.7314551353120322e-05	-1.2850450186840945e-05
-0.00077529307459967	0.00020930940888175265	0.0005032249495562358	-0.00012857601550142483	-0.00016809280013951877	-0.0007661173250657072	-0.0002323230468763704	4.955894937075378e-05
0.0007225325147799389	0.0003341282079969421	0.0007528625477866147	0.00012106158272895406	0.00014395419764845485	-0.00039166092772013883	-4.5094848203586224e-05	4.955894937075378e-05
-0.0005880648759271079	0.00020930940888175265	0.0005656343491142746	-0.00019098541505901956	0.00020636359720604958	0.0003572518669692215	1.7314551353120322e-05	0.0002991965476006886
0.0005353043161071547	0.0005213564066690601	0.0007528625477866147	5.865218317091525e-05	0.0005808199945511738	0.0007941176638719405	0.00020454275002612654	0.0006112435453884402
-0.0005256554763699572	0.0006461752057842496	0.0005656343491142746	-0.00012857601550142483	0.00014395419764845485	0.0002324330678542541	-0.00016991364731921976	0.0001119683489283485
-0.00077529307459967	0.00045894700711168745	0.0006904531482285758	-0.0002533948146166143	0.00039359179587838966	0.00017002366829665938	-0.00016991364731921976	0.0002991965476006886
0.0007225325147799389	0.0007085846053414002	0.0010649095455743662	0.0001834709822865488	0.0006432293941085465	4.520486918191402e-05	7.972395091115914e-05	0.0005488341458310675
-0.0005880648759271079	0.0007085846053414002	0.0011897283446886675	-3.7572163862353847e-06	0.000955276391895632	-0.00014202332949087015	0.00014213335046830977	0.0006736529449460349
0.0007849419143370895	0.0009582222035717791	0.0013769565433614517	0.00012106158272895406	0.0010800951910108214	-0.0004540703272783997	0.00020454275002612654	0.0011105187418478657
-0.0005256554763699572	0.0012702692013588646	0.0015641847420337918	0.00012106158272895406	0.0012673233896836056	-0.0004540703272783997	7.972395091115914e-05	0.0009232905431755256
0.0006601231152223441	0.0012078598018012698	0.0016890035411487592	0.00012106158272895406	0.0012049139901260109	-0.0002668421286056155	1.7314551353120322e-05	0.0009232905431755256
-0.0006504742754847026	0.0011454504022441192	0.0014393659429190464	-0.00019098541505901956	0.0007056387936661412	-0.0004540703272783997	-0.0002947324464339651	0.0004864247462732507
0.00047289491654955995	0.0008334034044570338	0.0016265941415913865	0.00043310858051626155	0.0012673233896836056	0.0007317082643143458	0.000516589747813212	0.0012977469405204278
0.00028566671787766396	0.0003341282079969421	0.0004408155499990851	-0.00037821361373091555	-4.3274001023885234e-05	-0.0002044327290480208	-0.0004819606451063052	0.0001119683489283485
-0.00027601787814002243	0.0011454504022441192	0.0012521377442462622	0.0003082897814010721	0.0006432293941085465	0.0009813458625442806	0.0003293615491408719	0.001048109342290715
0.0001608479187624745	0.0003341282079969421	0.0001911779517691503	-0.00037821361373091555	-0.0006049585970411275	4.520486918191402e-05	-0.0004819606451063052	4.955894937075378e-05
-0.0004008366772552119	0.0010830410026865245	0.001314547143803857	0.0001834709822865488	0.0005808199945511738	0.0011685740612166207	0.00026695214958372127	0.0008608811436179309
0.0006601231152223441	0.0008958128040141844	0.0010649095455743662	0.00012106158272895406	0.00020636359720604958	0.000856527063428647	7.972395091115914e-05	0.0012353375409634992
-0.0005880648759271079	0.0012702692013588646	0.001314547143803857	0.00012106158272895406	0.00020636359720604958	0.00010761426873950874	-4.5094848203586224e-05	0.0005488341458310675
0.0005977137156647494	0.0007085846053414002	0.0010649095455743662	-6.616661594383011e-05	0.00039359179587838966	-1.7204530375680704e-05	7.972395091115914e-05	0.0007360623445036296
-0.0005880648759271079	0.0008958128040141844	0.0008776813469015821	-0.00031580421417332083	0.00014395419764845485	-0.0007661173250657072	-0.0002947324464339651	0.00023678714804353795
-0.0007128836750425194	0.0008334034044570338	0.0010025001460158833	-3.7572163862353847e-06	0.0002687729967636443	-0.0005164797268357724	-0.00010750424776162504	0.0005488341458310675
0.000909760713452723	0.0008334034044570338	0.0011273189451315169	0.0003706991809591109	0.0004560011954359844	-0.00039166092772013883	0.0003917709486984666	0.0006112435453884402
-0.0006504742754847026	0.0003965376075545368	0.0006280437486718693	-0.00019098541505901956	-4.3274001023885234e-05	-0.0006412985259505177	-0.00010750424776162504	0.0002991965476006886
0.0005977137156647494	0.0005213564066690601	0.0005656343491142746	-3.7572163862353847e-06	-0.00010568340058103587	-0.0005164797268357724	-0.00010750424776162504	0.0009232905431755256
-0.0005256554763699572	0.0009582222035717791	0.0012521377442462622	0.0001834709822865488	0.0007056387936661412	0.00017002366829665938	-0.0002947324464339651	0.0003616059471582833
0.0003480761174348146	0.0005837658062266549	0.0007528625477866147	-0.00031580421417332083	0.00014395419764845485	4.520486918191402e-05	-0.0002323230468763704	0.0006112435453884402
-0.0007128836750425194	0.0007085846053414002	0.0008152719473439873	0.0003706991809591109	0.00014395419764845485	0.00029484246741184883	0.00014213335046830977	0.0007360623445036296
0.0007225325147799389	0.0008958128040141844	0.0007528625477866147	0.00012106158272895406	0.00020636359720604958	0.00029484246741184883	0.00020454275002612654	0.0007360623445036296
0.0005977137156647494	0.0005837658062266549	0.0008152719473439873	-3.7572163862353847e-06	0.00020636359720604958	0.00017002366829665938	7.972395091115914e-05	0.0004864247462732507
-0.00077529307459967	8.44906097665632e-05	0.00025358735132674504	-0.00019098541505901956	-0.00035532099881141477	-0.00039166092772013883	-0.0002323230468763704	4.955894937075378e-05
0.000909760713452723	0.00045894700711168745	0.0007528625477866147	0.0003082897814010721	0.00033118239632079494	-0.0002668421286056155	0.00026695214958372127	0.00017437774848594323
-0.0008377024741577088	-0.00016514698846314957	0.0001911779517691503	-0.00037821361373091555	-0.00010568340058103587	-0.001015754923295198	-0.0002947324464339651	-0.00026248804841633167
0.0006601231152223441	0.00027171880843934737	0.0005656343491142746	0.0001834709822865488	0.00020636359720604958	-0.0009533455237380473	0.00014213335046830977	-0.00026248804841633167
-0.0004632460768123625	-4.0328189347738075e-05	0.0004408155499990851	0.00012106158272895406	0.00014395419764845485	-0.0015150301197552896	-0.0002947324464339651	-0.0003873068475315211
0.0004104855169928534	2.208121020896847e-05	0.0004408155499990851	-0.0002533948146166143	0.0002687729967636443	-0.001202983121967982	-0.0002947324464339651	4.955894937075378e-05
-0.0008377024741577088	0.00027171880843934737	0.0011897283446886675	0.0003082897814010721	0.000955276391895632	-0.000578889126392923	0.0003293615491408719	0.0004864247462732507
-0.00077529307459967	0.0005213564066690601	0.0009400907464591768	-0.0002533948146166143	0.0006432293941085465	-0.000578889126392923	-0.00016991364731921976	0.0003616059471582833
0.0005977137156647494	0.0003341282079969421	0.0006904531482285758	-0.00019098541505901956	0.00039359179587838966	-0.0006412985259505177	-0.0002323230468763704	0.00017437774848594323
-0.0004008366772552119	0.0007709940048989949	0.0010025001460158833	0.0002458803818434774	0.000768048193223736	0.00029484246741184883	0.00026695214958372127	0.0007984717440603362
0.0007225325147799389	0.0007085846053414002	0.0009400907464591768	0.0001834709822865488	0.0005808199945511738	0.0003572518669692215	0.00014213335046830977	0.0005488341458310675
-0.0005256554763699572	0.0005837658062266549	0.0006904531482285758	-6.616661594383011e-05	0.00039359179587838966	0.00041966126652681623	-0.0002947324464339651	0.00017437774848594323
0.0004104855169928534	0.0003965376075545368	0.0005656343491142746	-0.00031580421417332083	0.0005808199945511738	0.0003572518669692215	7.972395091115914e-05	0.0007360623445036296
-0.0006504742754847026	0.0008334034044570338	0.0010649095455743662	-0.00012857601550142483	0.0004560011954359844	-0.0002044327290480208	-0.00010750424776162504	0.0005488341458310675
0.0005353043161071547	0.0007709940048989949	0.0016890035411487592	0.0002458803818434774	0.001142504590567972	0.0002324330678542541	0.00026695214958372127	0.0012977469405204278
0.0007225325147799389	0.0015199067995890214	0.0018762317398215433	0.0002458803818434774	0.0012673233896836056	-1.7204530375680704e-05	0.00014213335046830977	0.0012353375409634992
-0.0005880648759271079	0.0012702692013588646	0.0016265941415913865	-6.616661594383011e-05	0.0010176857914532267	-0.0002044327290480208	7.972395091115914e-05	0.0011105187418478657
0.00047289491654955995	0.0012078598018012698	0.0014393659429190464	-6.616661594383011e-05	0.0007056387936661412	-0.0002668421286056155	-0.00016991364731921976	0.0007984717440603362
-0.0005256554763699572	0.0013326786009164593	0.0016265941415913865	0.00012106158272895406	0.0010176857914532267	0.00029484246741184883	0.00014213335046830977	0.0008608811436179309
0.0005353043161071547	0.0010830410026865245	0.0014393659429190464	-3.7572163862353847e-06	0.0007056387936661412	0.0002324330678542541	0.00014213335046830977	0.0014225657396360614
-0.0005880648759271079	0.0014574974000316487	0.001751412940706576	-3.7572163862353847e-06	0.0007056387936661412	0.000856527063428647	-4.5094848203586224e-05	0.0012977469405204278
0.0006601231152223441	0.001395088000473832	0.001501775342476197	0.0003706991809591109	0.0012049139901260109	0.0016678492576767123	0.000516589747813212	0.0018594315365378922
-0.00027601787814002243	0.0017695443978189562	0.0010025001460158833	-0.000503032412845883	-0.00010568340058103587	0.0006068894651991563	-0.0006691888437790894	0.0007360623445036296
-0.0004008366772552119	0.0015823161991466161	0.0016890035411487592	0.0001834709822865488	0.000768048193223736	0.0014806210590039282	0.0003293615491408719	0.0016097939383079574
0.0005977137156647494	0.0012702692013588646	0.001314547143803857	-3.7572163862353847e-06	0.0002687729967636443	0.0010437552621014312	-0.00010750424776162504	0.0011105187418478657
-0.0004632460768123625	0.0013326786009164593	0.0015641847420337918	0.0002458803818434774	0.0008304575927804425	0.0013558022598891828	0.0003917709486984666	0.0014225657396360614
0.0005353043161071547	0.0010830410026865245	0.0012521377442462622	-6.616661594383011e-05	0.0004560011954359844	0.0006068894651991563	-0.00016991364731921976	0.0012977469405204278
-0.0005880648759271079	0.0012702692013588646	0.0015641847420337918	-3.7572163862353847e-06	0.0008304575927804425	0.000856527063428647	-0.0002323230468763704	0.0007984717440603362
0.00047289491654955995	0.0010830410026865245	0.0011897283446886675	-3.7572163862353847e-06	0.001142504590567972	0.0009189364629871299	0.000516589747813212	0.001484975139193212
-0.00033842727769761716	0.0014574974000316487	0.001751412940706576	-0.00019098541505901956	0.00033118239632079494	4.520486918191402e-05	-0.0002323230468763704	0.0006112435453884402
0.0004104855169928534	0.0007709940048989949	0.0012521377442462622	5.865218317091525e-05	0.0005184105949933571	0.0005444800656415616	7.972395091115914e-05	0.0011105187418478657
0.0005977137156647494	0.0008958128040141844	0.0012521377442462622	5.865218317091525e-05	0.0004560011954359844	0.00029484246741184883	1.7314551353120322e-05	0.0007984717440603362
-0.00077529307459967	0.0005837658062266549	0.0008776813469015821	-0.0002533948146166143	8.154479809086013e-05	4.520486918191402e-05	-0.0002323230468763704	0.0005488341458310675
0.0005977137156647494	0.0007085846053414002	0.0008152719473439873	5.865218317091525e-05	0.00014395419764845485	0.00017002366829665938	1.7314551353120322e-05	0.0006112435453884402
-0.0004008366772552119	0.0008958128040141844	0.0012521377442462622	0.0002458803818434774	0.0005808199945511738	0.0007317082643143458	0.0003293615491408719	0.0009856999427331203
0.0005353043161071547	0.00045894700711168745	0.0005656343491142746	-0.00012857601550142483	-0.00023050219969622532	0.0002324330678542541	1.7314551353120322e-05	0.0006112435453884402
-0.0007128836750425194	0.0005837658062266549	0.0008776813469015821	-6.616661594383011e-05	-4.3274001023885234e-05	0.0002324330678542541	-0.0002323230468763704	0.00023678714804353795
0.00047289491654955995	0.00045894700711168745	0.0005032249495562358	5.865218317091525e-05	0.00039359179587838966	0.00041966126652681623	0.00020454275002612654	0.0006112435453884402
-0.0005256554763699572	0.0005213564066690601	0.0003784061504414904	-0.00019098541505901956	-0.00023050219969622532	-0.0005164797268357724	-0.0002323230468763704	-0.00013766924930114222
-0.0005256554763699572	0.0005837658062266549	0.0010025001460158833	-3.7572163862353847e-06	0.0005808199945511738	-0.00014202332949087015	7.972395091115914e-05	0.0004864247462732507
0.0007849419143370895	0.0005837658062266549	0.0008152719473439873	0.0002458803818434774	0.00020636359720604958	-0.00039166092772013883	0.00014213335046830977	0.0003616059471582833
-0.0005256554763699572	0.0007085846053414002	0.0010649095455743662	5.865218317091525e-05	0.0004560011954359844	-0.0002668421286056155	7.972395091115914e-05	0.0005488341458310675
0.0003480761174348146	0.0003965376075545368	0.0005656343491142746	-0.00031580421417332083	-4.3274001023885234e-05	-0.0008909361241800084	-0.00035714184599155985	0.001048109342290715
-0.00033842727769761716	0.0010206316031289298	0.001314547143803857	0.0003706991809591109	0.000768048193223736	0.0002324330678542541	0.00020454275002612654	0.0006112435453884402
0.0007849419143370895	0.0007709940048989949	0.0011273189451315169	0.0001834709822865488	0.00014395419764845485	-0.00032925152816321024	-0.0002947324464339651	0.00023678714804353795
-0.0009001118737144154	0.0003341282079969421	0.0004408155499990851	-0.00019098541505901956	0.00014395419764845485	-0.00032925152816321024	-0.0002947324464339651	4.955894937075378e-05
0.00047289491654955995	0.00027171880843934737	0.0013769565433614517	0.0004955179800738563	0.001142504590567972	0.0009189364629871299	0.0006414085469284014	0.0012977469405204278
0.00022325731832029128	0.00027171880843934737	0.0003784061504414904	-0.0002533948146166143	-4.3274001023885234e-05	-7.961392993283134e-05	-0.0004195512455487105	0.0001119683489283485
-0.0007128836750425194	0.00045894700711168745	0.0005656343491142746	-0.00019098541505901956	0.0002687729967636443	0.00010761426873950874	-0.00010750424776162504	0.00042401534671587804
0.00047289491654955995	0.0005837658062266549	0.0006904531482285758	-3.7572163862353847e-06	0.00039359179587838966	-0.00014202332949087015	-0.00016991364731921976	0.0003616059471582833
-0.00015119907902483298	0.0013326786009164593	0.0018138223402639486	0.0006827461787466405	0.0017041891865861025	0.000669298864756751	0.0007038179464859962	0.00023678714804353795
0.0005353043161071547	0.00045894700711168745	0.0006904531482285758	-0.00019098541505901956	0.00039359179587838966	-0.0008909361241800084	-0.0004195512455487105	0.001048109342290715
-0.001024930672830049	0.0013326786009164593	0.0016890035411487592	-0.00037821361373091555	0.0017041891865861025	-0.0002668421286056155	0.00045418034825561726	0.0011105187418478657
0.0009721701130096516	0.0013326786009164593	0.0018762317398215433	-6.616661594383011e-05	0.0013297327892405342	-0.0005164797268357724	-4.5094848203586224e-05	0.0008608811436179309
-0.0007128836750425194	0.0010206316031289298	0.0014393659429190464	-0.00012857601550142483	0.0010800951910108214	-0.0008909361241800084	-0.00016991364731921976	0.0004864247462732507
-0.0005880648759271079	0.0015199067995890214	0.0020010505389358446	0.0001834709822865488	0.0017665985861436972	-0.00014202332949087015	0.00020454275002612654	0.0012977469405204278
0.000909760713452723	0.0015199067995890214	0.002125869338051034	0.00043310858051626155	0.0018290079857004038	-0.0002044327290480208	0.0003293615491408719	0.0012353375409634992
-0.0009625212732724542	0.0009582222035717791	0.001501775342476197	-0.00037821361373091555	0.0012673233896836056	-0.0007661173250657072	-0.0002947324464339651	0.0006736529449460349
0.0005977137156647494	0.0010830410026865245	0.0016890035411487592	-6.616661594383011e-05	0.0013297327892405342	-0.0006412985259505177	-0.00010750424776162504	0.0013601563400780226
-0.0004008366772552119	0.0016447255987042109	0.0020010505389358446	0.0001834709822865488	0.0017041891865861025	-7.961392993283134e-05	7.972395091115914e-05	0.0009232905431755256
0.0005977137156647494	0.0012702692013588646	0.0018762317398215433	0.0001834709822865488	0.0012049139901260109	-0.0007661173250657072	-0.0002947324464339651	0.0007360623445036296
-0.00077529307459967	0.0008958128040141844	0.0013769565433614517	0.00043310858051626155	0.0021410549834881554	4.520486918191402e-05	0.00045418034825561726	0.0016097939383079574
0.000909760713452723	0.0019567725964917404	0.0009400907464591768	-0.0002533948146166143	0.000768048193223736	-0.0012653925215253548	-0.00010750424776162504	0.00042401534671587804
0.0005977137156647494	0.0008958128040141844	0.0014393659429190464	-3.7572163862353847e-06	0.0012049139901260109	-0.0012653925215253548	-0.00010750424776162504	0.0004864247462732507
-0.0005256554763699572	0.001395088000473832	0.001938641139379138	0.0001834709822865488	0.0018914173852579985	-0.0007661173250657072	0.00020454275002612654	0.0011729281414059045
0.0005353043161071547	0.0010206316031289298	0.0015641847420337918	-6.616661594383011e-05	0.0013297327892405342	-0.0012653925215253548	-0.00010750424776162504	0.0006736529449460349
-0.00077529307459967	0.0009582222035717791	0.0013769565433614517	-0.00012857601550142483	0.001142504590567972	-0.0010781643228525706	-0.00016991364731921976	0.0007360623445036296
0.0007849419143370895	0.0009582222035717791	0.0016265941415913865	0.0003082897814010721	0.0015169609879133183	-0.0008909361241800084	7.972395091115914e-05	0.0006736529449460349
-0.0005256554763699572	0.0008334034044570338	0.001314547143803857	-6.616661594383011e-05	0.0008304575927804425	-0.0010781643228525706	-4.5094848203586224e-05	0.00042401534671587804
0.0005353043161071547	0.0006461752057842496	0.0010649095455743662	5.865218317091525e-05	0.0010800951910108214	-0.0008909361241800084	7.972395091115914e-05	0.0005488341458310675
-0.0005880648759271079	0.0005837658062266549	0.0009400907464591768	-0.00012857601550142483	0.0007056387936661412	-0.001202983121967982	-0.00016991364731921976	0.00017437774848594323
-0.0006504742754847026	0.0005837658062266549	0.0010025001460158833	-0.00019098541505901956	0.0008928669923380372	-0.0008285267246233019	-4.5094848203586224e-05	0.00042401534671587804
0.0007225325147799389	0.0007085846053414002	0.0011273189451315169	0.0001834709822865488	0.0008304575927804425	-0.0006412985259505177	0.00014213335046830977	0.0005488341458310675
-0.0004632460768123625	0.00045894700711168745	0.0010649095455743662	0.0001834709822865488	0.0010176857914532267	-0.0007661173250657072	0.00020454275002612654	0.00042401534671587804
0.0003480761174348146	-0.00010273758890577689	0.0005656343491142746	-0.00031580421417332083	0.00039359179587838966	-0.0015774395193128843	-0.0002947324464339651	4.955894937075378e-05
-0.0007128836750425194	0.00027171880843934737	0.0008776813469015821	-0.00019098541505901956	0.000768048193223736	-0.0013902113206401001	1.7314551353120322e-05	0.0001119683489283485
0.0006601231152223441	0.00045894700711168745	0.0010649095455743662	0.0001834709822865488	0.0010176857914532267	-0.0012653925215253548	0.00014213335046830977	0.0002991965476006886
-0.0005256554763699572	0.00045894700711168745	0.0011273189451315169	0.00012106158272895406	0.0010800951910108214	-0.0013902113206401001	7.972395091115914e-05	0.00017437774848594323
0.0006601231152223441	0.0005837658062266549	0.0010649095455743662	-0.00019098541505901956	0.0008928669923380372	-0.0012653925215253548	-0.0002323230468763704	0.0002991965476006886
0.0009721701130096516	0.0010206316031289298	0.001501775342476197	0.0004955179800738563	0.0013297327892405342	-0.0008285267246233019	0.000516589747813212	0.0007360623445036296
-0.00077529307459967	0.00045894700711168745	0.0009400907464591768	-0.00031580421417332083	0.0007056387936661412	-0.0012653925215253548	-0.00016991364731921976	0.00017437774848594323
0.0005977137156647494	0.0005837658062266549	0.0009400907464591768	5.865218317091525e-05	0.0008304575927804425	-0.0011405737224103873	-0.00010750424776162504	0.00023678714804353795
-0.0004008366772552119	0.0008334034044570338	0.0014393659429190464	0.0002458803818434774	0.0014545515883561677	-0.000578889126392923	0.0003293615491408719	-1.2850450186840945e-05
0.00028566671787766396	0.00014690000932415792	0.0006904531482285758	-0.0002533948146166143	0.0006432293941085465	-0.0013278019210829495	7.972395091115914e-05	0.0006736529449460349
-0.0005880648759271079	0.0007085846053414002	0.0011897283446886675	-3.7572163862353847e-06	0.001142504590567972	-0.000578889126392923	-4.5094848203586224e-05	0.0005488341458310675
0.0005977137156647494	0.0008334034044570338	0.0011897283446886675	-0.00012857601550142483	0.001392142188798129	-0.000578889126392923	-4.5094848203586224e-05	0.0007360623445036296
-0.0006504742754847026	0.0008334034044570338	0.0016890035411487592	0.0002458803818434774	0.0016417797870280637	-0.00032925152816321024	0.00020454275002612654	0.0009856999427331203
-0.0006504742754847026	0.0008334034044570338	0.0012521377442462622	-0.00019098541505901956	0.0012673233896836056	-0.0008285267246233019	-0.00010750424776162504	0.0004864247462732507
0.0007849419143370895	0.0011454504022441192	0.0016265941415913865	0.0003706991809591109	0.0015169609879133183	-0.00039166092772013883	0.0003293615491408719	0.0009232905431755256
-0.0005256554763699572	0.0010206316031289298	0.0016265941415913865	5.865218317091525e-05	0.001579370387470913	-0.0002668421286056155	7.972395091115914e-05	0.0009232905431755256
0.0005977137156647494	0.0009582222035717791	0.0013769565433614517	-3.7572163862353847e-06	0.001142504590567972	-0.0004540703272783997	-4.5094848203586224e-05	0.0006736529449460349
-0.0009625212732724542	0.0008334034044570338	0.0011897283446886675	-0.00037821361373091555	0.0008928669923380372	-0.00032925152816321024	0.000516589747813212	0.0014225657396360614
0.0009721701130096516	0.0015199067995890214	0.0020010505389358446	0.0005579273796310069	0.001142504590567972	0.0002324330678542541	-4.5094848203586224e-05	0.0011105187418478657
-0.0007128836750425194	0.0012702692013588646	0.0016265941415913865	5.865218317091525e-05	0.0010176857914532267	0.00017002366829665938	1.7314551353120322e-05	0.0009856999427331203
0.0005977137156647494	0.0012078598018012698	0.0015641847420337918	-6.616661594383011e-05	0.0008928669923380372	0.0003572518669692215	-0.00010750424776162504	0.0012353375409634992
0.0007225325147799389	0.0013326786009164593	0.0016890035411487592	0.0002458803818434774	0.000955276391895632	0.0006068894651991563	0.00020454275002612654	0.0012353375409634992
-0.00077529307459967	0.0008958128040141844	0.0011273189451315169	-0.00031580421417332083	0.00033118239632079494	0.0003572518669692215	-0.00016991364731921976	0.0007984717440603362
0.0005977137156647494	0.0008958128040141844	0.0010649095455743662	5.865218317091525e-05	0.00014395419764845485	0.00041966126652681623	1.7314551353120322e-05	0.0007984717440603362
-0.0005880648759271079	0.0012078598018012698	0.0013769565433614517	0.00012106158272895406	0.0008304575927804425	0.0009189364629871299	0.00020454275002612654	0.0006112435453884402
0.0004104855169928534	0.0008334034044570338	0.0010025001460158833	-0.00012857601550142483	0.00020636359720604958	0.00029484246741184883	0.00014213335046830977	0.0011729281414059045
-0.0004008366772552119	0.0010830410026865245	0.0012521377442462622	0.00012106158272895406	0.00020636359720604958	0.00010761426873950874	-0.00016991364731921976	0.0006112435453884402
0.0005353043161071547	0.0008334034044570338	0.0009400907464591768	-3.7572163862353847e-06	0.00039359179587838966	0.00029484246741184883	7.972395091115914e-05	0.0007984717440603362
-0.0005880648759271079	0.0007085846053414002	0.0004408155499990851	5.865218317091525e-05	-0.00035532099881141477	-0.0002044327290480208	-0.00010750424776162504	0.00023678714804353795
-0.0005880648759271079	0.00027171880843934737	0.0005032249495562358	5.865218317091525e-05	-0.00023050219969622532	4.520486918191402e-05	0.00014213335046830977	0.0003616059471582833
0.0004104855169928534	-0.000289965787578339	-0.00024568784513290254	-0.0002533948146166143	-0.0009794149943862518	-0.0008909361241800084	-0.0002947324464339651	-0.0004497162470888938
-0.0006504742754847026	-4.0328189347738075e-05	0.0001911779517691503	-0.00019098541505901956	-0.00041773039836878745	-0.00039166092772013883	-4.5094848203586224e-05	-1.2850450186840945e-05
0.0003480761174348146	-0.0005396033858078297	-0.0004329160438056867	-0.0002533948146166143	-0.0011042337935012192	-0.0009533455237380473	-0.0004195512455487105	0.0002991965476006886
-0.0005256554763699572	0.00020930940888175265	0.0004408155499990851	0.00012106158272895406	1.9135398533265402e-05	4.520486918191402e-05	-0.0002323230468763704	-0.0003873068475315211
0.00047289491654955995	-0.00016514698846314957	-5.845964646100654e-05	-0.00019098541505901956	-0.00035532099881141477	-0.00014202332949087015	-4.5094848203586224e-05	-1.2850450186840945e-05
-0.0006504742754847026	-4.0328189347738075e-05	6.635915265418291e-05	0.00012106158272895406	-0.00035532099881141477	-0.00014202332949087015	1.7314551353120322e-05	-0.00013766924930114222
0.0006601231152223441	2.208121020896847e-05	6.635915265418291e-05	0.00012106158272895406	-0.00016809280013951877	-0.0002044327290480208	0.00014213335046830977	-1.2850450186840945e-05
0.0001608479187624745	-0.0011012879818255161	-0.0010570100393809678	-0.0005654418124036997	-0.001541099590403494	-0.0015774395193128843	-0.0006067794442214947	-0.001448266640008411
-0.0005256554763699572	0.00027171880843934737	0.0006280437486718693	5.865218317091525e-05	0.00039359179587838966	-0.00014202332949087015	0.00026695214958372127	0.00023678714804353795
0.0007849419143370895	2.208121020896847e-05	0.00025358735132674504	0.0001834709822865488	-0.00023050219969622532	-0.0005164797268357724	0.00014213335046830977	-0.00013766924930114222
-0.0007128836750425194	-4.0328189347738075e-05	0.0001911779517691503	-0.0002533948146166143	-0.00041773039836878745	-0.0005164797268357724	-0.00010750424776162504	-0.00013766924930114222
0.0005353043161071547	2.208121020896847e-05	0.0001911779517691503	-0.00012857601550142483	-0.00041773039836878745	-0.000578889126392923	1.7314551353120322e-05	0.0003616059471582833
-0.0005880648759271079	0.00045894700711168745	0.0003784061504414904	5.865218317091525e-05	-0.00035532099881141477	-7.961392993283134e-05	-4.5094848203586224e-05	0.0001119683489283485
0.0005977137156647494	2.208121020896847e-05	0.00031599675088389567	-0.00012857601550142483	-0.00029291159925382004	0.00010761426873950874	1.7314551353120322e-05	0.0002991965476006886
-0.0005880648759271079	0.00027171880843934737	-0.00030809724469094135	-0.00031580421417332083	-0.0009170055948286571	-0.0004540703272783997	-0.0004819606451063052	-0.0003248974479739264
-0.0002136084785824277	0.0008958128040141844	0.0010649095455743662	0.0004955179800738563	0.0005808199945511738	0.0010437552621014312	0.0006414085469284014	0.0011729281414059045
0.0004104855169928534	0.0003341282079969421	0.00031599675088389567	-0.0002533948146166143	-0.00048013979792682626	0.00010761426873950874	-0.00035714184599155985	0.0001119683489283485
-0.0005880648759271079	0.0010206316031289298	0.0009400907464591768	0.00012106158272895406	0.00039359179587838966	0.0009813458625442806	7.972395091115914e-05	0.001048109342290715
0.0006601231152223441	0.0007709940048989949	0.0008776813469015821	0.0001834709822865488	0.00039359179587838966	0.0005444800656415616	0.00014213335046830977	0.0006736529449460349
-0.0006504742754847026	0.0007085846053414002	0.0008152719473439873	-0.00019098541505901956	0.00020636359720604958	0.00041966126652681623	0.00020454275002612654	0.0008608811436179309
0.0007849419143370895	0.0010206316031289298	0.0010025001460158833	0.0002458803818434774	0.0006432293941085465	0.00029484246741184883	-0.00010750424776162504	0.0007984717440603362
-0.00077529307459967	0.0007085846053414002	0.0009400907464591768	-0.0002533948146166143	1.9135398533265402e-05	-0.00014202332949087015	-0.0002947324464339651	0.00023678714804353795
0.0004104855169928534	0.0005213564066690601	0.0013769565433614517	0.00012106158272895406	0.0008304575927804425	0.0007317082643143458	0.00020454275002612654	0.0011105187418478657
0.0007225325147799389	0.0010830410026865245	0.0011897283446886675	0.0002458803818434774	0.0006432293941085465	0.0007317082643143458	0.00020454275002612654	0.0011105187418478657
-0.0006504742754847026	0.0010830410026865245	0.0012521377442462622	-0.00012857601550142483	0.0005808199945511738	0.0007317082643143458	-4.5094848203586224e-05	0.001048109342290715
0.0005353043161071547	0.0010830410026865245	0.0011273189451315169	5.865218317091525e-05	0.00033118239632079494	0.000669298864756751	-0.00010750424776162504	0.0009232905431755256
-0.0004632460768123625	0.001395088000473832	0.001501775342476197	0.0001834709822865488	0.0010176857914532267	0.0011685740612166207	0.00026695214958372127	0.0006112435453884402
0.0005977137156647494	0.0008334034044570338	0.0010025001460158833	-6.616661594383011e-05	0.0002687729967636443	0.0002324330678542541	1.7314551353120322e-05	0.0009232905431755256
-0.0006504742754847026	0.0009582222035717791	0.0010649095455743662	-3.7572163862353847e-06	0.0004560011954359844	0.00017002366829665938	1.7314551353120322e-05	0.0006736529449460349
0.0005977137156647494	0.0008334034044570338	0.0010649095455743662	0.00012106158272895406	0.000768048193223736	0.00048207066608441096	7.972395091115914e-05	0.0011729281414059045
-0.0005880648759271079	0.0012702692013588646	0.0011273189451315169	5.865218317091525e-05	0.0007056387936661412	4.520486918191402e-05	1.7314551353120322e-05	0.0007984717440603362
-0.0008377024741577088	0.0007085846053414002	0.0010025001460158833	-0.0002533948146166143	0.0005184105949933571	-0.00032925152816321024	-0.00016991364731921976	0.0006112435453884402
0.0006601231152223441	0.0009582222035717791	0.0012521377442462622	0.0001834709822865488	0.0006432293941085465	-0.00014202332949087015	-4.5094848203586224e-05	0.0006736529449460349
-0.0005880648759271079	0.0007709940048989949	0.0012521377442462622	-3.7572163862353847e-06	0.0008304575927804425	-0.00014202332949087015	0.00014213335046830977	0.0007984717440603362
0.0004104855169928534	0.0006461752057842496	0.0010025001460158833	-6.616661594383011e-05	0.00039359179587838966	-0.00032925152816321024	-0.00016991364731921976	0.0002991965476006886
-0.0007128836750425194	0.0003965376075545368	0.0007528625477866147	-0.0002533948146166143	0.00014395419764845485	-0.0002668421286056155	-0.00016991364731921976	0.0002991965476006886
0.0005977137156647494	0.0005213564066690601	0.0006280437486718693	-3.7572163862353847e-06	0.0006432293941085465	0.0005444800656415616	0.0003293615491408719	0.0007984717440603362
-0.0004008366772552119	0.0006461752057842496	0.0010025001460158833	-3.7572163862353847e-06	8.154479809086013e-05	-0.0002044327290480208	-0.00010750424776162504	0.00017437774848594323
0.0005977137156647494	0.00027171880843934737	0.0005032249495562358	-0.00012857601550142483	1.9135398533265402e-05	-1.7204530375680704e-05	-0.00016991364731921976	0.0002991965476006886
0.0009721701130096516	0.0008334034044570338	0.0012521377442462622	0.0004955179800738563	0.000768048193223736	0.00041966126652681623	0.000516589747813212	0.0007984717440603362
-0.0008377024741577088	0.00014690000932415792	0.0003784061504414904	-0.00037821361373091555	-0.00016809280013951877	-0.00039166092772013883	-0.0002947324464339651	4.955894937075378e-05
0.00047289491654955995	0.0003341282079969421	0.0004408155499990851	-6.616661594383011e-05	-0.00016809280013951877	-0.00039166092772013883	-0.0002947324464339651	4.955894937075378e-05
-0.0004632460768123625	0.0005837658062266549	0.0008776813469015821	0.00012106158272895406	0.00033118239632079494	0.00010761426873950874	0.00020454275002612654	-0.00013766924930114222
0.0003480761174348146	8.44906097665632e-05	0.00031599675088389567	-0.0002533948146166143	-0.00023050219969622532	-0.0005164797268357724	7.972395091115914e-05	0.0004864247462732507
-0.0005880648759271079	0.0005213564066690601	0.0008152719473439873	-6.616661594383011e-05	0.00014395419764845485	4.520486918191402e-05	1.7314551353120322e-05	0.0004864247462732507
0.0006601231152223441	0.0006461752057842496	0.0006904531482285758	0.00012106158272895406	0.0006432293941085465	0.00041966126652681623	0.00014213335046830977	0.0008608811436179309
-0.0005256554763699572	0.0007709940048989949	0.0005656343491142746	-0.00019098541505901956	-0.00010568340058103587	-1.7204530375680704e-05	-0.0002323230468763704	0.0002991965476006886
-0.0005880648759271079	0.0007085846053414002	0.0008152719473439873	-6.616661594383011e-05	0.00020636359720604958	0.00048207066608441096	7.972395091115914e-05	0.0007984717440603362
0.0005353043161071547	0.0006461752057842496	0.0005032249495562358	5.865218317091525e-05	-0.00016809280013951877	0.00029484246741184883	-0.00010750424776162504	0.0005488341458310675
-0.0004632460768123625	0.0009582222035717791	0.0010649095455743662	0.0001834709822865488	0.0004560011954359844	0.000856527063428647	0.00026695214958372127	0.0011105187418478657
0.00047289491654955995	0.0005213564066690601	0.0006904531482285758	-6.616661594383011e-05	-4.3274001023885234e-05	0.00017002366829665938	-0.00016991364731921976	0.0008608811436179309
-0.0005880648759271079	0.0008958128040141844	0.0009400907464591768	-6.616661594383011e-05	0.0002687729967636443	0.00041966126652681623	-4.5094848203586224e-05	0.0008608811436179309
0.0005977137156647494	0.0009582222035717791	0.0009400907464591768	0.00012106158272895406	0.0008304575927804425	0.000669298864756751	0.00014213335046830977	0.0012977469405204278
-0.0005880648759271079	0.0012078598018012698	0.0013769565433614517	0.00012106158272895406	0.000768048193223736	0.00048207066608441096	7.972395091115914e-05	0.001048109342290715
0.0005977137156647494	0.0012702692013588646	0.0011897283446886675	-0.00019098541505901956	0.0006432293941085465	0.0003572518669692215	-0.0002323230468763704	0.001048109342290715
0.0007225325147799389	0.0013326786009164593	0.001501775342476197	0.0003082897814010721	0.0010800951910108214	0.00048207066608441096	0.00020454275002612654	0.0011105187418478657
-0.0005256554763699572	0.0012702692013588646	0.001501775342476197	-3.7572163862353847e-06	0.0010176857914532267	0.0005444800656415616	0.00014213335046830977	0.0011105187418478657
0.0005977137156647494	0.0010830410026865245	0.0012521377442462622	-6.616661594383011e-05	0.0008304575927804425	0.0002324330678542541	-0.00016991364731921976	0.0007984717440603362
-0.0005256554763699572	0.0015823161991466161	0.0018762317398215433	5.865218317091525e-05	0.0014545515883561677	0.0009813458625442806	0.00026695214958372127	0.0007360623445036296
