Sensor_1	Sensor_2	Sensor_3	Sensor_4	Sensor_5	Sensor_6	Sensor_7	Sensor_8
0.0006539411919419535	-0.0010028438326845635	-5.294646420428428e-05	-0.0006448920205637254	6.56454424976527e-05	0.00125238948336448	-6.253455038907063e-05	0.0004861624541909748
-0.0006566561987650932	0.0012438945513850719	-0.0014259532544691478	0.00160184636350591	6.56454424976527e-05	-0.00018302670645753416	-6.253455038907063e-05	0.0008606188515365432
0.0007787599910566989	0.0004325723571374507	0.00044632873225558534	0.0001664301736834517	0.0007521488376296404	0.0006907048873467936	0.00024951244739823686	0.0007982094519785043
-0.00071906559832291	-0.0010028438326845635	-0.00011535586376187901	-0.00045766382189094124	0.00019046424161239806	0.0011275706842501787	-0.00018735334950470417	0.00023652485596170614
0.0004667129932691694	0.0016183509487301961	-0.00030258406243444114	0.00160184636350591	3.2360429400579704e-06	-0.0011191676998199007	0.00012469364828282536	0.00036134365507667354
-0.0005318373996503478	0.0007446193549249802	0.002381020118537691	-0.000520073221448536	6.56454424976527e-05	0.00019142969088736805	0.00012469364828282536	0.00017411545640388937
0.0007787599910566989	0.0003077535580227053	0.002193791919864907	0.0012273899661610077	0.00012805484205480333	-0.0015560334967219536	6.228424872567473e-05	0.00023652485596170614
-0.0005942467992074985	0.002242444944304589	0.0016321073238481087	-0.0005824826210061307	0.00031528304072736546	0.0005034766886748976	-6.253455038907063e-05	0.00017411545640388937
-0.0004694280000927531	5.8115959792992555e-05	9.462935352866353e-06	0.0007281147697015822	0.0007521488376296404	0.0011899800838073293	0.00024951244739823686	0.0011726658493238507
0.0005915317923843588	0.0012438945513850719	-0.0008018592588943108	0.0017266651626210994	0.0005025112394001496	-0.00018302670645753416	-6.253455038907063e-05	0.0006109812533061643
-0.0007814749978800606	-0.0007532062344546286	0.0003839193326975465	-0.0008945296187941043	0.00031528304072736546	0.00125238948336448	-0.00031217214861944953	0.0006109812533061643
0.0006539411919419535	0.00012052535935014319	-0.00036499346199203586	0.0009153429683734782	0.0004401018398425549	0.0008779330860195778	6.228424872567473e-05	0.0011102564497667
-0.00040701860053560246	0.001867988546959909	7.187233491046108e-05	0.0015394369639487593	0.0007521488376296404	6.661089177240065e-05	-0.00018735334950470417	0.0006109812533061643
0.0004667129932691694	-0.000690796834897478	0.00044632873225558534	-0.0005824826210061307	0.0011266052349745426	0.001065161284692584	0.0004991500456277276	0.0013598940479966348
-0.00034460920097800773	0.0012438945513850719	0.00032150993314084	0.0006657053701435434	-5.9173356617536754e-05	-0.001243986498934424	-0.0004369909477341949	4.9296657288921963e-05
0.000341894194154424	0.001431122750057412	0.002443429518095286	-0.0005824826210061307	0.0005649206389577444	0.0011899800838073293	6.228424872567473e-05	0.0007982094519785043
0.0007163505914995483	0.001867988546959909	0.0010704227278304224	0.0019138933612934395	0.0004401018398425549	-0.00037025490512987425	0.00018710304784064213	0.0007358000524213537
-0.00071906559832291	0.0013687133504998172	0.0013200603260603572	0.00054088657102902	0.00037769244028518223	-0.0005574831038019923	-0.00018735334950470417	0.00036134365507667354
0.0007163505914995483	-0.0007532062344546286	0.0010080133282728276	-0.0003952544223337906	0.0005025112394001496	0.0014396176820372641	6.228424872567473e-05	0.000673390652863759
-0.0005318373996503478	0.0013687133504998172	-0.0008018592588943108	0.00197630276085059	0.0005025112394001496	0.00019142969088736805	-1.2515083236408486e-07	0.0007358000524213537
0.0007787599910566989	0.0008694381540397256	0.0005711475313705527	0.0009153429683734782	0.0009393770363019804	0.000628295487790087	-0.00037458154817704425	0.0005485718537485695
-0.0009062937969948059	-0.0010028438326845635	0.0006335569309281475	-0.0009569390183508109	0.00012805484205480333	-0.00043266430468746897	-0.00012494394994710945	0.0005485718537485695
0.0005291223928267641	0.0013063039509426666	-0.0005522216606639319	0.0004784771714714253	0.0006897394380720456	0.0005034766886748976	0.00018710304784064213	0.0009854376506510665
-0.0005318373996503478	0.0010566663527122877	0.000695966330484854	0.00029124897279864115	0.0007521488376296404	0.0014396176820372641	0.00024951244739823686	0.0009230282510941379
-0.0006566561987650932	0.0017431697478447195	9.462935352866353e-06	0.0016642557630635046	0.0005025112394001496	-0.00043266430468746897	6.228424872567473e-05	0.0007358000524213537
0.0005915317923843588	0.00037016295757985596	0.0016321073238481087	-0.00027043562321860115	0.00031528304072736546	-5.820790734234471e-05	-0.00018735334950470417	0.00011170605684651669
-0.0007814749978800606	-0.00019152163843738634	0.0013200603260603572	-8.320742454603902e-05	3.2360429400579704e-06	0.0006907048873467936	-0.00012494394994710945	0.00042375305463426827
0.0007163505914995483	0.002055216745632249	0.0009456039287152329	0.0016642557630635046	0.00019046424161239806	-0.001056758300261862	0.00018710304784064213	0.00011170605684651669
-0.00071906559832291	-0.00019152163843738634	0.0013200603260603572	-0.0007697108196784708	0.00031528304072736546	0.0002538390904449628	-0.00018735334950470417	0.00036134365507667354
0.0004667129932691694	-0.0003163404375525758	-0.00017776526331947373	0.00035365837235623587	0.0008145582371872351	-0.00018302670645753416	0.0003743312465129822	0.0009854376506510665
-0.00034460920097800773	0.0017431697478447195	-5.294646420428428e-05	-0.0008321202192356214	0.00012805484205480333	0.0006907048873467936	-0.00012494394994710945	0.00023652485596170614
0.0004667129932691694	-0.0007532062344546286	-0.0002401746628768464	0.0004784771714714253	0.00019046424161239806	0.0007531142869052765	0.00012469364828282536	0.0007982094519785043
0.0007163505914995483	0.001431122750057412	-0.0002401746628768464	0.001164980566603413	0.00012805484205480333	-0.0006198925033602531	0.00012469364828282536	0.00042375305463426827
-0.00071906559832291	-0.0009404344331269687	0.00032150993314084	-0.0010193484179084056	0.0002528736411699928	0.001065161284692584	-6.253455038907063e-05	0.0005485718537485695
0.00040430359371246283	0.00018293475890751587	-0.0013635438549119971	0.0008529335688163275	-0.0001839921557327262	4.201492214805924e-06	-0.00031217214861944953	0.0002989342555190788
-0.00040701860053560246	0.0017431697478447195	0.000508738131812958	0.0011025711670458183	0.0006273300385144509	-0.00037025490512987425	0.00024951244739823686	0.00011170605684651669
0.0005915317923843588	-0.0009404344331269687	0.0016945167234048153	-0.0010193484179084056	6.56454424976527e-05	0.0008779330860195778	0.00012469364828282536	0.00042375305463426827
-0.0005318373996503478	0.0013063039509426666	0.0006335569309281475	0.0011025711670458183	-5.9173356617536754e-05	-0.0009943489007051554	-6.253455038907063e-05	-1.3112742268672761e-05
0.0005291223928267641	0.001431122750057412	0.0011952415269451677	-0.000520073221448536	0.0006897394380720456	0.0015020270815948589	0.0003743312465129822	0.0009854376506510665
-0.00034460920097800773	-0.00037874983710928234	-0.000739449859336716	0.0011025711670458183	-0.00024640155528987684	-0.0009943489007051554	-0.0004994003472917896	-7.55221418258234e-05
-0.0004694280000927531	0.0011190757522701045	0.0007583757300433369	0.0004784771714714253	0.0008145582371872351	0.00019142969088736805	0.00024951244739823686	0.0007982094519785043
0.0007787599910566989	-0.0005659780357818445	0.000695966330484854	-0.00027043562321860115	0.0004401018398425549	0.0015020270815948589	0.00018710304784064213	0.0008606188515365432
-0.0007814749978800606	0.0011190757522701045	-0.001176315656239213	0.0013522087652759751	-0.00012158275617513148	-0.00043266430468746897	-0.00018735334950470417	0.0007358000524213537
0.0005291223928267641	0.0004949817566954895	-0.0004898122611072253	0.00035365837235623587	0.00037769244028518223	0.00012902029132999537	-0.00012494394994710945	0.0019215786440138771
-0.00040701860053560246	-4.293439764602169e-06	-0.0004274028615496306	0.0006032959705859486	0.0013762428332049215	0.0018140740793821664	-6.253455038907063e-05	0.0013598940479966348
0.0005915317923843588	0.001867988546959909	-0.0017380002522564553	0.002413168557753087	0.0011266052349745426	0.0003162484900025575	6.228424872567473e-05	0.0017967598448986877
-0.0005942467992074985	0.0012438945513850719	9.462935352866353e-06	0.00160184636350591	0.0008769676367448298	0.0005034766886748976	-1.2515083236408486e-07	0.0019839880435710278
0.0007163505914995483	0.000994256953154915	-0.0022996848482739196	0.003037262553328368	0.001251424034090176	-0.0008071207020323712	6.228424872567473e-05	0.002545672639588714
0.0006539411919419535	0.0013687133504998172	-0.0021124566496015795	0.0012897993657183804	0.0016258804314344122	0.0002538390904449628	-1.2515083236408486e-07	0.002608082039146309
-0.00071906559832291	0.0014935321496145626	-0.0035478728394240377	0.002225940359081191	0.0016258804314344122	0.0009403424855771725	-0.00012494394994710945	0.003232176034720924
0.0008411693906140716	0.003116176538109805	-0.0035478728394240377	0.003474128350230199	0.0018131086301069743	0.00019142969088736805	0.0003119218469553875	0.003419404233393486
-0.0007814749978800606	0.0016183509487301961	-0.002798960044733567	0.0011025711670458183	0.001064195835417614	0.0006907048873467936	-0.00012494394994710945	0.0033569948338358913
0.0005915317923843588	0.0019303979465175036	-0.004109557435441058	0.0025379873568687206	0.0010017864358600193	0.0008155236864624271	-0.00012494394994710945	0.0034818136329510807
-0.0006566561987650932	0.002866538939879426	-0.004733651431015895	0.0029748531537707734	0.0018131086301069743	0.0013772082824796694	0.00024951244739823686	0.003856270030295317
0.0008411693906140716	0.0017431697478447195	-0.003298235241193881	0.0027252155555410607	0.001501061632320111	0.0013147988829220747	-6.253455038907063e-05	0.0039186794298529115
-0.0006566561987650932	0.0014935321496145626	-0.00460883263190115	0.003037262553328368	0.001251424034090176	0.0002538390904449628	-0.00012494394994710945	0.00398108882941095
-0.00034460920097800773	0.0018055791474025362	-0.003298235241193881	0.0021011215599660016	0.002125155627894504	0.001876483478939761	0.0004991500456277276	0.0048548204232155
0.00040430359371246283	0.0016807603482873468	-0.005607383024820667	0.002850034354655806	0.001251424034090176	0.0005658860882324923	-0.00037458154817704425	0.0039186794298529115
-0.0006566561987650932	0.0027417201407646807	-0.004359195033671215	0.0025379873568687206	0.0015634710318777056	0.00044106728911730286	-6.253455038907063e-05	0.004293135827198258
0.0007787599910566989	0.001867988546959909	-0.003485463439866443	0.00178907456217825	0.0016258804314344122	0.0014396176820372641	0.00012469364828282536	0.003856270030295317
-0.0007814749978800606	0.002304854343862628	-0.005669792424378262	0.0029748531537707734	0.0011266052349745426	0.0009403424855771725	-0.00012494394994710945	0.0033569948338358913
0.0005291223928267641	0.0027417201407646807	-0.004733651431015895	0.002225940359081191	0.0011890146345321373	0.0015020270815948589	0.00018710304784064213	0.0039186794298529115
-0.0004694280000927531	0.002242444944304589	-0.0037351010380959337	0.0025379873568687206	0.0006273300385144509	0.00044106728911730286	-0.00018735334950470417	0.0032945854342782965
0.0004667129932691694	0.002304854343862628	-0.004359195033671215	0.00160184636350591	0.0008145582371872351	0.000628295487790087	-6.253455038907063e-05	0.00360663243206627
0.0007787599910566989	0.0014935321496145626	-0.00460883263190115	0.0019138933612934395	0.001064195835417614	0.0016268458807100483	6.228424872567473e-05	0.0039186794298529115
-0.00071906559832291	0.002055216745632249	-0.006044248821723164	0.0029748531537707734	0.0011266052349745426	0.0009403424855771725	-0.00012494394994710945	0.004105907628525918
0.0005291223928267641	0.0015559415491721573	-0.004671242031458744	0.0016642557630635046	0.0013138334336473267	0.0008155236864624271	-0.00018735334950470417	0.00398108882941095
-0.0005318373996503478	0.001431122750057412	-0.004920879629688457	0.0021011215599660016	0.0016258804314344122	0.0018140740793821664	0.00018710304784064213	0.004043498228968101
0.0007163505914995483	0.002429673142976929	-0.005482564225705477	0.0031620813524435576	0.0013762428332049215	0.0006907048873467936	-0.00018735334950470417	0.00360663243206627
-0.0007814749978800606	0.0021176261451898437	-0.00429678563411362	0.001164980566603413	0.0006897394380720456	0.0008155236864624271	-6.253455038907063e-05	0.0034818136329510807
0.0006539411919419535	0.0019303979465175036	-0.005170517227918392	0.0027876249550982113	0.0011266052349745426	0.0007531142869052765	0.00024951244739823686	0.003793860630738166
-0.0005942467992074985	0.003053767138551766	-0.004047148035883463	0.0012897993657183804	0.0005649206389577444	0.0005034766886748976	-6.253455038907063e-05	0.0032945854342782965
-0.00071906559832291	0.0021800355447474384	-0.005232926627475987	0.0017266651626210994	0.00037769244028518223	0.0011275706842501787	-0.00018735334950470417	0.00360663243206627
0.0006539411919419535	0.0026169013416497133	-0.005420154826147883	0.0027876249550982113	0.0008769676367448298	0.0009403424855771725	0.00012469364828282536	0.0039186794298529115
-0.00071906559832291	0.001867988546959909	-0.004484013832786404	0.000977752367931517	0.0006273300385144509	0.0009403424855771725	-0.0002497627490618548	0.0039186794298529115
0.0009035787901723324	0.0014935321496145626	-0.005794611223493451	0.0027876249550982113	0.0016258804314344122	0.0020013022780545064	0.0003119218469553875	0.004730001624100533
-0.00071906559832291	0.0019928073460746543	-0.006293886419953543	0.002850034354655806	0.0015634710318777056	0.0013147988829220747	6.228424872567473e-05	0.004730001624100533
0.0007163505914995483	0.0014935321496145626	-0.004983289029246052	0.002038712160408629	0.001438652232762072	0.0014396176820372641	-6.253455038907063e-05	0.004730001624100533
-0.00071906559832291	0.0018055791474025362	-0.00660593341774085	0.0027876249550982113	0.0011266052349745426	0.0005658860882324923	-0.00018735334950470417	0.004417954626313447
0.0004667129932691694	0.002866538939879426	-0.004920879629688457	0.0021011215599660016	0.002062746228337353	0.001689255280266977	0.00043674064607013285	0.00504204862188784
0.0004667129932691694	0.0029913577389946155	-0.006917980415527936	0.00197630276085059	0.0011890146345321373	0.0006907048873467936	-0.00031217214861944953	0.004168317028083068
-0.0006566561987650932	0.0036778611341270473	-0.005544973625263516	0.0016642557630635046	0.0010017864358600193	0.0005034766886748976	-0.0002497627490618548	0.004230726427641107
0.0009035787901723324	0.0034282235358971125	-0.004484013832786404	0.00178907456217825	0.001438652232762072	0.0015020270815948589	0.00043674064607013285	0.004605182824985787
-0.0006566561987650932	0.0032409953372241063	-0.005919430022607974	0.0017266651626210994	0.0011890146345321373	0.00125238948336448	6.228424872567473e-05	0.0039186794298529115
0.0005915317923843588	0.0027417201407646807	-0.005045698428803647	0.0021635309595235963	0.0009393770363019804	0.0005658860882324923	-0.00012494394994710945	0.004293135827198258
-0.00071906559832291	0.0019928073460746543	-0.005357745426591176	0.0022883497586383417	0.0022499744270096933	0.0017516646798245716	0.0003743312465129822	0.004730001624100533
0.0009035787901723324	0.0026169013416497133	-0.005857020623051046	0.00197630276085059	0.001688289830992007	0.0013147988829220747	-1.2515083236408486e-07	0.004480364025871042
-0.00071906559832291	0.002055216745632249	-0.005482564225705477	0.0017266651626210994	0.0015634710318777056	0.0015020270815948589	-0.00018735334950470417	0.004230726427641107
-0.0005942467992074985	0.0029913577389946155	-0.005857020623051046	0.0017266651626210994	0.0019379274292221638	0.0013147988829220747	0.00012469364828282536	0.004667592224542938
0.0006539411919419535	0.0029913577389946155	-0.004359195033671215	0.00160184636350591	0.001875518029664569	0.0010027518851347672	0.00018710304784064213	0.0043555452267554085
-0.0005318373996503478	0.002679310741207086	-0.005482564225705477	0.0010401617674891117	0.001688289830992007	0.0014396176820372641	6.228424872567473e-05	0.004480364025871042
0.0007163505914995483	0.003303404736782145	-0.005732201823935856	0.0009153429683734782	0.0015634710318777056	0.0010027518851347672	0.00018710304784064213	0.00398108882941095
-0.00071906559832291	0.0033658141363395178	-0.004047148035883463	0.0004160677719133865	0.0010017864358600193	0.0005658860882324923	-1.2515083236408486e-07	0.004043498228968101
0.0006539411919419535	0.0027417201407646807	-0.0048584702301310845	0.00054088657102902	0.0013762428332049215	0.0011275706842501787	6.228424872567473e-05	0.0043555452267554085
-0.0006566561987650932	0.003303404736782145	-0.005482564225705477	0.0007281147697015822	0.0016258804314344122	0.0011899800838073293	6.228424872567473e-05	0.004168317028083068
0.0006539411919419535	0.0025544919420921186	-0.006044248821723164	0.00035365837235623587	0.001688289830992007	0.0017516646798245716	-6.253455038907063e-05	0.0043555452267554085
0.0005291223928267641	0.0025544919420921186	-0.005981839422165569	0.0004160677719133865	0.0016258804314344122	0.001065161284692584	-1.2515083236408486e-07	0.004417954626313447
-0.00034460920097800773	0.002304854343862628	-0.0048584702301310845	0.0007281147697015822	0.0018131086301069743	0.0017516646798245716	0.0003743312465129822	0.004917229822773095
0.000341894194154424	0.001867988546959909	-0.007042799214643125	0.00029124897279864115	0.0013138334336473267	0.0011899800838073293	-0.0002497627490618548	0.004168317028083068
-0.0006566561987650932	0.0031785859376673997	-0.006293886419953543	0.0004160677719133865	0.001501061632320111	0.0008155236864624271	-1.2515083236408486e-07	0.004043498228968101
0.00040430359371246283	0.0025544919420921186	-0.005794611223493451	0.0004160677719133865	0.001064195835417614	0.0007531142869052765	0.0003743312465129822	0.0048548204232155
-0.00040701860053560246	0.0034282235358971125	-0.0061066582212807585	0.0009153429683734782	0.0009393770363019804	0.0003162484900025575	-1.2515083236408486e-07	0.00398108882941095
0.0006539411919419535	0.0038650893327993874	-0.004983289029246052	0.0001664301736834517	0.0005649206389577444	0.0003162484900025575	-0.0002497627490618548	0.003419404233393486
-0.0008438843974380994	0.003053767138551766	-0.005544973625263516	0.0007281147697015822	0.001251424034090176	0.0008779330860195778	0.0003743312465129822	0.004105907628525918
-0.0008438843974380994	0.0026169013416497133	-0.005420154826147883	0.00010402077412585697	0.0004401018398425549	6.661089177240065e-05	-0.00031217214861944953	0.0031073572356061785
0.0005915317923843588	0.0016183509487301961	-0.005544973625263516	0.00022883957324104642	0.0006897394380720456	0.0008155236864624271	-0.00012494394994710945	0.003232176034720924
-0.00040701860053560246	0.0023672637434193344	-0.00660593341774085	0.0006657053701435434	0.001438652232762072	0.0018140740793821664	0.00024951244739823686	0.004667592224542938
0.0007163505914995483	0.0019303979465175036	-0.005420154826147883	0.0004784771714714253	0.001501061632320111	0.0013147988829220747	6.228424872567473e-05	0.004667592224542938
-0.0006566561987650932	0.0012438945513850719	-0.006231477020395948	0.00022883957324104642	0.0018131086301069743	0.0020013022780545064	-0.00018735334950470417	0.004667592224542938
0.0004667129932691694	0.0017431697478447195	-0.007666893210217962	0.00029124897279864115	0.001875518029664569	0.0015644364811524536	0.00024951244739823686	0.004917229822773095
-0.0004694280000927531	0.002429673142976929	-0.005357745426591176	0.00029124897279864115	0.001251424034090176	0.00125238948336448	-6.253455038907063e-05	0.004105907628525918
0.0006539411919419535	0.0019303979465175036	-0.005981839422165569	0.00022883957324104642	0.0011266052349745426	0.0008155236864624271	-0.00012494394994710945	0.004417954626313447
0.0009035787901723324	0.0038026799332417927	-0.003485463439866443	0.0007905241692587328	0.0013762428332049215	0.000628295487790087	0.0003743312465129822	0.004043498228968101
-0.0008438843974380994	0.0027417201407646807	-0.005232926627475987	-0.0001456168241034117	0.0004401018398425549	0.0002538390904449628	-0.00037458154817704425	0.003169766635163329
0.0007163505914995483	0.0036154517345698967	-0.005357745426591176	0.0006657053701435434	0.0009393770363019804	0.0006907048873467936	0.00018710304784064213	0.00398108882941095
-0.0004694280000927531	0.0032409953372241063	-0.003984738636326313	0.0006032959705859486	0.0013138334336473267	0.0013147988829220747	0.00024951244739823686	0.003856270030295317
0.000341894194154424	0.0019928073460746543	-0.006293886419953543	-2.0798024988444297e-05	0.0008769676367448298	0.0011275706842501787	0.00012469364828282536	0.005229276820560624
-0.0005942467992074985	0.002866538939879426	-0.006044248821723164	0.0004160677719133865	0.0023747932261248828	0.0020637116776125453	0.00024951244739823686	0.00504204862188784
0.0008411693906140716	0.0021176261451898437	-0.004983289029246052	0.00010402077412585697	0.002062746228337353	0.0019388928784973558	-0.00018735334950470417	0.004917229822773095
-0.0007814749978800606	0.0017431697478447195	-0.005732201823935856	0.0004160677719133865	0.0020003368287793144	0.00125238948336448	6.228424872567473e-05	0.004792411023658127
-0.0005942467992074985	0.002679310741207086	-0.004484013832786404	0.0004160677719133865	0.0015634710318777056	0.0008779330860195778	-1.2515083236408486e-07	0.004043498228968101
0.0006539411919419535	0.0029913577389946155	-0.005170517227918392	0.00035365837235623587	0.0013762428332049215	0.00037865788955970814	-1.2515083236408486e-07	0.0036690418316229767
-0.0004694280000927531	0.004364364529259479	-0.0035478728394240377	0.00054088657102902	0.001501061632320111	0.0003162484900025575	0.0003119218469553875	0.003793860630738166
0.0005291223928267641	0.0036778611341270473	-0.003485463439866443	0.00022883957324104642	0.00019046424161239806	-0.0004950737042450637	-0.0002497627490618548	0.0039186794298529115
-0.0004694280000927531	0.0040523175314717275	-0.00460883263190115	0.00054088657102902	0.0011890146345321373	0.0009403424855771725	-6.253455038907063e-05	0.0036690418316229767
0.0005291223928267641	0.0036154517345698967	-0.004733651431015895	0.00029124897279864115	0.0017506992305496016	0.0015644364811524536	6.228424872567473e-05	0.004293135827198258
-0.0006566561987650932	0.002304854343862628	-0.004983289029246052	0.0006032959705859486	0.002499612025239184	0.002562986874071971	0.00024951244739823686	0.005291686220118219
0.0007787599910566989	0.001867988546959909	-0.006044248821723164	0.00035365837235623587	0.002125155627894504	0.001876483478939761	-1.2515083236408486e-07	0.00516686742100303
0.0004667129932691694	0.0013063039509426666	-0.006044248821723164	0.0001664301736834517	0.001875518029664569	0.001876483478939761	-0.00012494394994710945	0.004667592224542938
-0.0005318373996503478	0.0021800355447474384	-0.007230027413315465	0.00054088657102902	0.0022499744270096933	0.0020637116776125453	0.00018710304784064213	0.005478914418790115
0.0007787599910566989	0.002429673142976929	-0.0061066582212807585	0.00054088657102902	0.0019379274292221638	0.0007531142869052765	0.00018710304784064213	0.004480364025871042
-0.0006566561987650932	0.002679310741207086	-0.005919430022607974	0.00022883957324104642	0.0013138334336473267	0.0002538390904449628	-1.2515083236408486e-07	0.00398108882941095
0.0005291223928267641	0.00423954573014429	-0.006044248821723164	0.00035365837235623587	0.001064195835417614	-0.0003078455055727236	0.00024951244739823686	0.003793860630738166
-0.0004694280000927531	0.004801230326161754	-0.003984738636326313	0.0004784771714714253	0.0002528736411699928	-0.00043266430468746897	-0.00012494394994710945	0.0030449478360481397
0.0004667129932691694	0.0034282235358971125	-0.005170517227918392	0.00022883957324104642	0.0007521488376296404	4.201492214805924e-06	-1.2515083236408486e-07	0.0036690418316229767
-0.0006566561987650932	0.0033658141363395178	-0.005357745426591176	0.0004160677719133865	0.0013138334336473267	0.00019142969088736805	-0.00012494394994710945	0.00360663243206627
-0.0005942467992074985	0.0019303979465175036	-0.006231477020395948	0.0004160677719133865	0.0020003368287793144	0.0016268458807100483	0.00018710304784064213	0.004417954626313447
0.0006539411919419535	0.0019928073460746543	-0.00710520861420072	0.00035365837235623587	0.001875518029664569	0.00125238948336448	-6.253455038907063e-05	0.004605182824985787
-0.0005318373996503478	0.0016183509487301961	-0.005482564225705477	0.0004784771714714253	0.0021875650274520986	0.0014396176820372641	0.00018710304784064213	0.004417954626313447
0.0005291223928267641	0.0010566663527122877	-0.007042799214643125	0.0001664301736834517	0.001688289830992007	0.0008155236864624271	-0.00031217214861944953	0.004230726427641107
-0.0005318373996503478	0.0026169013416497133	-0.0061066582212807585	0.0004160677719133865	0.002062746228337353	0.0005034766886748976	-0.00012494394994710945	0.002982538436490989
0.0005915317923843588	0.002492082542534524	-0.004920879629688457	0.0004160677719133865	0.0007521488376296404	0.00012902029132999537	0.00024951244739823686	0.0034818136329510807
-0.0004694280000927531	0.0031785859376673997	-0.005357745426591176	0.00022883957324104642	6.56454424976527e-05	-0.001056758300261862	-0.00012494394994710945	0.002795310237818205
0.0006539411919419535	0.0038026799332417927	-0.0037975104376535285	0.00035365837235623587	0.00019046424161239806	-0.0006198925033602531	-6.253455038907063e-05	0.0028577196373757996
0.0007163505914995483	0.0029913577389946155	-0.005732201823935856	0.00054088657102902	0.0007521488376296404	0.000628295487790087	0.00018710304784064213	0.0036690418316229767
-0.0006566561987650932	0.0028041295403222755	-0.0061066582212807585	0.00022883957324104642	0.0008769676367448298	0.0005658860882324923	-1.2515083236408486e-07	0.00398108882941095
0.0004667129932691694	0.001867988546959909	-0.005732201823935856	0.00022883957324104642	0.0010017864358600193	0.0006907048873467936	-0.0002497627490618548	0.0036690418316229767
-0.00034460920097800773	0.0018055791474025362	-0.007042799214643125	0.0007281147697015822	0.0022499744270096933	0.0024381680749567813	0.00043674064607013285	0.0043555452267554085
0.0002794847945972734	0.0013687133504998172	-0.007729302609775557	0.0009153429683734782	0.001438652232762072	0.0010027518851347672	0.00018710304784064213	0.003169766635163329
-0.0004694280000927531	-6.67028393221969e-05	-0.008290987205792799	0.024506096001104316	-0.003366871533164284	-0.0032410872847739025	-0.00031217214861944953	0.00023652485596170614
0.0006539411919419535	-0.0020638036251618974	-0.012597235775259952	0.027688975378536318	-0.0005584485530774064	-0.0016184428962795483	-6.253455038907063e-05	0.0024208538404737467
-0.0005942467992074985	0.0013063039509426666	-0.005857020623051046	0.008030014517927508	0.0008145582371872351	-0.0004950737042450637	6.228424872567473e-05	0.003419404233393486
-0.0005318373996503478	0.004177136330586917	-0.006169067620838353	0.005596047935185089	0.0007521488376296404	-0.0004950737042450637	0.00012469364828282536	0.004105907628525918
0.0005915317923843588	0.004301955129702106	-0.004359195033671215	0.004098222345805924	0.0006897394380720456	-0.0013688052980498355	6.228424872567473e-05	0.0033569948338358913
-0.00071906559832291	0.003490632935454707	-0.004983289029246052	0.0032244907520011523	0.0005025112394001496	-0.0008695301015899659	-0.0002497627490618548	0.003419404233393486
0.0007787599910566989	0.003490632935454707	-0.006169067620838353	0.00441026934359301	0.001064195835417614	-5.820790734234471e-05	0.0003119218469553875	0.004105907628525918
-0.0007814749978800606	0.0028041295403222755	-0.005420154826147883	0.002850034354655806	0.001064195835417614	-0.0003078455055727236	6.228424872567473e-05	0.004417954626313447
0.0007163505914995483	0.0019303979465175036	-0.0065435240181832555	0.0035989471493458325	0.001875518029664569	0.001065161284692584	-1.2515083236408486e-07	0.00554132381834771
-0.0006566561987650932	0.0021176261451898437	-0.007916530808447897	0.003099671952885963	0.0023747932261248828	0.00125238948336448	6.228424872567473e-05	0.00554132381834771
0.0007787599910566989	0.0018055791474025362	-0.0077917120093327075	0.0013522087652759751	0.0024372026256820334	0.0016268458807100483	6.228424872567473e-05	0.006165417813922991
0.0006539411919419535	0.0027417201407646807	-0.007479665011545622	0.0006032959705859486	0.0021875650274520986	0.0008155236864624271	6.228424872567473e-05	0.006539874211267449
-0.0005942467992074985	0.002866538939879426	-0.005295336027033581	0.00035365837235623587	0.0019379274292221638	0.00044106728911730286	-1.2515083236408486e-07	0.006103008414365396
0.0007163505914995483	0.0029913577389946155	-0.005981839422165569	0.00054088657102902	0.001501061632320111	0.0005034766886748976	0.00018710304784064213	0.006165417813922991
-0.00071906559832291	0.0038650893327993874	-0.005232926627475987	0.00029124897279864115	0.0009393770363019804	-0.0003078455055727236	-6.253455038907063e-05	0.0054165050192329645
0.0005915317923843588	0.003740270533684198	-0.003672691638538783	0.0004160677719133865	0.0005649206389577444	-0.0007447113024747765	0.00012469364828282536	0.006165417813922991
-0.0005942467992074985	0.003490632935454707	-0.005232926627475987	0.00029124897279864115	0.0004401018398425549	-0.00018302670645753416	-6.253455038907063e-05	0.006352646012595109
0.0005291223928267641	0.003303404736782145	-0.005420154826147883	0.0004784771714714253	0.0008769676367448298	0.0005034766886748976	6.228424872567473e-05	0.006914330608612573
-0.0005942467992074985	0.002866538939879426	-0.00710520861420072	0.0007281147697015822	0.001438652232762072	0.0014396176820372641	0.00024951244739823686	0.00785047160197494
-0.0004694280000927531	0.002304854343862628	-0.007042799214643125	0.0004160677719133865	0.001501061632320111	0.0011899800838073293	0.00012469364828282536	0.008661793796222561
0.0004667129932691694	0.0013063039509426666	-0.00710520861420072	0.0001664301736834517	0.0009393770363019804	0.0009403424855771725	-0.00031217214861944953	0.008474565597550221
-0.0004694280000927531	0.0019928073460746543	-0.007729302609775557	0.0006032959705859486	0.0016258804314344122	0.001689255280266977	0.0003119218469553875	0.009972391186930274
0.0004667129932691694	0.002304854343862628	-0.006917980415527936	0.0001664301736834517	0.0006273300385144509	0.00019142969088736805	-0.00018735334950470417	0.009597934789584706
-0.0006566561987650932	0.0028041295403222755	-0.005794611223493451	0.0001664301736834517	0.00031528304072736546	0.00012902029132999537	-0.00012494394994710945	0.009722753588699451
0.0005291223928267641	0.0035530423350114138	-0.006356295819510693	0.00035365837235623587	-0.00024640155528987684	-0.0006198925033602531	0.00024951244739823686	0.010222028785159765
-0.0004694280000927531	0.00423954573014429	-0.0044216044332283655	0.00029124897279864115	-0.0012449519482098381	-0.0009943489007051554	-0.00012494394994710945	0.009597934789584706
0.0005291223928267641	0.0036778611341270473	-0.0065435240181832555	0.00022883957324104642	-0.000870495550865158	-0.0003078455055727236	-1.2515083236408486e-07	0.010658894582062262
0.0006539411919419535	0.0031785859376673997	-0.006169067620838353	0.0004160677719133865	-0.0006832673521928179	-5.820790734234471e-05	-0.00012494394994710945	0.01122057917807906
-0.0007814749978800606	0.001431122750057412	-0.007479665011545622	0.00022883957324104642	-0.00012158275617513148	0.0011899800838073293	-0.00012494394994710945	0.01171985437453893
0.0005915317923843588	0.0008694381540397256	-0.00928953759871276	0.00029124897279864115	0.00031528304072736546	0.0019388928784973558	-0.00018735334950470417	0.012406357769671805
-0.0005318373996503478	0.0008694381540397256	-0.007729302609775557	0.0004160677719133865	0.0007521488376296404	0.002562986874071971	0.00012469364828282536	0.013779364559936669
0.0008411693906140716	0.0004325723571374507	-0.008166168406678276	0.0006032959705859486	0.0008769676367448298	0.0028750338718592783	-0.00018735334950470417	0.014278639756396316
-0.0007814749978800606	0.0008694381540397256	-0.008977490600925231	4.161137456915043e-05	-0.0005584485530774064	0.0008779330860195778	-0.00012494394994710945	0.014590686754183402
0.0006539411919419535	0.001867988546959909	-0.006793161616412746	0.0001664301736834517	-0.0043030125265262065	-0.0019304898940670778	-0.00031217214861944953	0.012593585968343701
-0.00071906559832291	5.8115959792992555e-05	-0.00660593341774085	0.0004784771714714253	-0.0019938647428994205	-0.00037025490512987425	0.00012469364828282536	0.01596369354444871
-0.0005942467992074985	0.004364364529259479	-0.004920879629688457	0.00029124897279864115	-0.0022435023411295774	-0.0004950737042450637	0.00012469364828282536	0.016587787540023102
0.0005915317923843588	0.003740270533684198	-0.00660593341774085	0.00022883957324104642	-0.0026179587384742575	-0.0005574831038019923	-0.0002497627490618548	0.016026102944006304
-0.0004694280000927531	0.0038650893327993874	-0.0071676180137583145	0.0004784771714714253	-0.0016194083455542962	0.000628295487790087	0.00012469364828282536	0.01733670033471335
0.0006539411919419535	0.0025544919420921186	-0.006917980415527936	0.0004160677719133865	-0.0013073613477672108	0.0013772082824796694	-1.2515083236408486e-07	0.016775015738695886
-0.0008438843974380994	0.000994256953154915	-0.009539175196942695	-0.00020802622366122847	-0.0011825425486522434	0.0018140740793821664	-1.2515083236408486e-07	0.017523928533386135
0.0005915317923843588	0.0008070287544825749	-0.009601584596499846	0.0006032959705859486	0.00037769244028518223	0.003623946666549749	0.0004991500456277276	0.017711156732058253
-0.000282199801420413	0.0006822099553673855	-0.008166168406678276	0.00010402077412585697	-0.0009329049504223086	0.001876483478939761	-0.00031217214861944953	0.016525378140466174
0.000341894194154424	5.8115959792992555e-05	-0.0077917120093327075	-8.320742454603902e-05	-0.000620857952634779	0.0011899800838073293	-0.00031217214861944953	0.017274290935155312
0.0007787599910566989	0.003116176538109805	-0.005295336027033581	0.0006657053701435434	-0.0013073613477672108	0.0008155236864624271	0.00012469364828282536	0.016899834537811076
-0.0004694280000927531	0.004177136330586917	-0.005232926627475987	0.0004784771714714253	-0.001494589546439995	0.00019142969088736805	0.00018710304784064213	0.016587787540023102
0.00040430359371246283	0.004801230326161754	-0.004171966834998653	0.0001664301736834517	-0.0028051869371468197	-0.0011815770993770514	-0.00031217214861944953	0.016213331142678644
-0.0005318373996503478	0.004988458524834538	-0.003485463439866443	0.00035365837235623587	-0.002992415135819604	-0.0006198925033602531	0.00012469364828282536	0.01764874733250066
0.0009035787901723324	0.004177136330586917	-0.005544973625263516	0.0006032959705859486	-0.002118683542014388	0.0002538390904449628	-0.0002497627490618548	0.017523928533386135
-0.0007814749978800606	0.002866538939879426	-0.006418705219067844	4.161137456915043e-05	-0.002118683542014388	0.0014396176820372641	-0.00031217214861944953	0.016899834537811076
0.0005291223928267641	0.0011190757522701045	-0.007604483810660367	0.0004160677719133865	-0.0003712203544055104	0.0029998526709744677	6.228424872567473e-05	0.017960794330288188
-0.0005942467992074985	0.0003077535580227053	-0.009102309400039976	0.0006032959705859486	-5.9173356617536754e-05	0.0033118996687619973	0.00018710304784064213	0.018709707124978214
-0.0007814749978800606	-0.0007532062344546286	-0.0094767657973851	0.0001664301736834517	-0.0009329049504223086	0.0028126244723021276	-0.00018735334950470417	0.019084163522323117
0.0005915317923843588	0.0006822099553673855	-0.009726403395615257	0.00035365837235623587	-0.0008080861513071191	0.00212612107717014	-6.253455038907063e-05	0.02051957971214491
-0.00040701860053560246	0.002679310741207086	-0.007230027413315465	0.0004784771714714253	-0.0014321801468824003	0.0013772082824796694	0.00024951244739823686	0.022766318096214988
0.0005291223928267641	0.0031785859376673997	-0.006855571015971229	0.00022883957324104642	-0.0028051869371468197	-0.00037025490512987425	-0.00012494394994710945	0.022828727495771917
-0.0006566561987650932	0.0046764115270465645	-0.006481114618625439	0.0001664301736834517	-0.002992415135819604	-0.0011815770993770514	-0.0002497627490618548	0.02232945229931227
0.0004667129932691694	0.005113277323949061	-0.005108107828361241	0.00022883957324104642	-0.0034292809327214346	-0.0008695301015899659	0.00024951244739823686	0.021892586502410216
-0.0004694280000927531	0.004738820926604159	-0.005544973625263516	-0.0001456168241034117	-0.0033044621336066893	-0.0009943489007051554	-0.0006242191464069791	0.02083162670993266
0.0002794847945972734	0.003303404736782145	-0.006793161616412746	0.0006657053701435434	-0.0021810929415722047	0.0011275706842501787	0.0004991500456277276	0.02064439851126032
0.00040430359371246283	0.0004325723571374507	-0.009788812795172408	0.0001664301736834517	-0.0021810929415722047	0.0015020270815948589	-0.00037458154817704425	0.018709707124978214
-0.0004694280000927531	0.00012052535935014319	-0.010038450393402787	0.0004160677719133865	-0.0009329049504223086	0.002687805673186938	0.00018710304784064213	0.019895485716570294
0.0005291223928267641	-0.0005659780357818445	-0.009539175196942695	0.00022883957324104642	-0.0018066365442270804	0.0022509398762844413	-0.00012494394994710945	0.020082713915243078
-0.0005942467992074985	-6.67028393221969e-05	-0.010537725589862657	0.00022883957324104642	-0.001494589546439995	0.0020637116776125453	-6.253455038907063e-05	0.023265593292674636
0.0007163505914995483	0.0013687133504998172	-0.009164718799597571	0.0004784771714714253	-0.0018690459437846751	0.00125238948336448	-0.00037458154817704425	0.023140774493559446
-0.0009062937969948059	0.0019928073460746543	-0.007729302609775557	-0.0001456168241034117	-0.0032420527340495386	-0.0009319395011475606	-6.253455038907063e-05	0.023265593292674636
0.0006539411919419535	0.0032409953372241063	-0.00729243681287306	0.00035365837235623587	-0.003616509131394219	-0.0011815770993770514	0.00012469364828282536	0.023889687288249917
-0.0005318373996503478	0.004364364529259479	-0.00460883263190115	0.0004160677719133865	-0.004178193727411905	-0.001493624097164803	-1.2515083236408486e-07	0.022766318096214988
-0.0005318373996503478	0.0033658141363395178	-0.006356295819510693	0.00029124897279864115	-0.0034916903322794735	-0.0008695301015899659	6.228424872567473e-05	0.022204633500197746
0.0004667129932691694	0.0027417201407646807	-0.0067307522168555955	0.00029124897279864115	-0.0036789185309518135	-0.0005574831038019923	-0.00018735334950470417	0.021518130105065092
-0.0005318373996503478	0.0014935321496145626	-0.007042799214643125	0.00035365837235623587	-0.002992415135819604	0.0008779330860195778	6.228424872567473e-05	0.020706807910817915
0.0005915317923843588	0.00012052535935014319	-0.009539175196942695	0.0001664301736834517	-0.002493139939359512	0.0014396176820372641	-0.00012494394994710945	0.02114367370772019
-0.0006566561987650932	0.00012052535935014319	-0.008977490600925231	0.00029124897279864115	-0.0024307305398023615	0.0020637116776125453	0.00012469364828282536	0.022204633500197746
0.0007787599910566989	0.00012052535935014319	-0.008540624804023178	0.0009153429683734782	-0.002493139939359512	0.0015644364811524536	-1.2515083236408486e-07	0.023640049690019316
-0.0005318373996503478	0.0008694381540397256	-0.009102309400039976	0.00010402077412585697	-0.003616509131394219	0.0002538390904449628	-0.0002497627490618548	0.024576190683382126
0.0004667129932691694	0.0019303979465175036	-0.006418705219067844	0.0001664301736834517	-0.004053374928296716	-0.0004950737042450637	-0.0002497627490618548	0.02482582828161184
0.0008411693906140716	0.0044891833283746685	-0.005295336027033581	0.0006032959705859486	-0.0036789185309518135	-0.0009943489007051554	0.0003743312465129822	0.025075465879842218
-0.0006566561987650932	0.004863639725718905	-0.003922329236768274	0.00010402077412585697	-0.004802287722986298	-0.0019304898940670778	-0.00018735334950470417	0.024576190683382126
0.0004667129932691694	0.00423954573014429	-0.00479606083057349	4.161137456915043e-05	-0.0047398783234291475	-0.002055308693181823	-0.0002497627490618548	0.022953546294887106
-0.0004694280000927531	0.00423954573014429	-0.005732201823935856	0.0004784771714714253	-0.0034916903322794735	-0.0006823019029176258	0.00012469364828282536	0.022204633500197746
0.0007163505914995483	0.003053767138551766	-0.005732201823935856	0.0006032959705859486	-0.0034916903322794735	0.00019142969088736805	-0.00012494394994710945	0.020769217310375065
-0.0006566561987650932	0.000994256953154915	-0.008103759007120015	0.0001664301736834517	-0.0020562741424570152	0.0022509398762844413	-1.2515083236408486e-07	0.020894036109490255
0.0006539411919419535	0.0003077535580227053	-0.0094767657973851	0.0004160677719133865	-0.0021810929415722047	0.0028750338718592783	0.00018710304784064213	0.02183017710285262
-0.00040701860053560246	-6.67028393221969e-05	-0.010100859792959938	-2.0798024988444297e-05	-0.002930005736262009	0.0020013022780545064	-0.00037458154817704425	0.021767767703295027
-0.0006566561987650932	0.0006822099553673855	-0.009039900000482826	0.00029124897279864115	-0.002992415135819604	0.0017516646798245716	6.228424872567473e-05	0.023952096687807067
0.0005915317923843588	0.0019928073460746543	-0.0067307522168555955	0.0004160677719133865	-0.004615059524314402	0.00044106728911730286	-0.00012494394994710945	0.025013056480284623
-0.0005318373996503478	0.003490632935454707	-0.0061066582212807585	0.0004784771714714253	-0.004989515921658638	-0.00037025490512987425	0.00018710304784064213	0.02601160687320392
0.0005915317923843588	0.004988458524834538	-0.005295336027033581	0.00010402077412585697	-0.006549750910595842	-0.0019928992936246726	-0.0002497627490618548	0.02800870765904384
-0.00071906559832291	0.005799780719081493	-0.003859919837211123	0.00029124897279864115	-0.007548301303515803	-0.0022425368918543853	0.00012469364828282536	0.027384613663469004
0.0007163505914995483	0.005238096123064251	-0.005420154826147883	0.00054088657102902	-0.007423482504401058	-0.0009943489007051554	-1.2515083236408486e-07	0.026698110268336572
-0.0005942467992074985	0.0044891833283746685	-0.006418705219067844	0.0001664301736834517	-0.00761071070307362	-0.00012061730689993944	-0.00037458154817704425	0.024388962484709342
0.0004667129932691694	0.002429673142976929	-0.0094767657973851	0.0006032959705859486	-0.005925656915021449	0.00212612107717014	0.0003743312465129822	0.02370245908957691
0.0004667129932691694	-0.00037874983710928234	-0.010225678592075127	0.00029124897279864115	-0.006799388508826221	0.0020637116776125453	-0.00031217214861944953	0.022142224100639485
-0.0006566561987650932	-0.0006283874353398833	-0.009164718799597571	0.0004784771714714253	-0.006674569709711031	0.0024381680749567813	6.228424872567473e-05	0.021642948904179837
0.0005291223928267641	-4.293439764602169e-06	-0.009539175196942695	0.00029124897279864115	-0.006861797908383815	0.001689255280266977	-0.00018735334950470417	0.021081264308162595
-0.0005318373996503478	0.002055216745632249	-0.0065435240181832555	0.00054088657102902	-0.00692420730794141	0.0008779330860195778	0.00024951244739823686	0.021268492506834935
0.0005291223928267641	0.0034282235358971125	-0.005108107828361241	0.00029124897279864115	-0.0079851671004183	-0.0011815770993770514	-0.00018735334950470417	0.021767767703295027
-0.0006566561987650932	0.005050867924391467	-0.0044216044332283655	0.00010402077412585697	-0.009046126892895856	-0.0030538590861020065	0.00012469364828282536	0.022579089897542204
0.0007163505914995483	0.006423874714656108	-0.0021124566496015795	0.00022883957324104642	-0.009732630288028288	-0.0030538590861020065	-1.2515083236408486e-07	0.02251668049798461
-0.0005942467992074985	0.0059245995181962385	-0.005108107828361241	0.00035365837235623587	-0.009670220888470249	-0.0021801274922972347	-6.253455038907063e-05	0.021642948904179837
-0.0007814749978800606	0.0033658141363395178	-0.005732201823935856	0.0001664301736834517	-0.009670220888470249	-0.0008071207020323712	-0.00031217214861944953	0.02014512331480023
0.0008411693906140716	0.0012438945513850719	-0.007230027413315465	0.00054088657102902	-0.008671670495550732	0.0011899800838073293	0.00024951244739823686	0.01833525072763309
-0.0005942467992074985	-0.00012911223887979162	-0.00928953759871276	0.00029124897279864115	-0.00810998589953349	0.002313349275842036	6.228424872567473e-05	0.01696224393736867
0.000341894194154424	-0.001127662631799753	-0.008415806004907989	0.00010402077412585697	-0.008671670495550732	0.00212612107717014	-0.0004369909477341949	0.017149472136040567
-0.0004694280000927531	-0.0005035686362246938	-0.007604483810660367	0.0004784771714714253	-0.0079851671004183	0.002500577474514376	-0.00012494394994710945	0.017773566131615848
0.0005291223928267641	0.0007446193549249802	-0.007354846212430655	0.00022883957324104642	-0.00923335509156864	-0.0005574831038019923	-6.253455038907063e-05	0.020020304515685483
-0.0005942467992074985	0.002866538939879426	-0.00429678563411362	0.00035365837235623587	-0.009795039687585438	-0.002055308693181823	-6.253455038907063e-05	0.020956445509047406
0.0006539411919419535	0.004551592727931375	-0.0023620942478310702	0.0004784771714714253	-0.009795039687585438	-0.0024297650905271695	0.00024951244739823686	0.022454271098427014
0.0005915317923843588	0.006611102913329114	-0.001800409651814272	0.00022883957324104642	-0.010980818279177518	-0.003365906083889092	-6.253455038907063e-05	0.02226704289975512
-0.0006566561987650932	0.0059245995181962385	-0.0037975104376535285	0.00022883957324104642	-0.011043227678735557	-0.002304946291412424	-0.00012494394994710945	0.021705358303737432
0.0007787599910566989	0.004738820926604159	-0.004733651431015895	0.0004784771714714253	-0.010356724283603125	-0.0007447113024747765	0.00012469364828282536	0.02064439851126032
-0.0005318373996503478	0.0027417201407646807	-0.005794611223493451	0.00035365837235623587	-0.01010708668537319	0.0006907048873467936	6.228424872567473e-05	0.015838874745333742
0.0005915317923843588	0.0006198005558102349	-0.008228577806235648	0.0004160677719133865	-0.009607811488913542	0.0020013022780545064	0.00024951244739823686	0.015526827747546212
-0.0005318373996503478	5.8115959792992555e-05	-0.007604483810660367	0.00054088657102902	-0.009046126892895856	0.0022509398762844413	-0.0002497627490618548	0.01465309615374144
0.0004667129932691694	-0.0003163404375525758	-0.00710520861420072	0.00035365837235623587	-0.008609261095993581	0.0017516646798245716	6.228424872567473e-05	0.015838874745333742
-0.0005318373996503478	0.000994256953154915	-0.004546423232343555	0.0004784771714714253	-0.009358173890683164	0.00044106728911730286	-6.253455038907063e-05	0.017898384930730593
-0.0005318373996503478	0.004801230326161754	-0.002611731846061449	0.00035365837235623587	-0.009982267886258223	-0.0008695301015899659	0.00012469364828282536	0.019583438718782986
0.0007163505914995483	0.005799780719081493	-0.002611731846061449	0.0004160677719133865	-0.010481543082718314	-0.0018680804945099272	-1.2515083236408486e-07	0.020020304515685483
-0.00071906559832291	0.006423874714656108	-0.0014883626540267425	0.00029124897279864115	-0.01060636188183306	-0.0022425368918543853	-0.00012494394994710945	0.020082713915243078
0.0008411693906140716	0.005799780719081493	-0.001800409651814272	0.0007281147697015822	-0.010543952482275465	-0.001493624097164803	0.0003119218469553875	0.017898384930730593
-0.00071906559832291	0.003989908131914577	-0.00460883263190115	0.0001664301736834517	-0.011043227678735557	-0.0003078455055727236	-0.00031217214861944953	0.016150921743120605
0.0004667129932691694	0.002679310741207086	-0.004983289029246052	0.00022883957324104642	-0.01016949608493034	0.002750215072744533	0.0003743312465129822	0.015089961950643493
-0.000282199801420413	0.0011190757522701045	-0.005794611223493451	0.00010402077412585697	-0.010543952482275465	0.002687805673186938	-0.00031217214861944953	0.013030451765246198
0.00040430359371246283	-0.00025393103799498107	-0.005544973625263516	0.0004784771714714253	-0.01016949608493034	0.00337430906831937	6.228424872567473e-05	0.01402900215816616
0.0007163505914995483	0.0008694381540397256	-0.005045698428803647	0.00054088657102902	-0.01041913368316072	0.0026253962736295655	0.00012469364828282536	0.014715505553299035
-0.0008438843974380994	0.002492082542534524	-0.004671242031458744	-8.320742454603902e-05	-0.011043227678735557	0.0009403424855771725	-0.0002497627490618548	0.015901284144891115
0.0007163505914995483	0.004551592727931375	-0.002050047250043985	0.00054088657102902	-0.011168046477850302	0.00012902029132999537	6.228424872567473e-05	0.017960794330288188
-0.0005318373996503478	0.005238096123064251	-0.0019252284509292394	0.00035365837235623587	-0.011355274676522642	-0.0008071207020323712	0.00012469364828282536	0.017773566131615848
0.0007163505914995483	0.005550143120851336	-0.002050047250043985	0.00022883957324104642	-0.011417684076080237	-0.0013063958984922408	0.00024951244739823686	0.017087062736482972
-0.0005318373996503478	0.005425324321737035	-0.0014259532544691478	0.0004784771714714253	-0.010793590080505622	4.201492214805924e-06	-0.0002497627490618548	0.014341049155953911
0.0004667129932691694	0.0034282235358971125	-0.004109557435441058	0.0001664301736834517	-0.009732630288028288	0.0019388928784973558	-6.253455038907063e-05	0.012843223566574302
-0.0006566561987650932	0.002242444944304589	-0.005295336027033581	0.00054088657102902	-0.009482992689798353	0.003187080869646808	6.228424872567473e-05	0.011158169778522131
-0.0006566561987650932	-0.0003163404375525758	-0.00710520861420072	0.0004160677719133865	-0.009358173890683164	0.004310450061682181	0.00012469364828282536	0.01034684758427451
0.0005291223928267641	-0.0005659780357818445	-0.006668342817298445	0.0001664301736834517	-0.010231905484487935	0.004248040662124142	-0.0002497627490618548	0.01034684758427451
-0.0004694280000927531	0.00037016295757985596	-0.005232926627475987	0.00029124897279864115	-0.010793590080505622	0.0041232218630096185	6.228424872567473e-05	0.01215672017144187
0.0007787599910566989	0.0015559415491721573	-0.005420154826147883	0.0006032959705859486	-0.011230455877407897	0.003187080869646808	0.00012469364828282536	0.015589237147103363
-0.0005942467992074985	0.003053767138551766	-0.003298235241193881	0.00029124897279864115	-0.011480093475637831	0.002562986874071971	-0.0002497627490618548	0.016150921743120605
0.0004667129932691694	0.003989908131914577	-0.0025493224465038544	0.0001664301736834517	-0.012728281466787505	0.0008779330860195778	-0.0002497627490618548	0.017024653336926265
-0.0007814749978800606	0.00461400212748897	-0.0031734164420791355	0.0006657053701435434	-0.01241623446900042	0.001876483478939761	0.0003743312465129822	0.017898384930730593
0.0007787599910566989	0.005362914922178996	-0.003048597642963946	0.00010402077412585697	-0.013602013060592721	0.0019388928784973558	-6.253455038907063e-05	0.01696224393736867
0.0004667129932691694	0.003116176538109805	-0.005420154826147883	0.0001664301736834517	-0.014038878857494774	0.0029998526709744677	-0.0002497627490618548	0.016275740542235795
-0.0005942467992074985	0.002429673142976929	-0.005232926627475987	0.00035365837235623587	-0.013726831859707467	0.005246591055044103	6.228424872567473e-05	0.016213331142678644
0.0008411693906140716	0.0010566663527122877	-0.006044248821723164	0.0006032959705859486	-0.013602013060592721	0.006120322648848875	0.00024951244739823686	0.014902733751970931
-0.0005942467992074985	0.00037016295757985596	-0.007230027413315465	0.0001664301736834517	-0.013227556663247597	0.006307550847521659	-6.253455038907063e-05	0.013966592758609009
0.0008411693906140716	0.0011190757522701045	-0.005295336027033581	0.0006032959705859486	-0.01260346266767276	0.006744416644423712	0.00018710304784064213	0.014528277354626251
-0.0005318373996503478	0.001431122750057412	-0.004920879629688457	0.0004784771714714253	-0.012041778071655074	0.004435268860796482	-0.00012494394994710945	0.014528277354626251
0.0005291223928267641	0.002242444944304589	-0.004484013832786404	0.00022883957324104642	-0.011480093475637831	0.003623946666549749	-0.00018735334950470417	0.01502755255108612
-0.00071906559832291	0.0036154517345698967	-0.0021124566496015795	0.0006657053701435434	-0.010855999480062772	0.002937443271416873	0.00018710304784064213	0.014777914952856186
-0.0006566561987650932	0.004177136330586917	-0.002486913046946704	0.0001664301736834517	-0.010980818279177518	0.0029998526709744677	-6.253455038907063e-05	0.014341049155953911
0.0006539411919419535	0.004301955129702106	-0.0021124566496015795	0.0004784771714714253	-0.011417684076080237	0.00356153726699171	-6.253455038907063e-05	0.013966592758609009
-0.0004694280000927531	0.0036154517345698967	-0.0037351010380959337	0.0006032959705859486	-0.011480093475637831	0.004872134657698979	0.00024951244739823686	0.013716955160379074
0.0005915317923843588	0.002492082542534524	-0.005108107828361241	0.00035365837235623587	-0.012041778071655074	0.005933094450176535	-1.2515083236408486e-07	0.012031901372326903
-0.00071906559832291	0.0014935321496145626	-0.005045698428803647	0.00022883957324104642	-0.01247864386855757	0.007118873041768392	0.00018710304784064213	0.012094310771884276
0.0008411693906140716	0.0005573911562526401	-0.006231477020395948	0.0006032959705859486	-0.013165147263690002	0.00842947043247566	-6.253455038907063e-05	0.012780814167016707
-0.00071906559832291	0.0003077535580227053	-0.005732201823935856	0.00054088657102902	-0.013539603661034683	0.007992604635573608	6.228424872567473e-05	0.013654545760821701
0.0005915317923843588	0.0008694381540397256	-0.0044216044332283655	0.00029124897279864115	-0.013414784861919937	0.006432369646636182	-1.2515083236408486e-07	0.014278639756396316
0.0006539411919419535	0.002492082542534524	-0.002611731846061449	0.00035365837235623587	-0.013352375462362343	0.0055586380528311885	-1.2515083236408486e-07	0.014902733751970931
-0.0005318373996503478	0.003740270533684198	-0.0009266780580090561	0.00054088657102902	-0.013477194261477532	0.005121772255928914	0.00018710304784064213	0.016213331142678644
0.0007787599910566989	0.00423954573014429	-0.0014259532544691478	0.0006032959705859486	-0.013352375462362343	0.00406081246345158	0.00018710304784064213	0.015776465345775703
-0.0005942467992074985	0.0044891833283746685	-0.0009890874575666508	0.0001664301736834517	-0.013227556663247597	0.004560087659911671	-1.2515083236408486e-07	0.0144658679550691
0.0007163505914995483	0.004177136330586917	-0.001800409651814272	0.0004160677719133865	-0.013414784861919937	0.004622497059469266	-0.0002497627490618548	0.013342498763034172
-0.0007814749978800606	0.0029913577389946155	-0.004484013832786404	0.00010402077412585697	-0.013414784861919937	0.00817983283424617	0.00024951244739823686	0.0124687671692294
0.0007163505914995483	0.0021800355447474384	-0.004359195033671215	0.00029124897279864115	-0.014350925855282304	0.00867910803070604	-6.253455038907063e-05	0.011158169778522131
-0.0006566561987650932	0.0007446193549249802	-0.00698038981508553	0.00029124897279864115	-0.014538154053954422	0.009365611425838027	-0.00012494394994710945	0.010596485182504667
-0.00034460920097800773	0.00037016295757985596	-0.004920879629688457	0.0006657053701435434	-0.013851650658822212	0.010488980617872956	0.00043674064607013285	0.011844673173654119
0.000341894194154424	0.00012052535935014319	-0.005357745426591176	4.161137456915043e-05	-0.015349476248201821	0.008616698631148445	-0.00037458154817704425	0.011907082573211492
-0.0006566561987650932	0.0014935321496145626	-0.004171966834998653	0.00022883957324104642	-0.014850201051742395	0.00793019523601557	-0.00012494394994710945	0.013529726961706512
0.0006539411919419535	0.003053767138551766	-0.001800409651814272	0.00054088657102902	-0.014538154053954422	0.0066195978453089666	6.228424872567473e-05	0.014715505553299035
-0.0005942467992074985	0.0038026799332417927	-0.0014883626540267425	0.00035365837235623587	-0.014288516455724709	0.004996953456814168	6.228424872567473e-05	0.01390418335905097
0.0006539411919419535	0.0038650893327993874	-0.0016755908526990826	0.0004160677719133865	-0.013040328464574813	0.004248040662124142	-1.2515083236408486e-07	0.013030451765246198
-0.0006566561987650932	0.0040523175314717275	-0.0014259532544691478	0.00054088657102902	-0.013227556663247597	0.004809725258141606	0.00012469364828282536	0.011844673173654119
0.0007163505914995483	0.002928948339437021	-0.004920879629688457	0.00035365837235623587	-0.01310273786413263	0.007181282441325987	6.228424872567473e-05	0.010534075782947072
0.0005915317923843588	0.00018293475890751587	-0.005108107828361241	0.00022883957324104642	-0.013414784861919937	0.008242242233802877	-0.00018735334950470417	0.008661793796222561
-0.0005942467992074985	-0.0010028438326845635	-0.006481114618625439	0.00029124897279864115	-0.013227556663247597	0.009303202026280433	6.228424872567473e-05	0.008412156197992626
0.0006539411919419535	-0.0010028438326845635	-0.0061066582212807585	0.0004160677719133865	-0.013414784861919937	0.009927296021855714	-1.2515083236408486e-07	0.008287337398877437
-0.0007814749978800606	-0.00037874983710928234	-0.004234376234556025	0.00022883957324104642	-0.014101288257051925	0.009864886622298563	-0.00018735334950470417	0.011657444974982223
0.0009035787901723324	0.0011190757522701045	-0.003235825841635842	0.0007281147697015822	-0.014038878857494774	0.00874151743026319	-0.0004369909477341949	0.01234394837011421
-0.0009062937969948059	0.0021800355447474384	-0.0021124566496015795	-0.0001456168241034117	-0.014538154053954422	0.005683456851946378	-0.00012494394994710945	0.013592136361263885
0.0005291223928267641	0.003927498732356982	9.462935352866353e-06	0.00054088657102902	-0.013664422460150316	0.0049345440572565735	0.00024951244739823686	0.014216230356838944
-0.00040701860053560246	0.00461400212748897	-0.0005522216606639319	0.0001664301736834517	-0.013477194261477532	0.0049345440572565735	-6.253455038907063e-05	0.013092861164804237
-0.00071906559832291	0.0038026799332417927	-0.0013635438549119971	0.00035365837235623587	-0.013289966062805192	0.005808275651061567	-0.00012494394994710945	0.01234394837011421
0.0008411693906140716	0.002429673142976929	-0.003485463439866443	0.0007281147697015822	-0.01260346266767276	0.007118873041768392	0.00024951244739823686	0.011282988577637099
-0.0007814749978800606	0.0008694381540397256	-0.00479606083057349	0.00010402077412585697	-0.012790690866345544	0.00855428923159085	-0.00018735334950470417	0.009410706590912588
0.0007163505914995483	-0.00019152163843738634	-0.005357745426591176	0.00054088657102902	-0.01247864386855757	0.009552839624510367	-1.2515083236408486e-07	0.007912881001532535
-0.0006566561987650932	-0.001127662631799753	-0.005919430022607974	0.00035365837235623587	-0.011916959272540328	0.010426571218315361	-0.0002497627490618548	0.007788062202417789
0.00040430359371246283	-0.0006283874353398833	-0.004359195033671215	0.00010402077412585697	-0.011979368672097479	0.00874151743026319	0.00012469364828282536	0.0096603441891423
-0.0005942467992074985	0.000994256953154915	-0.0029237788438487566	0.0006657053701435434	-0.012104187471212668	0.007805376436901268	0.00018710304784064213	0.011345397977194693
0.0008411693906140716	0.0023672637434193344	7.187233491046108e-05	0.00022883957324104642	-0.012665872067230355	0.0066195978453089666	-0.00012494394994710945	0.0124687671692294
0.0005915317923843588	0.004301955129702106	-0.00017776526331947373	0.00022883957324104642	-0.013414784861919937	0.005371409854158848	-0.00012494394994710945	0.012718404767459113
-0.0005942467992074985	0.004301955129702106	-0.0009266780580090561	0.0004784771714714253	-0.013040328464574813	0.006744416644423712	0.00012469364828282536	0.013155270564361832
0.0008411693906140716	0.003490632935454707	-0.0010514968571240235	0.00054088657102902	-0.01285310026590225	0.007181282441325987	0.00024951244739823686	0.011907082573211492
-0.0007814749978800606	0.0014935321496145626	-0.003859919837211123	0.00010402077412585697	-0.013789241259265062	0.007742967037343229	-0.0002497627490618548	0.00903625019356702
0.0007163505914995483	0.00018293475890751587	-0.005232926627475987	0.00054088657102902	-0.01310273786413263	0.009927296021855714	-6.253455038907063e-05	0.00772565280285975
-0.00071906559832291	-0.0007532062344546286	-0.004983289029246052	0.00022883957324104642	-0.01297791906501744	0.010801027615660486	0.00024951244739823686	0.00785047160197494
0.0007787599910566989	-0.001127662631799753	-0.005295336027033581	0.00010402077412585697	-0.013477194261477532	0.01098825581433327	-0.00018735334950470417	0.008599384396664522
-0.0008438843974380994	-0.0006283874353398833	-0.001987637850486834	0.0007905241692587328	-0.013165147263690002	0.01098825581433327	0.0003743312465129822	0.010409256983831883
-0.0007814749978800606	0.0021176261451898437	-0.0021124566496015795	0.00010402077412585697	-0.014350925855282304	0.00874151743026319	-0.0002497627490618548	0.011282988577637099
0.0006539411919419535	0.0035530423350114138	-0.0005522216606639319	0.0004160677719133865	-0.013976469457937624	0.00805501403513098	0.00012469364828282536	0.012531176568786995
-0.00071906559832291	0.004114726931029322	-0.00011535586376187901	0.00022883957324104642	-0.014288516455724709	0.007118873041768392	-0.00012494394994710945	0.012843223566574302
0.0006539411919419535	0.0036154517345698967	-0.0013635438549119971	0.0004160677719133865	-0.013789241259265062	0.006432369646636182	-6.253455038907063e-05	0.010970941579849791
-0.0005318373996503478	0.002866538939879426	-0.0017380002522564553	0.00029124897279864115	-0.012728281466787505	0.007056463642210797	-1.2515083236408486e-07	0.00903625019356702
0.0005915317923843588	0.0018055791474025362	-0.0025493224465038544	0.00035365837235623587	-0.011105637078293151	0.007493329439113738	0.00018710304784064213	0.008037699800647502
-0.0004694280000927531	0.0004325723571374507	-0.004171966834998653	0.00029124897279864115	-0.010855999480062772	0.0076805576377860785	-1.2515083236408486e-07	0.006602283610825488
0.0005291223928267641	-0.00044115923666732115	-0.004234376234556025	0.00022883957324104642	-0.011105637078293151	0.007618148238228484	-6.253455038907063e-05	0.006539874211267449
0.0006539411919419535	-0.000690796834897478	-0.004546423232343555	0.00035365837235623587	-0.011480093475637831	0.0076805576377860785	-6.253455038907063e-05	0.006789511809497828
-0.0005942467992074985	0.0004949817566954895	-0.0023620942478310702	0.0004160677719133865	-0.011168046477850302	0.00793019523601557	0.00012469364828282536	0.00785047160197494
0.0006539411919419535	0.0013687133504998172	-0.0017380002522564553	0.0004160677719133865	-0.012166596870770263	0.006557188445751372	6.228424872567473e-05	0.008661793796222561
-0.0007814749978800606	0.0017431697478447195	-0.0019252284509292394	0.0001664301736834517	-0.012665872067230355	0.006557188445751372	-0.0002497627490618548	0.01003480058648698
0.0007787599910566989	0.0025544919420921186	-0.00017776526331947373	0.0004784771714714253	-0.012041778071655074	0.006744416644423712	-1.2515083236408486e-07	0.009972391186930274
-0.0005942467992074985	0.002304854343862628	-0.0009266780580090561	0.00022883957324104642	-0.01241623446900042	0.007056463642210797	6.228424872567473e-05	0.009348297191354993
0.0005915317923843588	0.0018055791474025362	-0.0018628190513716447	0.00022883957324104642	-0.012041778071655074	0.007555738838670889	-1.2515083236408486e-07	0.008849021994894679
-0.0005318373996503478	0.0015559415491721573	-0.0029861882434063514	0.0004784771714714253	-0.012728281466787505	0.007493329439113738	6.228424872567473e-05	0.008287337398877437
-0.0008438843974380994	-4.293439764602169e-06	-0.004171966834998653	0.00010402077412585697	-0.012665872067230355	0.00836706103291851	-0.00031217214861944953	0.00772565280285975
0.0008411693906140716	0.0006198005558102349	-0.002861369444291162	0.0006657053701435434	-0.011979368672097479	0.009053564428050942	0.0003119218469553875	0.00797529040109013
-0.0007814749978800606	-6.67028393221969e-05	-0.004047148035883463	0.00010402077412585697	-0.01310273786413263	0.008616698631148445	-0.0002497627490618548	0.007912881001532535
0.0006539411919419535	0.00037016295757985596	-0.003235825841635842	0.00035365837235623587	-0.012915509665459846	0.009428020825395622	-1.2515083236408486e-07	0.009597934789584706
-0.00071906559832291	0.0015559415491721573	-0.0019252284509292394	0.00029124897279864115	-0.01310273786413263	0.009115973827608537	0.00024951244739823686	0.010471666383389922
0.0007787599910566989	0.0019303979465175036	-0.0018628190513716447	0.0006032959705859486	-0.013289966062805192	0.009490430224953217	0.00012469364828282536	0.011033350979406942
-0.0005318373996503478	0.0023672637434193344	-0.0013011344553544024	0.0004784771714714253	-0.013040328464574813	0.008242242233802877	6.228424872567473e-05	0.010534075782947072
0.0007787599910566989	0.0028041295403222755	-0.0019252284509292394	0.00029124897279864115	-0.012790690866345544	0.00805501403513098	-1.2515083236408486e-07	0.01015961938560217
0.0004667129932691694	0.0016807603482873468	-0.0021124566496015795	-2.0798024988444297e-05	-0.011979368672097479	0.007306101240441176	-0.00037458154817704425	0.008474565597550221
-0.0005318373996503478	0.0019928073460746543	-0.0017380002522564553	0.00054088657102902	-0.010793590080505622	0.007118873041768392	0.00024951244739823686	0.008349746798435032
0.0007163505914995483	0.0007446193549249802	-0.003235825841635842	0.0004784771714714253	-0.010980818279177518	0.007430920039556144	6.228424872567473e-05	0.007600834003745449
-0.0005318373996503478	0.0009318475535973203	-0.002861369444291162	0.0004160677719133865	-0.01060636188183306	0.00805501403513098	0.0003119218469553875	0.006976740008170168
0.0005915317923843588	0.0004325723571374507	-0.0031734164420791355	0.00029124897279864115	-0.011667321674310394	0.007805376436901268	0.0003743312465129822	0.00797529040109013
-0.00040701860053560246	0.0003077535580227053	-0.0033606446407512536	0.0006032959705859486	-0.011979368672097479	0.008803926829820785	-0.00012494394994710945	0.00728878700595792
0.0004667129932691694	0.0003077535580227053	-0.002611731846061449	0.00029124897279864115	-0.012166596870770263	0.00867910803070604	-1.2515083236408486e-07	0.008287337398877437
-0.0005942467992074985	0.000994256953154915	-0.0019252284509292394	0.00035365837235623587	-0.01247864386855757	0.00817983283424617	-1.2515083236408486e-07	0.008599384396664522
-0.0005942467992074985	0.0021800355447474384	-0.00030258406243444114	0.0004160677719133865	-0.012041778071655074	0.00842947043247566	0.00012469364828282536	0.009285887791797398
0.0005915317923843588	0.002304854343862628	-0.0004898122611072253	0.00035365837235623587	-0.01285310026590225	0.007368510639998549	-1.2515083236408486e-07	0.009161068992682209
-0.00071906559832291	0.0021176261451898437	-0.001176315656239213	0.00029124897279864115	-0.012665872067230355	0.007867785836458863	-0.00018735334950470417	0.008911431394452718
0.0009035787901723324	0.0025544919420921186	-0.0002401746628768464	0.0006657053701435434	-0.011542502875195426	0.007555738838670889	0.0003743312465129822	0.00785047160197494
-0.0006566561987650932	0.001867988546959909	-0.001800409651814272	0.00029124897279864115	-0.011916959272540328	0.006744416644423712	-0.00018735334950470417	0.007163968206842508
0.0004667129932691694	0.0008694381540397256	-0.0029237788438487566	0.00029124897279864115	-0.011292865276965491	0.00817983283424617	0.00018710304784064213	0.007226377606399881
-0.0005318373996503478	0.000994256953154915	-0.0021748660491591743	0.00010402077412585697	-0.012915509665459846	0.007992604635573608	-0.00031217214861944953	0.006664693010383083
0.000341894194154424	-6.67028393221969e-05	-0.002861369444291162	0.00035365837235623587	-0.012541053268114721	0.009927296021855714	0.00012469364828282536	0.007600834003745449
0.0006539411919419535	0.0012438945513850719	-0.0018628190513716447	0.0004784771714714253	-0.01285310026590225	0.009303202026280433	-1.2515083236408486e-07	0.008100109200205097
-0.0004694280000927531	0.001431122750057412	-0.001800409651814272	0.0004160677719133865	-0.012915509665459846	0.009178383227166131	0.00018710304784064213	0.008849021994894679
0.0004667129932691694	0.001431122750057412	-0.0014259532544691478	0.00010402077412585697	-0.013289966062805192	0.00867910803070604	-0.00031217214861944953	0.008724203195779712
-0.0006566561987650932	0.0029913577389946155	-0.0004274028615496306	0.00035365837235623587	-0.012915509665459846	0.007493329439113738	-6.253455038907063e-05	0.009223478392239803
0.0009035787901723324	0.002304854343862628	-0.0009890874575666508	0.0007281147697015822	-0.012665872067230355	0.007618148238228484	-0.00012494394994710945	0.008287337398877437
-0.0007814749978800606	0.001867988546959909	-0.0019252284509292394	0.0001664301736834517	-0.011604912274753021	0.006744416644423712	0.00018710304784064213	0.00753842460418741
0.0007787599910566989	0.001867988546959909	-0.0018628190513716447	0.00010402077412585697	-0.01260346266767276	0.007618148238228484	-0.00012494394994710945	0.006914330608612573
-0.0007814749978800606	-4.293439764602169e-06	-0.003859919837211123	0.00035365837235623587	-0.011979368672097479	0.008117423434688575	-1.2515083236408486e-07	0.006227827213480586
-0.0005942467992074985	-0.0003163404375525758	-0.003485463439866443	0.0004784771714714253	-0.012041778071655074	0.008928745628935753	6.228424872567473e-05	0.006602283610825488
0.0006539411919419535	-0.0008156156340122234	-0.004109557435441058	0.0004784771714714253	-0.01247864386855757	0.009053564428050942	6.228424872567473e-05	0.006602283610825488
-0.0005942467992074985	-0.00012911223887979162	-0.0025493224465038544	0.0004160677719133865	-0.012104187471212668	0.009428020825395622	0.00012469364828282536	0.007226377606399881
0.0006539411919419535	0.0006198005558102349	-0.0016755908526990826	0.00029124897279864115	-0.013040328464574813	0.00874151743026319	-0.00018735334950470417	0.00903625019356702
-0.0005318373996503478	0.0015559415491721573	-0.0012387250557963636	0.0004784771714714253	-0.013352375462362343	0.008928745628935753	-6.253455038907063e-05	0.009161068992682209
0.0005291223928267641	0.002242444944304589	-0.00011535586376187901	0.00035365837235623587	-0.013165147263690002	0.007493329439113738	0.00018710304784064213	0.009473115990469738
-0.0005318373996503478	0.003116176538109805	-5.294646420428428e-05	0.00022883957324104642	-0.013165147263690002	0.007555738838670889	-0.00012494394994710945	0.008599384396664522
0.0004667129932691694	0.0019928073460746543	-0.000739449859336716	0.0006657053701435434	-0.011417684076080237	0.007805376436901268	0.0003743312465129822	0.008349746798435032
0.00040430359371246283	0.0011190757522701045	-0.002424503647389109	0.00022883957324104642	-0.011792140473425583	0.006931644843096052	-0.00018735334950470417	0.006789511809497828
-0.00040701860053560246	0.0004325723571374507	-0.0029237788438487566	0.0004784771714714253	-0.010980818279177518	0.008491879832033256	0.00018710304784064213	0.006664693010383083
0.0002794847945972734	0.0002453441584651106	-0.0029237788438487566	4.161137456915043e-05	-0.010918408879620811	0.007181282441325987	-0.0004369909477341949	0.005478914418790115
-0.00034460920097800773	0.0007446193549249802	-0.0022996848482739196	0.0006657053701435434	-0.010044677285815595	0.007805376436901268	0.00043674064607013285	0.005978189615250207
0.0004667129932691694	0.0003077535580227053	-0.0021748660491591743	0.0001664301736834517	-0.01029431488404553	0.007118873041768392	0.00012469364828282536	0.006976740008170168
-0.0005318373996503478	0.0019928073460746543	-0.00017776526331947373	0.00029124897279864115	-0.010481543082718314	0.0055586380528311885	-0.00012494394994710945	0.007413605805072665
0.0005291223928267641	0.002242444944304589	-0.0004898122611072253	0.00054088657102902	-0.009670220888470249	0.0066195978453089666	0.00018710304784064213	0.008100109200205097
-0.0005318373996503478	0.0023672637434193344	0.000508738131812958	0.00035365837235623587	-0.009982267886258223	0.0049345440572565735	-1.2515083236408486e-07	0.00747601520463026
-0.0005942467992074985	0.0019303979465175036	-0.0008018592588943108	0.00035365837235623587	-0.010356724283603125	0.005745866251503751	6.228424872567473e-05	0.007413605805072665
0.0006539411919419535	0.0010566663527122877	-0.0013635438549119971	0.00035365837235623587	-0.009857449087142811	0.00636996024707881	-0.00012494394994710945	0.006415055412152926
-0.0005318373996503478	0.0011814851518274772	-0.001176315656239213	0.0004784771714714253	-0.00910853629245345	0.0059955038497341295	0.00024951244739823686	0.0060405990148078015
0.0006539411919419535	-0.00012911223887979162	-0.002674141245619044	0.00022883957324104642	-0.009919858486700628	0.0059955038497341295	-0.0002497627490618548	0.005603733217905749
-0.0004694280000927531	0.0005573911562526401	-0.001987637850486834	0.00054088657102902	-0.009046126892895856	0.007056463642210797	6.228424872567473e-05	0.005229276820560624
0.0006539411919419535	0.0006822099553673855	-0.0014883626540267425	0.0004160677719133865	-0.009607811488913542	0.006931644843096052	6.228424872567473e-05	0.005978189615250207
-0.0006566561987650932	0.0005573911562526401	-0.0017380002522564553	0.00035365837235623587	-0.00923335509156864	0.00624514144796362	-0.00012494394994710945	0.005728552017020272
0.0005915317923843588	0.0012438945513850719	-0.0002401746628768464	0.00035365837235623587	-0.00917094569201038	0.0059955038497341295	-1.2515083236408486e-07	0.00629023661303818
0.0005915317923843588	0.0013687133504998172	-0.000739449859336716	0.00035365837235623587	-0.009545402089355948	0.00587068505061894	-1.2515083236408486e-07	0.00629023661303818
-0.0005318373996503478	0.0019928073460746543	-5.294646420428428e-05	0.00054088657102902	-0.008422032897321019	0.005621047452388783	6.228424872567473e-05	0.006227827213480586
0.0006539411919419535	0.0015559415491721573	-0.0005522216606639319	0.0004784771714714253	-0.008047576499975895	0.004248040662124142	0.00012469364828282536	0.0054165050192329645
-0.0006566561987650932	0.0004325723571374507	-0.0013635438549119971	0.0001664301736834517	-0.007673120102631215	0.004497678260354077	-0.00012494394994710945	0.004605182824985787
0.0005291223928267641	0.0009318475535973203	-0.0009266780580090561	0.00035365837235623587	-0.006487341511038247	0.0034991278674345594	0.00024951244739823686	0.003856270030295317
-0.0005318373996503478	0.0010566663527122877	-0.0009266780580090561	0.0006032959705859486	-0.005613609917233919	0.002937443271416873	-0.00012494394994710945	0.0029201290369338384
0.0004667129932691694	0.00012052535935014319	-0.0018628190513716447	0.00035365837235623587	-0.004427831325641618	0.0021885304767268465	0.00012469364828282536	0.0028577196373757996
-0.0005942467992074985	0.0011190757522701045	-0.0016755908526990826	0.00035365837235623587	-0.004677468923871553	0.0017516646798245716	-0.00012494394994710945	0.002358444440915708
-0.0005942467992074985	0.00018293475890751587	-0.0017380002522564553	0.0004160677719133865	-0.0041157843278543105	0.0028126244723021276	0.00012469364828282536	0.0026704914387034595
0.0006539411919419535	0.0006198005558102349	-0.0008642686584519055	0.00035365837235623587	-0.003990965528739121	0.00212612107717014	6.228424872567473e-05	0.0022960350413585573
-0.0006566561987650932	0.0002453441584651106	-0.0014259532544691478	0.00029124897279864115	-0.004677468923871553	0.002313349275842036	-0.00012494394994710945	0.002608082039146309
0.0007787599910566989	5.8115959792992555e-05	-0.0008018592588943108	0.0006032959705859486	-0.0036789185309518135	0.0026253962736295655	0.0003119218469553875	0.0020463974431286225
-0.00071906559832291	0.0006198005558102349	-5.294646420428428e-05	0.0001664301736834517	-0.0030548245353771986	0.0008779330860195778	6.228424872567473e-05	0.0016095316462261255
0.0005915317923843588	0.0002453441584651106	-5.294646420428428e-05	0.00035365837235623587	-0.0017442271446694857	-0.0004950737042450637	-0.00012494394994710945	0.0014223034475542295
-0.0006566561987650932	0.0004325723571374507	0.00044632873225558534	0.0006657053701435434	-0.0004336297539622169	-0.0018056710949523325	0.0003119218469553875	0.0011102564497667
0.0007787599910566989	0.001431122750057412	0.00032150993314084	0.00029124897279864115	-0.0007456767517495244	-0.002304946291412424	-1.2515083236408486e-07	0.0007982094519785043
0.0006539411919419535	0.0006198005558102349	0.0001342817344680558	0.00022883957324104642	-0.0001839921557327262	-0.0022425368918543853	-0.00012494394994710945	0.00011170605684651669
-0.0005942467992074985	0.0010566663527122877	0.00025910053358324525	0.00054088657102902	0.0006273300385144509	-0.0019928992936246726	0.00018710304784064213	0.00042375305463426827
0.0007787599910566989	-0.00012911223887979162	-0.0008018592588943108	0.0006032959705859486	6.56454424976527e-05	-0.0006198925033602531	0.00018710304784064213	0.00017411545640388937
-0.0006566561987650932	-0.00025393103799498107	-0.0004898122611072253	0.0001664301736834517	0.0004401018398425549	-5.820790734234471e-05	-6.253455038907063e-05	0.00011170605684651669
0.0006539411919419535	0.0004949817566954895	-0.0002401746628768464	0.00035365837235623587	0.00031528304072736546	-0.0006823019029176258	0.0003119218469553875	0.0009854376506510665
-0.00040701860053560246	5.8115959792992555e-05	0.0001342817344680558	0.0006032959705859486	0.00031528304072736546	-0.0011815770993770514	-0.00031217214861944953	0.00017411545640388937
0.00040430359371246283	0.00037016295757985596	0.0007583757300433369	0.00054088657102902	0.0011890146345321373	-0.0024297650905271695	0.00024951244739823686	0.0009854376506510665
-0.00040701860053560246	0.0019303979465175036	0.0015072885247329193	0.00035365837235623587	0.0008769676367448298	-0.0026169932891995096	-0.00018735334950470417	0.0004861624541909748
-0.00034460920097800773	0.002055216745632249	0.0025682483172104753	0.00054088657102902	0.0026868402239121902	-0.0036155436821190268	0.0003119218469553875	0.0005485718537485695
0.0005915317923843588	0.0016183509487301961	0.0015072885247329193	0.00035365837235623587	0.0020003368287793144	-0.004426865876366426	-1.2515083236408486e-07	-7.55221418258234e-05
-0.0006566561987650932	0.0002453441584651106	0.00019669113402520644	0.0004160677719133865	0.0017506992305496016	-0.0022425368918543853	0.00012469364828282536	-1.3112742268672761e-05
0.0005915317923843588	0.0002453441584651106	-0.00030258406243444114	0.0004160677719133865	0.0017506992305496016	-0.002117718092739418	-1.2515083236408486e-07	-7.55221418258234e-05
-0.0004694280000927531	-0.0005659780357818445	-0.001176315656239213	0.0004784771714714253	0.0006897394380720456	0.0002538390904449628	-0.0002497627490618548	-0.00044997853917050357
0.00040430359371246283	-0.0016269378282598446	-0.0022996848482739196	0.00022883957324104642	-5.9173356617536754e-05	0.002313349275842036	0.0003743312465129822	0.0005485718537485695
-0.00040701860053560246	-0.00044115923666732115	-0.0004274028615496306	0.00029124897279864115	-0.002118683542014388	0.0018140740793821664	-0.00012494394994710945	0.0010478470502086612
0.0005291223928267641	-0.0003163404375525758	0.0009456039287152329	0.00029124897279864115	-0.002742777537589447	0.0024381680749567813	6.228424872567473e-05	0.0024832632400311194
0.0007163505914995483	0.0023672637434193344	0.002381020118537691	0.0004784771714714253	-0.0034292809327214346	0.0013147988829220747	-1.2515083236408486e-07	0.0032945854342782965
-0.0005942467992074985	0.002304854343862628	0.0022562013194225017	0.0004784771714714253	-0.004927106522101488	0.001689255280266977	0.00018710304784064213	0.004480364025871042
0.0005291223928267641	0.0014935321496145626	0.0015072885247329193	0.0001664301736834517	-0.005863247515463854	0.002750215072744533	-0.00018735334950470417	0.004168317028083068
-0.0004694280000927531	0.002429673142976929	0.0012576509265027624	0.0006032959705859486	-0.005925656915021449	0.0032494902692044025	0.00018710304784064213	0.004667592224542938
0.0007163505914995483	0.0006822099553673855	-0.0010514968571240235	0.0004784771714714253	-0.007673120102631215	0.0055586380528311885	6.228424872567473e-05	0.004667592224542938
-0.0005318373996503478	-0.00012911223887979162	-0.0022996848482739196	0.00035365837235623587	-0.010356724283603125	0.009115973827608537	-0.0002497627490618548	0.004730001624100533
0.0004667129932691694	5.8115959792992555e-05	-0.003235825841635842	0.00054088657102902	-0.011480093475637831	0.01217403440592535	0.00018710304784064213	0.006103008414365396
-0.0004694280000927531	-0.0005035686362246938	-0.002798960044733567	0.00010402077412585697	-0.01247864386855757	0.011612349809907663	-0.00037458154817704425	0.005853370816135017
-0.0004694280000927531	0.0019303979465175036	-0.0008642686584519055	0.0004784771714714253	-0.01185454987298229	0.010426571218315361	0.00018710304784064213	0.00728878700595792
0.0006539411919419535	0.002055216745632249	-0.0005522216606639319	0.0004160677719133865	-0.012229006270327414	0.009365611425838027	-0.00012494394994710945	0.00753842460418741
-0.0005942467992074985	0.0028041295403222755	0.0010080133282728276	0.00035365837235623587	-0.010731180680947805	0.007867785836458863	0.00012469364828282536	0.00772565280285975
0.0005915317923843588	0.003116176538109805	0.0007583757300433369	0.0001664301736834517	-0.010731180680947805	0.005059362856371319	-0.00018735334950470417	0.006664693010383083
-0.0006566561987650932	0.0018055791474025362	-0.0005522216606639319	0.00029124897279864115	-0.010356724283603125	0.005683456851946378	0.00024951244739823686	0.005603733217905749
0.0007787599910566989	0.0011814851518274772	-0.0009890874575666508	0.0006032959705859486	-0.009732630288028288	0.00636996024707881	-0.0002497627490618548	0.004730001624100533
-0.0008438843974380994	-4.293439764602169e-06	-0.002674141245619044	0.00022883957324104642	-0.010481543082718314	0.008242242233802877	-0.00018735334950470417	0.004417954626313447
0.0005291223928267641	-0.0014397096295870604	-0.003298235241193881	0.0007905241692587328	-0.008858898694223072	0.009615249024068406	0.0004991500456277276	0.004792411023658127
0.00040430359371246283	-0.001127662631799753	-0.003485463439866443	0.00010402077412585697	-0.009607811488913542	0.008928745628935753	-0.00018735334950470417	0.00398108882941095
-0.0005318373996503478	-0.00012911223887979162	-0.0029237788438487566	0.00029124897279864115	-0.00892130809378111	0.008616698631148445	0.00012469364828282536	0.004667592224542938
0.0005915317923843588	0.0011814851518274772	-0.0008642686584519055	0.0004160677719133865	-0.00829721409820583	0.007181282441325987	-6.253455038907063e-05	0.0048548204232155
-0.0005318373996503478	0.0019928073460746543	0.00019669113402520644	0.0004160677719133865	-0.007673120102631215	0.005808275651061567	0.00018710304784064213	0.004792411023658127
0.0006539411919419535	0.0019928073460746543	0.000508738131812958	0.00035365837235623587	-0.006799388508826221	0.00406081246345158	0.00018710304784064213	0.004480364025871042
-0.0004694280000927531	0.0028041295403222755	0.001569697924290514	0.00054088657102902	-0.004490240725198769	0.0008155236864624271	-1.2515083236408486e-07	0.0033569948338358913
0.0005291223928267641	0.001867988546959909	7.187233491046108e-05	0.00010402077412585697	-0.003366871533164284	0.0016268458807100483	-0.00018735334950470417	0.002358444440915708
-0.0006566561987650932	0.0003077535580227053	-0.0009890874575666508	0.0006657053701435434	-0.0017442271446694857	0.0015644364811524536	0.00024951244739823686	0.0015471222466685308
-0.0005942467992074985	-0.0008156156340122234	-0.002674141245619044	0.0001664301736834517	-0.0022435023411295774	0.00212612107717014	-6.253455038907063e-05	0.0009230282510941379
0.0005291223928267641	-0.001127662631799753	-0.0027365506451764166	0.00035365837235623587	-0.0018690459437846751	0.0032494902692044025	-0.00012494394994710945	0.0005485718537485695
-0.0004694280000927531	0.0003077535580227053	-0.0010514968571240235	0.00054088657102902	-0.0006832673521928179	0.002687805673186938	0.00024951244739823686	0.0009230282510941379
0.0005915317923843588	5.8115959792992555e-05	-0.0011139062566818403	0.00029124897279864115	-0.001057723749537498	0.0018140740793821664	-0.00012494394994710945	0.0009854376506510665
-0.0006566561987650932	0.0013687133504998172	0.0006335569309281475	0.00022883957324104642	0.00037769244028518223	0.00044106728911730286	6.228424872567473e-05	0.0009230282510941379
0.0006539411919419535	0.0023672637434193344	0.0019441543216351942	0.0004160677719133865	0.002312383826566844	-0.0030538590861020065	6.228424872567473e-05	0.0007358000524213537
-0.0005942467992074985	0.0018055791474025362	0.0013824697256177298	0.0004784771714714253	0.0033109342194868052	-0.0032410872847739025	6.228424872567473e-05	-0.00026275034049860757
0.0007163505914995483	0.001431122750057412	0.0013200603260603572	0.00022883957324104642	0.0030612966212573145	-0.00480132227371155	-0.00018735334950470417	-0.000574797338285693
0.0009035787901723324	0.0003077535580227053	0.0009456039287152329	0.0008529335688163275	0.0032485248199296546	-0.0032410872847739025	0.0004991500456277276	-0.0006372067378432877
-0.0009062937969948059	-0.0008156156340122234	0.00019669113402520644	-2.0798024988444297e-05	0.0036853906168321515	-0.0037403624812342162	-0.0002497627490618548	-0.002072622927665746
0.0005915317923843588	-4.293439764602169e-06	-0.00030258406243444114	0.0004160677719133865	0.004184665813291577	-0.00511336927149908	-1.2515083236408486e-07	-0.0026343075236829883
-0.0005942467992074985	-0.0012524814309144983	-0.0005522216606639319	0.0004160677719133865	0.0038726188155040475	-0.002554583889641915	6.228424872567473e-05	-0.0020102135281081512
0.0007787599910566989	0.0002453441584651106	0.0006335569309281475	0.0006032959705859486	0.004184665813291577	-0.002929040286987039	-1.2515083236408486e-07	-0.0013861195325333142
-0.00071906559832291	0.0004949817566954895	0.0010080133282728276	0.00029124897279864115	0.0026244308243545955	-0.0021801274922972347	-1.2515083236408486e-07	-0.0010740725347457847
0.0006539411919419535	0.00012052535935014319	0.0012576509265027624	0.00029124897279864115	0.0034357530186017726	-0.004551684675481615	-1.2515083236408486e-07	-0.0006996161374008825
-0.0005942467992074985	0.0019928073460746543	0.0021313825203079784	0.00054088657102902	0.0030612966212573145	-0.0038651812803491836	6.228424872567473e-05	-0.0005123879387289865
-0.0005942467992074985	0.00012052535935014319	0.0016945167234048153	0.00022883957324104642	0.0029988872216992757	-0.0038651812803491836	-1.2515083236408486e-07	-0.0010740725347457847
0.0005291223928267641	0.0003077535580227053	0.0016321073238481087	0.00029124897279864115	0.003997437614618793	-0.005612644467958727	-6.253455038907063e-05	-0.0021350323272228966
-0.0005318373996503478	-0.00037874983710928234	0.0010080133282728276	0.0004160677719133865	0.003935028215061642	-0.0049261410728262955	0.00012469364828282536	-0.0019478041285505565
0.0004667129932691694	-0.0015021190291446551	0.0001342817344680558	0.0001664301736834517	0.0032485248199296546	-0.004177228278137157	-0.00012494394994710945	-0.0023846699254530535
-0.0006566561987650932	-0.0003163404375525758	0.0008207851296004876	0.00022883957324104642	0.003560571817716962	-0.004177228278137157	6.228424872567473e-05	-0.0017605759298777723
0.0007163505914995483	-0.0003163404375525758	7.187233491046108e-05	0.00054088657102902	0.002562021424797223	-0.001680852295837143	0.00012469364828282536	-0.0012613007334181248
-0.0005942467992074985	-0.00019152163843738634	0.0008831945291576382	0.00010402077412585697	0.001501061632320111	-0.0030538590861020065	-0.0002497627490618548	-0.0013861195325333142
0.000341894194154424	0.0008694381540397256	0.0003839193326975465	0.00035365837235623587	0.0004401018398425549	-0.0011815770993770514	0.00018710304784064213	0.00023652485596170614
0.0005915317923843588	0.0002453441584651106	0.000508738131812958	0.0004160677719133865	-0.0009329049504223086	0.0005034766886748976	-1.2515083236408486e-07	0.0006109812533061643
-0.00034460920097800773	0.0012438945513850719	0.0008831945291576382	0.0006032959705859486	-0.0018690459437846751	0.0011275706842501787	0.0003743312465129822	0.0018591692444558383
0.0005291223928267641	-0.00044115923666732115	-0.0006146310602219707	0.00029124897279864115	-0.005239153519889017	0.003187080869646808	-0.00018735334950470417	0.0024832632400311194
-0.0005942467992074985	-0.00025393103799498107	-0.00011535586376187901	0.00035365837235623587	-0.006549750910595842	0.005683456851946378	0.00012469364828282536	0.004730001624100533
0.0005291223928267641	0.0003077535580227053	-0.0006146310602219707	0.0001664301736834517	-0.009607811488913542	0.00587068505061894	6.228424872567473e-05	0.006789511809497828
-0.0005318373996503478	-0.0003163404375525758	-0.0006770404597791213	0.0004160677719133865	-0.013664422460150316	0.01098825581433327	-1.2515083236408486e-07	0.0076632434033026
0.0005915317923843588	0.0010566663527122877	-0.00011535586376187901	0.00035365837235623587	-0.015848751444661913	0.01254849080327003	6.228424872567473e-05	0.009410706590912588
-0.0004694280000927531	0.002492082542534524	-0.001176315656239213	0.0004160677719133865	-0.018532355625633823	0.015544141982029691	-1.2515083236408486e-07	0.010783713381177007
-0.0005942467992074985	0.0032409953372241063	-0.0014259532544691478	0.00029124897279864115	-0.019718134217226346	0.016792329973179365	6.228424872567473e-05	0.011782263774096968
0.0005291223928267641	0.0028041295403222755	-0.0029237788438487566	0.00029124897279864115	-0.02165282560350823	0.0182277461630016	-0.00012494394994710945	0.012281538970556616
-0.0004694280000927531	0.0017431697478447195	-0.00429678563411362	0.00054088657102902	-0.022401738398198257	0.020661712745743355	0.0003119218469553875	0.013217679963918982
0.0004667129932691694	0.0010566663527122877	-0.004234376234556025	0.00010402077412585697	-0.02315065119288784	0.02103616914308848	-0.00031217214861944953	0.010409256983831883
-0.00071906559832291	0.0008694381540397256	-0.004171966834998653	0.0001664301736834517	-0.02315065119288784	0.02116098794220367	6.228424872567473e-05	0.0124687671692294
0.0007787599910566989	0.0008694381540397256	-0.003922329236768274	0.00054088657102902	-0.02046704701191593	0.01885184015857644	0.00043674064607013285	0.012593585968343701
-0.00040701860053560246	0.0016807603482873468	-0.0018628190513716447	0.00010402077412585697	-0.020903912808818204	0.015668960781144436	-0.0002497627490618548	0.011782263774096968
0.0005291223928267641	0.0021176261451898437	-0.0019252284509292394	0.0004160677719133865	-0.01965572481766875	0.016230645377162123	0.00012469364828282536	0.01234394837011421
0.0006539411919419535	0.003053767138551766	-0.0013635438549119971	0.0004784771714714253	-0.018282718027403888	0.015044866785570044	-1.2515083236408486e-07	0.011282988577637099
-0.0004694280000927531	0.002866538939879426	-0.0021748660491591743	0.0004784771714714253	-0.01778344283094424	0.015169685584684789	0.00018710304784064213	0.011095760378964536
0.0005291223928267641	0.0017431697478447195	-0.004171966834998653	0.0001664301736834517	-0.017908261630059208	0.015169685584684789	-0.0002497627490618548	0.01003480058648698
-0.0006566561987650932	0.002055216745632249	-0.004359195033671215	0.00029124897279864115	-0.01734657703404152	0.015544141982029691	-6.253455038907063e-05	0.009722753588699451
0.0007787599910566989	0.00037016295757985596	-0.005295336027033581	0.0006657053701435434	-0.017221758234926776	0.01729160516963879	-0.00018735334950470417	0.008661793796222561
-0.0007814749978800606	-0.0005035686362246938	-0.006231477020395948	0.00010402077412585697	-0.016223207842006815	0.016043417178489783	-6.253455038907063e-05	0.008100109200205097
0.0005915317923843588	5.8115959792992555e-05	-0.00460883263190115	0.0004160677719133865	-0.015786342045104762	0.01573137018070203	0.00012469364828282536	0.008661793796222561
-0.0005318373996503478	5.8115959792992555e-05	-0.0029237788438487566	0.00035365837235623587	-0.014787791652185023	0.013422222397074801	-6.253455038907063e-05	0.008287337398877437
-0.0004694280000927531	0.0023672637434193344	-0.0008642686584519055	0.0004160677719133865	-0.013289966062805192	0.011737168609022852	0.00018710304784064213	0.008661793796222561
0.0004667129932691694	0.0021176261451898437	-0.0013635438549119971	0.0001664301736834517	-0.013602013060592721	0.010176933620086093	-0.00031217214861944953	0.008037699800647502
-0.00040701860053560246	0.0029913577389946155	-0.0006146310602219707	0.0006032959705859486	-0.01185454987298229	0.0102393430196428	0.0003743312465129822	0.008349746798435032
0.00040430359371246283	0.0023672637434193344	-0.0016131814531414879	0.00010402077412585697	-0.01247864386855757	0.009115973827608537	-0.00031217214861944953	0.007163968206842508
-0.0004694280000927531	0.0014935321496145626	-0.003111007042521541	0.0004160677719133865	-0.012041778071655074	0.010114524220528498	-0.00012494394994710945	0.005853370816135017
0.0005915317923843588	0.0005573911562526401	-0.004359195033671215	0.00029124897279864115	-0.010855999480062772	0.011300302812120577	0.00012469364828282536	0.005853370816135017
-0.0005942467992074985	0.00018293475890751587	-0.00460883263190115	0.0001664301736834517	-0.011729731073867988	0.011237893412562983	-0.0002497627490618548	0.005104458021445879
0.0004667129932691694	-0.0011900720313569035	-0.004234376234556025	0.00035365837235623587	-0.010731180680947805	0.011861987408138042	-6.253455038907063e-05	0.005603733217905749
0.0005915317923843588	0.00037016295757985596	-0.003111007042521541	0.0004784771714714253	-0.011105637078293151	0.010613799416987701	-1.2515083236408486e-07	0.005915780215692612
-0.0006566561987650932	0.0007446193549249802	-0.002424503647389109	0.00022883957324104642	-0.011417684076080237	0.009864886622298563	-0.00012494394994710945	0.006477464811710298
0.0005915317923843588	0.0018055791474025362	-0.0008642686584519055	0.0006032959705859486	-0.01066877128139021	0.008117423434688575	-1.2515083236408486e-07	0.006415055412152926
-0.0004694280000927531	0.002492082542534524	-0.00030258406243444114	0.0015394369639487593	-0.010481543082718314	0.006869235443538901	0.00018710304784064213	0.005853370816135017
0.0006539411919419535	0.0013063039509426666	-0.0015507720535838931	0.0019138933612934395	-0.010855999480062772	0.00624514144796362	-6.253455038907063e-05	0.00554132381834771
-0.0006566561987650932	0.0012438945513850719	-0.0018628190513716447	0.0027876249550982113	-0.01029431488404553	0.007430920039556144	0.00018710304784064213	0.005291686220118219
0.0008411693906140716	0.00018293475890751587	-0.002798960044733567	0.00035365837235623587	-0.011043227678735557	0.00855428923159085	-0.00018735334950470417	0.0049796392223306896
-0.0007814749978800606	-0.001314890830472093	-0.004484013832786404	0.00029124897279864115	-0.011355274676522642	0.009365611425838027	-0.00012494394994710945	0.004730001624100533
-0.0004694280000927531	-0.000878025033569374	-0.004234376234556025	0.00054088657102902	-0.012353825069442603	0.011425121611235323	0.00012469364828282536	0.0060405990148078015
0.0005915317923843588	-0.000690796834897478	-0.003922329236768274	0.00035365837235623587	-0.013227556663247597	0.011549940410350068	-1.2515083236408486e-07	0.00629023661303818
-0.0004694280000927531	0.0007446193549249802	-0.002050047250043985	0.00035365837235623587	-0.013352375462362343	0.011737168609022852	0.00012469364828282536	0.007413605805072665
0.00040430359371246283	0.0011814851518274772	-0.0018628190513716447	0.0001664301736834517	-0.014975019850857585	0.010925846414775231	-0.00031217214861944953	0.009285887791797398
-0.00034460920097800773	0.0018055791474025362	-0.0005522216606639319	0.0006657053701435434	-0.014288516455724709	0.011986806207252787	-6.253455038907063e-05	0.008849021994894679
0.0006539411919419535	0.002242444944304589	-0.0006146310602219707	0.00035365837235623587	-0.015349476248201821	0.011113074613447571	6.228424872567473e-05	0.009098659593124614
-0.0005942467992074985	0.0017431697478447195	-0.0013011344553544024	0.0004160677719133865	-0.015099838649971886	0.011737168609022852	-6.253455038907063e-05	0.008349746798435032
0.0006539411919419535	0.0008694381540397256	-0.002486913046946704	0.00029124897279864115	-0.014350925855282304	0.011487531010792917	6.228424872567473e-05	0.00772565280285975
0.0007163505914995483	-0.00019152163843738634	-0.0035478728394240377	0.0004160677719133865	-0.014475744654397493	0.011924396807695192	6.228424872567473e-05	0.0071015588072853575
-0.0005318373996503478	0.0004325723571374507	-0.003235825841635842	0.0004784771714714253	-0.013352375462362343	0.011924396807695192	0.00012469364828282536	0.007039149407727319
0.0007787599910566989	0.0010566663527122877	-0.002424503647389109	0.0006657053701435434	-0.012915509665459846	0.011425121611235323	0.00018710304784064213	0.006851921209054979
-0.0006566561987650932	0.0008694381540397256	-0.002674141245619044	0.00010402077412585697	-0.013289966062805192	0.01098825581433327	-0.00012494394994710945	0.007163968206842508
0.0005915317923843588	0.0019303979465175036	-0.0012387250557963636	0.0004784771714714253	-0.012166596870770263	0.010613799416987701	6.228424872567473e-05	0.007413605805072665
-0.0005942467992074985	0.002492082542534524	-0.0008018592588943108	0.00035365837235623587	-0.011667321674310394	0.009240792626722838	0.00018710304784064213	0.007226377606399881
0.0007787599910566989	0.0019303979465175036	-0.0008642686584519055	0.0004160677719133865	-0.011168046477850302	0.008803926829820785	-6.253455038907063e-05	0.006914330608612573
-0.00071906559832291	0.0017431697478447195	-0.0013635438549119971	0.0007281147697015822	-0.010793590080505622	0.00817983283424617	0.00012469364828282536	0.00629023661303818
-0.0006566561987650932	-0.00019152163843738634	-0.0021748660491591743	0.0006032959705859486	-0.010793590080505622	0.008616698631148445	-1.2515083236408486e-07	0.005790961416578311
0.0005291223928267641	-4.293439764602169e-06	-0.002424503647389109	0.0008529335688163275	-0.01029431488404553	0.008117423434688575	-0.00012494394994710945	0.005104458021445879
-0.00040701860053560246	0.0003077535580227053	-0.001987637850486834	0.0013522087652759751	-0.009919858486700628	0.00886633622937838	0.0003743312465129822	0.005728552017020272
0.0005291223928267641	-0.00025393103799498107	-0.0027365506451764166	0.0010401617674891117	-0.010793590080505622	0.00874151743026319	-0.00018735334950470417	0.005978189615250207
-0.00040701860053560246	0.0011814851518274772	-0.0016755908526990826	0.0007905241692587328	-0.01010708668537319	0.009053564428050942	0.00012469364828282536	0.00629023661303818
0.0006539411919419535	0.0009318475535973203	-0.0016131814531414879	0.0010401617674891117	-0.012353825069442603	0.01005211482097046	-0.0004369909477341949	0.006727102409940233
-0.0008438843974380994	0.0011814851518274772	-0.001987637850486834	0.0014146181648335698	-0.013289966062805192	0.011113074613447571	-0.00012494394994710945	0.007788062202417789
0.0005291223928267641	0.0018055791474025362	-0.0017380002522564553	0.001164980566603413	-0.014101288257051925	0.01317258479884531	0.0004991500456277276	0.00953552539002711
0.00040430359371246283	0.0007446193549249802	-0.003235825841635842	0.0001664301736834517	-0.016722483038466684	0.013484631796632396	-0.0004369909477341949	0.00903625019356702
-0.00071906559832291	0.0009318475535973203	-0.004047148035883463	0.00029124897279864115	-0.0175962146322719	0.01460800098866688	-0.00012494394994710945	0.010097209986044575
0.0008411693906140716	5.8115959792992555e-05	-0.003984738636326313	0.00054088657102902	-0.01878199322386398	0.01729160516963879	0.00018710304784064213	0.010721303981619412
-0.00071906559832291	-0.0005659780357818445	-0.005045698428803647	0.00022883957324104642	-0.020155000014129065	0.01816533676344445	-0.00012494394994710945	0.010783713381177007
0.00040430359371246283	0.00012052535935014319	-0.005232926627475987	0.0001664301736834517	-0.021091141007490766	0.017915699165214072	0.00012469364828282536	0.01171985437453893
-0.0004694280000927531	-4.293439764602169e-06	-0.003984738636326313	0.0004784771714714253	-0.02096632220837602	0.017416423968754424	-6.253455038907063e-05	0.010783713381177007
0.0005291223928267641	0.0013063039509426666	-0.0044216044332283655	0.00029124897279864115	-0.02027981881324359	0.017354014569196385	-0.00012494394994710945	0.010783713381177007
-0.00071906559832291	0.001867988546959909	-0.003298235241193881	0.0006032959705859486	-0.018906812022978725	0.015544141982029691	0.00018710304784064213	0.010596485182504667
-0.00071906559832291	0.0026169013416497133	-0.003298235241193881	0.00010402077412585697	-0.0175962146322719	0.013297403597960056	-6.253455038907063e-05	0.008849021994894679
0.0006539411919419535	0.0011814851518274772	-0.0037351010380959337	0.00029124897279864115	-0.015973570243777546	0.012486081403712435	-0.00012494394994710945	0.007912881001532535
-0.0006566561987650932	0.0013687133504998172	-0.0044216044332283655	0.0004160677719133865	-0.014038878857494774	0.010114524220528498	6.228424872567473e-05	0.006539874211267449
0.0006539411919419535	-0.0012524814309144983	-0.004047148035883463	0.0004784771714714253	-0.011916959272540328	0.010176933620086093	-1.2515083236408486e-07	0.0037314512311805714
-0.0005942467992074985	-0.0009404344331269687	-0.004359195033671215	0.00035365837235623587	-0.009607811488913542	0.007181282441325987	-0.00018735334950470417	0.0019215786440138771
0.0006539411919419535	-0.0022510318238346816	-0.002798960044733567	0.0001664301736834517	-0.005051925321216677	0.003811174865222089	-1.2515083236408486e-07	0.0016095316462261255
-0.0006566561987650932	-0.0018141660269321846	-0.0019252284509292394	0.0006032959705859486	-0.003117233934934349	0.0007531142869052765	0.00018710304784064213	0.0005485718537485695
0.0007163505914995483	-6.67028393221969e-05	0.0018193355225200047	0.0004160677719133865	-0.0019314553433422699	0.0008779330860195778	0.00012469364828282536	0.0009854376506510665
0.0005915317923843588	0.0021800355447474384	0.0016321073238481087	0.00035365837235623587	-0.0019938647428994205	-0.0018680804945099272	-0.00012494394994710945	0.0006109812533061643
-0.0005318373996503478	0.001867988546959909	0.0025682483172104753	0.00054088657102902	-0.002493139939359512	0.0013147988829220747	0.00024951244739823686	0.0019839880435710278
0.0006539411919419535	0.002242444944304589	0.0008207851296004876	0.00035365837235623587	-0.005239153519889017	0.002687805673186938	-1.2515083236408486e-07	0.0027329008382610542
-0.0005942467992074985	0.0021176261451898437	-0.0002401746628768464	0.00022883957324104642	-0.007236254305728718	0.005745866251503751	-6.253455038907063e-05	0.004230726427641107
0.0006539411919419535	0.0006822099553673855	-0.0016755908526990826	0.0004160677719133865	-0.008671670495550732	0.00899115502849357	0.00018710304784064213	0.004667592224542938
-0.0005318373996503478	0.0009318475535973203	-0.003485463439866443	0.0004160677719133865	-0.010044677285815595	0.011237893412562983	6.228424872567473e-05	0.004917229822773095
0.0007787599910566989	-0.0007532062344546286	-0.003423054040308404	0.0004160677719133865	-0.00923335509156864	0.010114524220528498	-6.253455038907063e-05	0.004917229822773095
-0.0005942467992074985	0.00018293475890751587	-0.00036499346199203586	0.0006032959705859486	-0.0036789185309518135	0.006307550847521659	0.0003119218469553875	0.0022336256418014067
-0.0005942467992074985	0.0011814851518274772	0.0020689731207503836	0.00022883957324104642	0.005495263203998846	-0.002492174490084764	-1.2515083236408486e-07	-0.002883945121912923
0.0006539411919419535	0.004364364529259479	0.004440530303934764	0.0004784771714714253	0.010924880965500483	-0.011791175024150391	-1.2515083236408486e-07	-0.006066824499344925
-0.000282199801420413	0.005550143120851336	0.006250402891101681	0.0009153429683734782	0.011049699764615228	-0.01341381941264519	0.000623968844742917	-0.004506589510407721
0.000341894194154424	0.005050867924391467	0.006999315685792151	-8.320742454603902e-05	0.009988739972138116	-0.015535738997599635	-0.0004369909477341949	-0.006441280896689827
-0.0004694280000927531	0.0036154517345698967	0.006437631089774465	0.00054088657102902	0.012422706554880092	-0.01584778599538672	-0.00012494394994710945	-0.009312113276333855
0.0005291223928267641	0.0011190757522701045	0.0025058389176524365	0.0004160677719133865	0.01635449872700212	-0.013975504008662432	0.0003743312465129822	-0.009873797872351764
-0.00040701860053560246	-0.002812716419851702	-0.0008642686584519055	0.0001664301736834517	0.013296438148685308	-0.008421067448045827	-0.00012494394994710945	-0.010248254269696666
0.0005291223928267641	-0.006869327391088698	-0.005108107828361241	0.0004160677719133865	0.010800062166385738	-0.0018680804945099272	6.228424872567473e-05	-0.0085007910820869
0.0007787599910566989	-0.006994146190203887	-0.0025493224465038544	0.0006657053701435434	0.008116457985413605	0.0008155236864624271	0.00024951244739823686	-0.0063788714971322324
-0.0005942467992074985	-0.002812716419851702	0.0028802953149973387	0.0004160677719133865	0.005932129000901787	0.0016268458807100483	6.228424872567473e-05	-0.00350803911748776
0.0005915317923843588	0.0031785859376673997	0.008934007072073591	0.00022883957324104642	0.006056947800016088	-0.0031162684856596012	-0.00018735334950470417	-0.0018853947289929618
-0.0007814749978800606	0.009294707094301025	0.011305564255258416	0.00029124897279864115	0.007929229786741265	-0.011666356225035202	-6.253455038907063e-05	-0.0025718981241258376
0.0007163505914995483	0.00941952589341577	0.011305564255258416	0.0006032959705859486	0.011049699764615228	-0.013975504008662432	-0.00018735334950470417	-0.005380321104212493
-0.00071906559832291	0.0067983311120014545	0.006999315685792151	4.161137456915043e-05	0.008678142581430404	-0.009669255439195501	-6.253455038907063e-05	-0.006940556093149697
0.0005291223928267641	0.0021800355447474384	-0.00030258406243444114	0.0004160677719133865	0.004683941009751669	-0.0011815770993770514	6.228424872567473e-05	-0.006129233898902298
-0.0005942467992074985	-0.003811266812771885	-0.010849772587649964	0.0004784771714714253	0.0015634710318777056	0.004248040662124142	0.00012469364828282536	-0.005442730503769866
-0.00071906559832291	-0.008991246976042921	-0.011037000786322304	0.0001664301736834517	0.0005025112394001496	0.006494779046193999	-6.253455038907063e-05	-0.004756227108637878
0.0005291223928267641	-0.007243783788433378	-0.005544973625263516	0.00022883957324104642	0.0023747932261248828	0.004248040662124142	-0.00012494394994710945	-0.004381770711292976
-0.0005942467992074985	-0.0013773002300294657	0.0013824697256177298	0.0004160677719133865	0.004808759808866414	-0.0021801274922972347	-1.2515083236408486e-07	-0.002696716923240583
0.0007163505914995483	0.0028041295403222755	0.008434731875613721	0.0004160677719133865	0.005620082003113591	-0.008046611050701147	6.228424872567473e-05	0.0009230282510941379
-0.0005942467992074985	0.006985559310674239	0.012054477049947998	0.00035365837235623587	0.0049335786079816035	-0.01360104761131753	-0.00012494394994710945	0.0008606188515365432
0.0005915317923843588	0.007484834507133886	0.009807738665878363	0.00029124897279864115	0.002936477822141681	-0.011915993823265136	0.00012469364828282536	-0.0006372067378432877
-0.0005318373996503478	0.001867988546959909	0.004315711504820019	0.00054088657102902	0.002936477822141681	-0.00711047005733878	0.00012469364828282536	-0.004194542512620192
0.0007787599910566989	-0.004497770207904095	-0.012347598177029573	0.00029124897279864115	0.001501061632320111	0.00037865788955970814	-6.253455038907063e-05	-0.006878146693592102
0.0007163505914995483	-0.015481824530021893	-0.014968792958443888	0.00054088657102902	-0.0004960391535198116	0.009989705421413309	0.00012469364828282536	-0.0074398312896097885
-0.0005318373996503478	-0.0129854485477221	-0.012597235775259952	0.0004784771714714253	-0.0026803681380318523	0.013484631796632396	0.00018710304784064213	-0.005879596300672585
0.0005291223928267641	-0.007118964989318632	-0.005919430022607974	0.00029124897279864115	-0.004989515921658638	0.012111625006367754	-6.253455038907063e-05	-0.002509488724568243
-0.00040701860053560246	0.0011190757522701045	0.0037540269088025546	0.0004784771714714253	-0.0047398783234291475	0.007368510639998549	0.0003119218469553875	0.005229276820560624
0.0006539411919419535	0.009731572891203522	0.012054477049947998	0.0004784771714714253	-0.003117233934934349	-0.001680852295837143	-0.00012494394994710945	0.0060405990148078015
-0.0005942467992074985	0.013413727465095393	0.016547953818087713	0.00022883957324104642	0.0033109342194868052	-0.012415269019725228	-1.2515083236408486e-07	0.004043498228968101
0.0005915317923843588	0.01310168046730742	0.01511253762826481	0.00029124897279864115	0.004122256413734426	-0.009731664838753096	-0.00012494394994710945	0.0011726658493238507
-0.0006566561987650932	0.00804651910315135	0.001132832127388017	0.0006657053701435434	0.0032485248199296546	-0.003178677885217196	0.00024951244739823686	-0.0015109383316482816
-0.0007814749978800606	-0.004497770207904095	-0.006169067620838353	0.0001664301736834517	0.0004401018398425549	0.003623946666549749	-0.00012494394994710945	-0.003757676715717695
0.0005291223928267641	-0.006806917991530881	-0.007729302609775557	0.0004160677719133865	-0.0009953143499799033	0.009365611425838027	-6.253455038907063e-05	-0.004007314313947408
-0.0004694280000927531	-0.0035616292145412842	-0.00460883263190115	0.0004160677719133865	-0.0004960391535198116	0.009490430224953217	0.00012469364828282536	-0.002447079325010204
0.0006539411919419535	0.001867988546959909	0.0021313825203079784	0.0004160677719133865	0.0007521488376296404	0.005745866251503751	6.228424872567473e-05	0.0028577196373757996
-0.0006566561987650932	0.008982660096513495	0.009495691668091277	0.00022883957324104642	0.0018131086301069743	-0.0006198925033602531	-0.00012494394994710945	0.005853370816135017
0.0005915317923843588	0.014037821460670674	0.013989168436230548	0.0004160677719133865	0.0019379274292221638	-0.008358658048488232	0.00012469364828282536	0.007912881001532535
-0.0004694280000927531	0.014786734255359812	0.014176396634902888	0.00010402077412585697	0.0009393770363019804	-0.009169980242735853	-0.00031217214861944953	0.006165417813922991
0.00040430359371246283	0.010917351482795379	0.0016321073238481087	0.00022883957324104642	0.001875518029664569	-0.005675053867516322	-0.00012494394994710945	0.002795310237818205
0.0007787599910566989	-0.0028751258194092966	-0.005919430022607974	0.0006657053701435434	0.002749249623469785	-0.0018680804945099272	0.00024951244739823686	-0.0015733477312058763
-0.0005942467992074985	-0.00874160937781343	-0.010475316190305062	0.0004784771714714253	0.0026868402239121902	0.0030622620705316184	0.00024951244739823686	-0.004381770711292976
0.0005291223928267641	-0.010988347761883066	-0.010787363188091925	0.00029124897279864115	0.0015634710318777056	0.005496228653274038	6.228424872567473e-05	-0.005505139903327461
-0.0005942467992074985	-0.008242334181353339	-0.007230027413315465	0.00054088657102902	0.0006273300385144509	0.004560087659911671	0.00012469364828282536	-0.0008868443360730005
0.0005915317923843588	-0.003624038614098879	-0.001176315656239213	0.00054088657102902	-0.0004960391535198116	0.0022509398762844413	-1.2515083236408486e-07	0.0024208538404737467
-0.0005318373996503478	0.0021176261451898437	0.004690167902164921	0.00029124897279864115	-0.002118683542014388	-0.00461409407503921	-0.00037458154817704425	0.0039186794298529115
0.000341894194154424	0.005799780719081493	0.0077482284804812895	0.0007905241692587328	-0.0008080861513071191	-0.004551684675481615	0.0004991500456277276	0.00504204862188784
-0.000282199801420413	0.007484834507133886	0.0038788457079173	0.00010402077412585697	-0.0018066365442270804	-0.004052409479021968	-0.00037458154817704425	0.0022960350413585573
-0.0005318373996503478	0.00037016295757985596	-0.000739449859336716	0.00029124897279864115	-0.0017442271446694857	0.0003162484900025575	6.228424872567473e-05	0.0007358000524213537
0.0005291223928267641	-0.0036864480136566957	-0.006293886419953543	0.00029124897279864115	-0.0028675963367046364	0.0028750338718592783	-0.0002497627490618548	-0.0018229853294358112
-0.00040701860053560246	-0.006432461594186201	-0.008103759007120015	0.0007281147697015822	-0.0022435023411295774	0.0059955038497341295	0.0004991500456277276	-0.0023846699254530535
0.000341894194154424	-0.007680649585336097	-0.007978940208005492	0.00010402077412585697	-0.0024307305398023615	0.005309000454601698	-0.0002497627490618548	-0.00313358272014308
-0.0005942467992074985	-0.005433911201266239	-0.00429678563411362	0.00029124897279864115	-0.000870495550865158	0.0028750338718592783	-0.00012494394994710945	-0.0018853947289929618
0.0005291223928267641	-0.002126213024719492	9.462935352866353e-06	0.00035365837235623587	0.0019379274292221638	-0.0026169932891995096	0.000623968844742917	0.0007358000524213537
-0.00021979040186281829	0.0019928073460746543	0.004690167902164921	-8.320742454603902e-05	0.0011890146345321373	-0.005550235068401577	-0.0005618097468493843	0.0006109812533061643
0.0002794847945972734	0.0036154517345698967	0.005751127694642033	0.0004784771714714253	0.001875518029664569	-0.004364456476809053	0.00024951244739823686	0.0017967598448986877
0.000341894194154424	0.0026169013416497133	0.0025058389176524365	4.161137456915043e-05	0.0008145582371872351	-0.002991449686544634	-0.0004369909477341949	0.00011170605684651669
-0.0006566561987650932	0.00018293475890751587	-0.000739449859336716	0.00035365837235623587	0.0015634710318777056	-0.00012061730689993944	-1.2515083236408486e-07	-0.0008868443360730005
0.0006539411919419535	-0.0026254882211789177	-0.003859919837211123	0.0004784771714714253	0.0024372026256820334	0.0008779330860195778	6.228424872567473e-05	-0.00313358272014308
-0.0005318373996503478	-0.0044353608083465	-0.005295336027033581	0.0004784771714714253	0.0033109342194868052	0.00125238948336448	0.00018710304784064213	-0.005005864706867369
0.0005291223928267641	-0.005121864203478932	-0.00460883263190115	0.00029124897279864115	0.0033733436190444	0.0005034766886748976	-6.253455038907063e-05	-0.004256951912177787
-0.00071906559832291	-0.0037488574132142904	-0.0016131814531414879	0.0001664301736834517	0.0043094846124065445	-0.003365906083889092	6.228424872567473e-05	-0.0028215357223553283
0.0008411693906140716	-0.0010028438326845635	0.0020689731207503836	0.0006032959705859486	0.004621531610194518	-0.004988550472384334	0.00024951244739823686	-0.001011663135188634
-0.0004694280000927531	0.0019928073460746543	0.006936906286234112	0.0004160677719133865	0.004247075212849394	-0.006174329063976636	-1.2515083236408486e-07	-0.00020034094094101285
-0.0007814749978800606	0.00461400212748897	0.006687268688003956	4.161137456915043e-05	0.0031861154203716158	-0.005425416269286387	-0.0002497627490618548	0.00036134365507667354
0.0005291223928267641	0.004426773928817074	0.005314261897739758	0.0004784771714714253	0.002312383826566844	-0.0028042214878718497	-6.253455038907063e-05	0.0009854376506510665
-0.00034460920097800773	0.0033658141363395178	0.003005114114112528	0.0006657053701435434	0.001438652232762072	0.0005034766886748976	0.0003743312465129822	0.0012350752488814454
0.000341894194154424	0.0009318475535973203	-0.00011535586376187901	0.00010402077412585697	-0.0005584485530774064	0.0019388928784973558	-0.00031217214861944953	-1.3112742268672761e-05
-0.0005318373996503478	0.0003077535580227053	-0.0013011344553544024	0.00035365837235623587	-0.0004336297539622169	0.00337430906831937	-0.00012494394994710945	-0.000574797338285693
0.0005291223928267641	-0.00025393103799498107	-0.0016755908526990826	0.0004784771714714253	0.00031528304072736546	0.0017516646798245716	0.00012469364828282536	-0.0003251597400562023
-0.0005318373996503478	0.00012052535935014319	-0.00011535586376187901	0.0004784771714714253	0.0005649206389577444	-0.0004950737042450637	6.228424872567473e-05	4.9296657288921963e-05
0.0006539411919419535	0.0014935321496145626	0.0036292081096875872	0.00035365837235623587	0.0006273300385144509	-0.0019304898940670778	-1.2515083236408486e-07	0.0009854376506510665
0.0007787599910566989	0.003740270533684198	0.004690167902164921	0.00054088657102902	0.0006273300385144509	-0.0030538590861020065	0.00012469364828282536	0.0016719410457834982
-0.00071906559832291	0.003490632935454707	0.004128483306147679	0.0001664301736834517	6.56454424976527e-05	-0.0033034966843319413	-6.253455038907063e-05	0.0019839880435710278
0.0004667129932691694	0.0026169013416497133	0.00263065771676807	0.00022883957324104642	-0.0008080861513071191	-0.0024297650905271695	-0.00031217214861944953	0.0017967598448986877
-0.00034460920097800773	0.0014935321496145626	0.0010080133282728276	0.0006032959705859486	-0.0005584485530774064	-5.820790734234471e-05	0.0003119218469553875	0.0005485718537485695
0.0004667129932691694	-0.0010028438326845635	-0.0017380002522564553	0.00022883957324104642	-0.0016194083455542962	0.001065161284692584	-6.253455038907063e-05	4.9296657288921963e-05
-0.0006566561987650932	-0.0020638036251618974	-0.0029237788438487566	0.00022883957324104642	-0.0012449519482098381	0.0022509398762844413	-0.0002497627490618548	-0.0006996161374008825
0.0004667129932691694	-0.002750307020294107	-0.0033606446407512536	0.0007905241692587328	0.0002528736411699928	0.002313349275842036	0.0005615594451853223	-0.00020034094094101285
-0.00034460920097800773	-0.00193898482604693	-0.0006770404597791213	0.0001664301736834517	3.2360429400579704e-06	-0.00018302670645753416	-0.00037458154817704425	-0.0011988913338609741
-0.00071906559832291	0.0002453441584651106	0.0016945167234048153	0.00029124897279864115	0.001064195835417614	-0.001680852295837143	-1.2515083236408486e-07	-0.000574797338285693
0.0004667129932691694	0.0016183509487301961	0.003254751712342463	0.0004160677719133865	0.0013762428332049215	-0.002991449686544634	-0.00018735334950470417	-0.00013793154138341812
-0.00034460920097800773	0.0025544919420921186	0.00437812090437717	0.0006657053701435434	0.0022499744270096933	-0.002929040286987039	0.00043674064607013285	0.0007358000524213537
0.00040430359371246283	0.001867988546959909	0.003067523513669679	4.161137456915043e-05	0.0013762428332049215	-0.0033034966843319413	-0.00037458154817704425	-0.00044997853917050357
-0.0007814749978800606	0.0013063039509426666	0.0016945167234048153	-2.0798024988444297e-05	0.0013762428332049215	-0.0018680804945099272	0.00018710304784064213	-0.00026275034049860757
0.0007787599910566989	0.0007446193549249802	0.00044632873225558534	0.0006657053701435434	0.0016258804314344122	0.0019388928784973558	0.00024951244739823686	-0.00038756913961335293
-0.00040701860053560246	-6.67028393221969e-05	-0.0006146310602219707	0.0001664301736834517	0.0011266052349745426	0.0016268458807100483	-0.0002497627490618548	-0.0015109383316482816
0.0005291223928267641	-0.0008156156340122234	-0.0004898122611072253	0.00035365837235623587	0.002062746228337353	0.001065161284692584	6.228424872567473e-05	-0.0013237101329757195
0.0005915317923843588	0.0006198005558102349	0.0008831945291576382	0.0004160677719133865	0.0028740684225845303	-0.001056758300261862	-1.2515083236408486e-07	-0.0018229853294358112
-0.0005942467992074985	0.0018055791474025362	0.0025058389176524365	0.00035365837235623587	0.003622981217274557	-0.002991449686544634	0.00012469364828282536	-0.0013861195325333142
0.0005915317923843588	0.0023672637434193344	0.0031299329132277176	0.00029124897279864115	0.0033733436190444	-0.004863731673269145	-0.00018735334950470417	-0.0013237101329757195
-0.0005942467992074985	0.002492082542534524	0.0033795705114572083	0.0004784771714714253	0.003560571817716962	-0.004988550472384334	0.00018710304784064213	-0.001011663135188634
0.0004667129932691694	0.0014935321496145626	0.0021313825203079784	0.00029124897279864115	0.0028116590230269356	-0.00480132227371155	-1.2515083236408486e-07	-0.0008868443360730005
-0.0006566561987650932	0.00037016295757985596	0.00044632873225558534	0.00022883957324104642	0.0013138334336473267	-0.0016184428962795483	-0.00031217214861944953	-0.001448528932090687
0.00040430359371246283	-0.0013773002300294657	-0.0019252284509292394	0.0007905241692587328	0.0017506992305496016	0.001065161284692584	0.0005615594451853223	-0.0007620255369582551
-0.00021979040186281829	-0.002188622424277087	-0.0037975104376535285	0.00010402077412585697	0.0005649206389577444	0.0007531142869052765	-0.00031217214861944953	-0.0021974417267804913
-0.0004694280000927531	-0.0028751258194092966	-0.0025493224465038544	0.0006032959705859486	0.0011266052349745426	0.0014396176820372641	0.00024951244739823686	-0.0012613007334181248
0.0007787599910566989	-0.0020638036251618974	-0.0010514968571240235	0.0006657053701435434	0.0011890146345321373	0.00019142969088736805	0.00024951244739823686	-0.0011364819343033794
-0.0006566561987650932	-0.0010028438326845635	0.00025910053358324525	0.00022883957324104642	0.001064195835417614	-0.001493624097164803	-1.2515083236408486e-07	-0.0008868443360730005
0.0005915317923843588	-6.67028393221969e-05	0.0015072885247329193	0.00029124897279864115	0.0011890146345321373	-0.0031162684856596012	-0.00012494394994710945	-0.00044997853917050357
-0.0004694280000927531	0.0008070287544825749	0.0025682483172104753	0.0004784771714714253	0.0022499744270096933	-0.0034907248830042814	-0.00012494394994710945	-0.0013237101329757195
0.0004667129932691694	0.0003077535580227053	0.002006563721192345	0.00029124897279864115	0.002749249623469785	-0.002741812088314255	0.00018710304784064213	-0.0013861195325333142
-0.0004694280000927531	5.8115959792992555e-05	0.0014448791251755466	0.0004784771714714253	0.0023747932261248828	-0.0018056710949523325	-6.253455038907063e-05	-0.0018853947289929618
0.0005291223928267641	-0.00044115923666732115	7.187233491046108e-05	0.0007281147697015822	0.002562021424797223	0.0003162484900025575	0.00043674064607013285	-0.0013861195325333142
0.0002170753950399007	-0.001065253232241714	-0.0008642686584519055	-0.0001456168241034117	0.0009393770363019804	-5.820790734234471e-05	-0.0006242191464069791	-0.0023222605258956808
-0.0006566561987650932	0.0002453441584651106	0.000695966330484854	0.00029124897279864115	0.0017506992305496016	0.000628295487790087	-1.2515083236408486e-07	-0.0012613007334181248
0.0007163505914995483	0.0014935321496145626	0.0022562013194225017	0.00054088657102902	0.002125155627894504	-0.00018302670645753416	6.228424872567473e-05	-0.0006372067378432877
-0.0005318373996503478	0.002679310741207086	0.0037540269088025546	0.00054088657102902	0.002936477822141681	-0.0015560334967219536	0.00018710304784064213	-0.00020034094094101285
0.0006539411919419535	0.0029913577389946155	0.004315711504820019	0.00035365837235623587	0.0028740684225845303	-0.0033034966843319413	-1.2515083236408486e-07	0.00011170605684651669
-0.0006566561987650932	0.0031785859376673997	0.004440530303934764	0.00022883957324104642	0.002499612025239184	-0.0032410872847739025	-6.253455038907063e-05	4.9296657288921963e-05
0.0006539411919419535	0.0027417201407646807	0.0037540269088025546	0.00054088657102902	0.002749249623469785	-0.002055308693181823	0.0003119218469553875	0.00017411545640388937
-0.0004694280000927531	0.002055216745632249	0.0010704227278304224	4.161137456915043e-05	0.0019379274292221638	-0.0021801274922972347	-0.00037458154817704425	-0.0011988913338609741
-0.0005942467992074985	0.0004949817566954895	0.000508738131812958	0.00035365837235623587	0.0026244308243545955	-0.0008695301015899659	-1.2515083236408486e-07	-0.000824434936516294
0.0007163505914995483	0.00037016295757985596	0.000508738131812958	0.0006657053701435434	0.003123706020814465	-0.0005574831038019923	0.0003743312465129822	-0.001011663135188634
-0.0007814749978800606	0.00012052535935014319	0.00025910053358324525	4.161137456915043e-05	0.002499612025239184	-0.0009943489007051554	-0.0002497627490618548	-0.0013861195325333142
0.0007163505914995483	0.0008694381540397256	0.0013200603260603572	0.0006032959705859486	0.002749249623469785	-0.0008695301015899659	0.00018710304784064213	-0.0005123879387289865
-0.0005318373996503478	0.0012438945513850719	0.0020689731207503836	0.0004160677719133865	0.002936477822141681	-0.0017432616953947377	-0.00018735334950470417	-0.000824434936516294
0.0005915317923843588	0.0013687133504998172	0.0022562013194225017	0.00029124897279864115	0.0033109342194868052	-0.002929040286987039	0.0003743312465129822	-0.00020034094094101285
-0.00034460920097800773	0.0016183509487301961	0.0028802953149973387	0.0001664301736834517	0.0022499744270096933	-0.0036779530816766215	-0.0002497627490618548	-0.0011364819343033794
0.0004667129932691694	0.0006198005558102349	0.0013824697256177298	0.0001664301736834517	0.0019379274292221638	-0.002741812088314255	-0.00018735334950470417	-0.0008868443360730005
0.0008411693906140716	0.00018293475890751587	0.0009456039287152329	0.0007281147697015822	0.0018131086301069743	-0.0013063958984922408	0.0003119218469553875	-0.00044997853917050357
-0.0008438843974380994	-0.0005659780357818445	-0.0002401746628768464	4.161137456915043e-05	0.0005025112394001496	-0.0006823019029176258	-0.0002497627490618548	-0.0007620255369582551
0.0007163505914995483	-0.00037874983710928234	-0.00036499346199203586	0.00035365837235623587	0.00012805484205480333	0.00019142969088736805	6.228424872567473e-05	-0.000574797338285693
-0.0004694280000927531	-4.293439764602169e-06	-0.00017776526331947373	0.00054088657102902	0.00019046424161239806	0.0010027518851347672	0.00024951244739823686	-0.0007620255369582551
0.00040430359371246283	-0.00025393103799498107	-0.0004274028615496306	4.161137456915043e-05	-0.0005584485530774064	0.00012902029132999537	-0.0002497627490618548	-0.0003251597400562023
-0.00071906559832291	0.0004325723571374507	0.00019669113402520644	0.0001664301736834517	0.0009393770363019804	-0.0008695301015899659	0.00024951244739823686	-0.00013793154138341812
0.0007163505914995483	0.0008070287544825749	0.0010704227278304224	0.00022883957324104642	0.0008769676367448298	-0.0016184428962795483	-1.2515083236408486e-07	-0.00026275034049860757
-0.0006566561987650932	0.0005573911562526401	0.000695966330484854	0.0004160677719133865	0.0008769676367448298	-0.002055308693181823	-6.253455038907063e-05	-0.0005123879387289865
-0.00071906559832291	-0.0005035686362246938	0.00019669113402520644	0.0001664301736834517	0.0009393770363019804	-0.0019928992936246726	-0.00018735334950470417	-0.0006372067378432877
0.0006539411919419535	-0.0008156156340122234	0.0001342817344680558	0.00054088657102902	0.0015634710318777056	-0.0019304898940670778	0.00018710304784064213	-0.0007620255369582551
-0.0005942467992074985	-0.0012524814309144983	-0.00030258406243444114	0.00029124897279864115	0.001875518029664569	-0.0019304898940670778	6.228424872567473e-05	-0.0013237101329757195
0.0005915317923843588	-0.0013773002300294657	-0.0006146310602219707	0.0004160677719133865	0.0021875650274520986	-0.0019928992936246726	-6.253455038907063e-05	-0.001635757130763471
-0.0004694280000927531	-0.0009404344331269687	-5.294646420428428e-05	0.00054088657102902	0.0032485248199296546	-0.0016184428962795483	-0.00018735334950470417	-0.002447079325010204
0.0004667129932691694	-0.0010028438326845635	-0.00030258406243444114	0.00022883957324104642	0.0033109342194868052	-0.0017432616953947377	0.00012469364828282536	-0.001635757130763471
-0.0005318373996503478	-0.00037874983710928234	0.000508738131812958	0.0001664301736834517	0.002499612025239184	-0.0022425368918543853	-0.0004369909477341949	-0.0021974417267804913
0.000341894194154424	-0.00044115923666732115	0.0014448791251755466	0.0007281147697015822	0.0034981624181593673	-0.0014312146976072082	0.00043674064607013285	-0.0009492537356305952
0.0006539411919419535	0.0002453441584651106	0.0013824697256177298	0.0004160677719133865	0.003123706020814465	-0.002055308693181823	-1.2515083236408486e-07	-0.001448528932090687
-0.0005942467992074985	0.00018293475890751587	0.0013824697256177298	0.00029124897279864115	0.0032485248199296546	-0.0018056710949523325	6.228424872567473e-05	-0.0011988913338609741
0.0005915317923843588	0.0002453441584651106	0.0011952415269451677	0.0004784771714714253	0.0028740684225845303	-0.0017432616953947377	-1.2515083236408486e-07	-0.0011988913338609741
-0.0005942467992074985	5.8115959792992555e-05	0.0013200603260603572	0.00035365837235623587	0.0028740684225845303	-0.0011815770993770514	6.228424872567473e-05	-0.0012613007334181248
0.0005915317923843588	0.00012052535935014319	0.0010704227278304224	0.00029124897279864115	0.0024372026256820334	-0.001243986498934424	-1.2515083236408486e-07	-0.0006996161374008825
-0.0005942467992074985	0.0008070287544825749	0.0014448791251755466	0.00035365837235623587	0.0029988872216992757	-0.001056758300261862	0.00012469364828282536	-0.0008868443360730005
0.0006539411919419535	0.0011190757522701045	0.0018193355225200047	0.00022883957324104642	0.0028740684225845303	-0.001493624097164803	-0.00012494394994710945	-0.001011663135188634
-0.00071906559832291	0.0013687133504998172	0.0020689731207503836	0.00035365837235623587	0.0029988872216992757	-0.0016184428962795483	6.228424872567473e-05	-0.0008868443360730005
-0.00071906559832291	0.0016183509487301961	0.00175692612296241	0.00022883957324104642	0.0026868402239121902	-0.0017432616953947377	-0.0002497627490618548	-0.0006996161374008825
0.0007787599910566989	0.001431122750057412	0.0018817449220775995	0.0006657053701435434	0.002312383826566844	-0.0011191676998199007	0.00012469364828282536	-0.00020034094094101285
-0.00071906559832291	0.0006822099553673855	0.0010704227278304224	0.00010402077412585697	0.001438652232762072	-0.0011191676998199007	-0.0002497627490618548	-0.00026275034049860757
0.0005915317923843588	0.0005573911562526401	0.000695966330484854	0.0004784771714714253	0.001064195835417614	-0.0008071207020323712	-6.253455038907063e-05	0.0002989342555190788
-0.0004694280000927531	0.0002453441584651106	0.0008831945291576382	0.00054088657102902	0.001438652232762072	-0.0002454361060146848	-0.0002497627490618548	-0.00044997853917050357
0.00040430359371246283	-0.00037874983710928234	0.0001342817344680558	0.00022883957324104642	0.0009393770363019804	-0.0007447113024747765	-0.00018735334950470417	-0.00026275034049860757
-0.0007814749978800606	-0.00044115923666732115	0.00032150993314084	0.0004784771714714253	0.0007521488376296404	-0.0004950737042450637	-1.2515083236408486e-07	-7.55221418258234e-05
0.0006539411919419535	0.00018293475890751587	0.0013200603260603572	0.0006657053701435434	0.001064195835417614	6.661089177240065e-05	0.00043674064607013285	0.000673390652863759
0.0002794847945972734	5.8115959792992555e-05	0.0005711475313705527	-2.0798024988444297e-05	-0.0004960391535198116	-0.0006198925033602531	-0.00037458154817704425	-7.55221418258234e-05
-0.0006566561987650932	0.0005573911562526401	0.0008207851296004876	0.00022883957324104642	-0.00024640155528987684	-0.00018302670645753416	-0.00012494394994710945	0.00036134365507667354
0.0005915317923843588	0.0005573911562526401	0.000695966330484854	0.0004160677719133865	-0.0004960391535198116	0.00012902029132999537	-0.00012494394994710945	0.0002989342555190788
-0.0005318373996503478	0.0004949817566954895	0.0008831945291576382	0.00054088657102902	3.2360429400579704e-06	0.000628295487790087	0.00018710304784064213	-7.55221418258234e-05
0.0006539411919419535	0.00037016295757985596	0.0005711475313705527	0.00035365837235623587	-0.0001839921557327262	6.661089177240065e-05	-1.2515083236408486e-07	0.00011170605684651669
-0.0006566561987650932	0.0005573911562526401	0.0007583757300433369	0.00035365837235623587	0.0002528736411699928	4.201492214805924e-06	-1.2515083236408486e-07	-7.55221418258234e-05
0.0006539411919419535	0.0004949817566954895	0.0009456039287152329	0.0001664301736834517	0.00012805484205480333	-0.00037025490512987425	-6.253455038907063e-05	-0.00013793154138341812
-0.0007814749978800606	0.0005573911562526401	0.0012576509265027624	0.0001664301736834517	-5.9173356617536754e-05	-0.0009943489007051554	-0.0002497627490618548	-0.0003251597400562023
-0.0005942467992074985	0.0011814851518274772	0.0015072885247329193	0.00035365837235623587	0.00031528304072736546	-0.0006823019029176258	-6.253455038907063e-05	0.0002989342555190788
0.0008411693906140716	0.0012438945513850719	0.0019441543216351942	0.0007905241692587328	0.0006897394380720456	-0.0006198925033602531	0.0003119218469553875	0.00036134365507667354
-0.0007814749978800606	0.0008070287544825749	0.0011952415269451677	4.161137456915043e-05	0.00037769244028518223	-0.0011191676998199007	-0.00012494394994710945	-0.00013793154138341812
0.0005291223928267641	0.0005573911562526401	0.0008207851296004876	0.00029124897279864115	0.00031528304072736546	-0.0009943489007051554	-0.00018735334950470417	0.00036134365507667354
-0.0004694280000927531	0.0006822099553673855	0.0008831945291576382	0.0004784771714714253	0.0006273300385144509	6.661089177240065e-05	-0.00018735334950470417	-0.00020034094094101285
0.0004667129932691694	5.8115959792992555e-05	7.187233491046108e-05	0.00022883957324104642	0.0006897394380720456	-0.0002454361060146848	-1.2515083236408486e-07	-0.00020034094094101285
-0.0006566561987650932	-4.293439764602169e-06	9.462935352866353e-06	0.0004160677719133865	0.0011266052349745426	-0.0006823019029176258	-1.2515083236408486e-07	-0.0006372067378432877
0.0007163505914995483	-6.67028393221969e-05	0.00025910053358324525	0.0004160677719133865	0.002125155627894504	-0.0007447113024747765	0.00024951244739823686	-0.000574797338285693
0.0005915317923843588	-0.0003163404375525758	7.187233491046108e-05	0.00035365837235623587	0.002062746228337353	-0.001680852295837143	-0.00012494394994710945	-0.0011364819343033794
-0.0005318373996503478	-4.293439764602169e-06	0.0003839193326975465	0.0004784771714714253	0.002312383826566844	-0.001493624097164803	6.228424872567473e-05	-0.000824434936516294
0.0006539411919419535	-0.00012911223887979162	0.000695966330484854	0.00054088657102902	0.0024372026256820334	-0.0016184428962795483	0.00012469364828282536	-0.000824434936516294
-0.0005942467992074985	-0.00012911223887979162	0.000508738131812958	0.00029124897279864115	0.0024372026256820334	-0.001680852295837143	-1.2515083236408486e-07	-0.0011988913338609741
0.00040430359371246283	-0.0003163404375525758	0.00019669113402520644	0.00029124897279864115	0.002125155627894504	-0.0018056710949523325	0.0003743312465129822	-0.00044997853917050357
-0.00034460920097800773	5.8115959792992555e-05	0.0008207851296004876	0.0006657053701435434	0.002312383826566844	-0.0013063958984922408	-0.00012494394994710945	-0.0013861195325333142
0.0005291223928267641	-0.0005035686362246938	7.187233491046108e-05	0.0001664301736834517	0.0023747932261248828	-0.0008695301015899659	-6.253455038907063e-05	-0.0011364819343033794
-0.00071906559832291	-0.00037874983710928234	7.187233491046108e-05	0.0004160677719133865	0.0019379274292221638	-0.0006198925033602531	-0.00012494394994710945	-0.001011663135188634
-0.0005318373996503478	0.0003077535580227053	0.0006335569309281475	0.0004784771714714253	0.0020003368287793144	4.201492214805924e-06	0.00012469364828282536	-0.0003251597400562023
0.0006539411919419535	0.0004949817566954895	0.0007583757300433369	0.0004160677719133865	0.001438652232762072	-0.00012061730689993944	6.228424872567473e-05	-0.00038756913961335293
-0.0005318373996503478	0.0006822099553673855	0.0010704227278304224	0.00029124897279864115	0.001438652232762072	-0.00018302670645753416	6.228424872567473e-05	-1.3112742268672761e-05
0.0007163505914995483	0.0008694381540397256	0.0014448791251755466	0.0006032959705859486	0.001438652232762072	-0.0002454361060146848	0.00024951244739823686	-0.00020034094094101285
-0.0008438843974380994	0.0006198005558102349	0.001132832127388017	-2.0798024988444297e-05	0.0010017864358600193	-0.0009319395011475606	-1.2515083236408486e-07	0.00011170605684651669
0.0007163505914995483	0.0008694381540397256	0.001569697924290514	0.0004160677719133865	0.0006273300385144509	-0.0002454361060146848	0.00018710304784064213	0.0006109812533061643
-0.0005942467992074985	0.000994256953154915	0.0015072885247329193	0.00035365837235623587	-0.00012158275617513148	-0.0002454361060146848	-0.00012494394994710945	0.0002989342555190788
0.0005915317923843588	0.0006822099553673855	0.0011952415269451677	0.00029124897279864115	-0.0003712203544055104	0.0002538390904449628	6.228424872567473e-05	0.0008606188515365432
0.00040430359371246283	0.0006198005558102349	0.0008207851296004876	0.0001664301736834517	-0.0009953143499799033	4.201492214805924e-06	-0.00031217214861944953	0.0002989342555190788
-0.00040701860053560246	0.0010566663527122877	0.0012576509265027624	0.00054088657102902	-0.0003088109548470275	0.0009403424855771725	0.00018710304784064213	0.0011726658493238507
0.0006539411919419535	0.0008070287544825749	0.0011952415269451677	0.0006032959705859486	-0.0003712203544055104	0.0007531142869052765	0.00018710304784064213	0.0008606188515365432
-0.0007814749978800606	0.0005573911562526401	0.0007583757300433369	-2.0798024988444297e-05	-0.0007456767517495244	0.0003162484900025575	-0.0002497627490618548	0.0007358000524213537
0.0005915317923843588	0.0008694381540397256	0.0010704227278304224	0.0004784771714714253	-0.0008080861513071191	0.000628295487790087	0.00024951244739823686	0.001297484648438596
-0.00040701860053560246	0.0009318475535973203	0.0014448791251755466	0.0006032959705859486	-0.001057723749537498	0.0002538390904449628	-0.00012494394994710945	0.0006109812533061643
0.0004667129932691694	0.00037016295757985596	0.0008207851296004876	-2.0798024988444297e-05	-0.0009329049504223086	4.201492214805924e-06	-0.0002497627490618548	0.0005485718537485695
-0.0009062937969948059	0.0004325723571374507	0.0007583757300433369	0.00022883957324104642	-0.0007456767517495244	6.661089177240065e-05	-0.00031217214861944953	0.00042375305463426827
-0.000282199801420413	0.0011190757522701045	0.0016321073238481087	0.0007281147697015822	0.0005649206389577444	0.0008155236864624271	0.0005615594451853223	0.0010478470502086612
0.00040430359371246283	0.0004949817566954895	0.000695966330484854	0.00010402077412585697	-0.00024640155528987684	-0.0003078455055727236	-0.00031217214861944953	-7.55221418258234e-05
-0.0005942467992074985	0.0008070287544825749	0.0010080133282728276	0.00029124897279864115	0.0005025112394001496	0.0003162484900025575	0.00018710304784064213	0.0004861624541909748
0.0005291223928267641	0.0005573911562526401	0.000508738131812958	0.00029124897279864115	3.2360429400579704e-06	-5.820790734234471e-05	-0.00018735334950470417	0.0005485718537485695
-0.0004694280000927531	0.000994256953154915	0.0006335569309281475	0.00054088657102902	0.0005649206389577444	0.0005658860882324923	-0.00012494394994710945	-0.00020034094094101285
0.0005291223928267641	0.00037016295757985596	7.187233491046108e-05	0.00022883957324104642	0.0005649206389577444	6.661089177240065e-05	-0.00012494394994710945	0.00011170605684651669
-0.00071906559832291	0.0004949817566954895	0.0001342817344680558	0.0004160677719133865	0.0008769676367448298	-0.00043266430468746897	-0.00012494394994710945	-0.0003251597400562023
0.0006539411919419535	0.00012052535935014319	0.0003839193326975465	0.0006657053701435434	0.001438652232762072	4.201492214805924e-06	0.0003119218469553875	0.00036134365507667354
0.0004667129932691694	-0.00019152163843738634	-0.00017776526331947373	0.00022883957324104642	0.0008145582371872351	-0.0006198925033602531	-0.00012494394994710945	-0.0003251597400562023
-0.0005942467992074985	-0.00012911223887979162	-5.294646420428428e-05	0.00035365837235623587	0.0008769676367448298	-0.00037025490512987425	-1.2515083236408486e-07	4.9296657288921963e-05
0.0007163505914995483	-0.00012911223887979162	9.462935352866353e-06	0.0004784771714714253	0.0011266052349745426	-0.0005574831038019923	6.228424872567473e-05	-0.00013793154138341812
-0.00071906559832291	-0.00044115923666732115	-0.00011535586376187901	0.00022883957324104642	0.0013138334336473267	-0.0006823019029176258	-0.00012494394994710945	-0.0006372067378432877
0.0006539411919419535	-0.0003163404375525758	9.462935352866353e-06	0.00035365837235623587	0.0015634710318777056	-0.0009319395011475606	0.00018710304784064213	-0.00020034094094101285
-0.00040701860053560246	0.00012052535935014319	0.00025910053358324525	0.00054088657102902	0.0016258804314344122	-0.0006198925033602531	0.00012469364828282536	-0.00038756913961335293
0.0006539411919419535	-4.293439764602169e-06	0.00019669113402520644	0.00022883957324104642	0.001251424034090176	-0.0006198925033602531	-6.253455038907063e-05	-0.00038756913961335293
-0.0005942467992074985	0.00012052535935014319	0.00044632873225558534	0.0004160677719133865	0.0008769676367448298	-0.0002454361060146848	-0.00012494394994710945	-0.00013793154138341812
-0.00040701860053560246	0.0006198005558102349	0.0009456039287152329	0.00054088657102902	0.001251424034090176	0.00012902029132999537	0.0003119218469553875	0.0004861624541909748
0.000341894194154424	5.8115959792992555e-05	0.00044632873225558534	4.161137456915043e-05	0.0002528736411699928	-0.0007447113024747765	-0.00037458154817704425	-0.00038756913961335293
-0.0005318373996503478	0.0005573911562526401	0.0009456039287152329	0.00022883957324104642	0.0006897394380720456	-0.0002454361060146848	-1.2515083236408486e-07	0.00017411545640388937
0.0006539411919419535	0.0006822099553673855	0.0009456039287152329	0.0004784771714714253	0.0005649206389577444	-0.00043266430468746897	-6.253455038907063e-05	0.0007982094519785043
-0.00040701860053560246	0.000994256953154915	0.0016321073238481087	0.0007281147697015822	0.0008769676367448298	0.0002538390904449628	-0.0002497627490618548	0.00011170605684651669
0.00040430359371246283	0.0005573911562526401	0.001132832127388017	0.0001664301736834517	-5.9173356617536754e-05	-5.820790734234471e-05	-0.00012494394994710945	0.0005485718537485695
-0.0006566561987650932	0.0008694381540397256	0.0013200603260603572	0.0006657053701435434	0.00031528304072736546	0.0002538390904449628	0.00024951244739823686	0.0007982094519785043
0.0008411693906140716	0.0013063039509426666	0.0010704227278304224	0.00010402077412585697	-0.00012158275617513148	-5.820790734234471e-05	-0.0002497627490618548	0.00036134365507667354
0.0005915317923843588	0.0008694381540397256	0.0012576509265027624	0.0004160677719133865	0.00031528304072736546	4.201492214805924e-06	6.228424872567473e-05	0.00042375305463426827
-0.0005942467992074985	0.0009318475535973203	0.0011952415269451677	0.0004160677719133865	0.0004401018398425549	-5.820790734234471e-05	-1.2515083236408486e-07	0.0004861624541909748
0.0007787599910566989	0.0008694381540397256	0.0012576509265027624	0.0006032959705859486	0.0006897394380720456	-5.820790734234471e-05	0.00024951244739823686	0.00042375305463426827
-0.0007814749978800606	0.0004325723571374507	0.0008207851296004876	0.00010402077412585697	0.0002528736411699928	-0.0005574831038019923	-0.00018735334950470417	-7.55221418258234e-05
0.00040430359371246283	0.0004325723571374507	0.000695966330484854	0.0001664301736834517	3.2360429400579704e-06	-0.0006823019029176258	0.0005615594451853223	0.0009230282510941379
-0.000282199801420413	0.0011190757522701045	0.0015072885247329193	0.0007905241692587328	6.56454424976527e-05	-0.0011191676998199007	-0.0005618097468493843	-0.0003251597400562023
0.0002170753950399007	5.8115959792992555e-05	0.000508738131812958	0.0004784771714714253	0.0011890146345321373	-0.0003078455055727236	0.00024951244739823686	0.00036134365507667354
-0.00040701860053560246	0.0006822099553673855	0.0010704227278304224	0.00054088657102902	0.0011266052349745426	-0.00037025490512987425	0.00018710304784064213	0.0002989342555190788
-0.00071906559832291	0.00018293475890751587	0.0005711475313705527	4.161137456915043e-05	0.0006897394380720456	-0.0004950737042450637	-0.00018735334950470417	-7.55221418258234e-05
0.0004667129932691694	0.00018293475890751587	0.00032150993314084	0.00022883957324104642	0.00037769244028518223	-0.00043266430468746897	-0.00018735334950470417	-0.0003251597400562023
-0.0006566561987650932	0.0004325723571374507	0.0003839193326975465	0.00035365837235623587	0.0006273300385144509	6.661089177240065e-05	-1.2515083236408486e-07	0.00011170605684651669
0.0007163505914995483	0.0006198005558102349	0.0006335569309281475	0.0007281147697015822	0.0011890146345321373	0.00019142969088736805	0.00024951244739823686	-0.00044997853917050357
-0.00071906559832291	0.0002453441584651106	0.00019669113402520644	4.161137456915043e-05	0.0010017864358600193	-0.00043266430468746897	-0.00012494394994710945	-0.000574797338285693
0.0005915317923843588	0.00037016295757985596	0.00032150993314084	0.00035365837235623587	0.002125155627894504	-0.0003078455055727236	0.0003743312465129822	-1.3112742268672761e-05
-0.00040701860053560246	0.0006822099553673855	0.0010704227278304224	4.161137456915043e-05	0.0008769676367448298	-0.0013688052980498355	-0.00031217214861944953	-0.0008868443360730005
0.00040430359371246283	0.00018293475890751587	0.0008207851296004876	0.00029124897279864115	0.001064195835417614	-0.0006198925033602531	6.228424872567473e-05	-7.55221418258234e-05
0.0005915317923843588	0.0004325723571374507	0.0006335569309281475	0.00035365837235623587	0.0005025112394001496	-0.0008695301015899659	-0.00012494394994710945	-0.00020034094094101285
-0.0004694280000927531	0.0006822099553673855	0.0008207851296004876	0.00054088657102902	0.0008145582371872351	-0.0002454361060146848	0.00024951244739823686	0.00036134365507667354
0.0005291223928267641	0.00012052535935014319	0.00025910053358324525	0.0001664301736834517	6.56454424976527e-05	-0.0005574831038019923	-0.00018735334950470417	-0.00020034094094101285
-0.0005942467992074985	0.0003077535580227053	0.00032150993314084	0.00022883957324104642	0.00031528304072736546	-0.00012061730689993944	-1.2515083236408486e-07	0.00011170605684651669
0.0005915317923843588	0.0002453441584651106	0.0001342817344680558	0.00035365837235623587	3.2360429400579704e-06	4.201492214805924e-06	0.00018710304784064213	0.000673390652863759
-0.0005318373996503478	0.0004325723571374507	0.00044632873225558534	0.0004784771714714253	-0.0003088109548470275	0.0003162484900025575	-1.2515083236408486e-07	0.0002989342555190788
0.0007787599910566989	0.00037016295757985596	0.00032150993314084	0.0004784771714714253	-0.00012158275617513148	0.0005658860882324923	0.00018710304784064213	0.0008606188515365432
-0.0005318373996503478	0.0005573911562526401	0.00025910053358324525	0.0001664301736834517	-0.0005584485530774064	-0.0002454361060146848	-0.00018735334950470417	0.00017411545640388937
-0.0005942467992074985	0.0004325723571374507	0.0005711475313705527	0.0004784771714714253	-5.9173356617536754e-05	0.00019142969088736805	-1.2515083236408486e-07	0.0007358000524213537
0.0008411693906140716	0.0004325723571374507	0.0008831945291576382	0.00054088657102902	0.00031528304072736546	4.201492214805924e-06	0.00012469364828282536	0.0004861624541909748
-0.0007814749978800606	0.00018293475890751587	0.0006335569309281475	0.0001664301736834517	0.00012805484205480333	-0.0003078455055727236	-0.00012494394994710945	0.00023652485596170614
0.0006539411919419535	0.0004949817566954895	0.0006335569309281475	0.0004784771714714253	0.00019046424161239806	6.661089177240065e-05	-6.253455038907063e-05	0.0009230282510941379
-0.00040701860053560246	0.0006198005558102349	0.0010704227278304224	0.00054088657102902	0.0006273300385144509	0.0005658860882324923	-6.253455038907063e-05	0.00036134365507667354
0.0006539411919419535	0.0004949817566954895	0.0006335569309281475	0.00029124897279864115	0.0004401018398425549	0.0005034766886748976	0.00018710304784064213	0.0007982094519785043
-0.0005318373996503478	0.0008694381540397256	0.0009456039287152329	0.00029124897279864115	0.0005025112394001496	4.201492214805924e-06	-1.2515083236408486e-07	0.00017411545640388937
0.0005291223928267641	0.0006198005558102349	0.0009456039287152329	0.00029124897279864115	0.0010017864358600193	-0.00012061730689993944	-1.2515083236408486e-07	0.00017411545640388937
0.00040430359371246283	0.0008070287544825749	0.000695966330484854	0.00022883957324104642	0.0009393770363019804	-0.0006198925033602531	-0.0002497627490618548	-0.00020034094094101285
-0.000282199801420413	0.0011814851518274772	0.0015072885247329193	0.0007905241692587328	0.001875518029664569	0.00019142969088736805	0.0005615594451853223	0.000673390652863759
0.0005291223928267641	0.0005573911562526401	0.0008207851296004876	0.0001664301736834517	0.001064195835417614	-0.0008071207020323712	-0.0002497627490618548	-0.0003251597400562023
-0.0005942467992074985	0.0006198005558102349	0.0010704227278304224	0.00029124897279864115	0.001501061632320111	-0.0005574831038019923	0.00012469364828282536	-0.0003251597400562023
0.0006539411919419535	0.0004949817566954895	0.0008831945291576382	0.00035365837235623587	0.0013762428332049215	-0.0009943489007051554	0.0003743312465129822	0.00011170605684651669
-0.00040701860053560246	0.0006198005558102349	0.0011952415269451677	0.0006032959705859486	0.0015634710318777056	-0.0013688052980498355	-0.00018735334950470417	-0.0007620255369582551
0.0004667129932691694	5.8115959792992555e-05	0.000508738131812958	0.00035365837235623587	0.0020003368287793144	-0.0009319395011475606	0.00012469364828282536	-0.0003251597400562023
-0.0005318373996503478	0.0005573911562526401	0.000695966330484854	0.00035365837235623587	0.0015634710318777056	-0.001056758300261862	-0.00012494394994710945	-0.00044997853917050357
-0.0005318373996503478	0.0006198005558102349	0.0010704227278304224	0.00054088657102902	0.0019379274292221638	-0.0004950737042450637	0.0003119218469553875	4.9296657288921963e-05
0.0002794847945972734	-6.67028393221969e-05	0.00032150993314084	-2.0798024988444297e-05	0.0011266052349745426	-0.0014312146976072082	-0.0004369909477341949	-0.0009492537356305952
-0.0005318373996503478	0.0004949817566954895	0.0008207851296004876	0.0004160677719133865	0.0017506992305496016	-0.0007447113024747765	6.228424872567473e-05	-0.00013793154138341812
0.0005915317923843588	0.00018293475890751587	0.0007583757300433369	0.0004160677719133865	0.0017506992305496016	-0.001056758300261862	-1.2515083236408486e-07	-0.0005123879387289865
-0.0005318373996503478	0.0003077535580227053	0.0008831945291576382	0.0004160677719133865	0.0018131086301069743	-0.0009943489007051554	0.00018710304784064213	-0.0005123879387289865
0.0007163505914995483	0.0003077535580227053	0.0007583757300433369	0.0004784771714714253	0.0008145582371872351	-0.001056758300261862	-0.0004369909477341949	-0.0007620255369582551
-0.0009687031965528448	-0.00019152163843738634	0.00032150993314084	0.0004160677719133865	0.0008769676367448298	-0.0005574831038019923	6.228424872567473e-05	-0.00013793154138341812
0.0007163505914995483	0.0003077535580227053	0.000695966330484854	0.00035365837235623587	0.0006273300385144509	-0.00037025490512987425	-0.00012494394994710945	4.9296657288921963e-05
0.0005915317923843588	0.0004949817566954895	0.0010080133282728276	0.0004784771714714253	0.0008769676367448298	-0.00018302670645753416	0.00012469364828282536	4.9296657288921963e-05
-0.0006566561987650932	0.0004949817566954895	0.0008207851296004876	0.00022883957324104642	0.0008145582371872351	-0.00037025490512987425	-1.2515083236408486e-07	-7.55221418258234e-05
0.00040430359371246283	0.00037016295757985596	0.00044632873225558534	0.00029124897279864115	0.0005025112394001496	-0.0008071207020323712	-0.00031217214861944953	-0.00044997853917050357
-0.0004694280000927531	0.0006198005558102349	0.0008831945291576382	0.0004160677719133865	0.0011266052349745426	-0.0003078455055727236	0.00012469364828282536	-0.00038756913961335293
0.0004667129932691694	0.00018293475890751587	0.0003839193326975465	0.00022883957324104642	0.00031528304072736546	-0.0007447113024747765	-0.00018735334950470417	-0.00020034094094101285
-0.00071906559832291	0.0003077535580227053	0.00044632873225558534	0.0001664301736834517	0.0006273300385144509	-0.00043266430468746897	0.00012469364828282536	-1.3112742268672761e-05
0.0006539411919419535	0.0004325723571374507	0.000508738131812958	0.00022883957324104642	0.0005649206389577444	-0.00043266430468746897	-1.2515083236408486e-07	-7.55221418258234e-05
-0.0007814749978800606	0.00018293475890751587	0.0001342817344680558	0.0001664301736834517	0.00037769244028518223	-0.0008071207020323712	-0.0004369909477341949	-0.0005123879387289865
-0.00040701860053560246	0.0004325723571374507	0.0008831945291576382	0.0006032959705859486	0.001251424034090176	-0.0002454361060146848	0.0003743312465129822	0.00023652485596170614
0.0004667129932691694	-4.293439764602169e-06	0.00019669113402520644	0.00029124897279864115	0.0005025112394001496	-0.0008695301015899659	-0.00018735334950470417	-0.0003251597400562023
-0.00040701860053560246	0.0004949817566954895	0.0008831945291576382	0.00054088657102902	0.001251424034090176	-0.00012061730689993944	0.0003119218469553875	0.0002989342555190788
0.0002170753950399007	-0.0003163404375525758	-5.294646420428428e-05	-8.320742454603902e-05	0.00019046424161239806	-0.0013063958984922408	-0.0004994003472917896	-7.55221418258234e-05
-0.0004694280000927531	0.0002453441584651106	0.0005711475313705527	0.0004160677719133865	0.001251424034090176	-0.0006198925033602531	-6.253455038907063e-05	-0.0005123879387289865
0.0005291223928267641	5.8115959792992555e-05	0.00025910053358324525	0.00035365837235623587	0.0019379274292221638	-0.0004950737042450637	0.0003119218469553875	-0.00020034094094101285
-0.0004694280000927531	0.0002453441584651106	0.0008207851296004876	0.00029124897279864115	0.001688289830992007	-0.0011815770993770514	-0.00012494394994710945	-0.000824434936516294
0.0005915317923843588	-4.293439764602169e-06	0.0005711475313705527	0.00035365837235623587	0.0018131086301069743	-0.0008695301015899659	-1.2515083236408486e-07	-0.00044997853917050357
0.0005915317923843588	0.0002453441584651106	0.0007583757300433369	0.00054088657102902	0.001875518029664569	-0.0008071207020323712	0.00012469364828282536	-0.0005123879387289865
-0.00071906559832291	0.00018293475890751587	0.0005711475313705527	0.00022883957324104642	0.0015634710318777056	-0.0011191676998199007	-6.253455038907063e-05	-0.0006372067378432877
0.0007163505914995483	0.00037016295757985596	0.0008831945291576382	0.00054088657102902	0.001875518029664569	-0.001056758300261862	-1.2515083236408486e-07	-0.0005123879387289865
-0.00040701860053560246	0.0004949817566954895	0.001132832127388017	0.0004784771714714253	0.0024372026256820334	-0.0008695301015899659	0.00024951244739823686	-0.0010740725347457847
0.00040430359371246283	0.00012052535935014319	0.0008207851296004876	0.00010402077412585697	0.0019379274292221638	-0.0016184428962795483	6.228424872567473e-05	-0.0005123879387289865
-0.0005318373996503478	0.0006198005558102349	0.0011952415269451677	0.0004784771714714253	0.002562021424797223	-0.0011191676998199007	0.00012469364828282536	-0.000574797338285693
0.0007163505914995483	0.0006198005558102349	0.0013824697256177298	0.0001664301736834517	0.002125155627894504	-0.001243986498934424	-1.2515083236408486e-07	-0.0006372067378432877
-0.0006566561987650932	0.00037016295757985596	0.0011952415269451677	0.00054088657102902	0.0020003368287793144	-0.0013688052980498355	-1.2515083236408486e-07	-0.0005123879387289865
-0.0004694280000927531	0.0007446193549249802	0.0013824697256177298	0.0004784771714714253	0.002312383826566844	-0.0009319395011475606	0.0003119218469553875	-0.00026275034049860757
0.0005291223928267641	0.0003077535580227053	0.0010080133282728276	0.00029124897279864115	0.0019379274292221638	-0.0015560334967219536	-0.00012494394994710945	-0.0009492537356305952
-0.0005318373996503478	0.0006198005558102349	0.0013824697256177298	0.0004160677719133865	0.0024372026256820334	-0.0011815770993770514	0.00018710304784064213	-0.0005123879387289865
0.0004667129932691694	0.00037016295757985596	0.0009456039287152329	0.00022883957324104642	0.0020003368287793144	-0.0017432616953947377	-0.00018735334950470417	-0.0005123879387289865
-0.0005318373996503478	0.0005573911562526401	0.0011952415269451677	0.00035365837235623587	0.0021875650274520986	-0.001243986498934424	-0.00012494394994710945	-0.000574797338285693
0.0005291223928267641	0.0004325723571374507	0.0010080133282728276	0.0004160677719133865	0.002062746228337353	-0.0006198925033602531	0.00024951244739823686	-1.3112742268672761e-05
-0.0004694280000927531	0.0007446193549249802	0.0013200603260603572	0.00029124897279864115	0.0013138334336473267	-0.0011815770993770514	-0.00012494394994710945	-0.0006372067378432877
0.0005291223928267641	0.0002453441584651106	0.0009456039287152329	0.00035365837235623587	0.001501061632320111	-0.0008695301015899659	-0.00012494394994710945	-0.00038756913961335293
0.0005915317923843588	0.0003077535580227053	0.0009456039287152329	0.0004160677719133865	0.0016258804314344122	-0.0009943489007051554	-1.2515083236408486e-07	-0.000574797338285693
-0.0006566561987650932	0.00037016295757985596	0.0009456039287152329	0.00029124897279864115	0.0015634710318777056	-0.0009943489007051554	6.228424872567473e-05	-0.00044997853917050357
0.0005291223928267641	0.0003077535580227053	0.0007583757300433369	0.00022883957324104642	0.001251424034090176	-0.0011815770993770514	-0.00018735334950470417	-0.0006996161374008825
-0.0005318373996503478	0.0004949817566954895	0.0008831945291576382	0.0004160677719133865	0.001438652232762072	-0.0006198925033602531	0.00012469364828282536	-0.0006372067378432877
0.0006539411919419535	0.00037016295757985596	0.0007583757300433369	0.00035365837235623587	0.0011266052349745426	-0.0009319395011475606	-0.0002497627490618548	-0.000574797338285693
-0.0007814749978800606	0.0003077535580227053	0.0003839193326975465	0.0001664301736834517	0.001501061632320111	-0.0008695301015899659	0.00012469364828282536	-0.000574797338285693
0.0007163505914995483	0.0002453441584651106	0.000695966330484854	0.0001664301736834517	0.0011266052349745426	-0.0011191676998199007	-0.00018735334950470417	-0.0007620255369582551
-0.0007814749978800606	0.00018293475890751587	0.0007583757300433369	0.0006032959705859486	0.0013138334336473267	-0.0007447113024747765	0.00024951244739823686	-0.00038756913961335293
-0.00071906559832291	5.8115959792992555e-05	0.0003839193326975465	0.0001664301736834517	0.0007521488376296404	-0.0007447113024747765	-0.00012494394994710945	-0.00038756913961335293
0.0005291223928267641	-4.293439764602169e-06	0.00032150993314084	0.00029124897279864115	0.00019046424161239806	-0.0006198925033602531	-0.00012494394994710945	-0.0003251597400562023
-0.0005942467992074985	0.00018293475890751587	0.00044632873225558534	0.00029124897279864115	0.00019046424161239806	-0.00018302670645753416	-1.2515083236408486e-07	0.00017411545640388937
0.0006539411919419535	0.0002453441584651106	0.00044632873225558534	0.0004160677719133865	-5.9173356617536754e-05	-0.00012061730689993944	-1.2515083236408486e-07	0.0005485718537485695
-0.0005318373996503478	0.0003077535580227053	0.000508738131812958	0.0004160677719133865	0.00012805484205480333	0.00037865788955970814	-6.253455038907063e-05	4.9296657288921963e-05
0.0006539411919419535	5.8115959792992555e-05	0.00032150993314084	0.0004160677719133865	3.2360429400579704e-06	0.00019142969088736805	-1.2515083236408486e-07	0.00023652485596170614
-0.00071906559832291	0.00018293475890751587	0.00032150993314084	0.00022883957324104642	-0.0003712203544055104	0.00012902029132999537	-0.00012494394994710945	0.00011170605684651669
0.0005915317923843588	5.8115959792992555e-05	0.00032150993314084	0.00029124897279864115	-0.0003712203544055104	0.000628295487790087	-6.253455038907063e-05	0.000673390652863759
0.0006539411919419535	0.00037016295757985596	0.00044632873225558534	0.00054088657102902	-0.0003712203544055104	0.0006907048873467936	0.00018710304784064213	0.0006109812533061643
-0.0007814749978800606	0.0003077535580227053	0.00032150993314084	0.0001664301736834517	-0.0005584485530774064	0.000628295487790087	-0.00018735334950470417	0.0006109812533061643
0.0006539411919419535	0.0004325723571374507	0.000695966330484854	0.0004160677719133865	-0.00024640155528987684	0.0006907048873467936	6.228424872567473e-05	0.0007358000524213537
-0.0005318373996503478	0.0008694381540397256	0.0008831945291576382	0.0004784771714714253	0.00019046424161239806	0.0009403424855771725	0.00012469364828282536	0.0008606188515365432
0.0007163505914995483	0.0006822099553673855	0.0008207851296004876	0.00054088657102902	6.56454424976527e-05	0.0008155236864624271	-6.253455038907063e-05	0.0008606188515365432
-0.0006566561987650932	0.0005573911562526401	0.0006335569309281475	0.0001664301736834517	-0.0007456767517495244	0.0007531142869052765	-0.0002497627490618548	0.000673390652863759
0.0004667129932691694	0.00037016295757985596	0.00032150993314084	0.0006032959705859486	6.56454424976527e-05	0.0015020270815948589	0.0003119218469553875	0.0014223034475542295
-0.0004694280000927531	0.000994256953154915	0.000508738131812958	0.00029124897279864115	-0.00024640155528987684	0.0009403424855771725	-0.00012494394994710945	0.0007982094519785043
-0.0005318373996503478	0.0006822099553673855	0.0006335569309281475	0.00035365837235623587	0.00012805484205480333	0.001065161284692584	0.00012469364828282536	0.0009230282510941379
0.0005291223928267641	0.0006198005558102349	0.0003839193326975465	0.00029124897279864115	-5.9173356617536754e-05	0.000628295487790087	-0.00031217214861944953	0.0005485718537485695
-0.0004694280000927531	0.0008694381540397256	0.0008207851296004876	0.0004784771714714253	0.0007521488376296404	0.0010027518851347672	0.00018710304784064213	0.0009854376506510665
0.0005291223928267641	0.0006198005558102349	0.0006335569309281475	0.00035365837235623587	0.0002528736411699928	0.0005658860882324923	-6.253455038907063e-05	0.0008606188515365432
-0.0005318373996503478	0.0008070287544825749	0.0007583757300433369	0.0004784771714714253	0.0004401018398425549	0.0005658860882324923	0.00012469364828282536	0.00042375305463426827
0.0006539411919419535	0.0006198005558102349	0.000695966330484854	0.0004784771714714253	0.0006273300385144509	-0.0002454361060146848	-0.00018735334950470417	0.00023652485596170614
-0.0007814749978800606	0.0003077535580227053	0.000508738131812958	0.00022883957324104642	0.0009393770363019804	-0.0006198925033602531	-0.00018735334950470417	-0.00020034094094101285
0.0005915317923843588	0.0002453441584651106	0.0008831945291576382	0.00054088657102902	0.001251424034090176	-0.00018302670645753416	0.00012469364828282536	0.00036134365507667354
0.0004667129932691694	0.0002453441584651106	0.00044632873225558534	0.0001664301736834517	0.0006897394380720456	-0.0006198925033602531	-0.0002497627490618548	-0.00026275034049860757
-0.0005942467992074985	0.0005573911562526401	0.0008207851296004876	0.0004784771714714253	0.0009393770363019804	0.0002538390904449628	0.00024951244739823686	0.0006109812533061643
0.0004667129932691694	0.0003077535580227053	0.0003839193326975465	0.00035365837235623587	6.56454424976527e-05	-0.00012061730689993944	-0.0002497627490618548	4.9296657288921963e-05
-0.00040701860053560246	0.0006822099553673855	0.0008207851296004876	0.00054088657102902	0.0006897394380720456	0.00044106728911730286	0.0003119218469553875	-0.0003251597400562023
0.000341894194154424	-0.00012911223887979162	-5.294646420428428e-05	-2.0798024988444297e-05	-0.0003088109548470275	-0.0004950737042450637	-1.2515083236408486e-07	0.0002989342555190788
-0.0006566561987650932	0.0002453441584651106	0.0003839193326975465	0.0004160677719133865	0.00037769244028518223	6.661089177240065e-05	0.00012469364828282536	0.00023652485596170614
0.0007787599910566989	0.0004325723571374507	0.000695966330484854	4.161137456915043e-05	-5.9173356617536754e-05	-5.820790734234471e-05	-0.00018735334950470417	4.9296657288921963e-05
-0.0007814749978800606	0.00012052535935014319	0.0007583757300433369	0.0006032959705859486	6.56454424976527e-05	0.00037865788955970814	0.00018710304784064213	0.0005485718537485695
-0.0005942467992074985	0.0006198005558102349	0.0007583757300433369	0.0004784771714714253	6.56454424976527e-05	0.00044106728911730286	0.00018710304784064213	0.0007358000524213537
0.000341894194154424	-4.293439764602169e-06	7.187233491046108e-05	-2.0798024988444297e-05	-0.0008080861513071191	-0.00043266430468746897	-0.0004994003472917896	-0.00020034094094101285
-0.0005318373996503478	0.0004949817566954895	0.0005711475313705527	0.00022883957324104642	-0.00024640155528987684	0.00019142969088736805	0.00012469364828282536	0.0004861624541909748
0.0007163505914995483	0.0004949817566954895	0.000508738131812958	0.00054088657102902	-0.00012158275617513148	0.00012902029132999537	6.228424872567473e-05	0.0004861624541909748
-0.0006566561987650932	0.0005573911562526401	0.0006335569309281475	0.0004160677719133865	6.56454424976527e-05	0.00019142969088736805	-0.00012494394994710945	0.00017411545640388937
0.0005291223928267641	0.00018293475890751587	0.00025910053358324525	0.00022883957324104642	-0.00024640155528987684	0.0006907048873467936	0.00012469364828282536	0.0007982094519785043
-0.0005318373996503478	0.0005573911562526401	0.0005711475313705527	0.0004784771714714253	-0.000620857952634779	0.0005658860882324923	6.228424872567473e-05	0.0007358000524213537
0.0005915317923843588	0.0004949817566954895	0.00025910053358324525	0.0001664301736834517	-0.0007456767517495244	0.0005034766886748976	-0.00012494394994710945	0.000673390652863759
0.0006539411919419535	0.00037016295757985596	0.00032150993314084	0.00035365837235623587	-0.0004960391535198116	0.0003162484900025575	-0.00012494394994710945	0.00042375305463426827
-0.0005318373996503478	0.0004949817566954895	0.000508738131812958	0.0004160677719133865	3.2360429400579704e-06	0.0005658860882324923	0.00012469364828282536	0.0007358000524213537
0.0006539411919419535	0.0004325723571374507	0.000508738131812958	0.0006032959705859486	6.56454424976527e-05	0.0003162484900025575	0.00018710304784064213	0.0005485718537485695
-0.0007814749978800606	0.00018293475890751587	0.00032150993314084	0.00022883957324104642	-5.9173356617536754e-05	0.00012902029132999537	-6.253455038907063e-05	0.00036134365507667354
0.0005915317923843588	0.0004325723571374507	0.0003839193326975465	0.00035365837235623587	-0.00012158275617513148	0.00012902029132999537	0.00018710304784064213	0.0007358000524213537
-0.0005318373996503478	0.0006198005558102349	0.0007583757300433369	0.0004784771714714253	0.0004401018398425549	-0.00018302670645753416	-0.00012494394994710945	0.00011170605684651669
0.0005291223928267641	0.0004325723571374507	0.000508738131812958	0.00029124897279864115	0.0010017864358600193	-0.00018302670645753416	-1.2515083236408486e-07	0.00017411545640388937
-0.0005942467992074985	0.0006198005558102349	0.0005711475313705527	0.0004160677719133865	0.001064195835417614	-0.0005574831038019923	-0.00012494394994710945	-7.55221418258234e-05
-0.00040701860053560246	0.0007446193549249802	0.0010704227278304224	0.0004784771714714253	0.001688289830992007	-0.00012061730689993944	0.00018710304784064213	0.00017411545640388937
0.0004667129932691694	0.0003077535580227053	0.00044632873225558534	0.00010402077412585697	0.0009393770363019804	-0.0008695301015899659	-0.0002497627490618548	-0.00044997853917050357
-0.0004694280000927531	0.0006822099553673855	0.0010080133282728276	0.0004784771714714253	0.0013762428332049215	-5.820790734234471e-05	0.00018710304784064213	0.00042375305463426827
0.0005291223928267641	0.0006198005558102349	0.000695966330484854	0.0004160677719133865	0.0010017864358600193	-0.00037025490512987425	-0.00012494394994710945	0.00036134365507667354
-0.0005318373996503478	0.0007446193549249802	0.0010080133282728276	0.0004784771714714253	0.001501061632320111	-5.820790734234471e-05	-1.2515083236408486e-07	-7.55221418258234e-05
0.0005915317923843588	0.0004949817566954895	0.0007583757300433369	0.00035365837235623587	0.001438652232762072	-0.0006198925033602531	-0.00018735334950470417	-0.00020034094094101285
-0.0007814749978800606	0.0004325723571374507	0.0007583757300433369	0.0006657053701435434	0.0017506992305496016	-0.0003078455055727236	0.00024951244739823686	0.00017411545640388937
0.0008411693906140716	0.0007446193549249802	0.0010080133282728276	0.0004160677719133865	0.001438652232762072	-0.0003078455055727236	6.228424872567473e-05	0.00017411545640388937
0.0007163505914995483	0.0006198005558102349	0.0008207851296004876	0.00054088657102902	0.0010017864358600193	-0.00043266430468746897	-1.2515083236408486e-07	4.9296657288921963e-05
-0.0005318373996503478	0.0007446193549249802	0.0010704227278304224	0.0004784771714714253	0.0013762428332049215	-0.0003078455055727236	0.00012469364828282536	0.00042375305463426827
0.000341894194154424	0.00037016295757985596	0.000508738131812958	4.161137456915043e-05	0.0006897394380720456	-0.0009943489007051554	-0.0004369909477341949	-0.00038756913961335293
-0.00040701860053560246	0.0008694381540397256	0.0013824697256177298	0.0006657053701435434	0.0017506992305496016	-5.820790734234471e-05	0.00043674064607013285	0.00042375305463426827
0.0002794847945972734	0.00018293475890751587	0.00044632873225558534	4.161137456915043e-05	0.0008145582371872351	-0.0013063958984922408	0.00012469364828282536	0.00011170605684651669
-0.0005318373996503478	0.0006822099553673855	0.0010704227278304224	0.0004160677719133865	0.0006897394380720456	-0.00037025490512987425	-6.253455038907063e-05	4.9296657288921963e-05
0.0005915317923843588	0.0006198005558102349	0.000695966330484854	0.00054088657102902	0.0007521488376296404	0.00019142969088736805	0.00024951244739823686	0.0006109812533061643
-0.0004694280000927531	0.0006822099553673855	0.00019669113402520644	4.161137456915043e-05	-0.00024640155528987684	-0.0005574831038019923	-0.00037458154817704425	-0.00020034094094101285
-0.0005942467992074985	0.0004949817566954895	0.0005711475313705527	0.00029124897279864115	0.0002528736411699928	-5.820790734234471e-05	-6.253455038907063e-05	0.0002989342555190788
0.0005915317923843588	0.0004325723571374507	0.0007583757300433369	0.0004160677719133865	0.00037769244028518223	-0.0003078455055727236	6.228424872567473e-05	-1.3112742268672761e-05
-0.0004694280000927531	0.0007446193549249802	0.0010080133282728276	0.0006032959705859486	0.0008769676367448298	-5.820790734234471e-05	0.00024951244739823686	0.0004861624541909748
0.0005915317923843588	0.0004949817566954895	0.000695966330484854	0.00029124897279864115	0.00037769244028518223	-0.00043266430468746897	-0.00012494394994710945	4.9296657288921963e-05
-0.0006566561987650932	0.0004325723571374507	0.0006335569309281475	0.00022883957324104642	0.00037769244028518223	-0.0002454361060146848	-0.0002497627490618548	-0.00020034094094101285
0.00040430359371246283	0.0002453441584651106	0.00025910053358324525	0.00022883957324104642	0.0008145582371872351	0.00019142969088736805	0.0004991500456277276	0.0006109812533061643
-0.000282199801420413	0.0007446193549249802	0.0009456039287152329	0.00022883957324104642	6.56454424976527e-05	-0.0008071207020323712	-0.00018735334950470417	-0.00044997853917050357
0.0004667129932691694	5.8115959792992555e-05	0.000508738131812958	0.00035365837235623587	0.0005649206389577444	-0.00043266430468746897	-6.253455038907063e-05	-7.55221418258234e-05
0.0005915317923843588	0.0002453441584651106	0.000508738131812958	0.0004160677719133865	0.0007521488376296404	-0.0006823019029176258	6.228424872567473e-05	-0.00013793154138341812
-0.0005318373996503478	0.00037016295757985596	0.0005711475313705527	0.00029124897279864115	0.0006897394380720456	-0.0005574831038019923	6.228424872567473e-05	-1.3112742268672761e-05
0.0007163505914995483	0.00018293475890751587	0.0006335569309281475	0.0004160677719133865	0.0004401018398425549	-0.00043266430468746897	-1.2515083236408486e-07	-1.3112742268672761e-05
-0.00071906559832291	0.00037016295757985596	0.00044632873225558534	0.00029124897279864115	0.0002528736411699928	-0.0003078455055727236	-0.00012494394994710945	0.00036134365507667354
0.0008411693906140716	0.0004325723571374507	0.0008207851296004876	0.0006657053701435434	0.0006273300385144509	-0.00018302670645753416	-0.0002497627490618548	-0.00020034094094101285
-0.0008438843974380994	-4.293439764602169e-06	0.00019669113402520644	0.00010402077412585697	0.0005649206389577444	-0.0005574831038019923	-0.00012494394994710945	-0.0003251597400562023
0.0005291223928267641	5.8115959792992555e-05	0.00032150993314084	0.00054088657102902	0.0010017864358600193	-5.820790734234471e-05	0.00012469364828282536	0.00017411545640388937
-0.0005942467992074985	0.00037016295757985596	0.00044632873225558534	0.0004160677719133865	0.0008145582371872351	-0.00018302670645753416	-1.2515083236408486e-07	-7.55221418258234e-05
-0.0005942467992074985	0.0003077535580227053	0.00044632873225558534	0.00022883957324104642	0.0006273300385144509	0.00019142969088736805	6.228424872567473e-05	0.0002989342555190788
0.00040430359371246283	0.0002453441584651106	0.0001342817344680558	0.00022883957324104642	0.00019046424161239806	-0.00012061730689993944	-0.00031217214861944953	4.9296657288921963e-05
-0.00021979040186281829	0.000994256953154915	0.001132832127388017	0.0008529335688163275	0.0013762428332049215	0.0009403424855771725	0.0005615594451853223	0.0010478470502086612
0.00040430359371246283	0.00018293475890751587	0.00044632873225558534	0.00029124897279864115	0.0006273300385144509	-5.820790734234471e-05	-0.0002497627490618548	0.00023652485596170614
-0.0005942467992074985	0.0004949817566954895	0.000695966330484854	0.00029124897279864115	0.001064195835417614	-5.820790734234471e-05	-6.253455038907063e-05	0.00011170605684651669
0.0005291223928267641	0.0004949817566954895	0.0005711475313705527	0.0004160677719133865	0.0013138334336473267	0.00037865788955970814	0.00024951244739823686	0.0005485718537485695
-0.0004694280000927531	0.0007446193549249802	0.0010080133282728276	-8.320742454603902e-05	0.00031528304072736546	-0.00037025490512987425	-0.0004994003472917896	-0.00020034094094101285
0.000341894194154424	0.00012052535935014319	0.0010080133282728276	0.0006657053701435434	0.0009393770363019804	0.0005658860882324923	0.00024951244739823686	0.0008606188515365432
0.0005915317923843588	0.0006198005558102349	0.000695966330484854	0.0004784771714714253	0.0008769676367448298	0.00012902029132999537	-1.2515083236408486e-07	0.00042375305463426827
-0.0005942467992074985	0.0006822099553673855	0.0007583757300433369	0.00035365837235623587	0.0011266052349745426	0.0002538390904449628	6.228424872567473e-05	0.0005485718537485695
0.0006539411919419535	0.0004949817566954895	0.0007583757300433369	0.0004160677719133865	0.0011266052349745426	-0.00018302670645753416	-1.2515083236408486e-07	4.9296657288921963e-05
-0.0005942467992074985	0.0005573911562526401	0.0006335569309281475	0.0004160677719133865	0.001064195835417614	-0.00012061730689993944	-6.253455038907063e-05	0.00017411545640388937
0.0007787599910566989	0.0006198005558102349	0.0008207851296004876	0.0006657053701435434	0.0013138334336473267	4.201492214805924e-06	-1.2515083236408486e-07	0.00011170605684651669
-0.0006566561987650932	0.00037016295757985596	0.000695966330484854	0.0001664301736834517	0.0010017864358600193	-0.0004950737042450637	-1.2515083236408486e-07	-1.3112742268672761e-05
0.0007163505914995483	0.0005573911562526401	0.0008207851296004876	0.0006032959705859486	0.0016258804314344122	-0.0002454361060146848	0.0003119218469553875	0.00042375305463426827
-0.0004694280000927531	0.0008070287544825749	0.000508738131812958	4.161137456915043e-05	0.001064195835417614	-0.0013063958984922408	-0.00037458154817704425	-0.0007620255369582551
-0.0005942467992074985	0.0005573911562526401	0.0008831945291576382	0.00029124897279864115	0.001688289830992007	-0.0009943489007051554	-1.2515083236408486e-07	-0.00020034094094101285
0.0005291223928267641	0.00037016295757985596	0.0008207851296004876	0.00035365837235623587	0.001438652232762072	-0.0013063958984922408	-0.0002497627490618548	-0.000574797338285693
-0.00040701860053560246	0.0006822099553673855	0.0011952415269451677	0.0006032959705859486	0.001875518029664569	-0.0006823019029176258	0.0003743312465129822	-1.3112742268672761e-05
0.0005291223928267641	0.00012052535935014319	0.0006335569309281475	0.00029124897279864115	0.001064195835417614	-0.0011815770993770514	-6.253455038907063e-05	-0.00038756913961335293
-0.00071906559832291	0.00037016295757985596	0.0005711475313705527	0.00035365837235623587	0.0010017864358600193	-0.001056758300261862	0.00018710304784064213	-0.0003251597400562023
0.0007163505914995483	0.0004325723571374507	0.0010080133282728276	0.0006657053701435434	0.0010017864358600193	-0.0013688052980498355	-0.0004369909477341949	-0.0008868443360730005
-0.0009687031965528448	-4.293439764602169e-06	0.00032150993314084	0.00035365837235623587	0.001501061632320111	-0.0013063958984922408	-6.253455038907063e-05	-0.000824434936516294
0.0005915317923843588	0.0003077535580227053	0.0008207851296004876	0.0004160677719133865	0.0016258804314344122	-0.0009943489007051554	6.228424872567473e-05	-0.00044997853917050357
0.0006539411919419535	0.0003077535580227053	0.0008207851296004876	0.00054088657102902	0.0013762428332049215	-0.0011191676998199007	6.228424872567473e-05	-0.0006372067378432877
-0.0005942467992074985	0.0002453441584651106	0.000695966330484854	0.00029124897279864115	0.0011266052349745426	-0.001056758300261862	-1.2515083236408486e-07	-0.0005123879387289865
0.0005915317923843588	0.00012052535935014319	0.00044632873225558534	0.00029124897279864115	0.0007521488376296404	-0.0013688052980498355	-0.00018735334950470417	-0.0007620255369582551
-0.00040701860053560246	0.0005573911562526401	0.0010704227278304224	0.0006657053701435434	0.0016258804314344122	-0.0005574831038019923	0.0004991500456277276	-0.0010740725347457847
0.0004667129932691694	-0.00025393103799498107	0.00025910053358324525	4.161137456915043e-05	0.0009393770363019804	-0.001493624097164803	-0.00012494394994710945	-0.0006996161374008825
-0.00071906559832291	0.00018293475890751587	0.00044632873225558534	0.0001664301736834517	0.0016258804314344122	-0.0008695301015899659	0.00018710304784064213	-0.0003251597400562023
0.0007787599910566989	0.0003077535580227053	0.0008207851296004876	4.161137456915043e-05	0.0008769676367448298	-0.0009319395011475606	-0.00031217214861944953	-0.000574797338285693
-0.0008438843974380994	5.8115959792992555e-05	0.000508738131812958	0.0004160677719133865	0.0008145582371872351	-0.0007447113024747765	6.228424872567473e-05	-0.00026275034049860757
