Sensor_1	Sensor_2	Sensor_3	Sensor_4	Sensor_5	Sensor_6	Sensor_7	Sensor_8
-0.0008377827200030108	0.003086349012909384	-0.005577051413431233	0.00043238874482254275	0.0013319781842950906	0.0007135069952521889	0.00017930946799626923	0.004202240998141926
-0.00033850752354291913	0.0015885234235297752	-0.00670042060546594	0.0018678049346445569	0.0020184815794270783	0.0018992855868451564	0.0003665376666686093	0.005013563192389103
0.0003479958715895126	0.000777201229282376	-0.007074877002810842	0.0021174425328740476	0.001207159385179457	0.0006510975956950382	-0.0002575563289062277	0.004015012799469142
-0.0006505545213300046	0.0009644294279549381	-0.0070124676032536915	0.002242261331989681	0.001644025182081954	0.001087963392597091	-7.918730676736985e-06	0.004451878596371861
0.0005352240702618527	0.0017133422226445205	-0.007199695801926476	0.0023046707315468318	0.001456796983409392	0.0001518223992351686	-0.00013273752979148234	0.003827784600796802
-0.0005881451217724099	0.0030239396133517893	-0.005826689011660724	0.0024294895306620212	0.0013943875838517972	-0.0010963655919149495	-0.00019514692934907707	0.00295405300699203
0.0005352240702618527	0.003273577211582168	-0.005826689011660724	0.0021798519324316423	0.0006454747891622148	-0.002656600580852153	-7.032813023344353e-05	0.0030788718061072196
-0.0006505545213300046	0.004272127604501241	-0.005701870212546423	0.0024294895306620212	0.0002086089922599399	-0.0034055133755412914	0.00011690006843845246	0.0022051402123024477
0.0007224522689346369	0.004396946403616431	-0.005764279612103129	0.0023046707315468318	8.379019314475045e-05	-0.0023445535830646236	-7.032813023344353e-05	0.002517187210089533
0.0005976334698194474	0.0028367114146796713	-0.0065131924067936	0.002055033133316897	0.0002710183918175346	-0.001845278386604532	-0.00019514692934907707	0.002766824808319912
-0.0005257357222152592	0.002275026818661985	-0.006076326609891103	0.0019302143342021516	0.0009575217869495223	-0.000784318594127642	0.00017930946799626923	0.003390918803894305
0.000472814670704258	0.0008396106288397487	-0.007449333400155966	0.0021174425328740476	0.0011447499856223065	0.00046386939702269814	-7.032813023344353e-05	0.0037653752012396513
-0.0005881451217724099	0.0006523824301671866	-0.007886199197058463	0.002242261331989681	0.0015192063829669866	0.0007135069952521889	5.449066888130183e-05	0.003827784600796802
0.0005352240702618527	0.0005275636310519971	-0.007698970998385901	0.0023046707315468318	0.001269568784737496	0.0003390505979075087	0.00017930946799626923	0.004264650397699521
-0.0004633263226576645	0.0010892482270696835	-0.007698970998385901	0.002242261331989681	0.0009575217869495223	-0.0017828689870469372	-0.00019514692934907707	0.0032661000047800037
0.0005352240702618527	0.002025389220431606	-0.007324514601040777	0.0016181673364144	0.0006454747891622148	-0.002406962982621774	-7.032813023344353e-05	0.0028292342078770627
-0.0007129639208878213	0.0029615302137944166	-0.006263554808563221	0.002242261331989681	0.0007702935882774042	-0.002406962982621774	0.00024171886755386396	0.0030788718061072196
-0.0008377827200030108	0.0038352618075991884	-0.006076326609891103	0.0017429861355295895	0.00014619959270256722	-0.0035927415742140756	-0.0002575563289062277	0.0022675496118600424
0.0007224522689346369	0.0036480336089268484	-0.005452232614316488	0.002055033133316897	8.379019314475045e-05	-0.0030310569781968333	5.449066888130183e-05	0.002329959011417193
-0.000775373320444972	0.0025870738164492924	-0.0067628300050230905	0.0018678049346445569	0.0004582465904894306	-0.0012211843910292508	-0.00013273752979148234	0.0032661000047800037
0.0008472710680491602	0.002275026818661985	-0.006201145409006292	0.0018053955350869622	0.001019931186507561	-0.0007219091945693812	0.00024171886755386396	0.003827784600796802
-0.0008377827200030108	0.0012764764257424677	-0.006450783007236005	-0.000254114650309889	0.0013319781842950906	0.00027664119834991396	0.00017930946799626923	0.005200791391061443
0.0007224522689346369	0.0013388858252996183	-0.006887648804138502	0.0002451605461499806	0.0028298037736746995	0.0015872385890571827	0.00011690006843845246	0.005263200790619482
-0.0005257357222152592	0.0016509328230869258	-0.006263554808563221	0.0002451605461499806	0.0029546225727890008	0.0011503727921546858	0.00011690006843845246	0.004951153792831953
0.0005976334698194474	0.00183816102175971	-0.006201145409006292	-0.00012929585119558773	0.0026425755750019153	0.00027664119834991396	-7.918730676736985e-06	0.004763925594159613
0.0007224522689346369	0.004272127604501241	-0.004828138618741651	0.0002451605461499806	0.00251775677588717	-0.0011587749914725443	0.00011690006843845246	0.0041398315985847756
-0.0005881451217724099	0.00464658400184681	-0.00439127282183871	0.0002451605461499806	0.002268119177656569	-0.001408412589701813	0.00024171886755386396	0.004202240998141926
0.0007848616684917875	0.005021040399191268	-0.004828138618741651	0.0002451605461499806	0.0019560721798694836	-0.0019700971857197214	0.00017930946799626923	0.0038901940003548408
-0.000775373320444972	0.005145859198306901	-0.00439127282183871	-0.00012929585119558773	0.0015192063829669866	-0.0025317817817365196	-0.00013273752979148234	0.003952603399911991
0.0007224522689346369	0.004272127604501241	-0.004516091620953899	0.0003075699457069092	0.0017688439811966994	-0.0010963655919149495	-7.032813023344353e-05	0.004451878596371861
-0.000775373320444972	0.003523214809811659	-0.005389823214758893	-6.6886451637993e-05	0.002268119177656569	0.0004014599974651034	-7.032813023344353e-05	0.004514287995929234
0.0005352240702618527	0.0030239396133517893	-0.0048905480182988015	0.0003075699457069092	0.00307944137190419	0.002148923185074647	0.0003665376666686093	0.005575247788406346
-0.0004633263226576645	0.0023998456177769523	-0.006076326609891103	-4.4770520803982805e-06	0.0030170319723470396	0.001774466787729967	-0.00013273752979148234	0.0053880195897340055
-0.0005257357222152592	0.0025870738164492924	-0.004952957417856396	0.0001827511465923859	0.0035163071688071312	0.001774466787729967	0.00024171886755386396	0.005512838388848751
0.0005352240702618527	0.0025246644168916976	-0.005764279612103129	0.0001827511465923859	0.0030170319723470396	0.0011503727921546858	-7.032813023344353e-05	0.005200791391061443
-0.0005881451217724099	0.0036480336089268484	-0.004952957417856396	0.0002451605461499806	0.0032042601710191576	0.00021423179879231924	0.00017930946799626923	0.005013563192389103
0.0007224522689346369	0.004209718204943647	-0.00439127282183871	0.0002451605461499806	0.002268119177656569	-0.0012835937905872896	0.00017930946799626923	0.0043270597972566716
-0.0006505545213300046	0.004396946403616431	-0.0050777762169711416	0.00012034174703434708	0.0018936627803118888	-0.0013460031901444403	5.449066888130183e-05	0.003827784600796802
0.0005976334698194474	0.004958630999634117	-0.0044536822213963045	0.0001827511465923859	0.0017688439811966994	-0.002032506585277316	-7.032813023344353e-05	0.0037653752012396513
-0.000775373320444972	0.00464658400184681	-0.00426645402272352	-6.6886451637993e-05	0.001456796983409392	-0.0009715467927997601	-0.00031996572846382243	0.004077422199027181
0.0003479958715895126	0.0035856242093692536	-0.0048905480182988015	0.0006820263430524776	0.00289221317323185	0.0004014599974651034	0.0007409940640137336	0.005325610190176855
0.0005352240702618527	0.0028367114146796713	-0.005764279612103129	-0.00012929585119558773	0.0022057097780994184	8.941299967757388e-05	-0.00013273752979148234	0.004514287995929234
-0.0005257357222152592	0.002462255017334547	-0.006825239404580685	0.00012034174703434708	0.00307944137190419	0.001524829189499588	0.00017930946799626923	0.005700066587521535
0.0007224522689346369	0.002275026818661985	-0.006825239404580685	0.0003075699457069092	0.0029546225727890008	0.0009007351939251951	0.00017930946799626923	0.005325610190176855
-0.000775373320444972	0.0021502080195467954	-0.0065756018063511945	-4.4770520803982805e-06	0.0027673943741166607	0.0005262787965794047	-7.918730676736985e-06	0.004888744393274358
0.0006600428693770422	0.002462255017334547	-0.006825239404580685	0.00012034174703434708	0.0025801661754443206	2.7003600119979154e-05	-0.00013273752979148234	0.0043270597972566716
-0.0007129639208878213	0.0035856242093692536	-0.005826689011660724	-6.6886451637993e-05	0.0020184815794270783	-0.0017828689870469372	0.00024171886755386396	0.0038901940003548408
0.0007848616684917875	0.003897671207156561	-0.0050777762169711416	-4.4770520803982805e-06	0.001644025182081954	-0.002282144183506807	0.00011690006843845246	0.003578147002566645
-0.0005881451217724099	0.004084899405829345	-0.004703319819626461	5.7932347477196444e-05	0.000832702987834999	-0.0032182851768693954	-0.00013273752979148234	0.002517187210089533
-0.0005257357222152592	0.003523214809811659	-0.00439127282183871	0.00012034174703434708	0.000832702987834999	-0.0021573253843920615	0.00011690006843845246	0.0028916436074346574
0.0005352240702618527	0.002899120814236378	-0.005389823214758893	5.7932347477196444e-05	0.0005830653896046201	-0.0016580501879321918	-7.032813023344353e-05	0.0028916436074346574
-0.000775373320444972	0.0025246644168916976	-0.005327413815201298	-0.000254114650309889	0.0006454747891622148	-0.0012835937905872896	-0.00031996572846382243	0.0028916436074346574
0.000909680467607421	0.0021502080195467954	-0.005452232614316488	0.0005572075439372881	0.002080890978984229	0.0007759163948097836	0.0004913564657833547	0.004451878596371861
-0.000775373320444972	0.001401295224856991	-0.0067628300050230905	-0.00012929585119558773	0.0021433003785422677	0.0009007351939251951	-7.918730676736985e-06	0.0043270597972566716
0.0006600428693770422	0.0015261140239721804	-0.005951507810775913	0.00012034174703434708	0.0025801661754443206	0.0010255539930399404	5.449066888130183e-05	0.004888744393274358
-0.0005881451217724099	0.0019629798208748994	-0.006201145409006292	0.00012034174703434708	0.002330528577214608	-0.00034745279722492306	-7.032813023344353e-05	0.004514287995929234
0.0005352240702618527	0.0025870738164492924	-0.004952957417856396	0.0002451605461499806	0.00251775677588717	-0.001408412589701813	0.0003041282671110146	0.0043270597972566716
0.0005976334698194474	0.003897671207156561	-0.005639460812988828	-4.4770520803982805e-06	0.0017064345816395488	-0.0021573253843920615	-0.00013273752979148234	0.0037029658016818345
-0.0004633263226576645	0.004833812200519372	-0.004952957417856396	0.0002451605461499806	0.0020184815794270783	-0.002406962982621774	0.00024171886755386396	0.0038901940003548408
0.00041040527114755143	0.00464658400184681	-0.004328863422281559	-6.6886451637993e-05	0.001269568784737496	-0.0034679227750993302	-0.00013273752979148234	0.002766824808319912
-0.0007129639208878213	0.004084899405829345	-0.005015366817413991	-0.00012929585119558773	0.001269568784737496	-0.0019700971857197214	-7.032813023344353e-05	0.004264650397699521
0.0006600428693770422	0.00414730880538694	-0.005202595016086331	0.0003075699457069092	0.0018936627803118888	-0.0009091373932421654	0.0003041282671110146	0.004639106795044423
-0.0004633263226576645	0.003523214809811659	-0.004765729219183612	0.0003075699457069092	0.0026425755750019153	0.0012751915912698752	-7.918730676736985e-06	0.005138381991503849
0.0005976334698194474	0.002025389220431606	-0.006325964208120816	0.0002451605461499806	0.0036411259679214325	0.0020241043859594576	0.00024171886755386396	0.0058248853866367245
-0.0005257357222152592	0.00221261741910439	-0.005764279612103129	0.0002451605461499806	0.0035163071688071312	0.0014624197899426594	0.00024171886755386396	0.005263200790619482
-0.0007129639208878213	0.00221261741910439	-0.006263554808563221	-6.6886451637993e-05	0.003329078970134347	0.0010255539930399404	-7.918730676736985e-06	0.0053880195897340055
0.000472814670704258	0.0035856242093692536	-0.005202595016086331	0.00012034174703434708	0.0030170319723470396	-0.0006594997950124526	-0.00019514692934907707	0.004514287995929234
-0.0004633263226576645	0.004521765202731176	-0.00401681642449403	0.00036997934526450393	0.00289221317323185	-0.0012835937905872896	0.0003041282671110146	0.0043270597972566716
0.0005976334698194474	0.004771402800961333	-0.0044536822213963045	0.00012034174703434708	0.0022057097780994184	-0.0020949159848344667	5.449066888130183e-05	0.0037653752012396513
-0.0005881451217724099	0.00558272499520851	-0.0036423600271491274	0.0001827511465923859	0.002080890978984229	-0.0025941911812945584	0.00017930946799626923	0.0035157376030090504
0.0007224522689346369	0.005083449798749307	-0.0034551318284767873	0.00036997934526450393	0.0020184815794270783	-0.0009091373932421654	0.00011690006843845246	0.0043270597972566716
-0.0005881451217724099	0.004084899405829345	-0.005140185616528736	0.00012034174703434708	0.002080890978984229	-0.0005346809958972631	-0.00013273752979148234	0.004264650397699521
0.00041040527114755143	0.0036480336089268484	-0.005389823214758893	0.00036997934526450393	0.00307944137190419	0.00133760099082747	0.0003665376666686093	0.005325610190176855
0.00041040527114755143	0.0014637046244148078	-0.007074877002810842	-6.6886451637993e-05	0.003141850771461785	0.001961694986402751	-0.00013273752979148234	0.005512838388848751
-0.0005257357222152592	0.0019629798208748994	-0.005826689011660724	0.00036997934526450393	0.0038283541665937726	0.0020865137855170524	0.00024171886755386396	0.0058248853866367245
0.0005976334698194474	0.00183816102175971	-0.005826689011660724	0.0002451605461499806	0.0034538977692495365	0.0012127821917122805	5.449066888130183e-05	0.005075972591946698
-0.0005881451217724099	0.002649483216006887	-0.005889098411218763	-4.4770520803982805e-06	0.00307944137190419	0.0001518223992351686	0.00011690006843845246	0.003827784600796802
0.0006600428693770422	0.00414730880538694	-0.004516091620953899	0.0002451605461499806	0.002330528577214608	-0.0019700971857197214	0.00017930946799626923	0.0035157376030090504
-0.0005257357222152592	0.004584174602289215	-0.00420404462316637	0.0002451605461499806	0.0008951123873919276	-0.0035927415742140756	-0.00019514692934907707	0.0028292342078770627
0.00041040527114755143	0.00464658400184681	-0.004765729219183612	-6.6886451637993e-05	0.0008951123873919276	-0.003717560373329265	5.449066888130183e-05	0.002517187210089533
-0.0005257357222152592	0.004833812200519372	-0.004516091620953899	0.00012034174703434708	0.0005206559900470253	-0.0025317817817365196	-0.00013273752979148234	0.0027044154087618733
-0.00040091692310051386	0.003273577211582168	-0.005015366817413991	0.0003075699457069092	0.001644025182081954	-0.0005970903954548579	0.0003665376666686093	0.003952603399911991
0.000472814670704258	0.0020877986199892007	-0.005389823214758893	-6.6886451637993e-05	0.0013943875838517972	-0.00028504339766732834	-0.00013273752979148234	0.0034533282034518997
-0.0006505545213300046	0.0012764764257424677	-0.006263554808563221	0.0001827511465923859	0.002330528577214608	0.0015872385890571827	5.449066888130183e-05	0.004888744393274358
0.0006600428693770422	0.0009020200283973434	-0.0067628300050230905	0.00012034174703434708	0.0027673943741166607	0.0014000103903850647	5.449066888130183e-05	0.004763925594159613
-0.0006505545213300046	0.0012764764257424677	-0.006076326609891103	0.0001827511465923859	0.0029546225727890008	0.0009631445934827898	-0.00031996572846382243	0.004077422199027181
0.0005352240702618527	0.0014637046244148078	-0.00670042060546594	-0.00019170525075318245	0.0022057097780994184	-0.0015332313888172244	-7.918730676736985e-06	0.0038901940003548408
-0.0007129639208878213	0.0032111678120236853	-0.005826689011660724	0.0003075699457069092	0.0017688439811966994	-0.0030310569781968333	0.00024171886755386396	0.0031412812056648143
0.0007848616684917875	0.004272127604501241	-0.005140185616528736	-0.00012929585119558773	0.0011447499856223065	-0.003343103975984585	-7.032813023344353e-05	0.0032661000047800037
0.000472814670704258	0.005083449798749307	-0.004703319819626461	5.7932347477196444e-05	0.0009575217869495223	-0.0037799697728864157	-0.00013273752979148234	0.00295405300699203
-0.0005257357222152592	0.004771402800961333	-0.00401681642449403	0.0002451605461499806	0.001269568784737496	-0.002906238179081644	0.00024171886755386396	0.0032661000047800037
0.000472814670704258	0.0032111678120236853	-0.005701870212546423	-6.6886451637993e-05	0.0009575217869495223	-0.0016580501879321918	-0.00013273752979148234	0.0034533282034518997
-0.0007129639208878213	0.0027743020151220765	-0.005701870212546423	5.7932347477196444e-05	0.0017688439811966994	-0.0004098621967820737	-7.918730676736985e-06	0.004514287995929234
0.0007848616684917875	0.00183816102175971	-0.005577051413431233	0.00036997934526450393	0.0022057097780994184	0.0008383257943673783	-7.032813023344353e-05	0.005200791391061443
-0.000775373320444972	0.0009644294279549381	-0.006950058203696097	-0.00012929585119558773	0.0032042601710191576	0.0012751915912698752	0.00011690006843845246	0.005138381991503849
0.0005352240702618527	0.0015885234235297752	-0.006263554808563221	0.0002451605461499806	0.0035787165683638378	0.0010255539930399404	0.0003041282671110146	0.005138381991503849
-0.00040091692310051386	0.00221261741910439	-0.006076326609891103	-4.4770520803982805e-06	0.0029546225727890008	-0.00034745279722492306	-0.00013273752979148234	0.004763925594159613
-0.0006505545213300046	0.004334537004058836	-0.0044536822213963045	-6.6886451637993e-05	0.0028298037736746995	-0.0019700971857197214	-7.918730676736985e-06	0.0041398315985847756
0.0007224522689346369	0.005021040399191268	-0.0037671788262636507	0.0002451605461499806	0.0020184815794270783	-0.002843828779524493	-7.918730676736985e-06	0.003578147002566645
-0.0005881451217724099	0.005333087396978797	-0.00401681642449403	0.0001827511465923859	0.0018936627803118888	-0.002843828779524493	5.449066888130183e-05	0.0037653752012396513
0.0005352240702618527	0.005270677997421203	-0.003517541228034382	-4.4770520803982805e-06	0.0013943875838517972	-0.0036551509737716703	-7.918730676736985e-06	0.003578147002566645
-0.0006505545213300046	0.004708993401403738	-0.0037047694267065	-4.4770520803982805e-06	0.0015816157825243593	-0.0021573253843920615	0.00024171886755386396	0.004264650397699521
0.0007848616684917875	0.004084899405829345	-0.004578501020511272	0.0003075699457069092	0.0025801661754443206	0.0001518223992351686	5.449066888130183e-05	0.004576697395486828
-0.0005881451217724099	0.003460805410254064	-0.00439127282183871	-4.4770520803982805e-06	0.0025801661754443206	0.0014000103903850647	-0.00019514692934907707	0.004951153792831953
0.000472814670704258	0.0020877986199892007	-0.006076326609891103	0.0001827511465923859	0.003391488369691942	0.002336151383746987	0.00011690006843845246	0.0060121135853088425
0.0008472710680491602	0.0023998456177769523	-0.005140185616528736	0.00043238874482254275	0.003953172965708962	0.0016496479886147775	0.0003665376666686093	0.005575247788406346
-0.0006505545213300046	0.0023998456177769523	-0.005764279612103129	-4.4770520803982805e-06	0.003391488369691942	0.001087963392597091	-7.918730676736985e-06	0.0053880195897340055
0.0005352240702618527	0.0033983960106964695	-0.005639460812988828	0.00012034174703434708	0.00289221317323185	-0.0004098621967820737	-7.032813023344353e-05	0.004951153792831953
-0.0005257357222152592	0.00464658400184681	-0.0038919976253792843	0.0003075699457069092	0.00289221317323185	-0.0016580501879321918	0.0003041282671110146	0.0037653752012396513
0.0005352240702618527	0.004708993401403738	-0.004328863422281559	5.7932347477196444e-05	0.0018312533807547382	-0.002656600580852153	5.449066888130183e-05	0.0037653752012396513
-0.0006505545213300046	0.005520315595651359	-0.003954407024936435	5.7932347477196444e-05	0.0009575217869495223	-0.0037799697728864157	-0.00038237512802141715	0.002766824808319912
0.00041040527114755143	0.005270677997421203	-0.0037671788262636507	0.00036997934526450393	0.0017688439811966994	-0.001595640788374597	0.00042894706622575995	0.004264650397699521
-0.00033850752354291913	0.004708993401403738	-0.005327413815201298	-4.4770520803982805e-06	0.0018312533807547382	-0.0011587749914725443	-7.918730676736985e-06	0.0041398315985847756
-0.0007129639208878213	0.0028367114146796713	-0.005577051413431233	-4.4770520803982805e-06	0.0022057097780994184	2.7003600119979154e-05	-0.00013273752979148234	0.004389469196814266
0.0007224522689346369	0.0016509328230869258	-0.006950058203696097	0.00043238874482254275	0.00289221317323185	0.0016496479886147775	0.00024171886755386396	0.005450428989292044
-0.0007129639208878213	0.0013388858252996183	-0.007262105201483182	-0.00012929585119558773	0.003141850771461785	0.0014000103903850647	-7.032813023344353e-05	0.005325610190176855
0.0006600428693770422	0.00183816102175971	-0.0065756018063511945	0.0003075699457069092	0.003391488369691942	0.0010255539930399404	0.00011690006843845246	0.00563765718796394
-0.0005881451217724099	0.002025389220431606	-0.006950058203696097	0.0001827511465923859	0.003391488369691942	0.0007135069952521889	-0.00031996572846382243	0.004202240998141926
0.0003479958715895126	0.003086349012909384	-0.00638837360767841	-0.000254114650309889	0.0020184815794270783	-0.0027190099804093038	0.00024171886755386396	0.0043270597972566716
-0.0004633263226576645	0.004334537004058836	-0.004828138618741651	0.00012034174703434708	0.0007078841887193654	-0.0037799697728864157	-7.918730676736985e-06	0.0038901940003548408
0.0006600428693770422	0.004708993401403738	-0.00439127282183871	5.7932347477196444e-05	0.0005830653896046201	-0.004466473168018847	5.449066888130183e-05	0.003640556402124684
0.000472814670704258	0.004584174602289215	-0.004828138618741651	-0.000254114650309889	-0.0003530756037577465	-0.004404063768461253	-0.00019514692934907707	0.0030788718061072196
-0.0002760981239853244	0.004334537004058836	-0.0055146420138736385	0.00043238874482254275	0.0009575217869495223	-0.0017828689870469372	0.0005537658653409494	0.005075972591946698
0.00041040527114755143	0.002649483216006887	-0.00638837360767841	-0.00019170525075318245	0.0006454747891622148	-0.0014708219892596297	-0.0002575563289062277	0.004576697395486828
-0.0006505545213300046	0.0012140670261844289	-0.006950058203696097	-6.6886451637993e-05	0.0015192063829669866	0.0010255539930399404	-7.918730676736985e-06	0.006761026379999091
0.0007224522689346369	0.0002779260328225064	-0.007948608596615614	0.0001827511465923859	0.002330528577214608	0.002773017180649484	0.00017930946799626923	0.007197892176901144
-0.0005881451217724099	0.000340335432379657	-0.006887648804138502	0.00012034174703434708	0.002080890978984229	0.0020865137855170524	-7.918730676736985e-06	0.006885845179113614
0.0006600428693770422	0.00021551663326491166	-0.007137286402367993	0.00012034174703434708	0.0018936627803118888	0.0011503727921546858	5.449066888130183e-05	0.007385120375573484
-0.0005881451217724099	0.001401295224856991	-0.005140185616528736	0.0003075699457069092	0.0013319781842950906	-0.0010339561923573548	0.00024171886755386396	0.006761026379999091
-0.0007129639208878213	0.003710443008483999	-0.0048905480182988015	-0.00012929585119558773	-4.102860597021696e-05	-0.0027190099804093038	-0.00013273752979148234	0.0062617511835392214
0.000472814670704258	0.004833812200519372	-0.004952957417856396	-0.00012929585119558773	-0.0007899414006600214	-0.003904788572001605	-0.00031996572846382243	0.006074522984866659
-0.00040091692310051386	0.005769953193881294	-0.0035799506275910886	0.00036997934526450393	-0.0003530756037577465	-0.0035927415742140756	0.0003665376666686093	0.006698616980441052
0.00041040527114755143	0.0044593558031740255	-0.005202595016086331	-0.000254114650309889	-0.0009147601997754329	-0.002906238179081644	-0.00031996572846382243	0.00794680497159117
-0.0006505545213300046	0.003710443008483999	-0.006076326609891103	-6.6886451637993e-05	0.0003958371909318359	-0.0006594997950124526	5.449066888130183e-05	0.008258851969378256
0.0006600428693770422	0.0025870738164492924	-0.006450783007236005	0.0001827511465923859	0.002268119177656569	0.0036467487744547	0.0003665376666686093	0.009631858759644008
-0.00040091692310051386	0.0010268388275120888	-0.007324514601040777	-6.6886451637993e-05	0.0022057097780994184	0.003397111176224321	-0.0002575563289062277	0.009319811761856034
0.000472814670704258	2.8288434592127487e-05	-0.007262105201483182	0.0001827511465923859	0.002330528577214608	0.0035843393748971053	5.449066888130183e-05	0.009943905757430649
0.0007224522689346369	0.0011516576266268341	-0.007137286402367993	0.00036997934526450393	0.0023929379767719805	0.002835426580207079	0.00024171886755386396	0.010318362154775995
-0.0007129639208878213	0.0023998456177769523	-0.0065756018063511945	-0.00019170525075318245	0.001207159385179457	0.00046386939702269814	-0.00019514692934907707	0.009819086958315904
0.0005976334698194474	0.0038352618075991884	-0.005015366817413991	0.00012034174703434708	8.379019314475045e-05	-0.001408412589701813	-7.918730676736985e-06	0.009507039960528374
-0.0005257357222152592	0.004708993401403738	-0.0048905480182988015	0.00012034174703434708	-0.0005403038024296425	-0.002032506585277316	0.00011690006843845246	0.009070174163626321
0.0005352240702618527	0.005145859198306901	-0.004828138618741651	-6.6886451637993e-05	-0.001289216597120113	-0.003343103975984585	-0.00019514692934907707	0.009319811761856034
-0.0007129639208878213	0.004896221600076522	-0.004578501020511272	-0.00019170525075318245	-0.0007899414006600214	-0.0011587749914725443	0.00011690006843845246	0.009631858759644008
0.0007224522689346369	0.0037728524080415937	-0.006263554808563221	-4.4770520803982805e-06	0.0002710183918175346	0.0005886881961378876	-7.918730676736985e-06	0.010068724556545616
-0.0006505545213300046	0.0028367114146796713	-0.007823789797500869	-0.000254114650309889	0.0003958371909318359	0.001774466787729967	-0.00031996572846382243	0.009943905757430649
-0.0005881451217724099	0.0006523824301671866	-0.008884749589978425	0.0002451605461499806	0.001644025182081954	0.0039587957722422296	0.00017930946799626923	0.011878597143712755
0.0007848616684917875	0.0002779260328225064	-0.008447883793075261	0.0002451605461499806	0.0019560721798694836	0.0037715675735694454	0.00024171886755386396	0.01194100654327035
-0.0008377827200030108	2.8288434592127487e-05	-0.008572702592190895	-0.00019170525075318245	0.001207159385179457	0.002835426580207079	-0.0002575563289062277	0.011878597143712755
0.000472814670704258	0.0008396106288397487	-0.008759930790863235	-0.00012929585119558773	0.0003958371909318359	0.001524829189499588	-0.0002575563289062277	0.012003415942827944
-0.00040091692310051386	0.0025870738164492924	-0.00670042060546594	0.0002451605461499806	2.1380793587377767e-05	8.941299967757388e-05	-0.0004447845275785678	0.01075522795167827
0.000472814670704258	0.0028367114146796713	-0.00670042060546594	-0.000254114650309889	-0.0024125857891548197	-0.002656600580852153	-7.918730676736985e-06	0.011254503148138362
-0.0005881451217724099	0.0036480336089268484	-0.006450783007236005	-4.4770520803982805e-06	-0.002787042186499722	-0.0031558757773120227	-0.00019514692934907707	0.01075522795167827
0.0005976334698194474	0.00414730880538694	-0.006201145409006292	-6.6886451637993e-05	-0.0024749951887121924	-0.0021573253843920615	-7.032813023344353e-05	0.010880046750792793
0.0005976334698194474	0.0027743020151220765	-0.007449333400155966	5.7932347477196444e-05	-0.0016636729944650153	-0.0007219091945693812	-7.918730676736985e-06	0.010942456150350832
-0.0007129639208878213	0.0015885234235297752	-0.007761380397943274	-0.00012929585119558773	-0.0009771695993321394	0.00046386939702269814	-0.00013273752979148234	0.01044318095389074
0.0007848616684917875	0.00021551663326491166	-0.00869752139130564	0.0002451605461499806	-0.00016584740508496232	0.002148923185074647	0.00011690006843845246	0.010880046750792793
-0.0005257357222152592	-0.00040857736230992536	-0.009446434185995223	-6.6886451637993e-05	0.0005830653896046201	0.0029602453793222683	-7.918730676736985e-06	0.011504140746367852
0.0005352240702618527	-0.0005333961614251148	-0.00907197778865032	-4.4770520803982805e-06	0.0002086089922599399	0.0025233795824195493	-7.918730676736985e-06	0.012315462940615474
-0.0005881451217724099	-0.0001589397640802126	-0.009259205987323105	-4.4770520803982805e-06	-0.0007275320011024267	0.0005886881961378876	-0.00013273752979148234	0.012253053541057435
0.0005352240702618527	0.000777201229282376	-0.008759930790863235	-0.00019170525075318245	-0.00191331059269495	-0.0008467279936850147	-0.00031996572846382243	0.012128234741943134
-0.0008377827200030108	0.0017757516222021152	-0.006950058203696097	-4.4770520803982805e-06	-0.0024125857891548197	-0.0017828689870469372	-0.00013273752979148234	0.01194100654327035
-0.0005881451217724099	0.003335986611139319	-0.0065756018063511945	-0.00019170525075318245	-0.002787042186499722	-0.002469372382179813	-0.00019514692934907707	0.011878597143712755
0.0005352240702618527	0.003273577211582168	-0.006138736009448698	-4.4770520803982805e-06	-0.0032863173829598136	-0.0025317817817365196	-0.0002575563289062277	0.011504140746367852
-0.0005257357222152592	0.0027118926155640377	-0.0070124676032536915	5.7932347477196444e-05	-0.0022877669900396302	-0.0009715467927997601	0.00011690006843845246	0.012003415942827944
0.0005352240702618527	0.00183816102175971	-0.007948608596615614	-6.6886451637993e-05	-0.0015388541953498258	-9.781519899498825e-05	-0.00013273752979148234	0.011254503148138362
-0.000775373320444972	0.0007147918297245592	-0.008260655594403143	-0.00019170525075318245	-0.0009771695993321394	0.001524829189499588	0.0003041282671110146	0.011878597143712755
0.0007848616684917875	2.8288434592127487e-05	-0.009134387188207693	0.0003075699457069092	0.0008951123873919276	0.0035219299753395106	-7.032813023344353e-05	0.012190644141500728
-0.0007129639208878213	-0.0002837585631947359	-0.00907197778865032	-0.00019170525075318245	0.0004582465904894306	0.0030850641784370136	-0.00031996572846382243	0.012253053541057435
0.000472814670704258	-0.0002837585631947359	-0.008572702592190895	0.0003075699457069092	0.0007078841887193654	0.0031474735779946084	0.0003041282671110146	0.013688469730879893
0.0007848616684917875	0.0015885234235297752	-0.007636561598828306	0.0002451605461499806	-0.00022825680464255704	0.001524829189499588	5.449066888130183e-05	0.013314013333535435
-0.000775373320444972	0.0020877986199892007	-0.006950058203696097	-0.00019170525075318245	-0.0018509011931369113	8.941299967757388e-05	-0.0002575563289062277	0.013001966335747905
0.0003479958715895126	0.0027118926155640377	-0.0070124676032536915	-0.000254114650309889	-0.002599813987827382	-0.0010339561923573548	-0.0005071939271361625	0.012689919337959932
-0.00021368872442772968	0.003960080606714378	-0.005140185616528736	0.0004947981443796934	-0.0018509011931369113	-0.0005346809958972631	0.0004913564657833547	0.01175377834459801
0.00041040527114755143	0.0028367114146796713	-0.006076326609891103	-0.0003165240498674837	-0.0028494515860568725	-0.0010963655919149495	-7.032813023344353e-05	0.012065825342385539
-0.0006505545213300046	0.0027118926155640377	-0.006825239404580685	-6.6886451637993e-05	-0.0009147601997754329	0.001524829189499588	-0.00019514692934907707	0.011441731346810702
0.0005352240702618527	0.0019005704213168606	-0.007137286402367993	0.00036997934526450393	0.0005206559900470253	0.0037091581740118507	0.00042894706622575995	0.011878597143712755
-0.0002760981239853244	0.0010892482270696835	-0.008884749589978425	-0.00012929585119558773	0.0007078841887193654	0.003833976973126596	-0.0002575563289062277	0.011129684349023172
-0.0007129639208878213	-0.00022134916363758528	-0.008135836795287954	-6.6886451637993e-05	0.0008951123873919276	0.004395661569144282	-0.00013273752979148234	0.011566550145925225
0.0006600428693770422	-0.00034616796275233064	-0.008198246194845993	0.0001827511465923859	0.00033342779137512935	0.004146023970914792	5.449066888130183e-05	0.011691368945040637
-0.000775373320444972	0.0002779260328225064	-0.008135836795287954	-0.00019170525075318245	-0.00022825680464255704	0.0031474735779946084	-0.00019514692934907707	0.012128234741943134
0.0005976334698194474	0.0011516576266268341	-0.006638011205908789	-0.00012929585119558773	-0.0014764447957924531	0.0018368761872871175	-0.0002575563289062277	0.012128234741943134
-0.0006505545213300046	0.0019629798208748994	-0.006013917210333508	-4.4770520803982805e-06	-0.002537404588269343	0.0010255539930399404	5.449066888130183e-05	0.012003415942827944
0.0007224522689346369	0.0028367114146796713	-0.005639460812988828	0.0001827511465923859	-0.003785592579419683	-0.0004098621967820737	-0.0002575563289062277	0.011504140746367852
-0.0006505545213300046	0.002899120814236378	-0.005202595016086331	-0.00012929585119558773	-0.003598364380746899	-9.781519899498825e-05	-0.0002575563289062277	0.011316912547695956
0.0005352240702618527	0.002275026818661985	-0.0067628300050230905	0.0001827511465923859	-0.00191331059269495	0.0014000103903850647	5.449066888130183e-05	0.011192093748580767
0.0003479958715895126	-3.412096496502315e-05	-0.007449333400155966	-0.0003165240498674837	-0.0017884917935802047	0.0020241043859594576	-0.0004447845275785678	0.009444630560971223
-0.0006505545213300046	-0.0009702619583276118	-0.008260655594403143	-4.4770520803982805e-06	-0.00029066620420015177	0.0036467487744547	-7.918730676736985e-06	0.009507039960528374
0.0005976334698194474	-0.0012198995565571025	-0.008510293192633522	5.7932347477196444e-05	0.0007702935882774042	0.004333252169586688	-0.00013273752979148234	0.009631858759644008
-0.0005881451217724099	-0.0014071277552294426	-0.007761380397943274	0.00012034174703434708	0.0007078841887193654	0.004770117966489185	0.00017930946799626923	0.009943905757430649
0.0006600428693770422	-0.001344718355672292	-0.008011017996173209	5.7932347477196444e-05	-4.102860597021696e-05	0.0036467487744547	-0.00013273752979148234	0.010193543355660806
-0.0006505545213300046	-0.0001589397640802126	-0.007262105201483182	-0.00012929585119558773	-0.002724632786942127	0.0012751915912698752	-7.918730676736985e-06	0.010068724556545616
0.0006600428693770422	0.0007147918297245592	-0.005826689011660724	-0.0005661616480976406	-0.004472095974552115	-0.0005970903954548579	-0.0005696033266937572	0.009943905757430649
-0.0009626015191177562	0.0012140670261844289	-0.0050777762169711416	0.00012034174703434708	-0.0043472771754369255	-0.0004722715963401125	-7.918730676736985e-06	0.010692818552120675
-0.0006505545213300046	0.0021502080195467954	-0.005639460812988828	-0.00019170525075318245	-0.005096189970126508	-3.5405799437393526e-05	-0.00019514692934907707	0.01075522795167827
0.0007224522689346369	0.0015885234235297752	-0.006638011205908789	0.0001827511465923859	-0.0034735455816321537	0.0010255539930399404	0.00011690006843845246	0.010880046750792793
-0.0007129639208878213	0.00046515423149484647	-0.007511742799713561	-0.0003165240498674837	-0.0022253575904820355	0.002211332584632242	-0.00031996572846382243	0.009943905757430649
0.000472814670704258	-0.0007206243600970108	-0.008135836795287954	-6.6886451637993e-05	-0.0012268071975625183	0.0037715675735694454	-0.0002575563289062277	0.010006315156988244
-0.00033850752354291913	-0.001344718355672292	-0.008635111991748046	0.0002451605461499806	0.0009575217869495223	0.0053942119620638	-7.032813023344353e-05	0.009881496357873498
0.0005352240702618527	-0.0020312217508047237	-0.008884749589978425	-6.6886451637993e-05	-0.00022825680464255704	0.005331802562506649	-0.0002575563289062277	0.011067274949465578
-0.0007129639208878213	-0.0019064029516895342	-0.008947158989535131	0.00012034174703434708	-0.0010395789988897342	0.004582889767817067	-7.918730676736985e-06	0.012440281739730441
0.0005976334698194474	-0.0007830337596550496	-0.007511742799713561	0.00012034174703434708	-0.0022253575904820355	0.0039587957722422296	0.00011690006843845246	0.013750879130437488
0.000472814670704258	0.0010892482270696835	-0.007386924000598372	-0.00019170525075318245	-0.00459691477366686	0.0020865137855170524	-0.0002575563289062277	0.01393810732911005
-0.0005881451217724099	0.0025870738164492924	-0.007074877002810842	-6.6886451637993e-05	-0.004908961771454168	0.0016496479886147775	-0.00013273752979148234	0.014874248322472416
0.0006600428693770422	0.002899120814236378	-0.006450783007236005	5.7932347477196444e-05	-0.005096189970126508	0.001774466787729967	-7.918730676736985e-06	0.014874248322472416
-0.0008377827200030108	0.0021502080195467954	-0.007262105201483182	-0.0003165240498674837	-0.005158599369684103	0.002398560783304582	-0.00031996572846382243	0.013750879130437488
0.0005976334698194474	0.0015261140239721804	-0.008572702592190895	-0.00019170525075318245	-0.0037231831798620885	0.00345952057578236	-7.032813023344353e-05	0.013314013333535435
-0.0005881451217724099	0.000777201229282376	-0.008759930790863235	5.7932347477196444e-05	-0.0009147601997754329	0.00720408454923116	0.00011690006843845246	0.012814738137075565
0.0008472710680491602	-0.0005958055609827095	-0.009633662384668007	-0.00012929585119558773	8.379019314475045e-05	0.007828178544806219	-7.032813023344353e-05	0.012814738137075565
-0.000775373320444972	-0.0011574901569999518	-0.009820890583340347	-4.4770520803982805e-06	-0.00029066620420015177	0.008202634942151121	-0.00019514692934907707	0.013189194534420245
-0.0005257357222152592	-0.0007830337596550496	-0.009758481183783196	0.00012034174703434708	-0.0006651226015448319	0.00776576914524818	5.449066888130183e-05	0.01443738252556992
0.0006600428693770422	9.069783414972221e-05	-0.00919679658776551	-0.00012929585119558773	-0.0016636729944650153	0.006205534156311421	-0.00019514692934907707	0.014687020123799854
-0.0005257357222152592	0.0009644294279549381	-0.007886199197058463	-6.6886451637993e-05	-0.003411136182074559	0.0053942119620638	-7.918730676736985e-06	0.015186295320259946
0.0005352240702618527	0.00183816102175971	-0.007823789797500869	-0.00012929585119558773	-0.00459691477366686	0.0039587957722422296	-0.0004447845275785678	0.015685570516720038
-0.0005257357222152592	0.0023998456177769523	-0.007199695801926476	-4.4770520803982805e-06	-0.004721733572781384	0.00402120517179938	-0.0005071939271361625	0.01443738252556992
0.000472814670704258	0.00183816102175971	-0.007698970998385901	-0.0003165240498674837	-0.0049713711710117625	0.005331802562506649	-0.00031996572846382243	0.01443738252556992
-0.0007129639208878213	0.0016509328230869258	-0.00869752139130564	0.0003075699457069092	-0.0030990891842872514	0.007640950346133879	0.00024171886755386396	0.013813288529995082
0.000909680467607421	0.0010268388275120888	-0.0102577563802424	-0.0005037522485402679	-0.0030366797847294347	0.00882672893772618	-0.0005071939271361625	0.012440281739730441
0.0006600428693770422	-0.0012823089561146972	-0.011256306773162361	-6.6886451637993e-05	-0.0016012635949074205	0.009700460531531174	-0.00019514692934907707	0.012253053541057435
-0.0004633263226576645	-0.0014071277552294426	-0.010881850375817903	0.00012034174703434708	-0.0009771695993321394	0.011135876721353188	5.449066888130183e-05	0.013001966335747905
0.0007224522689346369	-0.0017815841525747889	-0.010694622177145119	0.0001827511465923859	-0.0019757199922521007	0.010948648522680182	0.00011690006843845246	0.013438832132650402
-0.0006505545213300046	-0.0010326713578852065	-0.010819440976260308	-0.00019170525075318245	-0.002537404588269343	0.009388413533742979	-0.00019514692934907707	0.013438832132650402
0.00041040527114755143	-0.0005958055609827095	-0.010070528181570504	-0.00019170525075318245	-0.004160048976764141	0.007703359745691474	5.449066888130183e-05	0.01406292612822524
-0.0004633263226576645	0.00046515423149484647	-0.008572702592190895	-6.6886451637993e-05	-0.005907512164374129	0.004832527366046779	-0.0005071939271361625	0.013189194534420245
0.0003479958715895126	0.0009020200283973434	-0.008947158989535131	-0.00019170525075318245	-0.005720283965701345	0.0052069837633914595	-0.00019514692934907707	0.01312678513486265
-0.0005881451217724099	0.0015261140239721804	-0.008073427395730803	-4.4770520803982805e-06	-0.005345827568356443	0.005456621361621394	-7.918730676736985e-06	0.012502691139288036
-0.0010250109186753509	0.00021551663326491166	-0.009571252985110412	-0.0005661616480976406	-0.004721733572781384	0.0056438495602941785	-0.0005696033266937572	0.010942456150350832
0.0006600428693770422	-0.0005958055609827095	-0.009446434185995223	-6.6886451637993e-05	-0.0037231831798620885	0.007828178544806219	-0.0002575563289062277	0.010006315156988244
-0.0004633263226576645	-0.0012198995565571025	-0.009696071784225602	0.0001827511465923859	-0.002599813987827382	0.009762869931088325	0.00017930946799626923	0.009694268159200714
0.000472814670704258	-0.001968812351247573	-0.01100666917493287	-0.00019170525075318245	-0.002350176389597003	0.009950098129761109	-0.0002575563289062277	0.009319811761856034
-0.0005881451217724099	-0.0019064029516895342	-0.010382575179358033	-0.00019170525075318245	-0.002537404588269343	0.011510333118698313	-0.0002575563289062277	0.009819086958315904
0.0005976334698194474	-0.0020312217508047237	-0.010507393978472779	-6.6886451637993e-05	-0.003348726782516964	0.010262145127547972	0.00017930946799626923	0.010942456150350832
-0.0005257357222152592	-0.0007830337596550496	-0.009633662384668007	-0.000254114650309889	-0.005283418168799292	0.009138775935513044	-0.00031996572846382243	0.011316912547695956
0.0005976334698194474	-0.00034616796275233064	-0.008323064993960738	-4.4770520803982805e-06	-0.006032330963488874	0.00814022554259397	-7.918730676736985e-06	0.012627509938402781
0.0006600428693770422	0.0010268388275120888	-0.008385474393518333	-6.6886451637993e-05	-0.006594015559506561	0.0073289033483463495	-0.00013273752979148234	0.01275232873751797
-0.0006505545213300046	0.0007147918297245592	-0.008198246194845993	-0.00044134284898245113	-0.007218109555080954	0.007828178544806219	-0.00038237512802141715	0.012877147536632716
0.0005352240702618527	0.00046515423149484647	-0.00907197778865032	-0.00019170525075318245	-0.006718834358620862	0.007952997343921187	-0.00031996572846382243	0.01275232873751797
-0.0006505545213300046	-0.0001589397640802126	-0.009633662384668007	-0.00019170525075318245	-0.005470646367471632	0.00957564173241554	-0.00019514692934907707	0.011441731346810702
0.0005352240702618527	-0.001344718355672292	-0.010008118782012687	-0.00019170525075318245	-0.005158599369684103	0.011510333118698313	-7.918730676736985e-06	0.011254503148138362
-0.0005881451217724099	-0.0016567653534598215	-0.010444984578915184	-6.6886451637993e-05	-0.002974270385172062	0.013195386906750262	-0.0002575563289062277	0.010505590353447891
0.0005352240702618527	-0.0020312217508047237	-0.010569803378030374	0.0001827511465923859	-0.002974270385172062	0.014193937299670223	0.0003041282671110146	0.011192093748580767
-0.00033850752354291913	-0.0016567653534598215	-0.009446434185995223	-6.6886451637993e-05	-0.0039104113785344286	0.012196836513830744	-0.00013273752979148234	0.010942456150350832
-0.0007129639208878213	-0.00034616796275233064	-0.008510293192633522	-0.00019170525075318245	-0.004721733572781384	0.011260695520467934	-0.00019514692934907707	0.011379321947252663
0.0007848616684917875	0.0005275636310519971	-0.007262105201483182	0.00012034174703434708	-0.005907512164374129	0.010262145127547972	5.449066888130183e-05	0.012003415942827944
-0.0008377827200030108	0.0010892482270696835	-0.007698970998385901	-0.00037893344942507845	-0.006843653157736496	0.008452272540381056	-0.0004447845275785678	0.012128234741943134
0.0007224522689346369	0.0016509328230869258	-0.006825239404580685	-6.6886451637993e-05	-0.006968471956851241	0.009076366535955449	-7.918730676736985e-06	0.01275232873751797
-0.0006505545213300046	0.0011516576266268341	-0.007574152199270712	-0.000254114650309889	-0.007842203550656235	0.009950098129761109	-7.032813023344353e-05	0.012689919337959932
0.0006600428693770422	0.000777201229282376	-0.008447883793075261	-6.6886451637993e-05	-0.005470646367471632	0.012571292911175425	-0.0002575563289062277	0.01175377834459801
-0.0007129639208878213	-0.0005333961614251148	-0.009134387188207693	0.00012034174703434708	-0.004721733572781384	0.014505984297457086	-7.032813023344353e-05	0.011504140746367852
0.0005976334698194474	-0.0014071277552294426	-0.010008118782012687	0.0003075699457069092	-0.0030990891842872514	0.015192487692589962	0.0003665376666686093	0.011566550145925225
0.0003479958715895126	-0.0029049533446090514	-0.010195346980685693	-0.00037893344942507845	-0.0043472771754369255	0.0150052594939174	-0.0004447845275785678	0.010318362154775995
-0.00040091692310051386	-0.0017191747530171941	-0.009259205987323105	5.7932347477196444e-05	-0.0045345053741088215	0.01469321249612987	0.00011690006843845246	0.011504140746367852
0.0005352240702618527	-0.0011574901569999518	-0.00900956838909317	-0.00012929585119558773	-0.005283418168799292	0.012196836513830744	-0.00019514692934907707	0.011129684349023172
-0.0006505545213300046	-9.653036452261787e-05	-0.007449333400155966	-0.0003165240498674837	-0.006469196760391371	0.011697561317370653	-0.0002575563289062277	0.011628959545483042
0.0006600428693770422	0.0006523824301671866	-0.0070124676032536915	-6.6886451637993e-05	-0.007654975351983673	0.0101997357279906	-0.00031996572846382243	0.01194100654327035
-0.0007129639208878213	0.0013388858252996183	-0.007324514601040777	-0.00019170525075318245	-0.008341478747116104	0.010761420324007842	-7.032813023344353e-05	0.011878597143712755
0.0006600428693770422	0.0011516576266268341	-0.0070124676032536915	-0.00019170525075318245	-0.008154250548444208	0.011135876721353188	-0.00019514692934907707	0.011441731346810702
-0.0007129639208878213	0.00040274483193725175	-0.009446434185995223	-0.00012929585119558773	-0.007030881356408836	0.012072017714715555	-0.00031996572846382243	0.010692818552120675
-0.0004633263226576645	-0.0018439935521323836	-0.009571252985110412	-6.6886451637993e-05	-0.006281968561719031	0.014443574897899492	-7.918730676736985e-06	0.010318362154775995
0.00041040527114755143	-0.002842543945052345	-0.010507393978472779	-0.00019170525075318245	-0.0055954651665865995	0.014193937299670223	-0.00031996572846382243	0.009694268159200714
-0.0006505545213300046	-0.00278013454549475	-0.010008118782012687	-0.00012929585119558773	-0.0045345053741088215	0.014318756098784746	-7.032813023344353e-05	0.009881496357873498
0.0005976334698194474	-0.00278013454549475	-0.009384024786438072	-4.4770520803982805e-06	-0.005657874566144194	0.014131527900112184	-0.0002575563289062277	0.011067274949465578
-0.0005257357222152592	-0.0018439935521323836	-0.008884749589978425	-4.4770520803982805e-06	-0.005907512164374129	0.012820930509405581	-0.0004447845275785678	0.010630409152563525
0.0003479958715895126	-0.0014071277552294426	-0.008635111991748046	-0.00044134284898245113	-0.00859111634534604	0.010574192125335502	-0.00019514692934907707	0.011379321947252663
-0.0006505545213300046	-9.653036452261787e-05	-0.007449333400155966	0.00012034174703434708	-0.0084038881466737	0.009201185335070639	5.449066888130183e-05	0.011192093748580767
0.0007848616684917875	0.0006523824301671866	-0.007636561598828306	-0.0005661616480976406	-0.008840753943576196	0.009013957136398743	-0.0004447845275785678	0.0102559527552184
0.0005976334698194474	0.00021551663326491166	-0.007574152199270712	-0.00012929585119558773	-0.008715935144461007	0.010324554527105567	-0.00019514692934907707	0.009943905757430649
-0.0004633263226576645	-0.00022134916363758528	-0.008447883793075261	-4.4770520803982805e-06	-0.0070932907559664304	0.011011057922238221	-7.918730676736985e-06	0.009943905757430649
0.000472814670704258	-0.001344718355672292	-0.00882234019042083	-0.00019170525075318245	-0.0066564249590641555	0.01238406471250264	-0.0002575563289062277	0.009194992962740844
-0.0005881451217724099	-0.0020312217508047237	-0.00882234019042083	-6.6886451637993e-05	-0.006531606159948966	0.013819480902325099	-0.00013273752979148234	0.010380771554333146
0.0005352240702618527	-0.002343268748592253	-0.009633662384668007	-4.4770520803982805e-06	-0.006094740363046469	0.013445024504979974	0.00017930946799626923	0.011691368945040637
-0.00040091692310051386	-0.002405678148149626	-0.00869752139130564	0.00012034174703434708	-0.008466297546231294	0.013320205705865007	-0.0005071939271361625	0.01194100654327035
0.0003479958715895126	-0.0025304969472648153	-0.00900956838909317	-6.6886451637993e-05	-0.008341478747116104	0.012321655312945046	-7.032813023344353e-05	0.013563650931764704
-0.0005881451217724099	-0.0010326713578852065	-0.007449333400155966	5.7932347477196444e-05	-0.009340029140036066	0.012072017714715555	-7.032813023344353e-05	0.013626060331322742
-0.0007129639208878213	2.8288434592127487e-05	-0.007199695801926476	-0.0003165240498674837	-0.010151351334283243	0.011198286120910783	-0.00031996572846382243	0.013501241532207997
0.0003479958715895126	0.00046515423149484647	-0.007511742799713561	-0.00044134284898245113	-0.009714485537380968	0.010012507529318704	-0.0005071939271361625	0.012440281739730441
-0.0004633263226576645	0.0011516576266268341	-0.006638011205908789	0.0001827511465923859	-0.008965572742690942	0.011947198915600366	5.449066888130183e-05	0.012565100538845186
0.013017103981759481	-0.0015943559539022267	-0.00919679658776551	5.7932347477196444e-05	-0.010900264128972825	0.010636601524893097	5.449066888130183e-05	-0.021323203420870795
0.20636142381085865	-0.03367278732645129	-0.04221136895367672	-0.0018767590388051314	-0.04422688349267179	-0.0165114872826142	-0.00019514692934907707	0.009070174163626321
0.0069009828251258565	-0.0017815841525747889	-0.00919679658776551	-0.00012929585119558773	-0.007592565952426522	0.013257796306307412	-7.918730676736985e-06	0.009756677558758309
0.0037805128472514493	-0.0017191747530171941	-0.008510293192633522	-0.00019170525075318245	-0.007467747153311333	0.012571292911175425	-0.0002575563289062277	0.009756677558758309
0.0041549692445963515	-0.0016567653534598215	-0.007199695801926476	-6.6886451637993e-05	-0.007779794151098418	0.013382615105422602	-7.032813023344353e-05	0.010942456150350832
0.0026571436552167427	-0.00034616796275233064	-0.0067628300050230905	0.00012034174703434708	-0.008091841148885726	0.012072017714715555	0.00011690006843845246	0.011004865549908427
3.594887380220513e-05	0.0002779260328225064	-0.00638837360767841	-0.000254114650309889	-0.00859111634534604	0.011447923719140274	-0.00019514692934907707	0.011067274949465578
0.00041040527114755143	0.0007147918297245592	-0.005701870212546423	-6.6886451637993e-05	-0.009589666738265779	0.01188478951604277	-0.0002575563289062277	0.011254503148138362
-0.00040091692310051386	0.0010268388275120888	-0.006138736009448698	5.7932347477196444e-05	-0.009776894936938563	0.011947198915600366	-7.918730676736985e-06	0.011504140746367852
0.0007224522689346369	0.0008396106288397487	-0.006450783007236005	-6.6886451637993e-05	-0.009901713736052864	0.012321655312945046	-0.0002575563289062277	0.010692818552120675
-0.0010874203182325015	0.00040274483193725175	-0.00638837360767841	-0.0003165240498674837	-0.009776894936938563	0.012508883511617386	-7.032813023344353e-05	0.010505590353447891
0.0019082308605267162	0.00015310723370776103	-0.007199695801926476	5.7932347477196444e-05	-0.008903163343133347	0.013070568107635516	0.00011690006843845246	0.010692818552120675
-2.6460525755389597e-05	-0.0002837585631947359	-0.0065756018063511945	-0.00019170525075318245	-0.009527257338708628	0.012446474112059791	-0.0002575563289062277	0.010006315156988244
0.0005352240702618527	-0.0009702619583276118	-0.006887648804138502	-0.00044134284898245113	-0.008840753943576196	0.011011057922238221	-0.0004447845275785678	0.009819086958315904
0.001346546264509474	-0.0004709867618675201	-0.005701870212546423	0.0006196169434944387	-0.008528706945788445	0.011510333118698313	0.0006161752648985441	0.010630409152563525
-0.001399467316020031	-0.0007830337596550496	-0.0055146420138736385	-0.00019170525075318245	-0.009901713736052864	0.011260695520467934	-0.00019514692934907707	0.010692818552120675
0.0005976334698194474	-0.00040857736230992536	-0.005951507810775913	-4.4770520803982805e-06	-0.010400988932512956	0.0101997357279906	-0.00013273752979148234	0.011316912547695956
-0.002085970711152463	0.00021551663326491166	-0.0055146420138736385	-0.00012929585119558773	-0.010900264128972825	0.011073467321795594	-0.00019514692934907707	0.010817637351235865
-0.0006505545213300046	0.0002779260328225064	-0.0055146420138736385	-4.4770520803982805e-06	-0.010900264128972825	0.011260695520467934	-7.032813023344353e-05	0.010630409152563525
-0.0012746485169048416	0.0006523824301671866	-0.005889098411218763	-4.4770520803982805e-06	-0.011274720526318172	0.011759970716927803	-0.0002575563289062277	0.009694268159200714
-0.0004633263226576645	0.0005899730306095918	-0.005826689011660724	0.00012034174703434708	-0.01096267352853042	0.012259245913387451	5.449066888130183e-05	0.009756677558758309
0.0008472710680491602	-0.00022134916363758528	-0.006950058203696097	-0.00019170525075318245	-0.011149901727203426	0.010948648522680182	-0.00031996572846382243	0.008570898967166451
-0.0012746485169048416	-0.0001589397640802126	-0.006076326609891103	-4.4770520803982805e-06	-0.010525807731628145	0.01238406471250264	-7.918730676736985e-06	0.009070174163626321
0.0008472710680491602	-0.0007830337596550496	-0.006201145409006292	0.0001827511465923859	-0.01071303593030093	0.01213442711427315	0.00011690006843845246	0.009007764764068726
-0.0007129639208878213	-0.0014695371547874814	-0.007199695801926476	-0.0005661616480976406	-0.011149901727203426	0.011011057922238221	-0.000632012726251352	0.009694268159200714
0.00016076767291717253	-0.0009078525587695729	-0.0055146420138736385	5.7932347477196444e-05	-0.011149901727203426	0.012446474112059791	-7.918730676736985e-06	0.010380771554333146
-0.0011498297177900962	-0.0005333961614251148	-0.0055146420138736385	0.00012034174703434708	-0.011524358124548106	0.011635151917812614	5.449066888130183e-05	0.010567999753005486
0.0003479958715895126	-0.0001589397640802126	-0.005265004415643704	-0.00044134284898245113	-0.012522908517467624	0.011822380116485398	-0.00038237512802141715	0.010505590353447891
-0.0029597023049570126	9.069783414972221e-05	-0.004765729219183612	0.00012034174703434708	-0.012772546115697336	0.011447923719140274	-7.032813023344353e-05	0.01075522795167827
-0.001836333112922528	0.001401295224856991	-0.004516091620953899	0.0001827511465923859	-0.011898814521893009	0.011447923719140274	0.00017930946799626923	0.01075522795167827
-0.0010874203182325015	0.0011516576266268341	-0.004516091620953899	-0.00012929585119558773	-0.012460499117910029	0.011198286120910783	-0.00013273752979148234	0.009881496357873498
-0.0013370579164624363	0.0009020200283973434	-0.005327413815201298	-0.00019170525075318245	-0.012086042720564905	0.010886239123123032	-0.00031996572846382243	0.009319811761856034
0.0010344992667219444	0.0006523824301671866	-0.005202595016086331	0.0002451605461499806	-0.010900264128972825	0.011447923719140274	0.00011690006843845246	0.008882945964953537
-0.001212239117347691	-9.653036452261787e-05	-0.005265004415643704	-0.00019170525075318245	-0.011087492327645387	0.012633702310732575	-0.0002575563289062277	0.008695717766280753
0.0018458214609691215	-0.0005333961614251148	-0.005826689011660724	-4.4770520803982805e-06	-0.010213760733840838	0.013132977507192667	0.0003041282671110146	0.009507039960528374
9.835827335957781e-05	-0.00034616796275233064	-0.0048905480182988015	0.00012034174703434708	-0.011149901727203426	0.012820930509405581	-7.918730676736985e-06	0.009319811761856034
0.0005976334698194474	-0.0005333961614251148	-0.00439127282183871	-0.00019170525075318245	-0.011274720526318172	0.011635151917812614	-0.00019514692934907707	0.009943905757430649
9.835827335957781e-05	0.0008396106288397487	-0.0033927224289191926	0.0003075699457069092	-0.011087492327645387	0.011073467321795594	0.00017930946799626923	0.010193543355660806
-0.0025852459076125545	0.0011516576266268341	-0.0031430848306888137	-0.0003165240498674837	-0.012086042720564905	0.010636601524893097	-0.00031996572846382243	0.010380771554333146
0.0002231770724749893	0.00183816102175971	-0.0032054942302464084	-4.4770520803982805e-06	-0.011649176923662852	0.010262145127547972	5.449066888130183e-05	0.010567999753005486
-0.0017739237133644892	0.00221261741910439	-0.003080675431131663	5.7932347477196444e-05	-0.011212311126760133	0.010761420324007842	0.00011690006843845246	0.0102559527552184
-0.0002760981239853244	0.0013388858252996183	-0.003954407024936435	-0.00037893344942507845	-0.011773995722778041	0.010636601524893097	-7.918730676736985e-06	0.008945355364511132
9.835827335957781e-05	0.001401295224856991	-0.004578501020511272	5.7932347477196444e-05	-0.009776894936938563	0.011947198915600366	0.00024171886755386396	0.008009214371148765
0.0015961838627394087	0.0005899730306095918	-0.0044536822213963045	-0.00012929585119558773	-0.010338579532955805	0.012321655312945046	-0.00013273752979148234	0.007697167373361236
-2.6460525755389597e-05	-0.00034616796275233064	-0.0055146420138736385	-6.6886451637993e-05	-0.010650626530743335	0.011697561317370653	-0.00038237512802141715	0.0075099391746886734
-0.00033850752354291913	-0.0001589397640802126	-0.003517541228034382	0.0004947981443796934	-0.01027617013339821	0.013257796306307412	0.0004913564657833547	0.009132583563183472
0.000285586472032362	-0.0001589397640802126	-0.0037671788262636507	-6.6886451637993e-05	-0.012335680318795283	0.012196836513830744	-0.00019514692934907707	0.009444630560971223
-0.0012746485169048416	0.0005275636310519971	-0.0037047694267065	-0.00019170525075318245	-0.01289736491481297	0.011385514319582679	-0.00013273752979148234	0.010318362154775995
-0.001212239117347691	0.0012140670261844289	-0.0027686284333443556	0.00012034174703434708	-0.013459049510830212	0.011697561317370653	-7.032813023344353e-05	0.011316912547695956
-0.0025228365080549597	0.0017133422226445205	-0.0029558566320166957	-6.6886451637993e-05	-0.013708687109060147	0.011759970716927803	-7.032813023344353e-05	0.010380771554333146
-0.00021368872442772968	0.0015261140239721804	-0.0038919976253792843	-4.4770520803982805e-06	-0.013271821312157428	0.012259245913387451	-0.00031996572846382243	0.009631858759644008
-0.0025228365080549597	0.0012764764257424677	-0.00420404462316637	0.00036997934526450393	-0.012834955515255375	0.012945749308519883	0.0003665376666686093	0.00925740236229844
0.0005352240702618527	0.0006523824301671866	-0.006138736009448698	-0.00044134284898245113	-0.012710136716140186	0.012633702310732575	-0.00038237512802141715	0.007634757973803863
0.0008472710680491602	-0.0006582149605403043	-0.005577051413431233	5.7932347477196444e-05	-0.012273270919237689	0.013757071502767504	-0.00013273752979148234	0.0075099391746886734
0.00016076767291717253	-0.0009078525587695729	-0.005265004415643704	0.0001827511465923859	-0.011836405122335636	0.013819480902325099	0.00024171886755386396	0.008009214371148765
0.0011593180658366897	-0.0010326713578852065	-0.005327413815201298	-0.00019170525075318245	-0.012273270919237689	0.012321655312945046	-0.00031996572846382243	0.0075099391746886734
-0.0017739237133644892	-0.0005333961614251148	-0.003954407024936435	-0.000254114650309889	-0.012647727316583035	0.012072017714715555	-0.00019514692934907707	0.009382221161413185
0.00016076767291717253	0.0002779260328225064	-0.0033927224289191926	0.00036997934526450393	-0.01295977431437012	0.011011057922238221	-0.00031996572846382243	0.009444630560971223
-0.0025228365080549597	0.000777201229282376	-0.003330313029361598	-0.000254114650309889	-0.013646277709502552	0.00957564173241554	-7.032813023344353e-05	0.009444630560971223
-0.0015866955146925932	0.0012140670261844289	-0.002706219033786317	-4.4770520803982805e-06	-0.013084593113484866	0.009450822933301017	-7.032813023344353e-05	0.009382221161413185
-0.002023561311594868	0.0012764764257424677	-0.003954407024936435	-4.4770520803982805e-06	-0.012148452120122943	0.009450822933301017	-7.032813023344353e-05	0.008196442569820661
-0.0015866955146925932	0.0007147918297245592	-0.00401681642449403	-4.4770520803982805e-06	-0.011711586323220446	0.010886239123123032	0.00011690006843845246	0.007697167373361236
0.0016585932622967814	-0.0001589397640802126	-0.005265004415643704	-4.4770520803982805e-06	-0.011586767524105257	0.010886239123123032	-0.00013273752979148234	0.006885845179113614
-8.886992531254023e-05	-0.0005958055609827095	-0.004828138618741651	5.7932347477196444e-05	-0.01071303593030093	0.011510333118698313	5.449066888130183e-05	0.006511388781768712
0.0014089556640670686	-0.0009078525587695729	-0.00420404462316637	0.0001827511465923859	-0.01077544532985808	0.011822380116485398	5.449066888130183e-05	0.006948254578671653
0.000285586472032362	-0.0008454431592124223	-0.00439127282183871	-6.6886451637993e-05	-0.010837854729415675	0.010574192125335502	-0.00013273752979148234	0.007135482777343993
0.0005352240702618527	-0.00034616796275233064	-0.003267903629804003	-4.4770520803982805e-06	-0.010837854729415675	0.009762869931088325	0.00042894706622575995	0.008758127165838347
-0.0015242861151352205	0.0005899730306095918	-0.0017700780404243943	-0.00037893344942507845	-0.012023633321008198	0.0073913127479035	-0.0005071939271361625	0.00807162377070636
-8.886992531254023e-05	0.0005275636310519971	-0.0017700780404243943	-4.4770520803982805e-06	-0.011337129925875766	0.00851468193993865	-7.918730676736985e-06	0.009132583563183472
-0.00033850752354291913	0.0017133422226445205	-0.001832487439981989	0.0002451605461499806	-0.011586767524105257	0.009263594734628233	5.449066888130183e-05	0.009194992962740844
-0.0012746485169048416	0.0010892482270696835	-0.003267903629804003	-0.0003165240498674837	-0.011711586323220446	0.009388413533742979	-0.0002575563289062277	0.008508489567608413
9.835827335957781e-05	0.0010268388275120888	-0.003080675431131663	-0.00012929585119558773	-0.011149901727203426	0.010386963926663162	-0.00019514692934907707	0.007697167373361236
-0.0005881451217724099	0.0006523824301671866	-0.0034551318284767873	0.00012034174703434708	-0.01077544532985808	0.011260695520467934	5.449066888130183e-05	0.006636207580883902
0.002157868458756207	0.00021551663326491166	-0.00401681642449403	0.0001827511465923859	-0.009839304336496157	0.010449373326220313	-7.918730676736985e-06	0.006386569982653967
-0.00021368872442772968	0.00021551663326491166	-0.003080675431131663	-6.6886451637993e-05	-0.009340029140036066	0.009513232332858612	-0.00019514692934907707	0.006324160583096816
0.0017834120614119708	-9.653036452261787e-05	-0.003080675431131663	0.00036997934526450393	-0.008466297546231294	0.008951547736841148	0.0003665376666686093	0.007010663978228804
0.000472814670704258	0.0005275636310519971	-0.0015204404421944595	0.00012034174703434708	-0.008840753943576196	0.008202634942151121	-0.00013273752979148234	0.0070730733777863986
-0.0007129639208878213	0.0007147918297245592	-0.0017076686408672437	-0.00012929585119558773	-0.009215210340920876	0.0073913127479035	-0.0002575563289062277	0.007322710976016333
0.0008472710680491602	0.0011516576266268341	-0.001645259241309649	5.7932347477196444e-05	-0.008653525744903634	0.006392762354983983	-7.032813023344353e-05	0.0070730733777863986
-0.001212239117347691	0.0016509328230869258	-0.0007091182479472824	0.0003075699457069092	-0.007654975351983673	0.006954446951001003	0.0003665376666686093	0.007197892176901144
0.000909680467607421	0.0006523824301671866	-0.0019573062390967344	-6.6886451637993e-05	-0.00827906934755851	0.005955896558081486	-0.00019514692934907707	0.00563765718796394
-0.0002760981239853244	0.0009644294279549381	-0.0019573062390967344	-6.6886451637993e-05	-0.007155700155524025	0.00614312475675427	-7.032813023344353e-05	0.004763925594159613
0.000909680467607421	0.0006523824301671866	-0.0019573062390967344	-4.4770520803982805e-06	-0.006157149762604064	0.006517581154098728	0.0003665376666686093	0.004888744393274358
0.0007848616684917875	0.0005275636310519971	-0.002082125038211702	5.7932347477196444e-05	-0.005907512164374129	0.005456621361621394	-7.032813023344353e-05	0.003640556402124684
0.0020330496596419056	0.00015310723370776103	-0.0019573062390967344	-6.6886451637993e-05	-0.005782693365259384	0.0056438495602941785	-0.00019514692934907707	0.0037029658016818345
0.0025323248561019973	-3.412096496502315e-05	-0.0019573062390967344	0.00036997934526450393	-0.005470646367471632	0.004957346165161525	0.0003041282671110146	0.0038901940003548408
-0.00015127932487013496	9.069783414972221e-05	-0.001645259241309649	-0.00012929585119558773	-0.005221008769241253	0.004146023970914792	-7.032813023344353e-05	0.0035157376030090504
0.000472814670704258	-0.00022134916363758528	-0.0015204404421944595	-0.00019170525075318245	-0.005907512164374129	0.0035843393748971053	-0.00031996572846382243	0.0032661000047800037
9.835827335957781e-05	0.000340335432379657	-0.0010835746452919626	0.00036997934526450393	-0.005158599369684103	0.003397111176224321	0.0004913564657833547	0.0033285094043367103
0.0005352240702618527	0.0002779260328225064	-0.0011459840448495573	-6.6886451637993e-05	-0.005033780570568913	0.0022737419841893924	-0.00013273752979148234	0.0034533282034518997
-0.0010250109186753509	0.0002779260328225064	-0.0008339370470624718	-0.00012929585119558773	-0.004659324173224233	0.002148923185074647	-0.00013273752979148234	0.003016462406549625
0.0014089556640670686	9.069783414972221e-05	-0.0013332122435218974	0.00012034174703434708	-0.003785592579419683	0.002211332584632242	0.00011690006843845246	0.002517187210089533
-0.0007129639208878213	0.0005275636310519971	-0.0014580310426370868	-0.00012929585119558773	-0.0045345053741088215	0.0022737419841893924	-0.00019514692934907707	0.001955502614072291
0.0005352240702618527	-9.653036452261787e-05	-0.0019573062390967344	0.00012034174703434708	-0.004284867775879331	0.0027106077810918894	0.00011690006843845246	0.002329959011417193
0.0008472710680491602	-0.00040857736230992536	-0.002082125038211702	-0.00012929585119558773	-0.004721733572781384	0.0027106077810918894	-0.0002575563289062277	0.0014562274176124212
-0.00021368872442772968	-0.00034616796275233064	-0.001645259241309649	0.0001827511465923859	-0.00459691477366686	0.004270842770029093	0.00017930946799626923	0.0026420060092047226
0.0015961838627394087	-0.0009702619583276118	-0.002706219033786317	-0.000254114650309889	-0.005345827568356443	0.0030850641784370136	-0.0004447845275785678	0.0032661000047800037
-0.0004633263226576645	0.00021551663326491166	-0.0008339370470624718	0.0004947981443796934	-0.004035230177649396	0.004333252169586688	-0.00019514692934907707	0.003016462406549625
0.000909680467607421	-0.00040857736230992536	-0.0015204404421944595	-6.6886451637993e-05	-0.005283418168799292	0.0032722923771095758	-0.00013273752979148234	0.003640556402124684
-0.00040091692310051386	2.8288434592127487e-05	-0.00139562164307927	0.0001827511465923859	-0.004846552371897017	0.003209882977551981	5.449066888130183e-05	0.003640556402124684
9.835827335957781e-05	0.00046515423149484647	-0.0009587558461772172	-0.00019170525075318245	-0.0055954651665865995	0.0029602453793222683	-0.00019514692934907707	0.0037029658016818345
0.0009720898671643496	0.00040274483193725175	-0.0010835746452919626	5.7932347477196444e-05	-0.005158599369684103	0.0025233795824195493	-0.00019514692934907707	0.0032661000047800037
-0.001399467316020031	0.0007147918297245592	-0.0007091182479472824	-4.4770520803982805e-06	-0.004659324173224233	0.0031474735779946084	-7.918730676736985e-06	0.003203690605222409
0.0015961838627394087	0.00021551663326491166	-0.0011459840448495573	0.00036997934526450393	-0.004659324173224233	0.0037715675735694454	0.00024171886755386396	0.0031412812056648143
0.0002231770724749893	2.8288434592127487e-05	-0.0018948968395391397	-0.0003165240498674837	-0.004284867775879331	0.003397111176224321	-0.0002575563289062277	0.002517187210089533
0.0015961838627394087	0.000340335432379657	-0.0010835746452919626	0.0003075699457069092	-0.003598364380746899	0.004582889767817067	0.00017930946799626923	0.0027044154087618733
0.0011593180658366897	-0.00022134916363758528	-0.00139562164307927	0.0003075699457069092	-0.003411136182074559	0.0033347017766671705	-0.00019514692934907707	0.0017682744153999508
0.0020330496596419056	-0.00034616796275233064	-0.001645259241309649	0.0001827511465923859	-0.0029118609856144673	0.0036467487744547	5.449066888130183e-05	0.0028292342078770627
-0.00033850752354291913	0.000340335432379657	-0.00045948064971712554	5.7932347477196444e-05	-0.003348726782516964	0.0020865137855170524	-7.032813023344353e-05	0.002329959011417193
-0.0002760981239853244	0.0010892482270696835	0.0005390697432023916	-4.4770520803982805e-06	-0.00191331059269495	0.0007135069952521889	5.449066888130183e-05	0.002579596609647572
0.0007848616684917875	0.0012140670261844289	0.0010383449396624833	5.7932347477196444e-05	-0.0017884917935802047	-3.5405799437393526e-05	-7.032813023344353e-05	0.002142730812744853
9.835827335957781e-05	0.0009644294279549381	0.0006014791427599864	-6.6886451637993e-05	-0.0016636729944650153	-0.0002226339981097336	-0.00019514692934907707	0.0020803214131874803
0.0017834120614119708	0.0016509328230869258	0.0009759355401051106	0.0006196169434944387	-0.0004154850033153412	-3.5405799437393526e-05	0.0004913564657833547	0.0010193616207103684
-8.886992531254023e-05	0.000777201229282376	0.0003518415445296075	-0.00019170525075318245	-0.001101988398447773	0.0004014599974651034	-7.032813023344353e-05	0.0006449052233648
0.0028443718538890828	0.00015310723370776103	-0.0007715276475048771	0.00012034174703434708	0.0005206559900470253	0.0009007351939251951	0.0003041282671110146	0.0002080394264623031
0.001096908666279539	0.000340335432379657	-0.00027225245104478546	-0.00012929585119558773	-0.00010343800552781168	0.0005886881961378876	-0.0002575563289062277	-0.0007281015668996194
0.0022826872578718405	-0.0007206243600970108	-0.000584299448832093	-4.4770520803982805e-06	0.0005206559900470253	0.00027664119834991396	5.449066888130183e-05	-0.00029123576999734446
0.0018458214609691215	-0.0001589397640802126	0.0002270227454153062	-4.4770520803982805e-06	0.0007078841887193654	-0.000784318594127642	-0.00019514692934907707	-0.0005408733682272793
0.000285586472032362	0.0005899730306095918	0.0014752107365647582	0.0004947981443796934	0.0008951123873919276	-0.0004098621967820737	0.0005537658653409494	0.0008321334220375842
0.0017210026618543761	0.00021551663326491166	0.0007887073414327705	-0.00012929585119558773	-4.102860597021696e-05	-0.002906238179081644	-0.0002575563289062277	2.0811227790407116e-05
-0.0009001921195597173	0.0012764764257424677	0.0019120765334672551	-4.4770520803982805e-06	0.0011447499856223065	-0.0034055133755412914	-7.918730676736985e-06	-4.159817176718761e-05
0.0012217274653947285	0.0008396106288397487	0.001724848334795137	0.0003075699457069092	0.0009575217869495223	-0.0036551509737716703	-0.00013273752979148234	-0.0006656921673424687
0.0002231770724749893	0.00040274483193725175	0.0010383449396624833	-0.00012929585119558773	0.0015816157825243593	-0.0035927415742140756	-7.032813023344353e-05	-0.0016018331607043912
0.0012217274653947285	0.00046515423149484647	0.0006014791427599864	5.7932347477196444e-05	0.001019931186507561	-0.0015332313888172244	-7.032813023344353e-05	-0.001227376763359267
0.0005352240702618527	-0.00034616796275233064	-0.0006467088483896877	0.0001827511465923859	0.001207159385179457	-0.0010963655919149495	0.00011690006843845246	-0.0017266519598195806
0.0005352240702618527	-0.0005958055609827095	-0.0003346618506023802	-0.00019170525075318245	0.0018312533807547382	-0.0019700971857197214	-0.00019514692934907707	-0.002288336555836823
0.0024699154565441805	-0.0012198995565571025	0.0001022039463003388	0.00036997934526450393	0.0013319781842950906	-0.000784318594127642	0.00017930946799626923	-0.001414604962032051
0.0005352240702618527	-0.00040857736230992536	-0.0003970712501595308	-6.6886451637993e-05	0.0008951123873919276	-0.0012211843910292508	-7.032813023344353e-05	-0.0014770143615896458
0.0005976334698194474	9.069783414972221e-05	0.000476660343645241	-4.4770520803982805e-06	0.0004582465904894306	-0.0025941911812945584	-0.00013273752979148234	0.0001456300269047084
-0.00033850752354291913	0.00021551663326491166	0.0012879825378928622	0.0003075699457069092	0.0004582465904894306	-0.002469372382179813	-0.00019514692934907707	-0.00029123576999734446
0.0005976334698194474	0.00021551663326491166	0.0010383449396624833	-0.00012929585119558773	8.379019314475045e-05	-0.004092016770673723	-0.00031996572846382243	-0.000603282767784874
-0.0015866955146925932	0.0007147918297245592	0.0011631637387776728	0.0003075699457069092	-0.0009771695993321394	-0.00028504339766732834	0.00017930946799626923	0.0004576770246922379
0.0011593180658366897	-3.412096496502315e-05	-0.0003346618506023802	0.00012034174703434708	-0.0004154850033153412	-3.5405799437393526e-05	0.00024171886755386396	8.322062734800184e-05
0.001533774463181814	-0.00040857736230992536	-0.0012708028439643027	-6.6886451637993e-05	-0.0016012635949074205	0.0008383257943673783	-0.00019514692934907707	-0.0004160545691120898
0.000472814670704258	-0.001344718355672292	-0.00139562164307927	-4.4770520803982805e-06	-0.0028494515860568725	0.0037715675735694454	-7.918730676736985e-06	0.0007073146229223948
0.001533774463181814	-0.0007830337596550496	-0.0015204404421944595	0.0002451605461499806	-0.004222458376321736	0.00470770856693159	-7.918730676736985e-06	0.001705865015842356
-0.0009626015191177562	-0.0002837585631947359	-0.0010835746452919626	0.0001827511465923859	-0.006406787360834221	0.007266493948788755	0.00017930946799626923	0.00563765718796394
0.000472814670704258	-0.0007830337596550496	-0.002082125038211702	-0.00012929585119558773	-0.009901713736052864	0.008202634942151121	-7.918730676736985e-06	0.008321261368936295
-0.002460427108496921	0.0005275636310519971	-0.0013332122435218974	0.00012034174703434708	-0.014582418702864919	0.013132977507192667	5.449066888130183e-05	0.010193543355660806
-0.002085970711152463	0.00046515423149484647	-0.0012708028439643027	-0.0003165240498674837	-0.0169539758860493	0.015254897092147557	-0.00019514692934907707	0.011878597143712755
-0.003271749302744542	0.00040274483193725175	-0.003080675431131663	5.7932347477196444e-05	-0.01795252627896904	0.017751273074446683	-7.918730676736985e-06	0.012939556936189867
-0.0038958432983198232	0.0008396106288397487	-0.003954407024936435	-0.00012929585119558773	-0.01969998946657925	0.020809333652763495	-0.00019514692934907707	0.01393810732911005
-0.0011498297177900962	0.000340335432379657	-0.005389823214758893	5.7932347477196444e-05	-0.02076094925905614	0.02230715924214355	5.449066888130183e-05	0.014000516728667645
-0.003458977501416882	0.0005275636310519971	-0.005389823214758893	-4.4770520803982805e-06	-0.021010586857286517	0.023867394231080308	5.449066888130183e-05	0.014125335527782834
-0.0017115143138077826	9.069783414972221e-05	-0.005701870212546423	0.00012034174703434708	-0.021884318451090845	0.02461630702577078	-7.918730676736985e-06	0.014999067121587606
-0.0019611519120372733	0.00046515423149484647	-0.006013917210333508	0.00012034174703434708	-0.02163468085286091	0.024179441228867837	-0.00031996572846382243	0.014499791925127514
-0.001649104914250188	0.000340335432379657	-0.005327413815201298	-0.00019170525075318245	-0.022009137250206035	0.022931253237718385	-0.00019514692934907707	0.015498342318047476
-0.003334158702302137	0.00046515423149484647	-0.004828138618741651	0.0003075699457069092	-0.021697090252418505	0.021870293445240607	0.00017930946799626923	0.01593520811494953
-0.000775373320444972	0.0009020200283973434	-0.00426645402272352	-0.0003165240498674837	-0.021884318451090845	0.021620655847010672	-0.00031996572846382243	0.015747979916276744
-0.002085970711152463	0.0007147918297245592	-0.0048905480182988015	-0.000254114650309889	-0.02257082184622372	0.021433427648338776	-0.00038237512802141715	0.015685570516720038
-0.0025852459076125545	0.0014637046244148078	-0.004828138618741651	0.0002451605461499806	-0.020948177457728923	0.021246199449666214	0.0003665376666686093	0.015997617514507123
-0.002460427108496921	0.000777201229282376	-0.0048905480182988015	-0.000254114650309889	-0.020885768058171328	0.020559696054533783	-0.00038237512802141715	0.014312563726455174
-0.00289729290539964	0.0009644294279549381	-0.005015366817413991	-6.6886451637993e-05	-0.01994962706480896	0.020434877255418593	-7.918730676736985e-06	0.012939556936189867
-0.0009001921195597173	0.000777201229282376	-0.005764279612103129	-0.000254114650309889	-0.01957517066746406	0.01881223286692424	-7.918730676736985e-06	0.012877147536632716
-0.0029597023049570126	0.0010892482270696835	-0.0044536822213963045	-6.6886451637993e-05	-0.018639029674101693	0.018375367070021964	5.449066888130183e-05	0.012440281739730441
-0.0004633263226576645	0.0007147918297245592	-0.0050777762169711416	-0.00037893344942507845	-0.018014935678526856	0.01687754148064191	-0.0002575563289062277	0.011878597143712755
-0.0018987425124796786	0.0008396106288397487	-0.00420404462316637	0.0001827511465923859	-0.01726602288383683	0.017127179078871402	-7.918730676736985e-06	0.011816187744155604
-0.001649104914250188	0.00046515423149484647	-0.004578501020511272	0.0001827511465923859	-0.0169539758860493	0.016627903882411976	0.00017930946799626923	0.012003415942827944
-0.0005881451217724099	-9.653036452261787e-05	-0.005265004415643704	-0.000254114650309889	-0.01707879468516449	0.014880440694802655	-0.00038237512802141715	0.01075522795167827
-0.0029597023049570126	0.000340335432379657	-0.00407922582405118	5.7932347477196444e-05	-0.016641928888262214	0.01600380988683714	-7.918730676736985e-06	0.011504140746367852
-0.0007129639208878213	-0.00022134916363758528	-0.004765729219183612	-0.00012929585119558773	-0.01707879468516449	0.0150052594939174	-0.00038237512802141715	0.011067274949465578
-0.0023980177089397703	0.0006523824301671866	-0.00407922582405118	0.00012034174703434708	-0.015518559696227285	0.014443574897899492	-0.0002575563289062277	0.0102559527552184
-0.0014618767155776258	0.0006523824301671866	-0.0038295882258216896	-6.6886451637993e-05	-0.01508169389932501	0.013008158708077922	-7.032813023344353e-05	0.0102559527552184
-0.002023561311594868	0.000777201229282376	-0.00407922582405118	0.00012034174703434708	-0.014207962305520239	0.011697561317370653	5.449066888130183e-05	0.009132583563183472
-0.0008377827200030108	0.000777201229282376	-0.0037671788262636507	-0.000254114650309889	-0.013895915307732931	0.011572742518255463	-0.00013273752979148234	0.008695717766280753
0.000285586472032362	0.0002779260328225064	-0.004640910420068867	5.7932347477196444e-05	-0.013833505908175336	0.011073467321795594	-0.00013273752979148234	0.008134033170263955
-0.0014618767155776258	0.00040274483193725175	-0.004141635223608775	0.00012034174703434708	-0.012647727316583035	0.011510333118698313	0.00011690006843845246	0.008258851969378256
-0.00021368872442772968	-0.0005958055609827095	-0.004703319819626461	-0.000254114650309889	-0.013895915307732931	0.01188478951604277	-0.0004447845275785678	0.00794680497159117
-0.0005257357222152592	-0.0002837585631947359	-0.0048905480182988015	-4.4770520803982805e-06	-0.013708687109060147	0.012820930509405581	0.00017930946799626923	0.008820536565395942
-0.00015127932487013496	-0.0004709867618675201	-0.00439127282183871	-6.6886451637993e-05	-0.014020734106847677	0.013008158708077922	0.00017930946799626923	0.010006315156988244
-0.0018987425124796786	-9.653036452261787e-05	-0.0035799506275910886	0.0001827511465923859	-0.014769646901537037	0.012696111710290392	-0.00013273752979148234	0.009819086958315904
3.594887380220513e-05	-9.653036452261787e-05	-0.00426645402272352	-6.6886451637993e-05	-0.01433278110463454	0.013008158708077922	-7.918730676736985e-06	0.010131133956103655
-0.0027724741062844505	0.0006523824301671866	-0.0035799506275910886	0.00012034174703434708	-0.015019284499767638	0.013257796306307412	-7.918730676736985e-06	0.010068724556545616
-0.0017739237133644892	0.000777201229282376	-0.00426645402272352	-0.00019170525075318245	-0.014894465700652448	0.012945749308519883	-0.00019514692934907707	0.009819086958315904
-0.0007129639208878213	0.0009020200283973434	-0.003954407024936435	-6.6886451637993e-05	-0.014520009303307324	0.013382615105422602	-7.032813023344353e-05	0.00925740236229844
-0.001399467316020031	0.0008396106288397487	-0.004328863422281559	5.7932347477196444e-05	-0.014832056301094854	0.014942850094359583	5.449066888130183e-05	0.009881496357873498
0.001096908666279539	0.00040274483193725175	-0.0050777762169711416	5.7932347477196444e-05	-0.014707237501980108	0.01481803129524506	-7.918730676736985e-06	0.009444630560971223
-0.001399467316020031	0.0002779260328225064	-0.004640910420068867	-0.00019170525075318245	-0.01445759990374973	0.015754172288606982	5.449066888130183e-05	0.009881496357873498
0.0007224522689346369	-0.0002837585631947359	-0.005015366817413991	0.0002451605461499806	-0.014707237501980108	0.016378266284182263	0.00011690006843845246	0.010318362154775995
-0.0007129639208878213	2.8288434592127487e-05	-0.004828138618741651	-6.6886451637993e-05	-0.0152065126984402	0.016128628685951885	-0.00019514692934907707	0.010193543355660806
-0.0006505545213300046	0.00015310723370776103	-0.0038295882258216896	-4.4770520803982805e-06	-0.015144103298882605	0.015816581688164355	5.449066888130183e-05	0.010942456150350832
-0.00040091692310051386	0.0011516576266268341	-0.0035799506275910886	-4.4770520803982805e-06	-0.01445759990374973	0.014131527900112184	-0.00019514692934907707	0.0102559527552184
-0.002460427108496921	0.002025389220431606	-0.0023941720359992313	5.7932347477196444e-05	-0.013271821312157428	0.013694662103210353	0.00011690006843845246	0.0102559527552184
-2.6460525755389597e-05	0.0015885234235297752	-0.0032054942302464084	-6.6886451637993e-05	-0.013396640111272617	0.012321655312945046	-0.00019514692934907707	0.009319811761856034
-0.001399467316020031	0.00183816102175971	-0.003267903629804003	-4.4770520803982805e-06	-0.012086042720564905	0.01200960831515796	-0.00013273752979148234	0.00807162377070636
9.835827335957781e-05	0.001401295224856991	-0.003080675431131663	0.00012034174703434708	-0.011961223921450603	0.012259245913387451	-0.0002575563289062277	0.007821986172476425
-0.0005881451217724099	0.0005899730306095918	-0.00439127282183871	-0.0003165240498674837	-0.012210861519680094	0.012696111710290392	-7.032813023344353e-05	0.007572348574246268
0.0009720898671643496	0.00046515423149484647	-0.00426645402272352	0.0001827511465923859	-0.012460499117910029	0.014505984297457086	0.00011690006843845246	0.008570898967166451
-0.001212239117347691	0.0005275636310519971	-0.004640910420068867	5.7932347477196444e-05	-0.013459049510830212	0.014131527900112184	-7.918730676736985e-06	0.008633308366724046
-0.0015866955146925932	0.0008396106288397487	-0.0038295882258216896	-4.4770520803982805e-06	-0.013209411912600055	0.014443574897899492	5.449066888130183e-05	0.009444630560971223
-0.0010874203182325015	0.0008396106288397487	-0.0037047694267065	5.7932347477196444e-05	-0.014644828102422514	0.015130078293031923	-0.00019514692934907707	0.009943905757430649
-0.001836333112922528	0.0014637046244148078	-0.0038295882258216896	0.0001827511465923859	-0.014707237501980108	0.015192487692589962	0.0003041282671110146	0.010880046750792793
-0.0014618767155776258	0.0012140670261844289	-0.00420404462316637	-0.0003165240498674837	-0.015144103298882605	0.014318756098784746	-0.00031996572846382243	0.010380771554333146
-0.0029597023049570126	0.0013388858252996183	-0.004141635223608775	-6.6886451637993e-05	-0.015268922097996906	0.015254897092147557	5.449066888130183e-05	0.009507039960528374
-0.00021368872442772968	0.000777201229282376	-0.005140185616528736	0.0001827511465923859	-0.013958324707290082	0.01481803129524506	-0.00013273752979148234	0.008758127165838347
-0.002023561311594868	0.0007147918297245592	-0.005140185616528736	-4.4770520803982805e-06	-0.014520009303307324	0.015442125290819453	-0.00019514692934907707	0.008196442569820661
-0.00015127932487013496	2.8288434592127487e-05	-0.006201145409006292	-4.4770520803982805e-06	-0.014145552905962422	0.015941400487279545	-7.032813023344353e-05	0.008633308366724046
-0.00021368872442772968	-3.412096496502315e-05	-0.005764279612103129	-6.6886451637993e-05	-0.01427037170507739	0.016066219286394734	-0.00013273752979148234	0.008570898967166451
-0.0018987425124796786	2.8288434592127487e-05	-0.005577051413431233	0.00012034174703434708	-0.014956875100209821	0.017189588478428997	0.00011690006843845246	0.00925740236229844
-0.0004633263226576645	2.8288434592127487e-05	-0.006450783007236005	-0.00019170525075318245	-0.01570578789490007	0.015941400487279545	-0.0004447845275785678	0.008758127165838347
-0.0030221117045148294	0.000777201229282376	-0.004952957417856396	0.0001827511465923859	-0.01508169389932501	0.016815132081084316	0.00017930946799626923	0.009194992962740844
-0.0015866955146925932	0.0005275636310519971	-0.005639460812988828	-0.00037893344942507845	-0.016267472490916868	0.016253447485067074	5.449066888130183e-05	0.009819086958315904
-0.0025852459076125545	0.0012140670261844289	-0.005577051413431233	0.0001827511465923859	-0.014769646901537037	0.01600380988683714	5.449066888130183e-05	0.009070174163626321
-0.0014618767155776258	0.0011516576266268341	-0.0050777762169711416	-0.000254114650309889	-0.014956875100209821	0.015816581688164355	-0.00019514692934907707	0.008695717766280753
-0.002085970711152463	0.0005899730306095918	-0.006013917210333508	-4.4770520803982805e-06	-0.013833505908175336	0.014942850094359583	-0.00019514692934907707	0.008009214371148765
-0.0018987425124796786	0.00046515423149484647	-0.005265004415643704	-4.4770520803982805e-06	-0.01302218371392816	0.015379715891262302	-7.918730676736985e-06	0.007634757973803863
0.0005976334698194474	0.0002779260328225064	-0.005577051413431233	0.0001827511465923859	-0.013084593113484866	0.01481803129524506	0.00011690006843845246	0.007322710976016333
-0.0009001921195597173	0.0007147918297245592	-0.005452232614316488	5.7932347477196444e-05	-0.012210861519680094	0.014256346699227596	5.449066888130183e-05	0.007322710976016333
-0.0004633263226576645	0.00046515423149484647	-0.0048905480182988015	-4.4770520803982805e-06	-0.012522908517467624	0.01406911850055459	-0.00019514692934907707	0.007572348574246268
-0.001212239117347691	0.0009020200283973434	-0.0048905480182988015	-4.4770520803982805e-06	-0.012398089718352878	0.014193937299670223	-7.032813023344353e-05	0.007385120375573484
-8.886992531254023e-05	0.0010268388275120888	-0.004828138618741651	-4.4770520803982805e-06	-0.011836405122335636	0.014318756098784746	0.00024171886755386396	0.00807162377070636
-0.002023561311594868	0.001401295224856991	-0.0037671788262636507	-0.00037893344942507845	-0.012710136716140186	0.013195386906750262	-0.0005071939271361625	0.007260301576459183
-8.886992531254023e-05	0.000777201229282376	-0.0038919976253792843	0.0001827511465923859	-0.01096267352853042	0.013382615105422602	0.00017930946799626923	0.007634757973803863
9.835827335957781e-05	0.0012764764257424677	-0.0038919976253792843	0.00012034174703434708	-0.011212311126760133	0.012758521109847543	-0.00019514692934907707	0.006823435779556242
-0.0004633263226576645	0.0009020200283973434	-0.00401681642449403	5.7932347477196444e-05	-0.01058821713118574	0.012508883511617386	5.449066888130183e-05	0.006761026379999091
0.0007224522689346369	0.0010268388275120888	-0.0038919976253792843	-4.4770520803982805e-06	-0.009964123135610903	0.011385514319582679	-7.918730676736985e-06	0.005700066587521535
-0.0007129639208878213	0.0012140670261844289	-0.003267903629804003	5.7932347477196444e-05	-0.009776894936938563	0.011635151917812614	5.449066888130183e-05	0.00563765718796394
0.001533774463181814	0.0010892482270696835	-0.003954407024936435	0.00012034174703434708	-0.009839304336496157	0.011073467321795594	0.00017930946799626923	0.0060121135853088425
-0.00033850752354291913	0.0017757516222021152	-0.0029558566320166957	0.0002451605461499806	-0.009839304336496157	0.011572742518255463	-0.00013273752979148234	0.00563765718796394
0.000909680467607421	0.0011516576266268341	-0.003330313029361598	-0.00019170525075318245	-0.009901713736052864	0.011510333118698313	-0.0002575563289062277	0.005949704185751914
-0.0002760981239853244	0.0010892482270696835	-0.0032054942302464084	0.0002451605461499806	-0.009776894936938563	0.012196836513830744	0.00017930946799626923	0.006324160583096816
-0.0010250109186753509	0.0010892482270696835	-0.003267903629804003	5.7932347477196444e-05	-0.010900264128972825	0.013257796306307412	0.00011690006843845246	0.0070730733777863986
0.000472814670704258	0.0007147918297245592	-0.00420404462316637	-0.00012929585119558773	-0.011961223921450603	0.012508883511617386	-0.00038237512802141715	0.006761026379999091
-0.001212239117347691	0.0017757516222021152	-0.0027686284333443556	0.00043238874482254275	-0.010837854729415675	0.013569843304095164	0.0004913564657833547	0.007821986172476425
-0.00015127932487013496	0.0007147918297245592	-0.0037671788262636507	-0.000254114650309889	-0.012647727316583035	0.012883339908962732	-0.00038237512802141715	0.007135482777343993
-0.0009001921195597173	0.0012764764257424677	-0.0037047694267065	5.7932347477196444e-05	-0.011836405122335636	0.013070568107635516	5.449066888130183e-05	0.006636207580883902
-2.6460525755389597e-05	0.001401295224856991	-0.003517541228034382	0.00012034174703434708	-0.012710136716140186	0.013819480902325099	-0.00019514692934907707	0.006823435779556242
-0.0013370579164624363	0.0008396106288397487	-0.004141635223608775	5.7932347477196444e-05	-0.012585317917025218	0.013757071502767504	-7.918730676736985e-06	0.006573798181326307
0.0007224522689346369	0.0009644294279549381	-0.004328863422281559	5.7932347477196444e-05	-0.012460499117910029	0.014755621895687465	-7.918730676736985e-06	0.006823435779556242
0.000472814670704258	0.0002779260328225064	-0.004952957417856396	0.0001827511465923859	-0.013084593113484866	0.015130078293031923	5.449066888130183e-05	0.006636207580883902
-0.0012746485169048416	0.00040274483193725175	-0.004952957417856396	-0.00012929585119558773	-0.012710136716140186	0.01469321249612987	-0.00013273752979148234	0.0064489793822115615
-0.0004633263226576645	0.0005275636310519971	-0.004516091620953899	-4.4770520803982805e-06	-0.01289736491481297	0.014505984297457086	-0.0002575563289062277	0.0062617511835392214
-0.0015242861151352205	0.0007147918297245592	-0.004141635223608775	0.0002451605461499806	-0.012585317917025218	0.014755621895687465	0.00017930946799626923	0.005949704185751914
-0.0004633263226576645	0.0009020200283973434	-0.00420404462316637	-0.00012929585119558773	-0.012398089718352878	0.013195386906750262	-0.00013273752979148234	0.005887294786194319
-0.0023356083093826197	0.0012764764257424677	-0.0035799506275910886	-0.00019170525075318245	-0.012086042720564905	0.011947198915600366	-0.00013273752979148234	0.0053880195897340055
-8.886992531254023e-05	0.0010892482270696835	-0.0038919976253792843	5.7932347477196444e-05	-0.010400988932512956	0.011198286120910783	0.00011690006843845246	0.004826334993716763
-0.0015242861151352205	0.0012764764257424677	-0.0035799506275910886	-4.4770520803982805e-06	-0.010338579532955805	0.010449373326220313	-7.918730676736985e-06	0.0037029658016818345
-0.000775373320444972	0.0006523824301671866	-0.00420404462316637	-0.00012929585119558773	-0.009589666738265779	0.010137326328433005	-0.00019514692934907707	0.003640556402124684
0.0010344992667219444	0.000777201229282376	-0.0037671788262636507	0.0003075699457069092	-0.008341478747116104	0.009762869931088325	0.00011690006843845246	0.003016462406549625
-0.0010250109186753509	0.0005275636310519971	-0.0033927224289191926	-6.6886451637993e-05	-0.00827906934755851	0.010324554527105567	-7.918730676736985e-06	0.0030788718061072196
0.001096908666279539	0.00040274483193725175	-0.00407922582405118	-6.6886451637993e-05	-0.008715935144461007	0.00957564173241554	-0.0002575563289062277	0.0034533282034518997
-0.000775373320444972	0.0010892482270696835	-0.0025814002346715714	0.0003075699457069092	-0.007155700155524025	0.00957564173241554	-0.0004447845275785678	0.002517187210089533
-0.00021368872442772968	0.0005275636310519971	-0.0030182660315742904	-0.0003165240498674837	-0.007467747153311333	0.008077816143035488	5.449066888130183e-05	0.0033285094043367103
-0.0008377827200030108	0.0012140670261844289	-0.002456581435556826	0.0002451605461499806	-0.006781243758178457	0.007079265750116193	0.00011690006843845246	0.0028916436074346574
0.000285586472032362	0.0014637046244148078	-0.0019573062390967344	-0.00019170525075318245	-0.007342928354196143	0.006954446951001003	-0.0002575563289062277	0.0028292342078770627
0.001096908666279539	0.0009644294279549381	-0.0022069438373268913	5.7932347477196444e-05	-0.007155700155524025	0.006767218752328663	-7.032813023344353e-05	0.0026420060092047226
-0.0005881451217724099	0.0015261140239721804	-0.002019715638654329	5.7932347477196444e-05	-0.006094740363046469	0.007079265750116193	-7.918730676736985e-06	0.002579596609647572
0.0014713650636242193	0.0009644294279549381	-0.002019715638654329	0.0002451605461499806	-0.0062195591621614366	0.007828178544806219	0.00011690006843845246	0.002517187210089533
0.0003479958715895126	0.0005899730306095918	-0.002643809634229166	-0.000254114650309889	-0.006032330963488874	0.0073913127479035	-0.00019514692934907707	0.0018306838149571014
0.0014713650636242193	0.0011516576266268341	-0.0022069438373268913	0.0001827511465923859	-0.005408236967914037	0.00751613154701869	0.0003041282671110146	0.002392368410974788
-8.886992531254023e-05	0.0009644294279549381	-0.0019573062390967344	0.0003075699457069092	-0.005720283965701345	0.007016856350558598	-0.0002575563289062277	0.0018306838149571014
0.001533774463181814	0.0009644294279549381	-0.002269353236884486	-4.4770520803982805e-06	-0.004908961771454168	0.006642399953213918	-7.918730676736985e-06	0.002142730812744853
-0.0004633263226576645	0.0017133422226445205	-0.001208393444407152	0.00012034174703434708	-0.005345827568356443	0.00633035295542661	-7.032813023344353e-05	0.0022675496118600424
9.835827335957781e-05	0.0017757516222021152	-0.0008339370470624718	5.7932347477196444e-05	-0.004035230177649396	0.005456621361621394	0.00017930946799626923	0.0024547778105319384
0.001346546264509474	0.0015885234235297752	-0.000584299448832093	0.00012034174703434708	-0.003972820778092023	0.004333252169586688	-7.918730676736985e-06	0.0015810462167276107
0.000285586472032362	0.0010268388275120888	-0.0008963464466191784	-6.6886451637993e-05	-0.003598364380746899	0.004146023970914792	-0.00019514692934907707	0.0013938180180548265
0.002594734255659592	0.0011516576266268341	-0.000584299448832093	0.00043238874482254275	-0.0018509011931369113	0.0030850641784370136	0.0003665376666686093	-0.0004160545691120898
0.0005976334698194474	0.0006523824301671866	-0.0007091182479472824	-6.6886451637993e-05	-0.0011643977980049236	0.0020241043859594576	-0.00031996572846382243	-0.0016018331607043912
0.002594734255659592	-0.00022134916363758528	-0.0010211652457343678	-0.00019170525075318245	0.0018936627803118888	-0.00034745279722492306	0.0003041282671110146	-0.0015394237611472406
0.0015961838627394087	0.0008396106288397487	-8.502425237200129e-05	0.0001827511465923859	0.0028298037736746995	-0.002219734783949212	5.449066888130183e-05	-0.00272520235273932
0.002594734255659592	0.00040274483193725175	0.0007262979418751758	-4.4770520803982805e-06	0.0040779917648239294	-0.0038423791724440104	-7.918730676736985e-06	-0.0031620681496415948
0.0028443718538890828	0.0007147918297245592	0.0012879825378928622	0.00012034174703434708	0.006075092550663852	-0.006650802152530888	-7.032813023344353e-05	-0.004347846741233674
0.0014089556640670686	0.0007147918297245592	0.0020368953325824446	0.0002451605461499806	0.007822555738273396	-0.008211037141468536	0.0003041282671110146	-0.004597484339464053
0.0030940094521194617	-0.00022134916363758528	0.00216171413169719	-0.00012929585119558773	0.008571468532963422	-0.010457775525537727	-0.00019514692934907707	-0.005908081730171322
0.001970640260084311	0.00021551663326491166	0.002785808127272471	0.0001827511465923859	0.011130253914819921	-0.012205238713147715	0.00024171886755386396	-0.00784277311645365
0.0037181034476938546	-0.0008454431592124223	0.001974485933025294	-4.4770520803982805e-06	0.011067844515262992	-0.014077520699872448	0.0005537658653409494	-0.00784277311645365
0.0026571436552167427	-0.0011574901569999518	0.0033474927232897134	0.00043238874482254275	0.013064945301102693	-0.015575346289252057	-0.00038237512802141715	-0.009465417504948004
0.004030150445481384	-0.0014071277552294426	0.0020368953325824446	0.0001827511465923859	0.013564220497562562	-0.014202339498987415	0.00017930946799626923	-0.008654095310700827
0.002969190653004272	-0.0014071277552294426	0.0031602645246171512	0.00043238874482254275	0.013252173499775033	-0.013640654902969285	0.0003041282671110146	-0.008654095310700827
0.00222027785831469	-0.0007206243600970108	0.00234894233036953	-4.4770520803982805e-06	0.011816757309952353	-0.013203789106067232	-7.918730676736985e-06	-0.008092410714683362
0.002407506056986586	-0.0014071277552294426	0.0027233987277144323	-4.4770520803982805e-06	0.009257971928095854	-0.010957050721997819	-7.032813023344353e-05	-0.007343497919993558
0.0009720898671643496	9.069783414972221e-05	0.0022865329308128235	0.0001827511465923859	0.007572918140043461	-0.009271996933945426	5.449066888130183e-05	-0.005471215933268381
0.0017210026618543761	-9.653036452261787e-05	0.00234894233036953	0.0001827511465923859	0.005450998555088571	-0.008023808942796196	5.449066888130183e-05	-0.003349296348314379
-0.00040091692310051386	9.069783414972221e-05	0.0014752107365647582	-0.00019170525075318245	0.00289221317323185	-0.0055274329604966255	-7.918730676736985e-06	-0.0019138801584921428
0.0015961838627394087	0.00046515423149484647	0.0007887073414327705	0.0001827511465923859	-0.0020381293918096954	0.0009631445934827898	5.449066888130183e-05	-0.00010400757132456029
-0.0008377827200030108	0.00021551663326491166	0.000476660343645241	0.00012034174703434708	-0.004784142972339422	0.003397111176224321	5.449066888130183e-05	0.0012065898193822644
0.001533774463181814	0.00040274483193725175	-0.0013332122435218974	-0.00012929585119558773	-0.006843653157736496	0.00720408454923116	-7.032813023344353e-05	0.002392368410974788
0.0010344992667219444	9.069783414972221e-05	-0.003080675431131663	0.00012034174703434708	-0.009589666738265779	0.00957564173241554	-7.032813023344353e-05	0.003827784600796802
-0.0009626015191177562	-3.412096496502315e-05	-0.0027686284333443556	0.0001827511465923859	-0.011649176923662852	0.013382615105422602	0.00024171886755386396	0.005575247788406346
-0.0009001921195597173	-0.0002837585631947359	-0.0036423600271491274	-0.00019170525075318245	-0.014145552905962422	0.015442125290819453	-0.00031996572846382243	0.0062617511835392214
-0.0017739237133644892	0.0013388858252996183	-0.0037671788262636507	0.00012034174703434708	-0.016080244292244528	0.017439226076659153	0.00011690006843845246	0.009070174163626321
-0.001836333112922528	0.0005899730306095918	-0.0035799506275910886	-4.4770520803982805e-06	-0.018514210874986503	0.019998011458516318	-7.032813023344353e-05	0.010567999753005486
-0.0029597023049570126	0.00221261741910439	-0.004141635223608775	-6.6886451637993e-05	-0.02138504325463142	0.023180890835947876	-0.00019514692934907707	0.010630409152563525
-0.002273198909824803	0.0019005704213168606	-0.003517541228034382	-4.4770520803982805e-06	-0.02194672785064844	0.024179441228867837	-0.00019514692934907707	0.011441731346810702
-0.0036462057000896664	0.0023374362182193575	-0.00407922582405118	0.00043238874482254275	-0.021509862053746165	0.024241850628425876	0.00042894706622575995	0.011067274949465578
-0.0038958432983198232	0.0019629798208748994	-0.0044536822213963045	-0.0003165240498674837	-0.02157227145330376	0.024304260027983027	-0.00031996572846382243	0.010131133956103655
-0.0010250109186753509	0.0023998456177769523	-0.0055146420138736385	-0.00019170525075318245	-0.02126022445551623	0.022806434438603418	-0.00038237512802141715	0.00925740236229844
-0.0025228365080549597	0.002649483216006887	-0.0034551318284767873	0.00036997934526450393	-0.018763848473216438	0.023492937833735406	0.00042894706622575995	0.009319811761856034
-0.0011498297177900962	0.002025389220431606	-0.005327413815201298	-0.00044134284898245113	-0.01938794246879172	0.02112138065055147	-0.000632012726251352	0.00807162377070636
-0.0017739237133644892	0.002275026818661985	-0.003954407024936435	-6.6886451637993e-05	-0.01764047928118173	0.020934152451878685	-0.00019514692934907707	0.007322710976016333
-0.000775373320444972	0.0019005704213168606	-0.00407922582405118	-4.4770520803982805e-06	-0.012585317917025218	0.016191038085509923	0.0003041282671110146	0.006573798181326307
-0.0011498297177900962	0.002275026818661985	-0.0029558566320166957	-6.6886451637993e-05	-0.006406787360834221	0.009388413533742979	-0.00013273752979148234	0.00295405300699203
9.835827335957781e-05	0.0006523824301671866	3.9794546742299985e-05	-4.4770520803982805e-06	0.002080890978984229	-0.001595640788374597	-7.032813023344353e-05	-0.0009153297655719594
0.001970640260084311	0.0023998456177769523	0.0028482175268296217	0.00036997934526450393	0.00694882414446818	-0.00945922513261821	0.00011690006843845246	-0.003973390343889216
3.594887380220513e-05	0.0038352618075991884	0.0032850833237323407	-0.00019170525075318245	0.00626232074933597	-0.013078970306952487	-0.00019514692934907707	-0.0036613433461016864
0.0014089556640670686	0.0037728524080415937	0.005219774710014002	5.7932347477196444e-05	0.005450998555088571	-0.014514386496774945	-7.918730676736985e-06	-0.003286886948756562
-0.00033850752354291913	0.002899120814236378	0.006405553301606304	5.7932347477196444e-05	0.008259421535175893	-0.01644907788305683	-7.918730676736985e-06	-0.005845672330613727
0.0037805128472514493	0.002899120814236378	0.004346043116209675	0.0002451605461499806	0.011567119711723084	-0.019881594858718987	-7.918730676736985e-06	-0.006344947527073597
0.0025323248561019973	-0.0004709867618675201	0.0024113517299271248	-6.6886451637993e-05	0.010194112921457776	-0.00983368152996289	-0.00013273752979148234	-0.005970491129728472
0.005340747836188653	-0.002343268748592253	-0.0010835746452919626	0.00043238874482254275	0.008259421535175893	-0.002843828779524493	0.0004913564657833547	-0.004659893739021648
0.004404606842826286	-0.003466637940626738	-0.002706219033786317	-6.6886451637993e-05	0.00501413275818674	0.002148923185074647	-7.032813023344353e-05	-0.003910980944331177
0.0020330496596419056	-0.003653866139299522	-0.0022069438373268913	5.7932347477196444e-05	0.0027673943741166607	0.0026481983815347387	0.00011690006843845246	-0.0017266519598195806
0.0011593180658366897	-0.0022808593490346585	0.0012879825378928622	0.00012034174703434708	0.003329078970134347	-0.0012835937905872896	-0.00013273752979148234	-0.0021635177567220776
-0.0015866955146925932	0.0012764764257424677	0.004533271314881571	0.0002451605461499806	0.00626232074933597	-0.008086218342353346	0.00017930946799626923	-0.002662792953181947
-0.0008377827200030108	0.0019629798208748994	0.006343143902048709	-6.6886451637993e-05	0.007136052343140742	-0.013952701900757258	-0.00019514692934907707	-0.00522157833503889
-0.002023561311594868	0.003460805410254064	0.006842419098508801	-4.4770520803982805e-06	0.008509059133405383	-0.016823534280401287	5.449066888130183e-05	-0.006220128727958851
0.0007848616684917875	0.004272127604501241	0.004470861915324864	0.00012034174703434708	0.005076542157743891	-0.008460674739698026	-0.00019514692934907707	-0.005908081730171322
0.0007848616684917875	0.0012140670261844289	0.0006014791427599864	5.7932347477196444e-05	0.004202810563939119	-0.0023445535830646236	5.449066888130183e-05	-0.006220128727958851
0.004467016242383881	-0.0011574901569999518	-0.005202595016086331	-4.4770520803982805e-06	0.0042652199634962695	0.002835426580207079	-7.918730676736985e-06	-0.006032900529286511
0.005590385434419032	-0.005151691728679131	-0.005140185616528736	0.0004947981443796934	0.005263770356416231	0.005519030761178989	0.00042894706622575995	-0.005283987734596041
0.0028443718538890828	-0.004215550735316764	-0.004516091620953899	-0.00019170525075318245	0.0042652199634962695	0.0033347017766671705	-0.00013273752979148234	-0.003973390343889216
0.0024699154565441805	-0.0026553157463795607	-0.0005218900492747203	0.0001827511465923859	0.00307944137190419	0.0005262787965794047	0.00011690006843845246	-0.0019138801584921428
-0.001399467316020031	9.069783414972221e-05	0.0031602645246171512	5.7932347477196444e-05	0.0027673943741166607	-0.005465023560938809	-7.918730676736985e-06	0.0004576770246922379
-0.00021368872442772968	0.0020877986199892007	0.005594231107359127	0.0003075699457069092	0.0024553473763295752	-0.011206688320227753	-0.00019514692934907707	8.322062734800184e-05
-0.0017115143138077826	0.0020877986199892007	0.006280734502491558	-6.6886451637993e-05	0.003765944767036178	-0.013827883101642069	-7.918730676736985e-06	-0.0014770143615896458
0.0017834120614119708	0.0013388858252996183	0.004595680714439165	0.00012034174703434708	0.004390038762611903	-0.008897540536600523	5.449066888130183e-05	-0.0029748399509692547
0.0025323248561019973	-0.0007830337596550496	-0.002019715638654329	0.00036997934526450393	0.0030170319723470396	-0.0013460031901444403	0.00024171886755386396	-0.003786162145216432
0.005340747836188653	-0.004527597733104294	-0.004765729219183612	0.00036997934526450393	0.00033342779137512935	0.006829628151886702	0.00024171886755386396	-0.0031620681496415948
0.005777613633091594	-0.004465188333546699	-0.005265004415643704	0.0003075699457069092	-0.0020381293918096954	0.01200960831515796	0.00024171886755386396	-0.0024131553549520124
0.001970640260084311	-0.0025304969472648153	-0.0038919976253792843	5.7932347477196444e-05	-0.0039104113785344286	0.012508883511617386	0.00017930946799626923	-0.0007281015668996194
-8.886992531254023e-05	-0.0005333961614251148	-0.0013332122435218974	-0.0003165240498674837	-0.0055954651665865995	0.00757854094657584	-0.0006944221258089467	0.002766824808319912
-0.002460427108496921	0.00464658400184681	0.004408452515767269	0.0006820263430524776	-0.0019757199922521007	0.0014624197899426594	-0.00031996572846382243	0.0013314086184972318
-0.003521386900974921	0.00558272499520851	0.006717600299393611	-0.000254114650309889	0.000832702987834999	-0.011581144717572434	-0.0002575563289062277	0.0015810462167276107
-0.004769574892124595	0.006206818990783791	0.008465063487004043	5.7932347477196444e-05	0.00251775677588717	-0.013827883101642069	-7.918730676736985e-06	0.00027044882601989784
-0.0005881451217724099	0.005083449798749307	0.004408452515767269	0.0002451605461499806	0.0038907635661518114	-0.01014572852775042	0.0003041282671110146	-0.0007281015668996194
0.004279788043711541	-0.0017191747530171941	0.0006638885423175811	-0.00019170525075318245	0.0034538977692495365	-0.005340204761824063	-0.00031996572846382243	-0.002912430551412104
0.0045918350414990705	-0.003466637940626738	-0.0009587558461772172	0.00043238874482254275	0.004390038762611903	0.0005886881961378876	0.00042894706622575995	-0.003286886948756562
0.005652794833976182	-0.0039035037375290127	-0.0018948968395391397	0.00036997934526450393	0.0038907635661518114	0.0031474735779946084	0.0003041282671110146	-0.003973390343889216
0.0017210026618543761	-0.002156040549919913	-0.0010211652457343678	-4.4770520803982805e-06	0.0019560721798694836	0.003833976973126596	5.449066888130183e-05	-0.001664242560261986
-8.886992531254023e-05	0.0008396106288397487	0.0011631637387776728	-6.6886451637993e-05	-0.0004154850033153412	0.0022737419841893924	0.00024171886755386396	0.0005824958238078715
-0.004145480896549314	0.005457906196093765	0.004221224317094485	0.0001827511465923859	-0.0018509011931369113	-0.004216835569789357	-0.0002575563289062277	0.0009569522211523296
-0.004956803090796491	0.006955731785473596	0.005656640506916721	-0.00019170525075318245	0.0002086089922599399	-0.007462124346778509	-0.00019514692934907707	0.0012689992189398591
-0.005705715885486962	0.007704644580163622	0.003597130321519648	0.0003075699457069092	0.003329078970134347	-0.009521634532175804	0.00017930946799626923	-0.00016641697088237706
-0.00033850752354291913	0.00183816102175971	0.0012255731383352675	-0.00019170525075318245	0.005388589155530976	-0.008086218342353346	-0.00031996572846382243	-0.0021011083571640388
0.004841472639728783	-0.0017815841525747889	-0.001208393444407152	0.00012034174703434708	0.006012683151106257	-0.005652251759610927	5.449066888130183e-05	-0.003536524546986941
0.004716653840613816	-0.004902054130449196	-0.0025814002346715714	0.00012034174703434708	0.005450998555088571	-0.002282144183506807	-7.918730676736985e-06	-0.0038485715447740265
0.006401707628665987	-0.005900604523369157	-0.002269353236884486	0.0005572075439372881	0.004140401164381968	8.941299967757388e-05	0.00042894706622575995	-0.0025379741540667577
0.0028443718538890828	-0.00546373872646666	-0.00139562164307927	-0.000254114650309889	0.0018936627803118888	0.0001518223992351686	-7.032813023344353e-05	-0.0011025579642445216
0.0019082308605267162	-0.00259290634682241	0.0008511167409899212	5.7932347477196444e-05	-0.0013516259966772637	-0.0006594997950124526	-7.032813023344353e-05	0.0005824958238078715
-0.0025228365080549597	0.0012140670261844289	0.002536170529042092	-4.4770520803982805e-06	-0.002787042186499722	-0.0009091373932421654	-7.032813023344353e-05	0.0012065898193822644
-0.0029597023049570126	0.0036480336089268484	0.0022865329308128235	-6.6886451637993e-05	-0.0030990891842872514	-0.0009091373932421654	-0.00013273752979148234	0.0012065898193822644
-0.0021483801107096134	0.00464658400184681	0.0001022039463003388	-4.4770520803982805e-06	-0.0028494515860568725	-0.00034745279722492306	-0.00019514692934907707	8.322062734800184e-05
-0.0009001921195597173	0.0023998456177769523	-0.0014580310426370868	0.0003075699457069092	-0.0008523508002173941	0.0016496479886147775	0.00024171886755386396	-0.00047846396866968455
0.003218828251233985	-0.0011574901569999518	-0.0038295882258216896	-6.6886451637993e-05	8.379019314475045e-05	0.001087963392597091	-0.00013273752979148234	-0.0026003835536241304
0.004030150445481384	-0.003965913137086607	-0.0037671788262636507	5.7932347477196444e-05	0.0019560721798694836	0.0011503727921546858	5.449066888130183e-05	-0.0034741151474293464
0.006089660630878679	-0.005900604523369157	-0.0032054942302464084	0.00012034174703434708	0.0024553473763295752	-0.00016022459855258298	0.0003665376666686093	-0.0021635177567220776
0.004092559845038979	-0.005401329326909066	-0.0007715276475048771	0.00043238874482254275	0.0011447499856223065	-0.002406962982621774	0.00011690006843845246	-0.001227376763359267
0.0034684658494639198	-0.003841094337971862	0.0010383449396624833	5.7932347477196444e-05	-4.102860597021696e-05	-0.0027190099804093038	-7.032813023344353e-05	0.0001456300269047084
-0.0006505545213300046	-0.0010950807574423571	0.002598579928599687	0.00012034174703434708	-0.0007899414006600214	-0.0027814193799668985	0.00011690006843845246	0.0004576770246922379
-0.003271749302744542	0.0028367114146796713	0.0016000295356799477	-0.00037893344942507845	-0.0012268071975625183	-0.002032506585277316	-0.0004447845275785678	2.0811227790407116e-05
-0.0005881451217724099	0.003273577211582168	0.0003518415445296075	0.00012034174703434708	-0.00029066620420015177	-0.0004098621967820737	5.449066888130183e-05	-0.0006656921673424687
-0.0005257357222152592	0.00183816102175971	-0.001645259241309649	-6.6886451637993e-05	0.000832702987834999	0.0008383257943673783	-0.0002575563289062277	-0.001851470758934548
0.0034684658494639198	-0.0004709867618675201	-0.0025814002346715714	0.0003075699457069092	0.00251775677588717	0.00133760099082747	0.00024171886755386396	-0.0034117057478717516
0.003842922246809044	-0.0027177251459371554	-0.0025814002346715714	0.00012034174703434708	0.004015582365266779	0.0004014599974651034	5.449066888130183e-05	-0.003786162145216432
0.006089660630878679	-0.004277960134873915	-0.0013332122435218974	0.0001827511465923859	0.005263770356416231	-0.003343103975984585	0.0003665376666686093	-0.00272520235273932
0.004092559845038979	-0.004215550735316764	0.0011631637387776728	-4.4770520803982805e-06	0.0038283541665937726	-0.005901889357841306	-0.00019514692934907707	-0.0023507459553944177
0.0035932846485795533	-0.0035290473401843325	0.004720499513553911	5.7932347477196444e-05	0.00307944137190419	-0.006089117556513424	0.00011690006843845246	-0.0005408733682272793
-0.000775373320444972	0.0015885234235297752	0.0047829089131115055	5.7932347477196444e-05	0.0009575217869495223	-0.005465023560938809	-0.00019514692934907707	8.322062734800184e-05
-0.003521386900974921	0.0038352618075991884	0.004720499513553911	0.00012034174703434708	2.1380793587377767e-05	-0.002406962982621774	0.00011690006843845246	0.0011441804198246697
-0.0025228365080549597	0.0044593558031740255	0.00234894233036953	-0.00037893344942507845	-0.0016636729944650153	-0.0006594997950124526	-0.0005071939271361625	8.322062734800184e-05
-0.0025228365080549597	0.00464658400184681	0.0011631637387776728	0.0001827511465923859	-0.0006651226015448319	0.002835426580207079	0.00024171886755386396	-0.001227376763359267
0.0003479958715895126	0.0027118926155640377	-0.0008963464466191784	-4.4770520803982805e-06	-0.0004154850033153412	0.0036467487744547	0.00042894706622575995	-0.0012897861629168617
0.000909680467607421	0.001401295224856991	-0.0010835746452919626	0.00043238874482254275	0.0015816157825243593	0.0010255539930399404	-0.00019514692934907707	-0.0026003835536241304
0.003031600052561867	-0.0010326713578852065	-0.0011459840448495573	5.7932347477196444e-05	0.0027673943741166607	-0.001595640788374597	-7.032813023344353e-05	-0.0020386989576073322
0.0016585932622967814	-0.0012823089561146972	0.0029106269263872164	0.00036997934526450393	0.003329078970134347	-0.004903338964921344	0.0003041282671110146	-0.0016018331607043912
-0.0004633263226576645	0.00015310723370776103	0.004221224317094485	-0.00012929585119558773	0.0029546225727890008	-0.007524533746336548	-0.00013273752979148234	-0.0009777391651295542
-0.00015127932487013496	0.0015885234235297752	0.004970137111784512	-6.6886451637993e-05	0.0023929379767719805	-0.00864790293837081	-0.00013273752979148234	-0.0006656921673424687
-0.002710064706727744	0.0028367114146796713	0.004720499513553911	-0.00012929585119558773	0.0018936627803118888	-0.007025258549876456	-0.00019514692934907707	2.0811227790407116e-05
-0.000775373320444972	0.0033983960106964695	0.0032850833237323407	0.0003075699457069092	0.0018936627803118888	-0.004653701366691632	0.00024171886755386396	-0.0009777391651295542
-0.001836333112922528	0.0023998456177769523	0.0007262979418751758	-0.0003165240498674837	0.001456796983409392	-0.0025317817817365196	0.0003041282671110146	-0.001414604962032051
0.0014713650636242193	0.0013388858252996183	-0.0007091182479472824	0.00036997934526450393	0.0029546225727890008	0.0008383257943673783	0.00024171886755386396	-0.0021011083571640388
0.001346546264509474	-0.00034616796275233064	-0.001832487439981989	-0.000254114650309889	0.002704984974559066	-0.0008467279936850147	-0.00038237512802141715	-0.0035989339465440917
0.0031564188516763902	-0.0025304969472648153	-0.00045948064971712554	0.00012034174703434708	0.004015582365266779	-0.002406962982621774	0.00017930946799626923	-0.002912430551412104
0.0030940094521194617	-0.0022808593490346585	0.0011631637387776728	0.00012034174703434708	0.0038283541665937726	-0.005589842360053776	-7.918730676736985e-06	-0.0027876117522964705
0.0007224522689346369	-0.0010326713578852065	0.003472311522404903	0.0002451605461499806	0.0040779917648239294	-0.007524533746336548	0.0003041282671110146	-0.0017266519598195806
0.000909680467607421	9.069783414972221e-05	0.0039715867188647724	-6.6886451637993e-05	0.0028298037736746995	-0.009271996933945426	-0.00019514692934907707	-0.0017890613593769533
-0.0017739237133644892	0.0011516576266268341	0.003909177319306734	-6.6886451637993e-05	0.0022057097780994184	-0.008335855940583725	-0.00019514692934907707	-0.0013521955624749005
-0.00021368872442772968	0.0014637046244148078	0.0027233987277144323	0.0001827511465923859	0.0018936627803118888	-0.006276345755186208	-7.918730676736985e-06	-0.0016018331607043912
-0.0013370579164624363	0.0011516576266268341	0.0007262979418751758	-6.6886451637993e-05	0.0013943875838517972	-0.0011587749914725443	-0.00019514692934907707	-0.0024131553549520124
0.0010344992667219444	9.069783414972221e-05	-0.0010835746452919626	0.00012034174703434708	0.002330528577214608	0.0005262787965794047	0.00011690006843845246	-0.0025379741540667577
0.0007224522689346369	-0.0007830337596550496	-0.0018948968395391397	0.00036997934526450393	0.00289221317323185	2.7003600119979154e-05	0.00024171886755386396	-0.003099658750084
0.0019082308605267162	-0.0022184499494770638	-0.0008963464466191784	-6.6886451637993e-05	0.0035163071688071312	-0.0019700971857197214	5.449066888130183e-05	-0.003099658750084
0.003031600052561867	-0.0020312217508047237	0.0006014791427599864	0.00012034174703434708	0.0035163071688071312	-0.004591291967133815	-0.00013273752979148234	-0.0031620681496415948
0.0007848616684917875	-0.0014071277552294426	0.0024737611294847195	5.7932347477196444e-05	0.0038907635661518114	-0.006713211552088483	5.449066888130183e-05	-0.002475564754509163
0.0017210026618543761	-0.0005958055609827095	0.0031602645246171512	5.7932347477196444e-05	0.0035787165683638378	-0.008460674739698026	-7.032813023344353e-05	-0.001851470758934548
-0.00021368872442772968	0.0002779260328225064	0.003472311522404903	5.7932347477196444e-05	0.0035787165683638378	-0.007836580744123633	-0.0002575563289062277	-0.0020386989576073322
0.0010344992667219444	0.00021551663326491166	0.0018496671339096604	-6.6886451637993e-05	0.0024553473763295752	-0.0019076877861621266	0.0004913564657833547	-0.0010401485646871489
0.000285586472032362	0.00040274483193725175	0.0009759355401051106	5.7932347477196444e-05	0.001269568784737496	0.0005886881961378876	-0.00013273752979148234	-0.0019138801584921428
0.0020954590591995004	-0.0008454431592124223	-0.002019715638654329	0.00012034174703434708	0.0017688439811966994	0.0028978359797642295	5.449066888130183e-05	-0.0017890613593769533
0.0033436470503491744	-0.0017815841525747889	-0.0017076686408672437	0.00036997934526450393	0.0024553473763295752	0.0030850641784370136	0.00017930946799626923	-0.0019138801584921428
0.0016585932622967814	-0.0016567653534598215	-0.0007715276475048771	-4.4770520803982805e-06	0.00251775677588717	0.0017120573881723722	0.00011690006843845246	-0.001851470758934548
0.0025323248561019973	-0.001344718355672292	0.000476660343645241	-4.4770520803982805e-06	0.0022057097780994184	-0.0006594997950124526	-7.032813023344353e-05	-0.0019138801584921428
0.0002231770724749893	-0.00040857736230992536	0.0022241235312552288	5.7932347477196444e-05	0.002330528577214608	-0.002843828779524493	-7.918730676736985e-06	-0.0011649673638025604
0.001346546264509474	0.00046515423149484647	0.0032850833237323407	0.0001827511465923859	0.0024553473763295752	-0.004965748364478939	0.00011690006843845246	-0.00079051096645677
-0.0005257357222152592	0.0012764764257424677	0.003909177319306734	0.00012034174703434708	0.0017688439811966994	-0.004965748364478939	-0.0004447845275785678	-0.001414604962032051
0.0005976334698194474	0.0010892482270696835	0.0029106269263872164	0.00036997934526450393	0.002330528577214608	-0.002219734783949212	0.0003665376666686093	-0.0005408733682272793
-0.00033850752354291913	0.0016509328230869258	0.0011631637387776728	5.7932347477196444e-05	0.001456796983409392	-0.00034745279722492306	-7.032813023344353e-05	-0.0011649673638025604
-2.6460525755389597e-05	0.0006523824301671866	0.000476660343645241	0.00012034174703434708	0.0011447499856223065	0.0016496479886147775	0.00011690006843845246	-0.0007281015668996194
0.0012841368649518792	0.00015310723370776103	-0.00027225245104478546	-0.00019170525075318245	0.0002710183918175346	0.0015872385890571827	-0.0004447845275785678	-0.0012897861629168617
3.594887380220513e-05	0.0008396106288397487	0.0011007543392203	0.0005572075439372881	0.0013943875838517972	0.0018992855868451564	0.0006161752648985441	-0.00016641697088237706
0.0005976334698194474	0.00040274483193725175	0.0009135261405475159	-0.000254114650309889	0.0002710183918175346	-0.0011587749914725443	-0.0005071939271361625	-0.00022882637043974974
-0.0008377827200030108	0.001401295224856991	0.002536170529042092	0.00012034174703434708	0.001207159385179457	-0.002282144183506807	0.0003041282671110146	-0.00016641697088237706
0.0005352240702618527	0.0017133422226445205	0.003222673924174302	0.00036997934526450393	0.0010823405860647117	-0.004528882567576442	-0.00013273752979148234	-0.00022882637043974974
-0.0012746485169048416	0.0016509328230869258	0.0030978551250600006	-6.6886451637993e-05	0.000832702987834999	-0.004466473168018847	-0.00013273752979148234	-0.000603282767784874
0.00041040527114755143	0.0012140670261844289	0.0018496671339096604	5.7932347477196444e-05	0.001207159385179457	-0.002906238179081644	-7.032813023344353e-05	-0.00029123576999734446
0.0014713650636242193	0.0005275636310519971	0.0008511167409899212	0.0003075699457069092	0.001207159385179457	-0.0016580501879321918	0.00017930946799626923	-0.0006656921673424687
-0.00015127932487013496	-0.0002837585631947359	-0.0003970712501595308	-0.000254114650309889	0.0006454747891622148	-0.0005346809958972631	-7.032813023344353e-05	-0.0010401485646871489
0.001533774463181814	-0.0006582149605403043	-0.0008339370470624718	5.7932347477196444e-05	0.0002710183918175346	0.0005262787965794047	-7.032813023344353e-05	-0.0012897861629168617
-8.886992531254023e-05	-0.0006582149605403043	-0.0005218900492747203	0.00012034174703434708	0.0005830653896046201	0.0007759163948097836	0.00017930946799626923	-0.0009777391651295542
0.0014713650636242193	-0.0002837585631947359	-2.261485281440656e-05	0.0001827511465923859	0.000832702987834999	-9.781519899498825e-05	-7.032813023344353e-05	-0.0008529203660152529
-0.0006505545213300046	-0.0001589397640802126	0.0004142509440880904	-6.6886451637993e-05	8.379019314475045e-05	-0.002282144183506807	-0.00031996572846382243	-0.0010401485646871489
0.0005976334698194474	-3.412096496502315e-05	0.0006014791427599864	0.00043238874482254275	0.0005206559900470253	-0.0015332313888172244	0.00042894706622575995	8.322062734800184e-05
-0.0007129639208878213	0.0005275636310519971	0.000476660343645241	-0.0003165240498674837	-0.0010395789988897342	-0.002282144183506807	-0.0004447845275785678	-0.0009153297655719594
-0.0007129639208878213	2.8288434592127487e-05	0.0006638885423175811	0.00012034174703434708	-0.0006027132019881254	-0.000784318594127642	0.00011690006843845246	-4.159817176718761e-05
0.0006600428693770422	-0.0005958055609827095	-0.0003346618506023802	-4.4770520803982805e-06	-0.0013516259966772637	-0.0002226339981097336	-0.00013273752979148234	-0.0005408733682272793
-0.0005257357222152592	-0.0002837585631947359	-0.00027225245104478546	0.0003075699457069092	-0.0008523508002173941	0.0015872385890571827	0.0003041282671110146	8.322062734800184e-05
0.0005976334698194474	-0.0007206243600970108	-0.0011459840448495573	-0.00019170525075318245	-0.002162948190924885	0.001961694986402751	-0.00031996572846382243	-0.00010400757132456029
-0.0009001921195597173	-3.412096496502315e-05	-0.0009587558461772172	-6.6886451637993e-05	-0.00191331059269495	0.0028978359797642295	0.0003665376666686093	0.00027044882601989784
0.0008472710680491602	0.00040274483193725175	-0.0003970712501595308	0.00043238874482254275	-0.0014764447957924531	0.0017120573881723722	-0.0002575563289062277	-0.00029123576999734446
-0.0011498297177900962	0.0002779260328225064	-0.000584299448832093	-4.4770520803982805e-06	-0.0009147601997754329	0.0005262787965794047	-0.00013273752979148234	-0.00047846396866968455
0.000472814670704258	0.00040274483193725175	0.0003518415445296075	0.0001827511465923859	8.379019314475045e-05	-3.5405799437393526e-05	0.00017930946799626923	-0.00010400757132456029
0.0007848616684917875	-9.653036452261787e-05	0.0002270227454153062	-0.00019170525075318245	-0.00016584740508496232	-0.0012835937905872896	-0.0002575563289062277	-0.0006656921673424687
-0.00040091692310051386	-0.00022134916363758528	0.000476660343645241	-4.4770520803982805e-06	0.00033342779137512935	-0.0012835937905872896	-7.918730676736985e-06	-0.00022882637043974974
0.001533774463181814	-0.00040857736230992536	0.0003518415445296075	5.7932347477196444e-05	0.00033342779137512935	-0.0015332313888172244	-0.00019514692934907707	-0.00047846396866968455
0.000472814670704258	-0.0001589397640802126	0.0009135261405475159	0.00043238874482254275	0.0015192063829669866	-0.0006594997950124526	0.0005537658653409494	-0.0011649673638025604
0.0015961838627394087	-0.0008454431592124223	-2.261485281440656e-05	-0.0003165240498674837	0.0007078841887193654	-0.0011587749914725443	0.0003665376666686093	-0.00022882637043974974
0.0006600428693770422	0.00015310723370776103	0.0005390697432023916	0.0003075699457069092	0.000832702987834999	0.0004014599974651034	5.449066888130183e-05	-0.00079051096645677
0.0018458214609691215	-0.0001589397640802126	3.9794546742299985e-05	-4.4770520803982805e-06	0.0007078841887193654	0.001087963392597091	-7.032813023344353e-05	-0.000603282767784874
-2.6460525755389597e-05	0.0002779260328225064	0.0001022039463003388	0.0001827511465923859	0.0005206559900470253	0.0009631445934827898	0.00011690006843845246	-0.0006656921673424687
3.594887380220513e-05	0.0005899730306095918	0.000476660343645241	5.7932347477196444e-05	0.0007078841887193654	0.0009631445934827898	-7.918730676736985e-06	-0.00022882637043974974
0.0017834120614119708	0.0005275636310519971	0.0008511167409899212	0.0003075699457069092	0.0008951123873919276	0.00027664119834991396	0.00017930946799626923	-0.00016641697088237706
-0.00015127932487013496	2.8288434592127487e-05	0.0007262979418751758	-0.0003165240498674837	0.0005206559900470253	-0.0004098621967820737	-0.0002575563289062277	-0.00010400757132456029
0.0017834120614119708	0.00021551663326491166	0.0014128013370071635	0.00012034174703434708	0.0005830653896046201	-0.0007219091945693812	-7.918730676736985e-06	0.0004576770246922379
0.00016076767291717253	0.00040274483193725175	0.0016624389352370983	0.0001827511465923859	0.0008951123873919276	-0.0007219091945693812	0.00024171886755386396	8.322062734800184e-05
0.0017210026618543761	0.0002779260328225064	0.0016624389352370983	0.0002451605461499806	0.0008951123873919276	-0.0012211843910292508	-7.918730676736985e-06	-0.00029123576999734446
-0.00015127932487013496	0.00040274483193725175	0.0013503919374495688	5.7932347477196444e-05	0.0006454747891622148	-0.0010963655919149495	-0.00013273752979148234	-0.0007281015668996194
0.0012217274653947285	0.00040274483193725175	0.0011007543392203	0.0002451605461499806	0.0010823405860647117	-3.5405799437393526e-05	0.0003041282671110146	-0.0004160545691120898
0.000909680467607421	0.00021551663326491166	0.00028943214497290093	-0.0003165240498674837	0.00033342779137512935	-0.0005970903954548579	-0.00038237512802141715	-0.0012897861629168617
-0.00021368872442772968	0.000777201229282376	0.0007887073414327705	0.00012034174703434708	0.001269568784737496	-0.0002226339981097336	0.00017930946799626923	-0.000603282767784874
0.0012841368649518792	0.00046515423149484647	0.0006638885423175811	0.0002451605461499806	0.001019931186507561	-0.0010339561923573548	-7.032813023344353e-05	-0.0009153297655719594
-2.6460525755389597e-05	0.0006523824301671866	0.0014128013370071635	0.0002451605461499806	0.0017688439811966994	-0.0009091373932421654	0.0003041282671110146	-0.0009777391651295542
0.0010344992667219444	-0.0001589397640802126	0.0008511167409899212	-0.00019170525075318245	0.0007702935882774042	-0.002282144183506807	5.449066888130183e-05	-0.0003536451695549392
-0.00040091692310051386	0.00021551663326491166	0.0013503919374495688	0.0001827511465923859	0.001019931186507561	-0.0027190099804093038	5.449066888130183e-05	-0.0007281015668996194
0.0010344992667219444	-9.653036452261787e-05	0.0012879825378928622	-0.00012929585119558773	0.0008951123873919276	-0.0027190099804093038	-0.0002575563289062277	-0.0009153297655719594
-0.000775373320444972	-0.0001589397640802126	0.0008511167409899212	0.00012034174703434708	0.0010823405860647117	-0.002406962982621774	-7.918730676736985e-06	-0.0011649673638025604
-0.000775373320444972	0.00021551663326491166	0.0007262979418751758	5.7932347477196444e-05	0.0009575217869495223	-0.0014708219892596297	-7.032813023344353e-05	-0.0009153297655719594
0.0009720898671643496	0.00015310723370776103	0.0005390697432023916	0.0003075699457069092	0.0007078841887193654	-0.000784318594127642	0.00024171886755386396	-0.0009777391651295542
-0.0010250109186753509	-9.653036452261787e-05	3.9794546742299985e-05	-0.00019170525075318245	8.379019314475045e-05	-0.0007219091945693812	-0.00013273752979148234	-0.001227376763359267
0.0005352240702618527	2.8288434592127487e-05	-2.261485281440656e-05	5.7932347477196444e-05	-0.00016584740508496232	-0.000784318594127642	-0.00019514692934907707	-0.0007281015668996194
-0.0007129639208878213	0.00040274483193725175	0.0006638885423175811	0.0003075699457069092	0.0007078841887193654	-0.0005970903954548579	-0.00031996572846382243	-0.001664242560261986
0.0002231770724749893	-0.00034616796275233064	0.0001022039463003388	-0.0003165240498674837	0.0007702935882774042	-0.0020949159848344667	0.00011690006843845246	-0.0008529203660152529
-0.0008377827200030108	0.00015310723370776103	0.0010383449396624833	-6.6886451637993e-05	0.0004582465904894306	-0.0029686475786392386	-0.0002575563289062277	-0.0011649673638025604
0.000472814670704258	-3.412096496502315e-05	0.0016000295356799477	0.0003075699457069092	0.0011447499856223065	-0.002406962982621774	0.0003665376666686093	-0.0004160545691120898
0.0007224522689346369	-3.412096496502315e-05	0.0009759355401051106	-0.00012929585119558773	0.0004582465904894306	-0.0031558757773120227	-0.0002575563289062277	-0.0011649673638025604
-0.0006505545213300046	0.00021551663326491166	0.0009759355401051106	5.7932347477196444e-05	0.000832702987834999	-0.0023445535830646236	-7.918730676736985e-06	-0.0006656921673424687
0.0010344992667219444	-3.412096496502315e-05	0.0007262979418751758	0.0002451605461499806	0.0007702935882774042	-0.0019700971857197214	0.00011690006843845246	-0.0009153297655719594
-0.0005881451217724099	-0.0001589397640802126	0.0004142509440880904	-0.00012929585119558773	0.0006454747891622148	-0.001595640788374597	-0.00013273752979148234	-0.001227376763359267
0.0012217274653947285	-0.00022134916363758528	0.00016461334585771148	5.7932347477196444e-05	0.0005206559900470253	-0.0014708219892596297	0.00017930946799626923	-0.0005408733682272793
-0.00015127932487013496	0.00015310723370776103	0.0003518415445296075	0.0002451605461499806	0.001269568784737496	-0.0010963655919149495	0.00017930946799626923	-0.0008529203660152529
0.0015961838627394087	-3.412096496502315e-05	0.000476660343645241	-0.00019170525075318245	0.001456796983409392	-0.0015332313888172244	-7.032813023344353e-05	-0.0009777391651295542
3.594887380220513e-05	-0.0001589397640802126	0.0006014791427599864	0.00012034174703434708	0.0017688439811966994	-0.0019076877861621266	-7.918730676736985e-06	-0.0009153297655719594
0.0006600428693770422	9.069783414972221e-05	0.0012255731383352675	0.0003075699457069092	0.00251775677588717	-0.001595640788374597	0.0003665376666686093	-0.00047846396866968455
0.0017210026618543761	-0.0007830337596550496	0.000476660343645241	-0.000254114650309889	0.0018312533807547382	-0.002906238179081644	-0.00038237512802141715	-0.0015394237611472406
0.0006600428693770422	-0.00034616796275233064	0.0010383449396624833	-4.4770520803982805e-06	0.00251775677588717	-0.0025317817817365196	-7.918730676736985e-06	-0.0009777391651295542
0.0022826872578718405	-0.0001589397640802126	0.0012255731383352675	0.00043238874482254275	0.0025801661754443206	-0.002032506585277316	0.00042894706622575995	-0.0008529203660152529
0.00041040527114755143	-0.0002837585631947359	0.0009135261405475159	-6.6886451637993e-05	0.0021433003785422677	-0.001408412589701813	0.00011690006843845246	-0.00079051096645677
0.0020954590591995004	-0.0001589397640802126	0.0009135261405475159	0.00012034174703434708	0.0017064345816395488	8.941299967757388e-05	0.00024171886755386396	-0.00029123576999734446
0.00041040527114755143	0.00021551663326491166	0.0009135261405475159	0.0001827511465923859	0.001456796983409392	8.941299967757388e-05	0.00011690006843845246	-0.0006656921673424687
0.0019082308605267162	0.0002779260328225064	0.0006638885423175811	-0.00012929585119558773	0.001207159385179457	8.941299967757388e-05	-7.032813023344353e-05	-0.0006656921673424687
0.001533774463181814	0.000340335432379657	0.0005390697432023916	5.7932347477196444e-05	0.001019931186507561	-0.00028504339766732834	-0.0002575563289062277	-0.0008529203660152529
3.594887380220513e-05	0.0006523824301671866	0.0011631637387776728	0.00036997934526450393	0.0015192063829669866	0.00021423179879231924	0.00042894706622575995	-0.00016641697088237706
0.0011593180658366897	0.00015310723370776103	0.0006638885423175811	-4.4770520803982805e-06	0.0007702935882774042	-0.0008467279936850147	-0.00013273752979148234	-0.0008529203660152529
-0.0002760981239853244	0.00046515423149484647	0.0011631637387776728	-4.4770520803982805e-06	0.001019931186507561	-0.000784318594127642	-7.918730676736985e-06	-0.000603282767784874
0.0010344992667219444	0.00021551663326491166	0.0009135261405475159	-6.6886451637993e-05	0.00033342779137512935	-0.0012211843910292508	0.00042894706622575995	0.00033285822557749256
-0.00040091692310051386	0.0007147918297245592	0.0016000295356799477	0.0003075699457069092	-0.00010343800552781168	-0.0011587749914725443	-0.00038237512802141715	-0.0005408733682272793
0.0006600428693770422	0.00015310723370776103	0.0009135261405475159	0.0003075699457069092	0.00033342779137512935	-0.0002226339981097336	0.00024171886755386396	0.00033285822557749256
-0.0006505545213300046	0.0008396106288397487	0.0009759355401051106	0.0002451605461499806	-4.102860597021696e-05	-0.00028504339766732834	0.00011690006843845246	-4.159817176718761e-05
-0.0012746485169048416	0.000340335432379657	0.00028943214497290093	-0.00019170525075318245	-0.0006027132019881254	-0.00016022459855258298	-0.00019514692934907707	-0.0003536451695549392
0.000472814670704258	0.0002779260328225064	0.00016461334585771148	-6.6886451637993e-05	-0.0010395789988897342	-0.0002226339981097336	-0.0002575563289062277	-0.0005408733682272793
-0.0009626015191177562	0.0005899730306095918	0.00028943214497290093	0.0001827511465923859	-0.00047789440287249185	0.0003390505979075087	0.00011690006843845246	2.0811227790407116e-05
0.0006600428693770422	0.00021551663326491166	0.0004142509440880904	0.0001827511465923859	-0.0003530756037577465	2.7003600119979154e-05	5.449066888130183e-05	-0.00016641697088237706
-0.000775373320444972	0.00021551663326491166	0.000476660343645241	5.7932347477196444e-05	-0.00010343800552781168	-0.00016022459855258298	-0.0002575563289062277	-0.000603282767784874
0.0005352240702618527	-9.653036452261787e-05	0.0001022039463003388	-6.6886451637993e-05	-0.00016584740508496232	-0.00034745279722492306	0.00024171886755386396	2.0811227790407116e-05
-0.0009626015191177562	0.00015310723370776103	0.0007262979418751758	-0.000254114650309889	-0.0012268071975625183	-0.0012211843910292508	-0.0004447845275785678	-0.0007281015668996194
0.00016076767291717253	-0.00034616796275233064	0.0003518415445296075	-6.6886451637993e-05	-0.0009147601997754329	-0.0004722715963401125	-7.918730676736985e-06	-0.00010400757132456029
0.000472814670704258	9.069783414972221e-05	0.0002270227454153062	0.00012034174703434708	-0.0010395789988897342	-0.0004098621967820737	5.449066888130183e-05	-0.00016641697088237706
-0.0013370579164624363	-3.412096496502315e-05	3.9794546742299985e-05	-0.000254114650309889	-0.0010395789988897342	-9.781519899498825e-05	-0.00013273752979148234	-0.00022882637043974974
0.00041040527114755143	-3.412096496502315e-05	-0.0001474336519300401	5.7932347477196444e-05	-0.0009771695993321394	0.00021423179879231924	-7.918730676736985e-06	-0.0004160545691120898
-0.0009001921195597173	0.00021551663326491166	-0.00020984305148719073	5.7932347477196444e-05	-0.0007899414006600214	0.0005886881961378876	-7.918730676736985e-06	-0.00016641697088237706
0.0008472710680491602	0.00015310723370776103	-8.502425237200129e-05	0.0002451605461499806	-0.0006027132019881254	0.0009631445934827898	-0.0002575563289062277	-0.0004160545691120898
-0.0009626015191177562	-9.653036452261787e-05	-0.0005218900492747203	-0.000254114650309889	-0.0005403038024296425	0.0007135069952521889	5.449066888130183e-05	-0.00022882637043974974
0.0009720898671643496	0.00015310723370776103	-0.00020984305148719073	-4.4770520803982805e-06	-0.00016584740508496232	0.0004014599974651034	5.449066888130183e-05	-0.00010400757132456029
-0.0007129639208878213	2.8288434592127487e-05	-0.0001474336519300401	-0.00019170525075318245	-0.0003530756037577465	-0.0007219091945693812	-0.00031996572846382243	-0.0006656921673424687
-0.00040091692310051386	9.069783414972221e-05	0.0005390697432023916	0.00012034174703434708	0.0005830653896046201	-0.0005346809958972631	0.00024171886755386396	-4.159817176718761e-05
0.001096908666279539	-3.412096496502315e-05	0.00028943214497290093	0.00012034174703434708	0.0003958371909318359	-0.0010339561923573548	-0.00013273752979148234	-0.0004160545691120898
-0.00015127932487013496	0.00015310723370776103	0.0008511167409899212	0.00012034174703434708	0.0011447499856223065	-0.0004722715963401125	0.00011690006843845246	2.0811227790407116e-05
0.001346546264509474	-9.653036452261787e-05	0.0004142509440880904	-4.4770520803982805e-06	0.0008951123873919276	-0.000784318594127642	-0.00013273752979148234	-0.0004160545691120898
-8.886992531254023e-05	0.00021551663326491166	0.0004142509440880904	-6.6886451637993e-05	0.0010823405860647117	-0.0005346809958972631	0.0003665376666686093	-0.0003536451695549392
0.0017210026618543761	0.000340335432379657	0.0007262979418751758	0.00043238874482254275	0.001269568784737496	-0.0004098621967820737	-7.032813023344353e-05	-0.0006656921673424687
-8.886992531254023e-05	0.00015310723370776103	0.00028943214497290093	0.00012034174703434708	0.001207159385179457	-0.0004722715963401125	-7.032813023344353e-05	-0.00079051096645677
0.001533774463181814	0.00015310723370776103	0.0010383449396624833	0.0003075699457069092	0.0017688439811966994	-0.00016022459855258298	0.0003041282671110146	-0.00016641697088237706
0.0014713650636242193	0.00040274483193725175	0.0007887073414327705	0.00012034174703434708	0.001269568784737496	-0.0007219091945693812	5.449066888130183e-05	-0.0005408733682272793
-2.6460525755389597e-05	0.000340335432379657	0.0009135261405475159	-0.00012929585119558773	0.0010823405860647117	-0.0006594997950124526	-0.00013273752979148234	-0.00029123576999734446
0.0015961838627394087	0.000340335432379657	0.0009135261405475159	0.00012034174703434708	0.001019931186507561	-0.0008467279936850147	-0.00013273752979148234	-0.00029123576999734446
0.000285586472032362	0.00046515423149484647	0.0014128013370071635	0.0002451605461499806	0.001644025182081954	-0.0004098621967820737	0.0003041282671110146	0.0001456300269047084
0.001533774463181814	-3.412096496502315e-05	0.0009135261405475159	-6.6886451637993e-05	0.0010823405860647117	-0.0010963655919149495	5.449066888130183e-05	-0.00029123576999734446
9.835827335957781e-05	0.00021551663326491166	0.0009759355401051106	5.7932347477196444e-05	0.001456796983409392	-0.0009715467927997601	0.00024171886755386396	-0.000603282767784874
0.0016585932622967814	0.00021551663326491166	0.0009759355401051106	-6.6886451637993e-05	0.001269568784737496	-0.000784318594127642	-7.918730676736985e-06	-0.0005408733682272793
-0.00015127932487013496	0.000340335432379657	0.0006014791427599864	-0.00012929585119558773	0.0007702935882774042	-0.0012835937905872896	-0.0002575563289062277	-0.0011025579642445216
9.835827335957781e-05	0.0008396106288397487	0.0012255731383352675	0.0002451605461499806	0.001456796983409392	-0.0006594997950124526	0.00024171886755386396	-0.00029123576999734446
0.001346546264509474	0.00015310723370776103	0.0007887073414327705	5.7932347477196444e-05	0.001019931186507561	-0.001408412589701813	5.449066888130183e-05	-0.0010401485646871489
-0.00015127932487013496	0.0002779260328225064	0.0009759355401051106	0.00012034174703434708	0.0015192063829669866	-0.0012211843910292508	0.00011690006843845246	-0.0006656921673424687
0.0012841368649518792	-0.0002837585631947359	0.000476660343645241	-0.000254114650309889	0.0009575217869495223	-0.002219734783949212	-0.00038237512802141715	-0.00047846396866968455
-2.6460525755389597e-05	9.069783414972221e-05	0.0011007543392203	0.00036997934526450393	0.0017064345816395488	-0.001408412589701813	-7.918730676736985e-06	-0.0011649673638025604
0.0011593180658366897	-0.0005333961614251148	0.0006014791427599864	5.7932347477196444e-05	0.001019931186507561	-0.001845278386604532	-7.032813023344353e-05	-0.00079051096645677
-0.0005881451217724099	-0.00022134916363758528	0.0007262979418751758	0.00036997934526450393	0.001269568784737496	-0.001845278386604532	0.00024171886755386396	-0.00079051096645677
0.0012217274653947285	-9.653036452261787e-05	0.0007262979418751758	-0.00019170525075318245	0.0009575217869495223	-0.0020949159848344667	-0.0002575563289062277	-0.0011649673638025604
0.000909680467607421	9.069783414972221e-05	0.0009135261405475159	0.0002451605461499806	0.001269568784737496	-0.0019700971857197214	0.00017930946799626923	-0.0010401485646871489
-0.0006505545213300046	2.8288434592127487e-05	0.0007887073414327705	0.0001827511465923859	0.0013319781842950906	-0.001845278386604532	0.00024171886755386396	-0.0011025579642445216
0.0006600428693770422	-0.00034616796275233064	0.00016461334585771148	-0.00019170525075318245	0.0007078841887193654	-0.002406962982621774	-0.00031996572846382243	-0.001851470758934548
-0.000775373320444972	-0.00022134916363758528	0.0003518415445296075	-6.6886451637993e-05	0.0010823405860647117	-0.002032506585277316	-7.918730676736985e-06	-0.0019138801584921428
0.0007848616684917875	-0.0004709867618675201	3.9794546742299985e-05	-6.6886451637993e-05	0.0008951123873919276	-0.0023445535830646236	0.0003665376666686093	-0.001227376763359267
-0.0002760981239853244	-3.412096496502315e-05	0.0007887073414327705	0.0002451605461499806	0.0013319781842950906	-0.0029686475786392386	-0.00031996572846382243	-0.0021011083571640388
0.000909680467607421	-0.0005958055609827095	0.00028943214497290093	-4.4770520803982805e-06	0.0018312533807547382	-0.0027814193799668985	-7.032813023344353e-05	-0.0014770143615896458
-0.0005257357222152592	-0.00022134916363758528	0.0012879825378928622	0.0003075699457069092	0.0022057097780994184	-0.002843828779524493	0.00024171886755386396	-0.001414604962032051
-0.0006505545213300046	-0.0001589397640802126	0.0011007543392203	-6.6886451637993e-05	0.0017688439811966994	-0.0030310569781968333	-7.918730676736985e-06	-0.001414604962032051
0.000909680467607421	-0.0001589397640802126	0.0009759355401051106	5.7932347477196444e-05	0.0015192063829669866	-0.002906238179081644	-7.032813023344353e-05	-0.0014770143615896458
-0.0005257357222152592	0.00015310723370776103	0.0010383449396624833	0.0001827511465923859	0.0017064345816395488	-0.002282144183506807	0.00011690006843845246	-0.0011025579642445216
0.0012841368649518792	2.8288434592127487e-05	0.0007262979418751758	0.0001827511465923859	0.0015816157825243593	-0.0019076877861621266	5.449066888130183e-05	-0.001414604962032051
-0.0005257357222152592	-0.0002837585631947359	0.0004142509440880904	-6.6886451637993e-05	0.0013943875838517972	-0.0015332313888172244	-7.918730676736985e-06	-0.0013521955624749005
0.0014713650636242193	-0.0001589397640802126	0.0003518415445296075	0.00012034174703434708	0.0021433003785422677	-0.0012211843910292508	0.00011690006843845246	-0.0009777391651295542
9.835827335957781e-05	2.8288434592127487e-05	0.0006638885423175811	-4.4770520803982805e-06	0.0017688439811966994	-0.0017204595874893425	-0.00019514692934907707	-0.001414604962032051
0.0015961838627394087	-0.00022134916363758528	0.0011631637387776728	0.00012034174703434708	0.0021433003785422677	-0.0013460031901444403	5.449066888130183e-05	-0.00079051096645677
0.0017210026618543761	0.0002779260328225064	0.0013503919374495688	0.0003075699457069092	0.0021433003785422677	-0.0017828689870469372	0.00017930946799626923	-0.00079051096645677
-0.00033850752354291913	0.00015310723370776103	0.0011631637387776728	-6.6886451637993e-05	0.0017064345816395488	-0.0021573253843920615	-0.00013273752979148234	-0.0008529203660152529
0.001346546264509474	0.00015310723370776103	0.0012255731383352675	-4.4770520803982805e-06	0.0018312533807547382	-0.0021573253843920615	-7.032813023344353e-05	-0.0009153297655719594
-8.886992531254023e-05	0.0005899730306095918	0.0014752107365647582	0.0001827511465923859	0.002080890978984229	-0.0014708219892596297	0.00011690006843845246	-0.0003536451695549392
0.0016585932622967814	0.0002779260328225064	0.0012879825378928622	0.0002451605461499806	0.0018936627803118888	-0.0012835937905872896	5.449066888130183e-05	-0.00029123576999734446
-2.6460525755389597e-05	0.000340335432379657	0.0011007543392203	-4.4770520803982805e-06	0.0007702935882774042	-0.00016022459855258298	-0.00019514692934907707	-0.0003536451695549392
0.0014089556640670686	0.00021551663326491166	0.0005390697432023916	0.00043238874482254275	0.001456796983409392	0.0007135069952521889	0.0003665376666686093	0.00027044882601989784
0.000285586472032362	0.0005899730306095918	0.0001022039463003388	-0.0003165240498674837	0.0002710183918175346	-0.0004098621967820737	-0.0004447845275785678	-0.0009153297655719594
-8.886992531254023e-05	0.0005275636310519971	0.0009135261405475159	0.0001827511465923859	0.001019931186507561	0.00021423179879231924	0.00017930946799626923	-4.159817176718761e-05
0.0012841368649518792	0.0002779260328225064	0.0006638885423175811	0.00012034174703434708	0.0007078841887193654	-0.0005346809958972631	-7.032813023344353e-05	-0.00047846396866968455
-8.886992531254023e-05	0.0007147918297245592	0.0012255731383352675	0.0003075699457069092	0.001207159385179457	-0.00028504339766732834	0.00024171886755386396	0.0002080394264623031
0.0011593180658366897	0.00021551663326491166	0.0008511167409899212	5.7932347477196444e-05	0.0005206559900470253	-0.0009715467927997601	-7.032813023344353e-05	-4.159817176718761e-05
-0.00033850752354291913	0.00040274483193725175	0.0009135261405475159	5.7932347477196444e-05	0.0007078841887193654	-0.0005346809958972631	0.00011690006843845246	-0.00016641697088237706
0.001346546264509474	9.069783414972221e-05	0.0007262979418751758	0.0002451605461499806	0.0004582465904894306	-0.00028504339766732834	-0.00013273752979148234	-0.00016641697088237706
-0.00033850752354291913	2.8288434592127487e-05	0.000476660343645241	-6.6886451637993e-05	0.00014619959270256722	-0.00034745279722492306	-0.00013273752979148234	-0.000603282767784874
0.0011593180658366897	-0.00034616796275233064	-2.261485281440656e-05	-4.4770520803982805e-06	2.1380793587377767e-05	-9.781519899498825e-05	-0.00019514692934907707	-0.00047846396866968455
0.001346546264509474	9.069783414972221e-05	0.0004142509440880904	0.00043238874482254275	0.0005206559900470253	2.7003600119979154e-05	0.00042894706622575995	-0.0003536451695549392
-0.0007129639208878213	-0.0001589397640802126	3.9794546742299985e-05	-0.00012929585119558773	-4.102860597021696e-05	-0.00016022459855258298	-0.00013273752979148234	-0.0006656921673424687
0.0007224522689346369	-0.0001589397640802126	3.9794546742299985e-05	5.7932347477196444e-05	-0.0003530756037577465	-0.0004722715963401125	-0.00013273752979148234	-0.0007281015668996194
-0.0006505545213300046	0.00021551663326491166	0.000476660343645241	0.00012034174703434708	0.0002086089922599399	-0.00016022459855258298	0.00017930946799626923	-0.00079051096645677
0.0006600428693770422	-0.00034616796275233064	3.9794546742299985e-05	-0.00019170525075318245	-0.00047789440287249185	-0.000784318594127642	-0.00013273752979148234	-0.0005408733682272793
-0.0009626015191177562	-0.00022134916363758528	0.0002270227454153062	-0.00012929585119558773	-0.0005403038024296425	-0.0005346809958972631	-7.918730676736985e-06	-0.000603282767784874
0.0006600428693770422	-0.0002837585631947359	3.9794546742299985e-05	0.0001827511465923859	-4.102860597021696e-05	0.0001518223992351686	0.00024171886755386396	-4.159817176718761e-05
-0.0008377827200030108	2.8288434592127487e-05	-0.00020984305148719073	-0.00012929585119558773	-0.0009771695993321394	-0.00028504339766732834	-0.00019514692934907707	-0.0007281015668996194
-0.0011498297177900962	-3.412096496502315e-05	3.9794546742299985e-05	5.7932347477196444e-05	-0.0006651226015448319	0.0004014599974651034	-7.918730676736985e-06	-0.00016641697088237706
0.0005352240702618527	2.8288434592127487e-05	0.0001022039463003388	0.0002451605461499806	-0.0007275320011024267	0.00027664119834991396	0.00011690006843845246	-0.00029123576999734446
-0.0011498297177900962	0.00015310723370776103	0.0002270227454153062	-4.4770520803982805e-06	-0.0006651226015448319	0.0003390505979075087	5.449066888130183e-05	-4.159817176718761e-05
0.00041040527114755143	0.00021551663326491166	0.00028943214497290093	5.7932347477196444e-05	-0.0005403038024296425	8.941299967757388e-05	-0.00013273752979148234	-4.159817176718761e-05
-0.0010874203182325015	0.000340335432379657	0.0004142509440880904	5.7932347477196444e-05	-0.00016584740508496232	0.0001518223992351686	-0.00013273752979148234	-0.0004160545691120898
0.000472814670704258	0.00015310723370776103	0.0002270227454153062	5.7932347477196444e-05	-0.00047789440287249185	8.941299967757388e-05	-0.00013273752979148234	-0.00029123576999734446
-0.0011498297177900962	0.00015310723370776103	0.0002270227454153062	0.0001827511465923859	-0.0005403038024296425	0.00021423179879231924	-7.032813023344353e-05	-4.159817176718761e-05
0.0005976334698194474	0.00021551663326491166	0.000476660343645241	0.0002451605461499806	-0.00022825680464255704	0.0006510975956950382	0.00017930946799626923	0.0003952676251350873
0.0005976334698194474	-9.653036452261787e-05	-8.502425237200129e-05	-0.00019170525075318245	-0.0007899414006600214	2.7003600119979154e-05	-0.0002575563289062277	-0.00029123576999734446
-0.0005881451217724099	0.0005899730306095918	0.0006014791427599864	0.0001827511465923859	0.00014619959270256722	0.0008383257943673783	0.00017930946799626923	0.0005824958238078715
0.0011593180658366897	0.00040274483193725175	0.0005390697432023916	0.0002451605461499806	0.00014619959270256722	0.0004014599974651034	0.00011690006843845246	0.0002080394264623031
-0.0004633263226576645	0.0005275636310519971	0.0005390697432023916	-6.6886451637993e-05	0.0002086089922599399	0.00046386939702269814	-7.918730676736985e-06	0.00027044882601989784
0.0010344992667219444	0.0002779260328225064	0.0003518415445296075	-4.4770520803982805e-06	2.1380793587377767e-05	8.941299967757388e-05	0.00017930946799626923	0.0005200864242502767
-0.00021368872442772968	0.000777201229282376	0.0006638885423175811	0.0002451605461499806	0.0002086089922599399	0.00027664119834991396	0.00011690006843845246	8.322062734800184e-05
0.001346546264509474	0.000340335432379657	0.0005390697432023916	-4.4770520803982805e-06	0.0004582465904894306	0.0003390505979075087	5.449066888130183e-05	0.0002080394264623031
-0.00015127932487013496	0.00040274483193725175	0.0004142509440880904	-6.6886451637993e-05	0.00033342779137512935	2.7003600119979154e-05	-0.00019514692934907707	-0.00010400757132456029
0.0003479958715895126	0.000777201229282376	0.0012255731383352675	0.00043238874482254275	0.0011447499856223065	0.0007759163948097836	0.0004913564657833547	0.0007697240224804336
0.0012841368649518792	2.8288434592127487e-05	0.0004142509440880904	-0.00019170525075318245	0.00014619959270256722	-0.0002226339981097336	-0.00031996572846382243	-0.00016641697088237706
-8.886992531254023e-05	0.0005275636310519971	0.0008511167409899212	5.7932347477196444e-05	0.0005206559900470253	0.0005262787965794047	5.449066888130183e-05	0.0004576770246922379
0.0012841368649518792	0.00021551663326491166	0.0003518415445296075	-4.4770520803982805e-06	-0.00016584740508496232	2.7003600119979154e-05	-0.0002575563289062277	0.0007697240224804336
9.835827335957781e-05	0.0006523824301671866	0.0009135261405475159	0.0004947981443796934	0.0006454747891622148	0.0008383257943673783	-0.00019514692934907707	-0.0003536451695549392
0.0011593180658366897	-3.412096496502315e-05	0.00028943214497290093	-6.6886451637993e-05	0.0004582465904894306	0.00027664119834991396	-7.918730676736985e-06	0.0001456300269047084
-0.00021368872442772968	0.0002779260328225064	0.0005390697432023916	0.0001827511465923859	0.0005830653896046201	-0.0002226339981097336	5.449066888130183e-05	-0.00010400757132456029
0.0014713650636242193	0.0002779260328225064	0.0007887073414327705	5.7932347477196444e-05	0.0005830653896046201	-0.0002226339981097336	0.00017930946799626923	2.0811227790407116e-05
0.001096908666279539	-9.653036452261787e-05	0.000476660343645241	-0.00019170525075318245	0.00014619959270256722	-0.0008467279936850147	-0.0002575563289062277	-0.000603282767784874
-0.00033850752354291913	0.00046515423149484647	0.0008511167409899212	0.0001827511465923859	0.0005206559900470253	-0.00034745279722492306	5.449066888130183e-05	0.0001456300269047084
0.0012217274653947285	0.00021551663326491166	0.0007887073414327705	0.0003075699457069092	0.0005830653896046201	-0.0007219091945693812	0.00011690006843845246	-0.00029123576999734446
-0.0006505545213300046	2.8288434592127487e-05	0.000476660343645241	-0.00019170525075318245	0.0003958371909318359	-0.0009715467927997601	-7.032813023344353e-05	-0.0008529203660152529
0.0008472710680491602	-0.0001589397640802126	0.00016461334585771148	5.7932347477196444e-05	0.0002086089922599399	-0.0012835937905872896	0.00017930946799626923	-0.0005408733682272793
-0.0005257357222152592	-3.412096496502315e-05	0.000476660343645241	0.0001827511465923859	0.0003958371909318359	-0.0009715467927997601	-0.00013273752979148234	-0.00079051096645677
0.0008472710680491602	-0.0002837585631947359	0.0002270227454153062	5.7932347477196444e-05	0.0005206559900470253	-0.0005970903954548579	5.449066888130183e-05	-0.0005408733682272793
-0.0006505545213300046	-3.412096496502315e-05	3.9794546742299985e-05	-0.00012929585119558773	-4.102860597021696e-05	-0.0011587749914725443	-0.00031996572846382243	-0.0009777391651295542
-0.0007129639208878213	9.069783414972221e-05	0.0006638885423175811	0.0003075699457069092	0.0007078841887193654	-0.0005970903954548579	0.0003665376666686093	-0.00029123576999734446
0.000472814670704258	-0.00034616796275233064	0.00016461334585771148	-0.00012929585119558773	2.1380793587377767e-05	-0.0015332313888172244	-0.00019514692934907707	-0.0011649673638025604
-0.0010250109186753509	-0.0001589397640802126	0.0004142509440880904	-6.6886451637993e-05	0.0004582465904894306	-0.0014708219892596297	-7.032813023344353e-05	-0.0009777391651295542
0.0007848616684917875	2.8288434592127487e-05	0.0006014791427599864	0.00036997934526450393	0.000832702987834999	-0.0015332313888172244	0.00024171886755386396	-0.0011649673638025604
-0.0010874203182325015	-0.00022134916363758528	0.00028943214497290093	-0.00012929585119558773	0.0005830653896046201	-0.001595640788374597	-0.0002575563289062277	-0.0013521955624749005
0.0006600428693770422	-0.0002837585631947359	0.00016461334585771148	-0.00012929585119558773	0.0009575217869495223	-0.0009091373932421654	0.00017930946799626923	-0.000603282767784874
-0.0005257357222152592	0.00021551663326491166	0.000476660343645241	0.00012034174703434708	0.0007702935882774042	-0.0010963655919149495	0.00011690006843845246	-0.0009153297655719594
0.0009720898671643496	-0.0001589397640802126	0.0004142509440880904	-4.4770520803982805e-06	0.000832702987834999	-0.0011587749914725443	-7.918730676736985e-06	-0.0009153297655719594
0.0007224522689346369	-0.00022134916363758528	0.00016461334585771148	5.7932347477196444e-05	0.0006454747891622148	-0.0014708219892596297	-0.0002575563289062277	-0.0011649673638025604
-0.00040091692310051386	0.000340335432379657	0.0009135261405475159	0.00043238874482254275	0.001207159385179457	-0.000784318594127642	0.00042894706622575995	-0.00029123576999734446
0.0005352240702618527	-0.00034616796275233064	0.0002270227454153062	-0.0003165240498674837	0.00014619959270256722	-0.0015332313888172244	-0.0004447845275785678	-0.0010401485646871489
-0.0006505545213300046	0.0002779260328225064	0.0006014791427599864	0.00012034174703434708	0.0003958371909318359	-0.000784318594127642	-7.918730676736985e-06	-0.0003536451695549392
0.001096908666279539	0.00015310723370776103	0.0007262979418751758	0.00012034174703434708	0.0004582465904894306	-0.000784318594127642	5.449066888130183e-05	-0.00010400757132456029
-0.0005257357222152592	0.0002779260328225064	0.0007262979418751758	-4.4770520803982805e-06	0.0007702935882774042	-0.0006594997950124526	5.449066888130183e-05	-0.0003536451695549392
0.001346546264509474	0.0002779260328225064	0.0007262979418751758	0.0001827511465923859	0.0008951123873919276	-0.00034745279722492306	5.449066888130183e-05	-4.159817176718761e-05
-0.00015127932487013496	0.00046515423149484647	0.0007262979418751758	0.0001827511465923859	0.0010823405860647117	-0.00034745279722492306	0.00011690006843845246	-0.00029123576999734446
-0.00015127932487013496	0.0002779260328225064	0.0007262979418751758	0.00012034174703434708	0.0008951123873919276	-9.781519899498825e-05	0.00017930946799626923	-4.159817176718761e-05
0.001346546264509474	0.00021551663326491166	0.000476660343645241	0.00012034174703434708	0.0005206559900470253	-0.0004098621967820737	-0.00013273752979148234	-0.0003536451695549392
-2.6460525755389597e-05	0.0006523824301671866	0.0010383449396624833	0.0002451605461499806	0.0011447499856223065	8.941299967757388e-05	0.00017930946799626923	0.00033285822557749256
0.001346546264509474	0.0002779260328225064	0.0008511167409899212	-4.4770520803982805e-06	0.0007702935882774042	-0.0004098621967820737	5.449066888130183e-05	0.0001456300269047084
-0.00021368872442772968	0.00046515423149484647	0.0009135261405475159	-0.00012929585119558773	0.0008951123873919276	-0.00028504339766732834	0.0003041282671110146	0.0002080394264623031
0.001533774463181814	0.0005899730306095918	0.0012255731383352675	0.00043238874482254275	0.0009575217869495223	-9.781519899498825e-05	5.449066888130183e-05	0.0002080394264623031
-0.00015127932487013496	0.00046515423149484647	0.0009759355401051106	-0.00012929585119558773	0.00033342779137512935	-0.0002226339981097336	-0.00019514692934907707	-0.00022882637043974974
0.0012841368649518792	0.00021551663326491166	0.0006014791427599864	0.00012034174703434708	0.0007078841887193654	0.00027664119834991396	0.00011690006843845246	0.00027044882601989784
0.0014713650636242193	0.0002779260328225064	0.0005390697432023916	0.0002451605461499806	0.0005830653896046201	0.00021423179879231924	0.00017930946799626923	-4.159817176718761e-05
-0.00033850752354291913	0.00015310723370776103	0.000476660343645241	-6.6886451637993e-05	0.0007078841887193654	0.0001518223992351686	-7.032813023344353e-05	-0.00016641697088237706
0.0012217274653947285	2.8288434592127487e-05	0.0004142509440880904	0.00012034174703434708	0.0007078841887193654	-0.00028504339766732834	-7.032813023344353e-05	-0.00047846396866968455
-0.00015127932487013496	0.0005275636310519971	0.0009135261405475159	0.0002451605461499806	0.0013319781842950906	-0.00016022459855258298	0.0003041282671110146	-0.0009777391651295542
0.000909680467607421	-9.653036452261787e-05	0.0003518415445296075	-0.0003165240498674837	0.0006454747891622148	-0.0012211843910292508	0.00011690006843845246	-0.0003536451695549392
-0.0005257357222152592	0.0002779260328225064	0.0008511167409899212	-4.4770520803982805e-06	0.000832702987834999	-0.0010963655919149495	-7.032813023344353e-05	-0.0005408733682272793
0.001096908666279539	0.00021551663326491166	0.0006638885423175811	0.0001827511465923859	0.0011447499856223065	-0.0009091373932421654	0.00024171886755386396	-0.00029123576999734446
-0.0004633263226576645	0.00021551663326491166	0.0002270227454153062	-6.6886451637993e-05	0.00033342779137512935	-0.001595640788374597	-0.00013273752979148234	-0.0011025579642445216
-0.0007129639208878213	-0.0001589397640802126	0.0003518415445296075	-6.6886451637993e-05	0.0007078841887193654	-0.0010963655919149495	-7.032813023344353e-05	-0.0007281015668996194
0.0011593180658366897	-9.653036452261787e-05	0.0005390697432023916	0.0003075699457069092	0.000832702987834999	-0.0008467279936850147	0.0003041282671110146	-0.0006656921673424687
-0.0008377827200030108	-0.00022134916363758528	0.00016461334585771148	-0.00019170525075318245	0.0002710183918175346	-0.0008467279936850147	-0.00019514692934907707	-0.00079051096645677
