Sensor_1	Sensor_2	Sensor_3	Sensor_4	Sensor_5	Sensor_6	Sensor_7	Sensor_8
0.000653525004984612	-0.0028581662063793534	0.002514981088781676	0.0005263519381728532	0.0032185023239408306	-0.00045451747823133104	-3.036046577920004e-06	0.0010096878901011408
-0.0005322535866076894	-0.003981535398414726	0.002078115291879623	0.00040153313905766375	0.005215603109780531	0.0001071671177861333	-6.544544613462655e-05	0.0004480032940843426
0.0004662968063118278	-0.005167313990006583	0.0010795648989596618	0.0005263519381728532	0.006838247498274885	0.0001071671177861333	-0.0001902642452502601	0.0005728220931986439
-0.00040743478749294404	-0.005042495190891394	0.0006426991020573869	0.0005263519381728532	0.008772938884557213	0.0005440329146886302	0.00018419215209508621	-0.0001136813019333438
0.0004662968063118278	-0.0049176763917762045	-0.00023103249174760698	0.0002767143399424743	0.009084985882344965	-0.00026728927955854687	-6.544544613462655e-05	-0.0001136813019333438
-0.0006570723857224348	-0.003794307199741942	-0.000855126487322666	0.00046394253861525847	0.00939703288013205	-0.000891383275133828	-3.036046577920004e-06	-0.00042572829972042925
0.0007159344045422067	-0.0026085286081489745	-0.0015416298824546537	0.000339123739500069	0.00727511329517716	-0.00020487988000139623	-6.544544613462655e-05	-0.0014242786926406126
-0.00059466298616484	-0.0015475688156718626	-0.0024153614762598696	0.0002767143399424743	0.0038425963195152235	-1.7651681329056146e-05	-0.0003774924439226002	-0.0027348760833476593
-0.00040743478749294404	0.0018225387604324794	-0.001291992284225163	0.0008383989359601607	0.00246958952925036	0.000793670512918565	0.00043382975032457693	-0.002610057284232914
0.0005287062058694225	0.002134585758219787	-0.0017288580811272158	0.00040153313905766375	-0.0018366590402159044	0.00035680471601584607	-0.0001902642452502601	-0.0014242786926406126
-0.0007194817852802515	0.0032579549502540495	-0.0011671734851099735	0.00046394253861525847	-0.004832310218975122	0.00029439531645869543	-6.544544613462655e-05	-0.0012994598935256452
0.0007783438040993573	0.003757230146714141	8.101450603970051e-05	0.0009632177350753501	-0.0060180888105676456	0.0006688517138029315	0.0003714203507674263	-0.00017609070149093853
-0.0007818911848374022	0.0028210891533522187	-4.380429307504485e-05	0.00021430494038576775	-0.006517364007027071	0.0001071671177861333	-0.00012785484569266536	0.00038559389452674786
0.0005911156054270172	0.001884948159989852	0.0005178803029421974	0.00046394253861525847	-0.0034593034287102586	0.0002319859169011007	5.937335298011881e-05	0.0008224596914285787
-0.00059466298616484	0.0013856729635297604	0.0007051085016140934	0.0007135801368456374	-0.002148706038003212	0.0002319859169011007	5.937335298011881e-05	0.0012593254883315197
0.0007159344045422067	0.0001374849723800864	0.001017155499402067	0.00040153313905766375	-0.0018366590402159044	-0.0003296986791165857	-3.036046577920004e-06	0.002008238283021102
0.0005287062058694225	-0.00048660902319475063	0.0007051085016140934	0.00046394253861525847	-0.001711840241101159	-0.00045451747823133104	-0.0002526736448074107	0.0021330570821362915
-0.00040743478749294404	-0.00023697142496503787	0.0012667930976320019	0.0006511707372880426	-0.0006508804486236031	-0.0005793362773458544	0.00018419215209508621	0.0023826946803657822
0.0005287062058694225	-0.0006114278223099401	0.0007675179011725763	0.0005263519381728532	-0.0004012428503943344	-0.0011410208733637628	-6.544544613462655e-05	0.002008238283021102
-0.00059466298616484	-0.0006114278223099401	0.00020583330515444587	0.0002767143399424743	0.0007845357411984111	-0.001515477270708665	-6.544544613462655e-05	0.000760050291871428
0.0004662968063118278	-0.0011731124183269603	-0.0004806700899779859	0.00040153313905766375	0.00209513313190568	-0.000891383275133828	0.0003090109512098316	0.0012593254883315197
-0.0004698441870500947	-0.0009234748200970255	-0.0006678982886498819	0.0007135801368456374	0.005153193710222492	-0.0005793362773458544	-0.00012785484569266536	0.0005104126936410491
0.0005287062058694225	-0.0015475688156718626	-0.0015416298824546537	0.00040153313905766375	0.005590059507124767	-0.0007041550764614879	-3.036046577920004e-06	0.0006976408923138333
-0.00059466298616484	-0.0009858842196546203	-0.002352952076701831	0.0005887613377300038	0.0049035561119927795	-0.0005793362773458544	-6.544544613462655e-05	1.1137497181401557e-05
-0.00059466298616484	-4.9743226292253695e-05	-0.002352952076701831	0.0005263519381728532	0.004529099714648099	-0.00045451747823133104	0.00012178275253726945	-0.0008625940966229262
0.00040388740675512125	-0.0002993808245226326	-0.0032266836705066027	0.0002767143399424743	0.003592958721285733	-0.0006417456769041152	-0.0003774924439226002	-0.0026724666837905087
-0.0005322535866076894	0.000636760168840178	-0.0028522272731619225	0.0006511707372880426	0.003093683524825641	-8.006108088620678e-05	5.937335298011881e-05	-0.002797285482905254
0.0007783438040993573	0.0008863977670696688	-0.002977046072277112	0.0009008083355181995	0.0019079049332333398	0.00016957651734350598	0.0003090109512098316	-0.002360419686002979
-0.0007818911848374022	0.000636760168840178	-0.003601140067851949	0.00021430494038576775	0.0006597169420832216	-0.00020487988000139623	-6.544544613462655e-05	-0.0017987350899857368
0.0007159344045422067	0.00038712257060979915	-0.0032266836705066027	0.0005263519381728532	0.0017206767345607776	0.0009808987115909051	0.00012178275253726945	-0.0012994598935256452
-0.00059466298616484	0.000636760168840178	-0.003351502469622014	0.0006511707372880426	0.0012838109376585027	0.0005440329146886302	-3.036046577920004e-06	-0.0009874128957385597
0.0007159344045422067	0.0007615789679549234	-0.003164274270949896	0.0006511707372880426	0.001408629736773248	0.0006688517138029315	0.00018419215209508621	-0.0001136813019333438
0.0005911156054270172	0.0011984447648574204	-0.002977046072277112	0.0006511707372880426	0.00047248874341132563	0.0005440329146886302	-6.544544613462655e-05	-0.0005505470988356187
-0.0005322535866076894	0.0016353105617601393	-0.0026025896749322097	0.0006511707372880426	-8.919585260636076e-05	0.0004192141155734408	0.00024660155165268094	-0.0001136813019333438
0.00040388740675512125	0.001073625965742231	-0.0027898178736043278	0.0002767143399424743	-0.0009629274464111326	-0.0001424704804438015	-0.0002526736448074107	-0.001112231694853305
-0.00059466298616484	0.0013856729635297604	-0.00229054267714468	0.00046394253861525847	0.00022285114518116877	-8.006108088620678e-05	-3.036046577920004e-06	-0.0006753658979508081
0.0005287062058694225	0.0005743507692825833	-0.0020409050789147454	0.0005887613377300038	0.0013462203372160975	-0.00020487988000139623	0.00018419215209508621	-0.00023850010104853325
-0.0005322535866076894	0.0005119413697254327	-0.0017288580811272158	0.0006511707372880426	0.0034057305226129486	-0.00020487988000139623	5.937335298011881e-05	-5.127190237574908e-05
0.0007159344045422067	-4.9743226292253695e-05	-0.0022281332775870855	0.00040153313905766375	0.005465240708010022	-0.0003296986791165857	-0.00012785484569266536	-0.00023850010104853325
-0.0007818911848374022	-0.0009234748200970255	-0.00229054267714468	0.0008383989359601607	0.007524750893407317	-0.00020487988000139623	0.00018419215209508621	-0.0008001846970662196
-0.000844300584395441	-0.001859615813459392	-0.0030394554718347067	0.00015189554082817303	0.008398482487212089	-0.00020487988000139623	-0.0003774924439226002	-0.0007377752975081808
0.0007159344045422067	-0.001485159416114712	-0.002914636672719517	0.0005263519381728532	0.00902257648278737	-0.0005793362773458544	-3.036046577920004e-06	-0.00017609070149093853
-0.0006570723857224348	-0.0009234748200970255	-0.003164274270949896	0.0005263519381728532	0.008148844888982154	-0.0005793362773458544	5.937335298011881e-05	0.000760050291871428
0.0005911156054270172	-0.00023697142496503787	-0.003351502469622014	0.0005263519381728532	0.006026925304027264	-0.0011410208733637628	-6.544544613462655e-05	-0.0016739162908709915
-0.00059466298616484	0.0006991695683973287	-0.002977046072277112	0.00040153313905766375	0.0032185023239408306	4.475771822853858e-05	-3.036046577920004e-06	-0.0009250034961805209
0.000653525004984612	0.001073625965742231	-0.003351502469622014	0.0007135801368456374	0.0044666903150900605	-0.0001424704804438015	5.937335298011881e-05	-0.000300909500606128
-0.0006570723857224348	0.0001374849723800864	-0.003913187065639034	0.00040153313905766375	0.005402831308452871	-0.0006417456769041152	-0.0001902642452502601	-0.0017987350899857368
0.0004662968063118278	-0.00023697142496503787	-0.0049741468581168125	0.0006511707372880426	0.007587160292964912	-0.00045451747823133104	0.00018419215209508621	-0.0014242786926406126
0.0005911156054270172	0.0016353105617601393	-0.004412462262099126	0.0005263519381728532	0.00421705271686057	-0.0011410208733637628	-0.0001902642452502601	-0.0001136813019333438
-0.0006570723857224348	0.0032579549502540495	-0.003601140067851949	0.0005263519381728532	0.0005348981429689204	-0.0010162020742490174	0.00012178275253726945	-0.0009874128957385597
0.0005911156054270172	0.00419409594361686	-0.003601140067851949	0.0006511707372880426	-0.002772800033578271	-0.0005169268777889258	-6.544544613462655e-05	-0.0008001846970662196
-0.0005322535866076894	0.005317465135651789	-0.0030394554718347067	0.0005887613377300038	-0.004520263221187593	-8.006108088620678e-05	-3.036046577920004e-06	-0.0022980102864456065
0.0007783438040993573	0.005317465135651789	-0.002165723878029935	0.0008383989359601607	-0.005206766616320246	-0.0006417456769041152	-0.0001902642452502601	-0.00136186929308324
-0.000844300584395441	0.005005418137864481	-0.0019784956793575947	0.000339123739500069	-0.00639254520791277	-0.0006417456769041152	-0.0003774924439226002	-0.0026724666837905087
0.00034147800719708243	0.004131686544059265	-0.0017912674806850326	0.0008383989359601607	-0.005019538417647462	0.0004192141155734408	0.00043382975032457693	-0.0011746410944108998
-0.0002826159883777546	0.003757230146714141	-0.0017912674806850326	0.00040153313905766375	-0.002960028232250833	-0.0006417456769041152	-0.0001902642452502601	-0.0006753658979508081
-0.0007818911848374022	-0.00023697142496503787	-0.00229054267714468	0.000339123739500069	0.001845495533675745	-0.0005169268777889258	-0.0001902642452502601	0.0005104126936410491
0.0009655720027719195	-0.0005490184227519013	-0.0019160862798	0.0009632177350753501	0.005028374911107747	-0.0007665644760186385	0.00043382975032457693	0.0016961912852335725
-0.0010939381826249317	-0.002109253411689549	-0.0030394554718347067	-3.533265784461115e-05	0.006089334703584859	-0.0024516182640710316	-0.0005647206425949403	-0.0001136813019333438
0.0007783438040993573	-0.0021716628112471437	-0.003164274270949896	0.0006511707372880426	0.009084985882344965	-0.0017651148689385998	5.937335298011881e-05	0.0013217348878886703
-0.0006570723857224348	-0.002733347407264164	-0.004350052862541975	0.00046394253861525847	0.011643771264201686	-0.0015778866702658156	5.937335298011881e-05	0.0015089630865610104
0.0005911156054270172	-0.0023588910099194837	-0.005411012655018643	0.0006511707372880426	0.008148844888982154	-0.0005793362773458544	-6.544544613462655e-05	0.00032318449496915314
-0.0005322535866076894	-0.0009858842196546203	-0.005598240853691427	0.0005887613377300038	0.0037177775204009222	-0.00020487988000139623	-6.544544613462655e-05	-0.001112231694853305
0.0005911156054270172	0.0008239883675125181	-0.004350052862541975	0.000775989536402566	0.00047248874341132563	0.00029439531645869543	0.00024660155165268094	-0.0014242786926406126
0.0005287062058694225	0.0032579549502540495	-0.005598240853691427	0.00040153313905766375	-0.002585571834905931	0.0001071671177861333	-0.0001902642452502601	-0.003421379478480091
-0.00059466298616484	0.0038820489458293306	-0.005473422054576238	0.0005263519381728532	-0.0026479812344630815	0.00029439531645869543	0.00012178275253726945	-0.0034837888780376858
0.000653525004984612	0.003133136151139748	-0.005348603255461937	0.0007135801368456374	-0.0012749744441986621	-0.00020487988000139623	-6.544544613462655e-05	-0.0034837888780376858
-0.0005322535866076894	0.0020097669591045975	-0.005473422054576238	0.0009008083355181995	0.00103417333942879	0.0006688517138029315	0.00024660155165268094	-0.0020483726882156716
0.000653525004984612	0.0011984447648574204	-0.005910287851478735	0.0015249023310925924	0.002719227127480961	0.00016957651734350598	-0.0001902642452502601	-0.001736325690427698
-0.0007194817852802515	0.0013232635639726098	-0.005598240853691427	0.0032099561191449855	0.0011589921385433133	-0.0001424704804438015	0.0003090109512098316	-0.0005505470988356187
0.0007783438040993573	0.0021969951577773816	-0.004412462262099126	0.002835499721799639	-0.0020862966384458392	-0.0003296986791165857	-0.0002526736448074107	0.0010720972896587355
-0.000844300584395441	0.002571451555122062	-0.003601140067851949	0.0018993587284377167	-0.003646531627383043	-0.0003921080786737363	-6.544544613462655e-05	0.0016961912852335725
-0.00059466298616484	0.0034451831489270557	-0.0026025896749322097	0.0012752647328624356	-0.004457853821630442	-0.0003921080786737363	-3.036046577920004e-06	0.0011345066892167743
0.0007159344045422067	0.002321813956892571	-0.0017912674806850326	0.0009632177350753501	-0.004457853821630442	-0.00026728927955854687	0.00024660155165268094	0.002195466481693442
-0.0006570723857224348	0.0011360353653000477	-0.0014168110833399084	2.707674171320562e-05	-0.00395857862517035	-0.00026728927955854687	5.937335298011881e-05	0.002008238283021102
0.0005287062058694225	-0.0005490184227519013	-0.00210331447847234	-0.0002849702560743239	-0.0007132898481816419	-0.00020487988000139623	-3.036046577920004e-06	0.002008238283021102
-0.0004698441870500947	-0.0013603406169995225	-0.0019784956793575947	-0.0007842454525341935	0.0011589921385433133	0.0004816235151310355	-0.0003774924439226002	0.0008224596914285787
0.00034147800719708243	-0.002483709809034673	-0.002352952076701831	-0.0017827958454543769	0.004529099714648099	-0.0003921080786737363	-3.036046577920004e-06	0.0030067886759410634
-0.00059466298616484	-0.0027957568068217586	-0.0013544016837827577	-0.0035302590330639205	0.006089334703584859	-0.000891383275133828	-0.00012785484569266536	0.004504614265321116
0.0005911156054270172	-0.003357441402839445	-0.0016040392820122484	-0.0031558026357187963	0.007337522694734533	0.0004192141155734408	0.0003714203507674263	0.006564124450717523
0.00034147800719708243	-0.0032326226037242556	-0.0024153614762598696	-0.004216762428195908	0.007462341493849722	-0.0010162020742490174	-0.0003774924439226002	0.006314486852488255
-0.0006570723857224348	-0.002920575605936948	-0.0019784956793575947	-0.004091943629081385	0.008523301286327278	-0.0018275242684961945	-0.0001902642452502601	0.008748453435229786
0.0007783438040993573	-0.0025461192085913797	-0.002165723878029935	-0.0037798966312934112	0.007961616690309592	-0.0003296986791165857	0.00012178275253726945	0.0067513526493903075
-0.0009067099839521475	-0.0017972064139022415	-0.002727408474047177	-0.003405440233949175	0.005402831308452871	-0.0009537926746914227	-0.0003774924439226002	0.006564124450717523
0.000653525004984612	-0.0012979312174421498	-0.0032890930700646415	-0.003218212035276613	0.003530549321728138	-0.0006417456769041152	5.937335298011881e-05	0.005503164658240189
-0.0006570723857224348	-0.0007986560209822802	-0.0026649990744898044	-0.0017827958454543769	0.002032723732348529	-0.0013282490720361029	0.00012178275253726945	0.005503164658240189
0.0007159344045422067	1.266617326534103e-05	-0.0030394554718347067	-0.001096292450321501	0.0031560929243827918	-0.0009537926746914227	-6.544544613462655e-05	0.0042549766670911815
-0.0006570723857224348	-0.00023697142496503787	-0.0038507776660818838	-0.000721836052977487	0.002906455326152857	-0.0005793362773458544	-0.00031508304436500545	0.005191117660453104
-0.00040743478749294404	0.0002623037714950538	-0.004225234063426786	-0.00034737965563191864	0.006463791100929761	-0.0024516182640710316	0.0003090109512098316	0.007562674843637485
0.00034147800719708243	-0.0008610654205394308	-0.005785469052364212	-3.533265784461115e-05	0.005964515904469669	-0.003387759257432954	-0.0003774924439226002	0.005877621055585092
-0.0007194817852802515	-4.9743226292253695e-05	-0.005910287851478735	0.0002767143399424743	0.004653918513762845	-0.0022643900653982474	-0.0001902642452502601	0.0061272586538154705
0.000653525004984612	0.0016353105617601393	-0.005660650253249022	0.0005263519381728532	0.0008469451407560058	-0.0018899336680537893	-6.544544613462655e-05	0.004067748468418175
-0.0004698441870500947	0.003382773749369461	-0.00478691865944425	0.000775989536402566	-0.004270625622958324	-0.00045451747823133104	-3.036046577920004e-06	0.0034436544728435603
0.0005287062058694225	0.003570001948041357	-0.00459969046077191	0.00046394253861525847	-0.006642182806142705	-0.0010162020742490174	-6.544544613462655e-05	0.0034436544728435603
-0.00059466298616484	0.003944458345386925	-0.004287643462984381	0.000775989536402566	-0.00676700160525745	-8.006108088620678e-05	0.00024660155165268094	0.004754251863550607
0.00084075320365673	0.003944458345386925	-0.0026649990744898044	0.000339123739500069	-0.010511565578707138	0.0009184893120333104	-0.00012785484569266536	0.004941480062223169
0.000653525004984612	0.003195545550697343	-0.0022281332775870855	0.00040153313905766375	-0.00907614938888468	0.0008560799124757157	-6.544544613462655e-05	0.003942929669302986
-0.00059466298616484	0.003133136151139748	-0.0018536768802424053	0.0005887613377300038	-0.00857687419242481	-0.0001424704804438015	5.937335298011881e-05	0.004691842463993012
0.0007159344045422067	0.0023842233564492776	-0.0019784956793575947	0.0007135801368456374	-0.007453505000389882	-0.00045451747823133104	0.00012178275253726945	0.0033812450732859656
-0.00059466298616484	0.000636760168840178	-0.0018536768802424053	0.00046394253861525847	-0.003147256430923173	-0.0005169268777889258	5.937335298011881e-05	0.009310138031247472
0.0004662968063118278	-0.001235521817884555	-0.0009799452864374114	0.000339123739500069	-0.0010253368459687273	-0.00213957126628328	0.0003090109512098316	0.012992292605139122
-0.00040743478749294404	-0.0036070790010689358	-0.00035585129086279643	0.000775989536402566	0.008523301286327278	-0.0037622156547780783	-0.0002526736448074107	0.0149893933909786
0.0004662968063118278	-0.005042495190891394	-0.002352952076701831	0.00015189554082817303	0.010083536275264926	-0.0018275242684961945	-0.0002526736448074107	0.015738306185668627
-0.0006570723857224348	-0.0066027301798285976	-0.002352952076701831	0.0005263519381728532	0.011082086668184443	-0.000891383275133828	-0.0001902642452502601	0.015738306185668627
-0.0004698441870500947	-0.006789958378500938	-0.0031018648713923014	0.0005263519381728532	0.012143046460661555	-0.0028260746614157117	-3.036046577920004e-06	0.016861675377703556
0.0005911156054270172	-0.006727548978943343	-0.0037259588669666943	0.00021430494038576775	0.010145945674821633	-0.0014530678711510703	-0.00031508304436500545	0.01605035318345638
-0.0007818911848374022	-0.006041045583811355	-0.002977046072277112	0.00021430494038576775	0.006151744103142454	-0.0007041550764614879	-0.00031508304436500545	0.016112762583013085
0.0007159344045422067	-0.004480810594874152	-0.002540180275374615	0.0006511707372880426	0.004092233917745602	0.00035680471601584607	0.00012178275253726945	0.014178071196731423
-0.0007194817852802515	-0.002920575605936948	-0.002727408474047177	0.000339123739500069	0.0013462203372160975	-0.0017651148689385998	-0.00012785484569266536	0.013803614799386743
0.000653525004984612	-0.002483709809034673	-0.002977046072277112	0.00046394253861525847	-0.005019538417647462	-0.0001424704804438015	-6.544544613462655e-05	0.013803614799386743
-0.0006570723857224348	-0.0010482936192117709	-0.000855126487322666	0.0005887613377300038	-0.005830860611895083	4.475771822853858e-05	-6.544544613462655e-05	0.010807963620627081
0.000653525004984612	-0.0014227500165571172	-0.0018536768802424053	0.0002767143399424743	-0.005581223013665593	-0.0012034302729209134	-0.0001902642452502601	0.011556876415317108
0.0004662968063118278	-0.00023697142496503787	-0.0019160862798	0.00046394253861525847	-0.006517364007027071	0.00016957651734350598	-0.0002526736448074107	0.009497366229919812
-0.0005322535866076894	1.266617326534103e-05	-0.0009799452864374114	0.0005263519381728532	-0.008202417795079908	0.0009808987115909051	5.937335298011881e-05	0.011619285814874702
0.0004662968063118278	0.0013232635639726098	-0.0009799452864374114	0.0005263519381728532	-0.010761203176936629	0.0009808987115909051	-0.0001902642452502601	0.010558326022397146
-0.00059466298616484	0.002509042155564467	-0.0007303076882074766	0.00040153313905766375	-0.01488022354773122	0.0012929457093782126	-3.036046577920004e-06	0.007250627845849955
0.0005287062058694225	0.0036948207471569905	-0.0006678982886498819	0.0005263519381728532	-0.020497069507904753	0.000606442314246225	0.00024660155165268094	0.007000990247620242
-0.0004698441870500947	0.002945907952466964	0.00014342390559729523	0.0007135801368456374	-0.013007941561006264	0.0004816235151310355	-0.00031508304436500545	0.007250627845849955
0.00040388740675512125	0.0004495319701673939	-0.0004806700899779859	0.0006511707372880426	-0.010449156179149544	0.0004192141155734408	-3.036046577920004e-06	0.009185319232132283
-0.0006570723857224348	-4.9743226292253695e-05	-0.00023103249174760698	0.000775989536402566	-0.009637833984902366	-0.00045451747823133104	0.0003090109512098316	0.010558326022397146
-0.0007194817852802515	-0.003919125998856243	-0.00210331447847234	0.000339123739500069	-0.0017742496406583097	-0.0013282490720361029	-0.00012785484569266536	0.01243060800912188
0.00015424980852474235	-0.005916226784695944	-0.0026649990744898044	-0.00016015145695957855	0.00022285114518116877	-0.003574987456105738	-0.0008143582408250971	0.014053252397616234
-0.00040743478749294404	-0.0036070790010689358	-0.0020409050789147454	0.0005263519381728532	0.0010965827389857186	-0.003637396855662889	0.00018419215209508621	0.01879636676398544
0.0005911156054270172	-0.0027957568068217586	-0.0024153614762598696	0.00040153313905766375	-0.00015160525216395548	-0.004511128449468105	-0.0002526736448074107	0.021729608543187506
-0.0005322535866076894	-0.0034198508023970398	-0.0026025896749322097	0.0005263519381728532	0.00028526054473854145	-0.0030757122596458686	-0.0001902642452502601	0.022353702538762343
0.0005911156054270172	-0.0028581662063793534	-0.0024777708758174644	0.00040153313905766375	-0.000900518046853982	-0.004011853253008235	-0.0001902642452502601	0.02247852133787709
-0.0007194817852802515	-0.0024213004094770785	-0.0027898178736043278	0.0005263519381728532	-0.007453505000389882	-0.002326799464956286	-0.0001902642452502601	0.019919735956020368
0.0007159344045422067	-0.0014227500165571172	-0.0022281332775870855	0.00040153313905766375	-0.012071800567643898	-0.0012034302729209134	-3.036046577920004e-06	0.015675896786111476
0.0005287062058694225	0.0013856729635297604	-0.0017288580811272158	0.00040153313905766375	-0.015192270545518305	-0.001265839672478286	-0.0002526736448074107	0.01754817877283621
-0.0007818911848374022	0.0015729011622021005	-0.0013544016837827577	0.0002767143399424743	-0.01656527733578317	-0.0027012558623009664	-0.00031508304436500545	0.01910841376177319
0.0009031626032149909	0.0003247131710526485	-0.0016040392820122484	0.0008383989359601607	-0.012695894563219179	-0.0023892088645129927	0.0003090109512098316	0.01748576937327795
-0.0007194817852802515	-0.0017347970143446467	-0.0027898178736043278	0.0002767143399424743	-0.010199518580919165	-0.0024516182640710316	-0.0001902642452502601	0.019170823161330786
0.0004662968063118278	-0.0032326226037242556	-0.002352952076701831	0.00040153313905766375	-0.00620531700924043	-0.0027012558623009664	0.00018419215209508621	0.02297779653433718
-0.0003450253879353493	-0.005292132789121773	-0.0022281332775870855	0.0005887613377300038	0.0007845357411984111	-0.004511128449468105	-0.0006895394417101297	0.02378911872858458
0.0002790686076399318	-0.007102005376288689	-0.003601140067851949	0.0002767143399424743	-0.00046365224995104093	-0.002950893460530901	-0.00012785484569266536	0.026223085311326777
-0.00059466298616484	-0.006228273782483473	-0.003975596465197073	0.00046394253861525847	-0.003646531627383043	-0.0028260746614157117	-0.0002526736448074107	0.02578621951442428
-0.0007194817852802515	-0.002296481610361889	-0.0027898178736043278	0.00040153313905766375	-0.011510115971626655	-0.001702705469381005	-0.00012785484569266536	0.024850078521061914
0.000653525004984612	0.0024466327560068724	-0.0019160862798	0.0005887613377300038	-0.020809116505692726	-0.0018275242684961945	-3.036046577920004e-06	0.019919735956020368
-0.0004698441870500947	0.0034451831489270557	-0.002165723878029935	0.00046394253861525847	-0.025614640271619082	0.0005440329146886302	5.937335298011881e-05	0.016487218980358653
0.000653525004984612	0.004506142941404612	-0.0017912674806850326	0.0007135801368456374	-0.02873511024949349	0.00016957651734350598	5.937335298011881e-05	0.013616386600713959
-0.00059466298616484	0.0051926463365370434	-0.00229054267714468	0.0005887613377300038	-0.028173425653476025	0.0011681269102634673	-0.0001902642452502601	0.013678796000271776
0.0005287062058694225	0.0036948207471569905	-0.0016664486815698432	0.00040153313905766375	-0.028547882050820927	4.475771822853858e-05	0.00012178275253726945	0.013304339602926207
-0.00059466298616484	0.0053798745352089394	-0.0015416298824546537	0.000775989536402566	-0.026363553066308665	-0.00020487988000139623	0.00012178275253726945	0.013366749002484246
0.000653525004984612	0.0051926463365370434	-0.0022281332775870855	0.0006511707372880426	-0.025614640271619082	-0.00026728927955854687	0.0003090109512098316	0.011681695214432297
0.0005287062058694225	0.007002518923704182	-0.002540180275374615	0.0005263519381728532	-0.02673800946365401	4.475771822853858e-05	-0.0002526736448074107	0.012056151611776977
-0.0005322535866076894	0.00775143171839332	-0.0011671734851099735	0.0005887613377300038	-0.02492813687648665	-0.0015778866702658156	0.00018419215209508621	0.012617836207793776
0.0002790686076399318	0.007189747122376522	-0.0017912674806850326	0.0002767143399424743	-0.024678499278256716	-0.003574987456105738	-0.0003774924439226002	0.013616386600713959
-0.00040743478749294404	0.005629512133438874	-0.0015416298824546537	0.0006511707372880426	-0.019311290916312673	-0.0025140276636286263	0.00024660155165268094	0.015176621589651385
0.0005911156054270172	0.0024466327560068724	-0.002352952076701831	0.0005263519381728532	-0.017126961931800633	-0.0033253498578758034	-6.544544613462655e-05	0.01717372237549064
-0.00059466298616484	-0.0007362466214246854	-0.0031018648713923014	0.00040153313905766375	-0.008888921190211896	-0.0020771618667256853	5.937335298011881e-05	0.01873395736442829
0.0007783438040993573	-0.0032950320032818503	-0.004474871661657165	0.00040153313905766375	-0.007578323799504627	4.475771822853858e-05	-0.00012785484569266536	0.020169373554250303
-0.0006570723857224348	-0.004980085791334243	-0.004038005864754224	0.0007135801368456374	-0.007391095600832731	-0.0008289738755762333	0.00012178275253726945	0.02166719914362991
-0.0007818911848374022	-0.003107803804609066	-0.0026025896749322097	0.0002767143399424743	-0.009325786987114837	-0.0016402960698234104	-0.00012785484569266536	0.019857326556462995
0.0005287062058694225	-0.002109253411689549	-0.001479220482897503	0.000339123739500069	-0.011634934770741845	-0.003200531058761058	-0.00031508304436500545	0.021854427342302696
-0.00059466298616484	-0.0019844346125745815	-0.0006678982886498819	0.0005263519381728532	-0.011510115971626655	-0.002950893460530901	5.937335298011881e-05	0.02160478974407276
0.0002790686076399318	-0.0022340722108047384	-0.0007303076882074766	2.707674171320562e-05	-0.01394408255436863	-0.003200531058761058	-0.0006895394417101297	0.022603340136992278
-0.00040743478749294404	-0.0026709380077070133	0.0012667930976320019	0.0005263519381728532	-0.010948431375609635	-0.002950893460530901	-0.0003774924439226002	0.022790568335665062
0.0005287062058694225	-0.0034822602019541904	0.0008923367002868776	0.000339123739500069	-0.01126047837339672	-0.003013302860088496	-3.036046577920004e-06	0.02447562212371701
-0.00059466298616484	-0.004106354197529027	0.0003306521042700794	0.00021430494038576775	-0.012071800567643898	-0.0014530678711510703	-0.00031508304436500545	0.02310261533345237
0.0005287062058694225	-0.0053545421886791456	-0.0004806700899779859	0.00046394253861525847	-0.010012290382247047	-0.0013282490720361029	-0.0001902642452502601	0.0217920179427451
0.000653525004984612	-0.0059786361842537605	-0.0011671734851099735	0.0005263519381728532	-0.008327236594194654	-0.0018899336680537893	-3.036046577920004e-06	0.02079346754982514
-0.0007818911848374022	-0.00560417978690908	-0.00210331447847234	0.00015189554082817303	-0.009575424585344772	-0.0020147524671685346	-0.00031508304436500545	0.019857326556462995
0.0007159344045422067	-0.005666589186466675	-0.0016664486815698432	0.00040153313905766375	-0.010573974978264289	-0.0017651148689385998	-0.0001902642452502601	0.02247852133787709
-0.0006570723857224348	-0.005292132789121773	-0.0019160862798	0.000339123739500069	-0.006704592205699855	-0.003574987456105738	-0.0002526736448074107	0.022291293139205193
0.0007159344045422067	-0.0034198508023970398	-0.0017288580811272158	0.0006511707372880426	-0.009513015185787177	-0.003387759257432954	-0.00012785484569266536	0.023851528128141952
-0.0006570723857224348	-0.0028581662063793534	-0.0016664486815698432	0.00015189554082817303	-0.015067451746403115	-0.004199081451681019	-0.0002526736448074107	0.023726709329026985
0.0005911156054270172	-0.0011731124183269603	-0.0016040392820122484	0.0005263519381728532	-0.019311290916312673	-0.0038870344538930457	5.937335298011881e-05	0.024225984525487076
-0.0005322535866076894	0.0006991695683973287	-0.0022281332775870855	0.00021430494038576775	-0.019186472117197928	-0.0037622156547780783	-0.0003774924439226002	0.022790568335665062
-0.00040743478749294404	0.0015729011622021005	-0.0035387306682947983	0.0005263519381728532	-0.017751055927375248	-0.003387759257432954	0.00012178275253726945	0.023539481130354645
0.000653525004984612	0.0016353105617601393	-0.0032890930700646415	0.0005263519381728532	-0.02155802930038231	-0.004011853253008235	-0.00012785484569266536	0.02597344771309662
-0.00059466298616484	0.0006991695683973287	-0.0032890930700646415	0.00046394253861525847	-0.018125512324720372	-0.005260041244157687	-3.036046577920004e-06	0.026347904110441522
0.0005911156054270172	0.0023842233564492776	-0.005098965657232002	0.00040153313905766375	-0.02137080110170997	-0.004448719049910288	-0.0002526736448074107	0.02797054849893632
-0.0005322535866076894	0.0022594045573345323	-0.004162824663869413	0.0005263519381728532	-0.022494170293744675	-0.0012034302729209134	5.937335298011881e-05	0.02928114588964381
0.0007159344045422067	0.002509042155564467	-0.0026649990744898044	0.0006511707372880426	-0.021245982302595223	-0.005884135239732968	-0.0002526736448074107	0.027096816905131993
-0.0007818911848374022	0.0023842233564492776	-0.0034139118691791648	0.00040153313905766375	-0.019373700315870268	-0.0032629404583177646	-0.0001902642452502601	0.02759609210159142
0.0005911156054270172	0.001260854164415015	-0.0032890930700646415	0.00040153313905766375	-0.01818792172427841	-0.004011853253008235	-0.0001902642452502601	0.03077897147902342
0.0005911156054270172	0.0004495319701673939	-0.0034763212687372036	0.00046394253861525847	-0.017751055927375248	-0.006196182237520498	-0.0001902642452502601	0.03071656207946538
-0.0006570723857224348	-0.0005490184227519013	-0.0037259588669666943	0.000339123739500069	-0.01818792172427841	-0.006196182237520498	-0.0001902642452502601	0.03127824667548351
0.0007159344045422067	0.0009488071666272635	-0.0051613750567891525	0.000775989536402566	-0.024179224081796846	-0.0036998062552204836	0.00012178275253726945	0.028157776697609105
-0.0006570723857224348	0.0010112165661848582	-0.00597269725103633	0.00040153313905766375	-0.02112116350347959	-0.005322450643715282	-6.544544613462655e-05	0.032900891063977866
0.0004662968063118278	0.0008239883675125181	-0.004287643462984381	0.0002767143399424743	-0.02236935149462993	-0.004823175447255412	-3.036046577920004e-06	0.03283848166442027
-0.0005322535866076894	0.0023842233564492776	-0.005036556257674407	0.00040153313905766375	-0.01874960632029521	0.0036645028925630374	0.00012178275253726945	0.036645455037427555
0.0005911156054270172	0.011870452089188133	0.002702209287454016	0.0002767143399424743	-0.031044258033120498	-0.005759316440617779	-0.0001902642452502601	0.029468374088316374
-0.0007194817852802515	0.003819639546271736	-0.005785469052364212	0.0005887613377300038	-0.034164728010994905	-0.006508229235307361	5.937335298011881e-05	0.02940596468875878
-0.00059466298616484	0.00363241134759984	-0.006908838244398696	0.0005263519381728532	-0.035475325401702396	-0.006008954038847714	-3.036046577920004e-06	0.02566140071530909
0.0007159344045422067	0.002758679753794624	-0.008469073233336344	0.0006511707372880426	-0.03129389563135043	-0.005759316440617779	0.00012178275253726945	0.02447562212371701
-0.000844300584395441	0.0023842233564492776	-0.00828184503466356	0.00015189554082817303	-0.031231486231792838	-0.005322450643715282	-0.0004399018434797508	0.02684717930690117
0.000653525004984612	0.002072176358662192	-0.006159925449709114	0.00040153313905766375	-0.029983298240643164	-0.007132323230882642	-0.0001902642452502601	0.03009246808389099
-0.0006570723857224348	0.0043189147427320496	-0.006035106650593924	0.00046394253861525847	-0.033852681013207375	-0.00763159842734229	-6.544544613462655e-05	0.028157776697609105
0.0007159344045422067	0.00506782753742141	-0.007033657043513886	0.0005263519381728532	-0.031668352028695335	-0.008255692422917349	-0.00031508304436500545	0.03009246808389099
-0.0007818911848374022	0.004443733541847017	-0.006908838244398696	0.0005263519381728532	-0.0322300366247128	-0.008442920621589689	-0.0001902642452502601	0.032151978269288284
0.000653525004984612	0.0030083173520245587	-0.007033657043513886	0.000339123739500069	-0.026675600064096416	-0.008567739420704878	-0.00012785484569266536	0.030404515081678296
0.000653525004984612	-0.00042419962363737795	-0.007220885242186226	0.00046394253861525847	-0.02642596246586626	-0.008380511222032094	-6.544544613462655e-05	0.034710763651145005
-0.0006570723857224348	-0.001235521817884555	-0.006159925449709114	0.000339123739500069	-0.02811101625391843	-0.007694007826900107	-0.0002526736448074107	0.0335249850595527
0.0007159344045422067	-0.0014227500165571172	-0.00459969046077191	0.0005887613377300038	-0.028672700849935895	-0.008630148820262251	-3.036046577920004e-06	0.032214387668845434
-0.0007818911848374022	-0.0024213004094770785	-0.004849328059001845	8.94861412705783e-05	-0.029920888841086013	-0.007194732630440237	-0.0004399018434797508	0.032339206467960624
0.0005911156054270172	-0.002483709809034673	-0.0051613750567891525	0.0002767143399424743	-0.028610291450378522	-0.0083181018224745	-0.0002526736448074107	0.028157776697609105
-0.0007194817852802515	-0.00036179022407933914	-0.004038005864754224	0.0002767143399424743	-0.034851231406127336	-0.005634497641502589	-3.036046577920004e-06	0.02678476990734424
0.0007783438040993573	0.0005119413697254327	-0.0011047640855526009	0.00021430494038576775	-0.03441436560922484	-0.006071363438405308	-0.0002526736448074107	0.02197924614141744
-0.0006570723857224348	0.0011984447648574204	-0.00023103249174760698	0.0002767143399424743	-0.03510086900435705	-0.0068826856326529295	-0.0003774924439226002	0.023539481130354645
-0.00040743478749294404	0.0022594045573345323	-0.00035585129086279643	0.0006511707372880426	-0.035849781799047076	-0.005447269442830249	0.00024660155165268094	0.023040205933894775
0.00040388740675512125	-0.0007986560209822802	-0.0004806700899779859	0.00021430494038576775	-0.03310376821851757	-0.004199081451681019	-0.0004399018434797508	0.02079346754982514
-0.00059466298616484	7.507557282293575e-05	-0.0004806700899779859	0.000339123739500069	-0.03379027161365	-0.0051976318446005365	-6.544544613462655e-05	0.017797816371065922
0.0007159344045422067	-0.0015475688156718626	-0.0006054888890927312	0.0005887613377300038	-0.030357754637988288	-0.002950893460530901	-0.00012785484569266536	0.015239030989208757
-0.0004698441870500947	-0.0019844346125745815	-0.00035585129086279643	0.0006511707372880426	-0.02811101625391843	-0.0033253498578758034	-0.0004399018434797508	0.013179520803811906
0.0004662968063118278	-0.0034198508023970398	-0.0013544016837827577	0.00015189554082817303	-0.02617632486763677	-0.0034501686569905488	-6.544544613462655e-05	0.016986494176818745
-0.0004698441870500947	-0.002733347407264164	8.101450603970051e-05	0.0002767143399424743	-0.02361753948577916	-0.0055096788423874	-0.00031508304436500545	0.017298541174605386
0.0005287062058694225	-0.002109253411689549	0.0008923367002868776	0.0005263519381728532	-0.023243083088434258	-0.005072813045485791	0.00018419215209508621	0.019358051360003126
0.0004662968063118278	-0.0032326226037242556	0.0005802897024997922	0.00015189554082817303	-0.02118357290303763	-0.007257142029997388	-0.0003774924439226002	0.01829709156752557
-0.00059466298616484	-0.0038567165992990926	0.0007051085016140934	0.000339123739500069	-0.01756382772870313	-0.0075067796282273225	-6.544544613462655e-05	0.017797816371065922
0.0007783438040993573	-0.004480810594874152	-0.0002934418913052017	0.00040153313905766375	-0.016814914934013547	-0.006695457433980145	5.937335298011881e-05	0.015800715585225777
-0.000844300584395441	-0.005479360987793891	-0.00041826069042039116	-0.00016015145695957855	-0.020434660108347602	-0.007132323230882642	-0.0004399018434797508	0.014053252397616234
0.000653525004984612	-0.0053545421886791456	-0.0007927170877650713	0.00021430494038576775	-0.01906165331808274	-0.005572088241945439	-0.0003774924439226002	0.011182420017972206
-0.000844300584395441	-0.0047304481931038644	-0.0016040392820122484	-3.533265784461115e-05	-0.02012261311055963	-0.003824625054335895	0.00012178275253726945	0.012493017408679474
0.0009031626032149909	-0.004543219994431524	-0.001042354685994784	0.00015189554082817303	-0.022931036090647172	-0.005072813045485791	-0.0002526736448074107	0.009934232026821865
-0.0006570723857224348	-0.0027957568068217586	-0.0017288580811272158	0.0002767143399424743	-0.021994895097284806	-0.004261490851237726	-0.0002526736448074107	0.006439305651603
-0.00040743478749294404	-0.0011731124183269603	-0.0007927170877650713	0.00046394253861525847	-0.020309841309232413	-0.004823175447255412	0.00012178275253726945	0.006564124450717523
0.00034147800719708243	-0.002109253411689549	-0.0016040392820122484	2.707674171320562e-05	-0.017064552532243038	-0.007132323230882642	-0.0004399018434797508	0.004005339068861025
-0.0004698441870500947	-0.0011731124183269603	-0.0009799452864374114	0.000339123739500069	-0.017376599530030346	-0.006820276233094891	-3.036046577920004e-06	0.007562674843637485
0.000653525004984612	-0.0017972064139022415	-0.0018536768802424053	0.000339123739500069	-0.013881673154811036	-0.007194732630440237	-0.00012785484569266536	0.004941480062223169
-0.0006570723857224348	-0.0011107030187698097	-0.0024153614762598696	0.00021430494038576775	-0.014193720152598788	-0.007756417226457479	-0.00031508304436500545	0.0017586006847911673
0.0005287062058694225	1.266617326534103e-05	-0.0031018648713923014	0.00015189554082817303	-0.013507216757466356	-0.006321001036635465	-0.00012785484569266536	0.0013217348878886703
-0.0005322535866076894	-0.0002993808245226326	-0.004100415264311819	0.00021430494038576775	-0.013257579159236421	-0.006008954038847714	-0.00031508304436500545	-0.0008001846970662196
0.0004662968063118278	-0.0002993808245226326	-0.005036556257674407	0.0005887613377300038	-0.011010840775166342	-0.007881236025572669	0.00024660155165268094	-0.001736325690427698
0.00040388740675512125	-0.0011731124183269603	-0.006596791246611611	0.00015189554082817303	-0.011135659574281975	-0.00763159842734229	-0.0004399018434797508	-0.002610057284232914
-0.0005322535866076894	0.00038712257060979915	-0.006471972447496199	0.000339123739500069	-0.012009391168086303	-0.006820276233094891	-6.544544613462655e-05	-0.0033589700789229404
0.0007159344045422067	-0.0002993808245226326	-0.007782569838203468	0.0005263519381728532	-0.009887471583131635	-0.007381960829113021	-3.036046577920004e-06	-0.0005505470988356187
-0.0009067099839521475	0.0007615789679549234	-0.008219435635106409	2.707674171320562e-05	-0.011634934770741845	-0.0075067796282273225	-0.0004399018434797508	-0.005792936661664916
0.0007159344045422067	0.0017601293608746627	-0.008157026235549036	0.00040153313905766375	-0.011010840775166342	-0.007381960829113021	-0.00012785484569266536	-0.007665218648389205
-0.00059466298616484	0.002134585758219787	-0.008157026235549036	0.00040153313905766375	-0.006330135808355175	-0.008567739420704878	-3.036046577920004e-06	-0.009100634838211663
0.000653525004984612	0.0014480823630873552	-0.008094616835990776	0.000339123739500069	-0.00626772640879758	-0.008505330021147284	-6.544544613462655e-05	-0.010099185231131624
-0.0005322535866076894	0.0015104917626445058	-0.008593892032450645	0.00040153313905766375	-0.00608049821012524	-0.010752068405216919	-0.0001902642452502601	-0.0071035340523717405
-0.0005322535866076894	0.0030083173520245587	-0.010778221016962686	0.00046394253861525847	-0.006829411004815045	-0.009691108612739363	5.937335298011881e-05	-0.012158695416528476
0.000653525004984612	0.0009488071666272635	-0.010903039816077875	0.000339123739500069	-0.00857687419242481	-0.007069913831325048	-0.00012785484569266536	-0.015341574793960477
-0.0007818911848374022	0.0005119413697254327	-0.011027858615193065	0.00021430494038576775	-0.008888921190211896	-0.007444370228669728	-0.00031508304436500545	-0.010224004030246592
0.00084075320365673	0.0004495319701673939	-0.010528583418733417	0.0007135801368456374	-0.005081947817205501	-0.0083181018224745	0.00018419215209508621	-0.010785688626263612
-0.000844300584395441	-0.0015475688156718626	-0.01171436201032594	8.94861412705783e-05	-0.006330135808355175	-0.00763159842734229	-6.544544613462655e-05	-0.01109773562405092
0.0007159344045422067	-0.0021716628112471437	-0.012400865405457928	0.0005887613377300038	-0.005206766616320246	-0.008879786418492186	-3.036046577920004e-06	-0.0075403998492744595
-0.0004698441870500947	-0.001485159416114712	-0.012026409008113026	0.00040153313905766375	-0.00639254520791277	-0.008255692422917349	-0.0002526736448074107	-0.008039675045734995
0.000653525004984612	-0.0009234748200970255	-0.012338456005900333	0.0002767143399424743	-0.008077598995964719	-0.0075067796282273225	-0.00031508304436500545	-0.013843749204580869
0.0007783438040993573	0.0018225387604324794	-0.011464724412095118	0.0007135801368456374	-0.005768451212337933	-0.005884135239732968	0.00012178275253726945	-0.014343024401040516
-0.0007194817852802515	0.0026338609546796565	-0.009842080023601207	0.00021430494038576775	-0.007578323799504627	-0.007881236025572669	-0.0002526736448074107	-0.010910507425379024
0.000653525004984612	0.0008239883675125181	-0.009717261224486018	0.00040153313905766375	-0.006142907609682835	-0.007257142029997388	-0.00012785484569266536	-0.00835172204352208
-0.0007194817852802515	-0.0005490184227519013	-0.010903039816077875	0.0002767143399424743	-0.004582672620745631	-0.00638341043619306	-0.00031508304436500545	-0.011409782621838893
0.0009655720027719195	-0.0021716628112471437	-0.011901590208997836	0.0008383989359601607	-0.002523162435348336	-0.0062585916370778705	-0.0005023112430373455	-0.008476540842636826
-0.0007818911848374022	-0.004543219994431524	-0.011215086813865405	-3.533265784461115e-05	-0.0012125650446410674	-0.008817377018934591	-0.0002526736448074107	-0.007665218648389205
0.0005911156054270172	-0.003357441402839445	-0.011402315012537967	0.000339123739500069	0.00103417333942879	-0.008754967619376997	-6.544544613462655e-05	-0.008226903244406891
-0.0005322535866076894	-0.004168763597086622	-0.009592442425370606	0.0002767143399424743	-0.0011501556450834727	-0.010377612007871795	-0.0003774924439226002	-0.006604258855911649
-0.0006570723857224348	-0.0038567165992990926	-0.010403764619618228	0.00015189554082817303	-0.001711840241101159	-0.010939296603889481	-0.00031508304436500545	-0.003234151279807751
0.0005287062058694225	-0.005541770387351486	-0.01071581161740598	0.0002767143399424743	-0.0009629274464111326	-0.01012797440964186	-0.0003774924439226002	-0.0012370504939680504
-0.0005322535866076894	-0.006041045583811355	-0.009966898822715953	0.0002767143399424743	-0.005706041812780338	-0.006945095032209858	-0.0001902642452502601	-0.001736325690427698
0.0005911156054270172	-0.0013603406169995225	-0.010341355220060633	0.0002767143399424743	-0.007141458002602352	-0.006570638634864956	-0.0002526736448074107	-0.0071035340523717405
-0.0009067099839521475	0.00169771996131729	-0.008219435635106409	-3.533265784461115e-05	-0.009700243384459073	-0.009129424016721899	0.00018419215209508621	-0.009163044237769258
0.0009655720027719195	0.001260854164415015	-0.005847878451921806	0.000775989536402566	-0.012883122761891075	-0.0047607660476978175	-0.0002526736448074107	-0.013157245809448215
-0.0006570723857224348	0.0013232635639726098	-0.008157026235549036	0.000339123739500069	-0.008452055393309843	-0.0045735378490254774	-0.0003774924439226002	-0.014155796202368176
0.0005287062058694225	-0.001485159416114712	-0.008593892032450645	0.0005263519381728532	-0.008826511790654745	-0.005135222445042942	0.00012178275253726945	-0.004981614467417295
0.00040388740675512125	-0.005853817385138571	-0.007408113440858788	0.00015189554082817303	-0.00608049821012524	-0.007569189027784917	-0.0003774924439226002	-0.004232701672727712
-0.0006570723857224348	-0.005728998586023382	-0.00828184503466356	0.00021430494038576775	-0.003833759826055605	-0.00763159842734229	-0.0003774924439226002	-0.006417030657239753
0.000653525004984612	-0.005042495190891394	-0.009155576628468332	0.00046394253861525847	-0.00408339742428554	-0.007007504431767453	-0.00012785484569266536	-0.004232701672727712
-0.0007818911848374022	-0.004293582396201812	-0.007657751039088723	2.707674171320562e-05	-0.006330135808355175	-0.00894219581804978	-0.0005647206425949403	-0.00454474867051502
0.0005911156054270172	-0.0026085286081489745	-0.005847878451921806	0.0002767143399424743	-0.005581223013665593	-0.0103152026083142	-6.544544613462655e-05	-0.0031093324806930056
-0.00040743478749294404	-0.0022340722108047384	-0.005598240853691427	0.00046394253861525847	-0.003147256430923173	-0.0020771618667256853	5.937335298011881e-05	0.0033812450732859656
0.0005911156054270172	0.005317465135651789	0.0022029340909941464	0.000339123739500069	-0.00857687419242481	-0.007569189027784917	-0.0001902642452502601	-0.0020483726882156716
-0.0005322535866076894	-0.004792857592661459	-0.005411012655018643	8.94861412705783e-05	-0.008264827194637503	-0.01025279320875705	-0.0005023112430373455	-0.00136186929308324
-0.0007194817852802515	-0.008350193367438141	-0.007158475842629075	2.707674171320562e-05	-0.00608049821012524	-0.008380511222032094	-0.0004399018434797508	0.000135956296296591
0.000653525004984612	-0.008662240365225893	-0.00840666383377875	0.00040153313905766375	-0.006891820404372639	-0.006071363438405308	-0.0002526736448074107	-0.0024228290855601298
-0.0004698441870500947	-0.007913327570535422	-0.007969798036876252	0.000339123739500069	-0.008140008395522313	-0.006508229235307361	-0.00012785484569266536	-0.006042574259894851
0.0007159344045422067	-0.009099106162127946	-0.007532932239973977	0.00021430494038576775	-0.005893270011452678	-0.008380511222032094	-0.00031508304436500545	-0.0009250034961805209
-0.0007194817852802515	-0.008911877963455384	-0.009467623626255861	8.94861412705783e-05	-0.005830860611895083	-0.00763159842734229	-0.0003774924439226002	-0.004232701672727712
0.0005287062058694225	-0.008100555769208206	-0.008718710831565835	8.94861412705783e-05	-0.007952780196850417	-0.008006054824687414	-0.0002526736448074107	-0.004731976869187804
-0.0005322535866076894	-0.006353092581598663	-0.007033657043513886	0.000339123739500069	-0.00676700160525745	-0.01025279320875705	-0.0002526736448074107	-0.0024228290855601298
0.0007783438040993573	-0.006228273782483473	-0.008531482632893939	-9.774205740198383e-05	-0.007827961397734784	-0.0103152026083142	-0.0005023112430373455	-0.0037334264762676206
0.0005911156054270172	-0.00703959597673065	-0.007907388637318657	0.000339123739500069	-0.006891820404372639	-0.008193283023360198	-0.00031508304436500545	-0.010161594630688997
-0.0005322535866076894	-0.007726099371863526	-0.008531482632893939	0.00040153313905766375	-0.006142907609682835	-0.008380511222032094	-0.00012785484569266536	-0.006853896454142028
0.0005911156054270172	-0.008475012166553553	-0.009592442425370606	8.94861412705783e-05	-0.004894719618532717	-0.01012797440964186	-0.0004399018434797508	-0.015591212392190856
-0.0005322535866076894	-0.0097856095572606	-0.012151227807227993	0.000339123739500069	-0.006142907609682835	-0.0058217258401753735	-0.0002526736448074107	-0.013781339805023718
0.0007783438040993573	-0.008724649764783488	-0.012588093604130712	0.0005263519381728532	-0.006579773406584666	-0.007007504431767453	-0.0005023112430373455	-0.013219655209006032
-0.0007194817852802515	-0.008287783967880546	-0.01358664399705023	-3.533265784461115e-05	-0.00608049821012524	-0.007194732630440237	-0.0004399018434797508	-0.016090487588650948
0.0005287062058694225	-0.008100555769208206	-0.010840630416520725	0.0005263519381728532	-0.0037089410269406375	-0.008193283023360198	0.00012178275253726945	-0.01908613876740972
-0.0003450253879353493	-0.00560417978690908	-0.01196399960855521	-9.774205740198383e-05	-0.009450605786229582	-0.009815927411854553	-0.0006895394417101297	-0.01584084999042057
-0.0005322535866076894	-0.004480810594874152	-0.010154127021388293	0.00015189554082817303	-0.010698793777379034	-0.009878336811412147	-0.0001902642452502601	-0.013094836409890842
0.0007159344045422067	-0.002296481610361889	-0.008718710831565835	0.0005263519381728532	-0.010386746779591949	-0.012624350391941874	-0.0001902642452502601	-0.021145648952807017
-0.0004698441870500947	-0.004043944797971433	-0.009717261224486018	0.0002767143399424743	-0.010012290382247047	-0.010564840206544579	-3.036046577920004e-06	-0.016964219182455276
0.000653525004984612	-0.0053545421886791456	-0.010341355220060633	8.94861412705783e-05	-0.013070350960563637	-0.010876887204332109	-0.0002526736448074107	-0.020958420754134455
-0.00059466298616484	-0.0066027301798285976	-0.01171436201032594	8.94861412705783e-05	-0.01144770657206906	-0.009379061614952278	-0.00031508304436500545	-0.02782345470545855
0.000653525004984612	-0.00560417978690908	-0.011776771409882647	-0.0004721984547471081	-0.01818792172427841	-0.00894219581804978	-0.0002526736448074107	-0.026762494912980994
-0.0005322535866076894	-0.0034822602019541904	-0.012026409008113026	-0.00034737965563191864	-0.021245982302595223	-0.008442920621589689	-0.0002526736448074107	-0.023517206135991398
0.000653525004984612	-0.0013603406169995225	-0.011776771409882647	0.0002767143399424743	-0.0172517807309156	-0.010814477804774292	-0.00012785484569266536	-0.015965668789535314
0.0004662968063118278	-0.0011107030187698097	-0.011402315012537967	2.707674171320562e-05	-0.02024743190967504	-0.011126524802561821	-0.0005023112430373455	-0.020271917359002467
-0.00059466298616484	0.0009488071666272635	-0.011339905612980816	0.000339123739500069	-0.02711246586099869	-0.009503880414067023	-0.00012785484569266536	-0.017713131977145302
0.00084075320365673	0.0013856729635297604	-0.011027858615193065	0.00046394253861525847	-0.026113915468079174	-0.01012797440964186	-0.00012785484569266536	-0.02139528655103695
-0.0006570723857224348	0.001260854164415015	-0.01059099281829079	0.00015189554082817303	-0.026113915468079174	-0.009316652215394683	-0.0002526736448074107	-0.015091937195730987
0.000653525004984612	0.0015104917626445058	-0.010216536420945888	8.94861412705783e-05	-0.031169076832235465	-0.008505330021147284	5.937335298011881e-05	-0.01203387661741373
-0.0004698441870500947	0.0028834985529093693	-0.009155576628468332	-0.00022256085651717328	-0.031169076832235465	-0.01175061879813688	-0.000627130042152535	-0.015403984193518072
0.0002790686076399318	0.0015104917626445058	-0.009093167228910737	-0.00384230603085145	-0.0172517807309156	-0.00763159842734229	-0.0002526736448074107	-0.026075991517848562
-0.0006570723857224348	-0.002046844012131954	-0.013836281595280386	-0.008710239196335401	-0.01157252537118425	-0.005447269442830249	-0.00012785484569266536	-0.029446099093952904
-0.0007194817852802515	-0.0057914079855814204	-0.01358664399705023	-0.03267544862641114	-0.007391095600832731	-0.004947994246370158	-0.0002526736448074107	-0.021644924149266886
0.00040388740675512125	-0.0064155019811562575	-0.012338456005900333	-0.03298749562419845	-0.007765551998177633	-0.006008954038847714	-0.0004399018434797508	-0.01584084999042057
-0.00059466298616484	-0.005541770387351486	-0.009155576628468332	-0.03105280423791612	-0.0060180888105676456	-0.006820276233094891	-6.544544613462655e-05	-0.016402534586438033
0.0005911156054270172	-0.006540320780271447	-0.006784019445283507	-0.030615938441013846	-0.006642182806142705	-0.0068826856326529295	-0.00031508304436500545	-0.015029527796173392
-0.0006570723857224348	-0.006165864382926323	-0.00828184503466356	-0.03205135463083608	-0.007141458002602352	-0.007569189027784917	-0.00031508304436500545	-0.017151447381127616
0.0005911156054270172	-0.007102005376288689	-0.009717261224486018	-0.013016487765802331	-0.010511565578707138	-0.006071363438405308	-0.0002526736448074107	-0.017837950776259826
-0.0005322535866076894	-0.007913327570535422	-0.009467623626255861	-0.01251721256934224	-0.01157252537118425	-0.007007504431767453	-0.0004399018434797508	-0.013906158604138463
0.000653525004984612	-0.008100555769208206	-0.007657751039088723	-0.013016487765802331	-0.011946981768529152	-0.006008954038847714	-0.00012785484569266536	-0.020147098559886834
0.0004662968063118278	-0.0076636899723061536	-0.008344254434221154	-0.01239239377022705	-0.011510115971626655	-0.004635947248583072	-0.0004399018434797508	-0.021956971147054416
-0.0006570723857224348	-0.008100555769208206	-0.007657751039088723	-0.012205165571554266	-0.010761203176936629	-0.0035125780565481435	-0.00031508304436500545	-0.02432852833023902
0.0007783438040993573	-0.007850918170978716	-0.009779670624043169	-0.011581071575979873	-0.00676700160525745	-0.005696907041060184	-6.544544613462655e-05	-0.030756696484660173
-0.00059466298616484	-0.008038146369650612	-0.009654851824928201	-0.011830709174209808	-0.01007469978180442	-0.0006417456769041152	-0.0001902642452502601	-0.02657526671430821
0.0005911156054270172	-0.006290683182041068	-0.008656301432008684	-0.012766850167572397	-0.00876410239109715	-0.005072813045485791	-0.0005647206425949403	-0.02364202493510681
-0.0007818911848374022	-0.006353092581598663	-0.00684642884484199	-0.012829259567129547	-0.008514464792867216	-0.004947994246370158	5.937335298011881e-05	-0.024203709531123607
0.00084075320365673	-0.005416951588236296	-0.006471972447496199	-0.015075997951199183	-0.009949880982689452	-0.008442920621589689	-0.0003774924439226002	-0.020334326758559618
-0.0007818911848374022	-0.0036694884006267525	-0.00828184503466356	-0.018258877328631185	-0.009575424585344772	-0.0075067796282273225	-0.00031508304436500545	-0.021769742948381632
-0.000844300584395441	-0.0047304481931038644	-0.008905939030238619	-0.013640581761377168	-0.010324337380034354	-0.005322450643715282	-0.0005647206425949403	-0.02270588394174422
0.00084075320365673	-0.006165864382926323	-0.009342804827141116	-0.011269024578192788	-0.007952780196850417	-0.005072813045485791	0.00012178275253726945	-0.02189456174749682
-0.0007194817852802515	-0.004418401195316557	-0.010840630416520725	-0.013640581761377168	-0.007328686201275136	-0.006945095032209858	-0.00031508304436500545	-0.026450447915193243
0.0005911156054270172	-0.007102005376288689	-0.010029308222273547	-0.008398192198547871	-0.008264827194637503	-0.006633048034422551	-0.00031508304436500545	-0.020147098559886834
-0.0005322535866076894	-0.007351642974518624	-0.009280395427583521	-0.010083245986600264	-0.008327236594194654	-0.004199081451681019	-0.0005023112430373455	-0.016090487588650948
0.0004662968063118278	-0.009099106162127946	-0.011901590208997836	-0.008460601598105466	-0.010012290382247047	-0.0047607660476978175	-0.0004399018434797508	-0.013282064608563404
-0.0006570723857224348	-0.009099106162127946	-0.012276046606342739	-0.006962776008725857	-0.007328686201275136	-0.005572088241945439	-0.00031508304436500545	-0.013406883407678594
0.000653525004984612	-0.008287783967880546	-0.009717261224486018	-0.006713138410495922	-0.008639283591982405	-0.006321001036635465	-0.0001902642452502601	-0.003920654674940183
0.000653525004984612	-0.007975736970093461	-0.008469073233336344	-0.006588319611380733	-0.00907614938888468	-0.0062585916370778705	-0.00031508304436500545	-0.011971467217855691
-0.0007194817852802515	-0.008100555769208206	-0.010778221016962686	-0.006837957209610224	-0.010698793777379034	-0.003013302860088496	-0.0005023112430373455	-0.012907608211218946
0.0007783438040993573	-0.006789958378500938	-0.012338456005900333	-0.006837957209610224	-0.011322887772954315	-0.0036998062552204836	-6.544544613462655e-05	-0.012907608211218946
-0.0007194817852802515	-0.007414052374075775	-0.011651952610767902	-0.006588319611380733	-0.01107325017472438	-0.0032629404583177646	-0.0004399018434797508	-0.015279165394402883
0.0007159344045422067	-0.007726099371863526	-0.010029308222273547	-0.006900366609167818	-0.01026192798047676	-0.005260041244157687	-0.0003774924439226002	-0.02301793093953175
-0.0007194817852802515	-0.007975736970093461	-0.008656301432008684	-0.007711688803415884	-0.00876410239109715	-0.0047607660476978175	-3.036046577920004e-06	-0.02401648133245171
0.0007783438040993573	-0.008350193367438141	-0.009155576628468332	-0.005090494022001124	-0.010886021976051596	-0.004511128449468105	-0.000627130042152535	-0.02576394452006081
-0.0007194817852802515	-0.007289233574961029	-0.011339905612980816	-0.004778447024213595	-0.012383847565431427	-0.0017651148689385998	-0.0005023112430373455	-0.024141300131566457
-0.00040743478749294404	-0.003794307199741942	-0.01059099281829079	-0.004216762428195908	-0.010948431375609635	-0.002576437063185777	-3.036046577920004e-06	-0.028946823897492813
0.0004662968063118278	-0.004855266992219054	-0.012151227807227993	-0.005028084622443529	-0.01375685435569629	-0.00045451747823133104	-0.0005647206425949403	-0.02832272990191842
-0.0007194817852802515	-0.005167313990006583	-0.01296255000147517	-0.002157252242799057	-0.011010840775166342	4.475771822853858e-05	-0.0003774924439226002	-0.03418921346032189
0.0007783438040993573	-0.005853817385138571	-0.01545892598377474	-0.0010338830507647945	-0.007578323799504627	0.001230536309820618	-3.036046577920004e-06	-0.03737209283775389
-0.0007818911848374022	-0.006852367778058754	-0.017019160972711944	-0.00034737965563191864	-0.008327236594194654	-0.0005793362773458544	-0.0005647206425949403	-0.038433052630231224
0.0005287062058694225	-0.009099106162127946	-0.013461825197934818	2.707674171320562e-05	-0.008327236594194654	-0.002950893460530901	-0.0003774924439226002	-0.04067979101430086
-0.0006570723857224348	-0.009036696762570573	-0.016395066977137107	0.0005263519381728532	-0.006142907609682835	-0.0010162020742490174	-3.036046577920004e-06	-0.05035324794571139
0.00084075320365673	-0.008724649764783488	-0.015895791780677015	-9.774205740198383e-05	-0.005456404214550403	-0.00213957126628328	-0.0005023112430373455	-0.04735759676695217
0.0005911156054270172	-0.005416951588236296	-0.016582295175809447	0.00021430494038576775	-0.012883122761891075	-0.0006417456769041152	-0.0004399018434797508	-0.03568703904970172
-0.0003450253879353493	-0.0009858842196546203	-0.01439796619129785	0.00040153313905766375	-0.01544190814374824	-0.005946544639289897	-6.544544613462655e-05	-0.023829253133778927
0.00034147800719708243	-0.001859615813459392	-0.014273147392182217	-9.774205740198383e-05	-0.016877324333570698	-0.0031381216592034633	-0.0007519488412675024	-0.02819791110280301
-0.0007818911848374022	-0.0047304481931038644	-0.015084469586429838	-9.774205740198383e-05	-0.012820713362334368	-0.006071363438405308	-0.0005647206425949403	-0.03718486463908155
0.000653525004984612	-0.0076636899723061536	-0.021824684738638744	0.000339123739500069	-0.011135659574281975	-0.0005793362773458544	-0.00031508304436500545	-0.04230243540279521
-0.00059466298616484	-0.004043944797971433	-0.0197027651536843	0.00015189554082817303	-0.01294553216144867	-0.005572088241945439	-0.0004399018434797508	-0.039119556025363655
0.0005287062058694225	-0.004668038793546714	-0.01726879857094188	0.00015189554082817303	-0.015504317543306279	0.0031652276961029457	-0.0003774924439226002	-0.035437401451471784
-0.00059466298616484	-0.008849468563898677	-0.022074322336868235	8.94861412705783e-05	-0.01294553216144867	-0.002576437063185777	-0.0004399018434797508	-0.04255207300102537
-0.00059466298616484	-0.0064155019811562575	-0.02188709413819634	0.0002767143399424743	-0.012259028766316238	-0.004448719049910288	-0.0002526736448074107	-0.03768413983554142
0.00084075320365673	-0.011470663345312548	-0.02063890614704622	0.000339123739500069	-0.009388196386671988	0.002104267903626278	-0.00012785484569266536	-0.03549981085102916
-0.0009067099839521475	-0.011907529142215045	-0.02307287272978842	-0.00040978905518951336	-0.00857687419242481	-0.0010162020742490174	-0.0006895394417101297	-0.039181965424920806
0.0007159344045422067	0.006440834327686051	-0.005785469052364212	-0.2634654081900032	0.010021126875706443	0.018268302389015112	0.0003090109512098316	-0.005917755460779661
-0.00059466298616484	0.016613566455557338	0.005510632267541338	-0.38085748875763836	0.019444946208887703	0.016645658000520536	-0.00012785484569266536	-0.03169283747802254
0.0007159344045422067	-0.006103454983368728	-0.01577097298156227	-0.0378554287896824	-0.01275830396277633	0.0014801739080509968	-0.000627130042152535	-0.0315056092793502
-0.0007194817852802515	-0.0059786361842537605	-0.016270248178021918	-0.01582491074588943	-0.017002143132685443	0.0019170397049534937	-0.00031508304436500545	-0.03618631424616181
0.0007159344045422067	-0.003981535398414726	-0.018017711365631905	-0.009583970790140617	-0.017189371331358227	0.0004192141155734408	-0.0001902642452502601	-0.026263219716521347
0.0004662968063118278	-0.007788508771421121	-0.018454577162534402	-3.533265784461115e-05	-0.016066002139323077	-0.0047607660476978175	-0.0005023112430373455	-0.019959870361214938
-0.0005322535866076894	-0.013155717133364941	-0.01620783877846521	0.00021430494038576775	-0.013257579159236421	-8.006108088620678e-05	-0.0002526736448074107	-0.03337789126607471
0.0007783438040993573	-0.012656441936905072	-0.019889993352356417	0.000339123739500069	-0.009325786987114837	-0.004386309650352915	-0.00012785484569266536	-0.04692073097004967
-0.000844300584395441	-0.01596414011345182	-0.018891442959436677	-0.00016015145695957855	-0.010823612576494446	-0.0034501686569905488	-0.0006895394417101297	-0.04199038840500813
0.0007783438040993573	-0.016837871707257035	-0.017019160972711944	0.00021430494038576775	-0.011322887772954315	-0.0022643900653982474	-0.0004399018434797508	-0.03175524687757991
-0.0006570723857224348	-0.016588234109026656	-0.0168943421735972	8.94861412705783e-05	-0.011322887772954315	0.0007312611133614144	-0.0003774924439226002	-0.03525017325279922
0.0005911156054270172	-0.017337146903716683	-0.016145429378907172	0.00015189554082817303	-0.011198068973839126	-0.005759316440617779	-0.0001902642452502601	-0.023080340339089345
-0.0005322535866076894	-0.013093307733807347	-0.009155576628468332	-3.533265784461115e-05	-0.017002143132685443	-0.007194732630440237	-0.0006895394417101297	-0.010411232228918932
-0.00059466298616484	-0.012906079535135007	-0.003601140067851949	2.707674171320562e-05	-0.0188744251194104	-0.0058217258401753735	-0.0004399018434797508	-0.017650722577587707
0.0007159344045422067	-0.013218126532922536	-0.009280395427583521	0.00021430494038576775	-0.018125512324720372	-0.004386309650352915	-0.00031508304436500545	-0.022581065142629253
-0.000844300584395441	-0.010472112952393031	-0.010029308222273547	-0.00034737965563191864	-0.01906165331808274	-0.00894219581804978	-0.0007519488412675024	-0.03475089805633935
0.0007159344045422067	-0.016213777711682198	-0.006971247643956291	0.0002767143399424743	-0.01818792172427841	0.000793670512918565	-0.0004399018434797508	-0.023829253133778927
-0.0003450253879353493	-0.01646341530991191	-0.0062223348492667085	0.0002767143399424743	-0.0172517807309156	-0.004885584846813007	-0.0008767676403826918	-0.02139528655103695
0.0002790686076399318	-0.019771113486458658	-0.00840666383377875	-0.0002849702560743239	-0.01575395514153599	-0.0007041550764614879	-0.0005647206425949403	-0.039181965424920806
-0.0007194817852802515	-0.020707254479821025	-0.011651952610767902	8.94861412705783e-05	-0.015566726942863207	-0.0026388464627433716	-0.0005023112430373455	-0.0452356771819975
0.0005911156054270172	-0.01808605969840671	-0.009467623626255861	-0.00016015145695957855	-0.01612841153888067	-0.0051976318446005365	-0.0005647206425949403	-0.03855787142934619
0.0007159344045422067	-0.016401005910354538	-0.009966898822715953	2.707674171320562e-05	-0.017626237128260724	-0.001078611473805724	-0.0005023112430373455	-0.03706004583996636
-0.0006570723857224348	-0.010222475354163096	-0.009654851824928201	-3.533265784461115e-05	-0.019997794311445105	-0.007756417226457479	-0.0004399018434797508	-0.04055497221518589
0.000653525004984612	-0.008475012166553553	-0.005535831454134277	0.00015189554082817303	-0.021807666898612244	-0.01025279320875705	-0.0003774924439226002	-0.038433052630231224
-0.000844300584395441	-0.010908978749295528	-0.009530033025813456	-0.0004721984547471081	-0.02436645228046963	-0.012374712793711495	-0.0008143582408250971	-0.0181499977740478
0.0007159344045422067	-0.008038146369650612	-0.011839180809440242	-0.0010338830507647945	-0.02361753948577916	-0.0035125780565481435	-0.0007519488412675024	-0.0213328771514798
-0.0006570723857224348	-0.005292132789121773	-0.01109026801475066	-0.0020324334436843117	-0.021308391702152374	-0.008817377018934591	-0.0001902642452502601	-0.024952622325814078
0.0007783438040993573	-0.009348743760358325	-0.007470522840416383	-0.01201793737288237	-0.014380948351271128	-0.013061216188843705	-0.0005023112430373455	-0.026388038515635648
-0.0006570723857224348	-0.014528723923629805	-0.012088818407670399	-0.0390412073812747	-0.011946981768529152	-0.019052518546362585	-0.0007519488412675024	-0.022643474542186848
-0.00040743478749294404	-0.010971388148853123	-0.007220885242186226	-0.06525315519541985	-0.01007469978180442	-0.008255692422917349	5.937335298011881e-05	-0.02401648133245171
0.00040388740675512125	-0.01646341530991191	-0.008032207436433847	-0.02649691807021992	-0.013444807357908761	-0.007257142029997388	-0.000627130042152535	-0.02439093772979617
-0.00059466298616484	-0.014591133323186956	-0.008531482632893939	-0.04047662357109716	-0.0070790486030447575	-0.011001706003447076	-0.00031508304436500545	-0.026512857314750837
0.0005287062058694225	-0.012594032537347477	-0.013898690994837981	-0.04384673114720128	-0.009450605786229582	-0.018927699747248283	-0.0005647206425949403	-0.014218205601925327
-0.00059466298616484	-0.001235521817884555	-0.0016040392820122484	-0.1494434351984717	-0.004894719618532717	-0.006071363438405308	-0.0005023112430373455	-0.02776104530590051
0.0005287062058694225	-0.010035247155490756	-0.005660650253249022	-0.06400496720427018	-0.015067451746403115	-0.005072813045485791	-0.0006895394417101297	-0.031630428078464945
-0.0007194817852802515	-0.015402455517434577	-0.010653402217848384	0.00040153313905766375	-0.00676700160525745	-0.010377612007871795	-0.0001902642452502601	-0.0396812406213809
0.0007783438040993573	-0.012968488934692157	-0.014647603789527563	-0.056266201659141535	-0.005331585415435214	-0.011625799999021691	-0.00012785484569266536	-0.06664210123021608
0.000653525004984612	-0.009598381358587815	-0.004849328059001845	-0.1269136419582182	-0.0006508804486236031	-0.009691108612739363	-0.0001902642452502601	-0.06033875187490967
-0.0007194817852802515	-0.01858533489486658	-0.017019160972711944	-0.022939582295442795	-0.010511565578707138	-0.010876887204332109	-0.0005647206425949403	-0.07300785998507964
0.0007783438040993573	-0.008911877963455384	-0.01995240275191401	-0.026808965068006785	-0.010948431375609635	-0.012873987990171365	-6.544544613462655e-05	-0.09647379421869551
-0.00059466298616484	-0.009598381358587815	-0.020389268548816286	-0.04940116770781788	-0.013632035556581545	-0.008817377018934591	-0.0003774924439226002	-0.08455359890321512
0.0005287062058694225	-0.011096206947967424	-0.0168943421735972	-0.014951179152084215	-0.01675250553445551	0.0012929457093782126	-0.0003774924439226002	-0.07669001455897173
-0.00059466298616484	-0.007538871173190964	-0.014085919193509877	-0.027620287262254184	-0.01818792172427841	-0.00638341043619306	-0.000627130042152535	-0.07431845737578713
0.0005287062058694225	-0.010097656555047907	-0.020576496747488626	-0.008647829796777806	-0.01693973373312785	-0.005322450643715282	-0.0005023112430373455	-0.07531700776870687
-0.0005322535866076894	-0.011345844546197803	-0.02432106072093787	-0.00040978905518951336	-0.02105875410392244	0.0008560799124757157	-0.0009391770399393984	-0.08043457853242097
-0.0005322535866076894	-0.016713052908141846	-0.023634557325805883	-0.0008466548520917883	-0.014942632947288814	-0.005634497641502589	-0.0002526736448074107	-0.08704997488551469
0.0005911156054270172	-0.013779811128939556	-0.02893935628819233	-0.0014083394481094746	-0.01731419013047364	-0.0005793362773458544	-0.000627130042152535	-0.10302678117223163
-0.00059466298616484	-0.017649193901503768	-0.033183195458101444	-3.533265784461115e-05	-0.02012261311055963	0.01508542301158311	-0.0005647206425949403	-0.12299778903062819
0.0007159344045422067	-0.010097656555047907	-0.026006114508990263	0.00021430494038576775	-0.02037225070879023	-0.00020487988000139623	-0.0003774924439226002	-0.10327641877046179
-0.0006570723857224348	-0.016151368312123937	-0.022885644531115856	-0.00034737965563191864	-0.02661319066453882	0.008844483055834518	-0.0007519488412675024	-0.08836057227622196
0.0005911156054270172	-0.015527274316549766	-0.02893935628819233	-3.533265784461115e-05	-0.031231486231792838	0.00890689245539189	-0.0005647206425949403	-0.07693965215720167
-0.0004698441870500947	-0.013592582930267438	-0.02975067848243973	-0.0004721984547471081	-0.029484023044183294	0.002291496102298174	-0.0010639958390545878	-0.0657683696364113
0.0004662968063118278	-0.015277636718319387	-0.02276082573200111	-0.0004721984547471081	-0.03435195620966747	0.009655805250082139	-0.0008767676403826918	-0.06764065162313582
0.0004662968063118278	-0.015527274316549766	-0.02307287272978842	-0.00022256085651717328	-0.027486922258343593	-0.004011853253008235	-0.0009391770399393984	-0.07544182656782161
-0.00040743478749294404	-0.02232989886831538	-0.03393210825279147	-9.774205740198383e-05	-0.030295345238430693	0.005848831877075078	-0.0005023112430373455	-0.0735071351815395
0.0004662968063118278	-0.024202180855040334	-0.03124850407181956	-0.0005970172538618534	-0.02954643244374089	0.00709701986822453	-0.0011264052386121826	-0.0894215320686993
-0.0006570723857224348	-0.030255892612116808	-0.03162296046916424	-0.0005346078543047028	-0.0258018684702912	0.005599194278844921	-0.0008767676403826918	-0.07662760515941391
0.0005911156054270172	-0.03081757720813405	-0.03124850407181956	-0.0002849702560743239	-0.037971701384001744	-0.0022643900653982474	-0.0005647206425949403	-0.08580178689436502
-0.0004698441870500947	-0.03381322838689349	-0.02725430250014038	-0.00016015145695957855	-0.12415908217289329	-0.08139950870429358	-0.003934828218699504	-0.15407767001025707
0.0002790686076399318	-0.11151293083596658	-0.1103212133111573	-0.0006594266534190041	-0.04190349355612355	-0.013997357182206294	-0.0010639958390545878	-0.07082353100056782
-0.0007818911848374022	-0.031004805406806613	-0.02294805393067345	-0.0030933932361614236	-0.04209072175479589	-0.009441471014509872	-0.0009391770399393984	-0.047295187367394576
-0.0006570723857224348	-0.03412527538468102	-0.02407142312270838	-0.006713138410495922	-0.0452111917326703	-0.020987209932644912	-0.0011264052386121826	-0.03175524687757991
0.0005287062058694225	-0.03493659757892842	-0.01595820118023461	-0.014951179152084215	-0.0452111917326703	-0.017367464758310636	-0.0011264052386121826	-0.037621730435983824
-0.00059466298616484	-0.03643442316830803	-0.01726879857094188	-0.01638659534190623	-0.04776997711452746	-0.02729055928795132	-0.0011264052386121826	-0.015466393593075223
0.00034147800719708243	-0.040740671737774736	-0.01745602676961422	-0.0045912188255414765	-0.05819234684062802	-0.019114927945920623	-0.0015008616359575289	-0.02688731371209574
-0.0006570723857224348	-0.04461005451033895	-0.021512637740851215	-0.0011587018498790957	-0.052513091480896446	-0.026978512290163792	-0.004995788011176616	-0.12068864124700096
0.00021665920808255912	-0.13710078465453712	-0.1178727506576136	-0.004403990626868692	-0.06299787060655437	-0.049882761927761976	-0.001251224037727372	-0.03219211267448241
-0.0004698441870500947	-0.04479728270901151	-0.02188709413819634	-0.0009714736512067557	-0.06143763561761717	-0.0470743389476751	-0.001438452236399712	-0.05097734194128645
0.0005287062058694225	-0.04567101430281628	-0.01564615418244708	-0.12466690357414878	-0.05307477607691391	-0.06829353479722089	-0.001251224037727372	-0.043613032793502704
0.00084075320365673	0.0008863977670696688	0.04744974877017327	-0.7936956668304238	-0.004957129018090312	-0.005010403645928196	0.0009331049467846686	-0.039181965424920806
-0.00059466298616484	-0.050102081671397736	-0.020826134345718783	-0.007711688803415884	-0.053324413675143845	-0.11641118185604449	-0.0010015864394974372	-0.11276264750319975
0.000653525004984612	-0.03961730254574003	-0.005286193855904342	-0.00034737965563191864	-0.07435638132601752	-0.1302036591582496	-0.0008143582408250971	-0.11825467466425899
-0.0007818911848374022	-0.041427175132906946	-4.380429307504485e-05	-0.0006594266534190041	-0.07572938811628216	-0.156977291568412	-0.0011888146381697773	-0.17904142983325255
0.0009655720027719195	-0.033688409587778745	0.0007051085016140934	-0.0005970172538618534	-0.08596452964371037	-0.15629078817327957	-0.0009391770399393984	-0.252746930710646
-0.00059466298616484	-0.04379873231609177	0.010815431229927785	-0.005340131620230615	-0.10063073853972004	-0.09494234840826854	-0.0011888146381697773	-0.22797039908632333
0.000653525004984612	-0.052224001256352626	0.00426244427639122	-0.0012835206489942852	-0.02904715724728124	-0.07765494473084411	-0.001438452236399712	-0.1618788449549431
-0.0004698441870500947	-0.040366215340429834	-0.11593805927133105	-0.038042656988355184	-0.02492813687648665	-0.03964762040033398	-0.0013760428368421174	-0.1303620981784115
-0.0007818911848374022	-0.03687128896521075	-0.09609187021204968	-0.13065820593166766	-0.017688646527817875	-0.05593647368483867	-0.001688089834629869	-0.08355504851029538
0.0004662968063118278	-0.013280535932479909	-0.06694668061870268	-0.1568701537458126	-0.011822162969414407	-0.06779425960076146	-0.0015008616359575289	-0.1015913649824094
-0.0009067099839521475	-0.03699610776432549	-0.05577539809791232	-0.12029824560512448	-0.03391509041276519	-0.06579715881492154	-0.0017504992341874637	-0.132421608363809
0.0007783438040993573	-0.04641992709750631	-0.05409034430985993	-0.05339536927949706	-0.06349714580301424	-0.0620525948414723	-0.0011888146381697773	-0.11919081565762113
-0.0009067099839521475	-0.03144167120370889	-0.07256352657887666	-0.041287945765344336	-0.0519514068848792	-0.06067958805120788	-0.0017504992341874637	-0.1190659968585066
0.000653525004984612	-0.0389307991506076	-0.079990245126218	-0.032238582829508644	-0.06948844816053334	-0.026167190095916393	-0.0018129086337446143	-0.11064072791824531
-0.0006570723857224348	-0.05977553860280871	-0.05914550567401666	-0.002594118039701554	-0.0834681536614108	-0.03496691543352237	-0.0018753180333026531	-0.09603692842179301
0.0004662968063118278	-0.04136476573334935	-0.01539651658421759	-0.003030983836603829	-0.0641836491981469	0.00690979166955219	-0.0011888146381697773	-0.0649570474421639
0.000653525004984612	-0.06720225715014982	-0.026567799105007506	-0.003030983836603829	-0.10162928893263978	-0.007756417226457479	-0.0016256804350718301	-0.09647379421869551
-0.00059466298616484	-0.058714578810331375	-0.02494515471651315	-0.16342314069934893	-0.08496597925079041	0.005411966080172581	-0.001438452236399712	-0.07138521559658484
0.0004662968063118278	-0.05116304146387529	-0.043855202782431935	-0.23818960136922018	-0.05975258182956522	-0.007569189027784917	-0.0019377274328593597	-0.059777067278892426
-0.00059466298616484	-0.06495551876608019	-0.03299596725942888	-0.13552613909715183	-0.07161036774548801	-0.01324844438751649	-0.0018129086337446143	-0.07413122917711457
0.0004662968063118278	-0.06988586133112196	-0.010341355220060633	-0.11880042001574487	-0.07622866331274203	-0.034030774440160005	-0.002124955631531922	-0.08411673310631262
-0.0007194817852802515	-0.05983794800236608	-0.023634557325805883	-0.05252163768569229	-0.0637467834012444	-0.04445314416626056	-0.002124955631531922	-0.07157244379525762
0.0007159344045422067	-0.0680759887439546	-0.06351416364304119	-0.009771198988812735	-0.06511979019150904	-0.04445314416626056	-0.0021873650310897386	-0.06732860462534851
-0.00059466298616484	-0.06364492137537314	-0.21292226618366783	-0.1990589078466749	-0.19636675746090715	-0.1605970367427465	-0.007429754593918592	-0.18896452436289302
-0.0006570723857224348	-0.05028930987007074	-0.05596262629658488	-0.16348555009890653	-0.03878302357824892	-0.057184661675988124	-0.0018753180333026531	-0.06320958425455414
0.0005911156054270172	-0.042862591322729404	-0.06432548583728814	-0.03498459641003793	-0.05120249409018918	-0.05674779587908563	-0.0020001368324169544	-0.06476981924349134
-0.0007194817852802515	-0.054033873843519764	-0.044354477978891804	-0.1962504848665878	-0.05076562829328668	-0.023545995314502077	-0.0017504992341874637	-0.042427254201910625
0.0004662968063118278	-0.046544745896621054	-0.05140674012888802	-0.07867117610027985	-0.044524688337537865	-0.05163022511537174	-0.0018129086337446143	-0.05391058372048829
-0.0007818911848374022	-0.03581032917273297	-0.0649495798328632	-0.044782872140563645	-0.042215540553910635	-0.05138058751714181	-0.0018129086337446143	-0.04573495237845737
0.0005911156054270172	-0.051350269662547854	-0.07031678819480702	-0.0713692763520537	-0.043963003741520845	-0.029474888272463362	-0.0015008616359575289	-0.035624629650144346
-0.0006570723857224348	-0.04579583310193125	-0.0637013918417133	-0.053957053875514305	-0.03603700999771964	-0.02841392847998625	-0.001688089834629869	-0.0448612207846526
0.0005911156054270172	-0.04080308113733233	-0.0432311087868571	-0.062070275817988074	-0.049829487299924535	-0.03565341882865458	-0.001438452236399712	-0.05022842914659642
0.0004662968063118278	-0.043237047720074306	-0.025631658111645583	-0.06450424240073005	-0.052825138478683975	-0.034842096634407405	-0.0016256804350718301	-0.04404989859040542
-0.0005322535866076894	-0.04897871247936325	-0.028065624694387337	-0.056640658056486215	-0.05107767529107443	-0.02310912951759958	-0.0015632710355146795	-0.05322408032535564
0.000653525004984612	-0.04679438349485099	-0.030312363078457194	-0.0758003437206356	-0.05993981002823778	-0.021860941526449684	-0.001438452236399712	-0.049105059954561936
-0.0013435757808548665	-0.20381643278149175	-0.1772240896367847	-0.17440719502146718	-0.2280707324361113	-0.16384232551973588	-0.007429754593918592	-0.06508186624127843
0.0005287062058694225	-0.04947798767582334	-0.010528583418733417	-0.008398192198547871	-0.0649325619928367	-0.033531499243700136	-0.001688089834629869	-0.0585912886872999
-0.0006570723857224348	-0.05209918245723766	-0.01976517455324145	-0.0022196616423566518	-0.05856680323797292	-0.023920451711846757	-0.0015632710355146795	-0.05771755709349513
0.00084075320365673	-0.057029525022279426	-0.033682470654561314	-0.0017203864458967821	-0.05744343404593799	-0.020425525336627892	-0.0021873650310897386	-0.06002670487712236
-0.0009067099839521475	-0.058215303613871505	0.0016412494949773482	-0.0014707488476666253	-0.07267132753796535	-0.03059825746449829	-0.0019377274328593597	-0.06951293360986033
-0.00059466298616484	-0.054533149039979634	0.03222185527814614	-0.0016579770463391874	-0.08284405966583597	-0.043829050170685724	-0.0020001368324169544	-0.07381918217932726
0.0007159344045422067	-0.03868116155237766	0.04626397017858119	-0.0011587018498790957	-0.09176860380255669	-0.06660848100916894	-0.0018129086337446143	-0.07943602813950101
-0.0004698441870500947	-0.02701060383512721	0.0550012861166298	-0.6151423746964497	-0.038845432977806515	0.004600643885925404	-0.0001902642452502601	-0.03125597168112004
0.00040388740675512125	-0.07425451930014604	0.01587059259408452	-0.1347772263024618	-0.08696308003663011	-0.01499590757512581	-0.002124955631531922	-0.06820233621915328
-0.0007818911848374022	-0.061897458187763155	-0.013212187599705105	-0.07717335051090024	-0.06580629358664147	-0.06692052800695669	-0.007367345194360997	-0.22328969411951172
0.00034147800719708243	-0.21929396387174904	-0.23014726046153466	-0.013578172361819574	-0.0657438841870841	0.01308832222574341	-0.002499412028877046	-0.03250415967226994
-0.001031528783067781	-0.061523001790418474	-0.054027934910302555	-0.01638659534190623	-0.07454360952468986	-0.04882180213528464	-0.0023745932297623007	-0.06670451062977323
0.00040388740675512125	-0.0704475459271392	-0.038862450817833016	-0.002406889841028992	-0.0802852742839788	-0.04819770813971003	-0.0026242308279917914	-0.08343022971118041
0.0007159344045422067	-0.08317906343686654	-0.007158475842629075	-0.02300199169500039	-0.11442321584192494	-0.023982861111404352	-0.0024370026293194513	-0.07175967199393019
-0.0009067099839521475	-0.10652017887136744	0.039274117428142574	-0.010956977580405036	-0.12578172656138786	-0.023233948316714548	-0.0026866402275498302	-0.07512977957003453
0.0005911156054270172	-0.09110505718066775	0.026355371719742005	-0.0022196616423566518	-0.13227230411536683	-0.0332818616454702	-0.0026866402275498302	-0.0921051362496712
-0.0006570723857224348	-0.09435034595765734	0.03659051324717	-0.0020948428432414623	-0.14593996261845654	-0.043204956175110665	-0.0024370026293194513	-0.0736319539806547
0.00084075320365673	-0.07712535167979073	0.04021025842150494	-0.3458458156058877	-0.047333111317624965	-0.0510685405193545	-0.0028738684262221703	-0.06452018164526141
-0.0006570723857224348	-0.0854258018209364	-0.1559424843876811	-0.002344480441471397	-0.07273373693752272	-0.03527896243130968	-0.003560371821354602	-0.06614282603375621
0.00021665920808255912	-0.09534889635057708	-0.13796857731512446	-0.082790196471074	-0.02455368047914197	-0.09812522778570054	-0.0026242308279917914	-0.07725169915498897
-0.0009691193835101863	-0.07506584149439344	-0.26216328243452613	-0.010457702383945167	-0.19362074388037787	-0.1952342534971525	-0.007616982792590932	-0.20924757921907688
-0.00059466298616484	-0.08037064045677988	-0.09840101799567691	-0.008647829796777806	-0.11017937667201583	-0.031846445455647965	-0.0029986872253369157	-0.067765470422251
0.000653525004984612	-0.04398596051476433	0.036902560244958194	-0.8031194861636046	-0.03491364080568471	-0.016618551963621053	-0.0008143582408250971	-0.03368993826386202
-0.0007818911848374022	-0.04791775268688592	-0.06538644562976548	-0.1379601056798938	-0.07654071031052934	-0.07671880373748197	-0.002749049627107425	-0.08929671326958433
0.0005287062058694225	-0.08155641904837219	-0.040048229409425096	-0.15200222058032864	-0.1149849004379424	-0.03765051961449428	-0.0026866402275498302	-0.07862470594525361
-0.00059466298616484	-0.10808041386030465	0.002702209287454016	-0.13265530671750758	-0.10006905394370258	-0.05006999012643454	-0.0025618214284346408	-0.09516319682798802
0.0009031626032149909	-0.059338672805906434	-0.08941406445939837	-0.0020948428432414623	-0.07703998550698943	-0.05930658126094279	-0.0029986872253369157	-0.07924879994082867
-0.0009691193835101863	-0.061210954792630945	-0.10339376996027583	-0.11455658084583553	-0.062311367211422164	-0.06604679641315148	-0.0028114590266645756	-0.07107316859879753
0.00034147800719708243	-0.09784527233287665	-0.11244313289611174	-0.020505615712701042	-0.06705448157779137	-0.09325729462021659	-0.003123506024451883	-0.08623865269126729
0.0004662968063118278	-0.07700053288067554	-0.11999467024256782	-0.17359587282721956	-0.06705448157779137	-0.0774053071326144	-0.003123506024451883	-0.07207171899171749
-0.0007818911848374022	-0.08923277519394324	-0.10607737414124774	-0.11212261426309356	-0.08047250248265136	-0.07746771653217177	-0.0032483248235670725	-0.07463050437357444
0.0005287062058694225	-0.08330388223598195	-0.12099322063548801	-0.10993828527858152	-0.09108210040742426	-0.06754462200253131	-0.0029986872253369157	-0.08249408871781805
-0.0006570723857224348	-0.09154192297757024	-0.1081992937262024	-0.07736057870957258	-0.08540284504769291	-0.07634434734013706	-0.0029986872253369157	-0.08442878010410015
0.0002790686076399318	-0.07706294228023314	-0.10189594437089622	-0.13552613909715183	-0.07572938811628216	-0.07191327997155539	-0.0030610966248947324	-0.08704997488551469
-0.0007194817852802515	-0.07868558666872794	-0.1063270117394779	-0.08821981423257541	-0.09120691920653945	-0.0510685405193545	-0.0025618214284346408	-0.078000611949679
0.0007159344045422067	-0.08879590939704096	-0.079116513532413	-0.09352461319496208	-0.08696308003663011	-0.04975794312864723	-0.0030610966248947324	-0.09366537123860841
-0.0009067099839521475	-0.08424002322934432	-0.07487267436250367	-0.13708637408608904	-0.09376570458839639	-0.04127026478882856	-0.0026242308279917914	-0.08012253153463322
-0.0007194817852802515	-0.08598748641695386	-0.04348074638508703	-0.08378874686399396	-0.10025628214237514	-0.0458261509565252	-0.002749049627107425	-0.08236926991870308
0.0007159344045422067	-0.0760019824877558	-0.03542993384217108	-0.13028374953432276	-0.08896018082246959	-0.04545169455918008	-0.0022497744306471112	-0.08311818271339289
-0.0009067099839521475	-0.07793667387403791	-0.03711498763022303	-0.13845938087635368	-0.09613726177158122	-0.03434282143794731	-0.0026242308279917914	-0.0760035111638393
0.000653525004984612	-0.09235324517181787	0.004012806678161285	-0.13902106547237092	-0.12184993438926583	-0.021548894528662377	-0.002312183830204706	-0.06551873203818115
-0.0003450253879353493	-0.07506584149439344	0.051256722143180555	-0.04347227474985638	-0.10088037613794998	-0.018678062149017682	-0.002312183830204706	-0.09472633103108574
0.0005911156054270172	-0.08324147283642414	0.021050572757356	-0.0017827958454543769	-0.13714023728085056	-0.05006999012643454	-0.0021873650310897386	-0.09116899525630884
-0.00040743478749294404	-0.07856076786961275	0.03247149287637652	-0.0015955676467818147	-0.12628100175784773	-0.05930658126094279	-0.0021873650310897386	-0.09959426419656991
0.0007783438040993573	-0.08885831879659833	-0.01826734896386184	-0.0017827958454543769	-0.098446409555208	-0.0777173541304017	-0.0022497744306471112	-0.10127931798462186
0.0007159344045422067	-0.06433142477050535	-0.07343725817268143	-0.001970024044126273	-0.08434188525521558	-0.07353592436005019	-0.0026242308279917914	-0.09784680100896015
-0.0003450253879353493	-0.08629953341474095	-0.07955337932931528	-0.0018452052450119716	-0.07292096513619506	-0.05743429927421828	-0.0023745932297623007	-0.07937361873994364
0.00034147800719708243	-0.0849889360240339	-0.09153598404435304	-0.0022820710419142465	-0.06680484397956143	-0.05599888308439627	-0.0030610966248947324	-0.07893675294304114
-0.000844300584395441	-0.06545479396254006	-0.07693218454790074	-0.0022196616423566518	-0.07248409933929278	-0.07029063558306081	-0.002749049627107425	-0.08436637070454256
0.000653525004984612	-0.07469138509704853	-0.0451658001731392	-0.0018452052450119716	-0.08602693904326775	-0.06467378962288683	-0.0023745932297623007	-0.08012253153463322
-0.00059466298616484	-0.07550270729129593	-0.055338532301009824	-0.0016579770463391874	-0.07448120012513226	-0.05812080266935049	-0.002312183830204706	-0.08168276652357043
0.0007159344045422067	-0.07213259971519137	-0.08092638611958014	-0.0020324334436843117	-0.06699207217823377	-0.05456346689457359	-0.0026866402275498302	-0.07768856495189147
-0.0007818911848374022	-0.07625162008598574	-0.07805555373993567	-0.0019076146445695663	-0.06549424658885417	-0.0564357488812981	-0.0026242308279917914	-0.07450568557445947
-0.0017804415777569194	-0.06770153234660992	-0.07206425138241679	-0.003467849633506326	-0.06686725337911881	-0.0596186282587301	-0.003810009419584315	-0.0760035111638393
0.0005287062058694225	-0.06451865296917769	-0.06326452604481103	-0.002157252242799057	-0.07017495155566578	-0.0564357488812981	-0.002312183830204706	-0.07331990698286739
-0.000844300584395441	-0.06495551876608019	-0.06232838505144822	-0.0022820710419142465	-0.07136073014725786	-0.05181745331404408	-0.002312183830204706	-0.07157244379525762
0.0005287062058694225	-0.06720225715014982	-0.06738354641560496	-0.0017203864458967821	-0.06524460899062423	-0.0470743389476751	-0.0022497744306471112	-0.06689173882844601
-0.0005322535866076894	-0.06433142477050535	-0.06956787540011722	-0.0015955676467818147	-0.05844198443885795	-0.04595096975564039	-0.0023745932297623007	-0.06551873203818115
0.00034147800719708243	-0.060649270196613925	-0.06326452604481103	-0.0019076146445695663	-0.05588319905700079	-0.04676229194988757	-0.002124955631531922	-0.0626478996585369
-0.000844300584395441	-0.055531699432899595	-0.05546335110012501	-0.0011587018498790957	-0.05419814526894884	-0.04376664077112835	-0.001688089834629869	-0.05971465787933461
0.0007159344045422067	-0.051911954258565096	-0.05633708269392956	-0.0017827958454543769	-0.05220104448310914	-0.039023526404758924	-0.0021873650310897386	-0.05771755709349513
0.0005287062058694225	-0.054158692642634954	-0.057148404888177184	-0.00134593004855188	-0.04908057450523473	-0.035715828228212176	-0.0018753180333026531	-0.055470818709425496
-0.0005322535866076894	-0.051350269662547854	-0.055026485303222517	-0.0012211112494371346	-0.04620974212559026	-0.03477968723484981	-0.0015008616359575289	-0.05372335552181573
0.00040388740675512125	-0.048853893680248284	-0.04940963934304832	-0.0012835206489942852	-0.04552323873045783	-0.03546619062998224	-0.001688089834629869	-0.05284962392801096
-0.0009067099839521475	-0.04542137670458635	-0.045540256570484106	-0.00153315824722422	-0.044150231940193185	-0.035715828228212176	-0.0017504992341874637	-0.049105059954561936
0.0005911156054270172	-0.04429800751255164	-0.0447913437757943	-0.0010338830507647945	-0.04127939956054871	-0.033219452245912606	-0.0011264052386121826	-0.046421455773589804
-0.00059466298616484	-0.043237047720074306	-0.04429206857933421	-0.0008466548520917883	-0.03691074159152441	-0.027352968687508694	-0.0015632710355146795	-0.04504844898332494
0.0004662968063118278	-0.042051269128482005	-0.04248219599216729	-0.0009714736512067557	-0.03597460059816204	-0.025855143098129085	-0.0013760428368421174	-0.04317616699660043
-0.0007194817852802515	-0.04061585293865977	-0.0379887192240278	-0.0006594266534190041	-0.034664003207454774	-0.026666465292376484	-0.0011888146381697773	-0.0416783414072206
-0.0009067099839521475	-0.03574791977317582	-0.03705257823066588	-0.0009714736512067557	-0.032854130620287636	-0.026354418294588955	-0.0013136334372845226	-0.0404925628156283
0.0004662968063118278	-0.03524864457671595	-0.03855040382004549	-0.0009714736512067557	-0.0302329358388731	-0.024669364506536784	-0.001438452236399712	-0.03855787142934619
-0.0006570723857224348	-0.03393804718600868	-0.04029786700765503	-0.0006594266534190041	-0.027736559856573972	-0.022048169725122246	-0.0010639958390545878	-0.03668558944262168
0.0007159344045422067	-0.034187684784238614	-0.03836317562137315	-0.00034737965563191864	-0.02711246586099869	-0.01980143134105261	-0.0008143582408250971	-0.03487571685545432
-0.0007818911848374022	-0.03306431559220391	-0.0350554774448264	-0.0007842454525341935	-0.027549331657901632	-0.01948938434326508	-0.001251224037727372	-0.03450126045810942
0.0005287062058694225	-0.03144167120370889	-0.03124850407181956	-0.0005970172538618534	-0.02449127107958393	-0.0187404715485755	-0.0007519488412675024	-0.03319066306740215
-0.0004698441870500947	-0.029881436214771684	-0.02912658448686467	-0.0007842454525341935	-0.023180673688876663	-0.018553243349902937	-0.0011888146381697773	-0.03231693147359738
0.00034147800719708243	-0.028695657623179605	-0.030062725480227037	-0.0009714736512067557	-0.020621888307019942	-0.016056867367603367	-0.0007519488412675024	-0.03000778368997059
0.0005287062058694225	-0.027197832033799774	-0.029376222085094605	-0.000909064251649383	-0.02012261311055963	-0.015120726374241	-0.0010015864394974372	-0.029570917893067872
-0.00059466298616484	-0.026636147437782753	-0.02625575210722042	-0.00040978905518951336	-0.01956092851454283	-0.013934947782648921	-0.000627130042152535	-0.028634776899705505
0.0004662968063118278	-0.025575187645305197	-0.025007564116070746	-0.000909064251649383	-0.01974815671321517	-0.014246994780436228	-0.0009391770399393984	-0.02832272990191842
-0.00059466298616484	-0.023640496259022648	-0.02444587952005306	-0.00034737965563191864	-0.0184375593225079	-0.014059766581763888	-0.0007519488412675024	-0.02582635391961885
0.000653525004984612	-0.02326603986167819	-0.024882745316955557	-0.0002849702560743239	-0.01656527733578317	-0.01243712219326909	-0.0007519488412675024	-0.02401648133245171
-0.0007194817852802515	-0.02251712706698794	-0.02556924871208799	-0.0005346078543047028	-0.01394408255436863	-0.010377612007871795	-0.0005647206425949403	-0.022955521539974155
0.0005911156054270172	-0.02170580487274054	-0.025257201714300237	-0.000721836052977487	-0.012883122761891075	-0.010502430806986984	-0.0004399018434797508	-0.02301793093953175
-0.0005322535866076894	-0.02045761688159109	-0.01945312755545392	-0.001970024044126273	-0.013569626157023507	-0.010814477804774292	-0.0007519488412675024	-0.02326756853776124
-0.0004698441870500947	-0.019771113486458658	-0.01664470457536682	-0.0015955676467818147	-0.013319988558794016	-0.00869255821982029	-0.00031508304436500545	-0.021582514749709292
0.0004662968063118278	-0.019521475888228723	-0.019515536955011514	-0.000909064251649383	-0.013132760360121454	-0.00869255821982029	-0.0006895394417101297	-0.021520105350151697
-0.0007194817852802515	-0.01877256309353914	-0.021699865939524	-0.00040978905518951336	-0.01144770657206906	-0.007569189027784917	-0.000627130042152535	-0.020771192555462115
0.0004662968063118278	-0.018148469097963416	-0.0200772215510292	-0.0005970172538618534	-0.009825062183574262	-0.007257142029997388	-0.0007519488412675024	-0.0181499977740478
-0.00040743478749294404	-0.01633859651079672	-0.016582295175809447	-0.00153315824722422	-0.008514464792867216	-0.00638341043619306	-0.0005647206425949403	-0.018462044771834885
0.0004662968063118278	-0.01596414011345182	-0.01539651658421759	-0.003655077832178666	-0.008701692991539556	-0.0062585916370778705	-0.0003774924439226002	-0.017650722577587707
-0.00059466298616484	-0.01415426752628468	-0.01439796619129785	-0.018134058529516217	-0.007391095600832731	-0.004947994246370158	-0.0003774924439226002	-0.016589762785110596
0.0005911156054270172	-0.014029448727169935	-0.011027858615193065	-0.06350569200781009	-0.001961477839331094	-0.0009537926746914227	-3.036046577920004e-06	-0.012470742414316005
0.000653525004984612	-0.002920575605936948	-0.0016664486815698432	-0.17553056421350188	0.00727511329517716	0.006223288274419758	5.937335298011881e-05	-0.00460715807007217
-0.0007194817852802515	0.0017601293608746627	0.0034511220821444866	-0.2270807282479872	0.011269314866856783	0.009718214649639068	0.00012178275253726945	-0.000300909500606128
0.0007783438040993573	0.009623713705118053	0.011938800421962492	-0.3191345925952822	0.01956976500800245	0.01583433580627336	0.0006834673485549558	0.006314486852488255
-0.0005322535866076894	0.0016353105617601393	0.003326303283029297	-0.20161769322853185	0.011082086668184443	0.009343758252294165	0.0003714203507674263	-0.005543299063434981
0.0005287062058694225	-0.003544669601511341	-0.0022281332775870855	-0.12797460175069597	0.0055276501075676165	0.004600643885925404	0.0003090109512098316	-0.0012370504939680504
-0.00059466298616484	0.0005119413697254327	0.0018284776936492442	-0.1793999469860661	0.00671342869916014	0.005786422477517705	0.0003714203507674263	-0.0037958358758252153
0.0007783438040993573	-0.0024213004094770785	-0.0005430794895346924	-0.061446181822413015	0.0003476699442963582	0.0006688517138029315	-3.036046577920004e-06	-0.008975816039096474
-0.0007818911848374022	-0.006540320780271447	-0.006971247643956291	-0.040913489367999434	-0.0012125650446410674	-0.0007041550764614879	-0.00031508304436500545	-0.010536051028034121
-0.0006570723857224348	-0.010097656555047907	-0.009342804827141116	-0.010769749381732696	-0.002523162435348336	-0.001702705469381005	-3.036046577920004e-06	-0.011659420220068828
0.0005287062058694225	-0.009411153159915475	-0.009093167228910737	-0.01832128672818878	-0.002148706038003212	-0.0013906584715936976	-0.0001902642452502601	-0.011409782621838893
-0.0006570723857224348	-0.008974287363012978	-0.00840666383377875	-0.02300199169500039	-0.0016494308415431203	-0.00020487988000139623	-0.00012785484569266536	-0.010224004030246592
0.0007159344045422067	-0.007913327570535422	-0.007844979237761507	-0.024936683081282274	-0.001087746245526322	-0.0003296986791165857	5.937335298011881e-05	-0.010536051028034121
-0.00040743478749294404	-0.008038146369650612	-0.007782569838203468	-0.01588732014544636	-0.0012125650446410674	-0.0009537926746914227	-0.0001902642452502601	-0.010723279226706461
0.0005287062058694225	-0.008974287363012978	-0.007844979237761507	-0.01451431335518194	-0.0020862966384458392	-0.0014530678711510703	-0.00012785484569266536	-0.011409782621838893
-0.0006570723857224348	-0.009348743760358325	-0.008094616835990776	-0.0015955676467818147	-0.002772800033578271	-0.001265839672478286	0.00012178275253726945	-0.011597010820511233
0.00084075320365673	-0.009535971959030665	-0.008968348429795991	-0.0008466548520917883	-0.003646531627383043	-0.0018899336680537893	-0.0005023112430373455	-0.011971467217855691
0.00084075320365673	-0.009036696762570573	-0.008593892032450645	2.707674171320562e-05	-0.002960028232250833	-0.0017651148689385998	0.00012178275253726945	-0.011409782621838893
-0.0007194817852802515	-0.00947356255947307	-0.008718710831565835	-0.00022256085651717328	-0.002772800033578271	-0.0022643900653982474	-0.00031508304436500545	-0.011409782621838893
0.0007159344045422067	-0.00928633436080073	-0.00840666383377875	2.707674171320562e-05	-0.002523162435348336	-0.0015778866702658156	5.937335298011881e-05	-0.011035326224494213
-0.00059466298616484	-0.009161515561685762	-0.008968348429795991	-0.00016015145695957855	-0.0026479812344630815	-0.001515477270708665	-6.544544613462655e-05	-0.011035326224494213
0.000653525004984612	-0.009223924961243135	-0.009217986028025926	-9.774205740198383e-05	-0.002585571834905931	-0.001702705469381005	-0.0004399018434797508	-0.01209628601697088
-0.0009067099839521475	-0.009598381358587815	-0.009342804827141116	-0.0008466548520917883	-0.0028976188326934604	-0.001265839672478286	-0.00012785484569266536	-0.01109773562405092
0.000653525004984612	-0.009411153159915475	-0.008531482632893939	-0.00016015145695957855	-0.002523162435348336	-0.0013282490720361029	0.00018419215209508621	-0.010723279226706461
-0.0004698441870500947	-0.009411153159915475	-0.008344254434221154	-0.000909064251649383	-0.0030848470313660226	-0.0020771618667256853	-0.0001902642452502601	-0.011472192021396044
-0.00059466298616484	-0.009099106162127946	-0.008656301432008684	-0.0004721984547471081	-0.002960028232250833	-0.0013282490720361029	-3.036046577920004e-06	-0.010660869827148867
0.0007159344045422067	-0.009161515561685762	-0.008531482632893939	2.707674171320562e-05	-0.002523162435348336	-0.0015778866702658156	5.937335298011881e-05	-0.010910507425379024
-0.0006570723857224348	-0.00928633436080073	-0.008531482632893939	-0.00034737965563191864	-0.0028976188326934604	-0.00195234306761094	-0.0001902642452502601	-0.011222554423166553
0.000653525004984612	-0.009036696762570573	-0.00828184503466356	8.94861412705783e-05	-0.0030848470313660226	-0.0018899336680537893	-0.00012785484569266536	-0.010785688626263612
-0.0005322535866076894	-0.009036696762570573	-0.007907388637318657	0.0002767143399424743	-0.002772800033578271	-0.0016402960698234104	-0.0001902642452502601	-0.01109773562405092
0.0005287062058694225	-0.009223924961243135	-0.008469073233336344	-3.533265784461115e-05	-0.003022437631808428	-0.001702705469381005	-0.0002526736448074107	-0.010910507425379024
-0.0007194817852802515	-0.00928633436080073	-0.008531482632893939	0.00040153313905766375	-0.0026479812344630815	-0.0012034302729209134	5.937335298011881e-05	-0.010598460427591716
0.0007783438040993573	-0.009099106162127946	-0.008344254434221154	0.00015189554082817303	-0.002523162435348336	-0.0011410208733637628	-6.544544613462655e-05	-0.010723279226706461
0.0005287062058694225	-0.009411153159915475	-0.008469073233336344	-0.00034737965563191864	-0.002960028232250833	-0.001515477270708665	-0.0002526736448074107	-0.010910507425379024
-0.0006570723857224348	-0.008724649764783488	-0.008094616835990776	-0.00040978905518951336	-0.002335934236675552	-0.0013906584715936976	-0.00012785484569266536	-0.010785688626263612
0.00084075320365673	-0.008537421566110703	-0.007595341639531128	-3.533265784461115e-05	-0.0018990684397734992	-0.001078611473805724	0.00024660155165268094	-0.01003677583157403
-0.000844300584395441	-0.008724649764783488	-0.007969798036876252	-0.000909064251649383	-0.002335934236675552	-0.0012034302729209134	-0.0001902642452502601	-0.010224004030246592
0.0005287062058694225	-0.008225374568323396	-0.007657751039088723	-0.0012835206489942852	-0.002398343636233591	-0.0016402960698234104	-6.544544613462655e-05	-0.00978713823334365
-0.0005322535866076894	-0.007975736970093461	-0.007345704041301415	-0.0009714736512067557	-0.0013373838437560348	-0.00045451747823133104	0.0004962391498821717	-0.009599910034671755
0.0009031626032149909	-0.007788508771421121	-0.006908838244398696	-0.0005346078543047028	-0.0018990684397734992	-0.0009537926746914227	-0.0002526736448074107	-0.00991195703245884
-0.0007818911848374022	-0.008225374568323396	-0.007595341639531128	-0.0004721984547471081	-0.0015870214419864137	-0.000891383275133828	-0.00012785484569266536	-0.009475091235556565
-0.0004698441870500947	-0.007726099371863526	-0.006908838244398696	-0.00034737965563191864	-0.0010253368459687273	-0.0001424704804438015	0.0003090109512098316	-0.008850997239981728
0.0005911156054270172	-0.007913327570535422	-0.00709606644307148	-0.0018452052450119716	-0.0013997932433136295	-0.00045451747823133104	-0.00012785484569266536	-0.009225453637326853
-0.0007194817852802515	-0.007726099371863526	-0.006971247643956291	-0.0033430308343915804	-0.0012125650446410674	-0.0003296986791165857	-0.0002526736448074107	-0.008975816039096474
0.0007159344045422067	-0.007102005376288689	-0.0062223348492667085	-0.007586870004300694	-0.00027642405127870084	0.0004192141155734408	5.937335298011881e-05	-0.006479440056797348
-0.0004698441870500947	-0.005229723389563512	-0.004162824663869413	-0.03067834784057144	0.001845495533675745	0.002229086702740579	-0.00012785484569266536	-0.008164493844849297
0.0005911156054270172	-0.006789958378500938	-0.005847878451921806	-0.011144205779077598	0.0009717639398711952	0.0013553551089358074	0.0003090109512098316	-0.00722835285148693
-0.00040743478749294404	-0.005853817385138571	-0.0049741468581168125	-0.00970878958925514	0.0004100793438537309	0.0004816235151310355	-6.544544613462655e-05	-0.007790037447504616
0.0005911156054270172	-0.006228273782483473	-0.005598240853691427	-0.008148554600317937	0.0004100793438537309	0.0007312611133614144	-0.00012785484569266536	-0.0075403998492744595
0.00084075320365673	-0.0059786361842537605	-0.005348603255461937	-0.007212413606955792	0.0009093545403131564	0.0011057175107063166	0.0003714203507674263	-0.0069163058536996225
-0.000844300584395441	-0.006353092581598663	-0.005847878451921806	-0.0058394068166907065	0.0004100793438537309	0.000606442314246225	-0.00031508304436500545	-0.0075403998492744595
0.0005911156054270172	-0.005916226784695944	-0.005286193855904342	-0.007150004207398197	0.0005348981429689204	0.0009184893120333104	-6.544544613462655e-05	-0.007353171650602119
-0.0004698441870500947	-0.005666589186466675	-0.004911737458559218	-0.0062762726135934255	0.0011589921385433133	0.0014801739080509968	0.0003090109512098316	-0.007165943451929335
0.0007783438040993573	-0.00560417978690908	-0.004849328059001845	-0.00739964180562791	0.001221401538101352	0.0012929457093782126	-6.544544613462655e-05	-0.006541849456354942
-0.0007194817852802515	-0.005728998586023382	-0.0049741468581168125	-0.0075244606047430995	0.0017206767345607776	0.001854630305395899	0.0003714203507674263	-0.005730527262107321
0.0009031626032149909	-0.005104904590448989	-0.0045372810612143155	-0.01501358855164181	0.0023447707301360587	0.0017922209058383043	5.937335298011881e-05	-0.006791487054584433
-0.0007194817852802515	-0.004418401195316557	-0.003975596465197073	-0.009209514392795048	0.001471039136331287	0.0017298115062807096	-0.00012785484569266536	-0.006229802458567413
-0.0004698441870500947	-0.003544669601511341	-0.0024777708758174644	-0.02169139430429312	0.002906455326152857	0.0029779994974306057	0.00024660155165268094	-0.004232701672727712
0.00040388740675512125	-0.004231172996644217	-0.003601140067851949	-0.013952628759164698	0.0019703143327904904	0.001854630305395899	-6.544544613462655e-05	-0.005418480264319792
-0.00040743478749294404	-0.004355991795758962	-0.0036635494674095437	-0.0058394068166907065	0.0024071801296932094	0.0017922209058383043	0.0003714203507674263	-0.006604258855911649
0.0007159344045422067	-0.004605629393989119	-0.0034763212687372036	-0.008897467395007963	0.0021575425314632746	0.002104267903626278	-3.036046577920004e-06	-0.004856795668302549
-0.0006570723857224348	-0.004293582396201812	-0.0032266836705066027	-0.011581071575979873	0.0025944083283657715	0.002728361899200671	0.00024660155165268094	-0.00460715807007217
0.0007159344045422067	-0.0037318978001843472	-0.0032266836705066027	-0.013702991160934319	0.0026568177279233662	0.0021666773031829845	-0.00012785484569266536	-0.0052312520656472294
-0.0007818911848374022	-0.003981535398414726	-0.0034763212687372036	-0.011955527973324998	0.0031560929243827918	0.002728361899200671	0.00043382975032457693	-0.005293661465204824
0.0009031626032149909	-0.0036070790010689358	-0.0030394554718347067	-0.011019386979962187	0.0024071801296932094	0.002291496102298174	-3.036046577920004e-06	-0.005356070864762419
0.000653525004984612	-0.004293582396201812	-0.0030394554718347067	-0.007711688803415884	0.0019079049332333398	0.0019170397049534937	-3.036046577920004e-06	-0.005418480264319792
-0.00059466298616484	-0.003919125998856243	-0.003164274270949896	-0.006401091412708393	0.00209513313190568	0.002041858504068683	5.937335298011881e-05	-0.00510643326653204
0.0005911156054270172	-0.0027957568068217586	-0.00210331447847234	-0.02119211910783303	0.003592958721285733	0.003102818296545795	0.00024660155165268094	-0.004107882873612523
-0.0005322535866076894	-0.0026709380077070133	-0.0019784956793575947	-0.022877172895885423	0.004029824518187564	0.0032276370956605405	0.00024660155165268094	-0.00454474867051502
0.0005911156054270172	-0.003170213204166661	-0.002352952076701831	-0.01750996453394138	0.003280911723497981	0.002728361899200671	0.0003714203507674263	-0.004482339270957647
-0.0005322535866076894	-0.003544669601511341	-0.0022281332775870855	-0.008460601598105466	0.0019703143327904904	0.0017922209058383043	-0.00012785484569266536	-0.005480889663877386
0.0005287062058694225	-0.004043944797971433	-0.002977046072277112	-0.002157252242799057	0.0019703143327904904	0.0017298115062807096	5.937335298011881e-05	-0.005293661465204824
-0.00059466298616484	-0.004043944797971433	-0.002914636672719517	-0.001970024044126273	0.0019079049332333398	0.001854630305395899	5.937335298011881e-05	-0.005480889663877386
-0.00040743478749294404	-0.0037318978001843472	-0.002540180275374615	-0.0007842454525341935	0.00246958952925036	0.0023539055018557686	0.0005586485494397664	-0.004856795668302549
0.0004662968063118278	-0.004231172996644217	-0.0032266836705066027	-0.0004721984547471081	0.001471039136331287	0.001417764508493402	-0.0001902642452502601	-0.005792936661664916
-0.0005322535866076894	-0.003919125998856243	-0.0028522272731619225	-0.00022256085651717328	0.0021575425314632746	0.002041858504068683	0.00024660155165268094	-0.00510643326653204
0.0005287062058694225	-0.004043944797971433	-0.003164274270949896	-0.0007842454525341935	0.001658267335003183	0.001417764508493402	-6.544544613462655e-05	-0.005418480264319792
-0.0007194817852802515	-0.004231172996644217	-0.003164274270949896	-0.0009714736512067557	0.0019079049332333398	0.0016049927071661862	0.00018419215209508621	-0.0052312520656472294
0.0007159344045422067	-0.003794307199741942	-0.0027898178736043278	-9.774205740198383e-05	0.002032723732348529	0.002104267903626278	0.0003714203507674263	-0.0049192050678597
-0.0004698441870500947	-0.0036070790010689358	-0.002540180275374615	0.00021430494038576775	0.001658267335003183	0.0017298115062807096	-3.036046577920004e-06	-0.005356070864762419
0.0005911156054270172	-0.004106354197529027	-0.002977046072277112	0.00021430494038576775	0.0019079049332333398	0.0017298115062807096	-3.036046577920004e-06	-0.005168842666090079
0.0007783438040993573	-0.003794307199741942	-0.002352952076701831	0.0005263519381728532	0.00228236133057802	0.0019170397049534937	0.00024660155165268094	-0.005044023866974889
-0.0007818911848374022	-0.003794307199741942	-0.002540180275374615	-0.0004721984547471081	0.0019703143327904904	0.0017922209058383043	-6.544544613462655e-05	-0.005044023866974889
0.0007783438040993573	-0.003544669601511341	-0.00229054267714468	0.00040153313905766375	0.002032723732348529	0.001854630305395899	0.00024660155165268094	-0.0049192050678597
-0.0006570723857224348	-0.0036694884006267525	-0.0026649990744898044	0.00040153313905766375	0.0019703143327904904	0.0019794491045106444	-3.036046577920004e-06	-0.0047943862687449545
0.0007159344045422067	-0.003544669601511341	-0.0026649990744898044	0.0005263519381728532	0.0023447707301360587	0.0019794491045106444	0.00018419215209508621	-0.004669567469630209
-0.0005322535866076894	-0.0036070790010689358	-0.0024777708758174644	0.00040153313905766375	0.002032723732348529	0.0019170397049534937	-3.036046577920004e-06	-0.0049192050678597
0.0005287062058694225	-0.003794307199741942	-0.002540180275374615	0.0007135801368456374	0.00246958952925036	0.0024163149014129193	0.0003090109512098316	-0.004419929871399608
-0.0004698441870500947	-0.0032326226037242556	-0.0024777708758174644	0.0005263519381728532	0.0019703143327904904	0.0019170397049534937	-3.036046577920004e-06	-0.004856795668302549
-0.0006570723857224348	-0.003544669601511341	-0.002540180275374615	0.00040153313905766375	0.0021575425314632746	0.0019794491045106444	-3.036046577920004e-06	-0.004669567469630209
0.000653525004984612	-0.0032326226037242556	-0.002352952076701831	0.000775989536402566	0.00246958952925036	0.002229086702740579	0.00018419215209508621	-0.004482339270957647
-0.00040743478749294404	-0.003170213204166661	-0.002165723878029935	0.0007135801368456374	0.002906455326152857	0.002478724300970514	0.0003090109512098316	-0.004107882873612523
0.0005287062058694225	-0.0034198508023970398	-0.0024153614762598696	0.00046394253861525847	0.00228236133057802	0.0017922209058383043	-6.544544613462655e-05	-0.004107882873612523
-0.00040743478749294404	-0.002982985005494543	-0.0017912674806850326	0.0007135801368456374	0.0025944083283657715	0.002478724300970514	5.937335298011881e-05	-0.004482339270957647
0.000653525004984612	-0.0032950320032818503	-0.0020409050789147454	0.0005887613377300038	0.0028440459265957063	0.002665952499643076	0.0003714203507674263	-0.003920654674940183
-0.0003450253879353493	-0.0030453944050514714	-0.0018536768802424053	0.0005887613377300038	0.002531998928808399	0.002104267903626278	0.00012178275253726945	-0.004419929871399608
0.0005911156054270172	-0.003357441402839445	-0.0026025896749322097	0.00046394253861525847	0.0024071801296932094	0.0021666773031829845	-0.00012785484569266536	-0.004357520471842902
0.00084075320365673	-0.002920575605936948	-0.0017288580811272158	0.0010256271346329449	0.003093683524825641	0.0027907712987582656	0.00043382975032457693	-0.00385824527538281
-0.000844300584395441	-0.003357441402839445	-0.002352952076701831	0.0002767143399424743	0.00228236133057802	0.002041858504068683	-0.0002526736448074107	-0.004419929871399608
0.0007159344045422067	-0.0030453944050514714	-0.0020409050789147454	0.000775989536402566	0.0025944083283657715	0.0024163149014129193	0.00024660155165268094	-0.004107882873612523
-0.00040743478749294404	-0.0028581662063793534	-0.0017912674806850326	0.0009008083355181995	0.0030312741252684905	0.0027907712987582656	0.00043382975032457693	-0.004295111072285307
0.0005287062058694225	-0.003170213204166661	-0.002165723878029935	0.0006511707372880426	0.00246958952925036	0.002104267903626278	0.00012178275253726945	-0.004045473474054928
-0.0006570723857224348	-0.0030453944050514714	-0.0019160862798	0.0005263519381728532	0.0024071801296932094	0.002104267903626278	-3.036046577920004e-06	-0.004295111072285307
0.0005287062058694225	-0.002982985005494543	-0.0020409050789147454	0.0007135801368456374	0.002906455326152857	0.002665952499643076	0.0003090109512098316	-0.0037334264762676206
-0.0005322535866076894	-0.0028581662063793534	-0.0019784956793575947	0.000775989536402566	0.0026568177279233662	0.0024163149014129193	0.00024660155165268094	-0.003983064074497333
-0.0006570723857224348	-0.002920575605936948	-0.00210331447847234	0.0005263519381728532	0.002719227127480961	0.002478724300970514	5.937335298011881e-05	-0.00385824527538281
0.0007159344045422067	-0.002920575605936948	-0.0019160862798	0.0008383989359601607	0.0028440459265957063	0.002478724300970514	0.00024660155165268094	-0.003920654674940183
-0.0006570723857224348	-0.003107803804609066	-0.0019784956793575947	0.0005263519381728532	0.0026568177279233662	0.0023539055018557686	-3.036046577920004e-06	-0.003920654674940183
0.0005287062058694225	-0.003107803804609066	-0.0020409050789147454	0.0005887613377300038	0.0024071801296932094	0.002041858504068683	5.937335298011881e-05	-0.0037958358758252153
-0.00059466298616484	-0.0028581662063793534	-0.0019160862798	0.0006511707372880426	0.0026568177279233662	0.002478724300970514	0.00012178275253726945	-0.003983064074497333
0.000653525004984612	-0.0030453944050514714	-0.0019784956793575947	0.000775989536402566	0.0028440459265957063	0.0025411337005281087	0.00024660155165268094	-0.0036086076771528752
-0.0005322535866076894	-0.0028581662063793534	-0.0019160862798	0.0006511707372880426	0.0025944083283657715	0.0021666773031829845	5.937335298011881e-05	-0.003983064074497333
0.0005911156054270172	-0.002920575605936948	-0.0016664486815698432	0.000775989536402566	0.0030312741252684905	0.002665952499643076	0.0003090109512098316	-0.0035461982775948364
0.0004662968063118278	-0.002982985005494543	-0.00210331447847234	0.0005263519381728532	0.00246958952925036	0.002104267903626278	-3.036046577920004e-06	-0.004107882873612523
-0.0006570723857224348	-0.002920575605936948	-0.0019160862798	0.0005887613377300038	0.0027816365270381116	0.0024163149014129193	0.00018419215209508621	-0.0037958358758252153
0.0005911156054270172	-0.0028581662063793534	-0.00210331447847234	0.0008383989359601607	0.0026568177279233662	0.002478724300970514	0.00012178275253726945	-0.00367101707671047
-0.0006570723857224348	-0.0028581662063793534	-0.0019160862798	0.0005263519381728532	0.0028440459265957063	0.002478724300970514	5.937335298011881e-05	-0.00367101707671047
0.0007159344045422067	-0.0027957568068217586	-0.0016664486815698432	0.0008383989359601607	0.0028440459265957063	0.002478724300970514	0.00012178275253726945	-0.0034837888780376858
-0.0006570723857224348	-0.0026085286081489745	-0.0017288580811272158	0.0006511707372880426	0.0029688647257104517	0.002665952499643076	0.0003090109512098316	-0.0035461982775948364
0.0007783438040993573	-0.002483709809034673	-0.001479220482897503	0.0005263519381728532	0.002719227127480961	0.0023539055018557686	-6.544544613462655e-05	-0.0036086076771528752
-0.0007818911848374022	-0.0028581662063793534	-0.0016664486815698432	0.0007135801368456374	0.002906455326152857	0.0024163149014129193	0.00024660155165268094	-0.0035461982775948364
-0.0006570723857224348	-0.0025461192085913797	-0.0016664486815698432	0.0005887613377300038	0.0027816365270381116	0.002478724300970514	-3.036046577920004e-06	-0.0035461982775948364
0.00084075320365673	-0.0023588910099194837	-0.0012295828846671242	0.0009632177350753501	0.0031560929243827918	0.002665952499643076	0.0003714203507674263	-0.0032965606793653457
-0.0007194817852802515	-0.002733347407264164	-0.0015416298824546537	0.00040153313905766375	0.0026568177279233662	0.002229086702740579	-3.036046577920004e-06	-0.00367101707671047
0.0007159344045422067	-0.0026085286081489745	-0.0013544016837827577	0.0006511707372880426	0.002719227127480961	0.002291496102298174	0.00018419215209508621	-0.0034837888780376858
-0.0007818911848374022	-0.002483709809034673	-0.0016664486815698432	0.0005263519381728532	0.002719227127480961	0.0024163149014129193	0.0005586485494397664	-0.002984513681578038
0.0009031626032149909	-0.0021716628112471437	-0.001042354685994784	0.0010256271346329449	0.0029688647257104517	0.002478724300970514	5.937335298011881e-05	-0.0032965606793653457
-0.0006570723857224348	-0.0024213004094770785	-0.001479220482897503	0.0006511707372880426	0.0028440459265957063	0.0025411337005281087	5.937335298011881e-05	-0.003421379478480091
0.0005911156054270172	-0.0024213004094770785	-0.0009175358868798167	0.0008383989359601607	0.003280911723497981	0.002915590097873011	0.00043382975032457693	-0.0028596948824628488
0.0005287062058694225	-0.0026085286081489745	-0.0014168110833399084	0.0005887613377300038	0.0028440459265957063	0.0024163149014129193	5.937335298011881e-05	-0.0035461982775948364
-0.0007194817852802515	-0.002483709809034673	-0.0013544016837827577	0.00040153313905766375	0.0028440459265957063	0.0023539055018557686	-6.544544613462655e-05	-0.003421379478480091
0.00084075320365673	-0.002109253411689549	-0.000855126487322666	0.0009632177350753501	0.003280911723497981	0.0027907712987582656	0.00043382975032457693	-0.002984513681578038
-0.0007818911848374022	-0.0024213004094770785	-0.0013544016837827577	0.0002767143399424743	0.0028440459265957063	0.002478724300970514	5.937335298011881e-05	-0.0032965606793653457
0.0007159344045422067	-0.0022340722108047384	-0.0011671734851099735	0.000339123739500069	0.002906455326152857	0.002291496102298174	0.00012178275253726945	-0.0029221042820202214
-0.0006570723857224348	-0.002109253411689549	-0.001042354685994784	-0.00040978905518951336	0.0032185023239408306	0.002728361899200671	0.0003090109512098316	-0.003046923081135411
0.0007783438040993573	-0.002109253411689549	-0.000855126487322666	-3.533265784461115e-05	0.0032185023239408306	0.0027907712987582656	0.0003090109512098316	-0.002797285482905254
-0.0005322535866076894	-0.002046844012131954	-0.001479220482897503	-3.533265784461115e-05	0.0025944083283657715	0.002104267903626278	-0.0002526736448074107	-0.0035461982775948364
-0.00059466298616484	-0.002109253411689549	-0.001042354685994784	0.00015189554082817303	0.0031560929243827918	0.0027907712987582656	0.00024660155165268094	-0.0028596948824628488
0.0005911156054270172	-0.0021716628112471437	-0.001042354685994784	-3.533265784461115e-05	0.0028440459265957063	0.0024163149014129193	5.937335298011881e-05	-0.0031717418802506003
-0.0007194817852802515	-0.0023588910099194837	-0.0012295828846671242	-0.0005970172538618534	0.0027816365270381116	0.0023539055018557686	-6.544544613462655e-05	-0.0032965606793653457
0.00084075320365673	-0.0019220252130169868	-0.0007927170877650713	0.00040153313905766375	0.003280911723497981	0.0027907712987582656	0.0003714203507674263	-0.0031093324806930056
-0.000844300584395441	-0.0022340722108047384	-0.0012295828846671242	-9.774205740198383e-05	0.0028440459265957063	0.002478724300970514	-0.00012785484569266536	-0.003421379478480091
0.0005287062058694225	-0.0024213004094770785	-0.001291992284225163	-0.00022256085651717328	0.003343321123055576	0.0029779994974306057	0.0004962391498821717	-0.0025476478846757633
-0.00040743478749294404	-0.0017972064139022415	-0.0007303076882074766	0.0006511707372880426	0.0028440459265957063	0.0024163149014129193	0.00018419215209508621	-0.0031717418802506003
0.0007159344045422067	-0.0022340722108047384	-0.0009175358868798167	0.00040153313905766375	0.0027816365270381116	0.0023539055018557686	5.937335298011881e-05	-0.0031093324806930056
0.0005287062058694225	-0.0022340722108047384	-0.001291992284225163	0.00040153313905766375	0.00246958952925036	0.002104267903626278	-0.0001902642452502601	-0.003421379478480091
-0.0003450253879353493	-0.0016099782152299014	-0.0005430794895346924	0.0009632177350753501	0.003592958721285733	0.0030404088969877563	0.0007458767481125506	-0.0022980102864456065
0.00040388740675512125	-0.0024213004094770785	-0.0013544016837827577	0.00021430494038576775	0.002531998928808399	0.002104267903626278	-0.00012785484569266536	-0.0033589700789229404
-0.0005322535866076894	-0.0019844346125745815	-0.0009799452864374114	0.0005263519381728532	0.0030312741252684905	0.0026035431000857034	0.0003090109512098316	-0.002984513681578038
0.0007159344045422067	-0.002046844012131954	-0.0009799452864374114	0.0007135801368456374	0.0028440459265957063	0.0024163149014129193	0.00018419215209508621	-0.0026724666837905087
-0.00059466298616484	-0.002046844012131954	-0.000855126487322666	0.0006511707372880426	0.00246958952925036	0.0019170397049534937	-0.0001902642452502601	-0.003421379478480091
0.0004662968063118278	-0.0023588910099194837	-0.0014168110833399084	0.0008383989359601607	0.0030312741252684905	0.0027907712987582656	0.00018419215209508621	-0.002610057284232914
-0.00059466298616484	-0.0017972064139022415	-0.0007303076882074766	0.0008383989359601607	0.0032185023239408306	0.0026035431000857034	0.0003714203507674263	-0.0027348760833476593
-0.000844300584395441	-0.0021716628112471437	-0.0011671734851099735	0.000339123739500069	0.0028440459265957063	0.002291496102298174	-6.544544613462655e-05	-0.002984513681578038
0.00084075320365673	-0.0017972064139022415	-0.0007303076882074766	0.000775989536402566	0.003093683524825641	0.0026035431000857034	0.00024660155165268094	-0.002797285482905254
-0.00059466298616484	-0.0019220252130169868	-0.0009175358868798167	0.0005887613377300038	0.003093683524825641	0.002665952499643076	0.00012178275253726945	-0.002610057284232914
0.0009031626032149909	-0.0017972064139022415	-0.0006678982886498819	0.0010256271346329449	0.0034057305226129486	0.0027907712987582656	0.0004962391498821717	-0.0028596948824628488
