Sensor_1	Sensor_2	Sensor_3	Sensor_4	Sensor_5	Sensor_6	Sensor_7	Sensor_8
-0.0006505545213300046	-9.653036452261787e-05	0.0003518415445296075	-0.000254114650309889	0.0008951123873919276	0.0001518223992351686	-0.0002575563289062277	-0.0012897861629168617
0.0012217274653947285	-3.412096496502315e-05	0.000476660343645241	-4.4770520803982805e-06	0.001019931186507561	0.0001518223992351686	0.00017930946799626923	-0.00079051096645677
-0.00021368872442772968	0.000340335432379657	0.0007887073414327705	0.0002451605461499806	0.0013943875838517972	0.00046386939702269814	5.449066888130183e-05	-0.0009777391651295542
0.0014089556640670686	0.00021551663326491166	0.0007887073414327705	0.0001827511465923859	0.001644025182081954	0.0007135069952521889	0.00024171886755386396	-0.0006656921673424687
-8.886992531254023e-05	0.00040274483193725175	0.0005390697432023916	0.00012034174703434708	0.0009575217869495223	0.00027664119834991396	-0.00013273752979148234	-0.0010401485646871489
-8.886992531254023e-05	0.0005275636310519971	0.0009759355401051106	0.0003075699457069092	0.001644025182081954	0.0008383257943673783	0.0003041282671110146	-0.0004160545691120898
0.001096908666279539	-9.653036452261787e-05	0.00016461334585771148	-0.00019170525075318245	0.0007078841887193654	-9.781519899498825e-05	-0.0002575563289062277	-0.0013521955624749005
-0.0002760981239853244	0.00040274483193725175	0.0006638885423175811	5.7932347477196444e-05	0.001269568784737496	0.0005262787965794047	0.00011690006843845246	-0.0006656921673424687
0.0012841368649518792	0.00021551663326491166	0.0005390697432023916	0.0003075699457069092	0.001019931186507561	0.0004014599974651034	0.00011690006843845246	-0.000603282767784874
-0.00021368872442772968	0.00040274483193725175	0.0007887073414327705	0.0002451605461499806	0.001456796983409392	0.0006510975956950382	-0.00013273752979148234	-0.0012897861629168617
0.001096908666279539	2.8288434592127487e-05	0.00016461334585771148	-6.6886451637993e-05	0.0009575217869495223	0.00027664119834991396	-0.00013273752979148234	-0.0009777391651295542
-0.0005257357222152592	0.00015310723370776103	0.0003518415445296075	0.00036997934526450393	0.001207159385179457	0.00046386939702269814	0.0003665376666686093	-0.0006656921673424687
0.0014089556640670686	0.000340335432379657	0.0002270227454153062	-0.00012929585119558773	0.0008951123873919276	0.0001518223992351686	-7.032813023344353e-05	-0.0009153297655719594
0.0009720898671643496	-0.0001589397640802126	-2.261485281440656e-05	-6.6886451637993e-05	0.0005830653896046201	-0.00016022459855258298	-0.0002575563289062277	-0.001227376763359267
-0.00021368872442772968	0.00040274483193725175	0.0006638885423175811	0.00043238874482254275	0.0013943875838517972	0.0006510975956950382	0.00042894706622575995	-0.0004160545691120898
0.0007224522689346369	-0.0002837585631947359	-0.0001474336519300401	-6.6886451637993e-05	0.0005206559900470253	-0.00028504339766732834	-0.00013273752979148234	-0.0013521955624749005
-0.0005257357222152592	-9.653036452261787e-05	0.0001022039463003388	-0.00012929585119558773	0.0007078841887193654	-3.5405799437393526e-05	-0.00013273752979148234	-0.001227376763359267
0.0009720898671643496	-3.412096496502315e-05	-2.261485281440656e-05	0.0001827511465923859	0.0007078841887193654	-3.5405799437393526e-05	0.0003041282671110146	-0.0006656921673424687
-0.00040091692310051386	0.00021551663326491166	0.000476660343645241	0.00036997934526450393	0.0004582465904894306	-0.00028504339766732834	-0.0002575563289062277	-0.0015394237611472406
0.0007848616684917875	-0.0002837585631947359	-0.00020984305148719073	-6.6886451637993e-05	0.0007078841887193654	-3.5405799437393526e-05	-0.00013273752979148234	-0.0013521955624749005
-0.000775373320444972	-9.653036452261787e-05	0.0003518415445296075	0.0004947981443796934	0.001207159385179457	0.0004014599974651034	0.00042894706622575995	-0.001227376763359267
-0.0010250109186753509	-0.00034616796275233064	-0.0003970712501595308	-0.0003165240498674837	0.0006454747891622148	-0.00028504339766732834	-0.00031996572846382243	-0.0019138801584921428
0.0010344992667219444	-0.0001589397640802126	-8.502425237200129e-05	0.00012034174703434708	0.001019931186507561	-3.5405799437393526e-05	5.449066888130183e-05	-0.001851470758934548
-0.0005881451217724099	2.8288434592127487e-05	0.0001022039463003388	0.00012034174703434708	0.001269568784737496	0.0001518223992351686	-7.918730676736985e-06	-0.001664242560261986
0.0009720898671643496	-0.0002837585631947359	-2.261485281440656e-05	0.00012034174703434708	0.0011447499856223065	-3.5405799437393526e-05	-7.918730676736985e-06	-0.0017890613593769533
-0.0004633263226576645	0.00015310723370776103	0.00016461334585771148	5.7932347477196444e-05	0.0015192063829669866	0.00027664119834991396	5.449066888130183e-05	-0.0019762895580497375
0.0011593180658366897	0.00021551663326491166	3.9794546742299985e-05	0.0002451605461499806	0.0020184815794270783	0.0004014599974651034	0.0003041282671110146	-0.0017266519598195806
-0.00033850752354291913	0.000340335432379657	0.0002270227454153062	-0.000254114650309889	0.0013319781842950906	-0.0004722715963401125	-0.00038237512802141715	-0.002912430551412104
0.0008472710680491602	-0.00022134916363758528	0.0002270227454153062	0.0001827511465923859	0.002268119177656569	0.0003390505979075087	0.00017930946799626923	-0.002288336555836823
0.0011593180658366897	0.00021551663326491166	-0.0001474336519300401	0.00012034174703434708	0.0022057097780994184	-9.781519899498825e-05	-7.918730676736985e-06	-0.003099658750084
-0.00033850752354291913	0.00046515423149484647	0.0001022039463003388	0.00012034174703434708	0.002704984974559066	0.0003390505979075087	0.00011690006843845246	-0.0029748399509692547
0.0012841368649518792	0.0005275636310519971	-0.0001474336519300401	0.00012034174703434708	0.0026425755750019153	-3.5405799437393526e-05	-7.918730676736985e-06	-0.0034117057478717516
-0.00021368872442772968	0.0010892482270696835	-8.502425237200129e-05	0.0001827511465923859	0.0030170319723470396	0.00021423179879231924	5.449066888130183e-05	-0.0030372493505268494
0.0014713650636242193	0.0010268388275120888	0.00016461334585771148	0.00043238874482254275	0.0032666695705767523	0.0004014599974651034	-7.918730676736985e-06	-0.003099658750084
-0.00021368872442772968	0.0010892482270696835	-0.00020984305148719073	-6.6886451637993e-05	0.002704984974559066	-0.0002226339981097336	-0.0002575563289062277	-0.0034741151474293464
0.0012217274653947285	0.0010268388275120888	-0.00045948064971712554	0.00043238874482254275	0.0035163071688071312	0.00046386939702269814	0.00042894706622575995	-0.0026003835536241304
9.835827335957781e-05	0.001401295224856991	-0.0005218900492747203	-0.00012929585119558773	0.00251775677588717	-0.00016022459855258298	-0.00019514692934907707	-0.003286886948756562
-0.00015127932487013496	0.0012140670261844289	-8.502425237200129e-05	-4.4770520803982805e-06	0.0027673943741166607	0.0001518223992351686	-7.918730676736985e-06	-0.002662792953181947
0.0014089556640670686	0.0010892482270696835	-0.00027225245104478546	0.00012034174703434708	0.002268119177656569	2.7003600119979154e-05	-7.032813023344353e-05	-0.0027876117522964705
9.835827335957781e-05	0.0012140670261844289	0.0002270227454153062	0.0002451605461499806	0.002704984974559066	0.00046386939702269814	0.0003041282671110146	-0.0021011083571640388
0.0014713650636242193	0.000777201229282376	-8.502425237200129e-05	0.00012034174703434708	0.002080890978984229	-3.5405799437393526e-05	5.449066888130183e-05	-0.0019138801584921428
-0.00021368872442772968	0.0009020200283973434	0.0002270227454153062	0.00012034174703434708	0.0019560721798694836	0.00027664119834991396	0.00024171886755386396	-0.001851470758934548
0.001533774463181814	0.0005275636310519971	0.0003518415445296075	0.0003075699457069092	0.0011447499856223065	-9.781519899498825e-05	-0.00019514692934907707	-0.0019138801584921428
-0.0005257357222152592	0.00021551663326491166	0.0001022039463003388	0.0001827511465923859	0.001019931186507561	-3.5405799437393526e-05	-7.918730676736985e-06	-0.0019762895580497375
0.0012217274653947285	0.00015310723370776103	0.0007887073414327705	0.0004947981443796934	0.0018312533807547382	0.0007135069952521889	0.0004913564657833547	-0.0016018331607043912
0.0010344992667219444	-0.00034616796275233064	-0.0001474336519300401	-0.00019170525075318245	0.000832702987834999	-0.0004098621967820737	-0.00038237512802141715	-0.0029748399509692547
-8.886992531254023e-05	0.00015310723370776103	0.0005390697432023916	0.0001827511465923859	0.001644025182081954	0.0004014599974651034	0.00017930946799626923	-0.0023507459553944177
0.001346546264509474	-3.412096496502315e-05	0.00016461334585771148	0.0001827511465923859	0.0013319781842950906	-0.00016022459855258298	-7.918730676736985e-06	-0.0029748399509692547
-8.886992531254023e-05	0.0002779260328225064	0.0003518415445296075	0.00012034174703434708	0.0018312533807547382	0.0003390505979075087	0.00011690006843845246	-0.003286886948756562
0.001346546264509474	-9.653036452261787e-05	-8.502425237200129e-05	5.7932347477196444e-05	0.001456796983409392	-0.0002226339981097336	-7.918730676736985e-06	-0.0034117057478717516
-0.0002760981239853244	0.00021551663326491166	-8.502425237200129e-05	0.00012034174703434708	0.0022057097780994184	-3.5405799437393526e-05	0.00024171886755386396	-0.003973390343889216
0.0014089556640670686	2.8288434592127487e-05	3.9794546742299985e-05	-0.00044134284898245113	0.0019560721798694836	-0.0004722715963401125	-0.0004447845275785678	-0.004971940736808511
-0.0005257357222152592	-0.00022134916363758528	-8.502425237200129e-05	0.00036997934526450393	0.00289221317323185	8.941299967757388e-05	0.0003041282671110146	-0.0047223031385792424
-0.00015127932487013496	0.00046515423149484647	-8.502425237200129e-05	0.0002451605461499806	0.003329078970134347	8.941299967757388e-05	0.0003041282671110146	-0.00503435013636655
0.0009720898671643496	0.00021551663326491166	-0.0008339370470624718	-0.00012929585119558773	0.0028298037736746995	-0.0007219091945693812	-0.0002575563289062277	-0.005783262931056132
-0.0004633263226576645	0.0007147918297245592	-0.0007091182479472824	-4.4770520803982805e-06	0.0032666695705767523	-0.0004722715963401125	-7.918730676736985e-06	-0.005346397134153635
0.0012841368649518792	0.0009020200283973434	-0.0010211652457343678	0.0001827511465923859	0.0032042601710191576	-0.000784318594127642	-7.032813023344353e-05	-0.004971940736808511
-0.00033850752354291913	0.0011516576266268341	-0.0009587558461772172	0.0002451605461499806	0.0037035353674790272	-0.0005346809958972631	-7.032813023344353e-05	-0.00559603473238357
0.0011593180658366897	0.0009020200283973434	-0.0013332122435218974	0.00012034174703434708	0.003329078970134347	-0.001408412589701813	-0.00031996572846382243	-0.006032900529286511
-0.0007129639208878213	0.0008396106288397487	-0.0017700780404243943	0.0006820263430524776	0.004577266961283799	-0.0005346809958972631	0.0004913564657833547	-0.0055336253328264196
0.0017834120614119708	0.00183816102175971	-0.0015204404421944595	-0.00012929585119558773	0.004015582365266779	-0.001408412589701813	-7.032813023344353e-05	-0.005783262931056132
0.001346546264509474	0.0017133422226445205	-0.001832487439981989	0.00012034174703434708	0.0038907635661518114	-0.0014708219892596297	0.00011690006843845246	-0.004971940736808511
-0.0002760981239853244	0.00221261741910439	-0.002269353236884486	-6.6886451637993e-05	0.0035163071688071312	-0.001408412589701813	-0.00019514692934907707	-0.0044726655403488635
0.0019082308605267162	0.0030239396133517893	-0.002082125038211702	0.00036997934526450393	0.003765944767036178	-0.0010963655919149495	0.00024171886755386396	-0.005283987734596041
0.00016076767291717253	0.003086349012909384	-0.0023941720359992313	-6.6886451637993e-05	0.0032666695705767523	-0.0010339561923573548	5.449066888130183e-05	-0.005159168935481295
0.0019082308605267162	0.003335986611139319	-0.002518990835114421	0.0003075699457069092	0.00289221317323185	-0.0012835937905872896	0.00017930946799626923	-0.004784712538135949
0.0005352240702618527	0.0030239396133517893	-0.0021445344377695186	0.0003075699457069092	0.0030170319723470396	-0.0009715467927997601	-7.918730676736985e-06	-0.005783262931056132
0.001970640260084311	0.0027118926155640377	-0.002019715638654329	-4.4770520803982805e-06	0.003329078970134347	-0.0006594997950124526	-0.00013273752979148234	-0.006157719328401257
0.000285586472032362	0.002275026818661985	-0.00139562164307927	0.00036997934526450393	0.004015582365266779	-0.0005970903954548579	0.0003665376666686093	-0.006095309928843662
-8.886992531254023e-05	0.001401295224856991	-0.001645259241309649	-0.00019170525075318245	0.003953172965708962	-0.0010339561923573548	-0.00019514692934907707	-0.006719403924418499
0.0014713650636242193	0.0015261140239721804	-0.0011459840448495573	0.0001827511465923859	0.004514857561726648	-0.0009715467927997601	0.00011690006843845246	-0.00696904152264799
-0.0005257357222152592	0.0014637046244148078	-0.0015204404421944595	-6.6886451637993e-05	0.004826904559513956	-0.0017828689870469372	-0.00013273752979148234	-0.006781813323976094
0.001346546264509474	0.0019005704213168606	-0.00139562164307927	0.00036997934526450393	0.0053261797559738255	-0.0013460031901444403	0.0003041282671110146	-0.0079051825160108
-0.0007129639208878213	0.0017757516222021152	-0.0019573062390967344	-0.00012929585119558773	0.004951723358628701	-0.0009091373932421654	5.449066888130183e-05	-0.008716504710258421
0.0012217274653947285	0.002275026818661985	-0.001645259241309649	0.0003075699457069092	0.00501413275818674	-0.001595640788374597	-0.00013273752979148234	-0.009278189306275664
-0.00040091692310051386	0.002275026818661985	-0.002082125038211702	0.0003075699457069092	0.004764495159956361	-0.002032506585277316	0.00017930946799626923	-0.007967591915567951
0.0014713650636242193	0.0025246644168916976	-0.0028310378329019503	0.00012034174703434708	0.00520136095685908	-0.002032506585277316	5.449066888130183e-05	-0.008966142308488134
0.0019082308605267162	0.0025870738164492924	-0.0031430848306888137	0.0002451605461499806	0.005638226753761133	-0.0021573253843920615	0.00011690006843845246	-0.010463967897867965
0.0005352240702618527	0.0023998456177769523	-0.0032054942302464084	-0.00012929585119558773	0.00551340795464661	-0.0016580501879321918	-7.918730676736985e-06	-0.013022753279724464
0.0026571436552167427	0.0020877986199892007	-0.0037047694267065	0.0001827511465923859	0.005575817354203982	-0.001595640788374597	-7.918730676736985e-06	-0.014645397668219706
0.0011593180658366897	0.0012764764257424677	-0.002518990835114421	0.00036997934526450393	0.00520136095685908	-0.0012835937905872896	0.00042894706622575995	-0.01707936425096168
0.0020330496596419056	0.00046515423149484647	-0.0017700780404243943	-0.00012929585119558773	0.0026425755750019153	-0.0015332313888172244	0.00011690006843845246	-0.016268042056714505
0.0007848616684917875	0.0012140670261844289	-0.0010211652457343678	0.0001827511465923859	-0.0012268071975625183	-0.0011587749914725443	0.00017930946799626923	-0.014582988268661667
0.0024699154565441805	0.0007147918297245592	-0.0006467088483896877	-6.6886451637993e-05	-0.003348726782516964	-0.0012211843910292508	-7.918730676736985e-06	-0.01171215588901764
3.594887380220513e-05	-0.00022134916363758528	0.0005390697432023916	5.7932347477196444e-05	-0.00440968657499452	-0.00028504339766732834	-0.00019514692934907707	-0.01189938408768998
-0.0015242861151352205	-0.0024680875477072206	0.001724848334795137	0.0002451605461499806	-0.003348726782516964	-0.00016022459855258298	0.00017930946799626923	-0.011587337089902894
-0.0015866955146925932	-0.005401329326909066	0.0006014791427599864	-0.00012929585119558773	-0.004908961771454168	-0.0004722715963401125	-0.00031996572846382243	-0.010276739699195181
-0.003708615099647261	-0.007086383114961015	0.0018496671339096604	-0.00012929585119558773	-0.004721733572781384	-0.0007219091945693812	-0.00013273752979148234	-0.009153370507160474
-0.002460427108496921	-0.007835295909651041	0.0004142509440880904	-6.6886451637993e-05	-0.005533055767029005	-0.0012835937905872896	-0.00019514692934907707	-0.007530726118665676
-0.004083071496992163	-0.007585658311421106	0.000476660343645241	0.0001827511465923859	-0.007592565952426522	0.0008383257943673783	-0.0002575563289062277	-0.00696904152264799
-0.002273198909824803	-0.00796011470876623	0.0007887073414327705	-0.00012929585119558773	-0.010026532535168053	-0.0027814193799668985	-0.00031996572846382243	-0.006344947527073597
-0.003271749302744542	-0.005838195123811563	0.0003518415445296075	0.0004947981443796934	-0.009340029140036066	-0.0030310569781968333	0.0003665376666686093	-0.0047223031385792424
-0.0015866955146925932	-0.005900604523369157	0.00016461334585771148	-4.4770520803982805e-06	-0.008154250548444208	-0.0017828689870469372	-0.00013273752979148234	-0.006906632123091283
-0.00289729290539964	-0.007835295909651041	-0.0005218900492747203	-0.00012929585119558773	-0.007967022349771424	-0.0004098621967820737	-0.00013273752979148234	-0.008092410714683362
-0.006392219280619393	-0.008396980505668283	0.0007262979418751758	-0.000254114650309889	-0.007405337753753738	-0.0008467279936850147	-0.0002575563289062277	-0.007468316719108081
-0.004332709095222098	-0.008958665101685526	-0.0003970712501595308	-6.6886451637993e-05	-0.006406787360834221	-0.0019076877861621266	-0.0002575563289062277	-0.009527826904505599
-0.006267400481504204	-0.008958665101685526	-0.0005218900492747203	-0.00012929585119558773	-0.008715935144461007	0.00021423179879231924	-0.00019514692934907707	-0.007655544917780865
-0.004956803090796491	-0.008147342907438793	-0.00139562164307927	-0.000254114650309889	-0.009152800941363726	-0.0015332313888172244	-7.918730676736985e-06	-0.007593135518223271
-0.00520644068902687	-0.007835295909651041	-0.0015204404421944595	-0.00012929585119558773	-0.006531606159948966	-0.0017204595874893425	5.449066888130183e-05	-0.007780363716896055
-0.0037710244992044117	-0.008584208704341068	-0.0025814002346715714	-0.00037893344942507845	-0.006281968561719031	-0.00034745279722492306	-0.00031996572846382243	-0.010089511500523285
-0.005892944084159746	-0.007772886510093446	-0.00439127282183871	-0.000254114650309889	-0.004160048976764141	-0.003093466377754428	-0.000632012726251352	-0.008654095310700827
-0.006204991081946831	-0.0035914567397419273	-0.004141635223608775	0.0002451605461499806	-0.004659324173224233	-0.0027190099804093038	0.0003041282671110146	-0.007031450922205584
-0.00520644068902687	-0.004652416532219483	-0.0050777762169711416	-0.0003165240498674837	-0.005096189970126508	-0.002906238179081644	-0.00031996572846382243	-0.00771795431733846
-0.005331259488141615	-0.002967362744166646	-0.004765729219183612	-0.000254114650309889	-0.003972820778092023	-0.0036551509737716703	-0.00019514692934907707	-0.009278189306275664
-0.002647655307169705	-0.003404228541069143	-0.006201145409006292	-6.6886451637993e-05	-0.0030366797847294347	-0.004404063768461253	-0.00031996572846382243	-0.005970491129728472
-0.004207890296106909	-0.004153141335759614	-0.007386924000598372	5.7932347477196444e-05	-0.003785592579419683	-0.004591291967133815	-0.0002575563289062277	-0.0072186791208783685
-0.003958252697876974	-0.005151691728679131	-0.007449333400155966	-0.00019170525075318245	-0.003161498583844624	-0.002843828779524493	-0.00019514692934907707	-0.009590236304063193
-0.006392219280619393	-0.003466637940626738	-0.004828138618741651	-6.6886451637993e-05	-0.0020381293918096954	-0.0016580501879321918	-0.00013273752979148234	-0.010588786696982933
-0.004582346693452033	-0.004714825931776634	-0.009134387188207693	-6.6886451637993e-05	-0.0018509011931369113	-0.0014708219892596297	5.449066888130183e-05	-0.010089511500523285
-0.0050816218899116805	-0.005838195123811563	-0.010070528181570504	-0.000254114650309889	-0.0016012635949074205	2.7003600119979154e-05	-0.0005071939271361625	-0.009340598705832814
-0.006517038079734139	-0.0045900071326618885	-0.009508843585552818	-6.6886451637993e-05	-0.0009771695993321394	-0.0034679227750993302	-7.918730676736985e-06	-0.005970491129728472
-0.007640407271768623	-0.006212651521156243	-0.008884749589978425	-0.000254114650309889	-0.004784142972339422	-0.0036551509737716703	-0.00038237512802141715	-0.0013521955624749005
-0.008451729466016022	-0.006275060920713615	-0.008385474393518333	-0.00037893344942507845	-0.006594015559506561	2.7003600119979154e-05	-0.0002575563289062277	-0.00047846396866968455
-0.008389320066458872	-0.004277960134873915	-0.006450783007236005	-6.6886451637993e-05	-0.00859111634534604	-0.0034679227750993302	-0.00019514692934907707	-0.005346397134153635
-0.008202091867786088	-0.0020312217508047237	-0.007823789797500869	-0.00019170525075318245	-0.00790461295021383	-0.0055274329604966255	-0.0005071939271361625	-0.003723752745659281
-0.007265950874423721	-0.004465188333546699	-0.007324514601040777	-0.00037893344942507845	-0.006094740363046469	-0.002032506585277316	-0.0005071939271361625	-0.0042854373416765235
-0.010386420852298128	-0.005151691728679131	-0.007074877002810842	5.7932347477196444e-05	-0.0062195591621614366	-0.004154426170231762	-7.918730676736985e-06	-0.00522157833503889
-0.010448830251855723	-0.004902054130449196	-0.006201145409006292	-0.0003165240498674837	-0.009464847939151255	-0.0021573253843920615	-0.00031996572846382243	-0.0003536451695549392
-0.008077273068671786	-0.005900604523369157	-0.008572702592190895	-0.00037893344942507845	-0.008466297546231294	-0.0021573253843920615	-0.0005696033266937572	-0.0032244775491991895
-0.007328360273981316	-0.004902054130449196	-0.007886199197058463	-4.4770520803982805e-06	-0.005907512164374129	-0.0025941911812945584	-7.032813023344353e-05	-0.008030001315125546
-0.006953903876636414	-0.007211201914076426	-0.007823789797500869	-0.00044134284898245113	-0.006281968561719031	-0.004341654368904546	-0.0005696033266937572	-0.006220128727958851
-0.008951004662476114	-0.006961564315846269	-0.006638011205908789	-0.00019170525075318245	-0.007779794151098418	-0.0008467279936850147	-0.0002575563289062277	-0.007468316719108081
-0.0075155884726541	-0.006711926717616334	-0.007761380397943274	-0.00012929585119558773	-0.008653525744903634	-0.0016580501879321918	-0.00013273752979148234	-0.004535074939906458
-0.00770281667132644	-0.006275060920713615	-0.00869752139130564	-0.000254114650309889	-0.008029431749328575	-0.0017828689870469372	-0.00038237512802141715	-0.005346397134153635
-0.006704266278406923	-0.007460839512306361	-0.007324514601040777	-0.00012929585119558773	-0.005907512164374129	-0.0029686475786392386	-0.0002575563289062277	-0.008591685911143232
-0.0050816218899116805	-0.006711926717616334	-0.0070124676032536915	0.0002451605461499806	-0.005782693365259384	-0.002843828779524493	0.00011690006843845246	-0.009153370507160474
-0.0061425816823890145	-0.006836745516731524	-0.006950058203696097	-0.0003165240498674837	-0.006718834358620862	-0.0002226339981097336	-0.00031996572846382243	-0.013397209677069588
-0.005892944084159746	-0.007772886510093446	-0.006138736009448698	-0.0003165240498674837	-0.007967022349771424	0.0005262787965794047	-0.00038237512802141715	-0.011025652493885207
-0.006704266278406923	-0.007086383114961015	-0.006263554808563221	0.00012034174703434708	-0.006718834358620862	0.0011503727921546858	5.449066888130183e-05	-0.009403008105390853
-0.005955353483716452	-0.008709027503455813	-0.006013917210333508	5.7932347477196444e-05	-0.008341478747116104	-0.001595640788374597	-0.0002575563289062277	-0.011587337089902894
-0.007453179073096505	-0.01051890009062273	-0.0050777762169711416	-0.0003165240498674837	-0.009652076137823373	-0.0017204595874893425	-0.0002575563289062277	-0.012086612286362763
-0.006641856878848884	-0.010706128289295513	-0.004703319819626461	0.00043238874482254275	-0.0026622233873849765	0.009263594734628233	0.0004913564657833547	-0.0038485715447740265
-0.0025852459076125545	-0.004714825931776634	0.012084808661337654	0.0002451605461499806	0.0017064345816395488	0.014131527900112184	-7.918730676736985e-06	0.0012065898193822644
0.0041549692445963515	0.004521765202731176	0.010337345473728332	0.0006820263430524776	0.0020184815794270783	0.015629353489491793	0.0006161752648985441	0.007697167373361236
0.015575889363616646	0.014132812734584554	0.02051007760159873	0.0013061203386268705	0.014001086294464615	0.021058971250993874	0.0011154504613586358	0.01824435589857676
0.0437849379636015	0.04502546551554176	0.052526099574590424	0.0023046707315468318	0.05019853803780783	0.04770778486204108	0.0021764102538357477	0.04539244470608428
0.2113541757754578	0.22239297905792355	0.2423130836289129	0.011790899464285243	0.2534659523965477	0.21477774747743772	0.011350591988786629	0.20765688355555456
0.1959390540847581	0.20984868974686788	0.23401263348776657	0.011104396069152811	0.24085925368593486	0.20510429054602697	0.007169162218434666	0.1264622547312615
0.12666462057594585	0.1327730812933705	0.15144499787320953	0.0076094696939332795	0.05057299443515273	0.04820706005850117	0.00255086665118065	0.035219712578213436
0.039728326992364726	0.04171776733899479	0.05676993874449954	0.002242261331989681	0.039339302514804775	0.035600361347888354	0.0020515914547210023	0.023174698463618304
0.03223919904546624	0.03123298821333642	0.05065381758786569	0.0025543083297767666	0.04320868528736943	0.040905160310275024	0.0024260478520656825	0.031849605002109094
0.02019418493087155	0.02018652449166125	0.03436496430336122	0.0011188921399545304	0.023112858629858346	0.030607609383289436	0.0009906316622434463	0.018556402896364288
0.011644097191495506	0.014382450332814933	0.025939695363100812	0.0013061203386268705	0.015623730682959414	0.023680166032407968	0.0012402692604738252	0.011691368945040637
0.017697808948571536	0.02087302788679324	0.026376561160002865	0.00143093913774206	0.020366845049328175	0.025240401021345393	0.0011778598609157864	0.012877147536632716
0.013391560379104606	0.018439061304051707	0.02300645358389808	0.0012437109390697199	0.01787046906702905	0.021308608849223587	0.0011778598609157864	-0.003973390343889216
0.007649895619815439	0.010450658160692905	0.015018050440539943	0.0007444357426100723	0.01119266331437796	0.0150052594939174	0.0008034034635708842	-0.002475564754509163
0.008211580215833125	0.012010893149630109	0.014768412842309564	0.0008692545417243736	0.003329078970134347	0.005955896558081486	0.0004913564657833547	-0.007530726118665676
0.000472814670704258	0.00015310723370776103	0.00465809011399676	0.0001827511465923859	0.0011447499856223065	-0.0009715467927997601	0.00017930946799626923	-0.008030001315125546
-0.003334158702302137	-0.004777235331334229	-0.003330313029361598	-0.00012929585119558773	-0.006531606159948966	-0.0008467279936850147	-0.00019514692934907707	-0.01420853187131721
-0.00040091692310051386	-9.653036452261787e-05	0.0029106269263872164	0.0004947981443796934	-0.001101988398447773	0.0035219299753395106	0.00042894706622575995	-0.004597484339464053
0.014577338970696685	0.012822215343877286	0.017826473420627265	0.000994073340839341	0.01624782467853425	0.014630803096572276	0.0008658128631284789	0.008196442569820661
0.007025801624240602	0.00683091298635885	0.011585533464878006	0.00043238874482254275	0.005076542157743891	0.012196836513830744	0.00042894706622575995	0.004576697395486828
0.004467016242383881	0.002275026818661985	0.010274936074171181	0.000994073340839341	0.005263770356416231	0.010636601524893097	0.0008658128631284789	0.0016434556162847613
0.001346546264509474	0.0015261140239721804	0.007154466096296774	0.0003075699457069092	0.0015192063829669866	0.010699010924450691	0.0006785846644561389	0.010817637351235865
0.009646996405655583	0.00839114797529561	0.013520224851160334	0.0008692545417243736	0.005575817354203982	0.004582889767817067	0.0006785846644561389	0.008695717766280753
0.004529425641941032	0.005145859198306901	0.010150117275055992	0.0006820263430524776	0.004577266961283799	0.0016496479886147775	0.0005537658653409494	0.004015012799469142
0.002969190653004272	0.0021502080195467954	0.010025298475940803	0.0004947981443796934	0.007198461742698781	0.004520480368259472	0.0004913564657833547	0.003827784600796802
0.000472814670704258	-0.0014695371547874814	0.0013503919374495688	0.0002451605461499806	-0.0004154850033153412	0.00614312475675427	-7.918730676736985e-06	-0.000603282767784874
0.0012841368649518792	0.0011516576266268341	0.006717600299393611	0.0007444357426100723	0.00676159594579584	0.005082164964276714	0.0007409940640137336	0.005200791391061443
0.006089660630878679	0.005333087396978797	0.007029647297181585	0.0002451605461499806	0.00788496513783099	2.7003600119979154e-05	5.449066888130183e-05	0.008383670768493445
-2.6460525755389597e-05	-0.00040857736230992536	0.004096405517979518	0.0002451605461499806	0.001019931186507561	-0.004216835569789357	0.00024171886755386396	0.009819086958315904
0.0062768888295510195	0.004833812200519372	0.010150117275055992	0.0007444357426100723	0.0047020857603989885	0.0073913127479035	0.0006785846644561389	0.0008321334220375842
0.004529425641941032	0.004084899405829345	0.005719049906474094	0.0006820263430524776	0.0030170319723470396	-0.0037799697728864157	0.00017930946799626923	0.0010193616207103684
0.003842922246809044	0.0007147918297245592	-8.502425237200129e-05	0.0004947981443796934	0.0034538977692495365	0.005519030761178989	0.00042894706622575995	0.004514287995929234
0.005465566635303398	0.00183816102175971	0.005094955910899701	0.000994073340839341	0.007073642943583369	0.0024609701828621766	0.0008658128631284789	0.0020179120136294415
0.00016076767291717253	0.0009644294279549381	0.0032850833237323407	5.7932347477196444e-05	0.00033342779137512935	-0.0034055133755412914	0.00011690006843845246	0.004202240998141926
0.0012841368649518792	-0.0010326713578852065	0.008839519884348723	0.0002451605461499806	-0.002350176389597003	0.00046386939702269814	5.449066888130183e-05	0.011691368945040637
0.0005352240702618527	0.0010892482270696835	0.0075289224936416765	0.00036997934526450393	-0.0015388541953498258	0.00027664119834991396	0.00042894706622575995	0.013813288529995082
0.0035308752490219586	0.0032111678120236853	0.006467962701164343	0.00036997934526450393	-0.00022825680464255704	-0.002843828779524493	0.00024171886755386396	0.010193543355660806
0.0035932846485795533	-0.00034616796275233064	0.008901929283906096	0.00036997934526450393	0.001456796983409392	0.005082164964276714	0.00017930946799626923	0.004639106795044423
0.00041040527114755143	-0.005338919927351915	0.006218325102933964	0.00043238874482254275	0.005763045552875878	0.005456621361621394	0.0009906316622434463	0.010880046750792793
0.005340747836188653	-0.001531946554344632	0.014393956444965106	-0.00019170525075318245	-0.012335680318795283	-0.010457775525537727	-0.00031996572846382243	0.004077422199027181
-0.0040206620974341245	-0.014388282863187607	0.018263339217529095	0.0008692545417243736	0.004140401164381968	0.015754172288606982	0.0007409940640137336	0.02354915486096365
-0.005705715885486962	-0.013889007666727515	0.0027233987277144323	0.0001827511465923859	-0.016017834892687377	0.0024609701828621766	5.449066888130183e-05	0.006136932384424032
-0.009824736256280886	-0.013576960668940208	-0.0007091182479472824	-0.0003165240498674837	-0.01976239886613662	-0.010832231922882851	-0.00031996572846382243	-0.00016641697088237706
-0.009450279858936206	-0.013077685472480338	-0.002269353236884486	-0.0003165240498674837	-0.02007444586392415	-0.010208137927308014	-0.00038237512802141715	-0.00029123576999734446
-0.00969991745716614	-0.010206853092835866	-0.004952957417856396	-0.0003165240498674837	-0.018576620274544098	-0.004840929565364194	-0.00038237512802141715	-0.005845672330613727
-0.007765226070883813	-0.007148792514518609	-0.005265004415643704	0.00012034174703434708	-0.012210861519680094	-0.008772721737485778	-0.0004447845275785678	-0.005346397134153635
-0.01088569604875822	-0.01008203429372112	-0.005265004415643704	-0.0005037522485402679	-0.01058821713118574	-0.011331507119342943	-0.0004447845275785678	-0.004659893739021648
-0.007016313276194008	-0.008147342907438793	-0.0065756018063511945	5.7932347477196444e-05	-0.007779794151098418	-0.011643554117129806	0.00011690006843845246	-0.004035799743446811
-0.008202091867786088	-0.008771436903013408	-0.006825239404580685	-0.000254114650309889	-0.009652076137823373	-0.010457775525537727	-0.00031996572846382243	-0.006095309928843662
-0.006080172282831642	-0.007460839512306361	-0.007262105201483182	-6.6886451637993e-05	-0.01046339833207055	-0.009022359335715713	-0.00019514692934907707	-0.00572085353149876
-0.005268850088584021	-0.007772886510093446	-0.006887648804138502	0.0001827511465923859	-0.01046339833207055	-0.011331507119342943	5.449066888130183e-05	-0.0030372493505268494
-0.007390769673538911	-0.007398430112748322	-0.004952957417856396	-0.00044134284898245113	-0.009714485537380968	-0.014327158298102605	-0.00038237512802141715	-0.00572085353149876
-0.005643306485929367	-0.0056509669251394445	-0.00426645402272352	-4.4770520803982805e-06	-0.009964123135610903	-0.01832135986978134	-0.00019514692934907707	-0.004347846741233674
-0.006641856878848884	-0.004777235331334229	-0.0065756018063511945	-6.6886451637993e-05	-0.009215210340920876	-0.01676112488084458	-0.0004447845275785678	-0.006282538127516002
-0.004145480896549314	-0.003653866139299522	-0.007636561598828306	-0.000254114650309889	-0.005969921563931724	-0.020193641856506073	5.449066888130183e-05	-0.005159168935481295
-0.004769574892124595	-0.0022184499494770638	-0.008011017996173209	-0.000254114650309889	-0.007967022349771424	-0.016823534280401287	-0.0005071939271361625	-0.0079051825160108
-0.0038958432983198232	-0.00259290634682241	-0.008447883793075261	0.0001827511465923859	-0.007592565952426522	-0.019569547860931236	0.00011690006843845246	-0.0042854373416765235
-0.003458977501416882	-0.0010326713578852065	-0.007823789797500869	5.7932347477196444e-05	-0.009340029140036066	-0.02393820582995554	-7.032813023344353e-05	-0.004847121937693988
-0.004769574892124595	-0.0018439935521323836	-0.007886199197058463	-0.000254114650309889	-0.01027617013339821	-0.0229396554370358	-0.00038237512802141715	-0.004971940736808511
-0.003084521104072202	-0.0020936311503623184	-0.006450783007236005	0.00036997934526450393	-0.008653525744903634	-0.01844617866889653	0.00024171886755386396	-0.0079051825160108
-0.0036462057000896664	-0.0027177251459371554	-0.010632212777587524	-0.000254114650309889	-0.0066564249590641555	-0.01950713846137364	-0.00019514692934907707	-0.010900833694770462
-0.001399467316020031	-0.0018439935521323836	-0.01250449476431248	-0.00019170525075318245	-0.006032330963488874	-0.022690017838805643	5.449066888130183e-05	-0.009590236304063193
-0.005955353483716452	-0.004277960134873915	-0.010507393978472779	5.7932347477196444e-05	-0.008341478747116104	-0.02262760843924827	-0.00031996572846382243	-0.009964692701408095
-0.004332709095222098	-0.0026553157463795607	-0.010881850375817903	-0.000254114650309889	-0.00790461295021383	-0.02443748102641541	-0.00013273752979148234	-0.011649746489460044
-0.006017762883274047	-0.003841094337971862	-0.011443534971835145	-6.6886451637993e-05	-0.01027617013339821	-0.02112978284986844	-0.0002575563289062277	-0.012897934480610163
-0.005830534684601707	-0.006025423322484347	-0.010881850375817903	-0.000254114650309889	-0.010213760733840838	-0.02112978284986844	-0.00019514692934907707	-0.010588786696982933
-0.0048943936912397845	-0.006961564315846269	-0.009696071784225602	-4.4770520803982805e-06	-0.008778344544018601	-0.02262760843924827	-7.032813023344353e-05	-0.013209981478397248
-0.007016313276194008	-0.008209752306996387	-0.011630763170507485	-0.0003165240498674837	-0.011773995722778041	-0.019819185459161393	-0.0005071939271361625	-0.012773115681494751
-0.0065794474792917335	-0.0073360207131916155	-0.011693172570065302	-0.00012929585119558773	-0.013459049510830212	-0.01732280947686138	-0.00031996572846382243	-0.015019854065564164
-0.006454628680176544	-0.005089282329121536	-0.011131487974047172	-0.0003165240498674837	-0.012335680318795283	-0.018196541070666594	-0.00038237512802141715	-0.013834075473972085
-0.006392219280619393	-0.008646618103898218	-0.011505944371392296	-0.000254114650309889	-0.012460499117910029	-0.015138480492349338	-0.0005696033266937572	-0.013646847275299745
-0.006891494477078819	-0.008334571106111133	-0.014813642547939265	-4.4770520803982805e-06	-0.012710136716140186	-0.011768372916245218	-7.032813023344353e-05	-0.014582988268661667
-0.0065794474792917335	-0.009457940298145617	-0.012379675965197512	-0.0005037522485402679	-0.013459049510830212	-0.010332956726422982	-0.0004447845275785678	-0.015269491663794765
-0.007328360273981316	-0.009520349697703434	-0.011880400768737642	-0.0003165240498674837	-0.012647727316583035	-0.011144278920670603	-0.0004447845275785678	-0.014770216467334452
-0.007640407271768623	-0.00908348390080116	-0.01369027335590478	-6.6886451637993e-05	-0.01096267352853042	-0.010457775525537727	-7.032813023344353e-05	-0.015019854065564164
-0.006829085077521224	-0.010206853092835866	-0.015937011739974416	-0.0005037522485402679	-0.014083143506404827	-0.010957050721997819	-0.000632012726251352	-0.014832625866892046
-0.01088569604875822	-0.00933312149903065	-0.011630763170507485	-0.0006285710476552353	-0.013396640111272617	-0.011705963516688067	-0.000632012726251352	-0.011088061893442802
-0.008514138865573617	-0.007710477110536296	-0.008759930790863235	-6.6886451637993e-05	-0.012834955515255375	-0.010894641322440446	-0.000632012726251352	-0.012336249884592032
-0.010011964454953004	-0.009457940298145617	-0.010757031576702714	-0.0005037522485402679	-0.011399539325432917	-0.0095840439317334	-0.0005071939271361625	-0.014333350670431955
-0.007203541474867015	-0.011330222284870795	-0.012566904163870074	-0.000254114650309889	-0.011649176923662852	-0.006276345755186208	-0.0002575563289062277	-0.012710706281937156
-0.008826185863360925	-0.011954316280445187	-0.013315816958559656	-0.0005037522485402679	-0.011087492327645387	-0.007649352545450849	-0.0005696033266937572	-0.01221143108547773
-0.006891494477078819	-0.009520349697703434	-0.01387750155457712	-0.000254114650309889	-0.011836405122335636	-0.0055274329604966255	-0.00031996572846382243	-0.010713605496097678
-0.004769574892124595	-0.010394081291508428	-0.013752682755462375	-0.00012929585119558773	-0.011773995722778041	-0.005340204761824063	-0.0002575563289062277	-0.010526377297425338
-0.007328360273981316	-0.00908348390080116	-0.01269172296298482	-0.0005037522485402679	-0.010338579532955805	-0.007337305547663764	-0.0005071939271361625	-0.010089511500523285
-0.004644756093009406	-0.006399879719829027	-0.012816541762099565	-0.00037893344942507845	-0.010525807731628145	-0.008772721737485778	-0.0004447845275785678	-0.009403008105390853
-0.006017762883274047	-0.0050268729295643855	-0.013003769960772349	-0.00019170525075318245	-0.008154250548444208	-0.009771272130405295	-0.00013273752979148234	-0.008966142308488134
-0.004270299695664503	-0.0030921815432818356	-0.013440635757674846	-6.6886451637993e-05	-0.006469196760391371	-0.00995850032907808	-0.00019514692934907707	-0.007530726118665676
-0.005705715885486962	-0.0017191747530171941	-0.010507393978472779	-0.00012929585119558773	-0.007405337753753738	-0.011081869521113008	-0.0004447845275785678	-0.008279638913355702
-0.005019212490354086	-0.00278013454549475	-0.010569803378030374	-0.00019170525075318245	-0.0070932907559664304	-0.010332956726422982	-7.032813023344353e-05	-0.008030001315125546
-0.004395118494779693	-0.0035290473401843325	-0.011693172570065302	-0.0005037522485402679	-0.008154250548444208	-0.010645003724210511	-0.000632012726251352	-0.008529276511585637
-0.006392219280619393	-0.004465188333546699	-0.010008118782012687	-0.000254114650309889	-0.007779794151098418	-0.008211037141468536	-0.0002575563289062277	-0.007468316719108081
-0.004769574892124595	-0.004777235331334229	-0.008323064993960738	-4.4770520803982805e-06	-0.0084038881466737	-0.006650802152530888	-0.00019514692934907707	-0.006656994524861348
-0.00520644068902687	-0.004902054130449196	-0.009945709382455092	-0.00012929585119558773	-0.007218109555080954	-0.006089117556513424	-0.00013273752979148234	-0.006220128727958851
-0.0027724741062844505	-0.0056509669251394445	-0.01156835377094989	-0.00019170525075318245	-0.008528706945788445	-0.005402614161381214	-0.0005071939271361625	-0.006469766326188564
-0.00520644068902687	-0.0056509669251394445	-0.009259205987323105	-0.00044134284898245113	-0.009090391541805687	-0.006838030351203672	5.449066888130183e-05	-0.0065945851253037535
-0.004644756093009406	-0.004153141335759614	-0.0067628300050230905	-0.00044134284898245113	-0.01071303593030093	-0.008148627741910941	-0.0005071939271361625	-0.005970491129728472
-0.007203541474867015	-0.003217000342397025	-0.005140185616528736	-0.00019170525075318245	-0.011461948724990512	-0.007524533746336548	-0.00031996572846382243	-0.004410256140791269
-0.0055184876868141775	-0.0015943559539022267	-0.0044536822213963045	-0.000254114650309889	-0.009527257338708628	-0.008148627741910941	-0.00031996572846382243	-0.0047223031385792424
-0.0038334338987620065	-0.0015943559539022267	-0.0037671788262636507	0.0001827511465923859	-0.00859111634534604	-0.008523084139255621	-7.918730676736985e-06	-0.0055336253328264196
-0.005830534684601707	-0.0032794097419546198	-0.004141635223608775	-0.0003165240498674837	-0.008528706945788445	-0.0069628491503184176	-0.00031996572846382243	-0.005471215933268381
-0.0037710244992044117	-0.004465188333546699	-0.004640910420068867	-4.4770520803982805e-06	-0.008091841148885726	-0.005277795362266469	-0.0002575563289062277	-0.004597484339464053
-0.004395118494779693	-0.004465188333546699	-0.00439127282183871	5.7932347477196444e-05	-0.0072805189546385485	-0.0035927415742140756	-0.0004447845275785678	-0.00540880653371123
-0.002710064706727744	-0.005588557525581184	-0.005389823214758893	-0.0003165240498674837	-0.007654975351983673	-0.0017204595874893425	-0.00019514692934907707	-0.00522157833503889
-0.0040206620974341245	-0.006275060920713615	-0.005639460812988828	-6.6886451637993e-05	-0.007654975351983673	-0.0012835937905872896	-0.00013273752979148234	-0.005346397134153635
-0.0027724741062844505	-0.006711926717616334	-0.0044536822213963045	-0.000254114650309889	-0.007155700155524025	-0.0023445535830646236	-0.00031996572846382243	-0.00540880653371123
-0.003271749302744542	-0.005775785724253968	-0.00407922582405118	-0.00012929585119558773	-0.006781243758178457	-0.0040296073711165725	-0.00019514692934907707	-0.0055336253328264196
-0.0044575278943366214	-0.004964463530006791	-0.0044536822213963045	5.7932347477196444e-05	-0.006406787360834221	-0.004341654368904546	-7.032813023344353e-05	-0.00522157833503889
-0.0027724741062844505	-0.004714825931776634	-0.004640910420068867	0.00012034174703434708	-0.005657874566144194	-0.004404063768461253	5.449066888130183e-05	-0.006095309928843662
-0.004519937293894438	-0.004714825931776634	-0.0038919976253792843	-0.00044134284898245113	-0.005221008769241253	-0.004840929565364194	-0.0004447845275785678	-0.007031450922205584
-0.00289729290539964	-0.0045900071326618885	-0.0038919976253792843	-0.00019170525075318245	-0.004721733572781384	-0.005402614161381214	0.00042894706622575995	-0.005783262931056132
-0.0037710244992044117	-0.004777235331334229	-0.0038295882258216896	0.00036997934526450393	-0.005283418168799292	-0.0038423791724440104	-0.0004447845275785678	-0.006344947527073597
-0.0027724741062844505	-0.006337470320271432	-0.0050777762169711416	-0.00012929585119558773	-0.0045345053741088215	-0.0027190099804093038	-0.00013273752979148234	-0.005783262931056132
-0.0038958432983198232	-0.006275060920713615	-0.0048905480182988015	-4.4770520803982805e-06	-0.005283418168799292	-0.002282144183506807	-0.00019514692934907707	-0.006032900529286511
-0.003708615099647261	-0.007398430112748322	-0.004640910420068867	-4.4770520803982805e-06	-0.005221008769241253	-0.0006594997950124526	5.449066888130183e-05	-0.005658444131941165
-0.002273198909824803	-0.007648067710978701	-0.004952957417856396	-0.00019170525075318245	-0.005657874566144194	-0.0010963655919149495	-0.00031996572846382243	-0.006407356926631191
-0.0040206620974341245	-0.007398430112748322	-0.004516091620953899	-0.00019170525075318245	-0.005782693365259384	-0.001595640788374597	-0.00038237512802141715	-0.005970491129728472
-0.002647655307169705	-0.006961564315846269	-0.0033927224289191926	0.0003075699457069092	-0.005533055767029005	-0.001595640788374597	0.00024171886755386396	-0.007031450922205584
-0.005144031289469275	-0.007148792514518609	-0.0037671788262636507	-0.00069098044721283	-0.0070932907559664304	-0.00328069457642699	-0.00013273752979148234	-0.007031450922205584
-0.0033965681018597316	-0.006774336117173929	-0.0030182660315742904	-6.6886451637993e-05	-0.0062195591621614366	-0.0030310569781968333	-7.918730676736985e-06	-0.007156269721320774
-0.004769574892124595	-0.006711926717616334	-0.002893447232459101	-4.4770520803982805e-06	-0.006531606159948966	-0.002906238179081644	-0.00013273752979148234	-0.007405907319551153
-0.003271749302744542	-0.007460839512306361	-0.0023941720359992313	-0.00019170525075318245	-0.005845102764816534	-0.0025941911812945584	-0.00013273752979148234	-0.007031450922205584
-0.0025228365080549597	-0.008147342907438793	-0.0025814002346715714	-4.4770520803982805e-06	-0.005470646367471632	-0.001845278386604532	-0.00019514692934907707	-0.006781813323976094
-0.004332709095222098	-0.008521799304783473	-0.0037671788262636507	5.7932347477196444e-05	-0.006594015559506561	-0.0012211843910292508	0.00011690006843845246	-0.006532175725746159
-0.0032093399031873915	-0.008459389905225878	-0.004141635223608775	-0.00019170525075318245	-0.0072805189546385485	-0.0016580501879321918	-0.00031996572846382243	-0.006719403924418499
-0.004395118494779693	-0.007211201914076426	-0.003517541228034382	-0.00037893344942507845	-0.007218109555080954	-0.002406962982621774	-0.0004447845275785678	-0.005346397134153635
-0.0029597023049570126	-0.006524698518943994	-0.003080675431131663	0.0002451605461499806	-0.0070932907559664304	-0.0020949159848344667	-0.00038237512802141715	-0.005346397134153635
-0.004270299695664503	-0.005838195123811563	-0.003080675431131663	-0.00037893344942507845	-0.0062195591621614366	-0.003530332174656481	-0.00019514692934907707	-0.006220128727958851
-0.0027724741062844505	-0.005713376324696817	-0.0037047694267065	-4.4770520803982805e-06	-0.005720283965701345	-0.0037799697728864157	5.449066888130183e-05	-0.005783262931056132
-0.004582346693452033	-0.005338919927351915	-0.004328863422281559	-0.00019170525075318245	-0.006094740363046469	-0.004716110766249004	-0.00038237512802141715	-0.00559603473238357
-0.004332709095222098	-0.003653866139299522	-0.0038919976253792843	-0.00012929585119558773	-0.006094740363046469	-0.005028157764036534	-0.00019514692934907707	-0.005346397134153635
-0.002710064706727744	-0.0030921815432818356	-0.0038919976253792843	5.7932347477196444e-05	-0.0066564249590641555	-0.0050905671635936844	5.449066888130183e-05	-0.0047223031385792424
-0.004395118494779693	-0.0022808593490346585	-0.003517541228034382	-6.6886451637993e-05	-0.0072805189546385485	-0.004653701366691632	-7.032813023344353e-05	-0.003349296348314379
-0.002834883505842045	-0.0022184499494770638	-0.00426645402272352	-0.00037893344942507845	-0.00790461295021383	-0.005215385962709318	-0.0005696033266937572	-0.0021011083571640388
-0.0035837963005325157	-0.0014071277552294426	-0.0038295882258216896	5.7932347477196444e-05	-0.006968471956851241	-0.004216835569789357	-0.0004447845275785678	-0.0029748399509692547
-0.002085970711152463	-0.0018439935521323836	-0.004952957417856396	-0.0003165240498674837	-0.005345827568356443	-0.004965748364478939	-0.00019514692934907707	-0.00272520235273932
-0.0033965681018597316	-0.0017191747530171941	-0.004578501020511272	-6.6886451637993e-05	-0.0043472771754369255	-0.005340204761824063	-0.00031996572846382243	-0.0031620681496415948
-0.0015242861151352205	-0.0019064029516895342	-0.0044536822213963045	0.0002451605461499806	-0.002974270385172062	-0.004778520165806599	0.0003041282671110146	-0.003099658750084
-0.0015866955146925932	-0.002343268748592253	-0.005265004415643704	-0.000254114650309889	-0.003161498583844624	-0.006026708156956495	-0.00038237512802141715	-0.004410256140791269
-0.003271749302744542	-0.0017815841525747889	-0.0050777762169711416	-0.000254114650309889	-0.002787042186499722	-0.0061515269560712404	-0.00031996572846382243	-0.004410256140791269
-0.0015866955146925932	-0.0014695371547874814	-0.004578501020511272	0.0002451605461499806	-0.0024125857891548197	-0.006089117556513424	0.00017930946799626923	-0.0044726655403488635
-0.003521386900974921	-0.0017815841525747889	-0.005015366817413991	-0.0003165240498674837	-0.002724632786942127	-0.006401164554301397	-0.0002575563289062277	-0.0044726655403488635
-0.0017115143138077826	-0.0014695371547874814	-0.005140185616528736	-0.000254114650309889	-0.002537404588269343	-0.006213936355628835	-7.918730676736985e-06	-0.0032244775491991895
-0.002834883505842045	-0.0007206243600970108	-0.004640910420068867	5.7932347477196444e-05	-0.0020381293918096954	-0.004216835569789357	0.00011690006843845246	-0.0025379741540667577
-0.0009626015191177562	-0.00034616796275233064	-0.00401681642449403	-0.00019170525075318245	-0.0030366797847294347	-0.003904788572001605	-0.00019514692934907707	-0.0019762895580497375
-0.002460427108496921	-3.412096496502315e-05	-0.004516091620953899	0.0001827511465923859	-0.0032863173829598136	-0.003717560373329265	-7.918730676736985e-06	-0.0012897861629168617
-0.002085970711152463	-9.653036452261787e-05	-0.004703319819626461	5.7932347477196444e-05	-0.0032863173829598136	-0.0031558757773120227	0.00011690006843845246	-0.0010401485646871489
-0.0007129639208878213	-0.00040857736230992536	-0.005015366817413991	-0.00012929585119558773	-0.003223907983402219	-0.0037799697728864157	-0.0002575563289062277	-0.001664242560261986
-0.002023561311594868	-0.0001589397640802126	-0.0048905480182988015	-4.4770520803982805e-06	-0.002599813987827382	-0.003530332174656481	-7.032813023344353e-05	-0.0012897861629168617
-0.00015127932487013496	-0.00034616796275233064	-0.004703319819626461	-4.4770520803982805e-06	-0.00191331059269495	-0.0038423791724440104	-7.032813023344353e-05	-0.001851470758934548
-0.0015242861151352205	-3.412096496502315e-05	-0.004640910420068867	5.7932347477196444e-05	-0.001289216597120113	-0.0038423791724440104	-0.00019514692934907707	-0.0021635177567220776
-2.6460525755389597e-05	0.00015310723370776103	-0.004703319819626461	5.7932347477196444e-05	-4.102860597021696e-05	-0.004341654368904546	0.00024171886755386396	-0.0019138801584921428
-0.0014618767155776258	0.000340335432379657	-0.00426645402272352	-0.00019170525075318245	-0.0005403038024296425	-0.005215385962709318	-0.00031996572846382243	-0.0027876117522964705
-0.00021368872442772968	-0.0001589397640802126	-0.004703319819626461	-6.6886451637993e-05	2.1380793587377767e-05	-0.004840929565364194	-7.032813023344353e-05	-0.0023507459553944177
0.0002231770724749893	0.00046515423149484647	-0.004703319819626461	0.0003075699457069092	0.00014619959270256722	-0.004466473168018847	0.00011690006843845246	-0.0021635177567220776
-0.0013370579164624363	0.00021551663326491166	-0.004828138618741651	-6.6886451637993e-05	0.0002710183918175346	-0.004092016770673723	-0.00013273752979148234	-0.0021011083571640388
0.0010344992667219444	0.00046515423149484647	-0.00439127282183871	0.00012034174703434708	0.0009575217869495223	-0.003343103975984585	-7.918730676736985e-06	-0.0015394237611472406
-0.0013370579164624363	-0.00034616796275233064	-0.005015366817413991	5.7932347477196444e-05	0.0002086089922599399	-0.0032182851768693954	-7.032813023344353e-05	-0.002225927156279228
0.00016076767291717253	-0.0009078525587695729	-0.005202595016086331	-4.4770520803982805e-06	2.1380793587377767e-05	-0.0034679227750993302	-7.918730676736985e-06	-0.0020386989576073322
-0.001212239117347691	-0.0006582149605403043	-0.005015366817413991	-4.4770520803982805e-06	0.0005206559900470253	-0.0030310569781968333	0.00011690006843845246	-0.001664242560261986
0.0008472710680491602	-0.0001589397640802126	-0.00426645402272352	5.7932347477196444e-05	-0.00022825680464255704	-0.00328069457642699	0.00011690006843845246	-0.0021011083571640388
-0.0014618767155776258	-0.0007830337596550496	-0.005015366817413991	-0.000254114650309889	-0.001101988398447773	-0.003967197971559422	-0.00038237512802141715	-0.0026003835536241304
-0.0013370579164624363	-0.00034616796275233064	-0.00401681642449403	5.7932347477196444e-05	-0.00010343800552781168	-0.0032182851768693954	5.449066888130183e-05	-0.0017890613593769533
-2.6460525755389597e-05	-0.0010326713578852065	-0.00407922582405118	0.0001827511465923859	-0.0006027132019881254	-0.0034055133755412914	5.449066888130183e-05	-0.002475564754509163
-0.0019611519120372733	-0.0012823089561146972	-0.00401681642449403	-4.4770520803982805e-06	-0.0008523508002173941	-0.00328069457642699	5.449066888130183e-05	-0.002288336555836823
-0.00021368872442772968	-0.001344718355672292	-0.00420404462316637	-6.6886451637993e-05	-0.0016636729944650153	-0.003343103975984585	-0.00019514692934907707	-0.0009777391651295542
-0.001649104914250188	-0.0007206243600970108	-0.003330313029361598	5.7932347477196444e-05	-0.0018509011931369113	-0.0019700971857197214	0.00024171886755386396	-0.0004160545691120898
-2.6460525755389597e-05	-0.0007206243600970108	-0.0029558566320166957	0.0003075699457069092	-0.00459691477366686	-0.0011587749914725443	-0.0004447845275785678	-0.00016641697088237706
-0.0023356083093826197	-0.001344718355672292	-0.003330313029361598	-6.6886451637993e-05	-0.005221008769241253	-0.0008467279936850147	-0.00038237512802141715	0.0001456300269047084
-0.0007129639208878213	-0.0012198995565571025	-0.0015828498417516101	0.0005572075439372881	-0.003972820778092023	0.0003390505979075087	0.0006161752648985441	0.0012689992189398591
-0.0006505545213300046	-0.0017191747530171941	-0.0023317626364420807	-0.00019170525075318245	-0.004721733572781384	-0.0011587749914725443	-0.0004447845275785678	-0.0004160545691120898
-0.0018987425124796786	-0.001531946554344632	-0.0017076686408672437	-6.6886451637993e-05	-0.003598364380746899	-0.0011587749914725443	-7.918730676736985e-06	-0.00029123576999734446
-0.00033850752354291913	-0.0019064029516895342	-0.0015828498417516101	0.00012034174703434708	-0.0029118609856144673	-0.001595640788374597	-7.918730676736985e-06	-0.0010401485646871489
-0.0018987425124796786	-0.0020936311503623184	-0.0013332122435218974	-4.4770520803982805e-06	-0.0019757199922521007	-0.001595640788374597	5.449066888130183e-05	-0.0017266519598195806
-2.6460525755389597e-05	-0.002343268748592253	-0.00139562164307927	-4.4770520803982805e-06	-0.0014764447957924531	-0.0019076877861621266	-7.918730676736985e-06	-0.0021635177567220776
-0.001836333112922528	-0.0026553157463795607	-0.0017076686408672437	0.00012034174703434708	-0.0004154850033153412	-0.0020949159848344667	0.00017930946799626923	-0.0025379741540667577
-2.6460525755389597e-05	-0.00278013454549475	-0.001645259241309649	-0.000254114650309889	-0.0006651226015448319	-0.0023445535830646236	-0.00019514692934907707	-0.003286886948756562
-0.002210789510267208	-0.0035290473401843325	-0.0022069438373268913	0.00012034174703434708	-0.0006027132019881254	-0.002032506585277316	-0.00019514692934907707	-0.003286886948756562
-0.0018987425124796786	-0.003653866139299522	-0.0019573062390967344	0.00036997934526450393	-4.102860597021696e-05	-0.000784318594127642	0.0003665376666686093	-0.00272520235273932
-0.000775373320444972	-0.0045900071326618885	-0.0032054942302464084	-0.00019170525075318245	-0.001101988398447773	-0.0014708219892596297	-0.00038237512802141715	-0.003723752745659281
-0.0019611519120372733	-0.004153141335759614	-0.0031430848306888137	5.7932347477196444e-05	-0.0006027132019881254	-0.0012835937905872896	-7.032813023344353e-05	-0.003349296348314379
-0.0005881451217724099	-0.004090731936202019	-0.0028310378329019503	0.0003075699457069092	-0.0003530756037577465	-0.0015332313888172244	0.00011690006843845246	-0.0035989339465440917
-0.002273198909824803	-0.0037786849384147114	-0.0023941720359992313	-6.6886451637993e-05	-0.00010343800552781168	-0.0016580501879321918	-0.00031996572846382243	-0.0044726655403488635
-0.0014618767155776258	-0.004090731936202019	-0.0032054942302464084	-6.6886451637993e-05	-0.00047789440287249185	-0.002469372382179813	0.00024171886755386396	-0.0042854373416765235
-0.002710064706727744	-0.0035914567397419273	-0.0028310378329019503	-0.00012929585119558773	-0.0015388541953498258	-0.0034679227750993302	-0.0002575563289062277	-0.005096759535924145
-0.0017115143138077826	-0.004090731936202019	-0.003080675431131663	-6.6886451637993e-05	-0.0018509011931369113	-0.002219734783949212	-7.918730676736985e-06	-0.004223027942119151
-0.002085970711152463	-0.004714825931776634	-0.003080675431131663	0.00012034174703434708	-0.0022877669900396302	-0.0020949159848344667	-7.918730676736985e-06	-0.0044726655403488635
-0.0038958432983198232	-0.005151691728679131	-0.0029558566320166957	-0.00012929585119558773	-0.003223907983402219	-0.0015332313888172244	-0.0002575563289062277	-0.004410256140791269
-0.002273198909824803	-0.005775785724253968	-0.003080675431131663	-6.6886451637993e-05	-0.003972820778092023	-0.0012211843910292508	-7.032813023344353e-05	-0.0038485715447740265
-0.003958252697876974	-0.00546373872646666	-0.002643809634229166	-0.00012929585119558773	-0.004222458376321736	-0.0010963655919149495	-0.00031996572846382243	-0.0035989339465440917
-0.002460427108496921	-0.005401329326909066	-0.0031430848306888137	0.0002451605461499806	-0.004284867775879331	-0.0012211843910292508	-0.0002575563289062277	-0.004410256140791269
-0.00483198429168219	-0.005838195123811563	-0.0030182660315742904	-0.00019170525075318245	-0.005221008769241253	-0.0019700971857197214	-0.00019514692934907707	-0.0042854373416765235
-0.0032093399031873915	-0.00546373872646666	-0.0029558566320166957	-4.4770520803982805e-06	-0.00459691477366686	-0.0023445535830646236	-7.918730676736985e-06	-0.004347846741233674
-0.004207890296106909	-0.004465188333546699	-0.0029558566320166957	-0.00019170525075318245	-0.0055954651665865995	-0.003093466377754428	-0.00038237512802141715	-0.004535074939906458
-0.004769574892124595	-0.005151691728679131	-0.0023941720359992313	-6.6886451637993e-05	-0.0062195591621614366	-0.0019700971857197214	-7.918730676736985e-06	-0.003723752745659281
-0.0040206620974341245	-0.005338919927351915	-0.002456581435556826	-0.00019170525075318245	-0.006843653157736496	-0.002843828779524493	-0.0005696033266937572	-0.004597484339464053
-0.005268850088584021	-0.005713376324696817	-0.002082125038211702	5.7932347477196444e-05	-0.006469196760391371	-0.0016580501879321918	5.449066888130183e-05	-0.003973390343889216
-0.003521386900974921	-0.006899154916289119	-0.0036423600271491274	-0.00012929585119558773	-0.0066564249590641555	-0.0017204595874893425	-0.00019514692934907707	-0.0034117057478717516
-0.0048943936912397845	-0.007086383114961015	-0.00407922582405118	-0.00012929585119558773	-0.006906062557293646	0.0001518223992351686	-0.00013273752979148234	-0.004160618542561556
-0.0030221117045148294	-0.007585658311421106	-0.0036423600271491274	-4.4770520803982805e-06	-0.006157149762604064	-0.0019700971857197214	-0.0002575563289062277	-0.004971940736808511
-0.005456078287256583	-0.008646618103898218	-0.00426645402272352	-0.00012929585119558773	-0.006968471956851241	-0.0015332313888172244	-0.00031996572846382243	-0.004784712538135949
-0.0035837963005325157	-0.008958665101685526	-0.006638011205908789	5.7932347477196444e-05	-0.006469196760391371	8.941299967757388e-05	5.449066888130183e-05	-0.004410256140791269
-0.004270299695664503	-0.00796011470876623	-0.006450783007236005	-0.0005037522485402679	-0.007467747153311333	-0.0025941911812945584	-0.0006944221258089467	-0.004784712538135949
-0.0061425816823890145	-0.008334571106111133	-0.0048905480182988015	5.7932347477196444e-05	-0.005907512164374129	-0.0020949159848344667	0.00011690006843845246	-0.0038485715447740265
-0.004707165492567222	-0.009645168496818401	-0.006950058203696097	-6.6886451637993e-05	-0.008341478747116104	0.00021423179879231924	-0.00013273752979148234	-0.0030372493505268494
-0.007078722675751603	-0.010643718889737919	-0.0067628300050230905	-0.00037893344942507845	-0.009776894936938563	0.001961694986402751	-0.00031996572846382243	-0.004410256140791269
-0.005019212490354086	-0.008084933507881198	-0.005951507810775913	-0.00019170525075318245	-0.007592565952426522	-0.0027814193799668985	-0.00019514692934907707	-0.00503435013636655
-0.006517038079734139	-0.005401329326909066	-0.007199695801926476	-0.00012929585119558773	-0.007342928354196143	-0.004778520165806599	-0.0002575563289062277	-0.006095309928843662
-0.006017762883274047	-0.007086383114961015	-0.008323064993960738	-0.0003165240498674837	-0.006718834358620862	-0.005589842360053776	-0.0002575563289062277	-0.005908081730171322
-0.007827635470441408	-0.004964463530006791	-0.007386924000598372	-4.4770520803982805e-06	-0.007155700155524025	-0.005777070558726116	-0.0002575563289062277	-0.006407356926631191
-0.007890044869999002	-0.0056509669251394445	-0.00670042060546594	5.7932347477196444e-05	-0.007654975351983673	-0.005652251759610927	5.449066888130183e-05	-0.00540880653371123
-0.005768125285044112	-0.006899154916289119	-0.008260655594403143	-0.0005037522485402679	-0.009901713736052864	-0.005152976563151723	-0.000632012726251352	-0.007780363716896055
-0.008139682468228493	-0.0056509669251394445	-0.008323064993960738	-0.000254114650309889	-0.009340029140036066	-0.006026708156956495	-0.0002575563289062277	-0.008903732908930762
-0.007265950874423721	-0.006150242121599092	-0.006076326609891103	-6.6886451637993e-05	-0.008341478747116104	-0.006650802152530888	-0.00013273752979148234	-0.009839873902292906
-0.009263051660263644	-0.005963013922926752	-0.005764279612103129	-0.00037893344942507845	-0.008715935144461007	-0.006900439750760823	-0.0004447845275785678	-0.008154820114240957
-0.0067666756779640735	-0.005089282329121536	-0.008635111991748046	-0.0003165240498674837	-0.006968471956851241	-0.007087667949433385	-0.0002575563289062277	-0.007967591915567951
-0.0067666756779640735	-0.004465188333546699	-0.010757031576702714	-6.6886451637993e-05	-0.006781243758178457	-0.0055274329604966255	-0.0002575563289062277	-0.007093860321763623
-0.005331259488141615	-0.006212651521156243	-0.00900956838909317	-0.00012929585119558773	-0.007530156552868927	-0.003093466377754428	-7.032813023344353e-05	-0.005845672330613727
-0.005768125285044112	-0.006399879719829027	-0.010070528181570504	5.7932347477196444e-05	-0.006781243758178457	-0.004092016770673723	-0.00013273752979148234	-0.0065945851253037535
-0.007265950874423721	-0.0050268729295643855	-0.009259205987323105	-0.00037893344942507845	-0.007779794151098418	-0.006900439750760823	-0.0004447845275785678	-0.007156269721320774
-0.005331259488141615	-0.004777235331334229	-0.007449333400155966	-6.6886451637993e-05	-0.008091841148885726	-0.005589842360053776	-7.032813023344353e-05	-0.006282538127516002
-0.0075155884726541	-0.0031545909428394303	-0.008385474393518333	-0.0003165240498674837	-0.007155700155524025	-0.006525983353416587	-0.00038237512802141715	-0.006157719328401257
-0.005144031289469275	-0.0022808593490346585	-0.008447883793075261	0.00012034174703434708	-0.005845102764816534	-0.006338755154744025	-0.00038237512802141715	-0.0047223031385792424
-0.0061425816823890145	-0.0020936311503623184	-0.008510293192633522	-0.0003165240498674837	-0.0070932907559664304	-0.005465023560938809	-0.00013273752979148234	-0.0034117057478717516
-0.004395118494779693	-3.412096496502315e-05	-0.008198246194845993	0.0001827511465923859	-0.010088941934725426	0.0010255539930399404	0.00024171886755386396	0.0031412812056648143
-0.004270299695664503	0.0015885234235297752	-0.007823789797500869	-0.0003165240498674837	-0.015144103298882605	0.004520480368259472	-0.0004447845275785678	0.011254503148138362
0.002594734255659592	0.012198121348302893	-0.00420404462316637	0.00043238874482254275	-0.01508169389932501	0.003209882977551981	0.0003665376666686093	0.015435932918489437
0.004779063240171411	0.011511617953170461	-0.003267903629804003	0.0005572075439372881	-0.009527257338708628	-0.0013460031901444403	0.00042894706622575995	0.010942456150350832
0.0020330496596419056	0.00839114797529561	-0.0015204404421944595	0.00012034174703434708	0.0005206559900470253	-0.010270547326865387	5.449066888130183e-05	0.001955502614072291
0.0017834120614119708	0.0002779260328225064	-0.0055146420138736385	0.0001827511465923859	0.012003985508625137	-0.012891742108280146	0.00011690006843845246	-0.016018404458484126
-0.0033965681018597316	-0.013202504271595528	-0.003517541228034382	-4.4770520803982805e-06	0.017745650267914304	-0.013703064302527324	-7.918730676736985e-06	-0.024194035800515268
-0.005955353483716452	-0.02169018261141309	-0.000584299448832093	-4.4770520803982805e-06	0.010381341120130783	0.002336151383746987	-0.0002575563289062277	-0.031121479151396514
-0.012695568635925802	-0.03161327714105422	-0.006325964208120816	-0.0006285710476552353	-0.009215210340920876	0.012945749308519883	-0.0006944221258089467	-0.024194035800515268
-0.013257253231942823	-0.03130123014326669	-0.0070124676032536915	-0.0003165240498674837	-0.017578069881624137	0.005456621361621394	-0.00031996572846382243	-0.015706357460696818
-0.01238352163813805	-0.01594851785212481	-0.003330313029361598	-0.00037893344942507845	-0.0201368552634813	-0.004778520165806599	-0.0004447845275785678	-0.014895035266449641
-0.014692669421764837	-0.009769987295933147	-0.003080675431131663	-0.00044134284898245113	-0.018888667272331627	-0.008710312337928405	-0.0004447845275785678	-0.015331901063352138
-0.010948105448315815	-0.010893356487968298	-0.012816541762099565	-0.00037893344942507845	-0.018264573276757012	-0.0017204595874893425	-0.0005071939271361625	-0.013584437875742372
-0.014692669421764837	-0.00796011470876623	-0.006950058203696097	-0.0003165240498674837	-0.014395190504192579	-0.008335855940583725	-0.0002575563289062277	-0.013771666074414934
-0.011759427642563214	-0.006711926717616334	-0.007823789797500869	-0.00037893344942507845	-0.006781243758178457	-0.011393916518900538	-0.0002575563289062277	-0.01002710210096569
-0.0065794474792917335	-0.00796011470876623	-0.015812192940859227	-0.00019170525075318245	-0.01027617013339821	-0.0010963655919149495	-0.00019514692934907707	-0.010526377297425338
-0.007265950874423721	-0.012765638474692809	-0.015812192940859227	-0.0008157992463275754	-0.013209411912600055	-0.004903338964921344	-0.0008192409249239141	-0.015955995058927197
-0.012321112238580456	-0.014575511061860391	-0.0001474336519300401	-0.00019170525075318245	-0.011773995722778041	-0.01214282931359012	-0.0002575563289062277	-0.020636700025738808
-0.016377723209817008	-0.010768537688853108	-0.0044536822213963045	-0.00044134284898245113	-0.016080244292244528	-0.009022359335715713	-0.000632012726251352	-0.01876441803901363
-0.01138497124521809	-0.012890457273807998	-0.009945709382455092	-4.4770520803982805e-06	-0.015580969095784436	-0.006026708156956495	-7.032813023344353e-05	-0.017953095844766453
-0.014879897620437399	-0.011704678682215475	-0.008073427395730803	-0.0006285710476552353	-0.015268922097996906	-0.008148627741910941	-0.0005696033266937572	-0.015831176259811564
-0.009637508057608546	-0.01626056484991234	-0.009758481183783196	-6.6886451637993e-05	-0.010650626530743335	-0.005901889357841306	-0.0002575563289062277	-0.011212880692557547
-0.011260152446103344	-0.017259115242831857	-0.01138112557227755	-4.4770520803982805e-06	-0.012273270919237689	-0.002843828779524493	-0.0004447845275785678	-0.011774565288575234
-0.009325461059821016	-0.018070437437079034	-0.009945709382455092	-0.00037893344942507845	-0.013771096508617298	-0.003343103975984585	-0.0004447845275785678	-0.012523478083264816
-0.012695568635925802	-0.01576128965345225	-0.0036423600271491274	-4.4770520803982805e-06	-0.014207962305520239	-0.002219734783949212	-7.918730676736985e-06	-0.012835525081052346
-0.013631709629287725	-0.0178207998388491	-0.002082125038211702	-0.0005037522485402679	-0.01945035186834887	0.0031474735779946084	-0.00038237512802141715	-0.011836974688132385
-0.010136783254068416	-0.010830947088410703	-0.0038295882258216896	-0.00037893344942507845	-0.01726602288383683	-0.0095840439317334	-0.00038237512802141715	-0.015144672864679576
-0.013631709629287725	-0.01151745048354269	0.0014752107365647582	-0.00037893344942507845	-0.01739084168295202	-0.0055274329604966255	-0.0005696033266937572	-0.012024202886805169
-0.011260152446103344	-0.017259115242831857	0.00234894233036953	0.0002451605461499806	-0.016142653691802122	0.0011503727921546858	0.00017930946799626923	-0.009465417504948004
-0.009637508057608546	-0.013764188867612326	-0.0038919976253792843	-0.0005037522485402679	-0.0152065126984402	-0.00034745279722492306	-0.00038237512802141715	-0.008092410714683362
-0.00483198429168219	-0.017071887044159517	-0.006887648804138502	0.00012034174703434708	-0.011461948724990512	0.001961694986402751	0.0003665376666686093	-0.007031450922205584
-0.004956803090796491	-0.012578410276020247	-0.005140185616528736	0.0003075699457069092	-0.008091841148885726	-0.0017204595874893425	-0.00031996572846382243	-0.006220128727958851
-0.005830534684601707	-0.011455041083985096	-0.0023941720359992313	-6.6886451637993e-05	-0.0066564249590641555	-0.0014708219892596297	-7.918730676736985e-06	-0.00559603473238357
-0.006267400481504204	-0.01051890009062273	-0.005202595016086331	-4.4770520803982805e-06	-0.0055954651665865995	-0.0023445535830646236	-0.0002575563289062277	-0.0047223031385792424
-0.00289729290539964	-0.004714825931776634	-0.006325964208120816	0.0003075699457069092	-0.0014140353962348584	-0.005589842360053776	0.0003665376666686093	-0.0042854373416765235
-0.0015866955146925932	-0.004652416532219483	-0.007698970998385901	0.0001827511465923859	-0.0015388541953498258	-0.004716110766249004	5.449066888130183e-05	-0.006032900529286511
-0.005331259488141615	-0.006961564315846269	-0.005015366817413991	0.00012034174703434708	-0.0037231831798620885	-0.0009091373932421654	-7.918730676736985e-06	-0.004971940736808511
-0.0048943936912397845	-0.008396980505668283	-0.0018948968395391397	5.7932347477196444e-05	-0.005033780570568913	0.00021423179879231924	-7.032813023344353e-05	-0.006407356926631191
-0.005643306485929367	-0.006774336117173929	-0.0018948968395391397	5.7932347477196444e-05	-0.005907512164374129	-0.0012835937905872896	-0.0002575563289062277	-0.007156269721320774
-0.003334158702302137	-0.005713376324696817	-0.003080675431131663	-6.6886451637993e-05	-0.007342928354196143	-0.0017828689870469372	5.449066888130183e-05	-0.00522157833503889
-0.004582346693452033	-0.00546373872646666	-0.0033927224289191926	5.7932347477196444e-05	-0.005720283965701345	-0.004653701366691632	-7.032813023344353e-05	-0.004223027942119151
-0.0032093399031873915	-0.001531946554344632	-0.0033927224289191926	0.0002451605461499806	-0.0015388541953498258	-0.0037799697728864157	0.0003041282671110146	-0.0010401485646871489
-0.0007129639208878213	-0.0005958055609827095	-0.005639460812988828	0.0001827511465923859	-0.0024749951887121924	-0.0050905671635936844	5.449066888130183e-05	-0.0017266519598195806
-0.0010874203182325015	0.000340335432379657	-0.006638011205908789	0.0002451605461499806	-0.00029066620420015177	-0.006089117556513424	0.00017930946799626923	-0.002475564754509163
-0.0012746485169048416	-0.001344718355672292	-0.0037671788262636507	-4.4770520803982805e-06	-0.0009771695993321394	-0.005152976563151723	-0.00013273752979148234	-0.0038485715447740265
-0.004769574892124595	-0.0017191747530171941	-0.0001474336519300401	0.0001827511465923859	-0.0030990891842872514	-0.0017828689870469372	0.00017930946799626923	-0.005471215933268381
-0.003958252697876974	-0.004090731936202019	0.0019120765334672551	0.0003075699457069092	-0.003972820778092023	-0.001408412589701813	-0.00013273752979148234	-0.005471215933268381
-0.004519937293894438	-0.0035290473401843325	-0.0019573062390967344	-6.6886451637993e-05	-0.004721733572781384	-3.5405799437393526e-05	0.00017930946799626923	-0.002912430551412104
-0.0017739237133644892	-0.002343268748592253	-0.0032054942302464084	0.00012034174703434708	-0.0022877669900396302	0.0014000103903850647	0.00017930946799626923	-0.0009777391651295542
-0.002273198909824803	-0.003841094337971862	-0.006138736009448698	-6.6886451637993e-05	-0.001289216597120113	8.941299967757388e-05	-0.00019514692934907707	-0.0009153297655719594
-0.0017739237133644892	-0.0045900071326618885	-0.007511742799713561	-6.6886451637993e-05	-0.0016636729944650153	0.0012127821917122805	-0.0002575563289062277	-0.0006656921673424687
0.0007848616684917875	-0.002967362744166646	-0.006201145409006292	0.0003075699457069092	-0.0015388541953498258	0.0004014599974651034	0.00017930946799626923	-0.0006656921673424687
-0.001649104914250188	-0.0004709867618675201	-0.0048905480182988015	5.7932347477196444e-05	-0.0016012635949074205	-0.001408412589701813	0.00011690006843845246	-0.0012897861629168617
-0.0005881451217724099	0.0007147918297245592	-0.0036423600271491274	5.7932347477196444e-05	-0.0018509011931369113	-0.004279244969346507	-7.032813023344353e-05	-0.0016018331607043912
-0.0023356083093826197	0.0028367114146796713	-0.002893447232459101	0.0002451605461499806	-0.0016636729944650153	-0.004466473168018847	5.449066888130183e-05	-0.0019138801584921428
-0.000775373320444972	0.0031487584124669787	-0.003080675431131663	0.0002451605461499806	-0.00016584740508496232	-0.006338755154744025	-0.00013273752979148234	-0.0021011083571640388
-0.0019611519120372733	0.003897671207156561	-0.0044536822213963045	0.0002451605461499806	-0.0003530756037577465	-0.004591291967133815	5.449066888130183e-05	-0.00079051096645677
0.0007224522689346369	0.003335986611139319	-0.004516091620953899	0.0003075699457069092	-0.0015388541953498258	-0.0020949159848344667	0.0003041282671110146	0.0015186368171695719
0.0010344992667219444	0.003273577211582168	-0.004328863422281559	0.00012034174703434708	-0.0024125857891548197	-0.002406962982621774	-7.918730676736985e-06	0.0018306838149571014
0.0005976334698194474	0.004022490006271751	-0.00426645402272352	5.7932347477196444e-05	-0.0020381293918096954	-0.0020949159848344667	5.449066888130183e-05	0.00295405300699203
0.0031564188516763902	0.003960080606714378	-0.0055146420138736385	0.0003075699457069092	-0.00010343800552781168	-0.0012211843910292508	-7.918730676736985e-06	0.003952603399911991
0.0025323248561019973	0.00414730880538694	-0.0067628300050230905	0.0004947981443796934	0.002330528577214608	-0.00028504339766732834	0.0004913564657833547	0.0037653752012396513
0.0037181034476938546	0.003897671207156561	-0.006201145409006292	0.0002451605461499806	0.0035163071688071312	-0.001845278386604532	0.00024171886755386396	0.002517187210089533
0.0017834120614119708	0.004708993401403738	-0.0044536822213963045	0.0001827511465923859	0.0034538977692495365	-0.003717560373329265	0.0003041282671110146	0.0013314086184972318
0.0032812376507915797	0.004396946403616431	-0.0036423600271491274	0.0001827511465923859	0.0034538977692495365	-0.004154426170231762	0.00024171886755386396	2.0811227790407116e-05
0.0008472710680491602	0.0038352618075991884	-0.0017700780404243943	5.7932347477196444e-05	0.0032666695705767523	-0.005652251759610927	-7.918730676736985e-06	-0.0017890613593769533
-0.00040091692310051386	0.005208268597863608	-0.0008963464466191784	0.0002451605461499806	0.0038283541665937726	-0.006276345755186208	0.00017930946799626923	-0.001851470758934548
0.0012841368649518792	0.00558272499520851	-0.0015828498417516101	0.00036997934526450393	0.0032666695705767523	-0.006213936355628835	0.0003041282671110146	-0.0015394237611472406
-0.00021368872442772968	0.005832362593438889	-0.0027686284333443556	5.7932347477196444e-05	0.002268119177656569	-0.005215385962709318	5.449066888130183e-05	-0.0003536451695549392
0.0015961838627394087	0.005645134394766549	-0.0031430848306888137	0.0001827511465923859	0.001644025182081954	-0.0036551509737716703	5.449066888130183e-05	0.002329959011417193
0.0007224522689346369	0.004958630999634117	-0.002893447232459101	0.00043238874482254275	0.0018312533807547382	-0.0017828689870469372	-0.00031996572846382243	0.001955502614072291
0.00222027785831469	0.0025870738164492924	-0.00407922582405118	-0.00019170525075318245	0.0011447499856223065	0.0007759163948097836	0.00017930946799626923	0.0031412812056648143
0.001346546264509474	0.0016509328230869258	-0.0037671788262636507	0.0003075699457069092	0.0008951123873919276	0.0008383257943673783	5.449066888130183e-05	0.0028916436074346574
0.002781962454331488	0.0011516576266268341	-0.0029558566320166957	0.0003075699457069092	0.001644025182081954	0.0009007351939251951	0.0003665376666686093	0.0032661000047800037
0.0028443718538890828	0.00221261741910439	-0.003267903629804003	0.00012034174703434708	0.0013319781842950906	-0.0007219091945693812	-7.032813023344353e-05	0.0024547778105319384
0.0014089556640670686	0.003710443008483999	-0.0025814002346715714	0.00043238874482254275	0.002268119177656569	-0.0009715467927997601	0.00024171886755386396	0.002766824808319912
0.0025323248561019973	0.00414730880538694	-0.002082125038211702	0.0003075699457069092	0.002080890978984229	-0.002469372382179813	0.00017930946799626923	0.001705865015842356
0.0003479958715895126	0.004521765202731176	-0.0015204404421944595	-0.00012929585119558773	0.0017064345816395488	-0.0034679227750993302	-0.00013273752979148234	0.0007073146229223948
0.001970640260084311	0.0044593558031740255	-0.0009587558461772172	0.00043238874482254275	0.001644025182081954	-0.0035927415742140756	0.00011690006843845246	0.0007697240224804336
0.00016076767291717253	0.003960080606714378	-0.0008963464466191784	0.00012034174703434708	0.0013319781842950906	-0.0025317817817365196	-7.918730676736985e-06	0.0005200864242502767
0.0017834120614119708	0.003086349012909384	-0.0008339370470624718	0.00012034174703434708	0.001456796983409392	-0.0010963655919149495	5.449066888130183e-05	0.0010817710202679631
9.835827335957781e-05	0.002275026818661985	-0.0010211652457343678	0.0003075699457069092	0.0013319781842950906	0.00027664119834991396	0.00011690006843845246	0.0012689992189398591
0.0008472710680491602	0.00021551663326491166	-0.0011459840448495573	0.0002451605461499806	0.0013319781842950906	0.0017120573881723722	0.00024171886755386396	0.001955502614072291
0.0025323248561019973	-0.00022134916363758528	-0.0015204404421944595	0.0002451605461499806	0.0005830653896046201	0.0020241043859594576	-7.918730676736985e-06	0.0020803214131874803
0.0008472710680491602	-0.0002837585631947359	-0.001208393444407152	0.00036997934526450393	0.0007078841887193654	0.002835426580207079	0.00042894706622575995	0.0027044154087618733
0.0020330496596419056	-0.00034616796275233064	-0.001832487439981989	0.00012034174703434708	-0.0004154850033153412	0.002148923185074647	-7.918730676736985e-06	0.0026420060092047226
0.0007848616684917875	0.0005899730306095918	-0.0010835746452919626	0.0001827511465923859	2.1380793587377767e-05	0.0020865137855170524	-7.032813023344353e-05	0.001955502614072291
0.0017210026618543761	0.0008396106288397487	-0.0010835746452919626	0.00012034174703434708	-0.00047789440287249185	0.0012127821917122805	0.00042894706622575995	0.002329959011417193
0.000285586472032362	0.0017133422226445205	3.9794546742299985e-05	-6.6886451637993e-05	-0.0015388541953498258	2.7003600119979154e-05	-0.00019514692934907707	0.0012689992189398591
0.0012217274653947285	0.0014637046244148078	0.0004142509440880904	0.0002451605461499806	-0.001101988398447773	0.0005262787965794047	0.00017930946799626923	0.0018306838149571014
0.0014089556640670686	0.001401295224856991	0.0004142509440880904	0.00036997934526450393	-0.0010395789988897342	8.941299967757388e-05	0.00017930946799626923	0.0013314086184972318
-0.0002760981239853244	0.0010268388275120888	0.0001022039463003388	-6.6886451637993e-05	-0.0010395789988897342	0.00021423179879231924	-7.032813023344353e-05	0.0013314086184972318
0.0014089556640670686	0.0005899730306095918	-0.0001474336519300401	0.00012034174703434708	-0.0009771695993321394	0.0005262787965794047	-7.918730676736985e-06	0.0013938180180548265
-2.6460525755389597e-05	0.0002779260328225064	-0.00020984305148719073	0.0002451605461499806	-0.00047789440287249185	0.0014000103903850647	0.0003041282671110146	0.0018306838149571014
0.0015961838627394087	-0.0001589397640802126	-0.0008339370470624718	0.00012034174703434708	-0.0007899414006600214	0.0014624197899426594	5.449066888130183e-05	0.002392368410974788
0.0003479958715895126	-9.653036452261787e-05	-0.0007091182479472824	5.7932347477196444e-05	-0.0008523508002173941	0.0022737419841893924	-7.918730676736985e-06	0.002329959011417193
0.0019082308605267162	-0.00022134916363758528	-0.0008339370470624718	0.00043238874482254275	-4.102860597021696e-05	0.0028978359797642295	0.0003665376666686093	0.0030788718061072196
0.0007848616684917875	0.000340335432379657	-0.0005218900492747203	-0.00012929585119558773	-0.0008523508002173941	0.001774466787729967	-0.00031996572846382243	0.002142730812744853
0.0006600428693770422	0.0011516576266268341	0.00028943214497290093	0.0001827511465923859	-0.00022825680464255704	0.0018992855868451564	0.00017930946799626923	0.0027044154087618733
0.0022826872578718405	0.00183816102175971	0.0005390697432023916	0.0004947981443796934	-0.00010343800552781168	0.0014000103903850647	0.0003665376666686093	0.002517187210089533
0.0005976334698194474	0.00221261741910439	0.0006638885423175811	0.00036997934526450393	0.00014619959270256722	0.0011503727921546858	0.0003665376666686093	0.0026420060092047226
0.0020330496596419056	0.00221261741910439	0.0001022039463003388	5.7932347477196444e-05	-0.00016584740508496232	0.0001518223992351686	-7.918730676736985e-06	0.0022675496118600424
0.000472814670704258	0.0025870738164492924	0.0002270227454153062	0.0001827511465923859	0.00033342779137512935	0.0003390505979075087	0.00024171886755386396	0.002142730812744853
0.00222027785831469	0.00221261741910439	0.00016461334585771148	0.00043238874482254275	0.001019931186507561	0.0005262787965794047	0.00011690006843845246	0.0022051402123024477
0.0007224522689346369	0.0020877986199892007	-2.261485281440656e-05	0.00012034174703434708	0.0010823405860647117	0.0004014599974651034	-7.032813023344353e-05	0.0018306838149571014
0.002407506056986586	0.0016509328230869258	0.0001022039463003388	0.0004947981443796934	0.0019560721798694836	0.0012751915912698752	0.0006161752648985441	0.002579596609647572
0.002345096657428991	0.0010268388275120888	-0.000584299448832093	5.7932347477196444e-05	0.0013319781842950906	0.0004014599974651034	-7.032813023344353e-05	0.0015810462167276107
0.000909680467607421	0.0014637046244148078	-0.0003346618506023802	0.0001827511465923859	0.0018312533807547382	0.0007759163948097836	0.00011690006843845246	0.001955502614072291
0.002345096657428991	0.001401295224856991	-0.0003970712501595308	0.00036997934526450393	0.0018312533807547382	0.0001518223992351686	0.00024171886755386396	0.0014562274176124212
0.0007224522689346369	0.0019629798208748994	-0.00027225245104478546	-0.00012929585119558773	0.0020184815794270783	-0.00028504339766732834	-7.032813023344353e-05	0.0012065898193822644
0.002407506056986586	0.002649483216006887	-0.0001474336519300401	0.0003075699457069092	0.0022057097780994184	-0.0006594997950124526	0.00017930946799626923	0.0012065898193822644
0.0007224522689346369	0.0032111678120236853	-8.502425237200129e-05	0.0001827511465923859	0.002080890978984229	-0.0017204595874893425	0.00011690006843845246	0.0008321334220375842
0.002157868458756207	0.003523214809811659	-0.00020984305148719073	5.7932347477196444e-05	0.0021433003785422677	-0.0019076877861621266	5.449066888130183e-05	0.0007697240224804336
0.00041040527114755143	0.0036480336089268484	-0.0007715276475048771	5.7932347477196444e-05	0.0017688439811966994	-0.002219734783949212	-0.0002575563289062277	0.0004576770246922379
0.0005352240702618527	0.003523214809811659	-0.0003346618506023802	0.0007444357426100723	0.0023929379767719805	-0.0012211843910292508	0.0009282222626858516	0.0013314086184972318
0.002157868458756207	0.002899120814236378	-0.0008963464466191784	-0.0003165240498674837	0.0019560721798694836	-0.0017204595874893425	-0.0005071939271361625	0.0005200864242502767
0.0007848616684917875	0.0029615302137944166	-0.0006467088483896877	0.0002451605461499806	0.0023929379767719805	-0.000784318594127642	0.0003041282671110146	0.0012065898193822644
0.0019082308605267162	0.00221261741910439	-0.00139562164307927	5.7932347477196444e-05	0.0017688439811966994	-0.0012211843910292508	-7.032813023344353e-05	0.0013938180180548265
0.0007848616684917875	0.0025870738164492924	-0.0007091182479472824	0.00036997934526450393	0.0025801661754443206	-0.0004722715963401125	-0.00013273752979148234	0.0005200864242502767
0.001970640260084311	0.0020877986199892007	-0.0012708028439643027	-4.4770520803982805e-06	0.0019560721798694836	-0.0010339561923573548	-7.918730676736985e-06	0.0007697240224804336
0.000285586472032362	0.0023374362182193575	-0.0010835746452919626	0.0002451605461499806	0.0018312533807547382	-0.0015332313888172244	0.00017930946799626923	0.00033285822557749256
0.0017834120614119708	0.0023374362182193575	-0.0008339370470624718	0.00012034174703434708	0.0015816157825243593	-0.0017204595874893425	0.00011690006843845246	0.0003952676251350873
0.0014713650636242193	0.0025870738164492924	-0.0008339370470624718	0.0001827511465923859	0.001207159385179457	-0.0019076877861621266	-7.918730676736985e-06	0.0001456300269047084
-8.886992531254023e-05	0.0027118926155640377	-0.0005218900492747203	0.0002451605461499806	0.0013943875838517972	-0.001595640788374597	0.00024171886755386396	0.0003952676251350873
0.0012841368649518792	0.00221261741910439	-0.0008963464466191784	-6.6886451637993e-05	0.0007078841887193654	-0.0017828689870469372	-7.032813023344353e-05	2.0811227790407116e-05
-0.00015127932487013496	0.0020877986199892007	-0.0009587558461772172	-6.6886451637993e-05	0.0007078841887193654	-0.0014708219892596297	-0.00013273752979148234	0.0004576770246922379
0.0014089556640670686	0.0019005704213168606	-0.0011459840448495573	0.00012034174703434708	0.0007078841887193654	-0.0009715467927997601	0.0003665376666686093	0.0012065898193822644
0.0002231770724749893	0.0019629798208748994	-0.0007091182479472824	0.00043238874482254275	0.0003958371909318359	-0.00034745279722492306	-7.032813023344353e-05	0.0007073146229223948
0.0015961838627394087	0.0013388858252996183	-0.0012708028439643027	5.7932347477196444e-05	0.00033342779137512935	0.00021423179879231924	5.449066888130183e-05	0.0011441804198246697
3.594887380220513e-05	0.0013388858252996183	-0.0009587558461772172	0.0003075699457069092	0.0004582465904894306	0.0003390505979075087	0.00024171886755386396	0.0010817710202679631
3.594887380220513e-05	0.0010268388275120888	-0.0008963464466191784	-4.4770520803982805e-06	0.00014619959270256722	0.0003390505979075087	5.449066888130183e-05	0.0010817710202679631
0.0014713650636242193	0.0009644294279549381	-0.0007715276475048771	0.00012034174703434708	-4.102860597021696e-05	0.00021423179879231924	-0.00013273752979148234	0.000894542821595179
3.594887380220513e-05	0.0012764764257424677	-8.502425237200129e-05	0.0003075699457069092	0.0003958371909318359	0.0005886881961378876	0.0003041282671110146	0.0012689992189398591
0.0012217274653947285	0.000777201229282376	-0.00045948064971712554	-6.6886451637993e-05	-0.0003530756037577465	-0.0002226339981097336	-0.00019514692934907707	0.0010193616207103684
-0.00015127932487013496	0.0012140670261844289	-2.261485281440656e-05	5.7932347477196444e-05	2.1380793587377767e-05	0.00027664119834991396	5.449066888130183e-05	0.000894542821595179
0.0014089556640670686	0.0010268388275120888	-0.00020984305148719073	0.0002451605461499806	0.00033342779137512935	0.0007135069952521889	0.0003041282671110146	0.0012689992189398591
3.594887380220513e-05	0.0010268388275120888	3.9794546742299985e-05	0.0001827511465923859	2.1380793587377767e-05	0.0005886881961378876	0.00011690006843845246	0.000894542821595179
0.001533774463181814	0.0005899730306095918	-0.00020984305148719073	0.00012034174703434708	8.379019314475045e-05	0.001087963392597091	-7.918730676736985e-06	0.0012065898193822644
0.0018458214609691215	0.00021551663326491166	0.0001022039463003388	0.00036997934526450393	0.0002086089922599399	0.0014624197899426594	0.00024171886755386396	0.0013314086184972318
9.835827335957781e-05	-9.653036452261787e-05	-8.502425237200129e-05	-6.6886451637993e-05	2.1380793587377767e-05	0.0014624197899426594	-7.918730676736985e-06	0.0012065898193822644
0.0017834120614119708	-3.412096496502315e-05	0.0001022039463003388	0.0002451605461499806	8.379019314475045e-05	0.0015872385890571827	5.449066888130183e-05	0.0012065898193822644
0.0003479958715895126	0.000340335432379657	0.0005390697432023916	0.00043238874482254275	0.00033342779137512935	0.0020241043859594576	0.0003665376666686093	0.0010193616207103684
0.0016585932622967814	-3.412096496502315e-05	0.0002270227454153062	0.00012034174703434708	-4.102860597021696e-05	0.0012751915912698752	0.00011690006843845246	0.0012065898193822644
0.00016076767291717253	0.000340335432379657	0.0006014791427599864	5.7932347477196444e-05	0.00014619959270256722	0.0011503727921546858	5.449066888130183e-05	0.000894542821595179
0.0017210026618543761	0.000340335432379657	0.0006014791427599864	5.7932347477196444e-05	8.379019314475045e-05	0.0012751915912698752	-7.032813023344353e-05	0.0012065898193822644
-2.6460525755389597e-05	0.00046515423149484647	0.0007262979418751758	0.0003075699457069092	0.00033342779137512935	0.0012127821917122805	0.00024171886755386396	0.0010193616207103684
0.000285586472032362	0.00040274483193725175	0.0008511167409899212	0.0003075699457069092	0.0007702935882774042	0.0015872385890571827	0.0003041282671110146	0.0013938180180548265
0.0015961838627394087	-3.412096496502315e-05	0.0003518415445296075	0.00012034174703434708	0.0002710183918175346	0.0012127821917122805	-0.00013273752979148234	0.0008321334220375842
0.0003479958715895126	0.00015310723370776103	0.0007887073414327705	0.00043238874482254275	0.000832702987834999	0.001774466787729967	0.0003041282671110146	0.0014562274176124212
0.0015961838627394087	-0.00040857736230992536	0.00016461334585771148	-4.4770520803982805e-06	0.0003958371909318359	0.0012127821917122805	-0.00019514692934907707	0.0010193616207103684
3.594887380220513e-05	-0.00022134916363758528	0.0002270227454153062	0.00012034174703434708	0.0005206559900470253	0.0014624197899426594	0.00024171886755386396	0.0009569522211523296
0.0018458214609691215	2.8288434592127487e-05	0.0004142509440880904	0.00043238874482254275	0.0004582465904894306	0.0007759163948097836	-0.00019514692934907707	0.0005824958238078715
-0.00021368872442772968	-0.0002837585631947359	-0.0001474336519300401	0.0001827511465923859	0.0004582465904894306	0.0006510975956950382	0.00011690006843845246	0.0003952676251350873
0.0014713650636242193	9.069783414972221e-05	0.00016461334585771148	0.0001827511465923859	0.0006454747891622148	0.0006510975956950382	0.00017930946799626923	0.0006449052233648
0.0014089556640670686	0.00040274483193725175	0.0001022039463003388	0.00012034174703434708	0.0005830653896046201	0.0003390505979075087	5.449066888130183e-05	0.0004576770246922379
-0.00015127932487013496	0.0005275636310519971	0.0001022039463003388	0.00012034174703434708	0.0007078841887193654	0.00027664119834991396	0.00017930946799626923	0.0003952676251350873
0.0014089556640670686	0.0006523824301671866	3.9794546742299985e-05	0.0001827511465923859	0.0005830653896046201	8.941299967757388e-05	-7.032813023344353e-05	0.00033285822557749256
-8.886992531254023e-05	0.0007147918297245592	0.0003518415445296075	0.00036997934526450393	0.001019931186507561	0.0005262787965794047	0.0003665376666686093	-0.00016641697088237706
0.001096908666279539	0.00015310723370776103	-0.0003346618506023802	-4.4770520803982805e-06	0.00033342779137512935	-0.0002226339981097336	-7.032813023344353e-05	0.0001456300269047084
-0.0002760981239853244	0.0002779260328225064	-0.0003346618506023802	-4.4770520803982805e-06	0.0008951123873919276	0.00027664119834991396	0.00024171886755386396	0.00033285822557749256
0.001533774463181814	0.00040274483193725175	-0.00020984305148719073	-0.00012929585119558773	0.0007078841887193654	8.941299967757388e-05	-0.00013273752979148234	0.0002080394264623031
-0.00033850752354291913	0.00015310723370776103	-0.00027225245104478546	0.0002451605461499806	0.0008951123873919276	2.7003600119979154e-05	0.00017930946799626923	8.322062734800184e-05
-0.00040091692310051386	0.00046515423149484647	-0.0005218900492747203	5.7932347477196444e-05	0.0007078841887193654	-9.781519899498825e-05	-7.918730676736985e-06	0.0001456300269047084
0.0014713650636242193	0.0007147918297245592	-8.502425237200129e-05	0.00036997934526450393	0.001019931186507561	-3.5405799437393526e-05	0.00024171886755386396	0.0001456300269047084
-0.0005881451217724099	0.000340335432379657	-0.000584299448832093	-0.000254114650309889	0.0005830653896046201	-0.0005970903954548579	-0.00013273752979148234	-0.0003536451695549392
0.0012841368649518792	0.000777201229282376	-0.0001474336519300401	0.00036997934526450393	0.0007078841887193654	-0.00034745279722492306	0.00024171886755386396	0.0001456300269047084
-0.0002760981239853244	0.0009644294279549381	0.00016461334585771148	0.0002451605461499806	0.0010823405860647117	-0.00016022459855258298	0.00011690006843845246	-0.00029123576999734446
0.0012217274653947285	0.000777201229282376	-8.502425237200129e-05	0.00012034174703434708	0.0007078841887193654	-0.00034745279722492306	-0.00013273752979148234	-0.00010400757132456029
-0.0004633263226576645	0.000777201229282376	-0.0001474336519300401	0.00043238874482254275	0.0009575217869495223	-0.00016022459855258298	0.0003041282671110146	8.322062734800184e-05
0.0014089556640670686	0.0008396106288397487	-0.00020984305148719073	-4.4770520803982805e-06	0.0007078841887193654	-0.0002226339981097336	-7.918730676736985e-06	-4.159817176718761e-05
0.0012841368649518792	0.000340335432379657	-0.00027225245104478546	-6.6886451637993e-05	0.0005830653896046201	-0.00034745279722492306	-0.00013273752979148234	-0.0003536451695549392
-0.00015127932487013496	0.0005275636310519971	-2.261485281440656e-05	0.0001827511465923859	0.0009575217869495223	0.00027664119834991396	0.00011690006843845246	0.00033285822557749256
0.0012841368649518792	0.00015310723370776103	-8.502425237200129e-05	0.00012034174703434708	0.0007702935882774042	0.0001518223992351686	5.449066888130183e-05	2.0811227790407116e-05
-0.00015127932487013496	0.00046515423149484647	0.0001022039463003388	0.0001827511465923859	0.0009575217869495223	0.0004014599974651034	0.00011690006843845246	0.0001456300269047084
0.0014089556640670686	0.00040274483193725175	-2.261485281440656e-05	0.0002451605461499806	0.0006454747891622148	0.00027664119834991396	0.00017930946799626923	0.00033285822557749256
-8.886992531254023e-05	0.0005275636310519971	0.0003518415445296075	0.00012034174703434708	0.0005206559900470253	-9.781519899498825e-05	-0.00013273752979148234	-0.00010400757132456029
0.0012841368649518792	0.000340335432379657	3.9794546742299985e-05	0.0001827511465923859	0.001019931186507561	0.00046386939702269814	0.00017930946799626923	0.0005200864242502767
3.594887380220513e-05	0.000777201229282376	0.0001022039463003388	0.0001827511465923859	0.0007078841887193654	0.00021423179879231924	0.00011690006843845246	0.0001456300269047084
-8.886992531254023e-05	0.0007147918297245592	0.0003518415445296075	0.00012034174703434708	0.000832702987834999	0.0006510975956950382	0.00017930946799626923	0.0005200864242502767
0.0014713650636242193	0.00040274483193725175	3.9794546742299985e-05	5.7932347477196444e-05	0.0003958371909318359	0.00027664119834991396	-0.00013273752979148234	0.0001456300269047084
-0.00021368872442772968	0.00046515423149484647	0.00016461334585771148	0.00012034174703434708	0.0005830653896046201	0.0007135069952521889	5.449066888130183e-05	0.0005200864242502767
0.001533774463181814	0.00021551663326491166	0.00028943214497290093	0.0003075699457069092	0.0007078841887193654	0.0009007351939251951	0.00024171886755386396	0.0005824958238078715
-0.00015127932487013496	0.00021551663326491166	0.00028943214497290093	-4.4770520803982805e-06	0.0005206559900470253	0.0009631445934827898	-7.918730676736985e-06	0.00027044882601989784
0.0014713650636242193	-3.412096496502315e-05	0.0002270227454153062	5.7932347477196444e-05	0.0003958371909318359	0.0009631445934827898	-7.918730676736985e-06	0.0006449052233648
-0.00015127932487013496	0.00021551663326491166	0.0002270227454153062	0.00036997934526450393	0.0005830653896046201	0.0009631445934827898	0.00024171886755386396	0.0004576770246922379
0.001533774463181814	0.00015310723370776103	0.0002270227454153062	-6.6886451637993e-05	0.0003958371909318359	0.0006510975956950382	-7.918730676736985e-06	0.0002080394264623031
0.0012217274653947285	-9.653036452261787e-05	0.0002270227454153062	0.0001827511465923859	0.0002086089922599399	0.0005262787965794047	-7.032813023344353e-05	8.322062734800184e-05
-0.00021368872442772968	-3.412096496502315e-05	0.0006638885423175811	0.0001827511465923859	0.0007078841887193654	0.0009631445934827898	0.0003665376666686093	0.0004576770246922379
0.0009720898671643496	-0.0006582149605403043	0.0001022039463003388	-6.6886451637993e-05	-0.00010343800552781168	0.00027664119834991396	-0.00019514692934907707	-0.00029123576999734446
-0.0005881451217724099	-0.0004709867618675201	0.00028943214497290093	-0.00019170525075318245	8.379019314475045e-05	0.0005886881961378876	-0.0002575563289062277	0.0002080394264623031
0.001346546264509474	-0.0002837585631947359	0.0006014791427599864	0.00036997934526450393	0.0002710183918175346	0.0009631445934827898	0.00011690006843845246	0.00027044882601989784
-0.0004633263226576645	-0.0005333961614251148	0.000476660343645241	5.7932347477196444e-05	8.379019314475045e-05	0.0008383257943673783	0.00017930946799626923	8.322062734800184e-05
0.0012217274653947285	-0.00040857736230992536	0.0004142509440880904	-0.00012929585119558773	-0.00022825680464255704	0.0006510975956950382	-0.0002575563289062277	-4.159817176718761e-05
-0.0007129639208878213	-0.0005958055609827095	0.0004142509440880904	0.0005572075439372881	0.0002086089922599399	0.0012127821917122805	0.0004913564657833547	0.0003952676251350873
-0.0007129639208878213	-0.0007830337596550496	-0.00020984305148719073	-0.000254114650309889	-0.0004154850033153412	0.0006510975956950382	-0.00019514692934907707	-4.159817176718761e-05
0.001096908666279539	-0.0005958055609827095	-8.502425237200129e-05	5.7932347477196444e-05	-0.0003530756037577465	0.0006510975956950382	-7.032813023344353e-05	8.322062734800184e-05
-0.0004633263226576645	-0.0002837585631947359	0.00016461334585771148	0.0001827511465923859	2.1380793587377767e-05	0.0012127821917122805	0.00017930946799626923	0.0003952676251350873
0.0010344992667219444	-0.0005958055609827095	-0.0001474336519300401	0.0002451605461499806	-0.00010343800552781168	0.0007759163948097836	5.449066888130183e-05	0.00033285822557749256
-0.0005257357222152592	-0.0004709867618675201	3.9794546742299985e-05	0.00012034174703434708	8.379019314475045e-05	0.0008383257943673783	-0.00013273752979148234	-4.159817176718761e-05
0.0009720898671643496	-0.0005333961614251148	-0.00020984305148719073	0.00012034174703434708	8.379019314475045e-05	0.0005262787965794047	-7.918730676736985e-06	-4.159817176718761e-05
-0.0006505545213300046	-0.0005333961614251148	-0.0001474336519300401	5.7932347477196444e-05	0.00014619959270256722	0.00027664119834991396	5.449066888130183e-05	-0.00010400757132456029
0.0009720898671643496	-0.0004709867618675201	-2.261485281440656e-05	5.7932347477196444e-05	0.0005206559900470253	0.0005262787965794047	0.00011690006843845246	0.0002080394264623031
0.0008472710680491602	-0.00040857736230992536	-0.000584299448832093	-0.00012929585119558773	-4.102860597021696e-05	-9.781519899498825e-05	-0.00038237512802141715	-0.0003536451695549392
3.594887380220513e-05	0.00040274483193725175	0.000476660343645241	0.0006196169434944387	0.0013319781842950906	0.001087963392597091	0.0007409940640137336	0.0008321334220375842
0.0009720898671643496	-0.00040857736230992536	-0.000584299448832093	-0.00019170525075318245	8.379019314475045e-05	-0.00016022459855258298	-0.0002575563289062277	-0.0004160545691120898
-0.00033850752354291913	9.069783414972221e-05	-0.00020984305148719073	0.00012034174703434708	0.0007078841887193654	0.00046386939702269814	-7.918730676736985e-06	-4.159817176718761e-05
0.0012217274653947285	9.069783414972221e-05	-0.0003346618506023802	0.00012034174703434708	0.0005830653896046201	0.00021423179879231924	-0.00013273752979148234	0.0001456300269047084
-0.0004633263226576645	9.069783414972221e-05	-0.00045948064971712554	-0.00012929585119558773	0.0004582465904894306	2.7003600119979154e-05	-7.032813023344353e-05	-4.159817176718761e-05
0.0012217274653947285	0.00021551663326491166	-0.0003970712501595308	0.0001827511465923859	0.0008951123873919276	0.00046386939702269814	0.00024171886755386396	0.0004576770246922379
-0.00021368872442772968	0.0007147918297245592	-0.00027225245104478546	0.00012034174703434708	0.0006454747891622148	2.7003600119979154e-05	5.449066888130183e-05	0.0001456300269047084
-2.6460525755389597e-05	0.000777201229282376	3.9794546742299985e-05	0.00012034174703434708	0.0009575217869495223	0.00027664119834991396	0.00011690006843845246	0.0004576770246922379
0.001346546264509474	0.0008396106288397487	-0.0001474336519300401	0.0001827511465923859	0.0007078841887193654	2.7003600119979154e-05	-7.032813023344353e-05	0.0001456300269047084
3.594887380220513e-05	0.0010892482270696835	0.00028943214497290093	0.00036997934526450393	0.001269568784737496	0.0005262787965794047	0.00042894706622575995	0.0007073146229223948
0.001346546264509474	0.0005899730306095918	-0.00027225245104478546	5.7932347477196444e-05	0.0006454747891622148	-0.00028504339766732834	-7.032813023344353e-05	0.00033285822557749256
-0.00021368872442772968	0.0008396106288397487	-0.0001474336519300401	-4.4770520803982805e-06	0.0008951123873919276	2.7003600119979154e-05	0.00024171886755386396	0.00033285822557749256
0.001533774463181814	0.0008396106288397487	0.00016461334585771148	0.00043238874482254275	0.0010823405860647117	2.7003600119979154e-05	-7.032813023344353e-05	0.00027044882601989784
-0.00021368872442772968	0.000777201229282376	-8.502425237200129e-05	-4.4770520803982805e-06	0.000832702987834999	-0.00028504339766732834	-0.00013273752979148234	-0.00010400757132456029
0.0012841368649518792	0.0005899730306095918	0.0001022039463003388	0.0002451605461499806	0.001207159385179457	0.0001518223992351686	0.00017930946799626923	0.0004576770246922379
0.0015961838627394087	0.0010268388275120888	0.00016461334585771148	0.00036997934526450393	0.001269568784737496	0.0001518223992351686	0.00024171886755386396	0.0003952676251350873
-0.00015127932487013496	0.0008396106288397487	-8.502425237200129e-05	-4.4770520803982805e-06	0.0010823405860647117	-3.5405799437393526e-05	5.449066888130183e-05	0.00027044882601989784
0.0012841368649518792	0.000777201229282376	-0.0003346618506023802	0.0001827511465923859	0.0007078841887193654	-0.0002226339981097336	-7.032813023344353e-05	2.0811227790407116e-05
-0.00015127932487013496	0.0009644294279549381	-2.261485281440656e-05	0.0002451605461499806	0.001207159385179457	0.0001518223992351686	0.00017930946799626923	-0.00010400757132456029
0.0012841368649518792	0.0005275636310519971	-0.0003970712501595308	-4.4770520803982805e-06	0.0006454747891622148	-0.0004098621967820737	-7.918730676736985e-06	0.00027044882601989784
-0.0002760981239853244	0.0007147918297245592	-0.00027225245104478546	0.00012034174703434708	0.000832702987834999	-0.00028504339766732834	5.449066888130183e-05	-0.00010400757132456029
0.001346546264509474	0.00046515423149484647	-0.0003970712501595308	0.00012034174703434708	0.001019931186507561	0.0001518223992351686	0.00011690006843845246	0.00033285822557749256
-0.00021368872442772968	0.0005899730306095918	-0.00045948064971712554	0.00012034174703434708	0.0007702935882774042	-0.0002226339981097336	-7.032813023344353e-05	-0.00010400757132456029
-0.00040091692310051386	0.0002779260328225064	-0.0003970712501595308	-6.6886451637993e-05	0.000832702987834999	-9.781519899498825e-05	-0.00013273752979148234	2.0811227790407116e-05
0.001346546264509474	0.00040274483193725175	-0.00027225245104478546	0.0003075699457069092	0.001019931186507561	2.7003600119979154e-05	0.00017930946799626923	2.0811227790407116e-05
-0.0005881451217724099	9.069783414972221e-05	-0.000584299448832093	-0.00012929585119558773	0.0007078841887193654	-0.00028504339766732834	-7.032813023344353e-05	-0.00016641697088237706
0.0008472710680491602	2.8288434592127487e-05	-0.0007715276475048771	5.7932347477196444e-05	0.0003958371909318359	-0.0004098621967820737	-0.0002575563289062277	0.00033285822557749256
-0.0002760981239853244	0.0002779260328225064	-0.0001474336519300401	0.00036997934526450393	0.0011447499856223065	0.00027664119834991396	-0.00019514692934907707	-0.00047846396866968455
0.000909680467607421	-0.00022134916363758528	-0.0007091182479472824	-6.6886451637993e-05	0.0006454747891622148	-3.5405799437393526e-05	-0.00013273752979148234	-0.00016641697088237706
-0.0005257357222152592	-3.412096496502315e-05	-0.0003970712501595308	0.0003075699457069092	0.0006454747891622148	0.0001518223992351686	0.00011690006843845246	-0.00010400757132456029
0.001096908666279539	-0.0001589397640802126	-0.0006467088483896877	-0.00019170525075318245	0.0002710183918175346	2.7003600119979154e-05	-0.00019514692934907707	-0.00029123576999734446
0.000909680467607421	-0.0005333961614251148	-0.00045948064971712554	5.7932347477196444e-05	0.0002086089922599399	2.7003600119979154e-05	-7.918730676736985e-06	-0.0003536451695549392
-0.0005881451217724099	-0.00034616796275233064	-0.0003346618506023802	0.00012034174703434708	0.00033342779137512935	0.0003390505979075087	-7.918730676736985e-06	-4.159817176718761e-05
0.001096908666279539	-0.0005333961614251148	-8.502425237200129e-05	0.0003075699457069092	0.00033342779137512935	0.0004014599974651034	0.00024171886755386396	-0.00016641697088237706
-0.0009001921195597173	-0.0007830337596550496	-0.0003970712501595308	-0.00019170525075318245	-4.102860597021696e-05	0.0001518223992351686	-0.0002575563289062277	-0.0003536451695549392
0.0010344992667219444	-0.0005333961614251148	-2.261485281440656e-05	0.0002451605461499806	0.00014619959270256722	0.0004014599974651034	0.00017930946799626923	8.322062734800184e-05
-0.00040091692310051386	-0.0002837585631947359	0.0002270227454153062	0.0002451605461499806	8.379019314475045e-05	0.0003390505979075087	-7.918730676736985e-06	-0.00022882637043974974
0.000909680467607421	-0.0006582149605403043	-2.261485281440656e-05	-6.6886451637993e-05	0.0002710183918175346	0.00046386939702269814	-7.918730676736985e-06	-0.00022882637043974974
-0.0006505545213300046	-0.0004709867618675201	-0.0001474336519300401	-4.4770520803982805e-06	-0.00016584740508496232	8.941299967757388e-05	-0.00031996572846382243	-0.0005408733682272793
-0.0005257357222152592	-0.0004709867618675201	0.0004142509440880904	0.0001827511465923859	0.0005830653896046201	0.0007759163948097836	0.00024171886755386396	8.322062734800184e-05
0.0010344992667219444	-0.0005958055609827095	0.00028943214497290093	0.0002451605461499806	0.00033342779137512935	0.00046386939702269814	0.00017930946799626923	-0.00022882637043974974
-0.0005881451217724099	-0.0005958055609827095	0.0002270227454153062	-4.4770520803982805e-06	0.00033342779137512935	0.0005886881961378876	-0.00013273752979148234	-0.00010400757132456029
