Sensor_1	Sensor_2	Sensor_3	Sensor_4	Sensor_5	Sensor_6	Sensor_7	Sensor_8
-0.0007225949728901782	-0.0006272807623552978	-0.0020052372116634576	0.0002065572324878584	0.00018551804250432902	-0.0013631300733618623	-6.651025862214333e-05	-0.0021878397015804296
0.0005880024178170906	-0.0005648713627981472	-0.0023796936090081378	0.0003937854311606426	0.0019953906296716895	-0.0006766266782298747	0.00018312733960756944	-0.0019382021033504948
-0.000535366774217616	-0.0008769183605856767	-0.002504512408123327	8.173843337355713e-05	0.0018705718305565	-0.0010510830755747769	-0.00037855725641011695	-0.002125430302023279
0.0004007742191451946	-0.0017506499543904486	-0.0035030628010426224	1.9329033815962404e-05	0.0034932162190512983	-0.0011134924751314834	-0.0003161478568525222	-0.0021878397015804296
0.0007752306164894307	-0.0020002875526203834	-0.0034406534014854717	0.0006434230293903553	0.004803813609758345	-0.001425539472919457	0.00018312733960756944	-0.0021878397015804296
-0.0004729573746600213	-0.0021875157512929455	-0.003627881600158256	0.000518604230275832	0.005303088806218437	-0.0017999958702643593	0.00018312733960756944	-0.002936752496270456
0.0005880024178170906	-0.0022499251508505402	-0.004189566196175276	0.0002065572324878584	0.0051158606075456525	-0.002236861667166856	-0.00019132905773777686	-0.003373618293172953
-0.0007225949728901782	-0.001875468753505638	-0.004376794394847838	0.0002065572324878584	0.004554176011528854	-0.0019248146693795487	-0.0003161478568525222	-0.002562296098925776
0.0007752306164894307	-0.0015634217557181085	-0.003627881600158256	0.0006434230293903553	0.004616585411086005	-0.0017999958702643593	-0.0004409666559672676	-0.0024374772998105865
-0.0009098231715620742	-0.0015010123561605138	-0.004002337997502492	-4.308036574163232e-05	0.0019953906296716895	-0.002486499265396791	-4.100859065436779e-06	-0.0016261551055634094
0.0007128212169322801	-0.000814508961028082	-0.003191015803255759	0.000518604230275832	0.00031033684161951847	-0.0012383112742466729	0.00012071794004975267	-0.0011892893086609124
-0.0004729573746600213	-0.000190414965453245	-0.0021924654103357977	0.0004561948307177932	-0.0003137571539555406	-0.0009262642764595874	-6.651025862214333e-05	-0.0026871148980405213
-0.0007225949728901782	-0.0009393277601428274	-0.0020052372116634576	0.00014414783293026368	-0.0011874887477603124	-0.000801445477344398	-0.0002537384572949275	-0.002312658500695397
0.0005255930182594959	-0.0013761935570455464	-0.0022548748098933924	0.0003937854311606426	-0.00037616655351269124	-0.0005518078791146852	-0.00019132905773777686	-0.0022502491011380243
-0.00041054797510287067	-0.001438602956602919	-0.0011939150174160584	0.0006434230293903553	0.0004975650402920806	-0.00011494208221196622	0.00043276493783706016	-0.0013765175073332525
0.00046318361870190117	-0.00274920034731041	-0.0011939150174160584	0.00014414783293026368	0.0004975650402920806	-0.0011134924751314834	-0.00037855725641011695	-0.00150133630644822
-0.000535366774217616	-0.0030612473450979394	-0.00013295522493850243	0.0002065572324878584	0.0014337060336544472	-0.0009886736760171821	-0.00012891965818018214	-0.0013141081077756578
0.0005255930182594959	-0.0038725695393453385	-0.00019536462449609715	0.0003937854311606426	0.00592718280179283	-0.0013631300733618623	0.0003703555382799095	0.00018371748160417312
-0.00034813857554527594	-0.004059797738018123	0.0004287293710787399	0.00014414783293026368	0.008735605781880373	-0.0025489086649543857	-0.0003161478568525222	-0.0012516987082185072
0.0005255930182594959	-0.005620032726954882	-0.0005698210218414435	0.0002689666320454531	0.010795115967277225	-0.002236861667166856	-0.00019132905773777686	-3.510717068611058e-06
0.0007128212169322801	-0.0051207575304947905	-0.0007570492205133394	0.0003937854311606426	0.01166884756108244	-0.002673727464069131	-0.00012891965818018214	-0.0003779671144137353
-0.0006601855733323614	-0.00524557632960998	-0.0013187338165305817	0.0002065572324878584	0.011980894558869304	-0.002299271066724007	-6.651025862214333e-05	-0.0015637457060058146
0.0006504118173746853	-0.00505834813093764	-0.0019428278121058629	0.0002689666320454531	0.01166884756108244	-0.002299271066724007	-0.00012891965818018214	-0.0011892893086609124
-0.000535366774217616	-0.004434254135362359	-0.002504512408123327	0.00033137603160304785	0.011169572364622349	-0.002486499265396791	-6.651025862214333e-05	-0.0013141081077756578
0.0006504118173746853	-0.003810160139787744	-0.0035030628010426224	0.0004561948307177932	0.009858974973915302	-0.0025489086649543857	-0.00019132905773777686	-0.0026247054984833706
-0.0006601855733323614	-0.00274920034731041	-0.004501613193962584	0.00014414783293026368	0.00705055199382798	-0.002299271066724007	-0.0003161478568525222	-0.003373618293172953
0.0005255930182594959	-0.001875468753505638	-0.004938478990865303	0.0008306512280631395	0.005989592201350424	-0.0016751770711491698	0.00043276493783706016	-0.003186390094500613
-0.0002857291759876812	-0.0004400525636827357	-0.006186666982014977	0.0002065572324878584	0.0014961154332120419	-0.002049633468494294	-0.0003161478568525222	-0.007305410465294537
-0.000535366774217616	0.0034917396084379604	-0.006124257582457382	0.0002689666320454531	-0.0021860391406800517	-0.0012383112742466729	-6.651025862214333e-05	-0.00699336346750723
0.0005880024178170906	0.005114383996933647	-0.0058122105846700745	0.0004561948307177932	-0.005056871520324302	-0.0017999958702643593	-6.651025862214333e-05	-0.0058075848759149284
-0.00034813857554527594	0.005426430994721176	-0.0055625729864396956	0.0007058324289479501	-0.004495186924307282	-0.0011134924751314834	0.0003703555382799095	-0.0059948130745872685
0.0005255930182594959	0.00486474639870349	-0.006997989176262154	0.0002689666320454531	-0.004682415122980066	-0.002049633468494294	-0.00019132905773777686	-0.006930954067949635
-0.0007850043724473288	0.0037413772066683393	-0.007185217374934938	0.0002689666320454531	-0.0024980861384680253	-0.0012383112742466729	0.0003079461387223148	-0.006681316469719256
0.0008376400160468034	0.0024307798159610705	-0.006124257582457382	0.0007682418285059889	0.001246477834981663	-0.0014879488724768297	-6.651025862214333e-05	-0.007430229264409727
-0.0007225949728901782	0.0011201824252540238	-0.006311485781130166	0.00033137603160304785	0.0014961154332120419	-0.0023616804662820456	-4.100859065436779e-06	-0.0076798668626392175
0.0006504118173746853	0.0006833166283515268	-0.006623532778917474	0.0003937854311606426	0.002681894024804121	-0.0019872240689366993	5.8308540492602035e-05	-0.0070557728670648245
0.0006504118173746853	-0.00031523376456843444	-0.0059994387833421925	0.0004561948307177932	0.002931531623033612	-0.002736136863626726	-4.100859065436779e-06	-0.004996262681667307
-0.0006601855733323614	-0.0006272807623552978	-0.005125707189537865	0.0002689666320454531	0.0034932162190512983	-0.0029857744618566606	-4.100859065436779e-06	-0.002936752496270456
0.0005255930182594959	-0.0005648713627981472	-0.004376794394847838	0.0002689666320454531	0.00224502822790118	-0.0032354120600868175	-0.00019132905773777686	-0.0012516987082185072
-0.00041054797510287067	-0.0009393277601428274	-0.003378244001928099	0.000518604230275832	0.0016209342323263431	-0.0023616804662820456	0.00018312733960756944	0.0007454020776209713
0.0005255930182594959	-0.0018130593539480433	-0.0034406534014854717	0.00014414783293026368	0.0008720214376363167	-0.0029857744618566606	-0.00037855725641011695	0.0005581738789486312
-0.0008474137720053676	-0.0026243815481947763	-0.0023796936090081378	-4.308036574163232e-05	0.0013712966340964083	-0.0017375864707067645	5.8308540492602035e-05	0.0004333550798334418
0.0007128212169322801	-0.0028116097468675605	-0.0016307808143181113	0.000518604230275832	0.0006847932389639766	-0.001862405269821954	0.00018312733960756944	0.00037094568027673525
-0.0004729573746600213	-0.00274920034731041	-0.0014435526156462153	1.9329033815962404e-05	-0.00043857595307117414	-0.002049633468494294	-0.0003161478568525222	-0.0013141081077756578
-0.0006601855733323614	-0.0029988379455403447	-0.0013811432160886206	0.0002065572324878584	-0.0016243545446632535	-0.0010510830755747769	-0.00012891965818018214	-0.00044037651397088595
0.0007128212169322801	-0.0021875157512929455	-0.0007570492205133394	0.0006434230293903553	-0.003184589533600013	-0.0006766266782298747	0.00018312733960756944	-3.510717068611058e-06
-0.0007850043724473288	-0.0011265559588151675	-0.0006946398209561888	1.9329033815962404e-05	-0.00642987831058961	-0.0006766266782298747	-0.00037855725641011695	-0.0007524235117584155
0.0005255930182594959	0.0003088602310064026	0.0005535481701939293	0.0003937854311606426	-0.008926254292888736	-0.00023976088132715567	-0.00012891965818018214	-6.592011662620578e-05
-0.00041054797510287067	0.0009953636261388343	0.0014896891635562959	0.000518604230275832	-0.010112032884481259	-0.00023976088132715567	-0.0003161478568525222	-0.0005651953130865195
0.00046318361870190117	0.00018404143189165723	0.0009904139670962042	0.00014414783293026368	-0.010424079882268789	7.228611646037386e-05	-4.100859065436779e-06	-0.0007524235117584155
-0.0006601855733323614	-0.000190414965453245	0.0013024609648835117	0.0004561948307177932	-0.00911348249156152	9.876716902779137e-06	-4.100859065436779e-06	-0.0018757927037933442
0.0005880024178170906	-0.0011889653583732063	0.0018017361613433813	0.0004561948307177932	-0.0070539723061640025	0.0003219237146900866	0.00012071794004975267	-0.001688564505121004
0.0003383648195871558	-0.0034357037424428416	0.0007407763688662694	-4.308036574163232e-05	-0.00630505951147442	-0.0005518078791146852	-0.0005033760555248623	-0.0020006115029080895
-0.00041054797510287067	-0.0031860661442124627	0.0009904139670962042	0.0003937854311606426	-0.004058321127404785	7.228611646037386e-05	0.00024553673916516416	-0.0009396517104305335
0.0005255930182594959	-0.003560522541557587	0.0004287293710787399	0.0002689666320454531	-0.0034342271318299478	-0.00042698907999949576	-0.00019132905773777686	-3.510717068611058e-06
-0.00041054797510287067	-0.0034357037424428416	0.0008655951679810148	0.0003937854311606426	-0.0026853143371399213	9.876716902779137e-06	0.00018312733960756944	0.001244677274081063
0.00046318361870190117	-0.0036853413406723323	0.0001166823732909883	0.00014414783293026368	-0.0029349519353703	-0.0009886736760171821	0.00024553673916516416	0.002305637066558175
-0.00041054797510287067	-0.003310884943327652	0.0003663199715213672	0.0004561948307177932	-0.0016243545446632535	-0.0013007206738040455	-0.0002537384572949275	0.0002461268811615458
0.0005880024178170906	-0.003373294342885247	-8.136425823757065e-06	0.0002065572324878584	-0.00168676394421996	-0.0009262642764595874	-0.00019132905773777686	0.0011822678745239124
-0.0007225949728901782	-0.0030612473450979394	-0.0002577740240536919	0.0006434230293903553	-0.0016243545446632535	-0.0010510830755747769	0.00012071794004975267	0.0008702208767366049
-0.0007225949728901782	-0.0020002875526203834	-0.0008194586200709342	0.0002065572324878584	-0.0013123075468755019	-0.001425539472919457	-0.00012891965818018214	-0.0018757927037933442
0.0005255930182594959	-0.0019378781530627887	-0.0014435526156462153	0.0002689666320454531	-0.0011874887477603124	-0.0010510830755747769	-0.00012891965818018214	-0.0021878397015804296
-0.000535366774217616	-0.0013137841574879516	-0.0020676466112210523	0.0003937854311606426	-0.0011874887477603124	-0.0006766266782298747	-4.100859065436779e-06	-0.0008148329113157882
0.0007128212169322801	-0.000814508961028082	-0.0024421030085652884	0.000518604230275832	-0.0010002605490879724	-0.0007390360777872473	5.8308540492602035e-05	-0.0018133833042353054
-0.0006601855733323614	-0.0004400525636827357	-0.002754150006353262	8.173843337355713e-05	-0.001062669948645567	-0.0014879488724768297	-0.0002537384572949275	-0.0015637457060058146
0.00046318361870190117	0.0003088602310064026	-0.0030037876045829748	0.00033137603160304785	-0.00168676394421996	-0.0013007206738040455	0.00024553673916516416	-0.0009396517104305335
-0.00041054797510287067	0.0008705448270238669	-0.0026293312072380726	8.173843337355713e-05	-0.004307958725635164	-0.0019872240689366993	-0.0003161478568525222	-0.0022502491011380243
0.0004007742191451946	0.0008705448270238669	-0.003191015803255759	0.00033137603160304785	-0.00611783131280208	-0.0013007206738040455	0.00012071794004975267	-0.002499886699367737
0.0007752306164894307	0.0021811422177311357	-0.0030037876045829748	0.0003937854311606426	-0.007802885100854473	-0.0011134924751314834	0.00018312733960756944	-0.0037480746905180773
-0.0008474137720053676	0.0017442764208290829	-0.0030661970041405695	-4.308036574163232e-05	-0.010299261083153599	-0.000801445477344398	-0.0002537384572949275	-0.0033112088936153583
0.0006504118173746853	0.0017442764208290829	-0.002317284209450543	0.00014414783293026368	-0.010985764478286475	-0.0003645796804423451	5.8308540492602035e-05	-0.003186390094500613
-0.0005977761737747667	0.0018066858203864555	-0.0020052372116634576	0.0002689666320454531	-0.011172992676958815	-5.253268265481559e-05	5.8308540492602035e-05	-0.003810484090075228
0.0007128212169322801	0.0013698200234839586	-0.0016307808143181113	0.00033137603160304785	-0.010673717480498723	0.0003219237146900866	-0.00012891965818018214	-0.0033112088936153583
-0.0007225949728901782	0.0007457260279091216	-0.0013811432160886206	1.9329033815962404e-05	-0.008926254292888736	-0.0003021702808843063	5.8308540492602035e-05	-0.0026871148980405213
0.0007128212169322801	0.0003712696305639973	-0.0003825928231686593	1.9329033815962404e-05	-0.006492287710147204	-0.0006142172786716138	-6.651025862214333e-05	-0.001064470509546167
-0.0007225949728901782	-0.000814508961028082	-0.00013295522493850243	0.00014414783293026368	-0.0033094083327152024	-0.000801445477344398	0.00012071794004975267	-0.00019073891574095114
-0.0007225949728901782	-0.0038725695393453385	-0.00032018342361106455	-0.0002927179639717892	-0.0012498981473179072	-0.0013631300733618623	-0.00012891965818018214	0.0013694960731966965
0.0005255930182594959	-0.004871119932264856	-0.0007570492205133394	-0.00023030856441419445	0.0006847932389639766	-0.0017375864707067645	-0.0002537384572949275	0.001244677274081063
-0.00041054797510287067	-0.005432804528282542	-0.001069096218300869	-4.308036574163232e-05	0.0034932162190512983	-0.0011134924751314834	0.00018312733960756944	0.0007454020776209713
0.0005255930182594959	-0.0066185831198748435	-0.0022548748098933924	-0.0003551273635293839	0.005053451207988502	-0.0019248146693795487	-0.0002537384572949275	0.00037094568027673525
-0.0007850043724473288	-0.006930630117662151	-0.002754150006353262	-0.0007295837608740641	0.006426457998252921	-0.0011759018746895222	0.00018312733960756944	0.0008702208767366049
0.0009000494156050642	-0.005682442126512477	-0.002566921807680922	-4.308036574163232e-05	0.00449176661197126	-0.0009886736760171821	-6.651025862214333e-05	0.0003085362807191405
-0.0005977761737747667	-0.00399738833845964	-0.0033158346023700602	-0.0006047649617593187	-0.0008130323504151882	-0.001862405269821954	-0.0002537384572949275	-0.0003155577148561406
0.0005255930182594959	-0.0013761935570455464	-0.0028165594059106347	-0.00041753676308653453	-0.004869643321651962	-0.00023976088132715567	-6.651025862214333e-05	-0.0012516987082185072
0.0007128212169322801	0.0036789678071107446	-0.002317284209450543	-0.00016789916485682177	-0.009675167087579206	0.00013469551601774654	0.00018312733960756944	-0.0018133833042353054
-0.0006601855733323614	0.004427880601801215	-0.002566921807680922	-0.000542355562201724	-0.010673717480498723	-0.00017735148176956095	-4.100859065436779e-06	-0.003560846491845293
0.0004007742191451946	0.00436547120224362	-0.0033158346023700602	-0.0007919931604312147	-0.01129781147607356	-0.0010510830755747769	-0.0003161478568525222	-0.0036232558914024438
-0.0002857291759876812	0.004178243003570836	-0.002566921807680922	0.000518604230275832	-0.008551797895544055	-0.00017735148176956095	0.0004951743373946549	-0.005433128478570026
0.0004007742191451946	0.0024307798159610705	-0.003565472200600661	8.173843337355713e-05	-0.007553247502623872	-0.0013007206738040455	-0.00019132905773777686	-0.00699336346750723
-0.0006601855733323614	0.002118732818173985	-0.004064747397060531	1.9329033815962404e-05	-0.003184589533600013	-0.0015503582720344244	0.00012071794004975267	-0.006556497670604955
0.0007752306164894307	0.001681867021271266	-0.004064747397060531	0.00033137603160304785	-0.0017491733437779988	-0.001612767671591575	-4.100859065436779e-06	-0.004559396884765254
-0.0005977761737747667	0.0008705448270238669	-0.0047512507921929625	0.0003937854311606426	0.0018705718305565	-0.0021120428680514447	-6.651025862214333e-05	-0.003373618293172953
-0.0005977761737747667	-0.0010641465592580168	-0.005000888390422675	0.0003937854311606426	0.004616585411086005	-0.002236861667166856	-4.100859065436779e-06	-0.0021878397015804296
0.0007752306164894307	-0.0018130593539480433	-0.005500163586882101	0.000518604230275832	0.005989592201350424	-0.0021744522676090394	0.00012071794004975267	-0.0013765175073332525
-0.0007225949728901782	-0.0021875157512929455	-0.005874619984227669	0.0002065572324878584	0.006239229799580803	-0.0025489086649543857	-0.00012891965818018214	-0.00150133630644822
0.0005880024178170906	-0.002499562749080475	-0.005500163586882101	0.00033137603160304785	0.005178270007103691	-0.002486499265396791	-0.00012891965818018214	-0.0011892893086609124
-0.0005977761737747667	-0.002312334550408135	-0.005000888390422675	0.0003937854311606426	0.004429357212413221	-0.0015503582720344244	-6.651025862214333e-05	-0.0009396517104305335
0.0006504118173746853	-0.002125106351735351	-0.005000888390422675	0.00033137603160304785	0.0030563504221488014	-0.0014879488724768297	-6.651025862214333e-05	-0.0013141081077756578
-0.0006601855733323614	-0.001688240554833298	-0.00506329778998027	0.000518604230275832	0.0013088872345392577	-0.0014879488724768297	-6.651025862214333e-05	-0.0021878397015804296
0.0007752306164894307	-0.000190414965453245	-0.003939928597945341	0.0002689666320454531	-0.0010002605490879724	-0.0013631300733618623	-6.651025862214333e-05	-0.0020630209024656843
0.0006504118173746853	0.001494638822598704	-0.0034406534014854717	0.00033137603160304785	-0.003808683529175072	-0.0016751770711491698	-4.100859065436779e-06	-0.0007524235117584155
-0.0005977761737747667	0.0014322294230411092	-0.0028165594059106347	0.0002689666320454531	-0.0047448245225372165	-0.001612767671591575	-6.651025862214333e-05	-0.0013765175073332525
0.0007752306164894307	0.0008705448270238669	-0.0024421030085652884	0.0006434230293903553	-0.003808683529175072	-0.001612767671591575	0.00024553673916516416	-0.000877242310873827
-0.0007850043724473288	-0.0006272807623552978	-0.0037527003992730013	0.0002065572324878584	-0.001499535745548064	-0.0019248146693795487	-0.0002537384572949275	-0.00044037651397088595
0.0005880024178170906	-0.0026243815481947763	-0.004189566196175276	0.0002065572324878584	0.00205780002922884	-0.0017999958702643593	-0.00012891965818018214	0.0004957644793910365
-0.0005977761737747667	-0.003810160139787744	-0.004938478990865303	0.0002689666320454531	0.008485968183650439	-0.0014879488724768297	5.8308540492602035e-05	0.00012130808204635635
0.0007128212169322801	-0.0049335293318224505	-0.0055625729864396956	-4.308036574163232e-05	0.01085752536683482	-0.0021744522676090394	-0.0003161478568525222	-0.0007524235117584155
-0.0007225949728901782	-0.005869670325184817	-0.00774690197095218	0.00014414783293026368	0.011356800563294911	-0.002673727464069131	-0.0002537384572949275	-0.0012516987082185072
-0.00041054797510287067	-0.004371844735805208	-0.007996539569182115	0.0004561948307177932	0.01085752536683482	-0.002299271066724007	0.00018312733960756944	0.0007454020776209713
0.0004007742191451946	-0.0036853413406723323	-0.008683042964314103	1.9329033815962404e-05	0.007737055388960412	-0.003110593260971628	-0.0004409666559672676	-0.0011892893086609124
-0.0005977761737747667	-0.0025619721486380698	-0.008370995966527017	0.0002065572324878584	0.005989592201350424	-0.002236861667166856	-6.651025862214333e-05	-0.0020630209024656843
0.0006504118173746853	-0.0009393277601428274	-0.008620633564757396	0.000518604230275832	0.00205780002922884	-0.0009262642764595874	-0.00012891965818018214	-0.0036856652909604826
-0.00041054797510287067	0.0011825918248116185	-0.008183767767854233	0.0005810136298334267	-0.0011250793482031618	-0.0003645796804423451	-0.00019132905773777686	-0.0029991618958278288
0.0005255930182594959	0.0033045114097660644	-0.008246177167412494	0.0002689666320454531	-0.0074908381030667215	-0.0016751770711491698	5.8308540492602035e-05	-0.002125430302023279
-0.000535366774217616	0.004989565197818013	-0.007434854973164873	0.00014414783293026368	-0.00911348249156152	-0.0016751770711491698	-4.100859065436779e-06	-0.0021878397015804296
0.0006504118173746853	0.004989565197818013	-0.007122807975377343	-0.011214362886531992	-0.007178791105279192	-0.0008638548769019927	-6.651025862214333e-05	-0.0021878397015804296
0.0009000494156050642	0.006424981387640694	-0.004626431993077773	-0.03761353889934971	-0.0017491733437779988	0.0008211989111499562	0.0004951743373946549	-0.0015637457060058146
-0.0008474137720053676	0.004178243003570836	-0.004127156796617681	-0.04460339164978855	-0.00025134775439838997	0.0013828835071676426	-0.0002537384572949275	-0.0012516987082185072
0.0007752306164894307	0.0011201824252540238	-0.0058122105846700745	-0.010028584294940135	0.0015585248327687484	-0.001862405269821954	0.00018312733960756944	-0.002375067900253214
-0.0006601855733323614	0.00024645083144925195	-0.006561123379359657	-0.0003551273635293839	0.000809612038079166	-0.0030481838614142553	-4.100859065436779e-06	-0.0020630209024656843
0.0008376400160468034	0.0001216320323340625	-0.005687391785554885	-0.000542355562201724	-6.411955572560579e-05	-0.0032354120600868175	-6.651025862214333e-05	0.0004333550798334418
-0.0006601855733323614	0.0008705448270238669	-0.004876069591307708	-0.004723785332553687	-0.0012498981473179072	-0.0029857744618566606	5.8308540492602035e-05	0.003366596859035953
0.0007752306164894307	0.0011201824252540238	-0.003191015803255759	-0.005098241729898589	-0.00012652895528320052	-0.002860955662741471	-4.100859065436779e-06	0.0036162344572654437
-0.0005977761737747667	-0.00031523376456843444	-0.004064747397060531	-0.002851503345828954	-0.0008130323504151882	-0.002299271066724007	-0.0003161478568525222	0.0009326302762935335
-0.000535366774217616	-0.0019378781530627887	-0.004813660191750113	-0.00041753676308653453	6.069924338913957e-05	-0.0025489086649543857	-0.00012891965818018214	0.0034914156581511424
0.0007128212169322801	-0.0016258311552752591	-0.00525052598865261	0.0002065572324878584	-0.0026229049375827707	-0.0013007206738040455	-6.651025862214333e-05	0.004053100254168385
-0.0007225949728901782	-0.0009393277601428274	-0.004938478990865303	0.0002065572324878584	-0.0058057843150147725	-0.0006766266782298747	-6.651025862214333e-05	0.003179368660363391
0.0006504118173746853	5.922263277668982e-05	-0.004813660191750113	0.0003937854311606426	-0.0070539723061640025	-0.0017999958702643593	-6.651025862214333e-05	-0.0010020611099881283
-0.0005977761737747667	0.00018404143189165723	-0.0045640225935206225	0.0002065572324878584	-0.008988663692446774	-0.00023976088132715567	0.00024553673916516416	0.0004957644793910365
0.0008376400160468034	-0.0005648713627981472	-0.0043143849952902436	0.0005810136298334267	-0.002747723736697516	-0.0015503582720344244	-0.0002537384572949275	0.0021808182674438736
-0.0007850043724473288	-0.001875468753505638	-0.004501613193962584	0.0003937854311606426	-1.7101561680110677e-06	-0.003297821459643524	5.8308540492602035e-05	0.0032417780599207635
0.0008376400160468034	-0.002312334550408135	-0.0053753447877677996	0.0002689666320454531	0.0034932162190512983	-0.0044836000512360474	-6.651025862214333e-05	0.006549476236467955
0.0007752306164894307	-0.002499562749080475	-0.005312935388210205	0.0004561948307177932	0.004054900815068763	-0.004670828249908832	5.8308540492602035e-05	0.007672845428502217
-0.0007225949728901782	-0.0020002875526203834	-0.004938478990865303	1.9329033815962404e-05	0.0005599744398487871	-0.0057317880423859435	-0.0003161478568525222	0.007672845428502217
0.0005880024178170906	-0.0013761935570455464	-0.0053753447877677996	0.0003937854311606426	-0.0018115827433351495	-0.0036098684574314976	-0.00012891965818018214	0.007984892426289969
-0.0005977761737747667	-0.001001737159700422	-0.004876069591307708	0.0003937854311606426	-0.005930603114129518	-0.002424089865838752	5.8308540492602035e-05	0.004739603649300594
0.0005880024178170906	-0.0025619721486380698	-0.005500163586882101	0.0002689666320454531	-0.003933502328289595	-0.0025489086649543857	-0.00012891965818018214	0.0036162344572654437
-0.0007225949728901782	-0.003123656744654868	-0.006124257582457382	8.173843337355713e-05	-0.004432777524749909	-0.00042698907999949576	-0.00012891965818018214	0.005176469446203091
0.0007128212169322801	-0.004122207137574829	-0.006186666982014977	0.0002065572324878584	-0.0030597707344852676	-0.00042698907999949576	-6.651025862214333e-05	0.005176469446203091
-0.0007225949728901782	-0.004621482334034921	-0.005624982385997734	0.0002065572324878584	-0.0005633947521854754	-0.001862405269821954	-0.00019132905773777686	0.004552375450628254
-0.0005977761737747667	-0.0038725695393453385	-0.00574980118511248	0.0002689666320454531	-0.0007506229508584816	-0.0019872240689366993	-0.00012891965818018214	0.006549476236467955
0.0008376400160468034	-0.0034357037424428416	-0.004501613193962584	0.000518604230275832	-0.0018115827433351495	-0.0036098684574314976	0.00012071794004975267	0.009545127415227173
-0.0007225949728901782	-0.00274920034731041	-0.003815109798830152	8.173843337355713e-05	-0.0032469989331576077	-0.0037970966561038377	-0.0003161478568525222	0.009108261618324676
0.0006504118173746853	-0.003123656744654868	-0.003627881600158256	0.0002689666320454531	-0.001936401542450339	-0.004421190651678675	-0.00012891965818018214	0.008983442819209486
-0.0006601855733323614	-0.004559072934477548	-0.0037527003992730013	8.173843337355713e-05	-0.0026853143371399213	-0.0027985462631838764	-0.0002537384572949275	0.008047301825847564
0.0005255930182594959	-0.004621482334034921	-0.004251975595732871	0.0002689666320454531	-0.006929153507049479	-0.002236861667166856	0.0003079461387223148	0.007860073627175002
-0.00034813857554527594	-0.00293642854598275	-0.0030661970041405695	-4.308036574163232e-05	-0.009238301290676043	-0.001862405269821954	-0.000565785455082457	0.007235979631600387
0.0003383648195871558	-0.0032484755437700574	-0.0022548748098933924	0.00014414783293026368	-0.008739026094216396	-0.0019872240689366993	-0.00012891965818018214	0.008359348823635093
0.0005255930182594959	-0.004184616537132424	-0.0036902909997154065	0.00033137603160304785	-0.0074908381030667215	-0.0013007206738040455	-0.0002537384572949275	0.008047301825847564
-0.0005977761737747667	-0.005432804528282542	-0.005125707189537865	0.00014414783293026368	-0.0026229049375827707	-0.0026113180645115364	-0.00019132905773777686	0.007485617229829877
0.0007752306164894307	-0.005869670325184817	-0.004501613193962584	0.0003937854311606426	0.00018551804250432902	-0.003547459057873903	0.00012071794004975267	0.006736704435140295
-0.0007225949728901782	-0.007929180510582112	-0.005312935388210205	8.173843337355713e-05	0.002307437627459219	-0.0023616804662820456	-0.00037855725641011695	0.009233080417439865
0.0007128212169322801	-0.0066185831198748435	-0.004064747397060531	0.0003937854311606426	-0.0006258041517430701	-0.0023616804662820456	-0.00037855725641011695	0.010918134205492258
-0.0007225949728901782	-0.006993039517219302	-0.0047512507921929625	-0.000105489765299005	-0.002123629741122679	-0.004920465848138766	-0.0005033760555248623	0.011167771803721527
0.00046318361870190117	-0.005682442126512477	-0.004813660191750113	0.0003937854311606426	-0.0022484485402378684	-0.0030481838614142553	0.00012071794004975267	0.011854275198853959
-0.0004729573746600213	-0.004871119932264856	-0.0030037876045829748	-0.000105489765299005	-0.0068667441074918845	-0.003547459057873903	-0.000565785455082457	0.012353550395314272
-0.000535366774217616	-0.0024371533495228803	-0.0030037876045829748	0.0002065572324878584	-0.010860945679171286	-0.0032354120600868175	-6.651025862214333e-05	0.013726557185579136
0.0005255930182594959	-0.002499562749080475	-0.0037527003992730013	0.00014414783293026368	-0.013294912261913261	-0.00417155305344874	-0.00037855725641011695	0.01279041619221677
-0.0005977761737747667	-0.0022499251508505402	-0.004189566196175276	0.0002689666320454531	-0.014605509652620086	-0.002236861667166856	-6.651025862214333e-05	0.009482718015669578
0.0005880024178170906	-0.0002528243650108397	-0.003378244001928099	0.0002689666320454531	-0.02346764438978366	-0.0011759018746895222	-0.00019132905773777686	0.004240328452840725
-0.00041054797510287067	0.0024307798159610705	-0.0021924654103357977	0.00033137603160304785	-0.02590161097252608	0.0005091519133628708	-0.00012891965818018214	0.0032417780599207635
0.0005255930182594959	0.0036789678071107446	-0.0011939150174160584	0.0003937854311606426	-0.031019181736239743	-0.00042698907999949576	0.00018312733960756944	0.0036786438568230384
-0.0004729573746600213	0.004927155798261085	-7.054582538135179e-05	8.173843337355713e-05	-0.028647624553055362	-0.002860955662741471	-0.0002537384572949275	0.004989241247530307
0.0005255930182594959	0.0035541490079964433	-0.000445002222726254	0.00033137603160304785	-0.025527154575180733	-0.0026113180645115364	-4.100859065436779e-06	0.006424657437352765
0.0008376400160468034	-0.00012800556589565026	-0.0005074116222838487	0.0005810136298334267	-0.019535852217662297	-0.002860955662741471	0.00024553673916516416	0.008608986421865028
-0.0007225949728901782	-0.002874019146425155	-0.0018804184125484902	-4.308036574163232e-05	-0.014106234456160438	-0.0037970966561038377	-0.00037855725641011695	0.009794765013457107
0.0008376400160468034	-0.004059797738018123	-0.002504512408123327	0.000518604230275832	-0.010174442284038854	-0.003485049658316308	5.8308540492602035e-05	0.012915234991331515
-0.0005977761737747667	-0.0036853413406723323	-0.0030661970041405695	0.0002689666320454531	-0.009924804685808475	-0.004608418850351237	-6.651025862214333e-05	0.014288241781596378
0.0004007742191451946	-0.0043094353362476134	-0.0030037876045829748	-4.308036574163232e-05	-0.011048173877843182	-0.004733237649466426	-6.651025862214333e-05	0.014288241781596378
-0.000535366774217616	-0.0043094353362476134	-0.002566921807680922	0.0002689666320454531	-0.012046724270763143	-0.003110593260971628	-0.0002537384572949275	0.012478369194429462
0.0005880024178170906	-0.004434254135362359	-0.0034406534014854717	0.0002689666320454531	-0.01479273785129287	-0.0016751770711491698	-6.651025862214333e-05	0.013414510187791384
-0.000535366774217616	-0.00293642854598275	-0.0016307808143181113	8.173843337355713e-05	-0.019411033418547108	-0.002424089865838752	-0.0002537384572949275	0.013851375984693437
-0.0005977761737747667	-0.0011889653583732063	-0.00019536462449609715	0.0002689666320454531	-0.019847899215449605	-0.002486499265396791	-4.100859065436779e-06	0.011667047000181396
0.0007128212169322801	0.0003712696305639973	-0.0002577740240536919	0.0004561948307177932	-0.02122090600571447	-0.003110593260971628	-4.100859065436779e-06	0.008484167622749395
-0.0007225949728901782	-0.0005648713627981472	-0.0005698210218414435	8.173843337355713e-05	-0.021283315405272063	-0.001612767671591575	-0.0002537384572949275	0.008234530024519904
0.0006504118173746853	-0.0011265559588151675	-0.0007570492205133394	0.0002689666320454531	-0.020159946213236468	-0.002424089865838752	-0.00012891965818018214	0.011417409401951906
-0.0005977761737747667	-0.002062696952177978	-0.00063223042139815	0.00033137603160304785	-0.016727429237575198	-0.002486499265396791	5.8308540492602035e-05	0.011916684598411775
0.0007128212169322801	-0.003310884943327652	-0.0011939150174160584	0.000518604230275832	-0.010548898681383978	-0.0030481838614142553	-0.0004409666559672676	0.012540778593986168
-0.0008474137720053676	-0.005495213927839693	-0.002317284209450543	0.0004561948307177932	-0.009550348288464017	-0.003360230859201563	-6.651025862214333e-05	0.011791865799296586
0.0007128212169322801	-0.005183166930052385	-0.0019428278121058629	8.173843337355713e-05	-0.012858046465011208	-0.0030481838614142553	-0.00019132905773777686	0.012915234991331515
0.0005255930182594959	-0.005682442126512477	-0.0018804184125484902	0.00014414783293026368	-0.012545999467223234	-0.0026113180645115364	-0.00019132905773777686	0.013913785384251476
-0.000535366774217616	-0.00630653612208687	-0.0021924654103357977	0.0002065572324878584	-0.01111058327740122	-0.0023616804662820456	-0.00012891965818018214	0.013414510187791384
0.0007128212169322801	-0.006556173720317249	-0.0028789688054677853	0.0002065572324878584	-0.008052522699083964	-0.0034226402587587135	-0.00012891965818018214	0.012041503397526743
-0.0006601855733323614	-0.0072426771154496805	-0.0035030628010426224	8.173843337355713e-05	-0.008052522699083964	-0.0027985462631838764	-0.0002537384572949275	0.013414510187791384
0.00046318361870190117	-0.007554724113236766	-0.0033158346023700602	-4.308036574163232e-05	-0.006929153507049479	-0.002860955662741471	-0.0003161478568525222	0.012915234991331515
-0.0006601855733323614	-0.0072426771154496805	-0.003627881600158256	-4.308036574163232e-05	-0.004245549326077569	-0.0030481838614142553	-4.100859065436779e-06	0.014849926377613398
0.0007128212169322801	-0.007305086515006831	-0.004064747397060531	-0.000105489765299005	-0.0041207305269623795	-0.002923365062299066	-0.00012891965818018214	0.015099563975843777
-0.0006601855733323614	-0.0072426771154496805	-0.005500163586882101	-4.308036574163232e-05	-0.004932052721209557	-0.00417155305344874	-0.0003161478568525222	0.01703425536212544
-0.0004729573746600213	-0.005183166930052385	-0.005125707189537865	0.00014414783293026368	-0.007802885100854473	-0.003297821459643524	5.8308540492602035e-05	0.01778316815681591
0.00046318361870190117	-0.004559072934477548	-0.0051881165890954595	-0.00023030856441419445	-0.012171543069878332	-0.003547459057873903	-0.0005033760555248623	0.015910886170091176
-0.0007850043724473288	-0.002125106351735351	-0.005874619984227669	-0.0003551273635293839	-0.015416831846867485	-0.003360230859201563	-0.00037855725641011695	0.012291140995756678
0.0007752306164894307	-0.0006896901619133367	-0.00525052598865261	0.0002689666320454531	-0.019161395820317173	-0.0027985462631838764	-4.100859065436779e-06	0.013476919587348979
-0.000535366774217616	-0.0005648713627981472	-0.004813660191750113	1.9329033815962404e-05	-0.01847489242518474	-0.002860955662741471	-0.00019132905773777686	0.012353550395314272
0.0005880024178170906	-0.0004400525636827357	-0.005437754187325394	-4.308036574163232e-05	-0.01604092584244321	-0.00435878125212108	-0.00012891965818018214	0.014101013582923816
-0.0006601855733323614	-0.000190414965453245	-0.006186666982014977	0.00014414783293026368	-0.01697706683580469	-0.004982875247695917	0.00018312733960756944	0.015598839172303869
0.0008376400160468034	0.0011201824252540238	-0.006373895180687761	-0.00016789916485682177	-0.017039476235362283	-0.005294922245483447	-0.00012891965818018214	0.015099563975843777
0.0006504118173746853	0.0024307798159610705	-0.0064363045802449115	-0.00023030856441419445	-0.020596812010139187	-0.0038595060556616545	-0.0002537384572949275	0.012728006792659174
-0.0007225949728901782	0.005488840394277883	-0.00574980118511248	1.9329033815962404e-05	-0.027711483559692773	-0.002424089865838752	-6.651025862214333e-05	0.009732355613899957
0.0008376400160468034	0.006487390787198066	-0.0045640225935206225	0.000518604230275832	-0.0292717185486302	-0.002736136863626726	0.00018312733960756944	0.007735254828060256
-0.0006601855733323614	0.005613659193393072	-0.005312935388210205	1.9329033815962404e-05	-0.0284603963543828	-0.002424089865838752	-6.651025862214333e-05	0.008172120624962309
0.0005880024178170906	0.004552699400915516	-0.0053753447877677996	0.00033137603160304785	-0.02496546997916349	-0.0037970966561038377	0.00018312733960756944	0.012415959794871867
-0.0004729573746600213	0.0020563234186163903	-0.0051881165890954595	0.0004561948307177932	-0.013856596857930725	-0.004670828249908832	-0.0002537384572949275	0.01528679217451634
0.0005255930182594959	-0.0015634217557181085	-0.005125707189537865	1.9329033815962404e-05	-0.010174442284038854	-0.004795647049023577	-0.00037855725641011695	0.014725107578498653
-0.0007225949728901782	-0.0034357037424428416	-0.006935579776705447	0.0005810136298334267	-0.008926254292888736	-0.0038595060556616545	0.00018312733960756944	0.01734630235991297
-0.0006601855733323614	-0.0044966635349199535	-0.006997989176262154	0.0002065572324878584	-0.008926254292888736	-0.004296371852563485	-0.00019132905773777686	0.020591591136902787
0.0005255930182594959	-0.004247025936690019	-0.005937029383785264	1.9329033815962404e-05	-0.009799985886693952	-0.006355882037961225	-0.00037855725641011695	0.021278094532034997
-0.0005977761737747667	-0.003810160139787744	-0.004938478990865303	0.0002065572324878584	-0.009737576487135913	-0.005544559843713159	-0.00019132905773777686	0.022214235525397585
0.0007128212169322801	-0.0038725695393453385	-0.004626431993077773	0.000518604230275832	-0.012109133670320738	-0.00417155305344874	5.8308540492602035e-05	0.02433615511035181
-0.0007225949728901782	-0.005183166930052385	-0.005312935388210205	-0.000105489765299005	-0.00861420729510165	-0.006480700837075526	-0.00019132905773777686	0.025521933701944777
0.0007752306164894307	-0.00705544891677734	-0.0051881165890954595	0.00033137603160304785	-0.0053689185181120536	-0.005544559843713159	-0.00012891965818018214	0.025709161900616673
-0.0005977761737747667	-0.008428455707041538	-0.006186666982014977	-4.308036574163232e-05	-0.009425529489348827	-0.0057317880423859435	-0.0005033760555248623	0.022775920121414384
0.00046318361870190117	-0.008303636907926792	-0.006873170377146964	0.00014414783293026368	-0.012483590067666084	-0.0032354120600868175	-0.00012891965818018214	0.022151826125840213
0.0007128212169322801	-0.006743401918989589	-0.006373895180687761	0.00033137603160304785	-0.015416831846867485	-0.003360230859201563	-0.00012891965818018214	0.02196459792716743
-0.0007225949728901782	-0.00474630113315011	-0.007372445573607278	1.9329033815962404e-05	-0.019161395820317173	-0.005045284647253956	-0.0002537384572949275	0.02265110132229986
0.0006504118173746853	-0.004683891733592516	-0.008308586566969867	0.0002065572324878584	-0.017101885634919878	-0.005107694046811551	-0.00019132905773777686	0.023400014116989443
-0.0007850043724473288	-0.004808710532707261	-0.008183767767854233	-0.000105489765299005	-0.017913207829167277	-0.004109143653891589	-0.000565785455082457	0.030951551463445526
0.0009000494156050642	-0.0034357037424428416	-0.006186666982014977	0.0006434230293903553	-0.017788389030052087	-0.006730338435305905	-0.0004409666559672676	0.027955900284686308
-0.0007225949728901782	-0.0024371533495228803	-0.006873170377146964	-4.308036574163232e-05	-0.02677534256633085	-0.006418291437518819	-0.00037855725641011695	0.022775920121414384
0.00046318361870190117	0.001681867021271266	-0.0064363045802449115	0.0005810136298334267	-0.03201773212915948	-0.0021120428680514447	0.0003079461387223148	0.020154725340000734
-0.00034813857554527594	0.004303061802686026	-0.004064747397060531	1.9329033815962404e-05	-0.034202061113671745	-0.00685515723442065	-0.0004409666559672676	0.014662698178941502
-0.0005977761737747667	0.006424981387640694	-0.004127156796617681	0.00033137603160304785	-0.034014832914999404	-0.005419741044598858	-4.100859065436779e-06	0.014413060580711567
0.0005880024178170906	0.004178243003570836	-0.003627881600158256	0.0003937854311606426	-0.03282905432340688	-0.003547459057873903	-0.00019132905773777686	0.01553642977274583
-0.000535366774217616	0.002118732818173985	-0.0024421030085652884	0.0004561948307177932	-0.0296461749459751	-0.003485049658316308	0.00018312733960756944	0.017970396355488694
0.0006504118173746853	-0.0013761935570455464	-0.0032534252028133537	0.0002689666320454531	-0.021845000001289083	-0.005294922245483447	-0.00012891965818018214	0.020654000536460382
-0.0007225949728901782	-0.001875468753505638	-0.004501613193962584	0.0002065572324878584	-0.02140813420438681	-0.005981425640615656	-0.00012891965818018214	0.02021713473955744
0.0005880024178170906	-0.002062696952177978	-0.0053753447877677996	0.00033137603160304785	-0.01547924124642508	-0.00629347263840363	-0.000565785455082457	0.02115327573292025
-0.0008474137720053676	-0.0031860661442124627	-0.005624982385997734	0.0003937854311606426	-0.018287664226511957	-0.007416841830438781	5.8308540492602035e-05	0.024211336311237064
0.0008376400160468034	-0.001688240554833298	-0.0030661970041405695	0.0002689666320454531	-0.019660671016777265	-0.006543110236633121	-4.100859065436779e-06	0.02714457809043913
0.0006504118173746853	-0.003310884943327652	-0.005000888390422675	0.00033137603160304785	-0.01959826161721967	-0.006917566633978689	-6.651025862214333e-05	0.026270846496633915
-0.0007225949728901782	-0.004808710532707261	-0.0055625729864396956	1.9329033815962404e-05	-0.01909898642075958	-0.006730338435305905	-0.0004409666559672676	0.028205537882916687
0.0007128212169322801	-0.006493764320759654	-0.0045640225935206225	0.0003937854311606426	-0.0199103086150072	-0.005294922245483447	-6.651025862214333e-05	0.030389866867428728
-0.0007850043724473288	-0.007367495914564426	-0.0064363045802449115	-0.000105489765299005	-0.018412483025627147	-0.006355882037961225	-0.0004409666559672676	0.029765772871853446
0.0005255930182594959	-0.006680992519431994	-0.007434854973164873	0.0002065572324878584	-0.01822525482695525	-0.007728888828225866	-0.00012891965818018214	0.027955900284686308
-0.000535366774217616	-0.005432804528282542	-0.00805894896873971	0.0002689666320454531	-0.019535852217662297	-0.008165754625127919	-0.0002537384572949275	0.029578544673180662
0.0006504118173746853	-0.004995938731379601	-0.009182318160774194	-4.308036574163232e-05	-0.023218006791553503	-0.0072296136317659965	-0.0003161478568525222	0.032886242849727854
-0.0006601855733323614	-0.004059797738018123	-0.009244727560331789	1.9329033815962404e-05	-0.030707134738452435	-0.007916117026898428	-0.000565785455082457	0.02751903448778381
-0.00041054797510287067	-0.0011265559588151675	-0.009307136959889384	0.0005810136298334267	-0.028085939957037898	-0.005794197441943538	0.00024553673916516416	0.023712061114776972
0.0005880024178170906	-0.00031523376456843444	-0.009556774558119319	0.00014414783293026368	-0.030207859541992566	-0.008103345225570768	-0.0002537384572949275	0.027082168690881536
-0.0006601855733323614	0.0018690952199440503	-0.007622083171837435	0.0002689666320454531	-0.03183050393048714	-0.010849358806100051	-0.00019132905773777686	0.031138779662117866
0.0007128212169322801	0.001931504619501201	-0.007372445573607278	0.00033137603160304785	-0.033390738919424345	-0.011223815203445175	-6.651025862214333e-05	0.03132600786079065
-0.0008474137720053676	0.0020563234186163903	-0.007310036174049683	-0.000105489765299005	-0.03594952430128151	-0.011535862201232039	-6.651025862214333e-05	0.028767222478933485
0.0007128212169322801	0.001931504619501201	-0.007247626774492533	0.00033137603160304785	-0.03432687991278671	-0.008165754625127919	-0.00012891965818018214	0.024398564509909404
-0.0005977761737747667	-0.00012800556589565026	-0.009244727560331789	0.000518604230275832	-0.034701336310131614	-0.0067927478348630554	5.8308540492602035e-05	0.02520988670415658
0.0008376400160468034	0.0003088602310064026	-0.008745452363872142	1.9329033815962404e-05	-0.035387839705264046	-0.00872743922114605	-0.0002537384572949275	0.022214235525397585
0.00046318361870190117	0.00255559861507626	-0.006061848182899787	0.0002689666320454531	-0.03925722247782848	-0.007541660629553082	-0.0002537384572949275	0.021714960328937494
-0.0004729573746600213	0.001057773025696651	-0.003565472200600661	0.0003937854311606426	-0.03638639009818401	-0.006917566633978689	5.8308540492602035e-05	0.018532080951505492
0.0005255930182594959	-0.0024371533495228803	-0.003815109798830152	8.173843337355713e-05	-0.034014832914999404	-0.007167204232208402	-0.00037855725641011695	0.020466772337787376
-0.0007225949728901782	-0.0043094353362476134	-0.0055625729864396956	8.173843337355713e-05	-0.028710033952612735	-0.007916117026898428	-0.00037855725641011695	0.024211336311237064
0.0008376400160468034	-0.004683891733592516	-0.003627881600158256	0.000518604230275832	-0.031705685131372174	-0.00629347263840363	-0.000565785455082457	0.02464820210813956
-0.0008474137720053676	-0.006556173720317249	-0.002504512408123327	-0.00023030856441419445	-0.028647624553055362	-0.010100446011410247	-0.0003161478568525222	0.025896390099289013
0.0005880024178170906	-0.005620032726954882	-0.0023796936090081378	0.00014414783293026368	-0.02696257076500319	-0.012659231393267634	-0.00019132905773777686	0.025709161900616673
-0.0006601855733323614	-0.004621482334034921	-0.0053753447877677996	8.173843337355713e-05	-0.03014545014243497	-0.009476352015835632	-0.00037855725641011695	0.027831081485571563
-0.0009098231715620742	-0.009614234298634061	-0.0059994387833421925	-0.0003551273635293839	-0.02452860418226077	-0.009913217812737907	-0.0006906042541976465	0.027082168690881536
0.0008376400160468034	-0.009489415499518872	-0.005125707189537865	0.000518604230275832	-0.023654872588456	-0.010911768205657868	-4.100859065436779e-06	0.028267947282473393
-0.0005977761737747667	-0.009863871896863996	-0.005874619984227669	1.9329033815962404e-05	-0.022531503396421515	-0.011847909199020012	-0.0003161478568525222	0.027955900284686308
0.0005880024178170906	-0.00855327450615695	-0.0059994387833421925	-0.000105489765299005	-0.02346764438978366	-0.01378260058530234	-0.0005033760555248623	0.024460973909467
-0.0007225949728901782	-0.007367495914564426	-0.005312935388210205	-4.308036574163232e-05	-0.027399436561905688	-0.013595372386629556	-0.00037855725641011695	0.01753353055858553
0.0005880024178170906	-0.005183166930052385	-0.006561123379359657	8.173843337355713e-05	-0.027961121157923152	-0.01303368779061187	-0.0003161478568525222	0.013601738386464168
-0.0006601855733323614	-0.0049335293318224505	-0.007310036174049683	0.0002689666320454531	-0.023405234990226287	-0.014593922779549073	-0.0003161478568525222	0.014974745176728588
0.0005255930182594959	-0.0031860661442124627	-0.007247626774492533	8.173843337355713e-05	-0.022843550394209267	-0.01515560737556676	-0.00019132905773777686	0.007423207830272727
0.0004007742191451946	-0.001688240554833298	-0.005874619984227669	-0.000105489765299005	-0.025651973374295922	-0.01515560737556676	-0.000565785455082457	0.006112610439565458
-0.0006601855733323614	-0.002062696952177978	-0.008932680562544482	-4.308036574163232e-05	-0.025714382773853073	-0.012097546797249947	-0.00037855725641011695	-0.0011268799091033177
0.0005255930182594959	-0.0023747439499652856	-0.013550976129798276	0.0002065572324878584	-0.0248406511800483	-0.010038036611852652	-0.0003161478568525222	-0.011362021436531311
-0.00034813857554527594	-0.0022499251508505402	-0.015236029917850669	0.0003937854311606426	-0.02147054360394396	-0.007666479428668049	0.00012071794004975267	-0.007804685661754629
0.0005880024178170906	-0.002062696952177978	-0.012490016337321386	0.00014414783293026368	-0.02159536240305915	-0.01134863400255992	-0.0002537384572949275	-0.008241551458656904
-0.0005977761737747667	-0.0032484755437700574	-0.010617734350596875	1.9329033815962404e-05	-0.01909898642075958	-0.010287674210082809	-0.0002537384572949275	-0.011923706032548997
0.0005880024178170906	-0.002686790947752371	-0.011117009547056522	0.0002065572324878584	-0.015416831846867485	-0.007853707627340833	-0.00012891965818018214	-0.016105135802900516
-0.0005977761737747667	-0.002686790947752371	-0.013488566730241347	8.173843337355713e-05	-0.014168643855717589	-0.01035008360963996	-0.0003161478568525222	-0.0058075848759149284
-0.0004729573746600213	-0.003310884943327652	-0.01411266072581574	0.00033137603160304785	-0.009612757688021611	-0.013907419384417086	-0.00012891965818018214	-0.0058075848759149284
0.0006504118173746853	-0.0017506499543904486	-0.01423747952493093	0.00033137603160304785	-0.010860945679171286	-0.01247200319459485	-0.00012891965818018214	-0.00817914205909931
-0.0006601855733323614	-0.0011265559588151675	-0.012115559939976484	8.173843337355713e-05	-0.009799985886693952	-0.01378260058530234	-0.0002537384572949275	-0.013296712822813639
0.00046318361870190117	-0.000814508961028082	-0.013301338531568563	8.173843337355713e-05	-0.012046724270763143	-0.014219466382204837	-0.0005033760555248623	-0.007742276262196812
-0.0004729573746600213	0.0003088602310064026	-0.014923982920063361	0.0003937854311606426	-0.010174442284038854	-0.015405244973796695	-0.00037855725641011695	-0.008428779657329688
0.0005255930182594959	0.0017442764208290829	-0.015984942712540473	1.9329033815962404e-05	-0.009238301290676043	-0.017027889362291493	-0.0003161478568525222	-0.012173343630778488
-0.0006601855733323614	-0.0004400525636827357	-0.014362298324045675	0.0002065572324878584	-0.009051073092003925	-0.012222365596365137	-0.0002537384572949275	-0.015668270005998464
0.0005880024178170906	-0.00274920034731041	-0.016983493105460656	0.00033137603160304785	-0.011172992676958815	-0.009413942616278037	-4.100859065436779e-06	-0.013733578619715692
0.00046318361870190117	-0.0049335293318224505	-0.020291191282007404	-0.000105489765299005	-0.009300710690234304	-0.011411043402117516	-0.000565785455082457	-0.015293813608652895
-0.0007850043724473288	-0.0031860661442124627	-0.018980593891300135	-4.308036574163232e-05	-0.007303609904394381	-0.012222365596365137	-0.0005033760555248623	-0.010675518041399323
0.0007752306164894307	-0.00274920034731041	-0.01760758710103527	0.0004561948307177932	-0.010736126880055874	-0.01284645959193953	-4.100859065436779e-06	-0.018913558782987394
-0.0005977761737747667	-0.00399738833845964	-0.01854372809439786	0.00014414783293026368	-0.01160985847386109	-0.011036587004772835	-0.00012891965818018214	-0.029211109709973426
0.0005255930182594959	-0.0015010123561605138	-0.02253792966607726	-4.308036574163232e-05	-0.0070539723061640025	-0.009913217812737907	-0.00012891965818018214	-0.021597162963959304
-0.000535366774217616	-0.0011889653583732063	-0.017108311904575402	0.0002689666320454531	-0.010736126880055874	-0.012596821993710039	-0.0005033760555248623	-0.018476692986084897
0.00046318361870190117	-0.0021875157512929455	-0.016858674306345467	0.00014414783293026368	-0.014231053255275627	-0.011223815203445175	-0.00012891965818018214	-0.02215884755997699
-0.000535366774217616	0.0004960884296791868	-0.02010396308333462	0.0002065572324878584	-0.011734677272976057	-0.007167204232208402	-0.0002537384572949275	-0.03083375409846778
-0.0004729573746600213	0.0041158336040134635	-0.015485667516081048	0.00033137603160304785	-0.015229603648195145	-0.009289123817162848	-6.651025862214333e-05	-0.024655223542276117
0.0003383648195871558	-0.0015010123561605138	-0.013301338531568563	1.9329033815962404e-05	-0.008739026094216396	-0.013595372386629556	-0.000565785455082457	-0.016292364001572857
-0.000535366774217616	-0.005432804528282542	-0.014611935922275832	0.00014414783293026368	-0.005493737317227243	-0.01303368779061187	-0.00019132905773777686	-0.014232853816175783
0.0006504118173746853	-0.009489415499518872	-0.019979144284219874	8.173843337355713e-05	-0.00018893835484079524	-0.009850808413180312	-0.0004409666559672676	-0.01585549820467058
-0.000535366774217616	-0.010862422289783735	-0.017233130703690147	8.173843337355713e-05	-0.0006258041517430701	-0.010100446011410247	-0.000565785455082457	-0.012048524831663299
0.0005880024178170906	-0.009676643698191212	-0.015610486315195793	-0.00016789916485682177	-0.007927703899968774	-0.014094647583089648	-0.00037855725641011695	-0.011424430836088906
-0.0006601855733323614	-0.0066185831198748435	-0.014175070125373335	0.0003937854311606426	-0.005993012513687113	-0.01378260058530234	-4.100859065436779e-06	-0.028025331118380903
0.0009000494156050642	-0.004683891733592516	-0.014175070125373335	-0.0002927179639717892	-0.009487938888906422	-0.014157056982647243	-0.000565785455082457	-0.029273519109530577
0.0005880024178170906	-0.008802912104386884	-0.012427606937763791	-0.00016789916485682177	-0.007116381705721597	-0.017090298761848643	-0.000565785455082457	-0.019537652778562453
-0.000535366774217616	-0.010300737693766493	-0.009868821555906626	8.173843337355713e-05	-0.008988663692446774	-0.018712943150343442	-0.00037855725641011695	-0.011861296632991403
0.0005880024178170906	-0.013171570073410743	-0.0149863923196214	-4.308036574163232e-05	-0.012046724270763143	-0.014281875781761988	-0.0004409666559672676	-0.0152314042090953
-0.0007225949728901782	-0.017540228042434824	-0.019043003290857285	-0.00016789916485682177	-0.010424079882268789	-0.010038036611852652	-0.0005033760555248623	-0.03651300945819935
0.0007752306164894307	-0.012547476077836128	-0.022662748465191784	8.173843337355713e-05	-0.005743374915457178	-0.013657781786187151	-0.0004409666559672676	-0.03333013008076735
-0.0007225949728901782	-0.009302187300846532	-0.01760758710103527	-4.308036574163232e-05	-0.020908859007926717	-0.015405244973796695	-0.0007530136537550192	-0.020848250169269722
0.00046318361870190117	-0.012859523075623214	-0.0119283317413037	-4.308036574163232e-05	-0.01298286526412551	-0.012534412594152	-0.00037855725641011695	-0.02996002250466301
-0.000535366774217616	-0.014919033261020509	-0.02141456047404211	8.173843337355713e-05	-0.014106234456160438	-0.012097546797249947	-0.00037855725641011695	-0.04050721102987831
-0.0005977761737747667	-0.010113509495094153	-0.017669996500592866	-0.000105489765299005	-0.019036577021201984	-0.013595372386629556	-0.0004409666559672676	-0.034890365069704554
0.0005880024178170906	-0.00899014030305878	-0.012365197538206196	-4.308036574163232e-05	-0.02496546997916349	-0.018588124351228696	-0.0004409666559672676	-0.023594263749799005
-0.0006601855733323614	-0.008116408709254008	-0.013925432527143844	-0.000105489765299005	-0.02665052376721566	-0.012159956196807542	-0.0005033760555248623	-0.03670023765687169
0.0007752306164894307	-0.0044966635349199535	-0.016858674306345467	0.0002689666320454531	-0.02977099374509007	-0.011098996404329986	-0.00019132905773777686	-0.04943175516659948
-0.0009098231715620742	-0.0017506499543904486	-0.016484217909000565	-0.0003551273635293839	-0.031518456932700056	-0.01546765437335429	-0.0002537384572949275	-0.034266271074129495
0.0007752306164894307	-0.0025619721486380698	-0.013925432527143844	0.0002065572324878584	-0.035387839705264046	-0.016653432964946813	-0.0005033760555248623	-0.030584116500237624
-0.0007225949728901782	-0.00599448912429934	-0.014674345321833426	0.0004561948307177932	-0.03925722247782848	-0.014905969777336825	-6.651025862214333e-05	-0.034890365069704554
0.0009000494156050642	-0.004559072934477548	-0.015860123913425728	-0.00016789916485682177	-0.03994372587296069	-0.01865053375078629	-0.0004409666559672676	-0.03395422407634219
0.0003383648195871558	-0.013233979472968338	-0.016733855507230277	-0.0002927179639717892	-0.02714979896367553	-0.014656332179106668	-0.0008154230533126139	-0.03620096246041182
-0.00034813857554527594	-0.014856623861462914	-0.02253792966607726	0.0002689666320454531	-0.017913207829167277	-0.01178549979946264	-6.651025862214333e-05	-0.03545204966572202
0.0004007742191451946	-0.012235429080048377	-0.024971896248819014	-0.000542355562201724	-0.018412483025627147	-0.01553006377291144	-0.0009402418524269152	-0.0284621969152834
-0.0004729573746600213	-0.012734704276508468	-0.02072805707890968	1.9329033815962404e-05	-0.021845000001289083	-0.014094647583089648	-0.00037855725641011695	-0.027401237122806066
0.0005255930182594959	-0.013858073468542953	-0.02128974167492692	-4.308036574163232e-05	-0.020596812010139187	-0.01166068100034745	-0.0006281948546400518	-0.04275394941394817
-0.0007850043724473288	-0.010862422289783735	-0.022163473268731693	-0.0002927179639717892	-0.013606959259700346	-0.015904520170256342	-0.0003161478568525222	-0.041755399021028206
0.0007752306164894307	-0.00874050270482929	-0.02303720486253691	-0.00023030856441419445	-0.019535852217662297	-0.011223815203445175	-0.0006281948546400518	-0.02640268672988655
-0.0006601855733323614	-0.013233979472968338	-0.016109761511655663	8.173843337355713e-05	-0.01909898642075958	-0.010225264810525214	-0.0003161478568525222	-0.032955673683422226
-0.0008474137720053676	-0.010924831689341552	-0.016671446107672905	-0.00041753676308653453	-0.01909898642075958	-0.013408144187957216	-0.0007530136537550192	-0.040382392230763564
0.0005880024178170906	-0.012422657278721161	-0.015298439317408485	1.9329033815962404e-05	-0.018537301824742336	-0.010100446011410247	-0.0004409666559672676	-0.04868284237190923
-0.00041054797510287067	-0.014856623861462914	-0.019791916085547756	8.173843337355713e-05	-0.01928621461943192	-0.006355882037961225	-0.00019132905773777686	-0.03495277446926193
0.0003383648195871558	-0.013046751274295554	-0.019916734884662057	-0.00041753676308653453	-0.01728911383359244	-0.00872743922114605	-0.0008154230533126139	-0.054549325930313364
-0.0006601855733323614	-0.010238328294208454	-0.018356499895725298	-0.00016789916485682177	-0.01491755665040806	-0.010287674210082809	-0.0004409666559672676	-0.038946976040941106
0.0007128212169322801	-0.009489415499518872	-0.014487117123161308	8.173843337355713e-05	-0.01822525482695525	-0.011723090399904823	-0.000565785455082457	-0.04113130502545337
-0.0007225949728901782	-0.01379566406898558	-0.016671446107672905	-0.000105489765299005	-0.015916107043327576	-0.01116140580388758	-0.0005033760555248623	-0.04768429197898971
0.0006504118173746853	-0.014856623861462914	-0.023536480058997	-0.000542355562201724	-0.01491755665040806	-0.01584211077069919	-0.0008778324528702086	-0.03245639848696236
0.0008376400160468034	-0.01579276485482528	-0.01935505028864526	1.9329033815962404e-05	-0.020596812010139187	-0.011473452801674666	-0.00037855725641011695	-0.02116029716705703
-0.0010346419706777077	-0.019412510029159558	-0.017482768301920526	-0.0006671743613169134	-0.02234427519774873	-0.007978526426455579	-0.0010650606515421046	-0.045250325396247515
0.0006504118173746853	-0.017727456241107165	-0.021476969873599705	-0.00016789916485682177	-0.01928621461943192	-0.003485049658316308	-0.0005033760555248623	-0.06135195048207942
-0.0005977761737747667	-0.01392048286810077	-0.02403575525545687	-0.00023030856441419445	-0.020971268407483867	-0.004733237649466426	-0.0006281948546400518	-0.055111010526330606
0.0007128212169322801	-0.014669395662790352	-0.017482768301920526	0.00014414783293026368	-0.021532953003501554	-0.0036722778569886483	-0.006307450214371402	-0.20626657625456768
-0.0012218701693500478	-0.17206590134677624	-0.17962238835227518	-0.006221610921933296	-0.023280416191111097	-0.004670828249908832	-0.0008778324528702086	-0.04649851338739741
0.0006504118173746853	-0.018975644232257283	-0.027281044032446244	-0.00047994616264412926	-0.023717281988013594	-0.011847909199020012	-0.000565785455082457	-0.019100786981659734
-0.0005977761737747667	-0.015293489658365633	-0.020478419480679744	-0.0010416307586615936	-0.02490306057960634	-0.007104794832650807	-0.0008778324528702086	-0.0024374772998105865
-0.0006601855733323614	-0.01978696642650446	-0.01935505028864526	-0.0006671743613169134	-0.021845000001289083	-0.009039486218933135	-0.0007530136537550192	-0.015730679405555392
0.0006504118173746853	-0.015168670859250444	-0.024410211652801328	-0.0007919931604312147	-0.022157046999075947	-0.009413942616278037	-0.0008154230533126139	-0.012298162429893678
-0.000535366774217616	-0.014107711066773332	-0.024909486849261864	-0.002227409350253673	-0.023842100787128784	-0.003921915455218805	-0.000565785455082457	-0.0152314042090953
0.0003383648195871558	-0.014482167464118012	-0.02072805707890968	-0.001790543553351398	-0.025152698177836053	-0.0061686538392884405	-0.0008778324528702086	-0.02515449873873621
-0.0006601855733323614	-0.010862422289783735	-0.018481318694840487	-0.0007919931604312147	-0.024029328985801124	-0.008540211022473043	-0.00012891965818018214	-0.02515449873873621
0.0007752306164894307	-0.011611335084473984	-0.022101063869174098	-0.0018529529529089928	-0.018412483025627147	-0.005669378642828349	-0.0010650606515421046	-0.016604410999360608
-0.0009098231715620742	-0.017228181044647295	-0.029465373016958063	-0.0019153623524665875	-0.01878693942297205	-0.004920465848138766	-0.0005033760555248623	-0.035077593268376894
0.0006504118173746853	-0.011860972682703697	-0.021913835670502202	-0.0027266845467137646	-0.013170093462798294	-0.007728888828225866	-0.0006281948546400518	-0.04568719119315001
0.0007128212169322801	-0.008927730903502074	-0.02010396308333462	-0.004973422930782956	-0.016602610438460008	-0.007354432430880742	-0.0002537384572949275	-0.056920883113497744
-0.0007225949728901782	-0.009988690695978741	-0.023162023661651876	-0.0060967921228181066	-0.017538751431822375	-0.0019248146693795487	-0.0006281948546400518	-0.06659434004490872
0.0007128212169322801	-0.010175918894651304	-0.02328684246076662	-0.004286919535650968	-0.016103335241999917	-0.004233962453006779	-0.0004409666559672676	-0.06909071602720807
-0.000535366774217616	-0.007866771111024518	-0.025346352646163695	-0.0010416307586615936	-0.016914657436247538	-0.009101895618490286	-0.0002537384572949275	-0.06703120584181099
0.00027595542003000517	-0.009239777901289159	-0.02272515786474938	-0.001166449557777005	-0.02115849660615643	-0.004608418850351237	-0.0008778324528702086	-0.08419379072012023
-0.0005977761737747667	-0.020535879221194486	-0.037641004358989205	-0.0012288589573337116	-0.020159946213236468	-0.0036098684574314976	-0.000565785455082457	-0.0535507755373934
0.0005255930182594959	-0.012235429080048377	-0.032461024195717725	-0.00041753676308653453	-0.018849348822529643	-0.008165754625127919	-0.0004409666559672676	-0.03869733844271117
-0.0005977761737747667	-0.01579276485482528	-0.0337092121868674	-0.000542355562201724	-0.013357321661470856	-0.007666479428668049	-0.0007530136537550192	-0.04849561417323689
-0.000535366774217616	-0.01710336224553255	-0.03302270879173497	-0.00016789916485682177	-0.01797561722872487	-0.00011494208221196622	-0.0005033760555248623	-0.05130403715332421
0.0005880024178170906	-0.01691613404686043	-0.03277307119350503	-0.0011040401582189663	-0.016477791639345263	-0.0013631300733618623	-0.0006281948546400518	-0.056796064314383
-0.0006601855733323614	-0.012859523075623214	-0.029527782416515658	-0.0060967921228181066	-0.022905959793766417	-0.002299271066724007	-0.0006281948546400518	-0.056796064314383
0.0007128212169322801	-0.007991589910138819	-0.024971896248819014	-0.000105489765299005	-0.020659221409696782	-0.009913217812737907	-0.0004409666559672676	-0.05848111810243495
-0.0006601855733323614	-0.009052549702616375	-0.021664198072272267	-0.0017281341537940254	-0.020347174411909252	-0.0061686538392884405	-0.001002651251984954	-0.06646952124579353
0.0005880024178170906	-0.027837778969420635	-0.03620558816916675	-0.00534787932812808	-0.022032228199961645	-0.013220915989284654	-0.0008778324528702086	-0.04150576142279805
-0.0007225949728901782	-0.009614234298634061	-0.02553358084483648	-0.00041753676308653453	-0.022032228199961645	-0.004421190651678675	-0.0004409666559672676	-0.03882215724182636
0.0007128212169322801	-0.011236878687128415	-0.021851426270944607	-0.0014784965555640905	-0.016602610438460008	-0.005107694046811551	-0.000565785455082457	-0.046436103987839816
0.0005880024178170906	-0.012297838479605971	-0.02540876204572129	-0.0015409059551216853	-0.019036577021201984	-0.007042385433093212	-0.0007530136537550192	-0.027962921718823308
-0.000535366774217616	-0.014482167464118012	-0.02054082888023734	-0.0010416307586615936	-0.01579128824421283	-0.008040935826013174	-0.0002537384572949275	-0.03963347943607376
0.00015113662091481572	-0.025341402987121064	-0.021664198072272267	-0.0017281341537940254	-0.017226704434035067	0.003816850089909618	-0.0010650606515421046	-0.04749706378031715
-0.0005977761737747667	-0.025715859384465967	-0.033958849785097334	-0.07730591701791245	-0.018537301824742336	-0.010786949406542679	-0.0006906042541976465	-0.048620432972351635
0.0005880024178170906	-0.016229630651727334	-0.02128974167492692	-0.01901553783121801	-0.017850798429609904	-0.004858056448581172	-0.0003161478568525222	-0.056733654914825626
-0.0004729573746600213	-0.019038053631814877	-0.013238929132010968	-0.006221610921933296	-0.01547924124642508	-0.0013007206738040455	-0.0005033760555248623	-0.05660883611571044
0.0005880024178170906	-0.01379566406898558	-0.01592253331298288	-0.0692551044749965	-0.020159946213236468	-0.009601170814950821	-0.0006281948546400518	-0.05448691653075577
-0.0006601855733323614	-0.017540228042434824	-0.018980593891300135	-0.008218711707772997	-0.020159946213236468	-0.002673727464069131	-0.00037855725641011695	-0.04156817082235564
-0.0007850043724473288	-0.011673744484030912	-0.010929781348384182	-0.04691253943341578	-0.017413932632707185	-0.0036098684574314976	-0.0006906042541976465	-0.04287876821306291
0.0005880024178170906	-0.009052549702616375	-0.012427606937763791	-0.07487195043517025	-0.01479273785129287	-0.003547459057873903	-0.000565785455082457	-0.028274968716610616
-0.0006601855733323614	-0.011611335084473984	-0.015236029917850669	-0.0651984935037595	-0.022968369193324012	-0.009226714417605475	-0.0005033760555248623	-0.03763637865023406
0.0005880024178170906	-0.008490865106599133	-0.012490016337321386	-0.0632013927179198	-0.019660671016777265	-0.0006142172786716138	-0.000565785455082457	-0.017290914394492818
-0.0005977761737747667	-0.006056898523857157	-0.009744002756791659	-0.08766587734445519	-0.014355872054390373	-0.007292023031323147	-0.0008778324528702086	-0.03045929770112288
0.0005880024178170906	-0.01860118783491238	-0.018668546893512605	-0.06900546687676656	-0.013294912261913261	-0.01284645959193953	5.8308540492602035e-05	-0.02902388151130042
-0.00034813857554527594	-0.011112059888014114	-0.015298439317408485	-0.05515058017500385	-0.01847489242518474	-0.020772453335740737	-0.0009402418524269152	-0.03732433165244653
0.0003383648195871558	-0.00973905309774925	-0.012177969339533856	-0.031435008343158266	-0.020035127414121945	-0.008415392223357854	-0.0004409666559672676	-0.04568719119315001
0.0006504118173746853	-0.0072426771154496805	-0.009431955759004573	-0.1461434847298222	-0.007428428703509571	-0.009164305018047658	-0.0002537384572949275	-0.030022431904220603
-0.00034813857554527594	-0.006556173720317249	-0.017108311904575402	-0.054089620382526515	-0.011797086672533652	-0.010287674210082809	-4.100859065436779e-06	-0.03794842564802137
-3.609157775774641e-05	-0.12457234828352748	-0.1295076405076121	-0.03318247153076803	-0.14167104715166667	-0.1120149954887888	-0.004996852823664133	-0.1517207610413227
-0.0007225949728901782	-0.012859523075623214	-0.012614835136436575	-0.05795900315509095	-0.012670818266338424	-0.007541660629553082	-0.000565785455082457	-0.044251775003327776
0.0007752306164894307	-0.0068058113185467395	-0.011553875343958575	-0.11156867737497334	-0.008739026094216396	-0.002236861667166856	-0.0005033760555248623	-0.060915084685177145
-0.0007225949728901782	-0.013670845269870835	-0.01823168109661011	-0.041046055875011644	-0.010112032884481259	-0.007604070029110677	-0.0003161478568525222	-0.06403555466305155
0.0006504118173746853	-0.010924831689341552	-0.01411266072581574	-0.008281121107330147	-0.01547924124642508	-0.006917566633978689	-0.000565785455082457	-0.0717743202081802
-0.0006601855733323614	-0.01392048286810077	-0.015360848716965858	-0.011713638082992084	-0.014106234456160438	-0.005606969243271198	-0.0003161478568525222	-0.07358419279534711
-0.0007225949728901782	-0.01148651628535835	-0.02072805707890968	-0.010652678290514528	-0.016914657436247538	-0.004733237649466426	-0.000565785455082457	-0.07152468260995004
0.0005880024178170906	-0.013670845269870835	-0.018606137493955455	-4.308036574163232e-05	-0.017226704434035067	-0.009538761415392782	-0.00037855725641011695	-0.06721843404048355
-0.00041054797510287067	-0.015293489658365633	-0.01654662730855816	0.00014414783293026368	-0.011859496072091247	-0.009164305018047658	-6.651025862214333e-05	-0.0713374544112777
0.0005255930182594959	-0.014294939265446116	-0.02428539285368614	-0.0003551273635293839	-0.01479273785129287	-0.00685515723442065	-0.0006906042541976465	-0.057544977109073026
-0.0005977761737747667	-0.013982892267658142	-0.020852875878024868	-0.00016789916485682177	-0.016852248036690387	-0.006043835040173473	-0.0007530136537550192	-0.059854124892700034
0.00046318361870190117	-0.014107711066773332	-0.018356499895725298	-0.0003551273635293839	-0.017101885634919878	-0.0011134924751314834	-0.0002537384572949275	-0.06559578965198876
-0.0004729573746600213	-0.012921932475181253	-0.018668546893512605	-0.0012912683568913064	-0.020721630809254377	-0.004109143653891589	-0.0004409666559672676	-0.05610956091925057
0.0006504118173746853	-0.013421207671641344	-0.02016637248289266	-0.002414637548926457	-0.020971268407483867	-0.0007390360777872473	-0.0006281948546400518	-0.0732721457975598
0.0007128212169322801	-0.013421207671641344	-0.017857224699265428	-0.01626952425068895	-0.01529201304775274	-0.001862405269821954	-0.00019132905773777686	-0.09130846226967404
-0.0004729573746600213	0.06290548798716755	0.06564655190865376	-1.1533687841881268	0.07145705233715605	0.08164137133809724	0.00255468452279195	-0.0031239806949430182
0.0003383648195871558	-0.0086156839057141	-0.011616284743516614	-0.08841479013914522	-0.012296361868993078	0.009059239652738915	-0.0006281948546400518	-0.07739116616835418
-0.0002857291759876812	-0.011236878687128415	-0.017108311904575402	-0.056086721168365994	-0.012046724270763143	0.0033175748934497484	0.00018312733960756944	-0.05486137292810067
0.0004007742191451946	-0.012609885477393723	-0.015797714513868577	-0.04915927781748497	-0.01928621461943192	0.006625273069996496	-0.0004409666559672676	-0.05030548676040403
-0.0005977761737747667	-0.011673744484030912	-0.010742553149711842	-0.044728210448903294	-0.028710033952612735	-0.006418291437518819	-0.0010650606515421046	-0.06459723925906902
0.0004007742191451946	-0.020598288620751637	-0.026844178235543747	-0.036365350908200034	-0.018412483025627147	-0.0003645796804423451	-0.0003161478568525222	-0.038572519643596426
-0.0004729573746600213	-0.012110610280934075	-0.014611935922275832	-0.03911136448872954	-0.023218006791553503	0.008310326858048889	-0.0006906042541976465	-0.04331563400996541
-0.0007850043724473288	-0.018788416033584943	-0.014175070125373335	-0.03780076709802227	-0.022781140994651672	-0.0025489086649543857	-0.0006906042541976465	-0.05405005073385327
0.0007128212169322801	-0.016978543446417582	-0.016671446107672905	-0.03399379372501521	-0.02178259060173149	-5.253268265481559e-05	-0.0003161478568525222	-0.04812115777589221
-0.0007225949728901782	-0.02109756381721173	-0.019667097286432567	-0.03798799529669461	-0.02590161097252608	0.007249367065571555	-0.0007530136537550192	-0.05111680895465143
0.0005880024178170906	-0.019100463031372472	-0.01823168109661011	-0.036552579106872596	-0.027212208363233126	-0.002860955662741471	-0.0005033760555248623	-0.043939728005540024
-0.0007225949728901782	-0.018975644232257283	-0.017295540103247742	-0.0357412569126252	-0.02415414778491587	-0.004421190651678675	-0.000565785455082457	-0.04237949301660282
0.0007128212169322801	-0.0247797183911036	-0.014487117123161308	-0.03954823028563159	-0.11751860952291882	-0.07650404714057779	-0.003748664832514459	-0.12207629625151561
-0.0009098231715620742	-0.10928204539194275	-0.10173545770452952	-0.04179496866970123	-0.023342825590668692	-0.010225264810525214	-0.001189879450657294	-0.04681056038518472
0.00046318361870190117	-0.02727609437340317	-0.013925432527143844	-0.04391688825465612	-0.02452860418226077	0.0037544406903524674	-0.0005033760555248623	-0.03445349927280206
0.0002135460204726325	-0.03526449751676175	-0.007871720770066926	-0.04410411645332846	-0.026712933166773256	-0.0025489086649543857	-0.0011274700510996993	-0.0398207076347461
-0.0004729573746600213	-0.036013410311451555	-0.006685942178475068	-0.04248147206483388	-0.028023530557480303	-0.0010510830755747769	-0.000565785455082457	-0.03264362668563492
0.0006504118173746853	-0.03682473250569873	-0.007122807975377343	-0.04329279425908128	-0.028522805753940395	-0.008228164024685958	-0.0008154230533126139	-0.023531854350241632
-0.0006601855733323614	-0.036699913706583986	-0.0030661970041405695	-0.049408915415714905	-0.038258672084908296	-0.015218016775124354	-0.0008778324528702086	0.0009326302762935335
0.0005255930182594959	-0.038384967494635935	0.008666770112667033	-0.04959614361438747	-0.042252873656587475	-0.014781150978221858	-0.0009402418524269152	0.007485617229829877
-0.0005977761737747667	-0.03713677950348648	0.00698171632461464	-0.05015782821040493	-0.047994538415876864	-0.01584211077069919	-0.0010650606515421046	0.013851375984693437
0.0005880024178170906	-0.03732400770215882	-0.004501613193962584	-0.05658599636482631	-0.05392343137383793	-0.011535862201232039	-0.0011274700510996993	-0.00699336346750723
-0.0006601855733323614	-0.04606132364020721	0.0001790917728490271	-0.0341186125241304	-0.04918031700746894	-0.01546765437335429	-0.0013146982497720394	-0.016229954602015262
-0.0009098231715620742	-0.1517828464905926	-0.12463970734212793	-0.005035832330340995	-0.169568048753864	-0.12299904981090659	-0.005246490421894068	-0.11970473906833123
0.0004007742191451946	-0.04674782703533964	-0.006997989176262154	-0.001166449557777005	-0.06971300946188275	-0.04299019957820627	-0.0015643358480021963	-0.009989014646266448
-0.0002857291759876812	-0.04862010902206415	-0.0053753447877677996	-0.00047994616264412926	-0.05779281414640236	-0.045236937962276125	-0.0008154230533126139	-0.028899062712185675
0.00046318361870190117	-0.04206712206852803	-0.009681593357234064	-0.0009168119595464042	-0.06746627107781267	-0.05516003249191681	-0.0013771076493296341	-0.0717743202081802
-0.000972232571120113	-0.05111648500436394	-0.008433405366084612	-0.0010416307586615936	-0.054048250172953116	-0.06770432180297203	-0.0010650606515421046	-0.0963012142342734
0.0005880024178170906	-0.04824565262471947	-8.136425823757065e-06	-0.0006047649617593187	-0.0647202574972836	-0.10446345814233271	-0.0008154230533126139	-0.12557122262673492
-0.000535366774217616	-0.03894665209065362	-0.0051881165890954595	-0.00023030856441419445	-0.0628479755105591	-0.11731979445117524	-0.0006906042541976465	-0.16563805714264257
0.0007752306164894307	-0.03214402753888734	-0.0028789688054677853	-0.0006047649617593187	-0.075766721218959	-0.14247078247284306	-0.0009402418524269152	-0.19428397153952992
0.0005880024178170906	-0.041817484470298094	0.023332979008677368	-0.0003551273635293839	-0.07957369459196606	-0.12549542579320638	-0.0008154230533126139	-0.23154238307535047
-0.00034813857554527594	-0.031831980541099814	0.012536152885231466	-0.00016789916485682177	-0.06278556611100128	-0.1103299417007364	-0.0005033760555248623	-0.24364980658950297
0.0005255930182594959	-0.03326739673092205	-0.03189933959970026	-0.0006671743613169134	-0.05005404860127349	-0.08062306751137216	-0.0013146982497720394	-0.17412573548246102
-0.000535366774217616	-0.03389149072649689	-0.08245095324126583	-0.0007295837608740641	-0.02028476501235188	-0.050728965123335135	-0.0010650606515421046	-0.111217060728513
0.0005880024178170906	-0.035701363313664025	-0.11078482064036543	-0.0009792213591039989	-0.012358771268550672	-0.054598347895899346	-0.0015019264484450456	-0.10528816777055128
-0.0006601855733323614	-0.036325457309239084	-0.09780366553240794	-0.0011040401582189663	-0.025215107577393647	-0.06071446905253364	-0.0013771076493296341	-0.12201388685195802
0.0005880024178170906	-0.023531530399954148	-0.06297922057932936	-0.0002927179639717892	-0.039194813078270885	-0.07163611397509384	-0.0008154230533126139	-0.12862928320505196
-0.00034813857554527594	-0.028337054165880504	-0.06135657619083479	-0.00041753676308653453	-0.03906999427915592	-0.06264916043881552	-0.0009402418524269152	-0.1370545521453128
-0.0006601855733323614	-0.026527181578713144	-0.07826952347091409	-0.0007919931604312147	-0.031892913330044736	-0.041429964589269064	-0.0012522888502148888	-0.11396307430904229
0.0005255930182594959	-0.03339221553003702	-0.08107794645100097	-0.0007295837608740641	-0.028085939957037898	-0.02383051391405777	-0.0013771076493296341	-0.09424170404887589
-0.00041054797510287067	-0.02671440977738615	-0.0644770461687092	-0.00041753676308653453	-0.033702785917211875	-0.025453158302552348	-0.0008154230533126139	-0.08862485808870191
0.00027595542003000517	-0.021284792015884513	-0.046815186093939865	-0.001977771752024182	-0.04337624284862285	-0.040556232995464514	-0.001626745247559347	-0.07757839436702652
-0.0007225949728901782	-0.026652000377828333	-0.0470648236921698	-0.0012288589573337116	-0.045186115435789764	-0.03369119904414064	-0.0009402418524269152	-0.07870176355906122
0.0006504118173746853	-0.02234575180836207	-0.04850023988199226	-0.0007919931604312147	-0.0567942637534824	-0.01016285541096762	-0.0010650606515421046	-0.057544977109073026
-0.000535366774217616	-0.03557654451454928	-0.0470648236921698	-0.0025394563480412025	-0.06334725070701896	0.002943118496104846	-0.001626745247559347	-0.06765529983738605
0.0003383648195871558	-0.04949384061586892	-0.02272515786474938	-0.0029139127453865488	-0.07189733844639457	0.007436595264244117	-0.0012522888502148888	-0.057732205307745144
0.0005880024178170906	-0.043190491260562736	-0.015111211118735701	-0.001603315354678836	-0.06865204966940541	-0.012784050192382379	-0.0012522888502148888	-0.048058748376334615
-0.0010346419706777077	-0.04993070641277142	-0.024410211652801328	-0.002040181151581777	-0.05629498855702253	-0.01553006377291144	-0.001813973446232131	-0.058730755700665105
0.0007128212169322801	-0.05036757220967414	-0.033958849785097334	-0.0018529529529089928	-0.0478073102172043	-0.019149808947246383	-0.0015019264484450456	-0.05423727893252561
-0.0010346419706777077	-0.04762155862914441	-0.03464535318022954	-0.0021025905511384835	-0.045560571833134667	-0.027512668487949643	-0.002001201644904471	-0.05504860112677323
0.0005880024178170906	-0.049805887613656674	-0.029715010615187998	-0.0018529529529089928	-0.04999163920171634	-0.022582325922907875	-0.0017515640466749804	-0.054549325930313364
-0.0009098231715620742	-0.04506277324728725	-0.02122733227536977	-0.0022898187498112677	-0.04824417601410658	-0.028199171883081853	-0.0015019264484450456	-0.05074235255730675
0.0005255930182594959	-0.045374820245075	-0.030775970407665332	-0.0017281341537940254	-0.040193363471190846	-0.023393648117155053	-0.001189879450657294	-0.046560922786955006
-0.0005977761737747667	-0.05648369336630754	-0.047314461290399734	-0.0031011409440584448	-0.03532543030570667	-0.031382051260513855	-0.0019387922453468764	-0.044251775003327776
-0.0008474137720053676	-0.04081893407737813	-0.03901401114925385	-0.0023522281493688624	-0.035013383307919144	-0.02551556770210972	-0.0016891546471173857	-0.04531273479580511
0.0007752306164894307	-0.044001813454810135	-0.021664198072272267	-0.010590268890957377	-0.03669843709597109	-0.03019627266892133	-0.0009402418524269152	-0.03851011024403883
-0.0007225949728901782	-0.03919628968888356	-0.03595595057093681	-0.0016657247542364306	-0.0324545979260622	-0.030258682068478926	-0.001189879450657294	-0.038073244447136556
0.0005880024178170906	-0.03233125573755968	-0.05723755582004064	-0.006720886118392944	-0.027961121157923152	-0.02033558753883824	-0.001189879450657294	-0.02733882772324847
-0.0007225949728901782	-0.031145477145967604	-0.047813736486859826	-0.04142051227235655	-0.01997271801456435	-0.017339936360079244	-0.0008778324528702086	-0.030396888301565284
0.0007752306164894307	-0.03295534973313474	-0.021164922875812175	-0.043043156660851345	-0.02509028877827868	-0.02982181627157665	-0.0011274700510996993	-0.03264362668563492
-0.0008474137720053676	-0.029710060956145146	-0.01804445289793777	-0.029687545155548722	-0.020471993211024442	-0.01484356037777923	-0.0008154230533126139	-0.024780042341391306
0.0006504118173746853	-0.025029355989333535	0.045363497052470336	-1.2357491916040115	0.08094328106989446	0.07989390815048814	0.0024922751232343554	0.06515190242094948
0.0004007742191451946	-0.013109160673853149	-0.009494365158562168	-0.1566906732550375	-0.010174442284038854	-0.009351533216720442	-0.0007530136537550192	-0.011986115432106592
-0.0007225949728901782	-0.014482167464118012	-0.009744002756791659	-0.07649459482366505	-0.012483590067666084	-0.027512668487949643	-0.000565785455082457	-0.030958572897582748
0.0007128212169322801	-0.021222382616326918	-0.006186666982014977	-0.07275003085021581	-0.03201773212915948	-0.0061686538392884405	-0.0005033760555248623	-0.027526055921921033
-0.0008474137720053676	-0.02964765155658755	0.004173293344527762	-0.07212593685464097	-0.03669843709597109	-0.0007390360777872473	-0.0008154230533126139	-0.03301808308297982
0.0005255930182594959	-0.03070861134906533	0.007418582121517803	-0.0668835472918119	-0.038071443886235956	-0.0032354120600868175	-0.0004409666559672676	-0.03395422407634219
-0.00041054797510287067	-0.025591040585351	0.009540501706472249	-0.05602431176880884	-0.03126881933446968	-0.017651983357866774	-0.0008778324528702086	-0.03570168726395195
0.0004007742191451946	-0.026652000377828333	0.003798836947183082	-0.0576469561573032	-0.03626157129906882	0.006001179074421659	-0.0006281948546400518	-0.03064652589979522
-0.0004729573746600213	-0.03308016853224949	0.005483890735235031	-0.056773224563498426	-0.033203510720752005	-0.012097546797249947	-0.001189879450657294	-0.030272069502450316
-0.0006601855733323614	-0.02896114816145534	-0.0011315056178582417	-0.04803590862545026	-0.02533992637650795	-0.021708594329103104	-0.0006281948546400518	-0.04281635881350554
0.0004007742191451946	-0.026839228576500673	-0.0020052372116634576	-0.05159324440022739	-0.033702785917211875	-0.008602620422030638	-0.0011274700510996993	-0.03925902303872841
-0.0006601855733323614	-0.03220643693844494	0.03188306674805297	-0.0530286605900494	-0.04992922980215875	-0.01016285541096762	-0.0008154230533126139	-0.03501518386881952
0.0005255930182594959	-0.04612373303976436	0.03712545631088182	-0.0008544025599896976	-0.054547525369412986	-0.00866502982158801	-0.0012522888502148888	-0.05517341992588842
-0.0008474137720053676	-0.042004712668970434	0.06252608193077935	-0.0009168119595464042	-0.07501780842426897	-0.022831963521138032	-0.0008154230533126139	-0.04518791599669014
0.0006504118173746853	-0.04125579987428063	0.041494114279906125	-0.000542355562201724	-0.06347206950613349	-0.02127172853220083	-0.0012522888502148888	-0.044251775003327776
-0.0006601855733323614	-0.030895839547737447	0.012036877688771375	-0.0007295837608740641	-0.03956926947561579	-0.024891473706535105	-0.001189879450657294	-0.03145784809404262
0.0005880024178170906	-0.04194230326941284	-0.02572080904350904	-0.0009792213591039989	-0.031892913330044736	-0.030009044470249213	-0.0011274700510996993	-0.04537514419536248
0.0004007742191451946	-0.029210785759685276	-0.05037252186871677	-0.0011040401582189663	-0.03688566529464388	-0.018962580748574043	-0.0016891546471173857	-0.03395422407634219
-0.0007850043724473288	-0.026339953380040804	-0.024410211652801328	-0.0009792213591039989	-0.04262733005393282	-0.03300469564900843	-0.0013146982497720394	-0.0381980632462513
0.00046318361870190117	-0.03713677950348648	-0.018106862297495363	-0.001166449557777005	-0.044562021440214705	-0.024953883106092256	-0.0015643358480021963	-0.04400213740509762
-0.0006601855733323614	-0.04618614243932195	-0.0008818680196285289	-0.0012288589573337116	-0.06702940528091061	-0.010537311808312744	-0.0015019264484450456	-0.04543755359492008
0.0005880024178170906	-0.06334872731763164	0.03569004012105936	-0.0012288589573337116	-0.08019778858754067	-0.013345734788399621	-0.0013771076493296341	-0.051928131148898826
-0.0005977761737747667	-0.056546102765865136	0.029511509564868144	-0.001166449557777005	-0.08643872854328949	-0.002673727464069131	-0.0015019264484450456	-0.04943175516659948
0.0006504118173746853	-0.06078994193577447	0.012411334086116721	-0.0012288589573337116	-0.09923265545257487	-0.008415392223357854	-0.001626745247559347	-0.0535507755373934
-0.0007225949728901782	-0.07901348660656105	0.017404086050715417	-0.0007295837608740641	-0.04487406843800246	-0.03830949461139466	-0.0010650606515421046	-0.06228809147544223
-0.0005977761737747667	-0.04862010902206415	-0.07658446968286192	-0.0014160871560064958	-0.04013095407163325	-0.020522815737510802	-0.0016891546471173857	-0.053238728539606095
0.0002135460204726325	-0.06678124429329335	-0.08357432243330054	-0.001790543553351398	-0.03326592012030938	-0.011910318598577163	-0.002250839243134628	-0.03183230449138752
-0.0006601855733323614	-0.04144302807295275	-0.06173103258817947	-0.0012288589573337116	-0.032204960327832266	-0.061400972447665625	-0.0014395170488872289	-0.04081925802766562
0.0003383648195871558	-0.028087416567650347	-0.09861498772665489	-0.0016657247542364306	-0.01866212062385708	-0.05110342152068026	-0.0021260204440194386	-0.04880766117102442
-0.0007225949728901782	-0.05255190119418596	-0.0632288581775593	-0.0014784965555640905	-0.06178701571808176	-0.018962580748574043	-0.001189879450657294	-0.04681056038518472
0.0008376400160468034	-0.06565787510125864	-0.02122733227536977	-0.0009168119595464042	-0.05467234416852795	-0.04642271655386865	-0.0021260204440194386	-0.05498619172721564
-0.000972232571120113	-0.040506887079590825	-0.05411708584216601	-0.0016657247542364306	-0.07014987525878524	-0.0343152930397157	-0.0021260204440194386	-0.05585992332102063
0.0004007742191451946	-0.047871196227374346	-0.0015683714147609606	-0.0010416307586615936	-0.0607884653251618	-0.05384943510120954	-0.0014395170488872289	-0.05710811131217031
0.0007752306164894307	-0.03526449751676175	-0.07333918090587255	-0.0010416307586615936	-0.03763457808933368	-0.04299019957820627	-0.0014395170488872289	-0.043378043409523004
-0.0007225949728901782	-0.039820383684458394	-0.0691577511355208	-0.0016657247542364306	-0.05623257915746516	-0.035563481030865596	-0.0019387922453468764	-0.05086717135642149
0.0003383648195871558	-0.05841838475258987	-0.030775970407665332	-0.001603315354678836	-0.03557506790393661	-0.059403871661826146	-0.00187638284579017	-0.05149126535199633
-0.000535366774217616	-0.047996015026489314	-0.05474117983774107	-0.0012288589573337116	-0.03800903448667858	-0.059403871661826146	-0.001626745247559347	-0.0418178084205858
0.0005880024178170906	-0.052177444796841055	-0.0794553020625064	-0.0014784965555640905	-0.052550424583573285	-0.042054058584844345	-0.002001201644904471	-0.0418178084205858
-0.0007225949728901782	-0.06603233149860355	-0.060794891594817324	-0.0017281341537940254	-0.054547525369412986	-0.04717162934855845	-0.0021260204440194386	-0.05504860112677323
0.00046318361870190117	-0.05230226359595602	-0.07833193287047147	-0.002414637548926457	-0.04824417601410658	-0.045673803759178844	-0.0019387922453468764	-0.051928131148898826
-0.0006601855733323614	-0.0582935659534749	-0.07577314748861452	-0.0012912683568913064	-0.04312660525039269	-0.05347497870386464	-0.0016891546471173857	-0.048745251771466824
-0.0007225949728901782	-0.03626304790968171	-0.10641616267134135	-0.002414637548926457	-0.0446244308397723	-0.03063313846582405	-0.0021260204440194386	-0.05011825856173169
0.0005255930182594959	-0.05273912939285852	-0.06091971039393207	-0.0029763221449436994	-0.06715422408002558	-0.030882776064053985	-0.0021260204440194386	-0.05036789615996162
-0.0010346419706777077	-0.05398731738400819	-0.02260033906563419	-0.010839906489187312	-0.0647202574972836	-0.041242736390596946	-0.002250839243134628	-0.06341146066747672
0.0010248682147195876	0.06708691775751907	0.10234327884845751	-1.4532459490618583	0.06752526016503446	0.08070523034473531	0.0026795033219066955	-0.032393989087404984
-0.00034813857554527594	-0.04974347821409886	-0.011865922341746105	-0.21560514643730655	-0.056856673153040216	0.00450335348504205	-0.0013146982497720394	-0.04699778858385728
0.0005255930182594959	-0.056171646368520234	-0.01174110354263136	-0.13522183980726155	-0.0567942637534824	-0.021334137931758423	-0.0015643358480021963	-0.05504860112677323
-0.0007850043724473288	-0.04893215601985168	-0.010929781348384182	-0.11493878495107768	-0.07383202983267667	-0.005669378642828349	-0.0015019264484450456	-0.04568719119315001
0.0005880024178170906	-0.06016584794019941	0.04948251742326426	-0.11631179174134254	-0.09249244030036596	-0.008040935826013174	-0.0014395170488872289	-0.049057298769254354
0.0006504118173746853	-0.062162948726039335	0.05229094040335136	-0.05745972795863108	-0.09667387007071748	-0.01746475515919399	-0.001189879450657294	-0.056920883113497744
-0.0004729573746600213	-0.05623405576807783	0.04405289966176262	-0.0012288589573337116	-0.10478709201319125	-0.029072903476886847	-0.0013771076493296341	-0.06490928625685632
0.0005880024178170906	-0.05991621034196948	0.06115307514051471	-0.0011040401582189663	-0.11027911917425004	-0.03425288364015833	-0.0016891546471173857	-0.06778011863650102
-0.00041054797510287067	-0.06915280147647795	0.06115307514051471	-0.0009792213591039989	-0.10048084344372432	-0.03986972960033186	-0.0012522888502148888	-0.08144777713959095
0.0007128212169322801	-0.056546102765865136	0.007106535123729829	-0.0013536777564493452	-0.08425439955877767	-0.06214988524235565	-0.0016891546471173857	-0.07626779697631925
-0.00041054797510287067	-0.04088134347693573	-0.04850023988199226	-0.0012912683568913064	-0.048868270009681636	-0.04735885754723079	-0.001813973446232131	-0.06097749408473474
0.0006504118173746853	-0.05791910955613	-0.07215340231428025	-0.0022898187498112677	-0.038882766080483355	-0.03799744761360757	-0.0028125238391520924	-0.0555478763232331
-0.0010970513702348583	-0.07046339886718522	-0.045816635701020125	-0.0018529529529089928	-0.05485957236720029	-0.047546085745903355	-0.0023132486426922227	-0.0632242324688046
-0.0005977761737747667	-0.05436177378135332	-0.004127156796617681	-0.0014160871560064958	-0.07489298962515445	-0.053412569304307045	-0.0017515640466749804	-0.06946517242455341
0.0005880024178170906	-0.05710778736188282	-0.01692108370590306	-0.0011040401582189663	-0.08057224498488558	-0.048731864337495656	-0.001626745247559347	-0.06902830662765069
-0.0007850043724473288	-0.05929211634639464	-0.056987918221810485	-0.0016657247542364306	-0.06665494888356549	-0.044612843966701066	-0.002063611044462066	-0.0657830178506611
0.0007128212169322801	-0.06141403593134931	-0.07627242268507439	-0.0014160871560064958	-0.04830658541366417	-0.04267815258041918	-0.0021260204440194386	-0.05785702410686033
-0.0008474137720053676	-0.05648369336630754	-0.07627242268507439	-0.0018529529529089928	-0.04119191386411036	-0.04642271655386865	-0.0025628862409221576	-0.05954207789491228
8.8727221357221e-05	-0.052988766991088454	-0.061169347992162226	-0.002227409350253673	-0.05972750553268469	-0.04748367634634576	-0.0017515640466749804	-0.05848111810243495
-0.0007850043724473288	-0.04724710223179973	-0.04126074953332326	-0.0016657247542364306	-0.06415857290126636	-0.041242736390596946	-0.002001201644904471	-0.05785702410686033
0.0003383648195871558	-0.05124130380347869	-0.04887469627933694	-0.0012288589573337116	-0.05510920996543045	-0.03581311862909553	-0.0014395170488872289	-0.05567269512234829
0.0003383648195871558	-0.05342563278799095	-0.05692550882225289	-0.0015409059551216853	-0.04493647783756005	-0.035501071631308	-0.0019387922453468764	-0.05367559433650859
-0.0005977761737747667	-0.04905697481896665	-0.052182394455883685	-0.0012288589573337116	-0.04131673266322555	-0.03674925962245745	-0.001626745247559347	-0.050430305559518995
0.0005880024178170906	-0.042316759666757964	-0.04637832029703737	-0.001166449557777005	-0.04293937705172013	-0.040556232995464514	-0.0015643358480021963	-0.04999343976261672
-0.0009098231715620742	-0.04044447768003323	-0.04269616572314572	-0.0016657247542364306	-0.046184665828709504	-0.03905840740608468	-0.002001201644904471	-0.04706019798341443
0.00046318361870190117	-0.04275362546366024	-0.03920123934792641	-0.0012288589573337116	-0.04531093423490473	-0.03419047424060073	-0.0013146982497720394	-0.04581200999226498
-0.000535366774217616	-0.0433777194592353	-0.04019978974084615	-0.0010416307586615936	-0.037884215687563616	-0.02763748728706439	-0.0012522888502148888	-0.043877318605982873
0.0005880024178170906	-0.04256639726498812	-0.04176002472978335	-0.0010416307586615936	-0.03676084649552869	-0.02844880948131201	-0.0012522888502148888	-0.0418178084205858
-0.0007225949728901782	-0.03944592728711371	-0.03807787015589126	-0.0011040401582189663	-0.037384940491103746	-0.029072903476886847	-0.0015019264484450456	-0.04050721102987831
-0.000535366774217616	-0.033142577931807304	-0.04007497094173118	-0.0006671743613169134	-0.03326592012030938	-0.026701346293702244	-0.001002651251984954	-0.03701228465465922
0.0003383648195871558	-0.03432835652339916	-0.041198340133765665	-0.0011040401582189663	-0.030270268941549938	-0.024953883106092256	-0.0014395170488872289	-0.03676264705642929
-0.0009098231715620742	-0.03545172571543409	-0.03508221897713226	-0.0009168119595464042	-0.02908449034995808	-0.021895822527775444	-0.0013146982497720394	-0.03632578125952701
0.0006504118173746853	-0.03395390012605448	-0.028154775626250794	-0.000542355562201724	-0.030020631343320003	-0.021209319132643234	-0.0008778324528702086	-0.035202412067492084
-0.0007850043724473288	-0.030521383150392545	-0.02628249363952606	-0.0008544025599896976	-0.031206409934912305	-0.022707144722022843	-0.0011274700510996993	-0.03339253948032472
0.0005255930182594959	-0.027712960170305667	-0.027780319228906114	-0.0007919931604312147	-0.025277516976951242	-0.02083486273529811	-0.0010650606515421046	-0.030896163498025153
-0.0007850043724473288	-0.026652000377828333	-0.03090078920678052	-0.0006671743613169134	-0.02078404020881197	-0.0185257149516711	-0.0010650606515421046	-0.02952315670776051
0.0005255930182594959	-0.027588141371190922	-0.02940296361740047	-0.00047994616264412926	-0.020097536813679096	-0.01596692956981438	-0.0006906042541976465	-0.028711834513513113
0.0003383648195871558	-0.0267768191769433	-0.024472621052358923	-0.0006671743613169134	-0.023280416191111097	-0.01615415776848672	-0.0011274700510996993	-0.02883665331262808
-0.000535366774217616	-0.023968396196856423	-0.021601788672714672	-0.0002927179639717892	-0.023530053789341254	-0.01596692956981438	-0.000565785455082457	-0.027713284120593817
0.00046318361870190117	-0.023406711600838737	-0.022288292067846882	-0.0006047649617593187	-0.02196981880040405	-0.016403795366716434	-0.001002651251984954	-0.02733882772324847
-0.0007850043724473288	-0.023032255203494056	-0.02347407065943896	-0.000542355562201724	-0.01866212062385708	-0.01484356037777923	-0.0009402418524269152	-0.02384390134802894
0.0005880024178170906	-0.022907436404378867	-0.0251591244474918	-0.00041753676308653453	-0.01597851644288517	-0.01303368779061187	-0.000565785455082457	-0.023094988553339357
-0.0005977761737747667	-0.021534429614114003	-0.02478466805014623	-0.0003551273635293839	-0.016103335241999917	-0.012222365596365137	-0.0008154230533126139	-0.023032579153781763
0.0005880024178170906	-0.020161422823849584	-0.021664198072272267	-4.308036574163232e-05	-0.015728878844655236	-0.010911768205657868	-0.00037855725641011695	-0.021597162963959304
-0.000535366774217616	-0.019537328828274525	-0.017295540103247742	-0.0003551273635293839	-0.015416831846867485	-0.01097417760521524	-0.0008778324528702086	-0.02184680056218924
-0.0007850043724473288	-0.01810191263845251	-0.018481318694840487	-0.0002927179639717892	-0.013294912261913261	-0.009913217812737907	-0.0006281948546400518	-0.020536203171482414
0.0005255930182594959	-0.017727456241107165	-0.019854325485104907	-0.00023030856441419445	-0.011859496072091247	-0.009039486218933135	-0.0006906042541976465	-0.01916319638121733
-0.0004729573746600213	-0.016354449450842745	-0.01841890929528267	-4.308036574163232e-05	-0.010049623484923886	-0.008602620422030638	-0.0002537384572949275	-0.01797741778962525
0.0006504118173746853	-0.015979993053498065	-0.015610486315195793	-4.308036574163232e-05	-0.010299261083153599	-0.008352982823800259	-0.0004409666559672676	-0.017602961392280125
-0.0007225949728901782	-0.015480717857037973	-0.013051700933338628	-0.000105489765299005	-0.010736126880055874	-0.007791298227783239	-0.0004409666559672676	-0.01716609559537763
0.0006504118173746853	-0.014606986263233201	-0.012802063335108915	-0.00016789916485682177	-0.009487938888906422	-0.006231063238846257	-0.0004409666559672676	-0.016167545202458555
-0.0007225949728901782	-0.014294939265446116	-0.014050251326258145	-0.0014784965555640905	-0.007802885100854473	-0.005669378642828349	-0.0004409666559672676	-0.015418632407768085
0.0005255930182594959	-0.01360843587031324	-0.015111211118735701	-0.0019153623524665875	-0.005930603114129518	-0.004982875247695917	-0.00012891965818018214	-0.014045625617503221
0.0005255930182594959	-0.012422657278721161	-0.013675794928913687	-0.004786194732110394	-0.006180240712359675	-0.005107694046811551	-0.0005033760555248623	-0.014045625617503221
-0.0006601855733323614	-0.010550375291996428	-0.010118459154137005	-0.020326135221925723	-0.005119280919882341	-0.003734687256546243	-0.0002537384572949275	-0.012422981229008423
0.00046318361870190117	-0.00867809330527125	-0.007247626774492533	-0.04335520365863865	-0.00399591172784719	-0.0021120428680514447	-0.0004409666559672676	-0.010925155639628814
-0.0004729573746600213	-0.010675194091110951	-0.009619183957676913	-0.002040181151581777	-0.0058057843150147725	-0.003734687256546243	-4.100859065436779e-06	-0.012110934231221337
0.0005255930182594959	-0.010612784691554022	-0.010305687352809345	-0.00996617489538254	-0.005119280919882341	-0.0034226402587587135	0.0003703555382799095	-0.008865645454231741
-0.00034813857554527594	-0.007117858316334047	-0.007434854973164873	-0.04235665326571891	0.003368397419936109	0.0025062526992023493	-0.00019132905773777686	-0.005682766076799739
0.0004007742191451946	-0.0034357037424428416	-0.0036902909997154065	-0.16979664716211018	0.009297290377897616	0.00718695766601396	-6.651025862214333e-05	-0.00044037651397088595
-0.0007850043724473288	0.001681867021271266	0.004048474545413461	-0.1559417604603477	0.008922833980552491	0.007374185864686522	0.0004951743373946549	-3.510717068611058e-06
-0.0004729573746600213	-0.002686790947752371	-0.000445002222726254	-0.09128562251878969	0.0036180350181664878	0.0035672124916801273	0.00024553673916516416	-0.004372168686092914
0.0005255930182594959	-0.006743401918989589	-0.005437754187325394	-0.031871874140060985	-0.0013123075468755019	-0.0007390360777872473	-0.00019132905773777686	-0.008428779657329688
-0.0006601855733323614	-0.007679542912351955	-0.007372445573607278	-0.005535107526800864	-0.0028101331362551107	-0.0015503582720344244	-4.100859065436779e-06	-0.009552148849364173
0.0007128212169322801	-0.008053999309696858	-0.00755967377227984	-0.002227409350253673	-0.0024356767389104306	-0.001612767671591575	-4.100859065436779e-06	-0.009489739449807022
-0.0007225949728901782	-0.00774195231190955	-0.00774690197095218	-0.0025394563480412025	-0.0022484485402378684	-0.0017999958702643593	-0.0003161478568525222	-0.009801786447594552
0.00046318361870190117	-0.008053999309696858	-0.0076844925713945855	-0.0014784965555640905	-0.001936401542450339	-0.000801445477344398	0.00012071794004975267	-0.00880323605467459
-0.000535366774217616	-0.007679542912351955	-0.006561123379359657	-0.0014160871560064958	-0.002560495538025176	-0.001612767671591575	-0.0002537384572949275	-0.009676967648479362
0.00046318361870190117	-0.007679542912351955	-0.005937029383785264	-0.0011040401582189663	-0.0021860391406800517	-0.0009886736760171821	-6.651025862214333e-05	-0.00880323605467459
0.0006504118173746853	-0.006868220718104334	-0.005624982385997734	-0.0012288589573337116	-0.0018115827433351495	-0.0010510830755747769	5.8308540492602035e-05	-0.008740826655116996
-0.0008474137720053676	-0.0068058113185467395	-0.006249076381572571	-0.0019153623524665875	-0.0018115827433351495	-0.0012383112742466729	-0.0002537384572949275	-0.0086784172555594
0.0005880024178170906	-0.006680992519431994	-0.006186666982014977	-0.002040181151581777	-0.001499535745548064	-0.0010510830755747769	-0.00012891965818018214	-0.00817914205909931
-0.0007850043724473288	-0.006431354921202059	-0.006061848182899787	-0.002040181151581777	-0.0013747169464328746	-0.0010510830755747769	-0.0002537384572949275	-0.008865645454231741
0.0006504118173746853	-0.006493764320759654	-0.005312935388210205	-0.001790543553351398	-0.001499535745548064	-0.0008638548769019927	0.00018312733960756944	-0.007867095061312224
-0.00041054797510287067	-0.006431354921202059	-0.004938478990865303	-0.0012912683568913064	-0.002123629741122679	-0.0010510830755747769	-0.0002537384572949275	-0.008303960858214499
0.0004007742191451946	-0.006493764320759654	-0.006061848182899787	-0.0014784965555640905	-0.0009378511495308217	-0.0006766266782298747	0.00018312733960756944	-0.008241551458656904
-0.0005977761737747667	-0.00599448912429934	-0.006186666982014977	-0.0024770469484836077	-0.00168676394421996	-0.0011759018746895222	-0.00037855725641011695	-0.008303960858214499
-0.0005977761737747667	-0.006493764320759654	-0.005125707189537865	-0.0031635503436160395	-0.001062669948645567	-0.00023976088132715567	0.00012071794004975267	-0.007430229264409727
0.0005255930182594959	-0.006244126722529719	-0.005000888390422675	-0.0037876443391908765	-0.0016243545446632535	-0.0010510830755747769	-0.00019132905773777686	-0.0086784172555594
-0.0006601855733323614	-0.006431354921202059	-0.00506329778998027	-0.002851503345828954	-0.0019988109420079336	-0.00017735148176956095	-4.100859065436779e-06	-0.007804685661754629
0.0006504118173746853	-0.00630653612208687	-0.0053753447877677996	-0.0031011409440584448	-0.0013747169464328746	-0.0007390360777872473	-4.100859065436779e-06	-0.008116732659542603
-0.0007850043724473288	-0.006056898523857157	-0.005874619984227669	-0.0029763221449436994	-0.0011250793482031618	-0.0009886736760171821	0.00024553673916516416	-0.00699336346750723
0.0007128212169322801	-0.006493764320759654	-0.0053753447877677996	-0.0027266845467137646	-0.0015619451451056587	-0.0011759018746895222	-0.0003161478568525222	-0.007929504460869818
-0.0008474137720053676	-0.006431354921202059	-0.0055625729864396956	-0.0036004161405185364	-0.0019988109420079336	-0.0006766266782298747	-0.00012891965818018214	-0.0074926386639673215
0.0006504118173746853	-0.00599448912429934	-0.004688841392635368	-0.003974872537863661	-0.0011250793482031618	-0.0005518078791146852	0.00012071794004975267	-0.008553598456444433
0.0003383648195871558	-0.0061817173229721245	-0.004876069591307708	-0.00565992632591561	-0.0016243545446632535	-0.0011134924751314834	-0.00037855725641011695	-0.008553598456444433
-0.0006601855733323614	-0.005932079724741968	-0.0045640225935206225	-0.004661375932996092	-0.0009378511495308217	-0.00017735148176956095	-4.100859065436779e-06	-0.0070557728670648245
0.0009000494156050642	-0.005620032726954882	-0.0045640225935206225	-0.0021025905511384835	-0.0007506229508584816	-5.253268265481559e-05	0.0003079461387223148	-0.00661890707016255
-0.0010346419706777077	-0.006056898523857157	-0.005624982385997734	-0.003662825540076131	-0.0014371263459904693	-0.0009886736760171821	-0.0004409666559672676	-0.007929504460869818
0.0007752306164894307	-0.006056898523857157	-0.00525052598865261	-0.0014160871560064958	-0.0012498981473179072	-0.00042698907999949576	0.00012071794004975267	-0.007367819864852132
-0.000535366774217616	-0.006119307923414752	-0.004938478990865303	-0.0007919931604312147	-0.0015619451451056587	-0.0006142172786716138	-0.0004409666559672676	-0.007991913860426969
0.00027595542003000517	-0.00630653612208687	-0.0053753447877677996	0.0002065572324878584	-0.00037616655351269124	0.00019710491557534127	0.00043276493783706016	-0.006743725869276851
-0.00034813857554527594	-0.005495213927839693	-0.004876069591307708	-0.000105489765299005	-0.0013123075468755019	-0.000801445477344398	-0.00037855725641011695	-0.0076798668626392175
-0.0005977761737747667	-0.005432804528282542	-0.004127156796617681	0.0003937854311606426	-0.0008130323504151882	-0.00011494208221196622	5.8308540492602035e-05	-0.00680613526883489
0.0006504118173746853	-0.0053703951287251694	-0.004127156796617681	0.00033137603160304785	-0.0008130323504151882	-5.253268265481559e-05	5.8308540492602035e-05	-0.00699336346750723
-0.0005977761737747667	-0.0053703951287251694	-0.004251975595732871	0.0002065572324878584	-0.0006258041517430701	9.876716902779137e-06	-6.651025862214333e-05	-0.006681316469719256
0.0005880024178170906	-0.005307985729166909	-0.0047512507921929625	0.00033137603160304785	-0.0010002605490879724	0.0005715613129204655	-4.100859065436779e-06	-0.00699336346750723
-0.0004729573746600213	-0.004621482334034921	-0.004064747397060531	0.000518604230275832	0.0009344308371943555	0.000259514315132936	-0.00019132905773777686	-0.0076798668626392175
0.00046318361870190117	-0.0053703951287251694	-0.004064747397060531	0.00014414783293026368	-0.00043857595307117414	0.001320474107610048	-6.651025862214333e-05	-0.004809034482995411
-0.0006601855733323614	-0.0051207575304947905	-0.003627881600158256	0.0002689666320454531	-1.7101561680110677e-06	0.00038433311424768135	-0.00019132905773777686	-0.006244450672817425
0.0005880024178170906	-0.0043094353362476134	-0.003627881600158256	0.0004561948307177932	0.00043515564073448587	0.0012580647080524532	0.00024553673916516416	-0.005058672081224902
0.0004007742191451946	-0.004683891733592516	-0.003939928597945341	0.00014414783293026368	0.0005599744398487871	0.000696380112035655	-0.0002537384572949275	-0.005932403675030118
-0.00041054797510287067	-0.003934978938902489	-0.003191015803255759	0.0004561948307177932	0.0014337060336544472	0.0010708365093805572	0.00024553673916516416	-0.005932403675030118
0.0005880024178170906	-0.004371844735805208	-0.0031286064036981642	1.9329033815962404e-05	0.0009968402367519502	0.0008211989111499562	-6.651025862214333e-05	-0.006057222474144863
-0.0006601855733323614	-0.004247025936690019	-0.003191015803255759	0.00014414783293026368	0.0005599744398487871	0.0013828835071676426	0.00012071794004975267	-0.0047466250834378165
