Sensor_1	Sensor_2	Sensor_3	Sensor_4	Sensor_5	Sensor_6	Sensor_7	Sensor_8
0.0006537587043773385	0.0005074258216259953	0.0007619533129552547	0.0003672336227666939	0.0007059159574369644	-0.0003507010122882903	-5.9816237920617965e-06	0.00019623919438416237
-0.000719248085887525	0.00056983522118359	0.0006995439133981041	0.00042964302232384455	0.0008307347565521539	-0.00016347281361550614	-5.9816237920617965e-06	0.00025864859394153505
0.0007785775034920839	0.0006322446207407406	0.0008243627125124053	0.0005544618214394781	0.001017962955224938	-0.00022588221317310087	-0.0002556192220215525	-5.3398403846216524e-05
-0.0008440668850027144	0.00025778822339606045	0.0003874969156103525	-6.963217413558098e-05	0.0007683253569945592	-0.0003507010122882903	-5.9816237920617965e-06	0.0001338297948263456
0.0006537587043773385	0.0005074258216259953	0.0006995439133981041	0.00042964302232384455	0.0010803723547818667	-0.0003507010122882903	0.00024365597443853915	0.0003210579934991298
-0.0005320198872149628	0.0005074258216259953	0.0003874969156103525	0.00024241482365150446	0.000581097158321775	-0.0009747950078631273	-0.00019320982246440188	-0.00036544540163374606
-0.0004696104876573681	0.00025778822339606045	0.0006371345138396212	0.00042964302232384455	0.001017962955224938	-0.0008499762087479379	0.00011883717532312765	7.142039526897292e-05
0.00046653050570455434	7.056002472349832e-05	0.00044990631516772517	0.00024241482365150446	0.0008931441561093045	-0.0012868420056499907	-0.00019320982246440188	-0.0004902642007480473
-0.0005320198872149628	0.0003826070225108058	0.0009491815116275948	0.0004920524218818834	0.0013300099530122456	-0.0007251574096331925	0.00024365597443853915	0.0001338297948263456
0.0005913493048197438	7.056002472349832e-05	0.0005123157147253199	0.0003672336227666939	0.0007059159574369644	-0.001037204407420722	-0.00013080042290680716	9.0109957113782e-06
-0.000719248085887525	0.00019537882383846572	0.0005123157147253199	0.00024241482365150446	0.0003314595600925063	-0.0007251574096331925	0.0003060653739956898	0.00044587679261343105
0.0008409869030494566	0.0004450164220688446	0.0008243627125124053	0.0006792806205540014	1.9412562304976788e-05	-0.0006627480100758198	-0.00013080042290680716	-5.3398403846216524e-05
-0.0007816574854446756	-5.4258774391247044e-05	0.00026267811649560713	0.0003672336227666939	0.00014423136141972215	-0.000600338610517559	-6.839102334876834e-05	9.0109957113782e-06
0.0007161681039349332	0.000132969424280871	0.0005747251142829146	0.00042964302232384455	0.00045627835920747373	-0.00041311041184544095	0.00011883717532312765	0.0003210579934991298
0.00046653050570455434	-0.0001790775735064365	0.0002002687169380124	0.00011759602453631501	-0.0002302250359254021	-0.0009747950078631273	-0.00019320982246440188	-0.0002406266025185566
-0.0005944292867721135	0.00025778822339606045	0.0005123157147253199	0.0003048242232090992	-0.00016781563636780739	-0.00041311041184544095	-5.9816237920617965e-06	0.0003210579934991298
0.0005289399052621491	0.000132969424280871	0.0005123157147253199	0.0003672336227666939	-0.00047986263415489283	-0.00041311041184544095	-0.00013080042290680716	0.0003210579934991298
-0.00034479168854262277	0.0006946540202983353	0.0010115909111851895	0.0006792806205540014	0.00014423136141972215	0.00021098358372939607	0.0003684747735532845	7.142039526897292e-05
0.00046653050570455434	8.15062516634768e-06	0.0002002687169380124	0.00011759602453631501	-0.0007919096319422003	-0.0006627480100758198	5.642777576597702e-05	0.00069551439084381
-0.0005944292867721135	0.0004450164220688446	0.0006371345138396212	0.0003672336227666939	-0.0002302250359254021	-0.00010106341405791142	5.642777576597702e-05	0.0005706955917286205
0.0007785775034920839	0.0003826070225108058	0.0006371345138396212	0.0003672336227666939	-0.0002302250359254021	2.3755385056833944e-05	0.00011883717532312765	0.0006331049912862152
-0.0005944292867721135	0.0004450164220688446	0.0003250875160523137	0.00024241482365150446	-0.0007295002323854938	-0.0003507010122882903	-0.0002556192220215525	0.00025864859394153505
-0.0004072010881002175	0.0006946540202983353	0.0008867721120700001	0.0006168712209964067	-4.2996837252617937e-05	0.00033580238284414143	0.0003684747735532845	0.0010075613886311174
0.00046653050570455434	0.000132969424280871	0.0003874969156103525	0.00011759602453631501	-0.0006046814332700823	-0.0004755198114030357	-0.00019320982246440188	0.0001338297948263456
-0.0005320198872149628	0.0006322446207407406	0.0009491815116275948	0.0004920524218818834	0.00014423136141972215	-3.865401450076078e-05	5.642777576597702e-05	0.0008827425895165941
0.0006537587043773385	0.0003826070225108058	0.0009491815116275948	0.0004920524218818834	0.0003314595600925063	-0.0005379292109606304	5.642777576597702e-05	0.0006331049912862152
-0.0004072010881002175	0.0006322446207407406	0.0011364097102999349	0.0006168712209964067	0.0007059159574369644	-0.0004755198114030357	-0.0002556192220215525	-5.3398403846216524e-05
0.00046653050570455434	0.00025778822339606045	0.0006995439133981041	0.00018000542409390974	0.0007059159574369644	-0.0005379292109606304	0.00024365597443853915	0.0006331049912862152
-0.0005944292867721135	0.0005074258216259953	0.0011364097102999349	0.0004920524218818834	0.0006435065578793697	-0.0006627480100758198	0.00011883717532312765	0.00044587679261343105
0.0007785775034920839	0.0005074258216259953	0.0008867721120700001	0.00018000542409390974	0.000581097158321775	-0.0009123856083055326	-6.839102334876834e-05	0.0003210579934991298
0.0005913493048197438	0.0005074258216259953	0.0010115909111851895	0.00042964302232384455	0.0006435065578793697	-0.0008499762087479379	-5.9816237920617965e-06	0.0003210579934991298
-0.0004696104876573681	0.0006322446207407406	0.001323637908972497	0.0004920524218818834	0.0012051911538975002	-0.000600338610517559	0.00018124657488094442	0.0005706955917286205
0.0004041211061478478	0.000132969424280871	0.0007619533129552547	0.00011759602453631501	0.0007059159574369644	-0.0014116608047654022	-0.00019320982246440188	-0.0002406266025185566
-0.0005944292867721135	0.0005074258216259953	0.0011364097102999349	0.0003672336227666939	0.0010803723547818667	-0.0009123856083055326	5.642777576597702e-05	0.00019623919438416237
0.0006537587043773385	0.0004450164220688446	0.0011364097102999349	0.00042964302232384455	0.0008931441561093045	-0.001037204407420722	-0.00013080042290680716	0.00019623919438416237
-0.0007816574854446756	0.0003201976229532111	0.0010740003107427842	0.00024241482365150446	0.0006435065578793697	-0.0010996138069774286	5.642777576597702e-05	0.00025864859394153505
0.0006537587043773385	0.0005074258216259953	0.0011988191098575296	0.0003672336227666939	0.0006435065578793697	-0.0007875668091903432	-5.9816237920617965e-06	0.0005082861921710258
-0.0005944292867721135	0.0005074258216259953	0.0010740003107427842	0.00042964302232384455	0.0006435065578793697	-0.0009747950078631273	5.642777576597702e-05	0.0003210579934991298
-0.0006568386863297082	0.0004450164220688446	0.0010115909111851895	0.00018000542409390974	0.000393868959649879	-0.0007875668091903432	-5.9816237920617965e-06	0.0003834673930567245
0.0005913493048197438	0.00056983522118359	0.0009491815116275948	0.00042964302232384455	1.9412562304976788e-05	-0.00041311041184544095	-6.839102334876834e-05	0.00044587679261343105
-0.0004696104876573681	0.00056983522118359	0.0010740003107427842	0.0004920524218818834	0.0003314595600925063	8.616478461442867e-05	0.00018124657488094442	0.0008203331899589994
0.0004041211061478478	0.000132969424280871	0.0005123157147253199	5.518662497960847e-05	-0.00047986263415489283	-0.0009123856083055326	-0.0002556192220215525	0.0003834673930567245
-0.000719248085887525	0.0003201976229532111	0.0007619533129552547	0.0003048242232090992	-0.00010540623681021266	-0.0007875668091903432	0.00018124657488094442	0.0003210579934991298
0.0008409869030494566	0.0003826070225108058	0.0011988191098575296	0.0006168712209964067	0.00020664076097731687	-0.0013492514052078075	-5.9816237920617965e-06	0.00025864859394153505
-0.0005944292867721135	0.0003201976229532111	0.0010115909111851895	0.0003048242232090992	-0.00047986263415489283	-0.0010996138069774286	-0.00013080042290680716	0.00025864859394153505
0.0005913493048197438	0.0003826070225108058	0.0008867721120700001	0.0003048242232090992	-0.0009167284310578339	-3.865401450076078e-05	-6.839102334876834e-05	0.0007579237904009606
0.0007161681039349332	0.00056983522118359	0.0007619533129552547	0.0003672336227666939	-0.0007919096319422003	0.0004606211819593309	5.642777576597702e-05	0.0007579237904009606
-0.0006568386863297082	0.0005074258216259953	0.00026267811649560713	0.00024241482365150446	-0.0007919096319422003	0.0007726681797468604	5.642777576597702e-05	0.00069551439084381
0.0005289399052621491	0.0006322446207407406	-0.00017418768040711186	0.00042964302232384455	-0.0013535942279598867	0.0013343527757641027	-0.00013080042290680716	0.0007579237904009606
-0.0005320198872149628	0.0007570634198559301	0.0001378593173799736	0.0005544618214394781	-0.0012287754288449193	0.00214567497001128	0.00018124657488094442	7.142039526897292e-05
0.000341711706589809	-0.00011666817394884177	-0.0006110534773091647	-7.222774577986257e-06	-0.0011663660292873246	0.0004606211819593309	0.0003060653739956898	9.0109957113782e-06
-0.0004072010881002175	0.00019537882383846572	0.0003250875160523137	0.0004920524218818834	0.0015796475512417363	-0.0018485266016678992	-6.839102334876834e-05	-0.0008023111985357989
0.0006537587043773385	-0.00011666817394884177	0.0003874969156103525	0.00042964302232384455	0.0017044663503569257	-0.0019733454007826445	0.00018124657488094442	-0.00036544540163374606
-0.0004696104876573681	-0.0001790775735064365	0.0008243627125124053	0.0003048242232090992	0.0008307347565521539	-0.002285392398569952	-6.839102334876834e-05	-0.0005526736003065302
-0.0005944292867721135	0.00019537882383846572	0.0008243627125124053	0.0003672336227666939	0.0008307347565521539	-0.0017237078025527097	5.642777576597702e-05	9.0109957113782e-06
0.0005913493048197438	7.056002472349832e-05	0.0007619533129552547	0.00042964302232384455	0.0010803723547818667	-0.0015988890034375203	-5.9816237920617965e-06	-0.00030303600207615133
-0.0006568386863297082	0.00025778822339606045	0.0005747251142829146	0.00024241482365150446	0.0013300099530122456	-0.001037204407420722	-5.9816237920617965e-06	-0.00030303600207615133
0.0005289399052621491	0.0003201976229532111	0.00026267811649560713	0.0003672336227666939	0.0008931441561093045	-0.00041311041184544095	-0.00019320982246440188	0.00069551439084381
-0.00034479168854262277	0.0007570634198559301	0.0006371345138396212	0.0007416900201120402	0.0013300099530122456	0.0008974869788616058	-0.00019320982246440188	9.0109957113782e-06
0.00046653050570455434	0.00025778822339606045	-4.9368881292366495e-05	0.00024241482365150446	0.0005186877587650685	8.616478461442867e-05	-5.9816237920617965e-06	0.0003210579934991298
-0.0006568386863297082	0.0004450164220688446	0.00026267811649560713	0.0006168712209964067	0.0010803723547818667	-0.00041311041184544095	0.00018124657488094442	0.00019623919438416237
0.0007785775034920839	0.0004450164220688446	0.0006371345138396212	0.00018000542409390974	0.0012051911538975002	-0.0013492514052078075	-0.00019320982246440188	-0.00017821720296096188
0.0007161681039349332	0.000132969424280871	0.0010115909111851895	0.00042964302232384455	0.0015796475512417363	-0.001910936001225494	5.642777576597702e-05	-0.0004278548011908967
-0.0005320198872149628	0.0003826070225108058	0.0011988191098575296	0.0004920524218818834	0.001642056950799331	-0.0015988890034375203	-5.9816237920617965e-06	7.142039526897292e-05
0.0006537587043773385	0.0005074258216259953	0.001323637908972497	0.0004920524218818834	0.0013924193525693962	-0.0010996138069774286	0.00011883717532312765	0.00019623919438416237
-0.0007816574854446756	0.0003826070225108058	0.0008867721120700001	0.00018000542409390974	0.00045627835920747373	-0.0004755198114030357	-0.00019320982246440188	0.0008827425895165941
0.0006537587043773385	0.0007570634198559301	0.0007619533129552547	0.0005544618214394781	-4.2996837252617937e-05	0.0005854399810745203	0.0003060653739956898	0.0014444271855333923
-0.0004696104876573681	0.0010067010180856428	0.0008867721120700001	0.0006168712209964067	-0.00047986263415489283	0.0009598963784192005	-0.0002556192220215525	0.0005706955917286205
0.00046653050570455434	0.0005074258216259953	0.00026267811649560713	0.0003672336227666939	0.00014423136141972215	0.0011471245770917626	0.00024365597443853915	0.0010075613886311174
-0.0005320198872149628	0.0008818822189706754	0.0003874969156103525	0.0003672336227666939	-0.0002302250359254021	0.00039821178240173616	-0.00013080042290680716	0.00044587679261343105
-0.0004696104876573681	0.0008194728194130807	0.0010740003107427842	0.0005544618214394781	0.00045627835920747373	0.0005230305815169256	0.00024365597443853915	0.0010075613886311174
0.000341711706589809	0.00025778822339606045	0.0005123157147253199	5.518662497960847e-05	-0.00047986263415489283	-0.0007875668091903432	-0.0004428474206938926	0.0001338297948263456
-0.0005320198872149628	0.0008194728194130807	0.0011364097102999349	0.00042964302232384455	0.00020664076097731687	-0.00041311041184544095	5.642777576597702e-05	0.0008827425895165941
0.0007161681039349332	0.0007570634198559301	0.0013860473085303138	0.0006168712209964067	0.0005186877587650685	-0.0005379292109606304	0.00024365597443853915	7.142039526897292e-05
-0.0008440668850027144	0.000132969424280871	0.0006995439133981041	-6.963217413558098e-05	0.00014423136141972215	-0.001037204407420722	5.642777576597702e-05	0.0003210579934991298
0.0007785775034920839	0.0005074258216259953	0.0009491815116275948	0.0004920524218818834	0.00045627835920747373	-0.00016347281361550614	-5.9816237920617965e-06	0.00044587679261343105
-0.0006568386863297082	0.0005074258216259953	0.0005747251142829146	0.0004920524218818834	0.00020664076097731687	0.00014857418417180135	0.00011883717532312765	0.0003834673930567245
0.0007161681039349332	0.0003826070225108058	0.0001378593173799736	0.00024241482365150446	-0.00029263443548255275	0.0002733929832869908	-6.839102334876834e-05	0.0003834673930567245
0.0005289399052621491	0.00019537882383846572	7.544991782282295e-05	0.0003672336227666939	-0.0004174532345981863	2.3755385056833944e-05	-0.00019320982246440188	0.0001338297948263456
-0.0004072010881002175	0.0004450164220688446	0.0005123157147253199	0.0005544618214394781	0.000581097158321775	0.0002733929832869908	0.00024365597443853915	0.0005082861921710258
0.00046653050570455434	-5.4258774391247044e-05	0.0002002687169380124	0.00024241482365150446	0.0003314595600925063	-0.0009123856083055326	-0.00019320982246440188	-0.00030303600207615133
-0.0005944292867721135	0.0003826070225108058	0.0005747251142829146	0.0003672336227666939	0.0008931441561093045	-0.0009123856083055326	-5.9816237920617965e-06	9.0109957113782e-06
0.0008409869030494566	0.0003826070225108058	0.0008243627125124053	0.0006792806205540014	0.0010803723547818667	-0.0009123856083055326	-5.9816237920617965e-06	-0.00011580780340336716
-0.0007816574854446756	7.056002472349832e-05	0.0005123157147253199	0.00018000542409390974	0.00014423136141972215	-0.0009123856083055326	-0.00019320982246440188	-0.00017821720296096188
0.0005289399052621491	8.15062516634768e-06	0.0002002687169380124	0.0005544618214394781	0.000581097158321775	-0.00022588221317310087	0.00024365597443853915	0.0003834673930567245
-0.0005320198872149628	0.0003201976229532111	-4.9368881292366495e-05	0.00018000542409390974	-4.2996837252617937e-05	-0.0004755198114030357	-0.00019320982246440188	-0.00030303600207615133
-0.0004696104876573681	0.0003826070225108058	0.00026267811649560713	0.0006168712209964067	0.0006435065578793697	0.00014857418417180135	0.00024365597443853915	0.0003834673930567245
0.0006537587043773385	0.000132969424280871	0.00026267811649560713	0.00042964302232384455	0.0007059159574369644	-0.00010106341405791142	-5.9816237920617965e-06	-5.3398403846216524e-05
-0.000719248085887525	0.000132969424280871	7.544991782282295e-05	0.00018000542409390974	0.0003314595600925063	-0.00016347281361550614	-6.839102334876834e-05	9.0109957113782e-06
0.0005289399052621491	8.15062516634768e-06	0.0002002687169380124	0.00024241482365150446	0.00020664076097731687	-0.00041311041184544095	-0.00019320982246440188	0.0003210579934991298
-0.0005944292867721135	0.0004450164220688446	0.00044990631516772517	0.0003048242232090992	0.00020664076097731687	-0.00016347281361550614	0.00024365597443853915	0.0003834673930567245
0.0007161681039349332	0.0005074258216259953	0.0007619533129552547	0.0006168712209964067	0.00045627835920747373	-0.000600338610517559	-0.00013080042290680716	0.0001338297948263456
-0.0005944292867721135	0.00025778822339606045	0.00044990631516772517	0.00042964302232384455	0.000581097158321775	-0.0007251574096331925	-6.839102334876834e-05	-5.3398403846216524e-05
0.0005913493048197438	0.0003201976229532111	0.0010115909111851895	0.0006792806205540014	0.0011427817543394614	-0.00010106341405791142	0.0003060653739956898	0.0005082861921710258
0.0004041211061478478	7.056002472349832e-05	0.00026267811649560713	0.00011759602453631501	0.00014423136141972215	-0.0004755198114030357	-0.00031802862157914724	-0.00011580780340336716
-0.0006568386863297082	0.0004450164220688446	0.0005747251142829146	0.0003048242232090992	0.0003314595600925063	0.00021098358372939607	5.642777576597702e-05	0.0005082861921710258
0.0009033963026077174	0.0008194728194130807	0.0007619533129552547	0.0007416900201120402	0.00045627835920747373	0.0005230305815169256	0.0003060653739956898	0.0007579237904009606
-0.0007816574854446756	0.0003826070225108058	0.00044990631516772517	0.00018000542409390974	0.00014423136141972215	2.3755385056833944e-05	-0.00019320982246440188	-5.3398403846216524e-05
0.00046653050570455434	0.0003201976229532111	0.00044990631516772517	0.00018000542409390974	0.00026905016053468955	-0.0004755198114030357	0.00018124657488094442	0.00069551439084381
-0.0004072010881002175	0.0008194728194130807	0.0010115909111851895	0.0005544618214394781	0.0010803723547818667	-0.0004755198114030357	0.00018124657488094442	0.00044587679261343105
0.0007161681039349332	0.0006946540202983353	0.0010740003107427842	0.00024241482365150446	0.0007059159574369644	-0.0007251574096331925	-0.00013080042290680716	0.00025864859394153505
-0.0006568386863297082	0.0005074258216259953	0.0008243627125124053	0.0003672336227666939	0.00045627835920747373	-0.0007251574096331925	-0.00019320982246440188	0.00019623919438416237
-0.0005944292867721135	0.0006322446207407406	0.0008243627125124053	0.0003672336227666939	0.0007059159574369644	-0.00041311041184544095	-5.9816237920617965e-06	0.0005082861921710258
0.0007161681039349332	0.0007570634198559301	0.0011364097102999349	0.0007416900201120402	0.0008931441561093045	-0.00016347281361550614	0.0003684747735532845	0.0006331049912862152
-0.0005944292867721135	0.0004450164220688446	0.0006995439133981041	0.00024241482365150446	0.0007059159574369644	-0.0003507010122882903	-5.9816237920617965e-06	0.0003834673930567245
0.0005289399052621491	0.0003201976229532111	0.00044990631516772517	0.00024241482365150446	0.0005186877587650685	-0.000600338610517559	-0.00019320982246440188	0.00069551439084381
-0.0004072010881002175	0.0007570634198559301	0.0010115909111851895	0.0006168712209964067	0.0010803723547818667	8.616478461442867e-05	-0.00013080042290680716	0.0001338297948263456
0.00046653050570455434	0.00025778822339606045	0.0005123157147253199	0.0003048242232090992	0.00020664076097731687	-0.00041311041184544095	-0.00019320982246440188	0.00025864859394153505
-0.0007816574854446756	0.00025778822339606045	0.00044990631516772517	0.0007416900201120402	0.0007059159574369644	2.3755385056833944e-05	0.0003684747735532845	0.0007579237904009606
0.0009033963026077174	0.0007570634198559301	0.0007619533129552547	0.00042964302232384455	0.00045627835920747373	-0.0002882916127302515	5.642777576597702e-05	0.00044587679261343105
0.00046653050570455434	7.056002472349832e-05	0.0005123157147253199	0.00011759602453631501	0.00026905016053468955	-0.001037204407420722	-0.00031802862157914724	-0.00017821720296096188
-0.0005320198872149628	0.0005074258216259953	0.0008243627125124053	0.0006168712209964067	0.0008307347565521539	-0.0002882916127302515	0.00018124657488094442	0.0005706955917286205
0.0006537587043773385	0.00025778822339606045	0.0006995439133981041	0.00042964302232384455	0.000581097158321775	-0.000600338610517559	-5.9816237920617965e-06	7.142039526897292e-05
-0.0007816574854446756	7.056002472349832e-05	0.0003874969156103525	0.00011759602453631501	8.182196186212742e-05	-0.0005379292109606304	-0.00013080042290680716	7.142039526897292e-05
0.0005289399052621491	0.000132969424280871	0.00026267811649560713	0.0003048242232090992	-4.2996837252617937e-05	-0.0004755198114030357	0.00011883717532312765	0.00044587679261343105
-0.0005320198872149628	0.0003201976229532111	0.0006371345138396212	0.0004920524218818834	-4.2996837252617937e-05	-0.0005379292109606304	-0.00019320982246440188	-5.3398403846216524e-05
0.0005913493048197438	7.056002472349832e-05	0.0003250875160523137	0.0003672336227666939	0.00045627835920747373	-0.0002882916127302515	-6.839102334876834e-05	0.00025864859394153505
-0.000719248085887525	0.0003201976229532111	0.0008867721120700001	0.0008040994196691909	0.0008931441561093045	-0.0002882916127302515	0.0003684747735532845	0.00025864859394153505
-0.0006568386863297082	0.000132969424280871	0.0003874969156103525	0.00018000542409390974	0.00045627835920747373	-0.0007875668091903432	-6.839102334876834e-05	-0.00011580780340336716
0.0005289399052621491	-5.4258774391247044e-05	0.0003250875160523137	0.00018000542409390974	0.00014423136141972215	-0.0010996138069774286	-0.0002556192220215525	-0.00036544540163374606
-0.0004072010881002175	0.0004450164220688446	0.0008243627125124053	0.0006168712209964067	0.0007683253569945592	-0.0003507010122882903	0.0003060653739956898	0.0003210579934991298
0.00046653050570455434	8.15062516634768e-06	0.0003250875160523137	0.00024241482365150446	0.0003314595600925063	-0.0011620232065354674	-0.00013080042290680716	-0.00036544540163374606
-0.000719248085887525	8.15062516634768e-06	0.00026267811649560713	0.00018000542409390974	0.0005186877587650685	-0.001037204407420722	5.642777576597702e-05	-0.00011580780340336716
0.0006537587043773385	0.00025778822339606045	0.0006371345138396212	0.0006168712209964067	0.0015172381516850297	-0.0007875668091903432	0.0003060653739956898	7.142039526897292e-05
-0.00034479168854262277	0.0005074258216259953	0.0009491815116275948	0.00011759602453631501	0.0007683253569945592	-0.0015364796038803696	-0.0002556192220215525	-0.0007399017989784262
0.00046653050570455434	-0.00011666817394884177	0.0002002687169380124	-7.222774577986257e-06	0.000581097158321775	-0.0012868420056499907	-0.00038043802113674197	-0.0005526736003065302
0.0010282151017222407	0.0006322446207407406	0.0011988191098575296	0.0009289182187839362	0.001454828752127435	-0.0005379292109606304	0.0005557029722256246	0.0003834673930567245
-0.000719248085887525	0.00019537882383846572	0.0005747251142829146	0.00018000542409390974	0.0008307347565521539	-0.0010996138069774286	-0.00013080042290680716	-0.0002406266025185566
0.0005289399052621491	0.0003201976229532111	0.0005747251142829146	0.00042964302232384455	0.0008307347565521539	-0.0010996138069774286	-6.839102334876834e-05	-0.0002406266025185566
-0.0004696104876573681	0.0003826070225108058	0.0008867721120700001	0.0005544618214394781	0.0013924193525693962	-0.0007251574096331925	0.00024365597443853915	-0.0005526736003065302
0.00046653050570455434	0.000132969424280871	0.00044990631516772517	0.00024241482365150446	0.0008931441561093045	-0.0014116608047654022	-5.9816237920617965e-06	-0.00011580780340336716
-0.0006568386863297082	0.0003201976229532111	0.0007619533129552547	0.00024241482365150446	0.0009555535556673433	-0.0007251574096331925	-6.839102334876834e-05	7.142039526897292e-05
0.0006537587043773385	0.0003826070225108058	0.0006995439133981041	0.00042964302232384455	0.0010803723547818667	-0.0005379292109606304	0.00018124657488094442	0.00025864859394153505
-0.0005320198872149628	0.0004450164220688446	0.0006371345138396212	0.0003048242232090992	0.0007059159574369644	-0.0008499762087479379	-6.839102334876834e-05	-5.3398403846216524e-05
-0.0006568386863297082	0.00025778822339606045	0.0006371345138396212	0.00018000542409390974	0.0008307347565521539	-0.0006627480100758198	-6.839102334876834e-05	0.0001338297948263456
0.0007161681039349332	0.00056983522118359	0.0008243627125124053	0.0004920524218818834	0.0008307347565521539	-0.0006627480100758198	-6.839102334876834e-05	0.0001338297948263456
-0.0004072010881002175	0.0007570634198559301	0.001323637908972497	0.0006792806205540014	0.001454828752127435	-0.00010106341405791142	0.0003684747735532845	0.00069551439084381
0.0005289399052621491	0.00025778822339606045	0.0006995439133981041	0.00024241482365150446	0.0005186877587650685	-0.0007251574096331925	-0.00019320982246440188	0.0005082861921710258
-0.000719248085887525	0.0005074258216259953	0.0008243627125124053	0.0003048242232090992	0.0005186877587650685	-0.00022588221317310087	0.0003060653739956898	0.00069551439084381
0.0008409869030494566	0.0006946540202983353	0.0011364097102999349	0.0006792806205540014	0.000393868959649879	-0.0003507010122882903	-0.00019320982246440188	0.0003834673930567245
-0.000719248085887525	0.0004450164220688446	0.0006995439133981041	0.0003048242232090992	0.000393868959649879	-0.0004755198114030357	-6.839102334876834e-05	0.0001338297948263456
0.0005913493048197438	0.0003826070225108058	0.0007619533129552547	0.00042964302232384455	0.000581097158321775	-0.0002882916127302515	-5.9816237920617965e-06	0.00044587679261343105
0.0007161681039349332	0.0006322446207407406	0.0010740003107427842	0.0005544618214394781	0.0008931441561093045	-0.0003507010122882903	0.00018124657488094442	0.0003834673930567245
-0.0005944292867721135	0.0005074258216259953	0.0008867721120700001	0.0003048242232090992	0.0006435065578793697	-0.0005379292109606304	5.642777576597702e-05	0.0003210579934991298
0.00046653050570455434	0.0003201976229532111	0.0006371345138396212	0.0003048242232090992	0.00020664076097731687	-0.0007875668091903432	-0.00031802862157914724	7.142039526897292e-05
-0.0005944292867721135	0.0005074258216259953	0.0009491815116275948	0.00042964302232384455	0.0006435065578793697	-0.00041311041184544095	5.642777576597702e-05	0.00025864859394153505
0.0006537587043773385	0.0004450164220688446	0.0008867721120700001	0.0003672336227666939	0.000581097158321775	-0.000600338610517559	5.642777576597702e-05	0.00025864859394153505
-0.0005944292867721135	0.0004450164220688446	0.0008867721120700001	0.0003672336227666939	0.0007059159574369644	-0.0009747950078631273	-6.839102334876834e-05	-5.3398403846216524e-05
0.0005289399052621491	0.00025778822339606045	0.0008243627125124053	0.00042964302232384455	0.0009555535556673433	-0.0009123856083055326	0.00011883717532312765	0.0001338297948263456
-0.0004696104876573681	0.0004450164220688446	0.0006371345138396212	0.00024241482365150446	0.000581097158321775	-0.001224432606092618	-6.839102334876834e-05	-0.00030303600207615133
-0.000719248085887525	0.00025778822339606045	0.0006995439133981041	0.0003672336227666939	0.000581097158321775	-0.0007875668091903432	-6.839102334876834e-05	7.142039526897292e-05
0.0007785775034920839	0.0004450164220688446	0.0008867721120700001	0.0005544618214394781	0.0007059159574369644	-0.0007251574096331925	0.00018124657488094442	0.00019623919438416237
-0.0007816574854446756	8.15062516634768e-06	0.00044990631516772517	-7.222774577986257e-06	0.00026905016053468955	-0.001224432606092618	-0.0002556192220215525	-0.0002406266025185566
0.0006537587043773385	0.0003201976229532111	0.0006995439133981041	0.0005544618214394781	0.000581097158321775	-0.0009123856083055326	-5.9816237920617965e-06	0.00025864859394153505
-0.00028238228898502804	0.0004450164220688446	0.0010115909111851895	0.0007416900201120402	0.0012051911538975002	-0.000600338610517559	-0.0004428474206938926	-0.0007399017989784262
0.000341711706589809	-0.0001790775735064365	0.0002002687169380124	5.518662497960847e-05	0.0006435065578793697	-0.001224432606092618	-6.839102334876834e-05	-0.00030303600207615133
-0.000719248085887525	8.15062516634768e-06	0.0005747251142829146	0.0005544618214394781	0.0005186877587650685	-0.0010996138069774286	-5.9816237920617965e-06	-0.00011580780340336716
0.0006537587043773385	0.00019537882383846572	0.0006995439133981041	0.0003048242232090992	0.000581097158321775	-0.0011620232065354674	-5.9816237920617965e-06	-5.3398403846216524e-05
0.0007161681039349332	0.000132969424280871	0.0007619533129552547	0.0004920524218818834	0.0006435065578793697	-0.0012868420056499907	0.00018124657488094442	-0.00011580780340336716
-0.0007816574854446756	8.15062516634768e-06	0.0005123157147253199	0.00011759602453631501	0.000393868959649879	-0.0013492514052078075	-0.00038043802113674197	-0.0002406266025185566
0.0009033963026077174	0.0003826070225108058	0.0011988191098575296	0.0007416900201120402	0.0010803723547818667	-0.0008499762087479379	0.00043088417311043514	0.00025864859394153505
-0.0006568386863297082	7.056002472349832e-05	0.0005123157147253199	0.00018000542409390974	0.000393868959649879	-0.0012868420056499907	-0.00013080042290680716	-0.00011580780340336716
0.0005289399052621491	7.056002472349832e-05	0.0005747251142829146	0.0003048242232090992	8.182196186212742e-05	-0.001037204407420722	0.00011883717532312765	0.00044587679261343105
-0.0004696104876573681	0.0005074258216259953	0.0008867721120700001	0.0005544618214394781	0.00014423136141972215	-0.0005379292109606304	0.00011883717532312765	0.0003210579934991298
0.0007161681039349332	0.0003201976229532111	0.0008243627125124053	0.00024241482365150446	1.9412562304976788e-05	-0.000600338610517559	-6.839102334876834e-05	0.0003210579934991298
-0.000719248085887525	0.00025778822339606045	0.0009491815116275948	0.0005544618214394781	0.00026905016053468955	-0.0005379292109606304	0.00011883717532312765	0.0003834673930567245
-0.0005320198872149628	0.00056983522118359	0.0010740003107427842	0.00042964302232384455	0.0007059159574369644	-0.00041311041184544095	0.00018124657488094442	0.00069551439084381
0.0005289399052621491	0.00025778822339606045	0.0007619533129552547	0.00024241482365150446	8.182196186212742e-05	-0.0009123856083055326	-0.00019320982246440188	0.0001338297948263456
-0.0006568386863297082	0.0005074258216259953	0.0008867721120700001	0.0003672336227666939	1.9412562304976788e-05	-0.00041311041184544095	-6.839102334876834e-05	0.0005706955917286205
0.0006537587043773385	0.00056983522118359	0.0011364097102999349	0.0006168712209964067	0.00020664076097731687	-0.00016347281361550614	0.00018124657488094442	0.0005706955917286205
-0.000719248085887525	0.0005074258216259953	0.0008243627125124053	0.00024241482365150446	1.9412562304976788e-05	-0.00041311041184544095	-6.839102334876834e-05	0.0003210579934991298
0.0005913493048197438	0.0005074258216259953	0.0008867721120700001	0.0003048242232090992	0.0006435065578793697	-0.0002882916127302515	0.00011883717532312765	0.00069551439084381
-0.0004696104876573681	0.0007570634198559301	0.0011988191098575296	0.0006168712209964067	0.0008931441561093045	-0.0006627480100758198	0.00018124657488094442	0.00044587679261343105
0.0007161681039349332	0.00056983522118359	0.0010740003107427842	0.00024241482365150446	0.0007059159574369644	-0.0009747950078631273	-6.839102334876834e-05	0.00025864859394153505
0.0005289399052621491	0.0004450164220688446	0.0009491815116275948	0.00024241482365150446	0.0005186877587650685	-0.001224432606092618	-0.0002556192220215525	9.0109957113782e-06
-0.00034479168854262277	0.0008818822189706754	0.0016980943063171772	0.0008040994196691909	0.0012676005534546508	-0.00041311041184544095	0.0005557029722256246	0.0008827425895165941
0.00027930230703265835	0.000132969424280871	0.0006995439133981041	5.518662497960847e-05	0.00020664076097731687	-0.0015988890034375203	-0.00038043802113674197	-0.0002406266025185566
-0.0005944292867721135	0.0005074258216259953	0.0011364097102999349	0.00024241482365150446	0.000581097158321775	-0.0010996138069774286	-6.839102334876834e-05	0.0003210579934991298
0.0006537587043773385	0.0006322446207407406	0.0011364097102999349	0.0005544618214394781	0.0006435065578793697	-0.0008499762087479379	0.00024365597443853915	0.0005706955917286205
-0.0005944292867721135	0.0006946540202983353	0.0011988191098575296	0.00042964302232384455	1.9412562304976788e-05	-0.0002882916127302515	-5.9816237920617965e-06	0.0003834673930567245
0.0005913493048197438	0.0006946540202983353	0.0008867721120700001	0.0003672336227666939	-0.001103956629730174	0.0014591715748792922	-6.839102334876834e-05	0.0012571989868610522
-0.000719248085887525	0.0010067010180856428	0.0007619533129552547	0.0006792806205540014	-0.0010415472301725792	0.003144225362931241	0.0003060653739956898	0.0018188835828782945
-0.0009688856841174598	0.0003826070225108058	-0.00048623467819486343	-0.00019445097325077043	-0.0009167284310578339	0.0012095339766489133	-0.0005052568202514873	0.0003834673930567245
0.0007161681039349332	0.0009442916185282701	-0.00029900647952207926	0.0004920524218818834	-0.0007295002323854938	0.0019584467713389397	0.00018124657488094442	0.0008827425895165941
-0.0006568386863297082	0.0003826070225108058	-0.0004238252786372687	0.0003048242232090992	-0.0017904600248621616	0.002582540766913999	-6.839102334876834e-05	0.001319608386419091
0.0006537587043773385	0.00025778822339606045	0.0001378593173799736	0.0004920524218818834	-4.2996837252617937e-05	0.00039821178240173616	5.642777576597702e-05	-0.0009271299976505443
-0.0006568386863297082	-0.000491124571293966	0.0003250875160523137	0.00024241482365150446	0.0020165133481446773	-0.001910936001225494	-0.00013080042290680716	-0.001426405194110858
0.0005913493048197438	-0.0006159433704084893	0.00044990631516772517	0.00024241482365150446	0.0012676005534546508	-0.001661298402995115	0.0003060653739956898	0.00019623919438416237
-0.0004696104876573681	8.15062516634768e-06	0.0008867721120700001	0.00024241482365150446	-0.00029263443548255275	-0.0011620232065354674	-0.00013080042290680716	7.142039526897292e-05
0.0005289399052621491	-0.00030389637262162594	0.0006995439133981041	0.0003048242232090992	0.0007059159574369644	-0.0010996138069774286	-5.9816237920617965e-06	7.142039526897292e-05
0.0005289399052621491	7.056002472349832e-05	0.00026267811649560713	0.00042964302232384455	0.001642056950799331	-0.0018485266016678992	-0.00013080042290680716	-0.0006774923994208315
-0.0004696104876573681	0.00025778822339606045	0.0005747251142829146	0.0005544618214394781	0.0021413321472594227	-0.0007251574096331925	0.00024365597443853915	-0.0002406266025185566
0.0006537587043773385	7.056002472349832e-05	0.00026267811649560713	0.0003048242232090992	0.0008307347565521539	-0.00041311041184544095	-0.00013080042290680716	-0.0002406266025185566
-0.0007816574854446756	8.15062516634768e-06	0.0001378593173799736	0.00018000542409390974	0.000393868959649879	-0.000600338610517559	-0.00013080042290680716	9.0109957113782e-06
0.0008409869030494566	0.00025778822339606045	0.0008243627125124053	0.0006792806205540014	0.0012676005534546508	-0.001224432606092618	-0.00019320982246440188	-0.0008647205980938377
-0.0007816574854446756	-0.00036630577217922067	0.00044990631516772517	5.518662497960847e-05	0.0018292851494718931	-0.003783217987949783	-0.00013080042290680716	-0.0011767675958809232
0.0005913493048197438	-0.0004287151717359272	0.0011364097102999349	0.0004920524218818834	0.002453379145046508	-0.003970446186621901	5.642777576597702e-05	-0.0007399017989784262
-0.0005944292867721135	-0.00011666817394884177	0.002134960103219674	0.0006168712209964067	0.0027654261428342597	-0.0042824931844094305	0.00024365597443853915	-0.0008023111985357989
-0.000719248085887525	-5.4258774391247044e-05	0.001760503705874772	0.00018000542409390974	0.0020165133481446773	-0.004157674385294685	-6.839102334876834e-05	-0.0009271299976505443
0.0005913493048197438	0.0003201976229532111	0.001760503705874772	0.0003672336227666939	0.0011427817543394614	-0.0032215333919327627	-0.00013080042290680716	-0.0005526736003065302
-0.0004696104876573681	0.0008818822189706754	0.002010141304105151	0.0005544618214394781	0.000581097158321775	-0.0017237078025527097	0.00011883717532312765	0.0005706955917286205
0.0007161681039349332	0.0009442916185282701	0.0016356849067595824	0.0004920524218818834	1.9412562304976788e-05	-0.001224432606092618	5.642777576597702e-05	0.0005706955917286205
-0.0006568386863297082	0.0008818822189706754	0.0015108661076452812	0.0003048242232090992	8.182196186212742e-05	-0.0009747950078631273	-0.00013080042290680716	0.00019623919438416237
0.0005913493048197438	0.0008194728194130807	0.0013860473085303138	0.0003672336227666939	0.000393868959649879	-0.0008499762087479379	0.00024365597443853915	0.0005082861921710258
-0.0004696104876573681	0.0009442916185282701	0.0016980943063171772	0.00024241482365150446	-0.00029263443548255275	-0.0015988890034375203	-0.00013080042290680716	7.142039526897292e-05
0.0005913493048197438	0.0006946540202983353	0.001760503705874772	0.0003672336227666939	-0.0005422720337124876	-0.001474070204322775	-6.839102334876834e-05	0.0006331049912862152
0.0007161681039349332	0.0012563386163160217	0.0022597789023353076	0.0005544618214394781	-0.0005422720337124876	-0.0012868420056499907	0.00011883717532312765	0.0009451519890735227
-0.000719248085887525	0.0010067010180856428	0.0018853225049899613	0.00018000542409390974	-0.0007919096319422003	-0.0011620232065354674	-0.00013080042290680716	0.0008827425895165941
0.0005913493048197438	0.0011315198172008323	0.0018229131054323666	0.0003048242232090992	-0.0004174532345981863	-0.0009123856083055326	-5.9816237920617965e-06	0.0007579237904009606
-0.0005944292867721135	0.0010691104176434596	0.0014484567080876865	0.0003672336227666939	-0.0002302250359254021	-0.0004755198114030357	-5.9816237920617965e-06	0.0006331049912862152
0.0007161681039349332	0.0008818822189706754	0.001323637908972497	0.0006168712209964067	0.00020664076097731687	-0.0003507010122882903	5.642777576597702e-05	0.0003210579934991298
-0.0005320198872149628	0.0004450164220688446	0.0008867721120700001	0.0003048242232090992	0.00045627835920747373	-0.0010996138069774286	-6.839102334876834e-05	-0.00011580780340336716
0.0005289399052621491	7.056002472349832e-05	0.0006371345138396212	0.0005544618214394781	0.0012051911538975002	-0.0014116608047654022	0.00018124657488094442	7.142039526897292e-05
-0.0005320198872149628	7.056002472349832e-05	0.0008243627125124053	0.00024241482365150446	0.0010803723547818667	-0.0025974393963574816	-0.00019320982246440188	-0.0006774923994208315
-0.0005944292867721135	7.056002472349832e-05	0.0015108661076452812	0.0003048242232090992	0.002078922747701828	-0.0028470769945874164	5.642777576597702e-05	-0.0004902642007480473
0.0006537587043773385	0.000132969424280871	0.001573275507202876	0.0004920524218818834	0.002266150946374168	-0.003283942791489469	-5.9816237920617965e-06	-0.0008023111985357989
-0.0004696104876573681	0.0005074258216259953	0.001947731904547112	0.0005544618214394781	0.0029526543415065998	-0.002909486394145011	0.00024365597443853915	-0.0004902642007480473
0.00046653050570455434	0.000132969424280871	0.001323637908972497	0.00018000542409390974	0.002266150946374168	-0.003159123992375168	-0.0002556192220215525	-0.0006774923994208315
-0.0006568386863297082	0.0003826070225108058	0.0011988191098575296	0.00024241482365150446	0.0021413321472594227	-0.002347801798127991	0.0003060653739956898	-0.0004902642007480473
0.0009033963026077174	0.0005074258216259953	0.0012612285094151243	0.0006792806205540014	0.0019541039485866385	-0.0021605735994549846	-0.00019320982246440188	-0.0010519487967661778
-0.0007816574854446756	-5.4258774391247044e-05	0.0005747251142829146	0.0003048242232090992	0.002328560345932207	-0.002472620597242736	-5.9816237920617965e-06	-0.001239176995438518
0.0005913493048197438	-0.0001790775735064365	0.0008867721120700001	0.0003672336227666939	0.0028278355423918544	-0.002535029996800331	-5.9816237920617965e-06	-0.0011767675958809232
0.0007161681039349332	8.15062516634768e-06	0.0011988191098575296	0.0006792806205540014	0.0030774731406217892	-0.002971895793702606	0.00018124657488094442	-0.001239176995438518
-0.000719248085887525	-0.00024148697306403122	0.0011988191098575296	0.00018000542409390974	0.002703016743277109	-0.0034711709901622534	-0.00013080042290680716	-0.001426405194110858
0.0005289399052621491	7.056002472349832e-05	0.0012612285094151243	0.0003048242232090992	0.002266150946374168	-0.0034087615906046587	-0.00019320982246440188	-0.001239176995438518
-0.0004696104876573681	0.0004450164220688446	0.0018229131054323666	0.0006168712209964067	0.0026406073437195143	-0.0028470769945874164	0.0003060653739956898	-0.001239176995438518
0.0004041211061478478	8.15062516634768e-06	0.0011988191098575296	0.00018000542409390974	0.001642056950799331	-0.003346352191047508	-0.00019320982246440188	-0.0009271299976505443
-0.000719248085887525	0.00019537882383846572	0.0011988191098575296	0.00011759602453631501	0.0017668757499142984	-0.0020357548003402393	0.00024365597443853915	-0.0004902642007480473
0.0008409869030494566	0.0006322446207407406	0.0015108661076452812	0.00042964302232384455	0.0013300099530122456	-0.001661298402995115	0.00011883717532312765	-0.00030303600207615133
-0.0006568386863297082	0.0003826070225108058	0.0008867721120700001	0.00024241482365150446	0.0006435065578793697	-0.0015988890034375203	-0.00013080042290680716	-0.0004902642007480473
-0.0005944292867721135	0.0004450164220688446	0.0010115909111851895	0.0003672336227666939	0.000581097158321775	-0.0012868420056499907	-6.839102334876834e-05	9.0109957113782e-06
0.0007161681039349332	0.0005074258216259953	0.0011988191098575296	0.0005544618214394781	0.000581097158321775	-0.0014116608047654022	0.00011883717532312765	-5.3398403846216524e-05
-0.0004072010881002175	0.0006946540202983353	0.0014484567080876865	0.00042964302232384455	0.000581097158321775	-0.0014116608047654022	0.00011883717532312765	0.00025864859394153505
0.0005289399052621491	0.0003826070225108058	0.0012612285094151243	0.00024241482365150446	0.00026905016053468955	-0.00209816419989739	-0.0002556192220215525	0.0001338297948263456
-0.0005320198872149628	0.0006322446207407406	0.0016356849067595824	0.00042964302232384455	0.0008307347565521539	-0.0019733454007826445	5.642777576597702e-05	-5.3398403846216524e-05
0.0007161681039349332	0.00056983522118359	0.0016356849067595824	0.0004920524218818834	0.0003314595600925063	-0.001661298402995115	-5.9816237920617965e-06	0.0003210579934991298
-0.0006568386863297082	0.0006322446207407406	0.0013860473085303138	0.0006792806205540014	0.000393868959649879	-0.0011620232065354674	0.00024365597443853915	0.0005082861921710258
0.0007785775034920839	0.0006322446207407406	0.0008867721120700001	0.00011759602453631501	-0.00029263443548255275	-0.0012868420056499907	-0.00038043802113674197	0.00019623919438416237
0.0006537587043773385	0.0004450164220688446	0.0011364097102999349	0.0005544618214394781	8.182196186212742e-05	-0.0008499762087479379	5.642777576597702e-05	0.0003834673930567245
-0.0005944292867721135	0.0005074258216259953	0.0010115909111851895	0.0003672336227666939	0.00026905016053468955	-0.0008499762087479379	-5.9816237920617965e-06	0.0003834673930567245
0.0007161681039349332	0.0004450164220688446	0.001323637908972497	0.0005544618214394781	0.0006435065578793697	-0.001037204407420722	0.00018124657488094442	0.0001338297948263456
-0.0007816574854446756	0.0003201976229532111	0.0010740003107427842	0.00018000542409390974	0.0005186877587650685	-0.0014116608047654022	-0.00013080042290680716	0.0001338297948263456
0.0005913493048197438	0.00056983522118359	0.0012612285094151243	0.00042964302232384455	0.0005186877587650685	-0.0013492514052078075	0.0005557029722256246	0.0008827425895165941
-0.0001575634898698386	0.0011315198172008323	0.0020725507036627455	0.0008040994196691909	0.00045627835920747373	-0.0022229829990128014	-0.0004428474206938926	-0.0004278548011908967
0.00027930230703265835	0.0003201976229532111	0.0010740003107427842	0.00042964302232384455	0.0012676005534546508	-0.0017237078025527097	0.00011883717532312765	0.00019623919438416237
-0.0005320198872149628	0.0007570634198559301	0.0018229131054323666	0.0006168712209964067	0.0015172381516850297	-0.0018485266016678992	0.00018124657488094442	7.142039526897292e-05
-0.0006568386863297082	0.00056983522118359	0.0014484567080876865	0.0003048242232090992	0.0015172381516850297	-0.0017861172021103044	-5.9816237920617965e-06	-0.00017821720296096188
0.0005289399052621491	0.0003201976229532111	0.0012612285094151243	0.00024241482365150446	0.0012051911538975002	-0.0021605735994549846	-0.00013080042290680716	-0.0006150829998632368
-0.0005944292867721135	0.0006322446207407406	0.0013860473085303138	0.0003672336227666939	0.0013924193525693962	-0.0015988890034375203	-5.9816237920617965e-06	-5.3398403846216524e-05
0.0008409869030494566	0.0006946540202983353	0.0016356849067595824	0.0006168712209964067	0.0015796475512417363	-0.0015988890034375203	0.00024365597443853915	-0.0004278548011908967
-0.0007816574854446756	0.0003826070225108058	0.0012612285094151243	-7.222774577986257e-06	0.0011427817543394614	-0.0021605735994549846	-0.00013080042290680716	-0.00030303600207615133
0.0005913493048197438	0.00056983522118359	0.0015108661076452812	0.00042964302232384455	0.0017668757499142984	-0.0020357548003402393	5.642777576597702e-05	-0.0002406266025185566
-0.0006568386863297082	0.0006946540202983353	0.0016980943063171772	0.0004920524218818834	0.0017044663503569257	-0.00209816419989739	0.00011883717532312765	-0.00036544540163374606
0.0007161681039349332	0.0007570634198559301	0.001573275507202876	0.00042964302232384455	0.001454828752127435	-0.001661298402995115	-5.9816237920617965e-06	-5.3398403846216524e-05
0.0007161681039349332	0.0006322446207407406	0.0014484567080876865	0.0004920524218818834	0.0011427817543394614	-0.0015988890034375203	0.00011883717532312765	-0.00017821720296096188
-0.0008440668850027144	0.0003201976229532111	0.0009491815116275948	0.00011759602453631501	0.0006435065578793697	-0.001661298402995115	-0.00013080042290680716	-0.00030303600207615133
0.0006537587043773385	0.0004450164220688446	0.0010740003107427842	0.0003672336227666939	0.0006435065578793697	-0.0015364796038803696	-5.9816237920617965e-06	-0.0002406266025185566
-0.0006568386863297082	0.0004450164220688446	0.0010115909111851895	0.0003672336227666939	0.0008307347565521539	-0.0010996138069774286	-0.00013080042290680716	-5.3398403846216524e-05
0.0007161681039349332	0.0005074258216259953	0.0011364097102999349	0.0006168712209964067	0.0010803723547818667	-0.0011620232065354674	5.642777576597702e-05	-5.3398403846216524e-05
-0.0005320198872149628	0.0005074258216259953	0.0010115909111851895	0.0003672336227666939	0.000393868959649879	-0.0015364796038803696	-0.00031802862157914724	-0.0004278548011908967
0.0004041211061478478	0.00019537882383846572	0.0006371345138396212	0.0006168712209964067	0.001017962955224938	-0.0007875668091903432	0.0003060653739956898	0.00025864859394153505
-0.0004072010881002175	0.00056983522118359	0.0005747251142829146	0.00011759602453631501	0.00026905016053468955	-0.0017237078025527097	-0.00031802862157914724	-0.0006150829998632368
-0.0004696104876573681	0.0005074258216259953	0.0009491815116275948	0.0004920524218818834	0.0009555535556673433	-0.001224432606092618	0.00024365597443853915	9.0109957113782e-06
0.0005913493048197438	0.000132969424280871	0.0007619533129552547	0.0003672336227666939	0.0008307347565521539	-0.0015988890034375203	-6.839102334876834e-05	-0.0004902642007480473
-0.0006568386863297082	0.000132969424280871	0.0006995439133981041	0.0003048242232090992	0.001017962955224938	-0.0014116608047654022	-5.9816237920617965e-06	-0.0002406266025185566
0.0006537587043773385	8.15062516634768e-06	0.0005123157147253199	0.00024241482365150446	0.0008307347565521539	-0.001474070204322775	-0.00013080042290680716	-0.00011580780340336716
-0.000719248085887525	0.00025778822339606045	0.0006371345138396212	0.0003672336227666939	0.0008307347565521539	-0.001037204407420722	0.00018124657488094442	-5.3398403846216524e-05
0.0008409869030494566	0.0003201976229532111	0.0008867721120700001	0.0006168712209964067	0.0007059159574369644	-0.0011620232065354674	-5.9816237920617965e-06	-0.00017821720296096188
-0.0006568386863297082	0.00019537882383846572	0.0006995439133981041	0.00024241482365150446	0.0007059159574369644	-0.0015364796038803696	-0.0002556192220215525	-0.0004902642007480473
0.0005289399052621491	0.000132969424280871	0.0009491815116275948	0.00042964302232384455	0.0012676005534546508	-0.0013492514052078075	0.00011883717532312765	-0.00017821720296096188
0.0006537587043773385	0.00019537882383846572	0.0008867721120700001	0.0003672336227666939	0.0012051911538975002	-0.0018485266016678992	-6.839102334876834e-05	-0.0005526736003065302
-0.0005944292867721135	0.0003826070225108058	0.0009491815116275948	0.0003672336227666939	0.001454828752127435	-0.0017861172021103044	0.00011883717532312765	-0.0004278548011908967
0.0007785775034920839	0.0005074258216259953	0.0012612285094151243	0.0006168712209964067	0.0017668757499142984	-0.001661298402995115	0.00024365597443853915	-0.00030303600207615133
-0.000719248085887525	0.00019537882383846572	0.0010115909111851895	0.00018000542409390974	0.0015172381516850297	-0.001910936001225494	-6.839102334876834e-05	-0.0005526736003065302
0.0005289399052621491	0.0003826070225108058	0.0009491815116275948	0.00042964302232384455	0.0015796475512417363	-0.00209816419989739	0.0003684747735532845	-0.0002406266025185566
-0.0004696104876573681	0.00056983522118359	0.0013860473085303138	0.0006168712209964067	0.0022037415468170174	-0.002347801798127991	-6.839102334876834e-05	-0.0009271299976505443
0.0006537587043773385	0.00025778822339606045	0.0011364097102999349	0.00024241482365150446	0.002328560345932207	-0.002472620597242736	-0.00013080042290680716	-0.0008647205980938377
-0.000719248085887525	0.00025778822339606045	0.0016356849067595824	0.0007416900201120402	0.0030774731406217892	-0.002285392398569952	0.0003060653739956898	-0.0006774923994208315
-0.0008440668850027144	0.00019537882383846572	0.0011364097102999349	0.00011759602453631501	0.002703016743277109	-0.002722258195472671	-0.00019320982246440188	-0.0010519487967661778
0.0007161681039349332	0.0003201976229532111	0.0013860473085303138	0.00042964302232384455	0.002890244941949005	-0.002909486394145011	5.642777576597702e-05	-0.0011143581963233284
-0.0005320198872149628	0.0006946540202983353	0.0015108661076452812	0.00042964302232384455	0.0032022919397369787	-0.002722258195472671	0.00011883717532312765	-0.0008023111985357989
0.0006537587043773385	0.00025778822339606045	0.0015108661076452812	0.0004920524218818834	0.0033895201384090967	-0.002971895793702606	5.642777576597702e-05	-0.0013639957945532633
-0.0005944292867721135	7.056002472349832e-05	0.0014484567080876865	0.00024241482365150446	0.003514338937524286	-0.0030967145928175732	-6.839102334876834e-05	-0.00161363339278342
0.0006537587043773385	0.000132969424280871	0.0012612285094151243	0.00042964302232384455	0.004325661131771907	-0.0034711709901622534	5.642777576597702e-05	-0.00161363339278342
-0.0006568386863297082	8.15062516634768e-06	0.0014484567080876865	0.0003048242232090992	0.004887345727788928	-0.00390803678706475	-6.839102334876834e-05	-0.0023001367879154078
0.0005913493048197438	-0.0004287151717359272	0.0010740003107427842	0.0003672336227666939	0.006010714919823412	-0.005281043577329392	-5.9816237920617965e-06	-0.0027994119843752774
0.0007161681039349332	-0.00036630577217922067	0.0013860473085303138	0.0004920524218818834	0.00738372171008872	-0.006092365771577013	0.00011883717532312765	-0.0034235059799505585
-0.0005320198872149628	-0.0007407621695241229	0.0014484567080876865	0.0003048242232090992	0.007508540509203465	-0.005593090575117143	5.642777576597702e-05	-0.003548324779065304
0.0005289399052621491	-0.000491124571293966	0.0010740003107427842	0.0003672336227666939	0.007508540509203465	-0.0064044127693647646	-0.00013080042290680716	-0.003922781176410428
-0.0005320198872149628	-0.000491124571293966	0.001573275507202876	0.0005544618214394781	0.00782058750699055	-0.0059675469724616015	0.0003060653739956898	-0.004047599975524951
0.0005289399052621491	-0.0006783527699665282	0.0012612285094151243	0.00024241482365150446	0.007071674712300968	-0.006466822168921471	5.642777576597702e-05	-0.0036731435781804933
-0.0006568386863297082	-0.0006159433704084893	0.0015108661076452812	0.00042964302232384455	0.007134084111858119	-0.006029956372019418	0.00018124657488094442	-0.003548324779065304
0.0007161681039349332	-0.0005535339708513387	0.0018853225049899613	0.00011759602453631501	0.006572399515841099	-0.007090916164496752	-0.00019320982246440188	-0.0038603717768528334
-0.0007816574854446756	-0.0008031715690812735	0.002010141304105151	0.0003672336227666939	0.006322761917611386	-0.006903687965824634	-6.839102334876834e-05	-0.003922781176410428
-0.0004072010881002175	-0.000491124571293966	0.0025094165005652425	0.0006168712209964067	0.007071674712300968	-0.006778869166709001	0.0003060653739956898	-0.0033610965803929638
0.0004041211061478478	-0.0010528091673112083	0.0018853225049899613	5.518662497960847e-05	0.006759627714513883	-0.008588741753876583	-0.00031802862157914724	-0.004734103370657827
-0.0005320198872149628	-0.0007407621695241229	0.002571825900122837	0.00042964302232384455	0.0074461311096458704	-0.0076526007605139945	0.00024365597443853915	-0.004234828174197736
0.0005913493048197438	-0.0008655809686388682	0.0023221883018924583	0.00042964302232384455	0.007196493511416158	-0.007777419559629184	-0.00013080042290680716	-0.003985190575967801
-0.0004072010881002175	-0.0007407621695241229	0.002571825900122837	0.0005544618214394781	0.0077581781074334	-0.007340553762726687	-0.0002556192220215525	-0.004983740968887318
0.0005289399052621491	-0.0013024467655411431	0.0020725507036627455	0.00024241482365150446	0.009006366098583518	-0.008775969952548701	5.642777576597702e-05	-0.005046150368444913
-0.0006568386863297082	-0.0012400373659835484	0.002134960103219674	0.0005544618214394781	0.010878648085307807	-0.009836929745026257	0.00024365597443853915	-0.005982291361807279
0.0007785775034920839	-0.00173931256244364	0.002197369502777269	0.0003048242232090992	0.013000567670262253	-0.011584392932636245	-5.9816237920617965e-06	-0.007355298152072143
0.000341711706589809	-0.0032995475513808437	0.0016980943063171772	0.00018000542409390974	0.014872849656986986	-0.013394265519803161	-0.00031802862157914724	-0.009165170739239281
-0.00028238228898502804	-0.004110869745628021	0.0022597789023353076	0.0007416900201120402	0.01980319222202853	-0.014267997113607933	0.0004932935726680299	-0.01028853993127421
0.00046653050570455434	-0.006794473926599931	0.0007619533129552547	0.00024241482365150446	0.025981722778220195	-0.019011111479976694	-0.00019320982246440188	-0.014906835498528226
-0.0005320198872149628	-0.008978802911111972	-0.00029900647952207926	0.00042964302232384455	0.03540554211140101	-0.024003863444576057	0.00024365597443853915	-0.026639802615335828
0.0005913493048197438	-0.01253613868588932	-0.0017968320689016881	0.0005544618214394781	0.047887422022898196	-0.0313681725923598	0.0005557029722256246	-0.0343161587609071
-0.0004696104876573681	-0.016280702659338786	-0.0027329730622642767	0.0008040994196691909	0.07790634321005019	-0.05252495904234822	5.642777576597702e-05	-0.043053474698955485
0.0006537587043773385	-0.018777078641638134	-0.0038563422542987613	0.0005544618214394781	0.08277427637553414	-0.0564567512144698	0.00018124657488094442	-0.04579948827948499
-0.0006568386863297082	-0.018777078641638134	0.0015108661076452812	0.0008040994196691909	0.07678297401801548	-0.04728256947951914	0.0003684747735532845	-0.04330311229718542
-0.000719248085887525	-0.01659274965712565	0.0030711010965824848	0.00024241482365150446	0.07147817505562903	-0.03735947494987868	5.642777576597702e-05	-0.04161805850913325
0.00046653050570455434	-0.016280702659338786	0.003882423290829662	0.00042964302232384455	0.0736000946405837	-0.03611128695872878	-0.00013080042290680716	-0.04330311229718542
-0.00028238228898502804	-0.017216843652700486	0.005505067679324016	0.0007416900201120402	0.08445933016358653	-0.041291267122000264	0.0006181123717832193	-0.048233454862226965
0.00046653050570455434	-0.02202236741862773	0.006129161674899297	0.0003048242232090992	0.09875108266225152	-0.04734497887907674	-0.00013080042290680716	-0.06602013373611104
-0.0005320198872149628	-0.02670307238543934	0.005255430081094525	0.00042964302232384455	0.1124811505648986	-0.0443493277003173	-5.9816237920617965e-06	-0.06976469770956051
0.0005913493048197438	-0.030447636358888364	0.0026966446992371385	0.0005544618214394781	0.12552471507241392	-0.012333305727325383	0.0003060653739956898	-0.07600563766530932
-0.0004696104876573681	-0.03637652931684965	0.0023221883018924583	0.00024241482365150446	0.14487162893523542	0.0022704937691264693	-6.839102334876834e-05	-0.08642800739140966
0.0005913493048197438	-0.04392806666330573	-0.0038563422542987613	0.00018000542409390974	0.15017642789762187	0.07085842388280605	-0.00019320982246440188	-0.09454122933388343
0.0005289399052621491	-0.05091791941374435	-0.0015471944706719754	0.00011759602453631501	0.14206320595514854	0.06031123535759053	-0.00019320982246440188	-0.09273135674671629
-0.0007816574854446756	-0.04062036848675876	0.006316389873571637	-6.963217413558098e-05	0.14986438089983412	0.015002011278854477	-0.00038043802113674197	-0.08954847736928429
0.0006537587043773385	-0.02857535437216363	0.013243833224452883	0.0003048242232090992	0.14406030674098824	-0.06232323477287394	-6.839102334876834e-05	-0.07045120110469272
-0.0005944292867721135	-0.02364501180712253	0.01798694759082209	0.0003048242232090992	0.1043055192228679	-0.03642333395651631	-6.839102334876834e-05	-0.023706560836134427
0.0007161681039349332	-0.016280702659338786	0.022293196160288797	0.0005544618214394781	0.06124303352820104	-0.03005757520165253	-0.00031802862157914724	-0.016716708085695364
-0.0007816574854446756	-0.006794473926599931	0.020795370570908744	-6.963217413558098e-05	0.04888597241581771	-0.019135930279092328	-0.00031802862157914724	-0.014407560302068134
0.0005913493048197438	-0.007668205520405147	0.02416547814701331	0.00011759602453631501	0.06036930193439627	-0.014455225312280717	-0.00019320982246440188	-0.02145982245206457
-0.0005944292867721135	-0.012348910487216536	0.01842381338772392	0.0003672336227666939	0.07759429621226266	-0.011709211731750768	-5.9816237920617965e-06	-0.03912168252683368
-0.0005320198872149628	-0.018901897440753324	0.01648912200144248	0.00011759602453631501	0.08552028995606387	-0.008838379352106296	-0.00013080042290680716	-0.040557098716655915
0.00046653050570455434	-0.020337313630575338	0.010248182045693222	0.00011759602453631501	0.09812698866667668	-0.011334755334405866	-0.00038043802113674197	-0.035876393749844304
-0.0005944292867721135	-0.021523092222167195	0.0006371345138396212	0.00018000542409390974	0.11516475474587051	-0.00921283574945142	-0.00013080042290680716	-0.04317829349807045
0.0005289399052621491	-0.024269105802696922	-0.009348369415357993	5.518662497960847e-05	0.11123296257374893	-0.007902238358744373	-0.00038043802113674197	-0.025766071021531278
-0.0007816574854446756	-0.029199448367738468	-0.01733677255871635	-0.00013204157369295366	0.12552471507241392	-0.006654050367594255	-0.00019320982246440188	-0.007854573348532234
0.0006537587043773385	-0.03001077056198609	-0.021393383529953125	0.00011759602453631501	0.12440134588037899	-0.007340553762726687	-0.0005052568202514873	0.0001338297948263456
-0.000719248085887525	-0.032319918345612875	-0.020394833137033164	-0.00013204157369295366	0.11429102315206574	-0.004844177780427117	-0.0005052568202514873	0.008746326933759763
0.0006537587043773385	-0.03138377735225073	-0.021206155331280785	-0.0004440885714804832	0.09481929049012972	-0.0038456273875075997	-0.0007548944184816442	0.03832838232400948
0.0007161681039349332	-0.037125442111539675	-0.013155342788364832	-6.963217413558098e-05	0.0724143160489914	-0.005905137572904673	-0.0005052568202514873	0.06797284711381657
-0.000719248085887525	-0.03375533453543533	-0.0069768122321731685	-0.00038167917192333256	0.0687945708746569	-0.002971895793702606	-0.0006300756193666768	0.027032281004104375
0.0007785775034920839	-0.03356810633676277	-0.0006734628768672035	0.00011759602453631501	0.0776567056118207	0.005266144947886131	-0.0002556192220215525	-0.015156473096758605
-0.0004696104876573681	-0.029012220169066127	0.005317839480651676	5.518662497960847e-05	0.07366250404014107	0.006327104740363243	-0.00019320982246440188	-0.021272594253391786
0.0004041211061478478	-0.024144287003581955	0.008687947056756018	-0.0002568603728081431	0.07029239646403695	0.0014591715748792922	-0.0002556192220215525	-0.016716708085695364
-0.0006568386863297082	-0.019463582036770344	0.007564577864721533	-6.963217413558098e-05	0.049135610014048314	0.0033314535616038032	-0.0005052568202514873	-0.016217432889235273
0.0005289399052621491	-0.013472279679251242	0.00044990631516772517	0.00024241482365150446	0.0460775494357315	0.002707359566028966	-0.00013080042290680716	-0.014906835498528226
-0.0005944292867721135	-0.010102172103147344	-0.006290308837041181	0.00011759602453631501	0.047138509228208614	-0.0022229829990128014	-0.0002556192220215525	-0.00567024436401975
-0.0006568386863297082	-0.0031123193527080595	-0.00785054382597794	-7.222774577986257e-06	0.04470454264546664	-0.0027846675950298216	-0.00031802862157914724	0.005064172359868335
0.0008409869030494566	-0.000491124571293966	-0.0104717386073927	0.00042964302232384455	0.04027347527688496	-0.0027846675950298216	5.642777576597702e-05	0.006000313353230258
-0.0007816574854446756	0.0027541642056956306	-0.015339671772876873	5.518662497960847e-05	0.0312865217406062	-0.003159123992375168	-0.00019320982246440188	0.010681018320041868
0.0005913493048197438	0.00306621120348316	-0.01646304096491158	0.00018000542409390974	0.020864152014505866	-0.0028470769945874164	-0.0002556192220215525	0.020292065851895025
-0.0006568386863297082	0.0032534394021555	-0.017211953759601162	0.00011759602453631501	0.023173299798133096	-0.004532130782639809	-0.0002556192220215525	0.03576959694215276
0.0005913493048197438	0.010992204947283923	-0.009285960015800399	0.00018000542409390974	0.04339394525475937	-0.013456674919360756	-6.839102334876834e-05	0.029778294584633436
-0.0004696104876573681	0.007996553768524706	0.0026342352996795437	5.518662497960847e-05	0.039524562482194714	-0.001474070204322775	-0.0004428474206938926	0.024223858024017053
0.00046653050570455434	-0.011225541295181607	-0.004355617450758853	0.0003672336227666939	0.03035038074724472	-0.008526332354318988	0.00018124657488094442	0.026907462204988963
0.000341711706589809	-0.001988950160673575	-0.006914402832616462	-0.00019445097325077043	0.044829361444581384	-0.008963198151221485	-0.0006924850189242715	0.022601213635522255
-0.0005320198872149628	-0.009727715705802442	0.0011988191098575296	5.518662497960847e-05	0.04651441523263378	-0.005842728173347078	-0.00019320982246440188	0.03695537553374462
0.0005289399052621491	-0.00011666817394884177	0.001947731904547112	0.00011759602453631501	0.037215414698567706	-0.0132070373211306	-0.0002556192220215525	0.03171298597091554
-0.0005944292867721135	-0.0020513595602311696	-0.001609603870229126	5.518662497960847e-05	0.03571758910918832	-0.005468271776001954	-0.00013080042290680716	0.021914710240389823
0.0004041211061478478	-5.4258774391247044e-05	-0.007725725026863195	-6.963217413558098e-05	0.021363427210965735	-0.0053434529768869865	-0.00013080042290680716	0.019917609454550345
-0.0005944292867721135	0.0050633119893224166	-0.013841846183497264	0.0003048242232090992	0.008319862703450642	-0.0034087615906046587	0.00018124657488094442	0.019917609454550345
0.0007785775034920839	0.0021300702101207936	-0.015214852973761683	0.00024241482365150446	0.009505641295043388	-0.0009123856083055326	5.642777576597702e-05	0.008559098735086978
-0.0006568386863297082	0.0012563386163160217	-0.011407879600755289	0.0003048242232090992	0.011253104482652931	0.0007726681797468604	-0.00019320982246440188	0.0031294809735857854
-0.0005320198872149628	-0.00036630577217922067	-0.008599456620668411	0.00042964302232384455	0.011939607877784919	-0.0006627480100758198	0.00018124657488094442	0.004128031366505525
0.0005913493048197438	-0.001115218566868359	-0.008225000223323509	0.0003672336227666939	0.011565151480440239	-0.0012868420056499907	-5.9816237920617965e-06	0.005376219357655421
-0.0006568386863297082	-0.0024882253571336665	-0.007912953225535979	5.518662497960847e-05	0.008382272103008237	-0.0007251574096331925	-0.00019320982246440188	0.004814534761637956
0.0007785775034920839	-0.0022385877589037317	-0.0052917584441212195	0.0006168712209964067	0.006073124319381007	-0.0002882916127302515	0.00018124657488094442	0.0033167091722583475
-0.0006568386863297082	-0.0024882253571336665	-0.0017968320689016881	0.0003672336227666939	0.004013614133983712	0.00014857418417180135	-0.00013080042290680716	-0.00017821720296096188
0.0006537587043773385	-0.0022385877589037317	0.0002002687169380124	0.0003048242232090992	-0.0039123796098166075	0.0019584467713389397	0.00011883717532312765	-0.0013639957945532633
-0.0005944292867721135	-0.0026754535558055625	0.0010740003107427842	0.00042964302232384455	-0.00796899058105427	0.002520131367356404	-5.9816237920617965e-06	-0.003485915379507709
0.0006537587043773385	-0.0019265407611159802	0.0003250875160523137	0.00018000542409390974	-0.011214279358042978	0.0030818159633740905	-6.839102334876834e-05	-0.003735552977738088
0.0006537587043773385	-0.0007407621695241229	0.002134960103219674	0.00042964302232384455	-0.012649695547865436	0.003144225362931241	-5.9816237920617965e-06	-0.004484465772427226
-0.0006568386863297082	-0.00036630577217922067	0.0037576044917149165	0.00042964302232384455	-0.012649695547865436	0.0036435005593913328	0.00011883717532312765	-0.005795063163134939
0.0006537587043773385	-0.00036630577217922067	0.004568926685962094	0.0004920524218818834	-0.011900782753174965	0.0030194065638160517	0.00011883717532312765	-0.006419157158709776
-0.0007816574854446756	0.00019537882383846572	0.005317839480651676	0.00011759602453631501	-0.011651145154945697	0.0018336279722241944	-0.00031802862157914724	-0.002424955587030597
0.0007161681039349332	0.001193929216758427	0.007564577864721533	0.0005544618214394781	-0.010340547764238206	0.000835077579304011	-0.00019320982246440188	-0.00161363339278342
-0.0008440668850027144	0.0006946540202983353	0.008251081259853965	0.00018000542409390974	-0.004723701804064229	0.00039821178240173616	-0.0002556192220215525	-0.0023625461874732245
0.00046653050570455434	0.00025778822339606045	0.00781421546295169	0.0007416900201120402	0.0007683253569945592	0.0012095339766489133	0.0004932935726680299	-0.0023001367879154078
-0.00028238228898502804	0.00019537882383846572	0.005941933476226735	0.00011759602453631501	0.003514338937524286	2.3755385056833944e-05	-0.00038043802113674197	-0.004110009375082546
-0.0004696104876573681	-0.0015520843637713	0.005567477078882055	0.00042964302232384455	0.007258902910973308	0.0010223057779770173	0.00011883717532312765	-0.0046716939710997885
0.00046653050570455434	-0.0023009971584613265	0.004319289087731937	0.0003672336227666939	0.008881547299468107	0.001084715177534612	-0.0002556192220215525	-0.006107110160922469
-0.0004072010881002175	-0.0018641313615588295	0.004194470288616747	0.0005544618214394781	0.01131551388220986	0.0015215809744368869	0.00018124657488094442	-0.005795063163134939
0.0005913493048197438	-0.0019265407611159802	0.0035079668934843156	0.00024241482365150446	0.011877198478227768	0.00039821178240173616	-0.00019320982246440188	-0.003298687180835369
-0.000719248085887525	-0.0008031715690812735	0.003632785692599727	0.00024241482365150446	0.013250205268492632	-0.00010106341405791142	0.0003684747735532845	-0.0017384521918986096
0.000965805702164646	0.0003201976229532111	0.004444107886846904	0.0008665088192267856	0.01605862824857951	-0.0015988890034375203	-0.0002556192220215525	-0.0010519487967661778
-0.0007816574854446756	8.15062516634768e-06	0.003820013891272067	0.0003672336227666939	0.017930910235304243	-0.0021605735994549846	-0.00019320982246440188	9.0109957113782e-06
0.0005913493048197438	0.0004450164220688446	0.0035703762930423544	0.0005544618214394781	0.01992801102114372	-0.0017861172021103044	0.00018124657488094442	0.0010075613886311174
0.0004041211061478478	-0.0007407621695241229	0.002010141304105151	5.518662497960847e-05	0.019491145224241002	-0.002535029996800331	-0.0004428474206938926	-5.3398403846216524e-05
-0.000719248085887525	-0.0009279903681960189	0.001323637908972497	0.0003672336227666939	0.02005282982025869	-0.001910936001225494	-5.9816237920617965e-06	0.00044587679261343105
0.0005289399052621491	-0.0012400373659835484	0.00026267811649560713	0.00024241482365150446	0.019553554623798597	-0.0021605735994549846	-0.00038043802113674197	-0.00030303600207615133
-0.0004072010881002175	-0.001115218566868359	7.544991782282295e-05	0.0005544618214394781	0.019865601621585904	-0.0014116608047654022	0.0003060653739956898	0.0009451519890735227
0.0006537587043773385	-0.0016144937633284506	-0.000985509874654289	0.0003672336227666939	0.018804641829109014	-0.0014116608047654022	-6.839102334876834e-05	0.0025053869780111704
-0.000719248085887525	-0.0016144937633284506	-0.001609603870229126	0.00024241482365150446	0.018242957233091328	-0.0017861172021103044	5.642777576597702e-05	0.0039408031678334066
0.0007161681039349332	-0.0012400373659835484	-0.0015471944706719754	0.00018000542409390974	0.017244406840171367	-0.0024102111976846974	-0.00013080042290680716	0.005064172359868335
-0.0007816574854446756	-0.0010528091673112083	-0.0018592414684595049	0.00018000542409390974	0.015684171851234163	-0.0028470769945874164	-0.00019320982246440188	0.005750675755000767
-0.0007816574854446756	-0.00030389637262162594	-0.0017968320689016881	0.00024241482365150446	0.013874299264067469	-0.002722258195472671	-0.00013080042290680716	0.0077477765408402455
0.0007785775034920839	8.15062516634768e-06	-0.0014847850711143806	0.0006168712209964067	0.01243888307424501	-0.0024102111976846974	0.00024365597443853915	0.008559098735086978
-0.000719248085887525	-0.0005535339708513387	-0.002233697865804407	0.00011759602453631501	0.01044178228840531	-0.002347801798127991	-0.00013080042290680716	0.008434279935972677
0.000341711706589809	-0.001115218566868359	-0.003294657658281075	5.518662497960847e-05	0.009256003696813009	-0.002285392398569952	-0.0005052568202514873	0.005937903953672663
-0.0004696104876573681	-0.0009279903681960189	-0.0027329730622642767	0.0006168712209964067	0.009817688292830251	-0.0007251574096331925	-0.00019320982246440188	0.0039408031678334066
0.00046653050570455434	-0.0016769031628864894	-0.0033570670578391137	0.00018000542409390974	0.00782058750699055	-0.000600338610517559	-0.00013080042290680716	0.0038783937682753677
-0.0005944292867721135	-0.0016769031628864894	-0.003294657658281075	0.0004920524218818834	0.007258902910973308	-0.0003507010122882903	0.00011883717532312765	0.0036911655696030277
0.0007785775034920839	-0.0014272655646561105	-0.0033570670578391137	0.00018000542409390974	0.006447580716725909	-0.000600338610517559	-0.00013080042290680716	0.003628756170045433
0.0005913493048197438	-0.0014272655646561105	-0.0031698388591667737	0.00018000542409390974	0.006197943118496196	-0.0009123856083055326	-0.00019320982246440188	0.0039408031678334066
-0.0006568386863297082	-0.0008655809686388682	-0.0027329730622642767	0.0003672336227666939	0.006260352518053791	-0.0002882916127302515	-5.9816237920617965e-06	0.004190440766063563
0.0007161681039349332	-0.0008655809686388682	-0.0022961072653615577	0.0004920524218818834	0.006135533718938602	-0.00022588221317310087	0.00011883717532312765	0.0033791185718159422
-0.000719248085887525	-0.0010528091673112083	-0.0021088790666892177	0.00011759602453631501	0.005386620924249019	-0.00022588221317310087	-0.00013080042290680716	0.0031294809735857854
0.0005289399052621491	-0.0009279903681960189	-0.0019216508680168776	0.0003672336227666939	0.004325661131771907	-0.00016347281361550614	5.642777576597702e-05	0.002755024576240661
-0.0005944292867721135	-0.0007407621695241229	-0.0014847850711143806	0.0003672336227666939	0.0025781979441619196	0.00014857418417180135	-0.00019320982246440188	0.002130930580665824
0.0005289399052621491	-0.0008031715690812735	-0.0014847850711143806	0.00011759602453631501	0.0018292851494718931	0.00021098358372939607	-0.0002556192220215525	0.0016940647837635492
-0.0006568386863297082	-0.0006783527699665282	-0.00048623467819486343	0.0006168712209964067	0.0017668757499142984	0.0006478493806312269	0.00011883717532312765	0.0016316553842059545
-0.0005320198872149628	-0.00036630577217922067	7.544991782282295e-05	0.0003048242232090992	0.0020165133481446773	0.0007726681797468604	5.642777576597702e-05	0.0018188835828782945
0.0005913493048197438	-0.00036630577217922067	0.00044990631516772517	0.0003672336227666939	0.0020165133481446773	0.0004606211819593309	-5.9816237920617965e-06	0.001319608386419091
-0.0006568386863297082	-0.00024148697306403122	0.0008243627125124053	0.00024241482365150446	0.0026406073437195143	0.0005230305815169256	-5.9816237920617965e-06	0.0012571989868610522
0.0007785775034920839	-0.00024148697306403122	0.0013860473085303138	0.0006168712209964067	0.003514338937524286	0.0005230305815169256	0.00018124657488094442	0.0006331049912862152
-0.0008440668850027144	-0.0007407621695241229	0.0011988191098575296	-7.222774577986257e-06	0.0038263859353113716	8.616478461442867e-05	-5.9816237920617965e-06	0.00044587679261343105
0.0006537587043773385	-0.0006159433704084893	0.0016980943063171772	0.00042964302232384455	0.0059483055202658175	0.00039821178240173616	-0.00013080042290680716	0.0003210579934991298
-0.000719248085887525	-0.0008655809686388682	0.001573275507202876	0.0006168712209964067	0.007196493511416158	0.0005854399810745203	0.00018124657488094442	0.00025864859394153505
0.0007161681039349332	-0.0010528091673112083	0.001323637908972497	0.00011759602453631501	0.00782058750699055	0.0002733929832869908	-0.0002556192220215525	-0.00011580780340336716
0.0006537587043773385	-0.0014896749642137053	0.0012612285094151243	0.0005544618214394781	0.00913118489769782	0.0007102587801897098	0.00011883717532312765	0.00019623919438416237
-0.0004696104876573681	-0.0014896749642137053	0.0013860473085303138	0.0004920524218818834	0.010379372888847715	0.000835077579304011	0.00011883717532312765	0.0003210579934991298
0.0004041211061478478	-0.0020513595602311696	0.0007619533129552547	0.00018000542409390974	0.010691419886635467	0.00014857418417180135	-0.0002556192220215525	-0.0005526736003065302
-0.0006568386863297082	-0.0018017219620012348	0.0007619533129552547	0.00011759602453631501	0.011627560879997834	0.00021098358372939607	-6.839102334876834e-05	9.0109957113782e-06
0.0007161681039349332	-0.0014272655646561105	0.0006995439133981041	0.0004920524218818834	0.01225165487557267	8.616478461442867e-05	0.00018124657488094442	0.0011947895873039016
-0.0004696104876573681	-0.0011776279664263978	0.0007619533129552547	0.0004920524218818834	0.011502742080882644	-0.0002882916127302515	-6.839102334876834e-05	0.0012571989868610522
0.0006537587043773385	-0.0012400373659835484	0.0005123157147253199	0.0003672336227666939	0.011003466884422552	-0.00016347281361550614	-5.9816237920617965e-06	0.0016316553842059545
-0.0005944292867721135	-0.0006159433704084893	0.0003874969156103525	0.00042964302232384455	0.010379372888847715	-0.0002882916127302515	-5.9816237920617965e-06	0.0014444271855333923
-0.000719248085887525	-0.0007407621695241229	1.304051826522823e-05	5.518662497960847e-05	0.009318413096370604	-0.00041311041184544095	-0.0002556192220215525	0.0011947895873039016
0.0006537587043773385	-0.00024148697306403122	7.544991782282295e-05	0.0005544618214394781	0.009006366098583518	-3.865401450076078e-05	-5.9816237920617965e-06	0.0010699707881891563
-0.0005320198872149628	-0.0001790775735064365	0.0001378593173799736	0.00042964302232384455	0.008569500301681021	8.616478461442867e-05	0.00018124657488094442	0.0012571989868610522
0.00046653050570455434	-0.00030389637262162594	-0.00048623467819486343	0.00011759602453631501	0.007508540509203465	-0.0006627480100758198	-0.0002556192220215525	0.0016940647837635492
-0.000719248085887525	-5.4258774391247044e-05	-0.00048623467819486343	0.00018000542409390974	0.007196493511416158	-0.00041311041184544095	0.00024365597443853915	0.002567796377568765
0.0007785775034920839	0.0003826070225108058	-0.00023659707996470658	0.0006168712209964067	0.006759627714513883	-0.0005379292109606304	-5.9816237920617965e-06	0.0026926151766835105
-0.0007816574854446756	0.00025778822339606045	-0.0006734628768672035	0.0003672336227666939	0.0063851713171689806	-0.0007251574096331925	-6.839102334876834e-05	0.002755024576240661
0.0005913493048197438	0.0003826070225108058	-0.0010479192742118837	0.00024241482365150446	0.006135533718938602	-0.0007251574096331925	-0.00019320982246440188	0.0031294809735857854
0.0007785775034920839	0.0005074258216259953	-0.0008606910755395436	0.0006168712209964067	0.006572399515841099	-0.0003507010122882903	0.0003060653739956898	0.0037535749691606224
-0.0005944292867721135	0.00025778822339606045	-0.0013599662719996353	0.0003048242232090992	0.006073124319381007	-0.0004755198114030357	5.642777576597702e-05	0.0039408031678334066
0.000341711706589809	-0.0001790775735064365	-0.0018592414684595049	5.518662497960847e-05	0.0053242115246914246	-0.0009123856083055326	-0.0004428474206938926	0.00319189037314338
-0.00028238228898502804	0.0006322446207407406	-0.000985509874654289	0.0008040994196691909	0.006135533718938602	0.0002733929832869908	0.0005557029722256246	0.0018188835828782945
0.00027930230703265835	-0.00024148697306403122	-0.002046469667132067	-7.222774577986257e-06	0.004637708129558993	-0.0007875668091903432	5.642777576597702e-05	0.002567796377568765
-0.0005944292867721135	0.000132969424280871	-0.0014847850711143806	0.0003048242232090992	0.004637708129558993	-0.00016347281361550614	0.00018124657488094442	0.002380568178896203
0.0007785775034920839	0.00025778822339606045	-0.0012975568724415965	0.0003048242232090992	0.0042632517322138686	2.3755385056833944e-05	-5.9816237920617965e-06	0.0022557493797810135
-0.0006568386863297082	7.056002472349832e-05	-0.00142237567155723	0.00018000542409390974	0.003576748337081881	-0.00041311041184544095	-0.0002556192220215525	0.0012571989868610522
-0.0005944292867721135	8.15062516634768e-06	-0.0008606910755395436	0.0004920524218818834	0.0036391577366394756	0.00021098358372939607	0.00011883717532312765	0.0015692459846485818
0.0005913493048197438	-0.0001790775735064365	-0.0007982816759819489	0.0004920524218818834	0.00313988254017894	8.616478461442867e-05	-5.9816237920617965e-06	0.0008827425895165941
-0.0004696104876573681	0.000132969424280871	-0.00029900647952207926	0.0004920524218818834	0.0026406073437195143	0.0005230305815169256	0.00018124657488094442	0.0010699707881891563
0.0004041211061478478	-0.00030389637262162594	-0.0006110534773091647	0.00024241482365150446	0.001454828752127435	8.616478461442867e-05	-0.00019320982246440188	0.00044587679261343105
-0.0004072010881002175	0.00019537882383846572	0.0002002687169380124	0.0006168712209964067	0.0017668757499142984	0.0008974869788616058	-0.00031802862157914724	-0.0008023111985357989
0.0004041211061478478	-0.00036630577217922067	-0.00017418768040711186	0.00018000542409390974	0.00045627835920747373	0.0007726681797468604	-5.9816237920617965e-06	-0.0006774923994208315
-0.0005944292867721135	8.15062516634768e-06	0.00026267811649560713	0.0004920524218818834	0.00014423136141972215	0.0008974869788616058	-5.9816237920617965e-06	-0.0010519487967661778
0.0006537587043773385	0.000132969424280871	0.0008243627125124053	0.0004920524218818834	8.182196186212742e-05	0.001084715177534612	0.00011883717532312765	-0.0009271299976505443
0.0007161681039349332	0.00019537882383846572	0.0009491815116275948	0.0004920524218818834	-0.00016781563636780739	0.0007726681797468604	-5.9816237920617965e-06	-0.0013015863949956685
-0.000719248085887525	0.00019537882383846572	0.0010115909111851895	0.0003672336227666939	-0.00029263443548255275	0.0009598963784192005	-6.839102334876834e-05	-0.0013015863949956685
0.0007161681039349332	0.0003201976229532111	0.001323637908972497	0.0005544618214394781	-4.2996837252617937e-05	0.0009598963784192005	0.00011883717532312765	-0.0014888145936682307
-0.0007816574854446756	0.000132969424280871	0.0011988191098575296	0.00018000542409390974	-0.0004174532345981863	0.0006478493806312269	-0.00013080042290680716	-0.001426405194110858
0.0007785775034920839	0.00056983522118359	0.0014484567080876865	0.0005544618214394781	-4.2996837252617937e-05	0.0007726681797468604	-5.9816237920617965e-06	-0.0011767675958809232
-0.0006568386863297082	0.0005074258216259953	0.0014484567080876865	0.0003672336227666939	0.0003314595600925063	0.0008974869788616058	0.00018124657488094442	-0.0011143581963233284
0.0007785775034920839	0.0006322446207407406	0.0015108661076452812	0.0003048242232090992	0.00026905016053468955	0.0007102587801897098	5.642777576597702e-05	-0.001239176995438518
-0.0005944292867721135	0.0006322446207407406	0.0010115909111851895	0.0003672336227666939	8.182196186212742e-05	0.0005854399810745203	-0.00019320982246440188	-0.001426405194110858
-0.00034479168854262277	0.0010691104176434596	0.0016356849067595824	0.0007416900201120402	0.0012051911538975002	0.0012095339766489133	0.0004932935726680299	-0.00030303600207615133
0.0004041211061478478	0.00056983522118359	0.0008867721120700001	0.00018000542409390974	0.000393868959649879	0.0002733929832869908	-0.00031802862157914724	-0.000989539397208139
-0.000719248085887525	0.0009442916185282701	0.0010115909111851895	0.00018000542409390974	0.0007059159574369644	0.0005230305815169256	-0.00013080042290680716	-0.00017821720296096188
0.0009033963026077174	0.0013187480158731724	0.0016356849067595824	0.0008040994196691909	0.0013300099530122456	0.0008974869788616058	0.0004932935726680299	0.00019623919438416237
-0.000719248085887525	0.0010691104176434596	0.0010115909111851895	0.00018000542409390974	0.0009555535556673433	0.0002733929832869908	-0.001191760215383919	-0.0007399017989784262
-0.00028238228898502804	0.000132969424280871	-4.9368881292366495e-05	-0.0007561355692680127	0.0023909697454893575	0.0014591715748792922	0.0010549781686859383	0.002380568178896203
0.00027930230703265835	0.0025045266074654737	0.002197369502777269	0.0005544618214394781	0.0013300099530122456	0.00014857418417180135	0.00011883717532312765	0.0012571989868610522
0.0007161681039349332	0.001381157415430767	0.0006371345138396212	0.00011759602453631501	0.001017962955224938	-0.00010106341405791142	-5.9816237920617965e-06	0.001319608386419091
0.0005913493048197438	0.0012563386163160217	0.0005123157147253199	0.0003672336227666939	0.0008307347565521539	-0.00016347281361550614	-6.839102334876834e-05	0.0015692459846485818
-0.0005320198872149628	0.0015683856141035513	0.0007619533129552547	0.00042964302232384455	0.0010803723547818667	0.00014857418417180135	0.00018124657488094442	0.0018812929824363334
0.0004041211061478478	0.0012563386163160217	0.0003250875160523137	0.00024241482365150446	8.182196186212742e-05	-0.0002882916127302515	-0.00013080042290680716	0.0013820177859766858
-0.000719248085887525	0.0014435668149879177	0.0003874969156103525	0.00011759602453631501	-0.00016781563636780739	-0.00022588221317310087	-0.00013080042290680716	0.0018188835828782945
0.0005913493048197438	0.001630795013660702	0.0005123157147253199	0.0005544618214394781	-0.00029263443548255275	-0.00010106341405791142	0.00018124657488094442	0.0022557493797810135
-0.0004696104876573681	0.0016932044132180746	0.0006371345138396212	0.0005544618214394781	-0.0014160036275174814	-0.0005379292109606304	-0.0002556192220215525	0.001506836585090987
0.00046653050570455434	0.0012563386163160217	0.0001378593173799736	0.0005544618214394781	-0.001291184828402514	-3.865401450076078e-05	0.00011883717532312765	0.0020061117815510787
-0.0005944292867721135	0.001630795013660702	0.0003874969156103525	0.0003672336227666939	-0.0018528694244197563	-0.0002882916127302515	-5.9816237920617965e-06	0.001756474183321144
-0.0005944292867721135	0.0015059762145455124	0.00044990631516772517	0.0003048242232090992	-0.002164916422207064	-0.00016347281361550614	5.642777576597702e-05	0.001943702381993484
0.00046653050570455434	0.001193929216758427	7.544991782282295e-05	0.00018000542409390974	-0.0028514198173394956	-0.00041311041184544095	-0.0002556192220215525	0.0016316553842059545
-0.0004696104876573681	0.001630795013660702	0.0006371345138396212	0.0006168712209964067	-0.0024145540204374427	0.0002733929832869908	0.0003060653739956898	0.0020061117815510787
0.0005913493048197438	0.0011315198172008323	0.00026267811649560713	0.0003672336227666939	-0.0029138292168973123	-0.00022588221317310087	-6.839102334876834e-05	0.0014444271855333923
-0.0005320198872149628	0.001193929216758427	0.0003250875160523137	0.0003672336227666939	-0.0028514198173394956	-3.865401450076078e-05	-0.00013080042290680716	0.0012571989868610522
0.0005289399052621491	0.0010691104176434596	0.0001378593173799736	0.00042964302232384455	-0.0029138292168973123	2.3755385056833944e-05	5.642777576597702e-05	0.001319608386419091
-0.0005944292867721135	0.0011315198172008323	0.0003250875160523137	0.0003048242232090992	-0.0032882856142422145	-0.0003507010122882903	-0.00013080042290680716	0.0011323801877463069
0.0004041211061478478	0.0010067010180856428	0.0005747251142829146	0.00042964302232384455	-0.0026641916186669334	0.00014857418417180135	0.00018124657488094442	0.0015692459846485818
0.0007785775034920839	0.001381157415430767	0.0006995439133981041	0.0006168712209964067	-0.002539372819552188	0.00014857418417180135	0.00018124657488094442	0.0014444271855333923
-0.0007816574854446756	0.0010067010180856428	0.0003874969156103525	0.00018000542409390974	-0.002601782219109783	-3.865401450076078e-05	-0.00013080042290680716	0.0012571989868610522
0.000341711706589809	0.0006322446207407406	0.0001378593173799736	0.00011759602453631501	-0.002789010417782123	-0.0005379292109606304	-0.00038043802113674197	0.00069551439084381
-0.0004696104876573681	0.001193929216758427	0.0006371345138396212	0.0004920524218818834	-0.0019776882235349458	0.00021098358372939607	0.00011883717532312765	0.0014444271855333923
0.0007161681039349332	0.0011315198172008323	0.0008243627125124053	0.0007416900201120402	-0.001728050625305011	0.00039821178240173616	-0.00013080042290680716	0.0010075613886311174
-0.000719248085887525	0.0006946540202983353	0.0003874969156103525	0.00018000542409390974	-0.0020400976230920964	-3.865401450076078e-05	-0.00019320982246440188	0.0010699707881891563
0.00046653050570455434	0.0007570634198559301	0.0003874969156103525	0.0005544618214394781	-0.0011663660292873246	0.0005230305815169256	0.00024365597443853915	0.0014444271855333923
-0.0004696104876573681	0.0010691104176434596	0.0003874969156103525	0.00024241482365150446	-0.0015408224266326709	-0.00010106341405791142	-0.00019320982246440188	0.0008827425895165941
-0.0005944292867721135	0.0010067010180856428	0.0008243627125124053	0.0003048242232090992	-0.0009791378306149845	0.00021098358372939607	-5.9816237920617965e-06	0.0012571989868610522
0.0006537587043773385	0.0008818822189706754	0.0007619533129552547	0.00042964302232384455	-0.000854319031499795	0.00033580238284414143	5.642777576597702e-05	0.0010699707881891563
-0.0004696104876573681	0.0010067010180856428	0.0011364097102999349	0.0006168712209964067	-0.00029263443548255275	0.0006478493806312269	0.00024365597443853915	0.0013820177859766858
0.00046653050570455434	0.00056983522118359	0.0006371345138396212	0.00024241482365150446	-0.0007295002323854938	2.3755385056833944e-05	-0.00019320982246440188	0.0009451519890735227
-0.0007816574854446756	0.0006946540202983353	0.0007619533129552547	0.00024241482365150446	-0.0004174532345981863	0.00033580238284414143	0.00043088417311043514	0.001319608386419091
0.000965805702164646	0.0010691104176434596	0.001323637908972497	0.0008665088192267856	-0.00010540623681021266	0.00033580238284414143	-6.839102334876834e-05	0.0007579237904009606
-0.000719248085887525	0.00056983522118359	0.0007619533129552547	0.0003048242232090992	1.9412562304976788e-05	0.00014857418417180135	-6.839102334876834e-05	0.00044587679261343105
0.0005913493048197438	0.0004450164220688446	0.0007619533129552547	0.00024241482365150446	0.00014423136141972215	0.0004606211819593309	-6.839102334876834e-05	0.00069551439084381
0.0007785775034920839	0.0007570634198559301	0.0011988191098575296	0.0007416900201120402	0.0005186877587650685	0.0007102587801897098	0.0003060653739956898	0.0007579237904009606
-0.0006568386863297082	0.0005074258216259953	0.0008867721120700001	0.00024241482365150446	0.00014423136141972215	0.00039821178240173616	-5.9816237920617965e-06	0.0006331049912862152
0.0005289399052621491	0.0005074258216259953	0.0006995439133981041	0.0003672336227666939	-0.0002302250359254021	0.00021098358372939607	-0.00013080042290680716	0.0003834673930567245
-0.0004072010881002175	0.0008194728194130807	0.0011988191098575296	0.0006792806205540014	0.0005186877587650685	0.000835077579304011	0.0003684747735532845	0.0003834673930567245
0.0005289399052621491	0.0003201976229532111	0.0005747251142829146	0.00018000542409390974	-0.00029263443548255275	-0.00010106341405791142	-6.839102334876834e-05	0.00069551439084381
-0.000719248085887525	0.00056983522118359	0.0007619533129552547	0.0003048242232090992	8.182196186212742e-05	0.0002733929832869908	0.00011883717532312765	0.0008203331899589994
0.0007161681039349332	0.0006322446207407406	0.0009491815116275948	0.00018000542409390974	-0.00029263443548255275	2.3755385056833944e-05	-0.00013080042290680716	0.0007579237904009606
-0.000719248085887525	0.0004450164220688446	0.0006995439133981041	0.0003672336227666939	-0.0002302250359254021	2.3755385056833944e-05	-0.00013080042290680716	0.0007579237904009606
-0.0005944292867721135	0.0006322446207407406	0.0008243627125124053	0.00042964302232384455	0.00014423136141972215	0.00014857418417180135	0.00011883717532312765	0.0011947895873039016
0.0006537587043773385	0.0004450164220688446	0.0006371345138396212	0.0003672336227666939	1.9412562304976788e-05	-0.00016347281361550614	-6.839102334876834e-05	0.0010075613886311174
-0.0005944292867721135	0.0004450164220688446	0.0005747251142829146	0.0003048242232090992	8.182196186212742e-05	-0.00016347281361550614	-5.9816237920617965e-06	0.0011323801877463069
0.0005913493048197438	0.0005074258216259953	0.0005747251142829146	0.0004920524218818834	1.9412562304976788e-05	-0.00016347281361550614	-6.839102334876834e-05	0.0015692459846485818
-0.0007816574854446756	0.0004450164220688446	0.0005123157147253199	0.00024241482365150446	0.00014423136141972215	-0.0002882916127302515	-0.00013080042290680716	0.0015692459846485818
0.0005289399052621491	0.0005074258216259953	0.0005123157147253199	0.0003672336227666939	0.00045627835920747373	2.3755385056833944e-05	0.00011883717532312765	0.002130930580665824
-0.0004696104876573681	0.0009442916185282701	0.0006995439133981041	0.0005544618214394781	0.0003314595600925063	-0.0002882916127302515	5.642777576597702e-05	0.001756474183321144
0.0007161681039349332	0.0006322446207407406	0.0003250875160523137	0.00024241482365150446	0.00045627835920747373	-0.00041311041184544095	-5.9816237920617965e-06	0.0018812929824363334
0.00046653050570455434	0.00025778822339606045	0.0001378593173799736	0.00018000542409390974	0.0003314595600925063	-0.0007875668091903432	-0.0002556192220215525	0.0015692459846485818
-0.0005944292867721135	0.0006322446207407406	0.00044990631516772517	0.00042964302232384455	0.0008931441561093045	-0.0002882916127302515	0.00011883717532312765	0.002318158779338164
0.0005913493048197438	0.0004450164220688446	0.0005123157147253199	0.0004920524218818834	0.0008931441561093045	-0.0004755198114030357	5.642777576597702e-05	0.0020061117815510787
-0.0005944292867721135	0.00056983522118359	0.0003250875160523137	0.0003048242232090992	0.001017962955224938	-0.00041311041184544095	5.642777576597702e-05	0.0020061117815510787
0.0005913493048197438	0.0005074258216259953	0.0003250875160523137	0.0004920524218818834	0.0008307347565521539	-0.0005379292109606304	0.00011883717532312765	0.0022557493797810135
-0.0004696104876573681	0.0006322446207407406	0.0005747251142829146	0.00042964302232384455	0.0009555535556673433	-0.0006627480100758198	-0.0002556192220215525	0.0016316553842059545
0.00046653050570455434	0.00019537882383846572	7.544991782282295e-05	0.0003672336227666939	0.0013300099530122456	-0.00022588221317310087	5.642777576597702e-05	0.002130930580665824
-0.0005944292867721135	0.0003826070225108058	0.0005123157147253199	0.0006168712209964067	0.001642056950799331	-0.00010106341405791142	0.00018124657488094442	0.0020685211811086734
-0.0007816574854446756	8.15062516634768e-06	7.544991782282295e-05	0.00011759602453631501	0.0012676005534546508	-0.0004755198114030357	-0.00019320982246440188	0.0016316553842059545
0.0007785775034920839	0.00025778822339606045	0.0003250875160523137	0.00042964302232384455	0.0013300099530122456	-0.00016347281361550614	5.642777576597702e-05	0.0018188835828782945
-0.0006568386863297082	0.000132969424280871	0.00026267811649560713	0.00024241482365150446	0.0013300099530122456	-0.00022588221317310087	-6.839102334876834e-05	0.0018812929824363334
0.0006537587043773385	0.000132969424280871	0.00044990631516772517	0.0004920524218818834	0.001642056950799331	-3.865401450076078e-05	0.00011883717532312765	0.0020061117815510787
-0.0004696104876573681	0.00025778822339606045	0.0006995439133981041	0.0004920524218818834	0.0021413321472594227	0.0002733929832869908	-0.00038043802113674197	0.0011323801877463069
0.0004041211061478478	-0.00030389637262162594	-4.9368881292366495e-05	0.00024241482365150446	0.0028278355423918544	0.0005854399810745203	0.0003060653739956898	0.001756474183321144
-0.00034479168854262277	0.000132969424280871	0.0006995439133981041	0.0003048242232090992	0.0023909697454893575	-0.00010106341405791142	-0.00013080042290680716	0.0009451519890735227
0.00046653050570455434	-0.000491124571293966	0.0002002687169380124	0.00024241482365150446	0.0027654261428342597	0.00021098358372939607	-5.9816237920617965e-06	0.0011947895873039016
0.0005913493048197438	-0.00036630577217922067	0.0001378593173799736	0.0003672336227666939	0.0027654261428342597	0.00021098358372939607	-0.00013080042290680716	0.0010699707881891563
-0.0005320198872149628	-0.00036630577217922067	0.0003250875160523137	0.0003672336227666939	0.0032647013392941293	0.0005230305815169256	0.00011883717532312765	0.001319608386419091
0.0005913493048197438	-0.0005535339708513387	7.544991782282295e-05	0.0003672336227666939	0.00313988254017894	0.00014857418417180135	-6.839102334876834e-05	0.0010075613886311174
-0.0006568386863297082	-0.00030389637262162594	0.0001378593173799736	0.00042964302232384455	0.003576748337081881	0.0005230305815169256	-5.9816237920617965e-06	0.001319608386419091
0.0007785775034920839	-0.0004287151717359272	0.0003874969156103525	0.0006792806205540014	0.004138432933098901	0.0005854399810745203	-0.0002556192220215525	0.0007579237904009606
-0.0008440668850027144	-0.0008031715690812735	-0.00017418768040711186	5.518662497960847e-05	0.004200842332656718	8.616478461442867e-05	-5.9816237920617965e-06	0.0011323801877463069
0.0006537587043773385	-0.0006783527699665282	0.0001378593173799736	0.0004920524218818834	0.004762526928673738	0.00039821178240173616	0.00011883717532312765	0.0016940647837635492
-0.0004696104876573681	-0.000491124571293966	-4.9368881292366495e-05	0.00042964302232384455	0.005199392725576679	0.00014857418417180135	-5.9816237920617965e-06	0.0013820177859766858
-0.0005320198872149628	-0.0008031715690812735	-4.9368881292366495e-05	0.00024241482365150446	0.005698667922036549	0.00014857418417180135	-5.9816237920617965e-06	0.001756474183321144
0.00027930230703265835	-0.0012400373659835484	-0.0007982816759819489	0.00011759602453631501	0.00563625852247851	-0.0004755198114030357	-0.0004428474206938926	0.001319608386419091
-0.00028238228898502804	-0.0006159433704084893	7.544991782282295e-05	0.0006792806205540014	0.007134084111858119	0.00039821178240173616	0.00043088417311043514	0.002380568178896203
0.0004041211061478478	-0.0013648561650987379	-0.0008606910755395436	5.518662497960847e-05	0.006509990116283726	-0.0006627480100758198	-0.00031802862157914724	0.0024429775784535757
-0.0005320198872149628	-0.0008655809686388682	-0.00048623467819486343	0.0003672336227666939	0.007258902910973308	-0.00010106341405791142	-5.9816237920617965e-06	0.0024429775784535757
0.0006537587043773385	-0.0011776279664263978	-0.0006734628768672035	0.00042964302232384455	0.007258902910973308	-0.00041311041184544095	0.00011883717532312765	0.0029422527749134453
-0.0005320198872149628	-0.0010528091673112083	-0.0006110534773091647	0.00018000542409390974	0.007134084111858119	-0.0009123856083055326	-0.00013080042290680716	0.0028798433753562946
0.0005289399052621491	-0.0012400373659835484	-0.0007358722764243542	0.0003672336227666939	0.0074461311096458704	-0.000600338610517559	-5.9816237920617965e-06	0.0033791185718159422
0.0006537587043773385	-0.001115218566868359	-0.0005486440777524582	0.0004920524218818834	0.00757094990876106	-0.0006627480100758198	5.642777576597702e-05	0.0033791185718159422
-0.0007816574854446756	-0.0013648561650987379	-0.000985509874654289	5.518662497960847e-05	0.0074461311096458704	-0.0009123856083055326	-0.0002556192220215525	0.0033791185718159422
0.0005913493048197438	-0.0011776279664263978	-0.0008606910755395436	0.0003672336227666939	0.00757094990876106	-0.001037204407420722	-6.839102334876834e-05	0.0037535749691606224
-0.0004696104876573681	-0.001115218566868359	-0.0005486440777524582	0.00042964302232384455	0.008257453303893492	-0.0007251574096331925	0.00018124657488094442	0.0035039373709311317
0.000341711706589809	-0.00173931256244364	-0.0013599662719996353	5.518662497960847e-05	0.007508540509203465	-0.0013492514052078075	5.642777576597702e-05	0.004128031366505525
-0.0005320198872149628	-0.0013648561650987379	-0.0009231004750971383	0.0003048242232090992	0.00807022510522093	-0.001224432606092618	-0.00038043802113674197	0.003628756170045433
0.00046653050570455434	-0.0018017219620012348	-0.0014847850711143806	0.0006168712209964067	0.009380822495928198	-0.0004755198114030357	0.0003684747735532845	0.004689715962522989
-0.0004072010881002175	-0.0016769031628864894	-0.0012975568724415965	0.0003672336227666939	0.009380822495928198	-0.0009123856083055326	-6.839102334876834e-05	0.0043776689647359035
-0.000719248085887525	-0.002176178359346137	-0.0013599662719996353	0.00018000542409390974	0.009568050694600538	-0.0009747950078631273	-0.00019320982246440188	0.004252850165620714
0.0008409869030494566	-0.00173931256244364	-0.0007982816759819489	0.0006168712209964067	0.0097552788932731	-0.0008499762087479379	0.00024365597443853915	0.004939353560753146
-0.0008440668850027144	-0.0020513595602311696	-0.0011727380733270731	-6.963217413558098e-05	0.008631909701237728	-0.001474070204322775	-0.00038043802113674197	0.005064172359868335
0.0007785775034920839	-0.0013648561650987379	-0.0007982816759819489	0.0003672336227666939	0.008444681502565832	-0.0012868420056499907	-5.9816237920617965e-06	0.005563447556328205
-0.0008440668850027144	-0.0016144937633284506	-0.0010479192742118837	0.00011759602453631501	0.008132634504778302	-0.001224432606092618	0.0003684747735532845	0.006000313353230258
0.0009033963026077174	-0.0014272655646561105	-0.0004238252786372687	0.0008040994196691909	0.008881547299468107	-0.0007251574096331925	-5.9816237920617965e-06	0.005126581759425486
-0.0005944292867721135	-0.0019265407611159802	-0.0008606910755395436	0.0003048242232090992	0.00913118489769782	-0.0006627480100758198	-0.00013080042290680716	0.004876944161195551
0.0005289399052621491	-0.002176178359346137	-0.0004238252786372687	0.0005544618214394781	0.009817688292830251	2.3755385056833944e-05	0.00018124657488094442	0.005438628757212571
0.0004041211061478478	-0.0028626817544783467	-0.0013599662719996353	0.00018000542409390974	0.009630460094157911	-0.0007251574096331925	-0.0002556192220215525	0.0043776689647359035
-0.0005944292867721135	-0.0028626817544783467	-0.0014847850711143806	0.00024241482365150446	0.011065876283980591	-0.0003507010122882903	-6.839102334876834e-05	0.004689715962522989
0.0008409869030494566	-0.0026754535558055625	-0.0012975568724415965	0.0006168712209964067	0.012064426676900109	-0.00010106341405791142	0.00024365597443853915	0.004876944161195551
-0.000906476284559421	-0.0031123193527080595	-0.0019216508680168776	-6.963217413558098e-05	0.01181478907866973	-0.0006627480100758198	-0.00038043802113674197	0.004876944161195551
0.0005913493048197438	-0.0024882253571336665	-0.001609603870229126	0.0003672336227666939	0.012189245476015076	-0.0003507010122882903	-0.00013080042290680716	0.005563447556328205
-0.0006568386863297082	-0.002176178359346137	-0.0017968320689016881	0.00018000542409390974	0.01243888307424501	-0.00010106341405791142	0.00018124657488094442	0.005376219357655421
0.0007785775034920839	-0.0019265407611159802	-0.0017968320689016881	0.00011759602453631501	0.012501292473802605	-0.00016347281361550614	-0.0002556192220215525	0.004814534761637956
-0.0008440668850027144	-0.0023009971584613265	-0.0019216508680168776	0.0006168712209964067	0.013312614668049783	0.00033580238284414143	0.00024365597443853915	0.005064172359868335
-0.0007816574854446756	-0.0024882253571336665	-0.002420926064476303	0.00011759602453631501	0.012938158270705102	2.3755385056833944e-05	-0.00031802862157914724	0.004814534761637956
0.0007785775034920839	-0.0023009971584613265	-0.0019216508680168776	0.0006168712209964067	0.013687071065394685	0.0004606211819593309	0.00018124657488094442	0.004752125362080584
-0.0007816574854446756	-0.0028626817544783467	-0.0022961072653615577	0.00011759602453631501	0.013687071065394685	0.00014857418417180135	-0.00019320982246440188	0.004440078364293498
0.0006537587043773385	-0.0027378629553636014	-0.0017344226693443154	0.0003672336227666939	0.013874299264067469	8.616478461442867e-05	-5.9816237920617965e-06	0.004939353560753146
-0.0005944292867721135	-0.0027378629553636014	-0.0012351474728844458	0.0003672336227666939	0.01412393686229696	0.00021098358372939607	-0.0002556192220215525	0.004689715962522989
0.00046653050570455434	-0.0029250911540359414	-0.0013599662719996353	0.00018000542409390974	0.013375024067606933	-0.00022588221317310087	-6.839102334876834e-05	0.005376219357655421
-0.0005944292867721135	-0.002425815957576072	-0.0007982816759819489	0.0003672336227666939	0.01275093007203254	-0.000600338610517559	-0.0002556192220215525	0.005438628757212571
0.0005289399052621491	-0.002363406558018477	-0.0004238252786372687	0.0005544618214394781	0.01275093007203254	-0.00010106341405791142	0.00024365597443853915	0.005563447556328205
0.0004041211061478478	-0.0021137689597885423	-0.000985509874654289	0.00011759602453631501	0.011752379679113023	-0.0008499762087479379	-0.0002556192220215525	0.004190440766063563
-0.0006568386863297082	-0.0016769031628864894	-0.0009231004750971383	0.00018000542409390974	0.011689970279555428	-0.0004755198114030357	-0.00019320982246440188	0.004440078364293498
0.0009033963026077174	-0.0015520843637713	-0.0006110534773091647	0.0007416900201120402	0.012126836076457703	2.3755385056833944e-05	0.0003684747735532845	0.004315259565177865
-0.0008440668850027144	-0.0021137689597885423	-0.0012975568724415965	-7.222774577986257e-06	0.011502742080882644	-0.0004755198114030357	-0.00031802862157914724	0.0033791185718159422
0.0005289399052621491	-0.0020513595602311696	-0.0012351474728844458	0.00024241482365150446	0.01181478907866973	-0.0005379292109606304	-0.00013080042290680716	0.0035663467704887264
-0.0005944292867721135	-0.001988950160673575	-0.0011103286737692564	0.0003048242232090992	0.013811889864509874	-0.00010106341405791142	0.00018124657488094442	0.003441527971373537
0.0007161681039349332	-0.002425815957576072	-0.000985509874654289	5.518662497960847e-05	0.014248755661412149	-0.000600338610517559	-0.00019320982246440188	0.0039408031678334066
-0.0006568386863297082	-0.003049909953151131	-0.001609603870229126	0.00024241482365150446	0.014997668456101731	-0.0009123856083055326	-0.0002556192220215525	0.0039408031678334066
-0.0004072010881002175	-0.003237138151823249	-0.0011727380733270731	0.0003672336227666939	0.01605862824857951	-0.000600338610517559	5.642777576597702e-05	0.004689715962522989
0.0005289399052621491	-0.0037988227478409353	-0.0017968320689016881	0.0003672336227666939	0.016869950442826687	-0.00041311041184544095	-6.839102334876834e-05	0.004502487763850649
-0.0005944292867721135	-0.00386123214739853	-0.0017344226693443154	0.00018000542409390974	0.01774368203663146	-0.000600338610517559	-6.839102334876834e-05	0.004876944161195551
0.0005289399052621491	-0.003611594549167929	-0.0018592414684595049	0.0003048242232090992	0.017369225639286112	-0.0004755198114030357	-0.00019320982246440188	0.004752125362080584
-0.0005944292867721135	-0.0026754535558055625	-0.0013599662719996353	0.0003048242232090992	0.015496943652561823	0.00021098358372939607	-0.00013080042290680716	0.0031294809735857854
0.0006537587043773385	-0.0012400373659835484	-0.0010479192742118837	0.0003672336227666939	0.007134084111858119	0.0005854399810745203	-6.839102334876834e-05	0.0015692459846485818
-0.000719248085887525	0.00025778822339606045	-0.0004238252786372687	0.0005544618214394781	0.004325661131771907	0.000835077579304011	0.00011883717532312765	-0.00011580780340336716
0.0007161681039349332	0.0014435668149879177	7.544991782282295e-05	0.00018000542409390974	0.002515788544604547	0.0011471245770917626	-0.00013080042290680716	-0.001863270991013355
0.0005913493048197438	0.001630795013660702	0.0002002687169380124	0.0003048242232090992	0.0015796475512417363	0.001271943376206508	-0.00013080042290680716	-0.0029866401830478395
-0.0005320198872149628	0.001818023212333264	0.0008867721120700001	0.0005544618214394781	0.0018916945490294879	0.0017712185726665997	0.00024365597443853915	-0.0027994119843752774
0.0006537587043773385	0.0015683856141035513	0.0013860473085303138	0.00042964302232384455	0.002266150946374168	0.0005230305815169256	-5.9816237920617965e-06	-0.0032362777812782184
-0.0005320198872149628	0.0015059762145455124	0.0016356849067595824	0.0003048242232090992	0.0017044663503569257	0.001084715177534612	-5.9816237920617965e-06	-0.002487364986587748
0.00046653050570455434	0.0015059762145455124	0.0015108661076452812	0.0003672336227666939	0.0012676005534546508	0.0009598963784192005	0.0003684747735532845	-0.001426405194110858
-0.0004072010881002175	0.0019428420114480094	0.0020725507036627455	0.0006792806205540014	0.0013300099530122456	0.00021098358372939607	-0.00038043802113674197	-0.000989539397208139
0.000341711706589809	0.001630795013660702	0.0012612285094151243	0.0005544618214394781	0.002453379145046508	0.000835077579304011	0.0003060653739956898	0.0003210579934991298
-0.0004072010881002175	0.0021300702101207936	0.0008867721120700001	0.0003672336227666939	0.002453379145046508	0.00033580238284414143	-0.00013080042290680716	-0.00030303600207615133
-0.0005320198872149628	0.0018804326118908588	0.0007619533129552547	0.00042964302232384455	0.0032022919397369787	0.0007102587801897098	5.642777576597702e-05	-0.00017821720296096188
0.0005289399052621491	0.0018804326118908588	0.00044990631516772517	0.0003672336227666939	0.0029526543415065998	0.0004606211819593309	-6.839102334876834e-05	-0.0008023111985357989
