Sensor_1	Sensor_2	Sensor_3	Sensor_4	Sensor_5	Sensor_6	Sensor_7	Sensor_8
-0.0004098983419804636	-0.0022973562147792226	-0.0024165793105777045	0.00033771202599197636	-0.003605854282880294	-0.0024787944667623574	-0.00012987908800621284	0.012307947422662835
0.0006510614504970924	-0.004107228801945917	-0.0032903109043824763	0.00027530262643438164	-0.0016087534970408157	-0.0016674722725147362	-6.746968844817403e-05	0.0120583098244329
0.0007758802496118378	-0.005105779194865878	-0.002291760511462959	0.0005249402246647605	-0.003668263682437445	-0.0008561500782675591	0.00011975851022372197	0.011496625228415658
-0.0006595359402099543	-0.004856141596635943	-0.0024789887101357433	8.807442776248564e-05	-0.004916451673587119	-0.0020419286698598604	-0.00012987908800621284	0.011621444027530847
0.000526242651381903	-0.00367036300504342	-0.0026662169088080834	0.00033771202599197636	-0.008848243845709147	-0.0015426534733999908	-0.00019228848756380756	0.011246987630185723
-0.00047230774153761423	-0.00404481940238921	-0.0013556195181010366	0.0004625308251067217	-0.0069135524594270414	-0.0008561500782675591	0.00011975851022372197	0.015490826800094837
0.0003390144527095629	-0.004918550996193538	-0.0019797135136758737	-9.915377091007649e-05	-0.004729223474914779	-0.0020419286698598604	-5.060288891467479e-06	0.016302148994342014
-0.0004098983419804636	-0.00404481940238921	-0.0017300759154457168	0.0002128932268767869	-0.004229948278455131	-0.003165297861894789	-0.00019228848756380756	0.016302148994342014
0.000526242651381903	-0.00367036300504342	-0.0021669417123482138	0.0002128932268767869	-0.0071007806580991595	-0.0024163850672043186	-6.746968844817403e-05	0.016489377193014798
-0.0006595359402099543	-0.0022973562147792226	-0.0006691161229686049	0.0002128932268767869	-0.009597156640399174	-0.0039142106565843715	-0.0002546978871209582	0.012744813219565332
-0.0007219453397677711	0.0005734761648656939	-0.0011059819198706577	0.00033771202599197636	-0.01427786160721034	-0.0009185594778251538	-0.00012987908800621284	0.011496625228415658
0.0007134708500546871	0.0006982949639804392	-0.0018548947145609063	0.0004625308251067217	-0.014090633408538	-0.0010433782769403432	-5.060288891467479e-06	0.011059759431513161
-0.0008467641388829605	-0.000737121225842019	-0.0032279015048257698	2.5665028204890916e-05	-0.011094982229778783	-0.001917109870745115	-0.0002546978871209582	0.012932041418237672
0.000526242651381903	-0.000924349424513915	-0.0019797135136758737	0.0002128932268767869	-0.011531848026681057	-0.0032901166610090904	-0.0003171072866785529	0.013368907215139947
-0.0005971265406523596	-0.0012363964223014445	-0.0017300759154457168	0.00033771202599197636	-0.013092083015618039	-0.0016050628729571415	-6.746968844817403e-05	0.013493726014255136
0.0005886520509394977	-0.0022973562147792226	-0.0018548947145609063	0.0004001214255495711	-0.011344619828008717	-0.0026660226654346975	-5.060288891467479e-06	0.014866732804519556
-0.0006595359402099543	-0.001798081018319131	-0.0024789887101357433	0.0001504838273191922	-0.010034022437301449	-0.004725532850831993	-0.00037951668623614765	0.015428417400537242
0.0004014238522676017	-0.0021101280161064384	-0.001667666515888122	0.0005249402246647605	-0.007724874653674441	-0.004538304652159431	0.0003069867088962841	0.015490826800094837
0.0003390144527095629	-0.0014236246209740067	-0.0024165793105777045	2.5665028204890916e-05	-0.011094982229778783	-0.004600714051716803	-0.00037951668623614765	0.012807222619122927
-0.0005971265406523596	-0.001173987022744294	-0.0020421229132334684	0.00027530262643438164	-0.012780036017830732	-0.0031028884623371944	-6.746968844817403e-05	0.013556135413812509
0.000526242651381903	-0.0015484434200891961	-0.003165492105268175	0.00027530262643438164	-0.012655217218715986	-0.0026036132658771027	-0.00019228848756380756	0.014866732804519556
-0.0006595359402099543	-0.0018604904178767256	-0.0036647673017278226	0.0001504838273191922	-0.011656666825796247	-0.0032901166610090904	-0.00019228848756380756	0.0120583098244329
0.0006510614504970924	-0.0017356716187615362	-0.0045384988955330385	0.0004001214255495711	-0.011407029227565868	-0.0024787944667623574	-6.746968844817403e-05	0.011122168831070756
-0.0006595359402099543	-0.0023597656143363732	-0.003914404899957757	0.00027530262643438164	-0.010096431836858821	-0.0026036132658771027	-5.060288891467479e-06	0.010435665435938546
0.0007134708500546871	-0.0024845844134515627	-0.0035399485026130773	2.5665028204890916e-05	-0.011094982229778783	-0.001480244073842396	-0.00037951668623614765	0.011184578230627684
-0.0007219453397677711	-0.002422175013893968	-0.004164042498187692	0.0004625308251067217	-0.010782935231991031	-0.002541203866319952	-5.060288891467479e-06	0.012307947422662835
-0.000534717141095209	-0.001361215221416634	-0.00428886129730266	0.0005249402246647605	-0.008286559249691905	-0.0022291568685324226	0.00011975851022372197	0.013368907215139947
0.0004014238522676017	-0.0016732622192043856	-0.003976814299514908	2.5665028204890916e-05	-0.00841137804880665	-0.003227707261452384	-0.000504335485350893	0.012682403820007737
-0.00047230774153761423	-0.001173987022744294	-0.002354169911020554	0.0005873496242223553	-0.009659566039956768	-0.0026036132658771027	0.00011975851022372197	0.014804323404962405
0.0007134708500546871	-0.0008619400249567644	-0.002291760511462959	0.0004625308251067217	-0.014465089805883125	-0.0014178346742850234	5.7349110666571335e-05	0.011559034627973253
-0.0008467641388829605	0.0007607043635380339	-0.002728626308365678	-3.674437135270381e-05	-0.018209653779332813	-0.0016050628729571415	-0.00012987908800621284	0.01237035682222043
0.0005886520509394977	0.0011351607608829362	-0.0006067067234105661	0.0004001214255495711	-0.02270313054747164	0.0002672191137673696	-6.746968844817403e-05	0.012994450817794823
-0.0005971265406523596	0.00032383856663531496	1.738727216382685e-05	0.0007121684233368786	-0.01939543237092467	7.999091509480749e-05	0.00024457730933913346	0.011621444027530847
0.0007758802496118378	-0.0003626648284971168	-0.00029465972562348064	0.0002128932268767869	-0.017273512785970002	0.0006416755111116057	-0.00012987908800621284	0.010810121833282782
0.0005886520509394977	-0.002422175013893968	0.00020461547083661102	0.0004001214255495711	-0.01627496239305004	-0.0002944654822498727	-0.00019228848756380756	0.011871081625760116
-0.000534717141095209	-0.0020477186165490657	0.0007038906672967027	0.0004001214255495711	-0.014340271006767935	-0.0017922910716299256	5.7349110666571335e-05	0.013493726014255136
0.00021419565359503956	-0.0026718126121234587	-0.00029465972562348064	-9.915377091007649e-05	-0.014589908604997648	-0.002166747468974606	-0.0005667448849084877	0.013431316614697542
-0.000534717141095209	-0.002234946815221628	0.0005790718681815132	0.00033771202599197636	-0.01240557962048583	-0.0015426534733999908	-5.060288891467479e-06	0.015241189201864458
0.0006510614504970924	-0.002172537415664033	0.0011407564641985335	0.0005249402246647605	-0.013279311214290823	-0.0009809688773827485	0.00011975851022372197	0.015428417400537242
-0.000534717141095209	-0.001985309216991471	0.001640031660658181	0.0004001214255495711	-0.015775687196590393	-0.002166747468974606	-0.00019228848756380756	0.014055410610272379
0.000526242651381903	-0.0014860340205316014	0.0003918436695089511	0.00033771202599197636	-0.01421545220765319	-0.0013554252747274287	-6.746968844817403e-05	0.013743363612485293
-0.0005971265406523596	-0.0014236246209740067	-0.00035706912518107536	0.0005873496242223553	-0.014090633408538	-0.0011057876764970498	0.00011975851022372197	0.013431316614697542
-0.0009091735384396671	-0.0023597656143363732	-0.001480438317215782	-3.674437135270381e-05	-0.013154492415175856	-0.001480244073842396	-0.000504335485350893	0.011995900424875527
0.0007134708500546871	-0.0018604904178767256	-0.0015428477167733767	0.0004001214255495711	-0.011968713823583554	-0.0016050628729571415	-5.060288891467479e-06	0.011559034627973253
-0.0005971265406523596	-0.002234946815221628	-0.0022293511119058085	0.00033771202599197636	-0.010658116432876286	-0.0010433782769403432	-0.00012987908800621284	0.013431316614697542
0.0007134708500546871	-0.0016732622192043856	-0.0020421229132334684	0.0005249402246647605	-0.010970163430664037	-0.0013554252747274287	5.7349110666571335e-05	0.014492276407174876
-0.0008467641388829605	-0.0015484434200891961	-0.002728626308365678	-0.00022397257002526594	-0.011157391629336377	-0.002541203866319952	0.00011975851022372197	0.013618544813370326
0.0007758802496118378	-0.00023784602938192734	-0.002541398109693338	0.0007121684233368786	-0.009971613037743854	-0.002978069663222227	0.00011975851022372197	0.01224553802310524
-0.000534717141095209	0.0005734761648656939	-0.002728626308365678	0.0002128932268767869	-0.0120935326226983	-0.003165297861894789	-0.0002546978871209582	0.013680954212927698
0.000526242651381903	0.00013661036796297488	-0.0027910357079230508	0.0001504838273191922	-0.013341720613848418	-0.0028532508641070375	-0.00019228848756380756	0.015116370402749935
0.0006510614504970924	0.0010103419617677467	-0.0034775391030550384	0.0005249402246647605	-0.01284244541738877	-0.0026660226654346975	-5.060288891467479e-06	0.013618544813370326
-0.0005971265406523596	0.001384798359112871	-0.003415129703497888	0.00033771202599197636	-0.013528948812520758	-0.0026036132658771027	-6.746968844817403e-05	0.011995900424875527
0.0004014238522676017	0.0016968453569001785	-0.002978263906595391	0.0002128932268767869	-0.015338821399687896	-0.0029156602636646323	-0.00019228848756380756	0.010310846636823134
-0.0005971265406523596	0.002383348752032388	-0.001917304114118279	0.00033771202599197636	-0.01639978119216523	-0.002353975667647612	0.00011975851022372197	0.010622893634610886
0.0006510614504970924	0.0026953957498201397	-0.0018548947145609063	0.0004625308251067217	-0.01802242558066003	-0.0024787944667623574	-0.00012987908800621284	0.010123618438150794
-0.0007219453397677711	0.003007442747607225	-0.0017300759154457168	0.0002128932268767869	-0.01802242558066003	-0.0018547004711875203	-0.00037951668623614765	0.010560484235053291
0.00046383325182430823	0.002258529952918087	-0.0015428477167733767	0.0007121684233368786	-0.016462190591722825	-0.002353975667647612	0.0004942149075686242	0.012807222619122927
-0.0003474889424228689	0.0018840735555729626	-0.0004194785247386701	0.0001504838273191922	-0.015089183801457517	-0.003602163658797064	-0.00019228848756380756	0.011995900424875527
-0.000534717141095209	-0.0007995306253991696	-0.000856344321640945	0.0002128932268767869	-0.012343170220928235	-0.003165297861894789	-0.00019228848756380756	0.012682403820007737
0.0006510614504970924	-0.0016108528196463467	-0.0011059819198706577	0.0004625308251067217	-0.010595707033318691	-0.0028532508641070375	-6.746968844817403e-05	0.01424263880894494
-0.000534717141095209	-0.002172537415664033	-0.0005442973238538595	0.0004625308251067217	-0.010221250635973567	-0.002291566268089573	0.00011975851022372197	0.015490826800094837
0.00046383325182430823	-0.002859040810796243	-0.0013556195181010366	8.807442776248564e-05	-0.010283660035531161	-0.002353975667647612	-0.0003171072866785529	0.013680954212927698
-0.0006595359402099543	-0.0019228998174338763	-0.0017924853150030895	0.0004001214255495711	-0.010782935231991031	-0.0016050628729571415	0.00011975851022372197	0.013431316614697542
0.0008382896491692104	-0.0016732622192043856	-0.0011683913194284745	0.0005873496242223553	-0.014652318004555465	-0.0007313312791528137	-0.00037951668623614765	0.011995900424875527
-0.0009091735384396671	-0.0016732622192043856	-0.000856344321640945	0.0004001214255495711	-0.013840995810308288	-0.0006065124800371802	-6.746968844817403e-05	0.012869632018680077
0.0006510614504970924	-0.0014236246209740067	-0.0004194785247386701	0.0004625308251067217	-0.011469438627123463	-0.0016674722725147362	0.00011975851022372197	0.013743363612485293
0.00046383325182430823	-0.0031710878085835503	-0.0012932101185429978	0.0001504838273191922	-0.009721975439513475	-0.0015426534733999908	-0.0002546978871209582	0.013181679016467607
-0.0006595359402099543	-0.0032959066076987398	-0.0011683913194284745	0.0001504838273191922	-0.00822414985013431	-0.0019795192703022657	-0.00012987908800621284	0.01467950460584766
0.0007134708500546871	-0.0024845844134515627	-0.0013556195181010366	0.0005249402246647605	-0.00841137804880665	-0.002541203866319952	-0.00012987908800621284	0.01611492079566923
-0.0006595359402099543	-0.002172537415664033	-0.0016052571163305274	0.00027530262643438164	-0.010034022437301449	-0.0016050628729571415	-6.746968844817403e-05	0.0174255181863765
0.0007134708500546871	-0.0017356716187615362	-0.001480438317215782	0.0004001214255495711	-0.010034022437301449	-0.0017922910716299256	-0.0003171072866785529	0.019360209572658826
-0.0007219453397677711	-0.002172537415664033	-0.0020421229132334684	-3.674437135270381e-05	-0.006788733660311852	-0.003352526060567129	-6.746968844817403e-05	0.019360209572658826
0.0007758802496118378	-0.0020477186165490657	-0.002915854507037796	0.0005873496242223553	-0.0058525926669494854	-0.0028532508641070375	0.00024457730933913346	0.019485028371774016
-0.0004098983419804636	-0.0023597656143363732	-0.004725727094205379	0.0001504838273191922	-0.009534747240841579	-0.003789391857469404	-0.00037951668623614765	0.01886093437619918
-0.0005971265406523596	-0.0007995306253991696	-0.0045384988955330385	0.0004001214255495711	-0.011344619828008717	-0.0020419286698598604	5.7349110666571335e-05	0.02085803516203888
0.0006510614504970924	-0.0014860340205316014	-0.004975364692435091	0.0004001214255495711	-0.01040847883464635	-0.002166747468974606	-6.746968844817403e-05	0.022605498349648423
-0.0006595359402099543	-0.0009867588240715097	-0.006285962083142582	0.00027530262643438164	-0.010158841236416416	-0.0037269824579118094	-6.746968844817403e-05	0.02160694795672846
0.0005886520509394977	-0.00030025542893952206	-0.007284512476062099	0.00027530262643438164	-0.011594257426238652	-0.0035397542592394693	-0.00019228848756380756	0.01973466597000373
-0.0006595359402099543	0.0001990197675205696	-0.0074717406747346615	0.00027530262643438164	-0.01171907622535362	-0.003789391857469404	0.0003693961084538788	0.02017153176690689
0.0009006990487274713	0.001384798359112871	-0.00678523727960223	0.0007745778228949174	-0.017710378582872277	-0.003352526060567129	-0.00019228848756380756	0.01711347118858919
-0.0009091735384396671	0.003007442747607225	-0.006910056078717863	0.0004625308251067217	-0.02089325796030428	-0.002978069663222227	-0.00012987908800621284	0.016302148994342014
0.0005886520509394977	0.0046300871361020235	-0.006285962083142582	0.0004625308251067217	-0.02157976135543671	-0.0029156602636646323	0.00011975851022372197	0.016551786592571727
0.000526242651381903	0.005378999930792494	-0.00697246547827457	0.0004001214255495711	-0.02108048615897684	-0.0039142106565843715	-5.060288891467479e-06	0.015366008000979647
-0.0007219453397677711	0.0044428589374301275	-0.007034874877832165	2.5665028204890916e-05	-0.02039398276384463	-0.004538304652159431	-0.0002546978871209582	0.018299249780181714
0.0007134708500546871	0.002445758151589983	-0.007034874877832165	0.0007745778228949174	-0.01671182818995276	-0.004538304652159431	0.00011975851022372197	0.022355860751418488
-0.0006595359402099543	0.0016968453569001785	-0.0074717406747346615	0.00033771202599197636	-0.016150143593935073	-0.005848902042866699	-5.060288891467479e-06	0.026599699921327602
0.000526242651381903	0.0005110667653080991	-0.008345472268539433	0.0002128932268767869	-0.015962915395262733	-0.006223358440211824	-0.0002546978871209582	0.02903366650407002
-0.0007843547393249217	0.0006982949639804392	-0.008407881668097028	0.0001504838273191922	-0.017835197381987467	-0.007097090034016373	5.7349110666571335e-05	0.03059390149300678
0.0007134708500546871	0.0005734761648656939	-0.00790860647163738	8.807442776248564e-05	-0.01708628458729744	-0.008345278025165825	-0.00019228848756380756	0.031654861285484115
-0.0007219453397677711	0.0008855231626527793	-0.006535599681372073	0.00027530262643438164	-0.01777278798242965	-0.007908412228263995	-0.00012987908800621284	0.03202931768282924
-0.0005971265406523596	-0.0009867588240715097	-0.005661868087567301	0.00033771202599197636	-0.017398331585084748	-0.005848902042866699	-0.00012987908800621284	0.03290304927663401
0.0006510614504970924	-0.001361215221416634	-0.00591150568579768	0.0004001214255495711	-0.014777136803670432	-0.007596365230476243	-5.060288891467479e-06	0.034588103064686404
-0.0007219453397677711	-0.00030025542893952206	-0.006036324484912203	-3.674437135270381e-05	-0.02108048615897684	-0.008844553221625917	-0.0003171072866785529	0.03421364666734128
0.0006510614504970924	0.0008231137630951846	-0.004788136493762529	0.00033771202599197636	-0.028444795306760362	-0.006472996038441092	-0.00019228848756380756	0.03627315685273835
-0.000534717141095209	0.0015720265577856551	-0.0030406733061529856	0.0004001214255495711	-0.028507204706317957	-0.005786492643309105	-0.0004419260857932983	0.03252859287928933
0.0004014238522676017	0.002008892354687708	-0.0026662169088080834	8.807442776248564e-05	-0.02925611750100776	-0.006348177239326791	0.00011975851022372197	0.030781129691679343
-0.00047230774153761423	0.0016968453569001785	-0.002978263906595391	0.0004001214255495711	-0.026385285121363067	-0.0077211840295914325	-0.00019228848756380756	0.03128040488813966
0.0006510614504970924	7.42009684056022e-05	-0.003165492105268175	0.00033771202599197636	-0.03037948669304269	-0.007596365230476243	-5.060288891467479e-06	0.03533701585937554
0.00046383325182430823	-0.0005498930271692348	-0.003415129703497888	2.5665028204890916e-05	-0.027508654313397995	-0.010592016409235905	-0.00037951668623614765	0.036460385051410915
-0.000534717141095209	0.0006982949639804392	-0.0035399485026130773	0.00033771202599197636	-0.030005030295697566	-0.00853250622383861	-6.746968844817403e-05	0.036585203850526105
0.0007134708500546871	0.0026953957498201397	-0.0032279015048257698	0.0005249402246647605	-0.0334375472713595	-0.0078460028287064	0.00011975851022372197	0.03571147225672133
-0.0008467641388829605	-0.00030025542893952206	-0.0026662169088080834	-9.915377091007649e-05	-0.032501406277997136	-0.010342378811005526	-0.000504335485350893	0.03533701585937554
0.0005886520509394977	-0.001361215221416634	-0.003415129703497888	0.00033771202599197636	-0.03125321828684724	-0.007970821627821145	0.00024457730933913346	0.03371437147088119
-0.00028507954286527415	-0.0016732622192043856	-0.003789586100842568	0.0006497590237792839	-0.03275104387622707	-0.006535405437998687	-0.000504335485350893	0.03009462629654691
0.0003390144527095629	-0.000924349424513915	-0.005724277487124896	0.0002128932268767869	-0.034685735262509176	-0.006098539641096634	-0.00012987908800621284	0.026162834124425327
-0.0006595359402099543	0.0003862479661929097	-0.003602357902170672	0.00033771202599197636	-0.036495607849676315	-0.004600714051716803	-0.0002546978871209582	0.027098975117787694
-0.0003474889424228689	0.0019464829551301133	-0.0034775391030550384	0.0007121684233368786	-0.037494158242596276	-0.004538304652159431	0.0003693961084538788	0.022730317148763612
0.0003390144527095629	0.0011975701604405309	-0.0041016330986300975	0.0001504838273191922	-0.04055221882091309	-0.005536855045078726	-0.0004419260857932983	0.02135731035849875
-0.0005971265406523596	0.0015720265577856551	-0.0026038075092504886	0.0004001214255495711	-0.037993433439056146	-0.005973720841981223	-0.00012987908800621284	0.022231041952303743
0.0007134708500546871	0.000947932562210374	-0.001917304114118279	0.0005249402246647605	-0.03687006424702144	-0.006285767839769196	-6.746968844817403e-05	0.02173176675584365
-0.0005971265406523596	0.0006982949639804392	-0.003352720303940515	0.00027530262643438164	-0.03374959426914703	-0.005474445645521575	-0.000504335485350893	0.018798524976641584
0.0004014238522676017	0.0006358855644228445	-0.004725727094205379	2.5665028204890916e-05	-0.02807033890941546	-0.004787942250389143	0.00011975851022372197	0.01892334377575633
-0.00047230774153761423	-0.0016108528196463467	-0.004476089495975	0.0004625308251067217	-0.026946969717380753	-0.005099989248177117	-5.060288891467479e-06	0.018049612181951558
0.0007758802496118378	-0.0025469938130091574	-0.004975364692435091	2.5665028204890916e-05	-0.022453492949241483	-0.007097090034016373	-0.00019228848756380756	0.014804323404962405
0.0007134708500546871	-0.0026718126121234587	-0.0051625928911078756	0.0004001214255495711	-0.02176698955410905	-0.006909861835344255	-5.060288891467479e-06	0.011683853427087554
-0.000534717141095209	-0.0016732622192043856	-0.004476089495975	0.00033771202599197636	-0.024513003134638334	-0.006472996038441092	-5.060288891467479e-06	0.01636455839389961
0.0006510614504970924	-0.0003626648284971168	-0.004351270696860254	0.0002128932268767869	-0.025012278331098425	-0.009967922413660624	-0.0002546978871209582	0.018299249780181714
-0.0006595359402099543	0.0017592547564579952	-0.005225002290665026	0.0002128932268767869	-0.02532432532888551	-0.010030331813218218	-0.00019228848756380756	0.013244088416024757
0.0007134708500546871	0.002258529952918087	-0.005474639888894517	0.0004625308251067217	-0.026759741518708413	-0.008969372020741107	-0.00012987908800621284	0.011808672226202743
-0.0006595359402099543	0.0025705769507051723	-0.005661868087567301	0.0001504838273191922	-0.026385285121363067	-0.01171538560127039	-0.0002546978871209582	0.010872531232840377
0.000526242651381903	0.002008892354687708	-0.00678523727960223	0.00033771202599197636	-0.02301517754525917	-0.011028882206138402	-6.746968844817403e-05	0.005318094672223994
-0.00047230774153761423	0.0016344359573428058	-0.00909438506322946	0.00033771202599197636	-0.022952768145701574	-0.012838754793305096	-6.746968844817403e-05	0.006129416866471615
-0.0007219453397677711	0.0005734761648656939	-0.011029076449511344	2.5665028204890916e-05	-0.019145794772694735	-0.010654425808793055	-0.00019228848756380756	0.0027593092903668293
0.000526242651381903	-0.00011302723026673789	-0.011278714047741278	0.0002128932268767869	-0.01590050599570514	-0.012526707795517567	-0.00037951668623614765	0.0008246179040851676
-0.0005971265406523596	-5.0617830709143163e-05	-0.010467391853494101	0.0001504838273191922	-0.015276412000130302	-0.011465748003040233	-0.00012987908800621284	0.0016983494978897173
0.0004014238522676017	-0.001361215221416634	-0.01159076104552903	-3.674437135270381e-05	-0.013404130013405569	-0.012401888996402821	-0.0004419260857932983	-0.002171033274674272
-0.0003474889424228689	0.0004486573657509485	-0.011777989244201814	0.0004001214255495711	-0.013903405209865438	-0.010155150612333186	-0.0003171072866785529	-0.008349563830865936
0.000526242651381903	0.0037563555422972517	-0.011528351645970991	0.00027530262643438164	-0.01677423758950991	-0.012027432599057919	-5.060288891467479e-06	-0.010908349212722657
-0.00047230774153761423	0.005628637529021985	-0.011715579844643775	0.00027530262643438164	-0.01952025117003986	-0.008594915623396204	-0.0002546978871209582	-0.013279906395907481
0.00046383325182430823	0.004130811939642376	-0.013463043032253763	0.00033771202599197636	-0.01440268040632553	-0.008906962621183512	-6.746968844817403e-05	-0.011969309005200435
0.0008382896491692104	0.000947932562210374	-0.01389990882915626	0.00027530262643438164	-0.012780036017830732	-0.009843103614545878	5.7349110666571335e-05	-0.0097225706211308
-0.0007843547393249217	-0.00042507422805382333	-0.013463043032253763	-0.0011601135633880766	-0.010907754031105998	-0.00840768742472342	-0.0002546978871209582	-0.017648564364931563
0.0007758802496118378	-0.0021101280161064384	-0.013088586634908195	-9.915377091007649e-05	-0.013716177011193542	-0.007783593429148805	-0.00019228848756380756	-0.01821024896094925
-0.0006595359402099543	-0.002422175013893968	-0.015584962617208209	8.807442776248564e-05	-0.010907754031105998	-0.0072843182326887135	-0.00012987908800621284	-0.016150738775552398
0.0006510614504970924	-0.00023784602938192734	-0.01608423781366808	0.00027530262643438164	-0.008598606247479212	-0.009281419018528414	-0.00019228848756380756	-0.014902550784402058
-0.0005971265406523596	-0.0008619400249567644	-0.013400633632696168	0.0001504838273191922	-0.007288008856771944	-0.011652976201713017	-0.00037951668623614765	-0.010970758612280473
0.000526242651381903	-0.001798081018319131	-0.012901358436236077	0.0002128932268767869	-0.01053329763376154	-0.009343828418086009	-0.00019228848756380756	-0.008661610828653243
-0.0006595359402099543	-0.0016732622192043856	-0.015085687420748117	0.00033771202599197636	-0.011531848026681057	-0.009156600219413225	-6.746968844817403e-05	-0.013591953393694789
-0.0007219453397677711	0.0014472077586700216	-0.013400633632696168	8.807442776248564e-05	-0.009909203638186037	-0.00853250622383861	-0.0003171072866785529	-0.013716772192809534
0.0008382896491692104	0.0021337111538028974	-0.01159076104552903	0.0005249402246647605	-0.010096431836858821	-0.010654425808793055	5.7349110666571335e-05	-0.006227644245911268
-0.0006595359402099543	-5.0617830709143163e-05	-0.012214855041103867	8.807442776248564e-05	-0.010283660035531161	-0.010904063407023434	-0.0002546978871209582	-0.0042305434600715675
0.00046383325182430823	-0.002172537415664033	-0.012714130237563737	0.0002128932268767869	-0.009285109642611866	-0.0077211840295914325	-0.0003171072866785529	-0.006851738241485883
-0.00028507954286527415	-0.004356866400176296	-0.013213405434023384	0.0004625308251067217	-0.00940992844172639	-0.006722633636671471	-0.0003171072866785529	-0.010970758612280473
0.00046383325182430823	-0.005230597993981068	-0.012901358436236077	-3.674437135270381e-05	-0.007412827655887133	-0.010467197610120715	-0.000504335485350893	-0.008848839027325583
-0.0007219453397677711	-0.00404481940238921	-0.012339673840218612	0.0005249402246647605	-0.004541995276241995	-0.01021756001189078	-5.060288891467479e-06	-0.0006732076852946633
0.0008382896491692104	-0.005105779194865878	-0.011029076449511344	-3.674437135270381e-05	-0.0054157268700472105	-0.010279969411448375	-0.00037951668623614765	-0.008099926232636445
0.0006510614504970924	-0.004481685199291041	-0.010280163654821761	-3.674437135270381e-05	-0.004854042274029524	-0.012589117195075605	-0.0004419260857932983	-0.004043315261398783
-0.0007219453397677711	-0.005168188594423473	-0.010779438851281853	2.5665028204890916e-05	-0.009534747240841579	-0.01171538560127039	-0.00037951668623614765	0.004007497281516725
0.0008382896491692104	-0.004668913397963603	-0.01140353284685669	0.0004001214255495711	-0.009971613037743854	-0.009967922413660624	-5.060288891467479e-06	-0.0033568118662667956
-0.0009091735384396671	-0.007040470581148428	-0.0120900362419889	-0.00047361016825520075	-0.009285109642611866	-0.010155150612333186	-0.0007539730835810499	-0.012031718404757141
0.0006510614504970924	-0.008850343168315122	-0.011653170445086625	0.0002128932268767869	-0.006975961858984636	-0.010092741212775813	-6.746968844817403e-05	-0.010783530413607911
-0.0004098983419804636	-0.010160940559022391	-0.01389990882915626	0.0002128932268767869	-0.008661015647036807	-0.009593466016316388	-0.0005667448849084877	-0.008848839027325583
0.0004014238522676017	-0.009349618364775214	-0.013587861831368508	2.5665028204890916e-05	-0.008598606247479212	-0.01290116419286269	-0.00019228848756380756	-0.0033568118662667956
-0.00047230774153761423	-0.006041920188228245	-0.009468841460574584	-3.674437135270381e-05	-0.012592807819157947	-0.012838754793305096	-0.0005667448849084877	-0.0003611606875075779
-0.000534717141095209	-0.005105779194865878	-0.010342573054378912	0.0001504838273191922	-0.009784384839071514	-0.013650076987552717	-0.00019228848756380756	0.002447262292579744
0.000526242651381903	-0.006790832982917827	-0.013775090030041293	-9.915377091007649e-05	-0.007849693452789186	-0.011528157402597605	-0.000504335485350893	-0.006664510042813099
-0.0007843547393249217	-0.009099980766545057	-0.014524002824730653	-0.00016156317046789326	-0.004541995276241995	-0.012963573592420286	-0.0005667448849084877	-0.0003611606875075779
0.0007134708500546871	-0.009349618364775214	-0.014711231023403437	8.807442776248564e-05	-0.005602955068719995	-0.012277070197287854	-0.0003171072866785529	-0.008848839027325583
-0.0005971265406523596	-0.00928720896521762	-0.014024727628270561	2.5665028204890916e-05	-0.007537646455001434	-0.009593466016316388	-0.0004419260857932983	-0.006352463045026457
0.000526242651381903	-0.008663114969642338	-0.015397734418535869	2.5665028204890916e-05	-0.006788733660311852	-0.010342378811005526	-0.00012987908800621284	-0.012905449998562357
-0.0004098983419804636	-0.007539745777607854	-0.01658351301012817	2.5665028204890916e-05	-0.009097881443939082	-0.010342378811005526	-0.0004419260857932983	-0.016712423371569196
0.0005886520509394977	-0.006166738987343212	-0.014836049822518182	-9.915377091007649e-05	-0.00591500206650708	-0.011777795000828206	-0.00037951668623614765	-0.017710973764489157
0.000526242651381903	-0.004980960395750689	-0.013962318228713855	8.807442776248564e-05	-0.014340271006767935	-0.011278519804368337	-0.00037951668623614765	-0.012593403000775272
-0.0005971265406523596	-0.006541195384688336	-0.015522553217650614	2.5665028204890916e-05	-0.00797451225190482	-0.010279969411448375	-0.0002546978871209582	-0.017835792563603903
0.0005886520509394977	-0.006166738987343212	-0.015460143818093464	0.0001504838273191922	-0.009222700243053605	-0.013587667587995123	-0.0002546978871209582	-0.017586154965373968
-0.0007219453397677711	-0.005792282589997866	-0.015148096820305712	-3.674437135270381e-05	-0.009035472044381487	-0.012152251398173108	-0.000504335485350893	-0.013779181592367573
0.0007134708500546871	-0.007851792775395605	-0.01184039864375852	0.00033771202599197636	-0.009846794238628664	-0.012152251398173108	-0.0006291542844660825	-0.018397477159621145
-0.0007843547393249217	-0.008413477371412625	-0.013338224233138574	-0.00022397257002526594	-0.010845344631548848	-0.009281419018528414	-0.0004419260857932983	-0.02676033670032485
0.000526242651381903	-0.0073525175789355135	-0.01433677462605809	8.807442776248564e-05	-0.014839546203228249	-0.008906962621183512	-0.00037951668623614765	-0.020020121548116387
-0.0006595359402099543	-0.0050433697953087275	-0.01159076104552903	0.0004001214255495711	-0.02089325796030428	-0.008158049826493485	5.7349110666571335e-05	-0.014153637989712475
-0.0006595359402099543	-0.0022973562147792226	-0.010155344855706572	2.5665028204890916e-05	-0.02108048615897684	-0.009593466016316388	-0.0002546978871209582	-0.022516497530415958
0.0005886520509394977	-0.000737121225842019	-0.010217754255264166	0.0002128932268767869	-0.020019526366499507	-0.01190261379994273	-0.0002546978871209582	-0.021580356537053147
-0.000534717141095209	-0.0035455442059286746	-0.009531250860131735	0.0002128932268767869	-0.023514452741718816	-0.009655875415873094	-6.746968844817403e-05	-0.010658711614493166
0.00046383325182430823	-0.0029214502103538376	-0.010779438851281853	2.5665028204890916e-05	-0.024450593735081183	-0.012152251398173108	-0.0004419260857932983	-0.008099926232636445
-0.0005971265406523596	-0.0037327724046012367	-0.010030526056591826	-3.674437135270381e-05	-0.02058121096251675	-0.011153701005253147	-0.000504335485350893	-0.01459050378661475
0.00046383325182430823	-0.00404481940238921	-0.0092816132619018	2.5665028204890916e-05	-0.02807033890941546	-0.008844553221625917	5.7349110666571335e-05	-0.024139141918910312
-0.00047230774153761423	-0.0010491682236291044	-0.010467391853494101	0.0002128932268767869	-0.03287586267534204	-0.008158049826493485	-0.0002546978871209582	-0.014216047389269626
0.0006510614504970924	-0.0006747118262844243	-0.00809583467030972	0.00033771202599197636	-0.031440446485520024	-0.010155150612333186	-0.00019228848756380756	-0.016462785773339483
0.0007134708500546871	-0.0005498930271692348	-0.008969566264114492	0.00027530262643438164	-0.03555946685631417	-0.010779244607908245	-0.00012987908800621284	-0.016650013972012045
-0.0007843547393249217	-0.0020477186165490657	-0.006910056078717863	-3.674437135270381e-05	-0.03768138644126884	-0.009780694214988284	-0.00037951668623614765	-0.019021571155196426
0.000526242651381903	-0.005168188594423473	-0.00697246547827457	8.807442776248564e-05	-0.03281345327578444	-0.010155150612333186	-0.0004419260857932983	-0.017523745565816373
-0.00047230774153761423	-0.010036121759907424	-0.009905707257477081	0.00027530262643438164	-0.02070602976163194	-0.008969372020741107	-5.060288891467479e-06	-0.03144104166713646
0.0004014238522676017	-0.01028575935813758	-0.012339673840218612	-0.00016156317046789326	-0.013029673616060666	-0.009094190819855852	-0.0002546978871209582	-0.02538732991006043
-0.0005971265406523596	-0.011596356748845071	-0.0120900362419889	2.5665028204890916e-05	-0.012592807819157947	-0.010030331813218218	-0.0003171072866785529	-0.020831443742363565
0.0006510614504970924	-0.009848893561235084	-0.0120900362419889	2.5665028204890916e-05	-0.013965814609423033	-0.0077211840295914325	-0.0002546978871209582	-0.02488805471360034
-0.0007219453397677711	-0.007976611574509906	-0.009843297857919042	8.807442776248564e-05	-0.01677423758950991	-0.008345278025165825	-0.0002546978871209582	-0.02289095392776086
-0.0007843547393249217	-0.00548023559221078	-0.009780888458361892	-3.674437135270381e-05	-0.01558845899791761	-0.006472996038441092	-0.0004419260857932983	-0.03131622286802149
0.0006510614504970924	-0.005792282589997866	-0.011029076449511344	0.00033771202599197636	-0.01471472740411306	-0.005973720841981223	-6.746968844817403e-05	-0.029381531481739387
-0.0006595359402099543	-0.005917101389113055	-0.00909438506322946	8.807442776248564e-05	-0.014340271006767935	-0.004538304652159431	-0.00019228848756380756	-0.03306368605563126
0.00046383325182430823	-0.006853242382475422	-0.010966667049953749	-9.915377091007649e-05	-0.010658116432876286	-0.007221908833131563	-0.000504335485350893	-0.02582419570696226
-0.0004098983419804636	-0.007664564576723043	-0.009718479058804075	0.00027530262643438164	-0.013341720613848418	-0.0029156602636646323	-0.0002546978871209582	-0.03368778005120587
0.0006510614504970924	-0.008101430373625096	-0.008969566264114492	0.00027530262643438164	-0.01040847883464635	-0.005848902042866699	-0.00037951668623614765	-0.03350055185253353
-0.0007219453397677711	-0.007976611574509906	-0.010904257650396598	8.807442776248564e-05	-0.009285109642611866	-0.005973720841981223	-0.0004419260857932983	-0.02807093409103234
0.000526242651381903	-0.010223349958579542	-0.011216304648183684	0.0002128932268767869	-0.007537646455001434	-0.010092741212775813	-0.00012987908800621284	-0.031628269865809244
0.0003390144527095629	-0.006853242382475422	-0.011091485849068938	-0.00016156317046789326	-0.011282210428451123	-0.007221908833131563	-0.0006915636840236772	-0.035372833839258266
-0.0007219453397677711	-0.007664564576723043	-0.0092816132619018	-0.00016156317046789326	-0.01040847883464635	-0.007034680634458779	-0.000504335485350893	-0.031503451066694055
0.0005886520509394977	-0.0067284235833606765	-0.008470291067654623	0.00033771202599197636	-0.011282210428451123	-0.010030331813218218	-0.0002546978871209582	-0.02963116907996932
-0.0006595359402099543	-0.007040470581148428	-0.00940643206101699	8.807442776248564e-05	-0.011407029227565868	-0.007658774630033616	-0.0002546978871209582	-0.032002726263153924
0.00046383325182430823	-0.009536846563447554	-0.01059221065260929	-0.00016156317046789326	-0.014839546203228249	-0.008969372020741107	-0.0003171072866785529	-0.0182726583605064
-0.0005971265406523596	-0.007414926978493108	-0.009531250860131735	0.0001504838273191922	-0.01590050599570514	-0.004538304652159431	-5.060288891467479e-06	-0.01714928916847147
0.0008382896491692104	-0.0061043295877858395	-0.009468841460574584	-0.00028638196958286066	-0.01677423758950991	-0.004288667053929052	-0.0006915636840236772	-0.006227644245911268
-0.0008467641388829605	-0.009224799565660247	-0.010404982453936507	2.5665028204890916e-05	-0.01627496239305004	-0.0024163850672043186	-0.0004419260857932983	-0.01877193355696627
-0.0006595359402099543	-0.008226249172740285	-0.01140353284685669	2.5665028204890916e-05	-0.013279311214290823	-0.007221908833131563	-0.0003171072866785529	-0.00997220821936029
0.0005886520509394977	-0.00947443716388996	-0.011715579844643775	8.807442776248564e-05	-0.013965814609423033	-0.0012306064756122392	-0.00037951668623614765	-0.015027369583517247
-0.000534717141095209	-0.011159490951941908	-0.010404982453936507	0.0001504838273191922	-0.009971613037743854	-0.0009185594778251538	-0.00019228848756380756	-0.034998377441913364
0.000526242651381903	-0.01178358494751719	-0.011777989244201814	8.807442776248564e-05	-0.011157391629336377	-0.003352526060567129	-0.000504335485350893	-0.022578906929973108
-0.000534717141095209	-0.012033222545747124	-0.012963767835793893	-3.674437135270381e-05	-0.011219801028893528	-0.0032901166610090904	-0.00037951668623614765	-0.03343814245297616
0.0006510614504970924	-0.01078503455459745	-0.01140353284685669	2.5665028204890916e-05	-0.01552604959836068	-0.002104338069417011	-0.0004419260857932983	-0.018147839561391654
-0.0005971265406523596	-0.011221900351499503	-0.009219203862344205	-9.915377091007649e-05	-0.016462190591722825	-0.002978069663222227	-0.0006291542844660825	-0.014216047389269626
0.000526242651381903	-0.011533947349287033	-0.013463043032253763	2.5665028204890916e-05	-0.015463640198802642	-0.004351076453486646	-0.0002546978871209582	-0.002046214475559527
0.000526242651381903	-0.008413477371412625	-0.013837499429598665	-0.00022397257002526594	-0.01858411017667705	-0.0039142106565843715	-0.0006291542844660825	-0.016525195172896856
-0.0006595359402099543	-0.009412027764332809	-0.013775090030041293	-0.00016156317046789326	-0.015838096596147988	-0.002291566268089573	-0.000504335485350893	-0.023639866722450442
0.0007758802496118378	-0.00947443716388996	-0.013338224233138574	8.807442776248564e-05	-0.016212552993492668	-0.004912761049504333	-0.0002546978871209582	-0.022142041133070833
-0.0007219453397677711	-0.008039020974067945	-0.012776539637121331	-3.674437135270381e-05	-0.014652318004555465	-0.002166747468974606	-0.00037951668623614765	-0.03187790746403896
0.00046383325182430823	-0.00828865857229788	-0.01795651980039259	-0.00022397257002526594	-0.01671182818995276	-0.0005441030804802516	-0.0006915636840236772	-0.03468633044412606
-0.0007219453397677711	-0.005293007393537996	-0.018206157398622524	-0.00022397257002526594	-0.015775687196590393	-0.005224808047291862	-6.746968844817403e-05	-0.03942944481049526
0.0007134708500546871	-0.004856141596635943	-0.015023278021190523	-0.00016156317046789326	-0.016462190591722825	-0.0012306064756122392	-0.000504335485350893	-0.03562247143748842
-0.0006595359402099543	-0.005979510788670428	-0.019142298391985335	-3.674437135270381e-05	-0.016212552993492668	-0.003976620056141522	-0.0005667448849084877	-0.03531042443970067
-0.0003474889424228689	-0.012407678943092249	-0.02244999656853186	0.0002128932268767869	-0.013653767611635947	0.004011783087216392	-6.746968844817403e-05	-0.02694756489899719
0.00027660505315241224	-0.013531048135126733	-0.028316480126935772	-0.000411200768697606	-0.011531848026681057	-0.003602163658797064	-0.0008163824831386446	-0.03562247143748842
-0.0007219453397677711	-0.012532497742207216	-0.028815755323395864	-0.0003487913691404554	-0.010782935231991031	-0.006410586638884386	-0.0006915636840236772	-0.029131893883509674
0.0009006990487274713	-0.01384309513291404	-0.026194560541981327	0.0004001214255495711	-0.012467989020043646	0.0032628702925268094	-6.746968844817403e-05	-0.0659534396224275
-0.0007219453397677711	-0.009973712360349829	-0.02507119134994662	-9.915377091007649e-05	-0.011531848026681057	0.004635877082791673	-0.0006915636840236772	-0.05840190227597164
0.00046383325182430823	-0.010972262753270012	-0.023885412758354096	-0.00022397257002526594	-0.013404130013405569	-0.0012306064756122392	-0.00019228848756380756	-0.038680532015805014
-0.00047230774153761423	-0.011034672152827607	-0.02507119134994662	2.5665028204890916e-05	-0.014901955602785621	0.00950381024827518	-0.0005667448849084877	-0.05908840567110407
0.000526242651381903	-0.01090985335371264	-0.024509506753928934	-0.00022397257002526594	-0.015089183801457517	-0.004288667053929052	-0.000504335485350893	-0.04629447876181869
0.0007134708500546871	-0.005293007393537996	-0.025820104144636202	-0.0013473417620604167	-0.01590050599570514	-0.008345278025165825	-0.0004419260857932983	-0.03930462601138007
-0.0004098983419804636	-0.006915651782033239	-0.021326627376497376	-0.0006608383669279849	-0.0157132777970328	0.008942125652258381	-0.00012987908800621284	-0.05322192211269994
0.000526242651381903	-0.010535396956367515	-0.024509506753928934	-0.002283482755422339	-0.015089183801457517	0.006570568469073779	-0.0006291542844660825	-0.040677632801644714
-0.0007219453397677711	-0.009724074762120338	-0.02762997673180334	-0.0015345699607327568	-0.008536196847921618	-0.013525258188437084	-0.0005667448849084877	-0.05777780828039658
0.0007758802496118378	-0.016713927512558735	-0.025133600749504215	0.00027530262643438164	-0.008910653245266298	0.0011409507075721415	-0.000504335485350893	-0.05746576128260927
-0.0006595359402099543	-0.012470088342649621	-0.027442748533131	-0.00016156317046789326	-0.012780036017830732	0.0007040849106700886	-0.0006291542844660825	-0.06832499680561188
0.00046383325182430823	-0.009724074762120338	-0.023261318762779037	2.5665028204890916e-05	-0.013279311214290823	0.006945024866418903	-0.0003171072866785529	-0.05940045266889138
-0.0005971265406523596	-0.014030323331586825	-0.02532082894817611	0.00033771202599197636	-0.012780036017830732	0.0032628702925268094	-0.00019228848756380756	-0.082991205701622
-0.0007843547393249217	-0.004856141596635943	-0.02638178874065389	-0.00016156317046789326	-0.013404130013405569	0.001203360107129292	-0.000504335485350893	-0.0825543399047195
0.0006510614504970924	-0.006041920188228245	-0.019891211186674473	8.807442776248564e-05	-0.01552604959836068	0.002701185696509345	-0.000504335485350893	-0.07525244015649335
-0.000534717141095209	-0.0023597656143363732	-0.019703982988002577	2.5665028204890916e-05	-0.014652318004555465	-0.0016674722725147362	-0.0003171072866785529	-0.06389392943703043
0.00046383325182430823	-0.004356866400176296	-0.017332425804817753	-0.00022397257002526594	-0.020643620362074344	0.010751998239425298	-0.0006291542844660825	-0.05665443908836165
-0.0007219453397677711	-0.011471537949729438	-0.020702533380922095	-0.000411200768697606	-0.01870892897579224	0.008692488054028003	-0.0003171072866785529	-0.07013486939277924
0.0007758802496118378	-0.0050433697953087275	-0.023323728162337076	0.0001504838273191922	-0.01827206317888952	0.004011783087216392	-0.0003171072866785529	-0.06932354719853207
-0.000534717141095209	-0.00816383977318269	-0.020140848784905074	-0.003157214349227111	-0.02070602976163194	0.005572018076153595	-0.0006915636840236772	-0.05946286206844875
0.0004014238522676017	-0.008101430373625096	-0.019828801787117323	-0.002096254556749555	-0.02108048615897684	0.002077091700934952	-0.000504335485350893	-0.051349640125975204
0.0007134708500546871	-0.007602155177165448	-0.017457244603932942	8.807442776248564e-05	-0.01920820417225233	-0.010592016409235905	-0.0003171072866785529	-0.04691857275739353
-0.0006595359402099543	-0.013780685733356668	-0.013026177235351044	-0.00022397257002526594	-0.015338821399687896	-0.007409137031804347	-0.0003171072866785529	-0.04910290174190557
0.0005886520509394977	-0.021082585481582816	-0.017644472802605282	-0.00028638196958286066	-0.013404130013405569	-0.013837305186225057	-0.0007539730835810499	-0.0396166730091676
-0.0005971265406523596	-0.015028873724506342	-0.015210506219863085	-0.000411200768697606	-0.01471472740411306	-0.032248078055684415	-0.0004419260857932983	-0.06988523179454909
0.0006510614504970924	-0.022580411070962425	-0.011091485849068938	2.5665028204890916e-05	-0.019333022971367075	-0.017269822161887216	-0.0006291542844660825	-0.07356738636844096
-0.0007219453397677711	-0.020583310285122725	-0.013338224233138574	-0.0020338451571928484	-0.02270313054747164	-0.013338029989765188	-0.000504335485350893	-0.09328875662860736
0.0006510614504970924	-0.013031772938666641	-0.012214855041103867	-0.04309923006601979	-0.021954217752781613	-0.006972271234901184	-0.0002546978871209582	-0.0845514406905592
-0.000534717141095209	-0.012844544739994301	-0.004164042498187692	-0.12429385889031197	-0.014090633408538	-0.004163848254814306	-0.00037951668623614765	-0.08742227307020367
-0.0007843547393249217	-0.012470088342649621	-0.008532700467212218	-0.10694404581333039	-0.017148693986855035	-0.00016964668313512732	-0.0006291542844660825	-0.06408115763570299
0.0009006990487274713	-0.013905504532471857	-0.009718479058804075	-0.11368426096553907	-0.011781485624911214	-0.0022291568685324226	0.00011975851022372197	-0.07556448715428066
-0.0007843547393249217	-0.00916239016610243	-0.012776539637121331	-0.15112990070003218	-0.009035472044381487	-0.01689536576454187	-0.00037951668623614765	-0.07263124537507881
0.00046383325182430823	-0.019896806889990737	-0.017270016405260158	-0.0493401700217686	-0.022765539947029234	0.0068202060673037135	-0.0007539730835810499	-0.11269807989098646
-0.00047230774153761423	-0.017150793309461232	-0.016021828414110484	-0.0009728853647150704	-0.023826499739506346	-0.01271393599419035	-0.0008163824831386446	-0.10508413314497278
0.0004014238522676017	-0.020645719684680763	-0.023261318762779037	-0.01033429529833807	-0.02644769452092066	0.0005168567119973044	-0.0007539730835810499	-0.10321185115824805
-0.0005971265406523596	-0.014841645525834002	-0.02925262112029814	-0.0006608383669279849	-0.025761191125788674	-0.0003568748818079115	-0.0010036106818109847	-0.09547308561311962
0.0005886520509394977	-0.016401880514771205	-0.0190174795928697	-0.0008480665656007691	-0.03293827207489963	0.010502360641195363	-0.000504335485350893	-0.09385044122462483
0.0004014238522676017	-0.025264015251934557	-0.017894110400834995	-0.0010977041638300378	-0.034311278865164274	0.015994387802254595	-0.0011908388804833248	-0.08430180309232926
-0.0006595359402099543	-0.023391733265209824	-0.030750446709677748	-0.0028451673514400255	-0.03755656764215365	0.021860871360658507	-0.0010036106818109847	-0.10283739476090314
0.0009006990487274713	-0.02164427007760028	-0.030750446709677748	-0.006090456128429178	-0.032002131081537044	0.0027635950960669398	-0.0006291542844660825	-0.08935696445648578
-0.0007843547393249217	-0.02226836407317556	-0.02725552033445866	-0.0663779361009631	-0.03368718486958944	0.004261420685446993	-0.0009412012822529459	-0.10364871695515054
0.000526242651381903	-0.029882310819188795	-0.012838949036678482	-0.13502827561420028	-0.02114289555853399	0.019426904777916087	-0.0008163824831386446	-0.1136966302839062
-0.0005971265406523596	-0.029944720218746168	-0.03524392347781702	-0.012643443081965522	-0.049289534758961695	-0.0035397542592394693	-0.0010036106818109847	-0.07319292997109628
0.0005886520509394977	-0.03524951918113284	-0.03842680285524902	-0.004592630539049569	-0.053658192727985554	0.0005792661115548992	-0.0013780670791556648	-0.0675136746113647
-0.0008467641388829605	-0.03768348576387481	-0.06070695849727237	-1.231249378841483	-0.08916914107619656	-0.026943279093297745	-0.002626255070305339	-0.09322634722904999
-0.0004098983419804636	-0.02875894162715409	-0.015522553217650614	-0.12685264427216913	-0.05141145434391614	-0.010841654007465618	-0.0007539730835810499	-0.03543524323881586
0.0003390144527095629	-0.03924372075281202	-0.02076494278047969	-0.08778436014918167	-0.05496879011869282	-0.01907969474905391	-0.0013780670791556648	-0.036308974832620855
-0.0007219453397677711	-0.03350205599352307	-0.014524002824730653	-0.07255646665715432	-0.06195864286913144	-0.04872415953886122	-0.0013780670791556648	-0.02807093409103234
0.000526242651381903	-0.044860566712985994	-0.015772190815880993	-0.06675239249830778	-0.05852612589346973	-0.040423709397715335	-0.0011908388804833248	-0.05178650592287748
-0.0006595359402099543	-0.04741935209484294	-0.008907156864556898	-0.06787576169034226	-0.07219378439655988	-0.044105863971607207	-0.0012532482800409195	-0.05390842550783237
0.0005886520509394977	-0.04966609047891257	-0.019391935990215048	-0.06619070790229054	-0.06663934783594305	-0.09372133661981041	-0.0013780670791556648	-0.049851814536595596
-0.0007219453397677711	-0.05709280902625391	-0.024821553751716685	-0.07261887605671191	-0.0834898857164652	-0.10014950477423135	-0.0010660200813681353	-0.07618858114985572
0.0006510614504970924	-0.06246001738819773	0.01705515335135832	-0.06263337212751363	-0.08598626169876478	-0.11980846563484038	-0.0009412012822529459	-0.15164154521485917
0.0006510614504970924	-0.046545620501038165	0.01318577057879411	-0.05508183478105755	-0.09041732906734623	-0.15276062860119421	-0.0009412012822529459	-0.17878963402236647
-0.0003474889424228689	-0.0479810366908604	0.01755442854781819	-0.007089006521349139	-0.10202547738503909	-0.1536343601949992	-0.0008163824831386446	-0.22178971031747596
0.0007134708500546871	-0.057841721820943715	0.019988395130560166	-0.000411200768697606	-0.08617348989743712	-0.12274170741404222	-0.0008787918826962393	-0.2980539965767268
-0.0005971265406523596	-0.03812035156077731	-0.03543115167648936	-0.001035294764272665	-0.06008636088240693	-0.09496952461095987	-0.0014404764787132596	-0.13073439636310047
0.0006510614504970924	-0.04511020431121615	-0.11425422331759716	-0.0012849323625023779	-0.027571063712956034	-0.0806777721122951	-0.002376617472075848	-0.12012479843832735
-0.0008467641388829605	-0.06920023254040641	-0.14302495651359948	-0.0022210733558647444	-0.030129849094812533	-0.07961681231981799	-0.0023142080725182534	-0.12099853003213235
0.00027660505315241224	-0.05010295627581507	-0.12149371366626593	-0.0012225229629447831	-0.028195157708530427	-0.07730766453619076	-0.0016901140769434164	-0.12449345640735165
-0.0007843547393249217	-0.02794761943290669	-0.060894186695944486	-0.0009728853647150704	-0.04985121935497894	-0.08485920188264662	-0.0015028858782710763	-0.1452133770604378
-0.0007219453397677711	-0.037433848165644656	-0.06488838826762411	-0.0014097511616175673	-0.06514152224656344	-0.08735557786494641	-0.0016277046773853776	-0.14327868567415547
0.0004014238522676017	-0.050352593874045226	-0.08142687915035829	-0.0015345699607327568	-0.05571770291338285	-0.059146529264962	-0.002002161074730502	-0.14022062509583866
-0.000534717141095209	-0.032690733799275895	-0.09228611467336134	-0.0015345699607327568	-0.05228518593772091	-0.061642905247261126	-0.0016901140769434164	-0.13479100733433724
0.00046383325182430823	-0.0463583923023656	-0.07212787861629266	-0.0015345699607327568	-0.06651452903682831	-0.042295991384439846	-0.002002161074730502	-0.10658195873435239
-0.000534717141095209	-0.04823067428909056	-0.03137454070525281	-0.0014097511616175673	-0.0952852622328304	-0.022949077521618344	-0.0022517986729606587	-0.10040342817816117
0.00027660505315241224	-0.05465884244351171	-0.021763493173399873	-0.001909026358077659	-0.09984114840052705	-0.011528157402597605	-0.0015028858782710763	-0.09378803182506723
-0.0006595359402099543	-0.06720313175456694	-0.033184413292419945	-0.0015969793602899074	-0.08685999329256955	-0.015584768373834823	-0.0019397516751729071	-0.07263124537507881
0.0005886520509394977	-0.056031849233776576	-0.06956909323443572	-0.001909026358077659	-0.07862195255098103	-0.015023083777817137	-0.002376617472075848	-0.07469075556047589
0.0007134708500546871	-0.07169660852270598	-0.05290578355258635	-0.0017842075589624695	-0.06938536141647278	-0.025445453503917914	-0.0021269798738454693	-0.07675026574587318
-0.0008467641388829605	-0.05259933225811442	-0.02145144617561212	-0.0021586639563075938	-0.07812267735452094	-0.053779320903017735	-0.002376617472075848	-0.0841145748936567
0.0003390144527095629	-0.07550358189571282	-0.01608423781366808	-0.0019714357576352537	-0.07294269719124946	-0.0409853939937328	-0.002376617472075848	-0.07756158794012036
-0.000534717141095209	-0.06951227953819372	-0.05421638094329362	-0.0032196237487847057	-0.06901090501912743	-0.033433856647276494	-0.0018773422756162006	-0.06408115763570299
0.0004014238522676017	-0.05809135941917343	-0.07924255016584625	-0.003594080146129608	-0.06133454887355683	-0.03087507126541955	-0.0015028858782710763	-0.060211774863138556
-0.00047230774153761423	-0.06114941999749024	-0.06981873083266588	-0.0017842075589624695	-0.03418646006604931	-0.03767769581718561	-0.0015028858782710763	-0.052036143521107636
0.0006510614504970924	-0.051039097269177214	-0.06401465667381889	-0.010895979894355978	-0.04860303136382904	-0.030126158470729525	-0.0018149328760581618	-0.046356888161376286
-0.0006595359402099543	-0.058528225216075924	-0.048661944382677014	-0.001909026358077659	-0.04573219898418479	-0.04841211254107369	-0.002439026871632999	-0.05053831793172803
-0.00028507954286527415	-0.04017986174617438	-0.05122072976453396	-0.0007856571660422862	-0.043173413602327626	-0.04504200496496913	-0.0010036106818109847	-0.05028868033349787
0.00021419565359503956	-0.04673284869971073	-0.05677516632515034	-0.0017842075589624695	-0.04111390341693055	-0.03449481643975383	-0.002002161074730502	-0.04679375395827856
-0.0007843547393249217	-0.047544170893958126	-0.05296819295214372	-0.001472160561175162	-0.043173413602327626	-0.02351076211763581	-0.001565295277828227	-0.039179807212265105
0.0007134708500546871	-0.04211455313245649	-0.05228168955701129	-0.0013473417620604167	-0.03917921203064845	-0.022262574126486134	-0.0013780670791556648	-0.04205063959190958
-0.0010339923375553006	-0.03780830456299	-0.030750446709677748	-0.0016593887598475021	-0.04635629297975963	-0.029814111472942217	-0.0013156576795980701	-0.04910290174190557
0.0005886520509394977	-0.03462542518555778	-0.010779438851281853	-0.007338644119579074	-0.041488359814275455	-0.01402453338489762	-0.0006915636840236772	-0.03693306882819547
-0.000534717141095209	-0.029195807424056364	-0.005474639888894517	-0.07274369485582688	-0.047791709169581864	-0.012526707795517567	-0.0015028858782710763	-0.03999112940651228
0.0004014238522676017	-0.04049190874396191	0.0971264129836158	-1.2854831470569406	0.05274983351753204	0.05824555130267406	0.0019296310973910824	0.04114109001822275
0.00046383325182430823	-0.037433848165644656	0.008692293810654617	-0.13839838319030462	-0.04073944701958543	-0.010279969411448375	-0.00112842948092573	-0.04036558580385741
-0.000534717141095209	-0.03512470038201787	0.005821461431010144	-0.10064069645802398	-0.04978880995542134	-0.016708137565869086	-0.0009412012822529459	-0.04323641818350188
0.0006510614504970924	-0.04261382832891636	-0.0007939349220833503	-0.08659858155758915	-0.04660593057798956	-0.014336580382685149	-0.0010660200813681353	-0.040989679799432466
-0.0005971265406523596	-0.043862016320066255	-0.0036647673017278226	-0.07598898363281648	-0.046169064781087066	-0.017956325557019426	-0.0010660200813681353	-0.04548315656757107
0.00027660505315241224	-0.04791862729130281	-0.006285962083142582	-0.07399188284697655	-0.04454642039259227	-0.016583318766754784	-0.0013156576795980701	-0.048353988947215765
-0.0007219453397677711	-0.04167768733555399	-0.007034874877832165	-0.07274369485582688	-0.05390783032621549	-0.024322084311883208	-0.0010036106818109847	-0.05640480149013172
0.0008382896491692104	-0.03250350560060333	0.017804066146048125	-0.05714134496645484	-0.05796444129745226	-0.032435306254356755	-0.0014404764787132596	-0.057153714284821744
-0.0007219453397677711	-0.04242660013024402	0.03864880559824946	-0.0014097511616175673	-0.0783099055531935	-0.019828607543743937	-0.002002161074730502	-0.06195923805074832
-0.0004098983419804636	-0.052037647662097175	0.033156778437190226	-0.0006608383669279849	-0.07225619379611703	-0.0378025146163008	-0.0009412012822529459	-0.05397083490738974
0.000526242651381903	-0.04673284869971073	0.0020144880580037494	-0.0012849323625023779	-0.059961542083292185	-0.02800423888577508	-0.0016901140769434164	-0.06376911063791546
-0.0007219453397677711	-0.0476065802935155	0.009316387806229898	-0.0011601135633880766	-0.0751894355753191	-0.03549336683267357	-0.0016901140769434164	-0.050351089733055465
0.0006510614504970924	-0.054409204845281556	-0.010404982453936507	-0.0009104759651574756	-0.045295333187282294	-0.042608038382227154	-0.0014404764787132596	-0.055655888695442135
-0.0006595359402099543	-0.05478366124262668	-0.04111040703622093	-0.0012225229629447831	-0.06008636088240693	-0.024072446713653273	-0.0018149328760581618	-0.04123931739766218
0.0005886520509394977	-0.05596943983421876	-0.04491738040922777	-0.0012849323625023779	-0.06470465644966117	-0.05371691150346014	-0.0019397516751729071	-0.061147915856501145
-0.0007843547393249217	-0.029695082620516233	-0.023386137561894227	-0.0010977041638300378	-0.06582802564169588	-0.034619635238868796	-0.0018149328760581618	-0.059962137264908844
0.0006510614504970924	-0.04629598290280823	0.020238032728790323	-0.002283482755422339	-0.09653345022397986	-0.01889246655038157	-0.0023142080725182534	-0.059025996271546255
0.00027660505315241224	-0.07462985030190783	0.035278698022145116	-0.002096254556749555	-0.09796886641380254	-0.028253876484005014	-0.002189389273403286	-0.06726403701313477
-0.0007219453397677711	-0.0657053061651871	0.012187220185874148	-0.0015969793602899074	-0.09397466484212313	-0.039799615402140276	-0.0018773422756162006	-0.0675136746113647
0.0007134708500546871	-0.08118283725544417	-0.015584962617208209	-0.0018466169585200642	-0.0972823630186701	-0.00840768742472342	-0.002189389273403286	-0.06969800359587697
-0.0008467641388829605	-0.09622350254879897	0.014496367969501378	-0.00646491252577408	-0.09428671183991066	-0.02750496368931521	-0.0018149328760581618	-0.06801294980782457
0.0004014238522676017	-0.08580113282269841	-0.05746166972028277	-0.0016593887598475021	-0.04361027939923012	-0.03593023262957584	-0.0016901140769434164	-0.06139755345473108
-0.0004098983419804636	-0.05977641320722582	-0.1086373773574234	-0.0014097511616175673	-0.04710520577444943	-0.03605505142869103	-0.002875892668535718	-0.05272264691624007
8.937685447962807e-05	-0.0763773134895176	-0.08579553711938259	-0.002345892154979934	-0.0468555681762195	-0.06744697940610767	-0.002626255070305339	-0.07481557435959085
-0.0009091735384396671	-0.0625848361873127	-0.0763093083866444	-0.0021586639563075938	-0.07256824079390456	-0.06981853658929227	-0.0025638456707481883	-0.06108550645694333
-0.00047230774153761423	-0.07013637353376878	-0.03992462844462863	-0.006527321925331675	-0.08355229511602258	-0.05221908591408053	-0.0017525234765010111	-0.07138305738392914
0.00046383325182430823	-0.08080838085809905	-0.05945877050612269	-0.002283482755422339	-0.0807438721359357	-0.0365543266251509	-0.002626255070305339	-0.07381702396667111
-0.0006595359402099543	-0.06870095734394654	-0.0771206305808918	-0.0020338451571928484	-0.07094559640540998	-0.051095716722045825	-0.002439026871632999	-0.07462834616091829
0.0007134708500546871	-0.07725104508332237	-0.07025559662956771	-0.001909026358077659	-0.0767496705642563	-0.0409853939937328	-0.0022517986729606587	-0.07494039315870604
-0.0010964017371124513	-0.06077496360014556	-0.040361494241530904	-0.0024083015545375286	-0.07974532174301596	-0.0692568519932748	-0.002189389273403286	-0.07444111796224595
0.0005886520509394977	-0.03799553276166234	-0.06906981803797585	-0.001909026358077659	-0.06763789822886324	-0.04741356214815373	-0.0025638456707481883	-0.05746576128260927
-0.0006595359402099543	-0.05709280902625391	-0.09465767185654594	-0.0027827579518819867	-0.07855954315142344	-0.04697669635125146	-0.002439026871632999	-0.05877635867331654
0.0003390144527095629	-0.07319443411208604	-0.05777371671807008	-0.0024707109540946792	-0.054843971319577856	-0.06601156321628543	-0.0025014362711905935	-0.07718713154277546
0.0005886520509394977	-0.07369370930854569	-0.08279988594062315	-0.0018466169585200642	-0.06770030762842083	-0.0531552269074429	-0.002439026871632999	-0.06907390960030191
-0.0003474889424228689	-0.09079388478729733	-0.06145587129196195	-0.0036564895456872026	-0.08292820112044774	-0.037303239419840706	-0.0018149328760581618	-0.054906975900751886
0.00021419565359503956	-0.08043392446075437	-0.06882018043974569	-0.002533120353652274	-0.06745067003019023	-0.06251663684106612	-0.0029383020680928684	-0.06214646624942066
-0.0007219453397677711	-0.049728499878469945	-0.0884791413003545	-0.0030948049496695162	-0.06844922042311041	-0.0814266849069849	-0.0026886644698633777	-0.06139755345473108
0.0003390144527095629	-0.06888818554261911	-0.07581003319018453	-0.005403952733296746	-0.05627938750940009	-0.07493610735300615	-0.001565295277828227	-0.059338043269333784
-0.00022267014330767942	-0.05827858761784599	-0.10838773975919347	-0.0017217981594050968	-0.05315891753152546	-0.04566609896054441	-0.0031255302667654306	-0.05877635867331654
0.0003390144527095629	-0.042863465927146294	-0.13846907034590306	-1.305953430111797	0.10935515891617409	0.08801483489159567	0.003240228488098129	0.09206716005713234
-0.0004098983419804636	0.09268974991171808	-0.017270016405260158	-0.18951168142788766	-0.05421987732400324	-0.050097166329125864	-0.0014404764787132596	-0.059962137264908844
-0.0007219453397677711	-0.042738647128031326	-0.030438399711890662	-0.13040998004694604	-0.07163209980054241	-0.0377401052167432	-0.0018149328760581618	-0.06501729862906536
0.0007758802496118378	-0.06626699076120457	-0.03742825246232906	-0.12342012729650742	-0.06957258961514534	-0.013338029989765188	-0.0014404764787132596	-0.04929012994057813
-0.0007843547393249217	-0.06757758815191184	-0.05977081750391	-0.10338671003855349	-0.05852612589346973	-0.009219009618971041	-0.0019397516751729071	-0.05615516389190178
0.0006510614504970924	-0.06645421895987713	-0.055214931336213136	-0.10045346825935164	-0.05983672328417722	-0.010030331813218218	-0.0017525234765010111	-0.05734094248349386
-0.0008467641388829605	-0.06327133958244491	-0.01059221065260929	-0.10444766983103082	-0.06557838804346594	-0.02669364149506781	-0.0015028858782710763	-0.06170960045251839
0.0005886520509394977	-0.04748176149440053	-0.008719928665884558	-0.08803399774741139	-0.06907331441868547	-0.016021634170737098	-0.0013156576795980701	-0.05209855292066523
-0.00047230774153761423	-0.05222487586076974	-0.025133600749504215	-0.10731850221067507	-0.07612557656868146	-0.006535405437998687	-0.0021269798738454693	-0.048853264143675634
0.00021419565359503956	-0.06988673593553862	0.013560226976139012	-0.098206729875282	-0.07400365698372724	-0.02132643313312399	-0.001565295277828227	-0.056529620289246685
0.0007758802496118378	-0.05547016463775889	0.020799717324807343	-0.09196578991953319	-0.08411397971204004	-0.02787942008665989	-0.0013156576795980701	-0.06295778844366828
-0.0003474889424228689	-0.05877786281430586	0.03852398679913427	-0.05246063999964301	-0.09391225544256576	-0.030250977269844492	-0.0011908388804833248	-0.062271285048536074
0.000526242651381903	-0.05977641320722582	0.02629174448586613	-0.0015969793602899074	-0.10096451759256175	-0.036117460828248404	-0.002002161074730502	-0.06289537904411047
-0.0007843547393249217	-0.06164869519395033	0.032345456242942605	-0.0017842075589624695	-0.11001388052839745	-0.038613836810547975	-0.0020645704742880966	-0.08392734669498414
0.0006510614504970924	-0.07375611870810328	0.05393910848983374	-0.001472160561175162	-0.11219820951290971	-0.04604055535788909	-0.001565295277828227	-0.09403766942329739
-0.0004098983419804636	-0.0799970586638521	0.03452978522745509	-0.0011601135633880766	-0.09154069825938116	-0.06688529481009042	-0.0018773422756162006	-0.08985623965294565
0.0008382896491692104	-0.05515811763997158	-0.034869467080472116	-0.001909026358077659	-0.07706171756204383	-0.06339036843487089	-0.0023142080725182534	-0.08086928611666733
-0.0005971265406523596	-0.06757758815191184	-0.08910323529592956	-0.0021586639563075938	-0.05228518593772091	-0.056150878086202116	-0.0025638456707481883	-0.07013486939277924
-0.0010964017371124513	-0.06676626595766444	-0.07730785877956414	-0.0034692613470148626	-0.05328373633064065	-0.06033230785655386	-0.00306312086720828	-0.07450352736180355
0.00046383325182430823	-0.06707831295545175	-0.03642970206940932	-0.005903227929756838	-0.07550148257310685	-0.05540196529151231	-0.0025014362711905935	-0.07275606417419378
-0.000534717141095209	-0.0665166283594345	-0.02644419814021104	-0.013142718278425614	-0.08848263768106412	-0.05178222011717781	-0.0016901140769434164	-0.07494039315870604
0.000526242651381903	-0.06583012496430185	-0.05577661593223082	-0.0017217981594050968	-0.08523734890407497	-0.05390413970213248	-0.0021269798738454693	-0.07362979576799877
-0.0007219453397677711	-0.07175901792226358	-0.07574762379062694	-0.001909026358077659	-0.06751307942974827	-0.05134535432027576	-0.002376617472075848	-0.0703220975914518
0.0006510614504970924	-0.06845131974571683	-0.08086519455434105	-0.0021586639563075938	-0.05409505852488783	-0.059146529264962	-0.0033127584654377706	-0.07013486939277924
-0.001346039335342386	-0.0633961583815601	-0.07986664416142109	-0.002720348552324836	-0.06589043504125325	-0.05727424727823682	-0.0027510738694209724	-0.0703220975914518
0.00021419565359503956	-0.06114941999749024	-0.05627589112869069	-0.0032820331483420784	-0.07481497917797442	-0.05221908591408053	-0.002189389273403286	-0.06907390960030191
0.0005886520509394977	-0.06389543357801997	-0.0554021595348857	-0.002720348552324836	-0.06901090501912743	-0.044293092170279325	-0.0018773422756162006	-0.06682717121623227
-0.0007843547393249217	-0.0625848361873127	-0.0617679182897497	-0.0038437177443595427	-0.05840130709435498	-0.04316972297824462	-0.0020645704742880966	-0.06408115763570299
0.000526242651381903	-0.05834099701740336	-0.06189273708886467	-0.005528771532411936	-0.05228518593772091	-0.04504200496496913	-0.002002161074730502	-0.06164719105296124
-0.0007843547393249217	-0.05378511084970694	-0.05877226711099026	-0.006714550124004015	-0.05172350134170345	-0.04697669635125146	-0.0020645704742880966	-0.057715398880838986
0.0005886520509394977	-0.04929163408156745	-0.057960944916743085	-0.021006302622668782	-0.05159868254258826	-0.04541646136231425	-0.0018773422756162006	-0.054844566501194514
-0.0007219453397677711	-0.05078945967094728	-0.05409156214417843	-0.04097731048106512	-0.049663991156306375	-0.035118910435328665	-0.0019397516751729071	-0.05409565370650493
0.0003390144527095629	-0.053161016854132104	-0.05065904516851649	-0.0016593887598475021	-0.050600132149668964	-0.036803964223380614	-0.0014404764787132596	-0.05578070749455666
-0.0005971265406523596	-0.05347306385191963	-0.04947326657692419	-0.001909026358077659	-0.049476762957634035	-0.03842660861187541	-0.0018773422756162006	-0.05528143229809701
-0.0008467641388829605	-0.04629598290280823	-0.04629038719949241	-0.0017842075589624695	-0.04785411856913924	-0.039799615402140276	-0.0018149328760581618	-0.053159512713142565
0.00046383325182430823	-0.04392442571962363	-0.046540024797722346	-0.0015345699607327568	-0.04473364859126483	-0.03873865560966294	-0.0016901140769434164	-0.051162411927302864
-0.0006595359402099543	-0.043862016320066255	-0.04728893759241215	-0.0012225229629447831	-0.04073944701958543	-0.03355867544639146	-0.0014404764787132596	-0.04772989495164093
0.0004014238522676017	-0.04379960692050888	-0.04803785038710218	-0.0018466169585200642	-0.040489809421355716	-0.03068784306674721	-0.001565295277828227	-0.043860512179076716
-0.0006595359402099543	-0.04217696253201386	-0.047351346991969745	-0.0051543151350668115	-0.03986571542578066	-0.02856592348179232	-0.001565295277828227	-0.04373569337996175
0.00046383325182430823	-0.040367089944846724	-0.045354246206130266	-0.003781308344801948	-0.03512260105941145	-0.02787942008665989	-0.0010660200813681353	-0.04198823019235198
-0.000534717141095209	-0.03824517035989228	-0.039862219045071035	-0.004967086936394027	-0.03374959426914703	-0.026631232095510216	-0.0015028858782710763	-0.04074004220120231
0.0003390144527095629	-0.037870713962547375	-0.03624247387073676	-0.003406851947457268	-0.03237658747888239	-0.024758950108785482	-0.0010036106818109847	-0.03911739781270751
0.0004014238522676017	-0.03356446539308067	-0.03655452086852429	-0.016075960057627237	-0.03169008408374974	-0.02388521851498071	-0.0015028858782710763	-0.037994028620672804
-0.0003474889424228689	-0.031879411605028496	-0.033995735486667344	-0.01844751724081206	-0.029193708101450166	-0.021638480130911075	-0.0005667448849084877	-0.035497652638373234
0.0003390144527095629	-0.028322075830251592	-0.02887816472295346	-0.06606588910317535	-0.024200956136851248	-0.01907969474905391	-0.0011908388804833248	-0.03212754506226867
-0.0006595359402099543	-0.026387384443969486	-0.025820104144636202	-0.07243164785803935	-0.02089325796030428	-0.016957775164099465	-0.0008163824831386446	-0.02195481293439827
0.0007758802496118378	-0.018711028298398436	-0.018518204396410276	-0.16560888139736907	-0.01221835142181349	-0.009780694214988284	-0.0007539730835810499	-0.023140591525990795
-0.0007843547393249217	-0.019896806889990737	-0.021201808577382186	-0.13184539623676805	-0.01733592218552804	-0.013150801791092626	-0.0008163824831386446	-0.025949014506077228
0.000526242651381903	-0.02326691446609508	-0.023823003358796946	-0.05476978778327002	-0.016649418790395165	-0.013275620590207815	-0.000504335485350893	-0.027322021296342314
-0.000534717141095209	-0.02414064605989985	-0.018206157398622524	-0.05177413660451058	-0.01839688197800471	-0.013275620590207815	-0.0006915636840236772	-0.026261061503865202
-0.0006595359402099543	-0.013780685733356668	-0.010654620052166663	-0.1726611435473655	-0.008785834446151553	-0.004787942250389143	-0.00037951668623614765	-0.016025919976436764
0.000526242651381903	-0.011097081552385202	-0.016833150608357883	-0.151878813494722	-0.008036921651461526	-0.006348177239326791	-0.0004419260857932983	-0.015838691777764424
-0.00047230774153761423	-0.01933512229397305	-0.024821553751716685	-0.046843794039469255	-0.012155942022255894	-0.010030331813218218	-0.0002546978871209582	-0.021268309539265617
0.0004014238522676017	-0.021207404280698006	-0.022200358970301703	-0.045533196648761765	-0.010907754031105998	-0.008969372020741107	-0.0008787918826962393	-0.016650013972012045
-0.0005971265406523596	-0.014966464324949191	-0.014898459222075777	-0.09571035389298244	-0.006788733660311852	-0.006098539641096634	-0.00037951668623614765	-0.01677483277112679
0.0005886520509394977	-0.013468638735569138	-0.012651720838006586	-0.10151442805182898	-0.011531848026681057	-0.006285767839769196	-0.0004419260857932983	-0.017398926766701628
-0.0007219453397677711	-0.014904054925391597	-0.015897009614995294	-0.05888880815406439	-0.010158841236416416	-0.006722633636671471	-0.000504335485350893	-0.016962060969799575
0.0005886520509394977	-0.014716826726719034	-0.017020378807030667	-0.06207168753149617	-0.006102230265179642	-0.005474445645521575	-0.000504335485350893	-0.016337966974224294
0.0006510614504970924	-0.014716826726719034	-0.014648821623845842	-0.051524499006280866	-0.005790183267392335	-0.006722633636671471	-0.0003171072866785529	-0.017398926766701628
-0.0005971265406523596	-0.013531048135126733	-0.010904257650396598	-0.054894606582384986	-0.007662465254116846	-0.006597814837556282	-0.0003171072866785529	-0.016525195172896856
0.000526242651381903	-0.010036121759907424	-0.006348371482700177	-0.1048845356279331	-0.005478136269604805	-0.002541203866319952	-0.0002546978871209582	-0.012967859398120396
-0.0005971265406523596	-0.014592007927604289	-0.013587861831368508	-0.032552041540804266	-0.010595707033318691	-0.005911311442424294	-0.0002546978871209582	-0.0162755575746667
0.000526242651381903	-0.015528148920966434	-0.017270016405260158	-0.026997604980187884	-0.008723425046593958	-0.0055992644446367645	-0.0002546978871209582	-0.015651463579092306
-0.0005971265406523596	-0.014716826726719034	-0.017457244603932942	-0.027559289576205126	-0.006227049064294832	-0.005911311442424294	-0.000504335485350893	-0.016025919976436764
0.000526242651381903	-0.014155142130702014	-0.015647372016765804	-0.020819074423996664	-0.007600055854559029	-0.005661673844193915	-0.0003171072866785529	-0.01477773198528709
-0.0005971265406523596	-0.01290695413955234	-0.012776539637121331	-0.00658973132488927	-0.008973062644824337	-0.006285767839769196	-0.0003171072866785529	-0.015651463579092306
-0.0006595359402099543	-0.012657316541321961	-0.013775090030041293	-0.004842268137279504	-0.00809933105101912	-0.006036130241539039	-0.00037951668623614765	-0.015401825980861927
0.0006510614504970924	-0.013156591737781831	-0.013150996034466234	-0.004030945943032327	-0.006851143059869447	-0.005224808047291862	-6.746968844817403e-05	-0.015339416581304333
-0.0005971265406523596	-0.013343819936454393	-0.011653170445086625	-0.003968536543474732	-0.006788733660311852	-0.004600714051716803	-0.00037951668623614765	-0.015089778983074842
0.0004014238522676017	-0.012844544739994301	-0.012651720838006586	-0.00028638196958286066	-0.0071007806580991595	-0.005162398647734268	-0.0005667448849084877	-0.013404725195022449
-0.000534717141095209	-0.011346719150614692	-0.013650271230926103	-9.915377091007649e-05	-0.006164639664737237	-0.004663123451274398	-0.000504335485350893	-0.01446568498749956
0.0004014238522676017	-0.011845994347074784	-0.012963767835793893	-0.00047361016825520075	-0.005602955068719995	-0.0030404790627798217	-0.00019228848756380756	-0.013404725195022449
-0.0005971265406523596	-0.012470088342649621	-0.010654620052166663	-0.00016156317046789326	-0.00591500206650708	-0.0029156602636646323	-0.00012987908800621284	-0.012967859398120396
0.0007134708500546871	-0.01197081314618953	-0.011902808043316115	-0.00016156317046789326	-0.005228498671374648	-0.0035397542592394693	5.7349110666571335e-05	-0.012593403000775272
0.0005886520509394977	-0.009973712360349829	-0.01159076104552903	-0.000411200768697606	-0.004916451673587119	-0.004413485853044241	-0.0004419260857932983	-0.012530993601217455
-0.0007219453397677711	-0.009973712360349829	-0.00959366025968933	-0.00028638196958286066	-0.0035434448833226995	-0.0036645730583542147	-0.00019228848756380756	-0.01209412780431518
0.0007134708500546871	-0.010535396956367515	-0.00822065346942491	-0.00016156317046789326	-0.003668263682437445	-0.002790841464549443	-6.746968844817403e-05	-0.012218946603429925
-0.0008467641388829605	-0.010410578157252326	-0.008470291067654623	-0.0005984289673703902	-0.005103679872259903	-0.002728432064992292	-0.0003171072866785529	-0.01246858420165986
0.00046383325182430823	-0.009848893561235084	-0.009468841460574584	-0.00047361016825520075	-0.005290908070932243	-0.0024787944667623574	-6.746968844817403e-05	-0.011220396210510408
-0.0005971265406523596	-0.0096616653625623	-0.008969566264114492	-0.00028638196958286066	-0.0022952568921728034	-0.001917109870745115	0.00011975851022372197	-0.010783530413607911
0.0007134708500546871	-0.00928720896521762	-0.008782338065441708	-0.0012225229629447831	-0.0021080286935002412	-0.0020419286698598604	-6.746968844817403e-05	-0.010845939813165062
-0.000534717141095209	-0.008850343168315122	-0.008033425270752126	-0.0005984289673703902	-0.0032938072850927647	-0.002353975667647612	-0.00019228848756380756	-0.010845939813165062
-0.00047230774153761423	-0.00835106797185503	-0.007721378272964596	-0.0005360195678127955	-0.003605854282880294	-0.001293015875169612	0.00011975851022372197	-0.00997220821936029
0.0003390144527095629	-0.008725524369200377	-0.008657519266326519	-0.0007856571660422862	-0.0034810354837646607	-0.0022291568685324226	-0.00037951668623614765	-0.010658711614493166
-0.0006595359402099543	-0.007976611574509906	-0.008470291067654623	-0.0006608383669279849	-0.0022328474926154307	-0.0020419286698598604	-0.00019228848756380756	-0.01009702701847548
0.0007134708500546871	-0.007976611574509906	-0.007721378272964596	-0.000411200768697606	-0.002170438093057614	-0.0016674722725147362	-5.060288891467479e-06	-0.010159436418033074
-0.0007219453397677711	-0.007976611574509906	-0.007097284277389759	-0.0009104759651574756	-0.0022328474926154307	-0.0013554252747274287	-0.00019228848756380756	-0.009784980020688394
0.0005886520509394977	-0.00828865857229788	-0.007284512476062099	-0.001035294764272665	-0.002607303889960333	-0.0011681970760550886	-0.00019228848756380756	-0.009036067225997924
-0.0006595359402099543	-0.0079142021749532	-0.007783787672522191	-0.0007232477664851356	-0.0013591158988104368	-0.001293015875169612	0.00018216790978153874	-0.00997220821936029
0.0007134708500546871	-0.007477336378050259	-0.0062235526835849875	-0.0018466169585200642	-0.002357666291729954	-0.0016674722725147362	-0.0003171072866785529	-0.010721121014050317
0.000526242651381903	-0.008413477371412625	-0.005849096286240085	-0.0015345699607327568	-0.00323139788553517	-0.0011681970760550886	-0.00012987908800621284	-0.0097225706211308
-0.0005971265406523596	-0.007165289380263173	-0.00678523727960223	-0.0012849323625023779	-0.0026697132895174835	-0.0012306064756122392	-6.746968844817403e-05	-0.009472933022900865
0.0005886520509394977	-0.007414926978493108	-0.00809583467030972	-0.0015345699607327568	-0.0020456192939426465	-0.0016050628729571415	-6.746968844817403e-05	-0.008911248426883178
-0.000534717141095209	-0.0073525175789355135	-0.007346921875619694	-0.0016593887598475021	-0.0011718877001378747	-0.0011681970760550886	5.7349110666571335e-05	-0.00959775182201561
0.000526242651381903	-0.007664564576723043	-0.006348371482700177	-0.0019714357576352537	-0.001983209894385496	-0.001293015875169612	5.7349110666571335e-05	-0.00990979881980314
-0.0005971265406523596	-0.007602155177165448	-0.00591150568579768	-0.0014097511616175673	-0.002981760287305235	-0.0009185594778251538	-6.746968844817403e-05	-0.009660161221573205
0.000526242651381903	-0.007539745777607854	-0.007097284277389759	-0.0015969793602899074	-0.0020456192939426465	-0.0007937406787099643	-5.060288891467479e-06	-0.008536792029538276
-0.0005971265406523596	-0.0073525175789355135	-0.007222103076504949	-0.001472160561175162	-0.0012967064992530641	-0.0009185594778251538	-6.746968844817403e-05	-0.008786429627768433
-0.0006595359402099543	-0.007851792775395605	-0.006473190281814478	-0.0018466169585200642	-0.0014215252983680315	-0.0009185594778251538	-0.00012987908800621284	-0.009036067225997924
0.0005886520509394977	-0.007477336378050259	-0.006098733884469798	-0.001472160561175162	-0.002544894490402738	-0.0014178346742850234	-0.00019228848756380756	-0.0097225706211308
-0.0007219453397677711	-0.006978061181590389	-0.005973915085354609	-0.0017217981594050968	-0.0027321226890750783	-0.0011057876764970498	-0.00012987908800621284	-0.009160886025113113
0.0008382896491692104	-0.006978061181590389	-0.0057866868866824905	-0.0026579391527674634	-0.002170438093057614	-0.00048169368092265685	0.00018216790978153874	-0.009285704824228302
-0.0006595359402099543	-0.006853242382475422	-0.006285962083142582	-0.004655039938607164	-0.0007974313027927504	-0.0007937406787099643	-0.00019228848756380756	-0.008536792029538276
0.00046383325182430823	-0.007040470581148428	-0.0064107808822573276	-0.004904677536836877	-0.000922250101908384	-0.00016964668313512732	0.00018216790978153874	-0.007351013437945975
-0.000534717141095209	-0.006353967186015552	-0.005474639888894517	-0.005715999731084276	-0.0019208004948279012	-0.0009809688773827485	-0.00037951668623614765	-0.008474382629980681
0.00046383325182430823	-0.006478785985130742	-0.004975364692435091	-0.004779858737721465	-0.0013591158988104368	-4.482788402038196e-05	5.7349110666571335e-05	-0.008224745031750746
0.0007134708500546871	-0.006541195384688336	-0.005661868087567301	-0.005091905735509661	-0.0007974313027927504	1.7581515537212766e-05	0.00018216790978153874	-0.008162335632193152
-0.0007219453397677711	-0.006790832982917827	-0.006161143284027393	-0.0057784091306416485	-0.00048538430500544294	1.7581515537212766e-05	-0.00019228848756380756	-0.008224745031750746
0.0007134708500546871	-0.006603604784245931	-0.0055994586880101505	-0.005466362132853897	-0.0006102031041206324	-0.0001072372835775326	-5.060288891467479e-06	-0.007850288634406066
-0.0005971265406523596	-0.006166738987343212	-0.004912955292877719	-0.006090456128429178	-0.0007350219032360439	0.0002048097142097749	-5.060288891467479e-06	-0.007226194638830785
0.0005886520509394977	-0.005854691989555905	-0.004725727094205379	-0.0062152749275443675	-0.0006726125036780051	7.999091509480749e-05	5.7349110666571335e-05	-0.006976557040601072
-0.0006595359402099543	-0.00548023559221078	-0.005100183491550281	-0.007525872318251192	0.0003259378892419562	0.00032962851332452026	-0.00019228848756380756	-0.00766306043573306
0.000526242651381903	-0.005355416793096257	-0.0051625928911078756	-0.007401053519136669	0.0008252130857016038	0.0011409507075721415	0.0003069867088962841	-0.006414872444583608
-0.00047230774153761423	-0.00548023559221078	-0.0045384988955330385	-0.007713100516923976	0.0003259378892419562	0.0007040849106700886	-5.060288891467479e-06	-0.006414872444583608
-0.00047230774153761423	-0.0046065039984060085	-0.00428886129730266	-0.007900328715596316	0.0005755754874712249	0.0011409507075721415	0.00011975851022372197	-0.005665959649893582
0.000526242651381903	-0.004544094598848636	-0.004413680096417849	-0.00677695952356161	0.0009500318848167932	0.0004544473124397097	-0.00019228848756380756	-0.00728860403838838
-0.00028507954286527415	-0.004980960395750689	-0.0034775391030550384	-0.007650691117366382	0.0015741258803911862	0.0021395011004916586	0.0004942149075686242	-0.005353912652106274
0.000526242651381903	-0.004793732197078349	-0.003602357902170672	-0.008586832110728748	0.0009500318848167932	0.0017026353035893838	-5.060288891467479e-06	-0.005541140850778836
-0.000534717141095209	-0.003920000603273577	-0.003352720303940515	-0.00833719451249837	0.0013244882821616955	0.0015778165044748604	-5.060288891467479e-06	-0.006352463045026457
0.0005886520509394977	-0.004419275799733446	-0.0034775391030550384	-0.008711650909843938	0.0017613540790637483	0.0018274541027045732	-5.060288891467479e-06	-0.006040416047238706
-0.0007843547393249217	-0.004356866400176296	-0.0032279015048257698	-0.01139525509081607	0.0019485822777360884	0.0022019105000492534	0.00018216790978153874	-0.004105724660956378
0.0007134708500546871	-0.0037951818041588314	-0.0030406733061529856	-0.010022248300551206	0.0021358104764088726	0.0018274541027045732	-6.746968844817403e-05	-0.004355362259186757
0.0008382896491692104	-0.0032959066076987398	-0.0026662169088080834	-0.008212375713384068	0.002447857474195958	0.002326729299164443	0.00043180550801102946	-0.004792228056089254
-0.000534717141095209	-0.00367036300504342	-0.0026662169088080834	-0.00908610730718884	0.0023854480746388074	0.0021395011004916586	0.00018216790978153874	-0.005416322051663869
0.000526242651381903	-0.003857591203716426	-0.0028534451074802014	-0.00914851670674599	0.0018861728781789378	0.002077091700934952	-0.00019228848756380756	-0.0050418656543187446
-0.0003474889424228689	-0.002859040810796243	-0.0019797135136758737	-0.011520073889930815	0.0030095420702140885	0.002701185696509345	0.0004942149075686242	-0.0048546374556464045
0.0003390144527095629	-0.003857591203716426	-0.0030406733061529856	-0.009772610702321272	0.0017613540790637483	0.0017026353035893838	0.00011975851022372197	-0.004417771658744352
-0.0005971265406523596	-0.0031710878085835503	-0.0026662169088080834	-0.008586832110728748	0.002884723271098455	0.002701185696509345	0.0003693961084538788	-0.004292952859629162
0.0008382896491692104	-0.0031086784090259556	-0.0024165793105777045	-0.011020798693470724	0.0028223138715413043	0.002326729299164443	5.7349110666571335e-05	-0.004480181058301058
-0.0006595359402099543	-0.0031710878085835503	-0.001480438317215782	-0.01332994647709751	0.0026350856728689642	0.002326729299164443	-5.060288891467479e-06	-0.004292952859629162
-0.0005971265406523596	-0.0027342220116814975	-0.0009811631207556903	-0.010958389293913573	0.0028223138715413043	0.0025763668973943776	0.00024457730933913346	-0.0038560870627266652
0.000526242651381903	-0.0029214502103538376	-0.001667666515888122	-0.010771161095240789	0.0023230386750816567	0.002326729299164443	-5.060288891467479e-06	-0.004105724660956378
-0.000534717141095209	-0.002796631411238648	-0.0019797135136758737	-0.010147067099665508	0.0028223138715413043	0.0026387762969517503	0.00011975851022372197	-0.0038560870627266652
0.00046383325182430823	-0.0026718126121234587	-0.0021669417123482138	-0.011083208093028318	0.0030095420702140885	0.002326729299164443	-0.00012987908800621284	-0.003481630665381541
-0.000534717141095209	-0.0025469938130091574	-0.0012932101185429978	-0.010833570494798384	0.0036336360657889255	0.0030132326942964305	-6.746968844817403e-05	-0.004168134060513973
0.00046383325182430823	-0.0026718126121234587	-0.0012932101185429978	-0.009835020101878422	0.0026350856728689642	0.00295082329473928	0.00011975851022372197	-0.0032319930671520503
-0.0005971265406523596	-0.0023597656143363732	-0.0011683913194284745	-0.010147067099665508	0.0030095420702140885	0.00295082329473928	0.0003693961084538788	-0.0032319930671520503
0.0007758802496118378	-0.0022973562147792226	-0.0016052571163305274	-0.011083208093028318	0.003321589068001174	0.002701185696509345	0.00011975851022372197	-0.003668858864054325
0.0005886520509394977	-0.0024845844134515627	-0.0012308007189858472	-0.011894530287275495	0.0033839984675585466	0.002451548098279188	-6.746968844817403e-05	-0.0042305434600715675
-0.000534717141095209	-0.001985309216991471	-0.0006691161229686049	-0.012518624282850332	0.0031343608693283898	0.0032004608929692147	0.00018216790978153874	-0.0027951272702491092
0.0007134708500546871	-0.0016732622192043856	-0.0005442973238538595	-0.012518624282850332	0.003321589068001174	0.0028260044956240904	0.00024457730933913346	-0.0027951272702491092
-0.0006595359402099543	-0.0017356716187615362	-0.0011059819198706577	-0.012268986684620842	0.0031343608693283898	0.0026387762969517503	-6.746968844817403e-05	-0.0036064494644962863
0.000526242651381903	-0.001985309216991471	-0.0011683913194284745	-0.012518624282850332	0.0034464078671161413	0.002888413895181685	0.0005566243071262189	-0.0021086238751171216
-0.00028507954286527415	-0.0016732622192043856	-0.00035706912518107536	-0.01164489268904556	0.003259179668443579	0.002701185696509345	-5.060288891467479e-06	-0.0032319930671520503
0.00046383325182430823	-0.0019228998174338763	-0.0007939349220833503	-0.011332845691258031	0.003259179668443579	0.0028260044956240904	0.00018216790978153874	-0.003044764868479488
-0.0005971265406523596	-0.0014236246209740067	-0.0004194785247386701	-0.01158248328948841	0.0031343608693283898	0.0030132326942964305	0.00011975851022372197	-0.0029199460693642987
-0.0004098983419804636	-0.0012988058218590393	0.0001422060712785722	-0.01176971148816075	0.004382548860478508	0.0038245548885440517	0.0006190337066838136	-0.0022958520737892396
0.000526242651381903	-0.001361215221416634	-0.00023225032606610796	-0.012705852481522673	0.0040705018626912	0.0028260044956240904	-5.060288891467479e-06	-0.0032319930671520503
-0.0006595359402099543	-0.0015484434200891961	0.0001422060712785722	-0.012206577285063247	0.0040705018626912	0.003512507890756522	5.7349110666571335e-05	-0.002233442674231867
0.0007758802496118378	-0.0008619400249567644	0.0007038906672967027	-0.01127043629170088	0.003945683063575567	0.0036373266898717116	0.00043180550801102946	-0.0026078990715772132
-0.0007219453397677711	-0.0008619400249567644	0.0003294342699509123	-0.0118321208877179	0.0038832736640184162	0.00313805149341162	5.7349110666571335e-05	-0.0024830802724615797
0.000526242651381903	-0.0010491682236291044	7.979667172142157e-05	-0.01164489268904556	0.004757005257823188	0.004011783087216392	0.0004942149075686242	-0.0019213956764443374
-0.0004098983419804636	-0.000924349424513915	0.00020461547083661102	-0.010459114097453481	0.004008092463133162	0.0028260044956240904	-0.00012987908800621284	-0.002670308471134364
0.0004014238522676017	-0.001361215221416634	0.0008911188659685987	-0.011332845691258031	0.004507367659593697	0.0038245548885440517	0.0004942149075686242	-0.0017341674777724414
0.0007134708500546871	-0.000924349424513915	0.0007038906672967027	-0.010022248300551206	0.0037584548649032268	0.003387689091641777	0.00024457730933913346	-0.002171033274674272
-0.0005971265406523596	-0.0010491682236291044	0.0004542530690663238	-0.009959838900993612	0.0038208642644608215	0.003574917290314561	0.00024457730933913346	-0.002233442674231867
0.0007134708500546871	-0.0009867588240715097	0.00020461547083661102	-0.01139525509081607	0.0042577300613633184	0.0036373266898717116	0.0003069867088962841	-0.002233442674231867
-0.0005971265406523596	-0.0008619400249567644	0.00026702487039420575	-0.010521523497010854	0.004382548860478508	0.0036373266898717116	0.00011975851022372197	-0.0024830802724615797
0.000526242651381903	-0.0010491682236291044	0.0003918436695089511	-0.009835020101878422	0.0042577300613633184	0.003387689091641777	0.00011975851022372197	-0.001609348678657252
-0.0006595359402099543	-0.000737121225842019	0.0006414812677382198	-0.009772610702321272	0.004132911262248351	0.0036373266898717116	0.0003069867088962841	-0.0017341674777724414
0.0007758802496118378	-0.0003626648284971168	0.0005790718681815132	-0.00933574490541833	0.004632186458708443	0.003949373687658797	0.0003693961084538788	-0.0016717580782148467
-0.0004098983419804636	-0.00048748362761186215	0.0001422060712785722	-0.008586832110728748	0.004195320661806168	0.0034500984911993715	0.00011975851022372197	-0.0022958520737892396
-0.0007219453397677711	-0.001173987022744294	0.00026702487039420575	-0.00958538250364871	0.004195320661806168	0.003574917290314561	5.7349110666571335e-05	-0.002046214475559527
0.0007758802496118378	-0.000737121225842019	0.000828709466411004	-0.00958538250364871	0.004320139460921357	0.0036997360894293063	0.00043180550801102946	-0.001796576877329148
-0.0006595359402099543	-0.0009867588240715097	0.0003294342699509123	-0.009023697907631245	0.0036960454653465202	0.003325279692084182	5.7349110666571335e-05	-0.001983805076001932
0.0006510614504970924	-0.0010491682236291044	0.00026702487039420575	-0.007276234720021479	0.0037584548649032268	0.0032004608929692147	0.00018216790978153874	-0.001796576877329148
-0.0005971265406523596	-0.0006123024267263855	0.0003294342699509123	-0.00715141592090629	0.004320139460921357	0.0036997360894293063	0.0003069867088962841	-0.001983805076001932
0.0007134708500546871	-0.000924349424513915	0.00026702487039420575	-0.006901778322676799	0.003945683063575567	0.0032628702925268094	-5.060288891467479e-06	-0.002046214475559527
-0.0007843547393249217	-0.001111577623186255	-0.00010743152695091851	-0.007089006521349139	0.004132911262248351	0.003512507890756522	0.0003069867088962841	-0.0016717580782148467
0.0007758802496118378	-0.0006123024267263855	0.0003918436695089511	-0.00646491252577408	0.0042577300613633184	0.0036373266898717116	0.0003069867088962841	-0.0016717580782148467
0.00046383325182430823	-0.001111577623186255	0.00020461547083661102	-0.006714550124004015	0.0038208642644608215	0.0032628702925268094	5.7349110666571335e-05	-0.0021086238751171216
-0.000534717141095209	-0.0008619400249567644	0.0003918436695089511	-0.0068393689231192045	0.004195320661806168	0.0036373266898717116	0.0003069867088962841	-0.001796576877329148
0.000526242651381903	-0.0009867588240715097	1.738727216382685e-05	-0.007213825320463885	0.0038832736640184162	0.003325279692084182	-5.060288891467479e-06	-0.002046214475559527
-0.00047230774153761423	-0.0006123024267263855	0.0005166624686239185	-0.00677695952356161	0.004569777059151292	0.0038869642881016464	0.00043180550801102946	-0.0021086238751171216
0.00046383325182430823	-0.001111577623186255	1.738727216382685e-05	-0.008149966313826473	0.0038832736640184162	0.0032004608929692147	0.0003069867088962841	-0.0012973016808695004
-0.000534717141095209	-0.00048748362761186215	0.0004542530690663238	-0.007713100516923976	0.0042577300613633184	0.003574917290314561	0.00024457730933913346	-0.0017341674777724414
0.0007134708500546871	-0.0008619400249567644	0.00026702487039420575	-0.008212375713384068	0.003945683063575567	0.003325279692084182	-0.00012987908800621284	-0.0019213956764443374
-0.0007843547393249217	-0.0009867588240715097	0.0003918436695089511	-0.007276234720021479	0.004195320661806168	0.003387689091641777	0.00024457730933913346	-0.001796576877329148
-0.000534717141095209	-0.0005498930271692348	0.0006414812677382198	-0.007276234720021479	0.004195320661806168	0.0036997360894293063	0.00011975851022372197	-0.0015469392790996572
0.0007758802496118378	-0.00042507422805382333	0.0008911188659685987	-0.00715141592090629	0.004569777059151292	0.0038245548885440517	0.0004942149075686242	-0.0012973016808695004
-0.000534717141095209	-0.00048748362761186215	0.0006414812677382198	-0.007837919316039166	0.004382548860478508	0.0036997360894293063	0.00024457730933913346	-0.001359711080427095
0.000526242651381903	-0.0006747118262844243	0.0003294342699509123	-0.007401053519136669	0.004195320661806168	0.0034500984911993715	0.00011975851022372197	-0.0010476640826400097
-0.0004098983419804636	-0.0003626648284971168	0.000828709466411004	-0.006527321925331675	0.004757005257823188	0.004074192486774431	-0.0003171072866785529	-0.002046214475559527
0.00027660505315241224	-0.0010491682236291044	1.738727216382685e-05	-0.0074634629186935975	0.004507367659593697	0.003949373687658797	0.00043180550801102946	-0.0010476640826400097
-0.0003474889424228689	-0.00023784602938192734	0.0008911188659685987	-0.007276234720021479	0.0040705018626912	0.003512507890756522	5.7349110666571335e-05	-0.0014845298795420625
0.00046383325182430823	-0.0005498930271692348	0.0010159376650837881	-0.006964187722233506	0.004694595858266037	0.003949373687658797	0.00043180550801102946	-0.0011100734821971603
0.0005886520509394977	-0.0005498930271692348	0.000828709466411004	-0.007650691117366382	0.004195320661806168	0.0034500984911993715	5.7349110666571335e-05	-0.0015469392790996572
-0.0004098983419804636	-0.0001754366298243326	0.0012031658637561282	-0.007213825320463885	0.004632186458708443	0.004074192486774431	0.0004942149075686242	-0.0010476640826400097
0.00046383325182430823	-0.00048748362761186215	0.0005166624686239185	-0.008836469708958683	0.003945683063575567	0.0032004608929692147	-0.00019228848756380756	-0.0016717580782148467
-0.00047230774153761423	-0.00011302723026673789	0.0010159376650837881	-0.007775509916481571	0.004819414657380783	0.004011783087216392	0.0004942149075686242	-0.001359711080427095
0.000526242651381903	-0.0003626648284971168	0.0007038906672967027	-0.007775509916481571	0.004382548860478508	0.003512507890756522	0.0003693961084538788	-0.0009852546830819708
-0.0005971265406523596	-0.00023784602938192734	0.0011407564641985335	-0.008462013311613559	0.0040705018626912	0.003387689091641777	-5.060288891467479e-06	-0.001609348678657252
0.000526242651381903	-0.0005498930271692348	0.0006414812677382198	-0.007525872318251192	0.004632186458708443	0.004074192486774431	0.00043180550801102946	-0.0007980264844096308
-0.00047230774153761423	7.42009684056022e-05	0.0009535282655261934	-0.006277684327101518	0.004382548860478508	0.0036997360894293063	0.0003069867088962841	-0.0012973016808695004
-0.0009091735384396671	-0.000737121225842019	0.0005166624686239185	-0.006714550124004015	0.004008092463133162	0.0032628702925268094	-0.00012987908800621284	-0.001609348678657252
0.0007758802496118378	-0.0001754366298243326	0.0010783470646413829	-0.006901778322676799	0.0044449582600356585	0.0036373266898717116	0.0003069867088962841	-0.0011100734821971603
-0.00047230774153761423	0.00013661036796297488	0.0013279846628710956	-0.00939815430497637	0.00494423345649575	0.004074192486774431	0.0004942149075686242	-0.0006107982857370686
0.00046383325182430823	-0.00048748362761186215	0.0006414812677382198	-0.00715141592090629	0.0038832736640184162	0.00313805149341162	-5.060288891467479e-06	-0.0011100734821971603
-0.0006595359402099543	-0.00030025542893952206	0.0008911188659685987	-0.007089006521349139	0.0042577300613633184	0.003512507890756522	-5.060288891467479e-06	-0.0014221204799846898
0.000526242651381903	-0.00042507422805382333	0.0007038906672967027	-0.00658973132488927	0.004569777059151292	0.0038245548885440517	0.00043180550801102946	-0.0009852546830819708
-0.00047230774153761423	-0.0001754366298243326	0.0010783470646413829	-0.00658973132488927	0.004008092463133162	0.003325279692084182	5.7349110666571335e-05	-0.0014845298795420625
0.000526242651381903	-0.00048748362761186215	0.0009535282655261934	-0.00677695952356161	0.004132911262248351	0.003512507890756522	5.7349110666571335e-05	-0.0012348922813123497
0.0007758802496118378	-0.00011302723026673789	0.001265575263313723	-0.005903227929756838	0.004320139460921357	0.0036997360894293063	0.00043180550801102946	-0.0010476640826400097
-0.0007219453397677711	-0.0005498930271692348	0.0007038906672967027	-0.005528771532411936	0.0038832736640184162	0.003325279692084182	-5.060288891467479e-06	-0.001359711080427095
0.0005886520509394977	-0.00048748362761186215	0.0005166624686239185	-0.005466362132853897	0.003945683063575567	0.0032628702925268094	0.00011975851022372197	-0.0014845298795420625
-0.0007219453397677711	-0.00030025542893952206	0.0008911188659685987	-0.006028046728872027	0.004195320661806168	0.0034500984911993715	0.00018216790978153874	-0.0011100734821971603
0.0008382896491692104	-0.0001754366298243326	0.001265575263313723	-0.0057784091306416485	0.004320139460921357	0.003512507890756522	0.00024457730933913346	-0.001172482881754755
-0.0005971265406523596	-0.0003626648284971168	0.0012031658637561282	-0.0057784091306416485	0.0035712266662313308	0.0030756420938544693	-5.060288891467479e-06	-0.0014221204799846898
0.00027660505315241224	-0.0003626648284971168	0.0007663000668538533	-0.005965637329313989	0.004320139460921357	0.0036373266898717116	0.0003069867088962841	-0.0009852546830819708
-0.000534717141095209	-0.00011302723026673789	0.0009535282655261934	-0.005653590331526681	0.004195320661806168	0.003387689091641777	0.0003069867088962841	-0.001172482881754755
-0.0005971265406523596	-0.00030025542893952206	0.0008911188659685987	-0.005091905735509661	0.004132911262248351	0.003387689091641777	0.00018216790978153874	-0.001172482881754755
0.0005886520509394977	-0.00048748362761186215	0.0010159376650837881	-0.004717449338164759	0.003945683063575567	0.0032004608929692147	0.00011975851022372197	-0.0014845298795420625
-0.0007843547393249217	-0.00048748362761186215	0.0008911188659685987	-0.004655039938607164	0.0036336360657889255	0.0030756420938544693	-5.060288891467479e-06	-0.0012973016808695004
0.0007134708500546871	-0.00030025542893952206	0.0008911188659685987	-0.004030945943032327	0.0038208642644608215	0.0032628702925268094	0.00018216790978153874	-0.0009228452835243761
-0.0005971265406523596	-5.0617830709143163e-05	0.0009535282655261934	-0.0040933553425894775	0.004132911262248351	0.003512507890756522	0.00024457730933913346	-0.0010476640826400097
0.0007134708500546871	-0.00023784602938192734	0.0009535282655261934	-0.00428058354126204	0.0042577300613633184	0.003325279692084182	0.00018216790978153874	-0.0010476640826400097
-0.0005971265406523596	-0.00011302723026673789	0.0010783470646413829	-0.004842268137279504	0.004008092463133162	0.003325279692084182	0.00011975851022372197	-0.0011100734821971603
0.0005886520509394977	-0.00011302723026673789	0.001452803461986285	-0.004655039938607164	0.004569777059151292	0.003949373687658797	0.0006190337066838136	-0.00042357008706472854
0.00046383325182430823	-0.00042507422805382333	0.0005790718681815132	-0.005840818530199243	0.0037584548649032268	0.00313805149341162	-0.00019228848756380756	-0.001359711080427095
-0.000534717141095209	1.1791568848451561e-05	0.0010783470646413829	-0.005341543333739152	0.004507367659593697	0.0036373266898717116	0.00024457730933913346	-0.0007356170848522581
0.0007134708500546871	-0.00011302723026673789	0.0011407564641985335	-0.005029496335952066	0.0044449582600356585	0.003574917290314561	0.0003069867088962841	-0.0007980264844096308
-0.0005971265406523596	1.1791568848451561e-05	0.0012031658637561282	-0.0051543151350668115	0.004320139460921357	0.003574917290314561	0.00024457730933913346	-0.0008604358839676696
0.0005886520509394977	-5.0617830709143163e-05	0.0012031658637561282	-0.006340093726659113	0.0042577300613633184	0.0034500984911993715	0.00018216790978153874	-0.0005483888861803621
-0.0006595359402099543	0.00013661036796297488	0.0011407564641985335	-0.005528771532411936	0.0044449582600356585	0.0036373266898717116	0.00024457730933913346	-0.0006732076852946633
0.0006510614504970924	7.42009684056022e-05	0.0010783470646413829	-0.006152865527986773	0.004569777059151292	0.0036373266898717116	0.00018216790978153874	-0.0006107982857370686
-0.0007219453397677711	1.1791568848451561e-05	0.0013279846628710956	-0.006090456128429178	0.004694595858266037	0.003574917290314561	0.0003069867088962841	-0.0006732076852946633
-0.0007219453397677711	0.00013661036796297488	0.0012031658637561282	-0.00658973132488927	0.004320139460921357	0.003574917290314561	-5.060288891467479e-06	-0.0006732076852946633
0.0009006990487274713	0.0004486573657509485	0.0017648504597733705	-0.005903227929756838	0.004694595858266037	0.003949373687658797	0.0006190337066838136	-0.00023634188839238846
-0.0006595359402099543	0.0001990197675205696	0.0013279846628710956	-0.006527321925331675	0.004382548860478508	0.0036373266898717116	5.7349110666571335e-05	-0.0005483888861803621
0.00046383325182430823	1.1791568848451561e-05	0.0009535282655261934	-0.006402503126216708	0.004195320661806168	0.0034500984911993715	-6.746968844817403e-05	-4.911368972004837e-05
-0.0004098983419804636	0.0004486573657509485	0.0015776222611014745	-0.006152865527986773	0.00506905225561094	0.004074192486774431	5.7349110666571335e-05	-0.0008604358839676696
0.000526242651381903	-0.0001754366298243326	0.0012031658637561282	-0.00677695952356161	0.0044449582600356585	0.0036997360894293063	0.00018216790978153874	-0.0004859794866218792
-0.0005971265406523596	0.00032383856663531496	0.0015152128615438798	-0.00677695952356161	0.0042577300613633184	0.003574917290314561	0.00018216790978153874	-0.0006732076852946633
0.0005886520509394977	0.0002614291670781643	0.0015776222611014745	-0.007213825320463885	0.004694595858266037	0.004011783087216392	0.00043180550801102946	-0.00017393248883479373
0.000526242651381903	1.1791568848451561e-05	0.0011407564641985335	-0.008274785112941219	0.004320139460921357	0.003387689091641777	-5.060288891467479e-06	-0.0007356170848522581
-0.0006595359402099543	0.0001990197675205696	0.0012031658637561282	-0.0070265971217911005	0.0044449582600356585	0.0036997360894293063	0.00018216790978153874	-0.0004859794866218792
0.0007134708500546871	0.0001990197675205696	0.0015776222611014745	-0.00646491252577408	0.004632186458708443	0.003574917290314561	0.0003069867088962841	-0.0004859794866218792
-0.0005971265406523596	0.00032383856663531496	0.0015152128615438798	-0.007588281717808787	0.004195320661806168	0.003387689091641777	0.00011975851022372197	-0.0006107982857370686
0.0006510614504970924	0.0001990197675205696	0.0015776222611014745	-0.0074634629186935975	0.0042577300613633184	0.003512507890756522	0.00024457730933913346	-0.0002987512879499832
-0.000534717141095209	0.0003862479661929097	0.001640031660658181	-0.008586832110728748	0.004132911262248351	0.003325279692084182	-0.00012987908800621284	-0.0007980264844096308
0.0004014238522676017	-5.0617830709143163e-05	0.0010159376650837881	-0.00908610730718884	0.004694595858266037	0.003762145488986901	0.00043180550801102946	-0.00017393248883479373
-0.000534717141095209	0.00032383856663531496	0.001265575263313723	-0.008898879108516278	0.004195320661806168	0.003387689091641777	-5.060288891467479e-06	-0.0006732076852946633
-0.0006595359402099543	0.0002614291670781643	0.0015776222611014745	-0.008774060309401088	0.004382548860478508	0.0036373266898717116	0.00018216790978153874	-0.0004859794866218792
0.0008382896491692104	0.0003862479661929097	0.001640031660658181	-0.007962738115153467	0.004382548860478508	0.003574917290314561	0.00043180550801102946	-0.0002987512879499832
-0.0005971265406523596	0.0005110667653080991	0.001640031660658181	-0.012893080680195679	0.004569777059151292	0.0038245548885440517	0.00011975851022372197	-0.00023634188839238846
0.0007758802496118378	0.0003862479661929097	0.001640031660658181	-0.00908610730718884	0.004507367659593697	0.0036373266898717116	0.0003069867088962841	-0.0004859794866218792
-0.0007219453397677711	0.00013661036796297488	0.0013279846628710956	-0.008586832110728748	0.0042577300613633184	0.0034500984911993715	0.00018216790978153874	-0.0005483888861803621
0.0007134708500546871	0.0002614291670781643	0.001452803461986285	-0.008462013311613559	0.0044449582600356585	0.0036373266898717116	0.0003693961084538788	-0.0002987512879499832
-0.0004098983419804636	0.0003862479661929097	0.0017024410602157758	-0.007213825320463885	0.0036960454653465202	0.0030132326942964305	-5.060288891467479e-06	-0.0010476640826400097
0.0004014238522676017	-0.00023784602938192734	0.0015776222611014745	-0.007213825320463885	0.0044449582600356585	0.003574917290314561	0.00043180550801102946	-0.0003611606875075779
0.0005886520509394977	0.00013661036796297488	0.0013279846628710956	-0.007276234720021479	0.0040705018626912	0.003387689091641777	0.00011975851022372197	-0.0006107982857370686
-0.0005971265406523596	7.42009684056022e-05	0.0013903940624289124	-0.00658973132488927	0.0042577300613633184	0.003387689091641777	0.00018216790978153874	-0.0005483888861803621
0.0007134708500546871	0.0001990197675205696	0.0015152128615438798	-0.006527321925331675	0.004132911262248351	0.0032628702925268094	0.0003069867088962841	-0.0006732076852946633
-0.0005971265406523596	0.0002614291670781643	0.0013279846628710956	-0.006277684327101518	0.003945683063575567	0.003387689091641777	5.7349110666571335e-05	-0.0006107982857370686
0.0007134708500546871	0.00032383856663531496	0.0015776222611014745	-0.006028046728872027	0.004132911262248351	0.003325279692084182	5.7349110666571335e-05	-0.0006107982857370686
-0.0007219453397677711	7.42009684056022e-05	0.001265575263313723	-0.006152865527986773	0.004008092463133162	0.0032004608929692147	0.00018216790978153874	-0.0006107982857370686
