Sensor_1	Sensor_2	Sensor_3	Sensor_4	Sensor_5	Sensor_6	Sensor_7	Sensor_8
-0.0006459845488056004	-0.004509568049605894	-0.00497504720892783	0.00037188407399058043	-0.00603907912148216	-0.0037820704580020514	-0.00012703800521896014	-0.012871194396219643
-0.0006459845488056004	-0.00376065525491609	-0.005973597601847347	0.000247065274875391	-0.00635112611926969	-0.004281345654461477	-0.00012703800521896014	-0.010374818413920073
0.0006022034423438516	-0.004010292853146469	-0.0062856445996353205	0.00018465587531779626	-0.00603907912148216	-0.0050302584491519475	-0.0003142662038913002	-0.008689764625868124
-0.0006459845488056004	-0.0042599304513759595	-0.005599141204502445	0.00012224647576020153	-0.004790891130332042	-0.0045933926522492285	-0.00012703800521896014	-0.01318324139400695
0.0006022034423438516	-0.004010292853146469	-0.005973597601847347	0.000247065274875391	-0.004229206534315244	-0.005092667848709098	-0.00012703800521896014	-0.019549000148870954
-0.0005835751492480057	-0.0031365612593408088	-0.006223235200077726	0.0003094746744329857	-0.0037299313378551524	-0.004218936254903882	-0.00012703800521896014	-0.018987315552853712
0.0006022034423438516	-0.0027621048619959065	-0.005973597601847347	0.0003094746744329857	-0.004978119329004382	-0.0037196610584442347	-0.00018944740477655486	-0.01861285915550881
-0.0006459845488056004	-0.0023252390650936317	-0.006098416400962536	0.000247065274875391	-0.005290166326792134	-0.00365725165888664	-0.0002518568043337055	-0.019985865945773673
0.0005397940427862569	-0.0022004202659788863	-0.0074714231912274	0.00043429347354773107	-0.00616389792059735	-0.004156526855347176	6.019019345382404e-05	-0.01193505340285772
0.00047738464322866214	-0.0023876484646512264	-0.008033107787244864	-0.0001898005220268839	-0.00616389792059735	-0.004468573853134261	-0.000563903802121235	-0.01599166437409405
-0.0006459845488056004	-0.0033861988575711877	-0.007096966793882498	0.00018465587531779626	-0.004978119329004382	-0.002845929464639463	-0.00012703800521896014	-0.015117932780289722
0.0006646128419014463	-0.002262829665536481	-0.006972147994767308	0.00037188407399058043	-0.004291615933871951	-0.0039692986566743915	-2.219206104214777e-06	-0.01748948996347366
-0.000521165749690855	-0.0027621048619959065	-0.006597691597422628	0.000247065274875391	-0.00404197833564246	-0.0030955670628696197	-2.219206104214777e-06	-0.02098441633869319
0.0005397940427862569	-0.0033861988575711877	-0.00797069838768727	0.00012224647576020153	-0.004416434732987362	-0.0035324328597718946	-6.462860566092132e-05	-0.020485141142233543
-0.0005835751492480057	-0.001389098071731265	-0.006160825800520131	0.0003094746744329857	-0.0028561997440503806	-0.0035948422593290452	-0.00012703800521896014	-0.02260706072718799
0.0006022034423438516	-0.0015763262704036052	-0.005848778802732824	0.000247065274875391	-0.0031058373422800933	-0.003033157663312025	-6.462860566092132e-05	-0.021483691535153282
-0.0005835751492480057	-0.0022004202659788863	-0.005349503606272954	0.00018465587531779626	-0.004104387735200055	-0.0027211106655242734	-0.0002518568043337055	-0.020734778740463256
-0.000521165749690855	-0.002262829665536481	-0.004288543813795398	0.00043429347354773107	-0.0028561997440503806	-0.0017225602726047562	0.00012259959301097467	-0.027599812691786907
0.00047738464322866214	-0.0030117424602262854	-0.004787819010255268	0.00012224647576020153	-0.003417884340067179	-0.0035948422593290452	-0.0003142662038913002	-0.027100537495326815
-0.0005835751492480057	-0.0031989706588984035	-0.005349503606272954	0.00012224647576020153	-0.0030434279427229427	-0.004843030250479163	-0.00012703800521896014	-0.022669470126745583
0.0006022034423438516	-0.004322339850933554	-0.0054119130058296605	0.0003094746744329857	-0.004104387735200055	-0.0026587012659671228	-0.0002518568043337055	-0.02279428892586055
-0.0004587563501332603	-0.00413511165226077	-0.0046005908115829275	0.00043429347354773107	-0.004354025333429989	-0.0005991910805702716	-0.0003142662038913002	-0.021858147932497962
0.00047738464322866214	-0.005383299643410888	-0.0046005908115829275	5.983707620349499e-05	-0.004416434732987362	-0.0017225602726047562	-0.0003142662038913002	-0.024666570912585284
-0.0007708033479205678	-0.004821615047393202	-0.004787819010255268	0.0005591122726633646	-0.003605112538739963	-0.0020970166699494364	0.00018500899256879144	-0.02298151712453289
0.0009142504401318252	-0.0044471586500483	-0.005099866008043019	5.983707620349499e-05	-0.004291615933871951	-0.0027211106655242734	-0.0003142662038913002	-0.019361771950198392
0.0006022034423438516	-0.005133662045180731	-0.004226134414237803	0.00012224647576020153	-0.004853300529889637	-0.0029083388641970576	-0.0002518568043337055	-0.019985865945773673
-0.0005835751492480057	-0.0042599304513759595	-0.0037268592177777116	0.000247065274875391	-0.005352575726349729	-0.0033452046610991104	-6.462860566092132e-05	-0.019174543751526052
0.0005397940427862569	-0.0038230646544736846	-0.0041637250146804305	0.0003094746744329857	-0.00672558251661437	-0.002596291866409528	-0.00018944740477655486	-0.018425630956836025
-0.0007708033479205678	-0.004072702252703175	-0.004475772012468182	-6.498172291169446e-05	-0.007786542309091704	-0.0015977414734895667	-0.0003142662038913002	-0.014556248184272036
0.0005397940427862569	-0.00413511165226077	-0.004475772012468182	0.000247065274875391	-0.008036179907321639	-0.0014729226743748214	0.0003098277916835368	-0.011997462802414427
-0.00033393755101851497	-0.003947883453587986	-0.004413362612910143	0.0005591122726633646	-0.007536904710861547	-0.0037820704580020514	-0.000563903802121235	-0.012621556797989708
0.0003525658441139168	-0.005196071444738326	-0.005287094206715359	5.983707620349499e-05	-0.006538354317941586	-0.0015977414734895667	-0.00012703800521896014	-0.015367570378519213
-0.0006459845488056004	-0.005196071444738326	-0.004101315615122836	0.0003094746744329857	-0.00603907912148216	-0.0011608756765870698	-0.00018944740477655486	-0.01867526855506596
-0.000521165749690855	-0.0048840244469507965	-0.0041637250146804305	0.0004967028731057699	-0.005727032123694853	-0.0016601508730471615	0.00012259959301097467	-0.01661575836966933
0.0003525658441139168	-0.005757756040755124	-0.0054119130058296605	-0.00012739112246906714	-0.006600763717499625	-0.0018473790717199456	-0.0005014944025636403	-0.014556248184272036
-0.0006459845488056004	-0.005133662045180731	-0.004475772012468182	0.00018465587531779626	-0.006101488521039755	-0.0018473790717199456	-0.00012703800521896014	-0.015242751579404024
0.0006646128419014463	-0.005258480844295255	-0.004226134414237803	0.0003094746744329857	-0.00603907912148216	-0.0033452046610991104	-6.462860566092132e-05	-0.013120831994449578
-0.0006459845488056004	-0.0048840244469507965	-0.005474322405387255	0.00012224647576020153	-0.00672558251661437	-0.0029707482637546523	-0.00037667560344889495	-0.0058189322462236515
0.0005397940427862569	-0.005570527842083228	-0.006410463398749622	5.983707620349499e-05	-0.008660273902896476	-0.0022842448686224426	-0.00018944740477655486	-0.0051948382506488144
-0.0005835751492480057	-0.0055081184425256335	-0.005848778802732824	0.00043429347354773107	-0.008223408105994423	-0.0017225602726047562	-2.219206104214777e-06	-0.007628804833390346
0.0006646128419014463	-0.005258480844295255	-0.00516227540760017	-6.498172291169446e-05	-0.009097139699799195	-0.002159426069507253	-0.0003142662038913002	-0.00744157663471845
0.0006022034423438516	-0.004821615047393202	-0.00516227540760017	0.0003094746744329857	-0.00853545510378173	-0.0014729226743748214	-0.00018944740477655486	-0.007004710837815953
-0.0004587563501332603	-0.005071252645623137	-0.004538181412025333	0.000247065274875391	-0.008597864503339325	-0.0014105132748172267	-2.219206104214777e-06	-0.004508334855516383
0.0005397940427862569	-0.005695346641198418	-0.0046005908115829275	-2.572323354099737e-06	-0.00872268330245407	-0.0022842448686224426	-0.00037667560344889495	-0.0030729186656941465
-0.0006459845488056004	-0.005383299643410888	-0.004850228409812862	0.00012224647576020153	-0.008660273902896476	-0.0022218354690644038	-0.0002518568043337055	-0.0031353280652517412
0.0007894316410161917	-0.005695346641198418	-0.0046005908115829275	0.0003094746744329857	-0.007786542309091704	-0.0022218354690644038	-0.0003142662038913002	-0.0014502742771993482
-0.0007083939483634172	-0.0061322124381004706	-0.004787819010255268	-6.498172291169446e-05	-0.007973770507764044	-0.0032827952615419598	-0.0004390850030060456	-0.003572193862153572
0.00047738464322866214	-0.006444259435888	-0.0039764968160080905	0.00018465587531779626	-0.007786542309091704	-0.004655802051806823	-0.00012703800521896014	0.00017237011129522806
-0.000521165749690855	-0.005882574839870314	-0.004538181412025333	0.0003094746744329857	-0.007848951708648855	-0.004343755054019072	-0.00012703800521896014	-0.003634603261711611
-0.0006459845488056004	-0.006693897034117935	-0.004538181412025333	5.983707620349499e-05	-0.008348226905109168	-0.0024714730672947827	-0.00018944740477655486	-0.002511234069676904
0.0003525658441139168	-0.006943534632347648	-0.004538181412025333	-2.572323354099737e-06	-0.0090347303002416	-0.0016601508730471615	-0.000563903802121235	-0.005070019451533625
-0.00033393755101851497	-0.006007393638985503	-0.0046005908115829275	0.0004967028731057699	-0.008098589306879234	-0.0010360568774718804	0.00018500899256879144	-0.001512683676756943
0.0004149752436719556	-0.006881125232790497	-0.006160825800520131	-6.498172291169446e-05	-0.009221958498914384	-0.003220385861983921	-0.0004390850030060456	0.00017237011129522806
-0.0005835751492480057	-0.007068353431462393	-0.005474322405387255	0.00012224647576020153	-0.008473045704224136	-0.0020346072703918416	-0.0005014944025636403	-0.004445925455958344
0.00047738464322866214	-0.007130762831020432	-0.005287094206715359	-2.572323354099737e-06	-0.007349676512189651	-0.0005367816810120107	0.00018500899256879144	-0.006879892038700763
-0.0003963469505761097	-0.006007393638985503	-0.0039764968160080905	-2.572323354099737e-06	-0.008660273902896476	-0.0005991910805702716	-0.0004390850030060456	-0.004196287857728853
0.00047738464322866214	-0.00663148763456034	-0.004850228409812862	0.00012224647576020153	-0.008098589306879234	-0.0010360568774718804	-0.00018944740477655486	-0.001263046078526786
0.000727022241459041	-0.006194621837658065	-0.004850228409812862	0.0003094746744329857	-0.007412085911746802	-0.0026587012659671228	-6.462860566092132e-05	-0.0017623212749864337
-0.0007708033479205678	-0.00681871583323268	-0.0054119130058296605	-6.498172291169446e-05	-0.007599314110419364	-0.0029707482637546523	-0.00037667560344889495	0.00010996071173785538
0.0006022034423438516	-0.006881125232790497	-0.005599141204502445	-2.572323354099737e-06	-0.007100038913959272	-0.0031579764624272144	-0.00037667560344889495	-0.0008885896811816618
-0.0007083939483634172	-0.006319440636772811	-0.005723960003617634	5.983707620349499e-05	-0.00685040131572956	-0.0026587012659671228	-0.00037667560344889495	-0.00531965704976356
0.0007894316410161917	-0.005820165440313163	-0.005287094206715359	0.0004967028731057699	-0.006600763717499625	-0.001972197870834691	-0.0005014944025636403	0.0007340547073126924
-0.0008332127474786066	-0.00681871583323268	-0.006535282197865033	-0.0001898005220268839	-0.007224857713074462	-0.0034700234602143	-0.0002518568043337055	0.0011709205042151893
0.0006646128419014463	-0.006007393638985503	-0.0075338325907849946	0.0004967028731057699	-0.00672558251661437	-0.0022218354690644038	0.0003098277916835368	0.0017326051002324316
-0.00033393755101851497	-0.005570527842083228	-0.009281295778394538	-0.00037702872069944604	-0.007599314110419364	-0.0020346072703918416	-0.0008135414003513919	-0.0038842408599415457
-0.0006459845488056004	-0.006007393638985503	-0.008532382983704956	0.00018465587531779626	-0.00672558251661437	-0.001535332073931972	-0.00018944740477655486	-0.004196287857728853
0.000727022241459041	-0.006257031237215216	-0.009406114577509728	0.000247065274875391	-0.008098589306879234	2.4902915004787474e-05	-0.00012703800521896014	0.001857423899347177
-0.0007083939483634172	-0.005258480844295255	-0.009156476979279349	-6.498172291169446e-05	-0.0077241329095345534	0.0003993593123496897	-0.0003142662038913002	-0.005756522846666057
0.00047738464322866214	-0.005008843246065986	-0.009156476979279349	-0.00012739112246906714	-0.006787991916171965	-0.0006616004801276443	-0.0004390850030060456	-0.012746375597104898
-0.0006459845488056004	-0.0038230646544736846	-0.009218886378836944	5.983707620349499e-05	-0.005664622724137258	-0.0015977414734895667	-2.219206104214777e-06	-0.011123731208609655
0.0007894316410161917	-0.0034486082571287824	-0.008719611182376852	0.0003094746744329857	-0.00672558251661437	0.0010858627074825655	-0.00037667560344889495	-0.008065670630293731
-0.0008332127474786066	-0.005258480844295255	-0.009406114577509728	5.983707620349499e-05	-0.005727032123694853	0.0010858627074825655	-0.00018944740477655486	-0.01399456358825435
0.0006022034423438516	-0.0035734270562430837	-0.009593342776181624	0.0003094746744329857	-0.003355474940510028	8.73123145623822e-05	0.00018500899256879144	-0.01867526855506596
0.0004149752436719556	-0.005008843246065986	-0.010654302568659402	-0.00012739112246906714	-0.0035427031391828123	-0.001535332073931972	-0.0004390850030060456	-0.018862496753738522
-0.0005835751492480057	-0.004384749250490705	-0.011215987164676422	-2.572323354099737e-06	-0.003230656141395283	-0.0020970166699494364	-0.0002518568043337055	-0.01717744296568635
0.0006646128419014463	-0.005008843246065986	-0.011028758966004082	0.00043429347354773107	-0.0031058373422800933	-0.0007240098796847949	-2.219206104214777e-06	-0.017364671164358914
-0.0004587563501332603	-0.0053208902438535155	-0.011528034162464174	0.0003094746744329857	-0.003979568936084865	0.0007114063101367751	-2.219206104214777e-06	-0.015617207976749592
0.0005397940427862569	-0.0044471586500483	-0.011902490559808854	-0.00012739112246906714	-0.004416434732987362	-0.0017225602726047562	-0.00037667560344889495	-0.012247100400644806
-0.0008332127474786066	-0.004509568049605894	-0.012401765756268945	-0.00012739112246906714	-0.003355474940510028	-0.001784969672162351	0.0003098277916835368	-0.014868295182059343
0.0008518410405735644	-0.0036358364558006784	-0.011590443562021768	-2.572323354099737e-06	-0.0039171595365272704	-0.0017225602726047562	-0.0002518568043337055	-0.015492389177633958
-0.0007708033479205678	-0.0038230646544736846	-0.012963450352286188	0.00012224647576020153	-0.004416434732987362	0.00014972171411997692	-0.00018944740477655486	-0.017052624166571162
-0.0008332127474786066	-0.0031365612593408088	-0.013025859751843338	-2.572323354099737e-06	-0.005102938128119572	0.0010234533079247488	-0.0005014944025636403	-0.021109235137808158
0.0008518410405735644	-0.0031989706588984035	-0.011902490559808854	0.0005591122726633646	-0.002981018543165348	0.0012730909061544615	0.00018500899256879144	-0.025165846109045154
-0.0007083939483634172	-0.0034486082571287824	-0.01265140335449888	5.983707620349499e-05	-0.0034802937396252176	0.0003993593123496897	-0.00012703800521896014	-0.025041027309929964
0.0006022034423438516	-0.0038230646544736846	-0.012963450352286188	0.00018465587531779626	-0.004291615933871951	0.0008986345088095593	-0.00018944740477655486	-0.01680298656834167
-0.0007083939483634172	-0.004696796248278456	-0.01283863155317122	5.983707620349499e-05	-0.005352575726349729	0.0025836882968619523	0.00018500899256879144	-0.017115033566128757
0.0007894316410161917	-0.003947883453587986	-0.011902490559808854	0.0005591122726633646	-0.005914260322367193	0.0023964600981896123	-0.00018944740477655486	-0.01649093957055414
-0.0005835751492480057	-0.0036358364558006784	-0.01215212815803901	0.00012224647576020153	-0.007037629514401678	0.00289573529464926	-0.00037667560344889495	-0.017676718162146443
0.00047738464322866214	-0.0033861988575711877	-0.010404664970429245	0.00018465587531779626	-0.007661723509976959	0.0010858627074825655	-0.00012703800521896014	-0.013869744789139604
0.00047738464322866214	0.0028547410981776267	-0.008844429981492041	0.00012224647576020153	-0.0072872671126320565	-0.0022842448686224426	-0.0003142662038913002	-0.015429979778076808
-0.0006459845488056004	-0.00039054767881108177	-0.007596241990342145	-6.498172291169446e-05	-0.007848951708648855	0.0027085070959769197	-0.00037667560344889495	-0.01680298656834167
0.0008518410405735644	-0.0004529570783691206	-0.007845879588572524	0.0004967028731057699	-0.008410636304666763	0.004081513886241561	6.019019345382404e-05	-0.01717744296568635
-0.000521165749690855	0.0014193249083556125	-0.008033107787244864	0.0003094746744329857	-0.007973770507764044	0.0012106815065973109	6.019019345382404e-05	-0.015242751579404024
0.0005397940427862569	0.0014193249083556125	-0.005911188202289752	-2.572323354099737e-06	-0.007536904710861547	-0.0027211106655242734	-0.00018944740477655486	-0.01362010719090967
-0.0006459845488056004	-1.6091281466401597e-05	-0.0028531276239729397	0.00018465587531779626	-0.00616389792059735	-3.750648455236316e-05	-2.219206104214777e-06	-0.012621556797989708
0.000727022241459041	-0.0028245142615535013	-0.003040355822645724	-0.00012739112246906714	-0.005976669721924566	0.0003993593123496897	-0.00037667560344889495	-0.014056972987811944
-0.0007708033479205678	-0.005383299643410888	-0.007096966793882498	0.00012224647576020153	-0.003792340737412525	0.00033694991279253905	-0.00012703800521896014	-0.020547550541790915
-0.0007083939483634172	-0.00881581661907238	-0.007908288988129675	5.983707620349499e-05	-0.0037299313378551524	0.0014603191048272457	-0.0003142662038913002	-0.018051174559491345
0.000727022241459041	-0.009377501215090067	-0.006660100996980223	0.000247065274875391	-0.004853300529889637	-3.750648455236316e-05	-6.462860566092132e-05	-0.012871194396219643
-0.0007708033479205678	-0.010064004610222499	-0.0052246848071577645	-6.498172291169446e-05	-0.006288716719712095	0.000961043908367154	-0.00037667560344889495	-0.01318324139400695
0.0005397940427862569	-0.008940635418187126	-0.004288543813795398	-6.498172291169446e-05	-0.007349676512189651	-0.0022842448686224426	-0.00037667560344889495	-0.007566395433833195
-0.0005835751492480057	-0.007817266226152864	-0.003664449818220561	0.00012224647576020153	-0.008909911501126855	-0.0007240098796847949	-0.00018944740477655486	-0.0049452006524184355
0.0006646128419014463	-0.0065690782350031895	-0.0024786712266284816	0.00018465587531779626	-0.010782193487851366	-0.00028714408278274206	-0.00012703800521896014	-0.0053820664493211545
-0.000521165749690855	-0.006693897034117935	-0.0009184362376908339	-2.572323354099737e-06	-0.011281468684311236	-0.0019097884712770963	-0.00037667560344889495	-0.002511234069676904
0.0005397940427862569	-0.007130762831020432	-0.002416261827070887	0.00012224647576020153	-0.009846052494488555	-0.0035948422593290452	-0.00018944740477655486	-0.0022615964714465253
0.0005397940427862569	-0.009689548212877597	-0.003040355822645724	0.00012224647576020153	-0.008597864503339325	-0.0016601508730471615	-0.0003142662038913002	-0.006380616842240894
-0.0006459845488056004	-0.010251232808894839	-0.0037268592177777116	-2.572323354099737e-06	-0.008098589306879234	-0.0014729226743748214	-0.0002518568043337055	-0.008564945826753156
0.0006022034423438516	-0.011000145603584865	-0.004725409610697673	5.983707620349499e-05	-0.00853545510378173	-0.0005367816810120107	-0.00037667560344889495	-0.007566395433833195
-0.000521165749690855	-0.00887822601863042	-0.00322758402131762	0.0003094746744329857	-0.007786542309091704	-0.0011608756765870698	6.019019345382404e-05	-0.00943867742055815
0.0003525658441139168	-0.009003044817744721	-0.003477221619548221	-0.0001898005220268839	-0.008909911501126855	-0.0032827952615419598	-0.0002518568043337055	-0.011997462802414427
-0.0005835751492480057	-0.00681871583323268	-0.0028531276239729397	-2.572323354099737e-06	-0.010594965289178804	-0.002596291866409528	-0.00012703800521896014	-0.004258697257286448
0.0006646128419014463	-0.006506668835445595	-0.0037268592177777116	-0.00012739112246906714	-0.010282918291391274	-0.0012856944757022593	-0.0003142662038913002	-0.0035097844625964214
-0.0006459845488056004	-0.007193172230578027	-0.003602040418662966	-0.0001898005220268839	-0.009658824295815993	-0.002845929464639463	-0.000563903802121235	-0.005257247650205965
-0.0005835751492480057	-0.005695346641198418	-0.004663000211140522	0.00018465587531779626	-0.008160998706436828	-0.003844479857559202	-0.00012703800521896014	-0.006380616842240894
0.0006646128419014463	-0.007068353431462393	-0.0052246848071577645	0.00012224647576020153	-0.008098589306879234	-0.002346654268179149	-0.0003142662038913002	-0.0076912142329479405
-0.000521165749690855	-0.007380400429250367	-0.005287094206715359	5.983707620349499e-05	-0.007162448313516867	-0.0024714730672947827	-6.462860566092132e-05	-0.009376268021000778
0.00047738464322866214	-0.008940635418187126	-0.007034557394324903	5.983707620349499e-05	-0.0072872671126320565	0.0003993593123496897	-0.00037667560344889495	-0.008377717628080816
-0.0004587563501332603	-0.0076300380274803015	-0.008345154785032172	0.00012224647576020153	-0.008036179907321639	0.0018971849017297426	-0.0005014944025636403	-0.009813133817902386
0.0004149752436719556	-0.007193172230578027	-0.008469973584147361	-6.498172291169446e-05	-0.007661723509976959	0.0013355003057120562	6.019019345382404e-05	-0.008377717628080816
-0.000521165749690855	-0.0065690782350031895	-0.006722510396537373	5.983707620349499e-05	-0.007599314110419364	-0.0012856944757022593	-0.0003142662038913002	-0.010874093610379942
0.0006022034423438516	-0.005632937241640823	-0.0069097385952097135	0.00012224647576020153	-0.00672558251661437	-0.0012856944757022593	-0.00018944740477655486	-0.01692780536745686
0.0006646128419014463	-0.004571977449163267	-0.0073466043921124324	0.00012224647576020153	-0.007037629514401678	0.0002121311136773496	-0.0002518568043337055	-0.01680298656834167
-0.0004587563501332603	-0.004634386848720862	-0.007721060789457335	0.00018465587531779626	-0.0062263073201545005	0.0021468224999601215	-6.462860566092132e-05	-0.014556248184272036
0.000727022241459041	-0.005133662045180731	-0.008594792383261662	0.0003094746744329857	-0.005914260322367193	0.0037694668884544758	-0.00018944740477655486	-0.016678167769226482
-0.0005835751492480057	-0.0053208902438535155	-0.009406114577509728	0.00012224647576020153	-0.004478844132544513	-0.0007864192792423896	-0.00012703800521896014	-0.01948659074931358
0.0006022034423438516	-0.005820165440313163	-0.010217436771756905	0.0003094746744329857	-0.003417884340067179	-0.0015977414734895667	0.00012259959301097467	-0.018550449755951215
-0.00033393755101851497	-0.005695346641198418	-0.010591893169101807	0.000247065274875391	-0.005102938128119572	0.0008986345088095593	-0.0003142662038913002	-0.018051174559491345
0.0004149752436719556	-0.005383299643410888	-0.011028758966004082	-0.001625216711848898	-0.005102938128119572	0.00014972171411997692	-0.0003142662038913002	-0.021421282135595687
-0.0007708033479205678	-0.004322339850933554	-0.008906839381049636	-0.0028109953034409774	-0.0045412535321025516	0.0016475473035000299	-6.462860566092132e-05	-0.02279428892586055
-0.0004587563501332603	-0.0031365612593408088	-0.008345154785032172	-0.0030606329016713563	-0.0039171595365272704	0.0005865875110224739	0.00018500899256879144	-0.020422731742675726
0.0003525658441139168	-0.00376065525491609	-0.008782020581934225	-0.0026237671047686373	-0.0037299313378551524	0.000961043908367154	-0.0005014944025636403	-0.026726081097982135
-0.0004587563501332603	-0.0023252390650936317	-0.009031658180164603	-0.0018124449105214602	-0.003168246741837688	0.003332601091551979	-2.219206104214777e-06	-0.027787040890459247
0.0004149752436719556	-0.0023876484646512264	-0.009468523977066878	-0.0017500355109640875	-0.003417884340067179	0.0013355003057120562	-0.00037667560344889495	-0.025727530705062396
-0.00033393755101851497	-0.002450057864208821	-0.008157926586360054	-0.0005018475198141914	-0.0031058373422800933	0.002022003700844488	-0.0002518568043337055	-0.017052624166571162
0.00047738464322866214	0.0007952309127807755	-0.0052246848071577645	-0.0018124449105214602	-0.0011087365564403928	8.73123145623822e-05	-0.00018944740477655486	-0.02348079232099276
-0.0007083939483634172	-0.0009522322748287682	-0.009156476979279349	0.00012224647576020153	-0.0010463271568832422	0.0005241781114648791	-0.00012703800521896014	-0.027662222091344946
0.0006646128419014463	-0.002512467263766416	-0.008407564184589766	-2.572323354099737e-06	-0.0018576493511304193	0.0002121311136773496	-6.462860566092132e-05	-0.031406786064793746
0.0003525658441139168	-0.0036358364558006784	-0.010716711968216996	-0.0021244919083085456	-0.0015456023533433338	0.0005865875110224739	-0.000563903802121235	-0.03184365186169624
-0.00020911875190332552	0.08298841012999292	0.08470725995518302	-1.2581136580027623	0.10348941710190984	0.08746047169504645	0.003430297769558388	0.06501573625152557
0.0006022034423438516	0.002792331698620476	1.7704755671088535e-05	-0.11464863931046065	0.010437002361694647	0.009386312848628009	0.00018500899256879144	-0.01567961737630652
-0.0008332127474786066	-0.0030117424602262854	-0.005911188202289752	-0.057918495112703416	0.002885465015238786	0.00751403086190372	-0.0002518568043337055	-0.024728980312142435
0.0005397940427862569	-0.005008843246065986	-0.006098416400962536	-0.040381453837049275	0.0019493240218764196	0.004768017281374437	0.00024741839212638617	-0.025914758903734514
-0.0003963469505761097	-0.004509568049605894	-0.007409013791669805	-0.03264268829192085	-0.004666072331217297	0.0031453728928796387	-0.0006887226012364245	-0.022482241928073243
0.00022774704499939347	-0.006381850036330405	-0.008906839381049636	-0.027150661130861842	-0.006600763717499625	0.01013522564331848	0.00018500899256879144	-0.023293564122319976
-0.000521165749690855	-0.004946433846507947	-0.007096966793882498	-0.023156459559182663	-0.008223408105994423	0.00751403086190372	-0.0004390850030060456	-0.02797426908913203
-0.0003963469505761097	-0.002512467263766416	-0.0069097385952097135	-0.019848761382635693	-0.004478844132544513	0.0023340506986320175	0.00024741839212638617	-0.03078269206921891
0.00047738464322866214	-0.0025748766633231224	-0.009094067579721754	-0.01916225798750326	-0.00603907912148216	-0.0014105132748172267	-0.0002518568043337055	-0.02997136987497173
-0.0007083939483634172	-0.0010146416743863629	-0.0073466043921124324	-0.01897502978883092	-0.006538354317941586	0.0033950104911093515	-0.0002518568043337055	-0.030158598073644072
0.0005397940427862569	-0.0031365612593408088	-0.004226134414237803	-0.018413345192813457	-0.006663173117056775	0.009573541047300349	-0.00018944740477655486	-0.028473544285592123
-0.0003963469505761097	-0.003698245855358495	-0.006098416400962536	-0.015604922212726136	-0.003979568936084865	0.0025212788973043576	-0.0003142662038913002	-0.023855248718337663
0.0005397940427862569	-0.003698245855358495	-0.009655752175739218	-0.01541769401405424	-0.0056022133245796635	-0.0007240098796847949	-0.0002518568043337055	-0.020360322343118353
-0.0007083939483634172	-0.005882574839870314	-0.006972147994767308	-0.0181637075945833	-0.0062263073201545005	0.004393560884028869	-0.0003142662038913002	-0.016116483173209684
0.0005397940427862569	-0.007442809828807517	-0.009468523977066878	-0.016353835007416162	-0.005102938128119572	-0.0018473790717199456	-0.00018944740477655486	-0.02067236934090566
0.0006646128419014463	-0.0067563064336750855	-0.011652852961578919	-0.016104197409186227	-0.0056022133245796635	-0.0029707482637546523	-0.00012703800521896014	-0.018862496753738522
-0.0004587563501332603	-0.004696796248278456	-0.011715262361136958	-0.014481553020691873	-0.005976669721924566	-0.0005991910805702716	-0.00012703800521896014	-0.027350175093557194
0.00047738464322866214	-0.0038854740540308352	-0.00996779917352697	-0.013607821426886879	-0.006600763717499625	0.0010234533079247488	-0.00037667560344889495	-0.028473544285592123
-0.000521165749690855	-0.004072702252703175	-0.009218886378836944	-0.01410709662334697	-0.008660273902896476	0.0021468224999601215	-6.462860566092132e-05	-0.023792839318780068
0.0006646128419014463	-0.004322339850933554	-0.009593342776181624	-0.013857459025116592	-0.008098589306879234	-0.0005367816810120107	-6.462860566092132e-05	-0.028785591283379208
-0.000521165749690855	-0.004696796248278456	-0.009842980374412225	-0.012796499232639258	-0.005102938128119572	-0.005591943045168746	-0.00018944740477655486	-0.026351624700637677
0.000727022241459041	-0.005133662045180731	-0.008345154785032172	-0.012858908632196853	-0.004603662931660146	-0.0035948422593290452	-0.00012703800521896014	-0.02947209467851164
-0.0005835751492480057	-0.00413511165226077	-0.009094067579721754	-0.013607821426886879	-0.005227756927234761	-0.0012856944757022593	-0.00037667560344889495	-0.026351624700637677
-0.0006459845488056004	-0.00376065525491609	-0.010404664970429245	-0.013233365029541755	-0.005477394525464474	-0.002845929464639463	-0.0003142662038913002	-0.024167295716125192
0.000727022241459041	-0.005258480844295255	-0.009468523977066878	-0.012796499232639258	-0.004790891130332042	0.002022003700844488	-0.00012703800521896014	-0.028348725486477155
-0.0005835751492480057	-0.006319440636772811	-0.011340805963791833	-0.013857459025116592	-0.005227756927234761	-0.0014105132748172267	-0.00018944740477655486	-0.019424181349755987
0.00047738464322866214	-0.004946433846507947	-0.009905389773968931	-0.013233365029541755	-0.006600763717499625	0.002271641299074423	-0.0004390850030060456	-0.02017309414444557
-0.00033393755101851497	-0.006007393638985503	-0.00797069838768727	-0.013982277824231781	-0.00635112611926969	2.4902915004787474e-05	-0.0006887226012364245	-0.012059872201972466
0.00029015644455676615	-0.008004494424825204	-0.010529483769544434	-0.01541769401405424	-0.006288716719712095	-0.004406164453576444	-0.0002518568043337055	-0.024666570912585284
-0.0005835751492480057	-0.006881125232790497	-0.009343705177952133	-0.013919868424674187	-0.006600763717499625	-0.0069025404358760145	-0.0005014944025636403	-0.023792839318780068
0.00047738464322866214	-0.007505219228365112	-0.010217436771756905	-0.013795049625559441	-0.007224857713074462	0.004081513886241561	0.00012259959301097467	-0.02547789310683246
0.0005397940427862569	-0.006319440636772811	-0.009218886378836944	-0.013982277824231781	-0.0074744953113039525	-0.003033157663312025	-0.0003142662038913002	-0.025228255508602526
-0.0005835751492480057	-0.006194621837658065	-0.0075338325907849946	-0.013420593228214095	-0.008160998706436828	-0.003407614060656705	-0.00012703800521896014	-0.029160047680724555
0.000727022241459041	-0.005882574839870314	-0.008469973584147361	-0.012671680433524513	-0.008660273902896476	0.00027454051323494433	-0.00012703800521896014	-0.029659322877184202
-0.0007708033479205678	-0.004759205647835607	-0.008782020581934225	-0.013233365029541755	-0.009783643094931183	-0.005342305446939255	-0.0003142662038913002	-0.021920557332055557
0.0005397940427862569	-0.0053208902438535155	-0.006410463398749622	-0.01304613683086897	-0.009346777298028908	-0.006278446440301622	-0.00018944740477655486	-0.01848804035639362
-0.0005835751492480057	-0.005258480844295255	-0.008033107787244864	-0.012359633435736539	-0.00853545510378173	-0.0007240098796847949	-0.0002518568043337055	-0.022419832528515204
0.0006022034423438516	-0.006881125232790497	-0.008906839381049636	-0.013170955629984604	-0.005976669721924566	-0.002159426069507253	-0.0002518568043337055	-0.031094739067006216
-0.0006459845488056004	-0.008129313223939949	-0.008220335985917426	-0.013233365029541755	-0.007162448313516867	-0.0030955670628696197	-0.0005014944025636403	-0.036586766228065226
-0.0004587563501332603	-0.007692447427037896	-0.006348053999192471	-0.012172405237064643	-0.004790891130332042	-0.0012856944757022593	-6.462860566092132e-05	-0.04463757877098118
0.00047738464322866214	-0.007255581630135177	-0.008657201782819701	-0.011922767638834486	-0.006288716719712095	-0.005155077248266693	-0.0004390850030060456	-0.04176674639133693
-0.0003963469505761097	-0.006381850036330405	-0.009406114577509728	-0.011673130040604551	-0.006475944918383991	-0.006153627641186654	6.019019345382404e-05	-0.03964482680638226
0.0003525658441139168	-0.008129313223939949	-0.00797069838768727	-0.01298372743131182	-0.008410636304666763	-0.005279896047381438	-0.000563903802121235	-0.03995687380416957
-0.0003963469505761097	-0.006381850036330405	-0.00797069838768727	-0.01292131803175467	-0.008473045704224136	-0.0033452046610991104	-2.219206104214777e-06	-0.0410802429962045
0.000727022241459041	-0.004946433846507947	-0.008782020581934225	-0.011298673643259871	-0.010345327690948869	-0.00596639944251387	-0.0006887226012364245	-0.044887216369211336
-0.000958031546593352	-0.0055081184425256335	-0.0073466043921124324	-0.013857459025116592	-0.010844602887408517	0.0015227285043848404	-6.462860566092132e-05	-0.033216658651960884
0.0007894316410161917	-0.006693897034117935	-0.0069097385952097135	-0.012297224036179832	-0.009284367898471757	-0.00047437228145508215	-0.0003142662038913002	-0.043701437777619034
0.000727022241459041	-0.005196071444738326	-0.007721060789457335	-0.012172405237064643	-0.0090347303002416	-0.01064710440932548	-2.219206104214777e-06	-0.03446484664311078
-0.0007708033479205678	-0.0067563064336750855	-0.008095517186801793	-0.01410709662334697	-0.01121905928475364	0.0030829634933216	-0.0004390850030060456	-0.037710135420100155
0.00047738464322866214	-0.007505219228365112	-0.011215987164676422	-0.01304613683086897	-0.009471596097144097	-0.001535332073931972	-0.0006887226012364245	-0.036025081632047984
-0.000521165749690855	-0.0067563064336750855	-0.009468523977066878	-0.012484452234851728	-0.009721233695374032	-0.0001623252836675526	-2.219206104214777e-06	-0.038895914011692234
0.0006022034423438516	-0.008066903824382354	-0.009343705177952133	-0.013670230826444252	-0.010095690092718934	0.00539211127694883	-0.0003142662038913002	-0.04944310253690798
-0.0005835751492480057	-0.0067563064336750855	-0.008782020581934225	-0.01310854623042701	-0.008909911501126855	0.0003993593123496897	-0.00037667560344889495	-0.04095542419708975
0.0006022034423438516	-0.007567628627922707	-0.008844429981492041	-0.013545412027329062	-0.011343878083868386	0.006640299268098948	-6.462860566092132e-05	-0.04164192759222196
-0.0004587563501332603	-0.006943534632347648	-0.00996779917352697	-0.01298372743131182	-0.010282918291391274	-0.0009736474779151738	-0.000563903802121235	-0.038521457614347554
-0.000521165749690855	-0.008254132023055138	-0.009655752175739218	-0.01310854623042701	-0.010470146490064058	0.007763668460133211	-0.0002518568043337055	-0.041392289993992026
0.0006646128419014463	-0.009627138813319558	-0.00996779917352697	-0.015230465815381455	-0.01140628748342598	0.0041439232857996	-0.00018944740477655486	-0.0422660215877968
-0.0006459845488056004	-0.009190273016417505	-0.008594792383261662	-0.014918418817594148	-0.009409186697586502	-3.750648455236316e-05	-0.0002518568043337055	-0.04008169260328476
0.0006022034423438516	-0.009252682415974878	-0.009905389773968931	-0.012297224036179832	-0.00853545510378173	-0.004094117455789137	-0.00037667560344889495	-0.04089301479753216
-0.0006459845488056004	-0.01093773620402727	-0.010841530767331742	-0.014419143621134056	-0.010782193487851366	0.006016205272524111	-0.0002518568043337055	-0.04345180017938932
0.0006646128419014463	-0.009564729413762407	-0.010404664970429245	-0.013170955629984604	-0.0110318310860813	0.004518379683144058	-0.00037667560344889495	-0.04351420957894647
-0.0007708033479205678	-0.01012641400977965	-0.010030208573084565	-0.015105647016266488	-0.011967972079443223	0.008824628252610767	-0.0003142662038913002	-0.04214120278868183
0.0006022034423438516	-0.011000145603584865	-0.12143098678320108	-0.14310732550867544	-0.12992173724309652	-0.10426120374555792	-0.0042460583760128845	-0.14461743686207762
0.000727022241459041	-0.01281001819075156	-0.014773322939453326	-0.017602022998566058	-0.013465797668823276	-0.006777721636761047	-0.00037667560344889495	-0.033403886850633446
-0.0008332127474786066	-0.012185924195176723	-0.013525134948303652	-0.01747720419945087	-0.013715435267053211	-0.004094117455789137	-0.0006263132016788298	-0.033528705649748414
0.000727022241459041	-0.013746159184113926	-0.010903940166888892	-0.017352385400336123	-0.013465797668823276	0.000961043908367154	-0.0003142662038913002	-0.037086041424525096
-0.0006459845488056004	-0.013184474588096684	-0.011465624762906135	-0.016853110203876254	-0.013278569470150936	-0.006216037040744027	-0.0004390850030060456	-0.040705786598859595
0.0006022034423438516	-0.013496521585883992	-0.011153577765118827	-0.01541769401405424	-0.012092790878558413	-0.008712413023043153	-0.000563903802121235	-0.03327906805151848
-0.0007083939483634172	-0.014619890777918698	-0.011091168365561677	-0.016041788009628632	-0.015462898454663199	0.0030829634933216	-0.0005014944025636403	-0.024604161513027245
0.0006022034423438516	-0.01618012576685568	-0.013525134948303652	-0.017040338402548594	-0.014089891664397669	-0.0011608756765870698	-0.0003142662038913002	-0.03508894063868562
-0.0005835751492480057	-0.01493193777570645	-0.011340805963791833	-0.019099848587945667	-0.014651576260415577	0.0007114063101367751	-0.00037667560344889495	-0.03146919546435134
-0.000521165749690855	-0.007442809828807517	-0.001729758431938233	-0.00849025066317255	-0.00603907912148216	0.01668821259685438	-2.219206104214777e-06	-0.014868295182059343
0.00029015644455676615	-0.015368803572608725	-0.011528034162464174	-0.017602022998566058	-0.01621181124935256	0.006390661669868791	-0.0008135414003513919	-0.031094739067006216
-0.000521165749690855	-0.014557481378361548	-0.010529483769544434	-0.018725392190600543	-0.017584818039617645	0.0027085070959769197	-0.0002518568043337055	-0.020609959941348066
0.0006022034423438516	-0.015868078769068816	-0.010903940166888892	-0.01828852639369849	-0.01727277104183056	-0.0009112380783575791	-0.00037667560344889495	-0.019673818947986144
-0.0005835751492480057	-0.01792758895446589	-0.010779121367773703	-0.021845862168475394	-0.02170383841041157	0.011258594835352964	-0.000563903802121235	-0.01680298656834167
0.0005397940427862569	-0.019737461541632806	-0.011590443562021768	-0.021221768172900557	-0.020518059818819268	-0.0024714730672947827	-0.0003142662038913002	-0.020048275345330824
-0.0005835751492480057	-0.015493622371723692	-0.011652852961578919	-0.018600573391485797	-0.017647227439174795	-0.004655802051806823	-0.0006263132016788298	-0.0159292549745369
0.00047738464322866214	-0.017303494958891275	-0.0823627026602134	-0.10453831658214718	-0.09572138628559279	-0.06556737601991536	-0.002873051585748465	-0.08732560806830314
0.0006646128419014463	-0.01992468974030559	-0.012089718758481416	-0.021221768172900557	-0.017772046238289985	0.0021468224999601215	-0.00037667560344889495	-0.023543201720550133
-0.0007083939483634172	-0.02011191793897793	-0.011091168365561677	-0.020972130574670178	-0.018645777832094756	0.002646097696419547	-0.0006887226012364245	-0.023043926524090486
0.000727022241459041	-0.016367353965528464	-0.010654302568659402	-0.01629142560785901	-0.01290411307280559	-0.022504890325248272	-0.0003142662038913002	-0.02866077248426424
-0.0006459845488056004	-0.016055306967741156	-0.011278396564234017	-0.017289976000778973	-0.01540048905510516	-0.014828534179677222	-0.000563903802121235	-0.029846551075856542
0.00047738464322866214	-0.019612642742518283	-0.010404664970429245	-0.018850210989715732	-0.015462898454663199	-0.004780620850921569	-0.0005014944025636403	-0.0256651213055048
-0.0005835751492480057	-0.0194254145438455	-0.009593342776181624	-0.02028562717953819	-0.01589976425156525	-0.017387319561534387	-0.000563903802121235	-0.02260706072718799
0.00047738464322866214	-0.018489273550483132	-0.010217436771756905	-0.018538163991928647	-0.01727277104183056	-0.01576467517303959	-0.0002518568043337055	-0.017551899363031254
-0.000521165749690855	-0.01599289756818356	-0.011715262361136958	-0.021221768172900557	-0.02008119402191655	-0.005279896047381438	-0.0007511320007937972	-0.013932154188697199
-0.0006459845488056004	-0.018239635952253197	-0.006847329195653007	-0.018538163991928647	-0.017834455637847357	-0.013517936788969953	-0.0005014944025636403	-0.015429979778076808
0.0006022034423438516	-0.018676501749155694	-0.009468523977066878	-0.01810129819502615	-0.018770596631209724	-0.025375722704892745	-0.0004390850030060456	-0.01630371137188158
-0.0006459845488056004	-0.01842686415092598	-0.010716711968216996	-0.019224667387060634	-0.020892516216163948	-0.016888044365074295	-0.0004390850030060456	-0.013932154188697199
0.0004149752436719556	-0.018863729947828478	-0.011153577765118827	-0.02047285537821053	-0.022140704207314066	-0.00946132581773318	-0.0008135414003513919	-0.01567961737630652
-0.0005835751492480057	-0.01842686415092598	-0.008095517186801793	-0.020160808380423	-0.02232793240598685	-0.007464225031893479	-0.0005014944025636403	-0.015617207976749592
0.0006646128419014463	-0.019238186345172714	-0.009406114577509728	-0.020348036579095785	-0.02201588540819932	-0.018573098153126688	-0.00037667560344889495	-0.016865395967898822
-0.000521165749690855	-0.016804219762431183	-0.01233935635671135	-0.020160808380423	-0.024137804993153766	-0.020320561340736454	-0.0005014944025636403	-0.014993113981174533
0.0006646128419014463	-0.01842686415092598	-0.012214537557596605	-0.0197863519830781	-0.02469948958917123	-0.02699836709338732	-0.0004390850030060456	-0.010562046612592857
0.0001653376454415767	-0.09462874101061902	-0.08972701180799691	-0.11184021633037333	-0.11325842756124715	-0.10438602254467311	-0.0036219643804378254	-0.09044607804617755
-0.0005835751492480057	-0.01724108555933368	-0.011028758966004082	-0.024591875749004455	-0.028818509959965155	-0.03648459582612573	-0.000563903802121235	-0.009251449221885588
0.000727022241459041	-0.02011191793897793	-0.009842980374412225	-0.024342238150774964	-0.028756100560408004	-0.03623495822789602	-0.0005014944025636403	-0.016678167769226482
-0.0007083939483634172	-0.02441816650844486	-0.01215212815803901	-0.024779103947677017	-0.02981706035288534	-0.03398821984382616	-0.0008135414003513919	-0.026039577702850147
0.0006646128419014463	-0.022857931519507213	-0.015709463932816137	-0.023718144155199683	-0.029130556957752685	-0.03985470340222985	-0.0004390850030060456	-0.029409685278954267
-0.0005835751492480057	-0.023731663113311985	-0.011278396564234017	-0.023718144155199683	-0.02981706035288534	-0.061011489852218714	-0.0006887226012364245	-0.041205061795319464
0.00047738464322866214	-0.0226082939212775	-0.008282745385474577	-0.026214520137499697	-0.03593318150951896	-0.05271103971107283	-0.000563903802121235	-0.03845904821478996
-0.0006459845488056004	-0.0214225153296852	0.011188987276462337	-0.015604922212726136	-0.02831923476350573	-0.06026257705752869	-0.0004390850030060456	-0.024978617910372813
-0.00033393755101851497	-0.009127863616859688	0.0011410739477062393	-0.024591875749004455	-0.04023943007898567	-0.049528160333640825	-0.00012703800521896014	-0.03827182001611762
0.0001653376454415767	-0.003698245855358495	-0.005723960003617634	-0.023468506556970192	-0.038991242087836	-0.06993603398893944	-0.001187997797696072	-0.05861728427185864
-0.0004587563501332603	-0.012560380592522069	0.006570691709207432	-0.02128417757245815	-0.02831923476350573	-0.08472706168406385	-6.462860566092132e-05	-0.07209771457627623
0.00047738464322866214	-0.014557481378361548	-0.00497504720892783	-0.022844412561395355	-0.03505944991571397	-0.10401156614732798	-0.000563903802121235	-0.08944752765325803
-0.0004587563501332603	-0.008066903824382354	-0.008157926586360054	-0.022095499766704885	-0.04335990005686008	-0.09758339799290683	-0.0008135414003513919	-0.12083945563067444
0.0003525658441139168	-0.007068353431462393	-0.0028531276239729397	-0.021533815170687864	-0.046417960635177336	-0.09589834420485466	-0.0004390850030060456	-0.13481916113155212
-0.000521165749690855	-0.01948782394340287	0.009441524088851905	-0.015168056415824083	-0.04573145724004468	-0.07923503452300507	-0.0006263132016788298	-0.14886127603198696
0.0006022034423438516	-0.016679400963315993	-0.009406114577509728	-0.0003146193211418513	-0.03967774548296843	-0.05857752326947674	-0.000563903802121235	-0.11896717364395015
0.0004149752436719556	-0.04276652997834618	-0.043731284334128206	-0.0008138945176012768	-0.02538599298430322	-0.030181246470819323	-0.0012504071972536668	-0.09986989737935836
-0.000521165749690855	-0.03658799942215474	-0.0685078159584509	-0.0005018475198141914	-0.01727277104183056	-0.02593740730091043	-0.0007511320007937972	-0.08102225871299695
0.0006022034423438516	-0.04476363076418566	-0.07194033293411284	-0.0006266663189293809	-0.01596217365112329	-0.017137681963304008	-0.0012504071972536668	-0.05362453230725972
-0.0006459845488056004	-0.031720066256670565	-0.060082547018189825	-0.0006890757184869756	-0.018458549633422416	-0.03142943446196922	-0.0008759507999089866	-0.06604400281919998
0.00047738464322866214	-0.029223690274371217	-0.03842648537174154	-0.0006266663189293809	-0.027819959567045638	-0.03767037441771803	-0.0009383601994656932	-0.0737203589647708
-0.0005835751492480057	-0.03371716704251049	-0.03118699502307276	-0.0006266663189293809	-0.03718136950066864	-0.042850354580989514	-0.0014376353959260069	-0.07727769473954771
0.00047738464322866214	-0.028537186879238785	-0.04004912976023611	-0.0009387133167164663	-0.039428107884738495	-0.029744380673917048	-0.001187997797696072	-0.07496854695592092
-0.000521165749690855	-0.04045738219471917	-0.03505637779563742	-0.0010635321158316557	-0.03874160448960584	-0.037420736819487876	-0.0013128165968108174	-0.06311076103999769
-0.0007083939483634172	-0.024293347709329893	-0.03362096160581496	-0.0010635321158316557	-0.03624522850730649	-0.03773278381727563	-0.0014376353959260069	-0.06148811665150333
0.0006646128419014463	-0.02529189810224941	-0.02650629005626093	-0.0006890757184869756	-0.04080111467500336	-0.031491843861526814	-0.0010631789985808826	-0.05156502212186265
-0.0007708033479205678	-0.017989998354023262	-0.02569496786201375	-0.0011259415153890284	-0.03917847028650856	-0.030181246470819323	-0.0013752259963684121	-0.05231393491655245
0.00047738464322866214	-0.032032113254458094	-0.024259551672191737	-0.0007514851180441262	-0.034560174719254544	-0.02612463549958255	-0.0012504071972536668	-0.045573719764343545
-0.0003963469505761097	-0.017303494958891275	-0.024009914073961802	-0.0001898005220268839	-0.02488671778784357	-0.02394030651507051	-0.0008135414003513919	-0.03808459181744506
0.0005397940427862569	-0.024168528910214482	-0.016520786127063314	-0.00037702872069944604	-0.03287512093120215	-0.016700816166401955	-0.0008759507999089866	-0.04644745135814854
-0.0006459845488056004	-0.02947332787260115	-0.018268249314672858	-0.0008763039171597597	-0.039428107884738495	-0.02562536030312268	-0.0012504071972536668	-0.05031683413071275
0.0005397940427862569	-0.027975502283221543	-0.015147779336798228	-0.0008763039171597597	-0.037118960101111265	-0.02113188353498363	-0.0011255883981384773	-0.045386491565671205
0.0006646128419014463	-0.019987099139863185	-0.012963450352286188	-0.0004394381202565967	-0.029941879152000084	-0.01900996395002874	-0.0008759507999089866	-0.04058096779974463
-0.0007083939483634172	-0.021172877731455264	-0.013462725548745835	-0.0006266663189293809	-0.033499214926776766	-0.018198641755781564	-0.001000769599023732	-0.036586766228065226
0.000727022241459041	-0.015680850570396476	-0.0007312080390184938	5.983707620349499e-05	-0.029754650953327744	-0.010709513808883075	-0.0003142662038913002	-0.029222457080281705
-0.0008956221470353132	-0.013246883987654279	-0.0017921678314960499	-0.0005642569193717861	-0.028568872361735442	-0.011708064201803037	-0.0008135414003513919	-0.0324677458572713
0.0006646128419014463	-0.020673602534995172	-0.0021042148292833573	-0.00037702872069944604	-0.033499214926776766	-0.008587594223928408	-0.0006887226012364245	-0.037710135420100155
-0.000521165749690855	-0.02629044849516915	-0.007783470189014485	-0.0002522099215842566	-0.032812711531644556	0.0003993593123496897	-0.0004390850030060456	-0.026663671698424762
0.0006022034423438516	-0.028849233877026093	-0.0020418054297257626	-6.498172291169446e-05	-0.025947677580320905	-9.991588410995789e-05	-0.00037667560344889495	-0.023043926524090486
-0.0006459845488056004	-0.021547334128799944	-0.009593342776181624	-2.572323354099737e-06	-0.021766247809969164	-0.0029707482637546523	-0.00037667560344889495	-0.0123095098002024
-0.0006459845488056004	-0.029223690274371217	-0.016645604926177837	5.983707620349499e-05	-0.018458549633422416	0.008325353056151341	-0.0003142662038913002	-0.020422731742675726
0.0006022034423438516	-0.04158075138675388	-0.010903940166888892	-6.498172291169446e-05	-0.02370093919625127	0.011383413634468154	-0.0005014944025636403	-0.029721732276741575
-0.0005835751492480057	-0.03196970385490072	-0.01433645714255083	5.983707620349499e-05	-0.020018784622359176	0.0029581446942068546	-0.00018944740477655486	-0.02479138971170003
0.00047738464322866214	-0.038210643810649536	-0.029439531835463217	-0.0005018475198141914	-0.02938019455598262	0.0025836882968619523	-0.0009383601994656932	-0.01979863774710089
-0.0004587563501332603	-0.03165765685711319	-0.02475882686865183	5.983707620349499e-05	-0.028818509959965155	0.006640299268098948	-0.0009383601994656932	-0.028723181883821836
0.0004149752436719556	-0.023606844314197684	-0.026319061857589032	-0.0005642569193717861	-0.033624033725891955	-0.013018661592509861	-0.0011255883981384773	-0.03714845082408291
-0.0007708033479205678	-0.02579117329870928	-0.018268249314672858	-0.0006890757184869756	-0.03200138933739716	-0.019696467345161617	-0.001187997797696072	-0.03452725604266815
0.00029015644455676615	-0.018801320548270883	-0.011028758966004082	-6.498172291169446e-05	-0.027632731368372854	-0.02880823968055468	-0.0003142662038913002	-0.03833422941567477
0.0004149752436719556	-0.02223383752393282	-0.018018611716442923	-0.0008763039171597597	-0.034934631116599224	-0.019384420347373865	-0.0013128165968108174	-0.04089301479753216
-0.0006459845488056004	-0.024855032305347136	-0.011777671760693664	-0.0007514851180441262	-0.031626932940052255	-0.02362825951728298	-0.001000769599023732	-0.03377834324797835
0.00047738464322866214	-0.028662005678353752	-0.017706564718655393	-0.0006266663189293809	-0.026946227973240422	-0.02262970912436324	-0.0011255883981384773	-0.0394575986077097
-0.000521165749690855	-0.0327810260491479	-0.02794170624608383	-0.0005018475198141914	-0.029754650953327744	-0.01582708457259674	-0.0007511320007937972	-0.03446484664311078
0.0004149752436719556	-0.0335923482433953	-0.031249404422630578	-0.0006890757184869756	-0.02613490577899369	-0.01757454776020717	-0.001000769599023732	-0.029534504078069013
-0.0006459845488056004	-0.03471571743543023	-0.041047680153156074	-0.0006266663189293809	-0.03287512093120215	-0.015452628175251837	-0.0013128165968108174	-0.03265497405594342
0.00047738464322866214	-0.030846334662865793	-0.03418264620183242	-0.0001898005220268839	-0.028568872361735442	-0.02113188353498363	-0.0004390850030060456	-0.03365352444886316
-0.00033393755101851497	-0.03159524745755582	-0.022200041486794442	-0.0009387133167164663	-0.03250066453385703	-0.021506339932328533	-0.0014376353959260069	-0.03646194742895048
-0.0006459845488056004	-0.022046609325260036	-0.016083920330160817	-0.0005018475198141914	-0.034123308922351825	-0.022567299724805645	-0.0008759507999089866	-0.03608749103160536
0.000727022241459041	-0.025728763899151685	-0.009905389773968931	-0.0003146193211418513	-0.02669659037501093	-0.02712318589250251	-0.0006263132016788298	-0.03309183985284614
-0.0007708033479205678	-0.014370253179688763	-0.01733210832131049	-0.0006266663189293809	-0.024949127187400943	-0.03561086423232074	-0.001000769599023732	-0.03696122262541035
0.0005397940427862569	0.006973761468972439	0.00781887970035755	0.004927770241687446	0.011560371553729576	-0.004967849049594353	0.004241619963805565	-0.10242868276121575
-0.0008956221470353132	-0.1046766543393749	-0.10770091888055378	-0.005869055881758234	-0.11787672312850117	-0.09209137083184804	-0.002685823387076125	-0.05580886129177176
0.0006022034423438516	-0.0537505843004642	-0.06863263475756565	-0.0024365389060965192	-0.043484718855975046	-0.030805340466394382	-0.001999319991943249	-0.039083142210364796
-0.0007083939483634172	-0.04944433573099727	-0.05084595588368179	-0.0008763039171597597	-0.031127657743592385	-0.01757454776020717	-0.0013128165968108174	-0.028348725486477155
0.0006646128419014463	-0.038210643810649536	-0.02613183365891647	-0.0002522099215842566	-0.025136355386073728	-0.012020111199590344	-0.0006263132016788298	-0.02011068474488842
0.00047738464322866214	-0.022545884521719683	-0.01914198090847763	-0.0003146193211418513	-0.01989396582324443	-0.013018661592509861	-0.0006887226012364245	-0.01979863774710089
-0.0005835751492480057	-0.01511916597437879	-0.020639806497857238	-0.00037702872069944604	-0.019207462428112	-0.015452628175251837	-0.0006887226012364245	-0.018425630956836025
0.0005397940427862569	-0.012560380592522069	-0.02132630989298967	-0.0002522099215842566	-0.016149401849795186	-0.015015762378349562	-0.0007511320007937972	-0.015429979778076808
-0.00033393755101851497	-0.008378950822169884	-0.021763175689892167	0.00012224647576020153	-0.012779294273691288	-0.0156398563739244	-0.00012703800521896014	-0.016678167769226482
0.00047738464322866214	-0.00376065525491609	-0.017581745919540426	-0.0003146193211418513	-0.011905562679886073	-0.020882245936753696	-0.000563903802121235	-0.015367570378519213
-0.0007083939483634172	-0.007754856826595269	-0.013462725548745835	-0.0002522099215842566	-0.013528207068380427	-0.013705164987642737	-6.462860566092132e-05	-0.014743476382944376
0.0009142504401318252	-0.007255581630135177	-0.012713812754056475	-0.0011259415153890284	-0.014089891664397669	-0.008650003623486446	-0.0007511320007937972	-0.013869744789139604
-0.0008956221470353132	-0.013246883987654279	-0.015522235734143353	-0.00037702872069944604	-0.012030381479000818	-0.005279896047381438	-0.0004390850030060456	-0.01468106698338656
-0.0007083939483634172	-0.020548783735879983	-0.016021510930603222	-0.0005018475198141914	-0.013091341271478374	-0.0022842448686224426	-0.0004390850030060456	-0.012808784996662492
0.0008518410405735644	-0.01992468974030559	-0.014523685341223391	-0.00037702872069944604	-0.012654475474576099	-0.0027211106655242734	-0.00012703800521896014	-0.01349528839179448
-0.0007708033479205678	-0.019113367546058413	-0.013025859751843338	-0.0012507603145037738	-0.013528207068380427	-0.001535332073931972	-0.000563903802121235	-0.014244201186484062
0.0006646128419014463	-0.0178027701553507	-0.009655752175739218	5.983707620349499e-05	-0.014589166860857983	-0.002409063667737188	-0.00037667560344889495	-0.012808784996662492
-0.000521165749690855	-0.005820165440313163	-0.011715262361136958	5.983707620349499e-05	-0.009846052494488555	-0.013018661592509861	-0.000563903802121235	-0.01193505340285772
0.0003525658441139168	-0.007817266226152864	-0.013337906749631312	-0.00012739112246906714	-0.01121905928475364	0.00033694991279253905	-0.0005014944025636403	-0.010499637213035262
-0.0007083939483634172	-0.0197998709411904	-0.008657201782819701	0.0003094746744329857	-0.008285817505551574	-0.004031708056231986	-0.00012703800521896014	-0.010562046612592857
0.0006646128419014463	-0.01493193777570645	-0.023573048277059305	-0.0003146193211418513	-0.006538354317941586	0.00014972171411997692	-0.0003142662038913002	-0.011373368806840034
0.0006022034423438516	-0.02366925371375439	-0.020577397098299643	-0.002249310707423735	-0.009159549099356123	0.004455970283586463	-0.00037667560344889495	-0.00900181162365521
-0.0003963469505761097	-0.018988548746943223	-0.019703665504495316	-0.001625216711848898	-0.004603662931660146	-0.0009736474779151738	-2.219206104214777e-06	-0.009189039822327993
0.000727022241459041	-0.018551682950040727	-0.019391618506707342	-0.0029982235021137615	-0.007224857713074462	0.00033694991279253905	-0.00018944740477655486	-0.013744925990024859
-0.0007083939483634172	-0.01593048816862641	-0.011215987164676422	-0.0008138945176012768	-0.009721233695374032	-0.002159426069507253	-0.00037667560344889495	-0.012871194396219643
0.0006022034423438516	-0.009814367011992342	-0.006972147994767308	-0.009363982256977321	-0.009346777298028908	-0.009149278819945872	-0.0003142662038913002	-0.014306610586042101
-0.0006459845488056004	-0.007193172230578027	-0.009094067579721754	-0.025902473139711724	0.006193163191785533	-0.007464225031893479	-0.0005014944025636403	-0.013058422594891983
0.00047738464322866214	-0.008378950822169884	-0.009718161575297035	-0.03863399064943973	-0.007037629514401678	-0.005279896047381438	-0.00018944740477655486	-0.010062771416132765
-0.0005835751492480057	-0.005445709042968039	-0.00516227540760017	-0.05648307892288118	-0.0062263073201545005	-0.004967849049594353	-0.00018944740477655486	-0.00962590561923049
-0.0005835751492480057	-0.005820165440313163	-0.0020418054297257626	-0.030832815704753713	-0.009658824295815993	-0.006840131036319086	-0.00012703800521896014	-0.009875543217460425
0.0004149752436719556	-0.008441360221727479	-0.010279846171314055	-0.0010635321158316557	-0.010532555889621209	-0.006278446440301622	-0.0006263132016788298	-0.011123731208609655
-0.00033393755101851497	-0.00875340721951523	-0.013837181946091404	-0.005182552486625802	-0.008410636304666763	-0.002845929464639463	0.00024741839212638617	-0.008440127027637967
0.0005397940427862569	-0.008129313223939949	-0.013962000745205705	-0.01566733161228373	-0.006538354317941586	-0.0025338824668519333	-0.0002518568043337055	-0.007254348436045666
-0.0007083939483634172	-0.003947883453587986	-0.01433645714255083	-0.023468506556970192	-0.004416434732987362	-0.004905439650036314	-0.00012703800521896014	-0.007004710837815953
0.0006022034423438516	-0.005820165440313163	-0.011028758966004082	-0.040880729033509144	-0.0017952399515728246	0.0004617687119072844	6.019019345382404e-05	-0.0051948382506488144
-0.0005835751492480057	-0.007255581630135177	-0.008657201782819701	-0.03626243346625513	-0.002793790344492564	-0.0018473790717199456	-0.0004390850030060456	-0.008564945826753156
0.0005397940427862569	-0.008316541422612289	-0.012713812754056475	-0.009551210455650105	-0.004603662931660146	-0.003033157663312025	6.019019345382404e-05	-0.009875543217460425
0.0005397940427862569	-0.006506668835445595	-0.012776222153613626	-0.011673130040604551	-0.004229206534315244	-0.007464225031893479	-0.00037667560344889495	-0.009189039822327993
-0.0012076691448232868	-0.005196071444738326	-0.015834282731930438	-0.020348036579095785	-0.003230656141395283	-0.007276996833221139	-0.0009383601994656932	-0.008502536427195562
0.0006646128419014463	-0.005632937241640823	-0.017581745919540426	-0.003934364495475684	-0.0026689715453775964	-0.006840131036319086	-6.462860566092132e-05	-0.00744157663471845
-0.0007083939483634172	-0.004384749250490705	-0.0176441553190978	-0.005993874680872979	-0.0014207835542281444	-0.008400366025255845	-0.0003142662038913002	-0.009251449221885588
0.0005397940427862569	-0.005757756040755124	-0.018705115111575354	-0.0005642569193717861	-0.0009215083577680527	-0.009149278819945872	6.019019345382404e-05	-0.00744157663471845
-0.0004587563501332603	-0.007942085025267165	-0.018892343310247695	0.00018465587531779626	-0.002169696348917949	-0.005841580643399125	-0.00012703800521896014	-0.008190489429408032
0.000727022241459041	-0.007255581630135177	-0.01995330310272503	5.983707620349499e-05	-0.0030434279427229427	-0.007089768634548799	-0.00012703800521896014	-0.008190489429408032
-0.0005835751492480057	-0.005133662045180731	-0.014773322939453326	-2.572323354099737e-06	-0.0028561997440503806	-0.009086869420388055	-0.00037667560344889495	-0.009189039822327993
-0.0003963469505761097	-0.003074151859783214	-0.014773322939453326	0.00043429347354773107	-0.0017328305520152298	-0.009523735217291218	0.00018500899256879144	-0.008065670630293731
0.0006022034423438516	-0.0023876484646512264	-0.017269698921752896	5.983707620349499e-05	-0.002169696348917949	-0.009960601014193049	-0.00037667560344889495	-0.007816033032063352
-0.0006459845488056004	-0.0036358364558006784	-0.016770423725293027	0.00018465587531779626	-0.0011087365564403928	-0.009398916418176029	-0.00012703800521896014	-0.008627355226310529
0.0008518410405735644	-0.0038854740540308352	-0.015085369937240856	0.00043429347354773107	-0.0017952399515728246	-0.008525184824371035	6.019019345382404e-05	-0.008876992824540464
-0.0008332127474786066	-0.00681871583323268	-0.015147779336798228	-0.0002522099215842566	-0.0030434279427229427	-0.006840131036319086	-0.0003142662038913002	-0.007940851831178097
0.0005397940427862569	-0.007255581630135177	-0.015022960537683261	0.000247065274875391	-0.0034802937396252176	-0.0045933926522492285	-0.0002518568043337055	-0.006380616842240894
-0.0006459845488056004	-0.00681871583323268	-0.014710913539896175	0.0003094746744329857	-0.0031058373422800933	-0.004905439650036314	-6.462860566092132e-05	-0.006692663840027979
0.0006646128419014463	-0.007068353431462393	-0.01433645714255083	0.0003094746744329857	-0.0024817433467052563	-0.004281345654461477	-2.219206104214777e-06	-0.005943751045338397
0.0006022034423438516	-0.006693897034117935	-0.017269698921752896	-0.0007514851180441262	-0.0026065621458200017	-0.0045933926522492285	-0.0002518568043337055	-0.0051948382506488144
-0.0006459845488056004	-0.006444259435888	-0.01932920910715019	-0.00037702872069944604	-0.001295964755112955	-0.004031708056231986	-0.00018944740477655486	-0.004882791252861285
0.0004149752436719556	-0.006881125232790497	-0.019703665504495316	-6.498172291169446e-05	-0.0016704211524580792	-0.0050302584491519475	-0.000563903802121235	-0.006068569844453586
-0.00033393755101851497	-0.005944984239427686	-0.015647054533258098	0.0005591122726633646	-0.0011711459559979875	-0.004780620850921569	0.0003722371912411315	-0.00731675783560326
0.00022774704499939347	-0.005632937241640823	-0.013837181946091404	-0.00012739112246906714	-0.0026065621458200017	-0.005404714846496406	0.00018500899256879144	-0.006255798043126148
-0.00033393755101851497	-0.004759205647835607	-0.012214537557596605	0.00037188407399058043	-0.0039171595365272704	-0.006153627641186654	-0.000563903802121235	-0.006068569844453586
0.0003525658441139168	-0.0031365612593408088	-0.012276946957153756	0.0005591122726633646	-0.001920058750688014	-0.00577917124384153	0.0003098277916835368	-0.00531965704976356
-0.00033393755101851497	-0.002013192067306324	-0.013025859751843338	-2.572323354099737e-06	-0.002981018543165348	-0.006340855839859216	-0.00037667560344889495	-0.006380616842240894
-0.0006459845488056004	-0.0038854740540308352	-0.013525134948303652	5.983707620349499e-05	-0.002107286949360132	-0.004843030250479163	-0.0002518568043337055	-0.005631704047550867
0.0006646128419014463	-0.005695346641198418	-0.01215212815803901	0.00037188407399058043	-0.0028561997440503806	-0.002596291866409528	-2.219206104214777e-06	-0.0058189322462236515
-0.0007083939483634172	-0.007942085025267165	-0.010966349566446487	-2.572323354099737e-06	-0.0037299313378551524	-0.0019097884712770963	-0.0002518568043337055	-0.007254348436045666
0.000727022241459041	-0.00881581661907238	-0.008719611182376852	0.0003094746744329857	-0.004229206534315244	-0.002596291866409528	-6.462860566092132e-05	-0.008377717628080816
-0.0007083939483634172	-0.008566179020842446	-0.006972147994767308	0.00012224647576020153	-0.004603662931660146	-0.002346654268179149	0.00012259959301097467	-0.009064221023213248
0.0007894316410161917	-0.008004494424825204	-0.005287094206715359	0.00043429347354773107	-0.005914260322367193	-0.003906889257116353	-0.0002518568043337055	-0.008876992824540464
-0.0007708033479205678	-0.006506668835445595	-0.00497504720892783	0.000247065274875391	-0.005414985125907323	-0.004967849049594353	-0.00012703800521896014	-0.00881458342498287
0.0005397940427862569	-0.005258480844295255	-0.003664449818220561	-6.498172291169446e-05	-0.0051653475276771665	-0.0050302584491519475	-0.00018944740477655486	-0.00900181162365521
0.0007894316410161917	-0.007442809828807517	-0.004226134414237803	0.00043429347354773107	-0.004728481730774892	-0.0035324328597718946	-6.462860566092132e-05	-0.00900181162365521
-0.0007083939483634172	-0.010875326804469898	-0.0052246848071577645	-2.572323354099737e-06	-0.005414985125907323	-0.0018473790717199456	-0.0003142662038913002	-0.009688315018788085
0.0006022034423438516	-0.013246883987654279	-0.005911188202289752	0.00018465587531779626	-0.005414985125907323	0.0014603191048272457	-0.00012703800521896014	-0.009251449221885588
-0.0005835751492480057	-0.013309293387211651	-0.006972147994767308	0.000247065274875391	-0.0062263073201545005	0.002271641299074423	-0.00012703800521896014	-0.007191939036488071
0.0006646128419014463	-0.011811467797832043	-0.006847329195653007	0.0003094746744329857	-0.005914260322367193	0.0014603191048272457	-0.0003142662038913002	-0.007191939036488071
-0.0008332127474786066	-0.009689548212877597	-0.005786369403175229	-6.498172291169446e-05	-0.005851850922809598	-0.003033157663312025	-0.00012703800521896014	-0.006942301438258358
0.0006022034423438516	-0.00663148763456034	-0.0046005908115829275	-0.00012739112246906714	-0.005539803925022513	-0.004281345654461477	-0.0002518568043337055	-0.006692663840027979
-0.0006459845488056004	-0.004072702252703175	-0.0054119130058296605	0.000247065274875391	-0.004416434732987362	-0.004655802051806823	6.019019345382404e-05	-0.006505435641356083
-0.0007083939483634172	-0.00413511165226077	-0.005287094206715359	-6.498172291169446e-05	-0.00404197833564246	-0.0050302584491519475	-0.0002518568043337055	-0.00744157663471845
0.0006646128419014463	-0.005695346641198418	-0.004850228409812862	-2.572323354099737e-06	-0.004229206534315244	-0.003906889257116353	-0.00012703800521896014	-0.007628804833390346
-0.0006459845488056004	-0.00663148763456034	-0.004787819010255268	-0.00012739112246906714	-0.004416434732987362	-0.0025338824668519333	-0.0002518568043337055	-0.007753623632505757
0.000727022241459041	-0.007754856826595269	-0.004850228409812862	-0.0002522099215842566	-0.0045412535321025516	-0.0012856944757022593	-2.219206104214777e-06	-0.006193388643568554
-0.0005835751492480057	-0.008316541422612289	-0.005536731804945294	-0.0008763039171597597	-0.004790891130332042	2.4902915004787474e-05	-0.0002518568043337055	-0.006255798043126148
0.0005397940427862569	-0.0070059440319056865	-0.006348053999192471	-0.0013755791136194073	-0.003168246741837688	-0.0017225602726047562	0.00018500899256879144	-0.0051948382506488144
-0.0004587563501332603	-0.005071252645623137	-0.0062856445996353205	-0.005432190084855737	-0.002544152746262851	-0.0037820704580020514	-0.0002518568043337055	-0.005257247650205965
0.00047738464322866214	-0.0044471586500483	-0.007221785592997243	-0.0027485859038838267	-0.002107286949360132	-0.0037196610584442347	-2.219206104214777e-06	-0.00531965704976356
0.000727022241459041	-0.003511017656685933	-0.0069097385952097135	-0.002249310707423735	-0.0015456023533433338	-0.0045933926522492285	-0.00012703800521896014	-0.006692663840027979
-0.0007708033479205678	-0.004072702252703175	-0.0054119130058296605	-0.004246411493263658	-0.0020448775498027594	-0.004281345654461477	-6.462860566092132e-05	-0.007566395433833195
0.0006022034423438516	-0.004509568049605894	-0.003414812219990182	-0.008864707060517674	-0.002544152746262851	-0.003844479857559202	-0.0002518568043337055	-0.008440127027637967
-0.0006459845488056004	-0.005383299643410888	-0.003040355822645724	-0.0023741295065389245	-0.0032930655409524334	-0.004406164453576444	-0.00012703800521896014	-0.009501086820115301
0.000727022241459041	-0.0061322124381004706	-0.0026658994253008217	-0.0024365389060965192	-0.003417884340067179	-0.0037820704580020514	-0.000563903802121235	-0.010062771416132765
-0.000958031546593352	-0.007380400429250367	-0.0033524028204330314	-0.003934364495475684	-0.0031058373422800933	-0.0027211106655242734	6.019019345382404e-05	-0.008876992824540464
0.000727022241459041	-0.00681871583323268	-0.0031027652222033186	-0.015355284614496645	-0.0034802937396252176	-0.002159426069507253	-0.00018944740477655486	-0.0075039860342760445
-0.0007708033479205678	-0.005944984239427686	-0.0024786712266284816	-0.02265718436272257	-0.0026689715453775964	-0.0016601508730471615	-2.219206104214777e-06	-0.006879892038700763
-0.000521165749690855	-0.004197521051818365	-0.0012304832354781414	-0.0366992992631574	-0.0018576493511304193	-0.0003495534823398927	0.00012259959301097467	-0.005506885248436122
0.0006022034423438516	-0.005196071444738326	-0.0010432550368058013	-0.034078104481742866	-0.002793790344492564	-3.750648455236316e-05	-6.462860566092132e-05	-0.005943751045338397
-0.0006459845488056004	-0.004946433846507947	1.7704755671088535e-05	-0.035014245475105454	-0.0024193339471481057	-0.0004119628818974874	-2.219206104214777e-06	-0.005694113447108906
0.00047738464322866214	-0.00681871583323268	-0.001355302034593775	-0.014668781219364213	-0.0045412535321025516	-0.0022842448686224426	-0.00018944740477655486	-0.008065670630293731
-0.0007083939483634172	-0.007317991029692772	-0.0009184362376908339	-0.012234814636622238	-0.004478844132544513	-0.0025338824668519333	-6.462860566092132e-05	-0.0076912142329479405
0.0006022034423438516	-0.007754856826595269	-0.0007936174385760886	-0.017789251197239064	-0.004915709929447232	-0.001972197870834691	-0.00018944740477655486	-0.008876992824540464
-0.0006459845488056004	-0.00881581661907238	-0.001729758431938233	-0.004808096089280456	-0.0051653475276771665	-0.002409063667737188	-0.0003142662038913002	-0.009189039822327993
0.0005397940427862569	-0.008940635418187126	-0.0018545772310534225	-0.003996773895033723	-0.005664622724137258	-0.0001623252836675526	0.00024741839212638617	-0.008003261230735248
0.0004149752436719556	-0.009814367011992342	-0.0021042148292833573	-0.005432190084855737	-0.006787991916171965	-0.0004119628818974874	-0.00037667560344889495	-0.008190489429408032
-0.000521165749690855	-0.008441360221727479	-0.00048157044078900313	-0.008927116460075268	-0.006663173117056775	-0.0008488286787999844	-6.462860566092132e-05	-0.007566395433833195
0.000727022241459041	-0.007505219228365112	-0.0003567516416738137	-0.014169506022904566	-0.005851850922809598	-0.0012232850761444425	-6.462860566092132e-05	-0.00731675783560326
-0.0007708033479205678	-0.007068353431462393	1.7704755671088535e-05	-0.031394500300770956	-0.0045412535321025516	0.0006489969105800686	-0.00018944740477655486	-0.006130979244010959
0.0006646128419014463	-0.007380400429250367	-0.0014177114341509256	-0.01629142560785901	-0.0056022133245796635	0.00033694991279253905	-2.219206104214777e-06	-0.006068569844453586
-0.000521165749690855	-0.006381850036330405	-0.0012304832354781414	-0.010736989047242185	-0.006288716719712095	-0.001972197870834691	-6.462860566092132e-05	-0.006879892038700763
0.0005397940427862569	-0.007130762831020432	-0.0012928926350361802	-0.0005642569193717861	-0.00635112611926969	-0.0018473790717199456	-6.462860566092132e-05	-0.006755073239586018
-0.0005835751492480057	-0.007130762831020432	-0.0026658994253008217	-0.0003146193211418513	-0.00616389792059735	-0.0009112380783575791	-0.0002518568043337055	-0.006755073239586018
-0.0005835751492480057	-0.007380400429250367	-0.0020418054297257626	0.00012224647576020153	-0.005914260322367193	-0.0009112380783575791	6.019019345382404e-05	-0.0066302544404703845
0.00047738464322866214	-0.007130762831020432	-0.002603490025743227	-6.498172291169446e-05	-0.005976669721924566	-0.0020346072703918416	-0.0003142662038913002	-0.007254348436045666
-0.0007083939483634172	-0.007193172230578027	-0.002416261827070887	0.000247065274875391	-0.005976669721924566	-0.0012856944757022593	-0.00018944740477655486	-0.006879892038700763
0.000727022241459041	-0.006444259435888	-0.002603490025743227	0.00037188407399058043	-0.0057894415232520036	-0.0009736474779151738	6.019019345382404e-05	-0.0066302544404703845
-0.0008332127474786066	-0.005196071444738326	-0.0022914430279556974	5.983707620349499e-05	-0.00616389792059735	-0.0020970166699494364	-0.0002518568043337055	-0.0066302544404703845
0.0006022034423438516	-0.00413511165226077	-0.001355302034593775	0.00012224647576020153	-0.005539803925022513	-0.003407614060656705	-2.219206104214777e-06	-0.005444475848878527
-0.0005835751492480057	-0.002512467263766416	-0.001105664436363618	0.00043429347354773107	-0.004978119329004382	-0.003220385861983921	-2.219206104214777e-06	-0.005257247650205965
0.000727022241459041	-0.0023876484646512264	-0.0025410806261856322	-0.00037702872069944604	-0.005102938128119572	-0.003407614060656705	-0.0002518568043337055	-0.00531965704976356
0.0006646128419014463	-0.0029493330606686907	-0.002166624228840952	5.983707620349499e-05	-0.004104387735200055	-0.0033452046610991104	-2.219206104214777e-06	-0.005756522846666057
-0.0007708033479205678	-0.003261380058455998	-0.0018545772310534225	-0.003747136296803788	-0.0035427031391828123	-0.0031579764624272144	-0.0003142662038913002	-0.006130979244010959
0.0008518410405735644	-0.00376065525491609	-0.0016673490323808604	-0.0021244919083085456	-0.0028561997440503806	-0.002596291866409528	0.00024741839212638617	-0.006255798043126148
-0.0007083939483634172	-0.004571977449163267	-0.002353852427512848	-0.002062082508751839	-0.003605112538739963	-0.0022218354690644038	-0.00018944740477655486	-0.006817482639143169
0.0006022034423438516	-0.004821615047393202	-0.002790718224415345	-2.572323354099737e-06	-0.0036675219382975577	-0.0022842448686224426	0.00043464659079828216	-0.005631704047550867
-0.00033393755101851497	-0.004322339850933554	-0.002353852427512848	-0.001001122716274061	-0.00404197833564246	-0.0015977414734895667	-0.0003142662038913002	-0.006130979244010959
0.00047738464322866214	-0.005258480844295255	-0.0031651746217609134	-0.0008138945176012768	-0.004104387735200055	-0.001348103875259854	-0.00012703800521896014	-0.005569294647993717
-0.0006459845488056004	-0.004759205647835607	-0.001979396030168612	5.983707620349499e-05	-0.004416434732987362	-0.0016601508730471615	-0.00012703800521896014	-0.005881341645781246
-0.000521165749690855	-0.0042599304513759595	-0.001105664436363618	0.00037188407399058043	-0.004166797134757649	-0.0019097884712770963	0.00024741839212638617	-0.00531965704976356
0.00047738464322866214	-0.004634386848720862	-0.001542530233265671	0.00012224647576020153	-0.005040528728562421	-0.001784969672162351	-0.0002518568043337055	-0.005257247650205965
-0.0006459845488056004	-0.00413511165226077	-0.0014177114341509256	-0.00012739112246906714	-0.004728481730774892	-0.0010984662770299192	6.019019345382404e-05	-0.004321106656844043
0.0005397940427862569	-0.004322339850933554	-0.0018545772310534225	-0.0009387133167164663	-0.004603662931660146	-0.0012856944757022593	-0.00012703800521896014	-0.003821831460383951
-0.0007708033479205678	-0.004322339850933554	-0.0021042148292833573	-0.001001122716274061	-0.004416434732987362	-0.0010360568774718804	-0.00012703800521896014	-0.0033225562639240813
0.0006022034423438516	-0.004322339850933554	-0.002603490025743227	-0.0003146193211418513	-0.003417884340067179	0.00033694991279253905	0.00018500899256879144	-0.0026984622683492443
-0.0005835751492480057	-0.0042599304513759595	-0.002977946423088129	-0.0009387133167164663	-0.003605112538739963	-0.00028714408278274206	-6.462860566092132e-05	-0.0030729186656941465
0.0006022034423438516	-0.004384749250490705	-0.0028531276239729397	-0.002249310707423735	-0.0035427031391828123	0.0002121311136773496	-6.462860566092132e-05	-0.0026360528687916496
0.0005397940427862569	-0.00376065525491609	-0.0025410806261856322	-0.004246411493263658	-0.003605112538739963	0.00033694991279253905	-0.00018944740477655486	-0.0026360528687916496
-0.0003963469505761097	-0.002699695462438756	-0.0014801208337085203	-0.00942639165653536	-0.002544152746262851	0.0010234533079247488	0.00024741839212638617	-0.0016375024758721324
0.0006646128419014463	-0.0023876484646512264	-0.0012928926350361802	-0.013607821426886879	-0.0024193339471481057	0.000773815709695258	6.019019345382404e-05	-0.001887140074101623
-0.0008332127474786066	-0.0021380108664212916	-0.0014801208337085203	-0.011298673643259871	-0.0026689715453775964	0.0004617687119072844	-0.00018944740477655486	-0.0014502742771993482
0.0008518410405735644	-0.0017011450695187946	-0.0012304832354781414	-0.00711724387290813	-0.002294515148032472	0.0005241781114648791	-0.00018944740477655486	-0.0013878648776419755
-0.0007708033479205678	-0.0015139168708464545	-0.0016673490323808604	-0.010487351449012472	-0.0026065621458200017	0.0002121311136773496	-0.0002518568043337055	-0.001512683676756943
0.00047738464322866214	-0.001638735669961644	-0.002166624228840952	-0.004558458491050965	-0.0016080117529000404	0.0010234533079247488	0.0003722371912411315	-0.0007637708820669165
-0.0004587563501332603	-0.0015139168708464545	-0.003040355822645724	-0.005432190084855737	-0.0018576493511304193	0.0003993593123496897	-0.00018944740477655486	-0.0014502742771993482
-0.0006459845488056004	-0.0017635544690763894	-0.0026658994253008217	-0.007491700270252588	-0.0013583741546705497	0.000773815709695258	-2.219206104214777e-06	-0.0012006366789696354
0.0004149752436719556	-0.0018883732681911347	-0.002603490025743227	-0.008240613064943059	-0.001295964755112955	0.00033694991279253905	-0.0003142662038913002	-0.0015750930763145377
-0.0003963469505761097	-0.0015763262704036052	-0.0019169866306110173	-0.00449604909149337	-0.0006094613599805232	0.000773815709695258	0.00024741839212638617	-0.001075817879854446
0.0007894316410161917	-0.0017011450695187946	-0.0020418054297257626	-0.003996773895033723	-0.0008590989582109021	0.00014972171411997692	0.00012259959301097467	-0.0020743682727744073
-0.0007708033479205678	-0.001638735669961644	-0.0019169866306110173	-0.004184002093706063	-0.0010463271568832422	-0.0001623252836675526	-2.219206104214777e-06	-0.001887140074101623
0.0005397940427862569	-0.001201869873058703	-0.0016049396328232657	-0.0051201430870686515	-0.0007966895586528633	8.73123145623822e-05	0.0003098277916835368	-0.001699911875429727
-0.0004587563501332603	-0.0009522322748287682	-0.001355302034593775	-0.001437988513176558	-0.0014831929537857391	-0.0005367816810120107	-0.0003142662038913002	-0.002324005871004342
0.0004149752436719556	-0.0014515074712888598	-0.001979396030168612	-0.0011883509149470672	-0.0011087365564403928	8.73123145623822e-05	-6.462860566092132e-05	-0.001699911875429727
0.0006646128419014463	-0.001201869873058703	-0.0021042148292833573	-0.0007514851180441262	-0.0009839177573256475	0.00033694991279253905	-2.219206104214777e-06	-0.0014502742771993482
-0.00033393755101851497	-0.0009522322748287682	-0.0017921678314960499	-0.00012739112246906714	-0.00023500496263562098	0.0011482721070401603	0.0005594653899134716	-0.0007637708820669165
0.0006022034423438516	-0.0017011450695187946	-0.0024786712266284816	-0.0005018475198141914	-0.0007342801590952686	0.0005241781114648791	-6.462860566092132e-05	-0.0014502742771993482
-0.0008332127474786066	-0.0017011450695187946	-0.0024786712266284816	-0.0009387133167164663	-0.0007966895586528633	0.000773815709695258	-0.0002518568043337055	-0.0009509990807392565
0.0007894316410161917	-0.0014515074712888598	-0.0019169866306110173	-0.001437988513176558	-4.77767639632809e-05	0.0010234533079247488	-0.00012703800521896014	-0.0013878648776419755
-0.0008332127474786066	-0.0017635544690763894	-0.0022290336283981027	-0.0011259415153890284	-0.000671870759538562	0.0006489969105800686	-0.00012703800521896014	-0.0014502742771993482
0.0005397940427862569	-0.0015763262704036052	-0.0020418054297257626	-0.0003146193211418513	-4.77767639632809e-05	0.0012106815065973109	0.0003722371912411315	-0.0007637708820669165
-0.0003963469505761097	-0.0010146416743863629	-0.001729758431938233	-0.0007514851180441262	-0.0007966895586528633	0.0004617687119072844	-0.0002518568043337055	-0.001512683676756943
-0.0005835751492480057	-0.0009522322748287682	-0.001355302034593775	-0.0006266663189293809	-0.0002974143621927716	0.0008986345088095593	0.00012259959301097467	-0.001075817879854446
0.0005397940427862569	-0.0011394604735015523	-0.001729758431938233	-0.0005018475198141914	-0.0005470519604231505	0.0007114063101367751	-0.00012703800521896014	-0.001263046078526786
-0.000521165749690855	-0.0010146416743863629	-0.0014177114341509256	-2.572323354099737e-06	1.4632635594313825e-05	0.0011482721070401603	0.00018500899256879144	-0.0007637708820669165
0.0006646128419014463	-0.0013266886721738924	-0.0016673490323808604	-0.0006890757184869756	-0.0002974143621927716	0.0010234533079247488	0.00012259959301097467	-0.001075817879854446
-0.0008956221470353132	-0.001638735669961644	-0.0019169866306110173	-0.0013131697140613685	-0.0003598237617512545	0.0010858627074825655	0.0003098277916835368	-0.0008261802816249553
0.0007894316410161917	-0.0013266886721738924	-0.0014177114341509256	-0.0007514851180441262	-0.00017259556307847035	0.0012730909061544615	-0.00018944740477655486	-0.0011382272794120407
-0.0007708033479205678	-0.0017635544690763894	-0.0016673490323808604	-0.0006890757184869756	-0.00011018616352087562	0.0012106815065973109	-6.462860566092132e-05	-0.001263046078526786
0.00047738464322866214	-0.0017011450695187946	-0.0011680738359209908	-0.0009387133167164663	0.00026427023382424863	0.0014603191048272457	0.00018500899256879144	-0.0010134084802972954
0.0003525658441139168	-0.0017011450695187946	-0.0016049396328232657	-0.001437988513176558	-0.0002974143621927716	0.0008362251092524087	-0.0002518568043337055	-0.0016375024758721324
-0.0005835751492480057	-0.0013266886721738924	-0.001105664436363618	-0.0012507603145037738	0.0003266796333816213	0.0011482721070401603	0.00012259959301097467	-0.001263046078526786
0.0006022034423438516	-0.0014515074712888598	-0.0012304832354781414	-0.0006890757184869756	0.0002018608342666539	0.0008986345088095593	6.019019345382404e-05	-0.0015750930763145377
-0.0006459845488056004	-0.0015139168708464545	-0.0012928926350361802	-0.0006890757184869756	0.00026427023382424863	0.0008362251092524087	-2.219206104214777e-06	-0.0020119588732168125
0.0005397940427862569	-0.0017011450695187946	-0.0016049396328232657	-0.0005018475198141914	0.0002018608342666539	0.0005241781114648791	6.019019345382404e-05	-0.001512683676756943
-0.0006459845488056004	-0.0015139168708464545	-0.0014801208337085203	-0.0004394381202565967	0.0007011360307263015	0.000961043908367154	0.00012259959301097467	-0.0019495494736592178
0.0006646128419014463	-0.001638735669961644	-0.001355302034593775	-0.00037702872069944604	0.0007011360307263015	0.0010234533079247488	6.019019345382404e-05	-0.0018247306745444725
-0.0005835751492480057	-0.0017011450695187946	-0.0017921678314960499	-0.0005018475198141914	0.0005139078320544055	0.000773815709695258	-0.0002518568043337055	-0.0021991870718891526
-0.0003963469505761097	-0.0015139168708464545	-0.001105664436363618	-6.498172291169446e-05	0.001262820626744432	0.001397909705269651	0.0004970559903558769	-0.0016375024758721324
0.0004149752436719556	-0.002013192067306324	-0.001729758431938233	-0.0005018475198141914	0.0005139078320544055	0.0004617687119072844	-0.00018944740477655486	-0.0024488246701188654
-0.0007083939483634172	-0.001638735669961644	-0.0014801208337085203	-0.0005642569193717861	0.0007011360307263015	0.0007114063101367751	-6.462860566092132e-05	-0.002136777672331558
0.0006646128419014463	-0.001825963868633984	-0.0012928926350361802	-6.498172291169446e-05	0.001013183028514275	0.0007114063101367751	0.00018500899256879144	-0.0021991870718891526
-0.000521165749690855	-0.0015763262704036052	-0.0012928926350361802	-0.0001898005220268839	0.001013183028514275	0.0008362251092524087	-0.00018944740477655486	-0.002511234069676904
0.00047738464322866214	-0.0018883732681911347	-0.0016049396328232657	-0.0001898005220268839	0.0013876394258591773	0.0012106815065973109	0.0003722371912411315	-0.0019495494736592178
-0.0004587563501332603	-0.0014515074712888598	-0.0008560268381336833	-0.0001898005220268839	0.0006387266311687068	0.0003993593123496897	-0.00018944740477655486	-0.002760871667906395
0.0004149752436719556	-0.0021380108664212916	-0.0011680738359209908	-2.572323354099737e-06	0.0008883642293990857	0.0008362251092524087	-2.219206104214777e-06	-0.002573643469234499
0.0006646128419014463	-0.0017011450695187946	-0.001105664436363618	0.00037188407399058043	0.0008883642293990857	0.0010234533079247488	0.00012259959301097467	-0.0024488246701188654
-0.000521165749690855	-0.0017011450695187946	-0.0006687986394608991	0.0003094746744329857	0.0012004112271863931	0.0013355003057120562	0.00024741839212638617	-0.0022615964714465253
0.0005397940427862569	-0.0019507826677487294	-0.001105664436363618	-6.498172291169446e-05	0.0005763172316120002	0.0006489969105800686	-0.00018944740477655486	-0.0028856904670215844
-0.0007083939483634172	-0.001825963868633984	-0.0007936174385760886	-2.572323354099737e-06	0.0007635454302838962	0.000961043908367154	6.019019345382404e-05	-0.002573643469234499
0.0006646128419014463	-0.0017011450695187946	-0.0005439798403457097	0.0003094746744329857	0.0007635454302838962	0.0010234533079247488	0.0004970559903558769	-0.0020743682727744073
-0.00033393755101851497	-0.0014515074712888598	1.7704755671088535e-05	0.0005591122726633646	0.0005763172316120002	0.0006489969105800686	-0.00012703800521896014	-0.0031353280652517412
0.0005397940427862569	-0.002075601466863697	-0.0005439798403457097	0.0003094746744329857	0.0008883642293990857	0.0010858627074825655	6.019019345382404e-05	-0.0028856904670215844
-0.0005835751492480057	-0.0018883732681911347	-4.47046438860621e-05	0.0004967028731057699	0.0010755924280718698	0.000961043908367154	0.00018500899256879144	-0.002948099866578957
-0.0008332127474786066	-0.0023252390650936317	-0.0003567516416738137	5.983707620349499e-05	0.0007011360307263015	0.0005865875110224739	-0.00018944740477655486	-0.0034473750630388267
0.0006022034423438516	-0.002075601466863697	-0.00010711404344365683	0.00043429347354773107	0.0008259548298414909	0.0008362251092524087	-2.219206104214777e-06	-0.003384965663481676
-0.0004587563501332603	-0.0019507826677487294	0.00020493295434342862	0.0005591122726633646	0.0013252300263015826	0.0012730909061544615	0.0003098277916835368	-0.003010509266136774
0.00047738464322866214	-0.002512467263766416	-0.0003567516416738137	0.00012224647576020153	0.0005763172316120002	0.0006489969105800686	-0.0002518568043337055	-0.0036970126612692056
-0.0007083939483634172	-0.002450057864208821	-4.47046438860621e-05	0.00018465587531779626	0.0007635454302838962	0.0008986345088095593	-2.219206104214777e-06	-0.0036970126612692056
0.0006022034423438516	-0.002262829665536481	1.7704755671088535e-05	0.0004967028731057699	0.0009507736289562363	0.0010858627074825655	0.00018500899256879144	-0.0034473750630388267
-0.0005835751492480057	-0.002262829665536481	0.00026734235390146743	0.00037188407399058043	0.0005763172316120002	0.000773815709695258	-2.219206104214777e-06	-0.003759422060826356
0.0005397940427862569	-0.0023252390650936317	0.00032975175345906216	0.0004967028731057699	0.0010755924280718698	0.0012106815065973109	0.0003722371912411315	-0.003384965663481676
0.0003525658441139168	-0.002637286062880717	-0.0003567516416738137	-6.498172291169446e-05	0.0003266796333816213	0.0002121311136773496	-0.0003142662038913002	-0.004196287857728853
-0.0006459845488056004	-0.0023876484646512264	-0.00016952344300125155	-2.572323354099737e-06	0.0006387266311687068	0.0007114063101367751	-2.219206104214777e-06	-0.003759422060826356
0.0006646128419014463	-0.002450057864208821	-0.00010711404344365683	0.000247065274875391	0.0008259548298414909	0.0007114063101367751	0.00018500899256879144	-0.0038842408599415457
-0.000521165749690855	-0.002512467263766416	-0.00010711404344365683	0.00018465587531779626	0.0011380018276287984	0.000961043908367154	0.00024741839212638617	-0.004196287857728853
0.0005397940427862569	-0.002637286062880717	-0.0006063892399037485	-0.0006266663189293809	0.0007635454302838962	0.0004617687119072844	-2.219206104214777e-06	-0.0038842408599415457
-0.0007708033479205678	-0.0025748766633231224	-0.0005439798403457097	-0.0025613577052112646	0.0010755924280718698	0.0008986345088095593	0.00018500899256879144	-0.0038842408599415457
0.000727022241459041	-0.0025748766633231224	-0.00029434224211621896	-0.005369780685298142	0.0007011360307263015	0.0007114063101367751	-0.0002518568043337055	-0.003946650259498918
-0.0008956221470353132	-0.002699695462438756	-0.0007312080390184938	-0.005494599484412888	0.0005763172316120002	0.0006489969105800686	-0.0002518568043337055	-0.0038842408599415457
-0.0004587563501332603	-0.002262829665536481	-0.00048157044078900313	-0.0010635321158316557	0.0007011360307263015	0.0012106815065973109	0.00024741839212638617	-0.0032601468643664866
0.0007894316410161917	-0.0022004202659788863	-0.00023193284255862423	-0.005931465281315829	0.001013183028514275	0.0011482721070401603	0.00018500899256879144	-0.0032601468643664866
-0.0007708033479205678	-0.002637286062880717	-0.0006687986394608991	-0.005869055881758234	0.0005139078320544055	0.0008986345088095593	-0.00012703800521896014	-0.003821831460383951
0.00047738464322866214	-0.002637286062880717	-0.00029434224211621896	-0.00942639165653536	0.0009507736289562363	0.0010858627074825655	-6.462860566092132e-05	-0.0036970126612692056
-0.000521165749690855	-0.002637286062880717	-0.00016952344300125155	-0.008053384866270052	0.001013183028514275	0.0012730909061544615	0.0003722371912411315	-0.0038842408599415457
0.0007894316410161917	-0.0028245142615535013	-4.47046438860621e-05	-0.00462086789060856	0.0003266796333816213	0.0003993593123496897	-0.0002518568043337055	-0.004695563054188945
-0.0007708033479205678	-0.0033861988575711877	-0.0009808456372484287	-0.0006890757184869756	0.00026427023382424863	0.0003993593123496897	-6.462860566092132e-05	-0.004695563054188945
0.0005397940427862569	-0.003261380058455998	-0.0007312080390184938	-0.0009387133167164663	0.0007011360307263015	0.0008362251092524087	0.0003098277916835368	-0.004321106656844043
0.00047738464322866214	-0.003323789458013593	-0.0010432550368058013	-0.00231172010698133	-0.00011018616352087562	0.00033694991279253905	-0.0002518568043337055	-0.004882791252861285
-0.0006459845488056004	-0.0027621048619959065	-0.0007936174385760886	-0.0012507603145037738	-4.77767639632809e-05	0.0008362251092524087	-2.219206104214777e-06	-0.004196287857728853
0.0006646128419014463	-0.0027621048619959065	-0.0006063892399037485	-0.0021869013078665844	1.4632635594313825e-05	0.0008362251092524087	0.00012259959301097467	-0.004133878458171258
-0.0007083939483634172	-0.002886923661111096	-0.0009184362376908339	-0.003123042301228507	-0.00023500496263562098	0.000961043908367154	-6.462860566092132e-05	-0.0036970126612692056
0.000727022241459041	-0.002637286062880717	-0.0005439798403457097	-0.00830302246450021	0.00013945143470905919	0.0012730909061544615	6.019019345382404e-05	-0.0035097844625964214
-0.0005835751492480057	-0.0023876484646512264	-0.0007312080390184938	-0.005869055881758234	-4.77767639632809e-05	0.0005865875110224739	0.00012259959301097467	-0.003946650259498918
0.0006646128419014463	-0.002637286062880717	-0.0007312080390184938	-0.0015003979127341527	-0.00017259556307847035	0.00027454051323494433	-0.00018944740477655486	-0.004009059659056069
-0.0007708033479205678	-0.002886923661111096	-0.0007936174385760886	-0.0008763039171597597	0.0002018608342666539	8.73123145623822e-05	0.00018500899256879144	-0.004133878458171258
-0.0008332127474786066	-0.002512467263766416	-0.0010432550368058013	-0.0010635321158316557	-4.77767639632809e-05	-0.0003495534823398927	-0.0002518568043337055	-0.004508334855516383
0.0008518410405735644	-0.002262829665536481	-0.0005439798403457097	0.0006215216722202932	0.0006387266311687068	-0.00022473468322470325	0.0003098277916835368	-0.004321106656844043
-0.0007708033479205678	-0.002699695462438756	-0.001105664436363618	5.983707620349499e-05	7.704203515190855e-05	-0.0009112380783575791	-0.00012703800521896014	-0.005070019451533625
0.0006022034423438516	-0.002699695462438756	-0.0007936174385760886	0.0003094746744329857	1.4632635594313825e-05	-0.0010984662770299192	-6.462860566092132e-05	-0.005132428851090776
-0.000521165749690855	-0.0027621048619959065	-0.0005439798403457097	0.000247065274875391	0.0005139078320544055	-0.0007240098796847949	-0.00012703800521896014	-0.005694113447108906
0.0006022034423438516	-0.0034486082571287824	-0.0007936174385760886	0.00018465587531779626	7.704203515190855e-05	-0.00022473468322470325	-0.00012703800521896014	-0.005506885248436122
-0.0006459845488056004	-0.00376065525491609	-0.001105664436363618	0.0005591122726633646	0.00013945143470905919	0.00014972171411997692	0.00024741839212638617	-0.005631704047550867
0.000727022241459041	-0.003947883453587986	-0.0012304832354781414	0.00012224647576020153	-4.77767639632809e-05	-0.00047437228145508215	-6.462860566092132e-05	-0.0058189322462236515
0.0005397940427862569	-0.004696796248278456	-0.001105664436363618	0.00018465587531779626	-0.0005470519604231505	-0.0006616004801276443	-0.00018944740477655486	-0.006380616842240894
-0.0008332127474786066	-0.004821615047393202	-0.0009808456372484287	0.00018465587531779626	-0.0009839177573256475	-0.00028714408278274206	-0.0002518568043337055	-0.006193388643568554
0.0008518410405735644	-0.004696796248278456	-0.00010711404344365683	0.0006839310717778879	-0.000671870759538562	0.00033694991279253905	0.0003098277916835368	-0.005943751045338397
-0.0006459845488056004	-0.004946433846507947	-0.0004191610412314084	0.00018465587531779626	-0.001295964755112955	-0.0004119628818974874	-2.219206104214777e-06	-0.006193388643568554
0.00047738464322866214	-0.005008843246065986	-0.0006687986394608991	0.00012224647576020153	-0.0017952399515728246	-0.0005991910805702716	0.0003098277916835368	-0.005569294647993717
-0.0003963469505761097	-0.004509568049605894	8.011415522868326e-05	0.0005591122726633646	-0.002294515148032472	-0.0007864192792423896	-0.0002518568043337055	-0.006068569844453586
0.0004149752436719556	-0.0053208902438535155	-0.00048157044078900313	0.000247065274875391	-0.0024193339471481057	-0.0001623252836675526	0.00012259959301097467	-0.005257247650205965
-0.0005835751492480057	-0.0048840244469507965	-0.001105664436363618	0.00037188407399058043	-0.0029186091436077533	8.73123145623822e-05	-0.0002518568043337055	-0.00500761005197603
-0.00033393755101851497	-0.004509568049605894	-0.0006063892399037485	0.0006839310717778879	-0.0024817433467052563	0.0010234533079247488	0.0003722371912411315	-0.003946650259498918
0.00022774704499939347	-0.0055081184425256335	-0.0012304832354781414	-0.00012739112246906714	-0.0035427031391828123	-0.00028714408278274206	-0.0004390850030060456	-0.00482038185330369
-0.0005835751492480057	-0.005008843246065986	-0.0012928926350361802	0.00018465587531779626	-0.002793790344492564	0.00027454051323494433	-6.462860566092132e-05	-0.004383516056401637
0.0005397940427862569	-0.005445709042968039	-0.0019169866306110173	0.0003094746744329857	-0.0031058373422800933	0.0005865875110224739	-0.0003142662038913002	-0.0038842408599415457
-0.0004587563501332603	-0.005258480844295255	-0.0008560268381336833	0.0005591122726633646	-0.0022321057484753215	0.000773815709695258	-0.0002518568043337055	-0.004882791252861285
0.00047738464322866214	-0.005695346641198418	-0.001355302034593775	0.00012224647576020153	-0.0024817433467052563	-0.0001623252836675526	-0.0003142662038913002	-0.00500761005197603
-0.0007708033479205678	-0.005383299643410888	-0.001542530233265671	0.0008087498708930774	-0.0017952399515728246	-9.991588410995789e-05	0.00043464659079828216	-0.004445925455958344
0.0009142504401318252	-0.0042599304513759595	-0.0010432550368058013	0.00018465587531779626	-0.0019824681502451647	-0.001784969672162351	-6.462860566092132e-05	-0.005881341645781246
0.0006022034423438516	-0.003947883453587986	-0.00048157044078900313	0.0003094746744329857	-0.0017952399515728246	-0.002783520065081868	-0.00012703800521896014	-0.006692663840027979
-0.0007083939483634172	-0.00413511165226077	-0.00023193284255862423	0.0003094746744329857	-0.001295964755112955	-0.002783520065081868	-2.219206104214777e-06	-0.007129529636930476
0.0005397940427862569	-0.005008843246065986	-0.0007936174385760886	0.000247065274875391	-0.0016704211524580792	-0.0024714730672947827	-0.00012703800521896014	-0.007816033032063352
-0.0006459845488056004	-0.005570527842083228	-0.0010432550368058013	0.000247065274875391	-0.0012335553555555823	-0.0024714730672947827	-0.00012703800521896014	-0.009064221023213248
0.0007894316410161917	-0.006319440636772811	-0.0004191610412314084	0.0006215216722202932	-0.0016080117529000404	-0.0014729226743748214	-6.462860566092132e-05	-0.01012518081569036
-0.0006459845488056004	-0.007692447427037896	0.00026734235390146743	0.00018465587531779626	-0.0039171595365272704	-0.001535332073931972	-0.0004390850030060456	-0.011373368806840034
0.00047738464322866214	-0.00887822601863042	0.0008914363494758604	0.0005591122726633646	-0.004603662931660146	0.0005241781114648791	0.00018500899256879144	-0.01149818760595478
-0.0003963469505761097	-0.010251232808894839	0.00532250371805798	5.983707620349499e-05	-0.007661723509976959	0.0002121311136773496	-0.00037667560344889495	-0.012996013195334388
-0.0004587563501332603	-0.012123514795619128	0.00800610789902989	0.000247065274875391	-0.008223408105994423	-0.0001623252836675526	6.019019345382404e-05	-0.013370469592679735
0.0005397940427862569	-0.008316541422612289	0.010190436883542375	0.00018465587531779626	-0.010407737090506464	-0.003407614060656705	-0.0002518568043337055	-0.015180342179846429
-0.0006459845488056004	-0.007380400429250367	0.014122229055663515	0.00012224647576020153	-0.011281468684311236	-0.004843030250479163	-0.00018944740477655486	-0.01599166437409405
0.0006646128419014463	-0.012248333594734317	0.016431376839290746	5.983707620349499e-05	-0.013278569470150936	-0.001784969672162351	-0.0002518568043337055	-0.015866845574979305
-0.0005835751492480057	-0.009377501215090067	0.015432826446371006	0.000247065274875391	-0.013403388269265681	-0.0037196610584442347	-6.462860566092132e-05	-0.014868295182059343
0.000727022241459041	-0.010563279806682369	0.013872591457433803	0.00012224647576020153	-0.015525307854220127	-0.00022473468322470325	-0.0002518568043337055	-0.012559147398432557
-0.0006459845488056004	-0.012872427590309599	0.012686812865841501	5.983707620349499e-05	-0.01571253605289291	-0.002346654268179149	-0.0005014944025636403	-0.01318324139400695
0.0003525658441139168	-0.01031364220845199	0.016805833236635426	0.000247065274875391	-0.01652385824714009	-0.0027211106655242734	-2.219206104214777e-06	-0.013245650793564767
0.0005397940427862569	-0.009564729413762407	0.01767956483044064	-2.572323354099737e-06	-0.017147952242715148	-0.0039692986566743915	-0.0003142662038913002	-0.012371919199759551
-0.0007708033479205678	-0.010500870407124774	0.017554746031325452	0.00012224647576020153	-0.017335180441387266	-0.0020346072703918416	-0.0003142662038913002	-0.01249673799887474
0.000727022241459041	-0.010563279806682369	0.013872591457433803	0.00037188407399058043	-0.01483880445908814	-0.0024714730672947827	-2.219206104214777e-06	-0.011997462802414427
-0.0006459845488056004	-0.008316541422612289	0.011625853073363945	5.983707620349499e-05	-0.014339529262628048	-0.004655802051806823	-0.0002518568043337055	-0.01149818760595478
0.00047738464322866214	-0.010812917404912081	0.01012802748398478	-0.00012739112246906714	-0.015462898454663199	-0.004655802051806823	-0.00018944740477655486	-0.013120831994449578
-0.0006459845488056004	-0.00887822601863042	0.009379114689294754	0.00018465587531779626	-0.007911361108207338	-0.006278446440301622	-0.00012703800521896014	-0.010374818413920073
0.0006646128419014463	-0.009190273016417505	0.001640349144166331	-6.498172291169446e-05	-0.0026065621458200017	0.0019595943012873374	-0.0003142662038913002	-0.005881341645781246
-0.0008332127474786066	-0.011000145603584865	-0.014960551138125666	-2.572323354099737e-06	-0.002981018543165348	0.000773815709695258	-0.00037667560344889495	-0.007628804833390346
-0.0005835751492480057	-0.013746159184113926	-0.015022960537683261	0.00037188407399058043	-0.002294515148032472	-0.00047437228145508215	-6.462860566092132e-05	-0.008564945826753156
0.0006022034423438516	-0.011124964402699167	-0.010966349566446487	0.000247065274875391	-0.00603907912148216	-0.004031708056231986	-0.00018944740477655486	-0.009501086820115301
-0.0007083939483634172	-0.013746159184113926	-0.008033107787244864	5.983707620349499e-05	-0.008098589306879234	-0.0033452046610991104	-0.00018944740477655486	-0.009875543217460425
0.0005397940427862569	-0.01711626676021849	-0.010966349566446487	5.983707620349499e-05	-0.007973770507764044	0.0005865875110224739	-0.0004390850030060456	-0.008377717628080816
-0.0004587563501332603	-0.01493193777570645	-0.013213087950516123	0.000247065274875391	-0.006787991916171965	-0.0009736474779151738	-0.0004390850030060456	-0.009688315018788085
0.00047738464322866214	-0.010875326804469898	-0.015647054533258098	-2.572323354099737e-06	-0.00685040131572956	-0.0056543524447263405	-0.0002518568043337055	-0.010062771416132765
-0.0006459845488056004	-0.01106255500314246	-0.01483573233901092	-0.0001898005220268839	-0.008348226905109168	-0.006028808842071465	-0.0006263132016788298	-0.01012518081569036
0.00029015644455676615	-0.011749058398274448	-0.007159376193440092	0.0003094746744329857	-0.008285817505551574	-0.005342305446939255	-2.219206104214777e-06	-0.00900181162365521
0.0006022034423438516	-0.012685199391636814	-0.007721060789457335	0.00018465587531779626	-0.008909911501126855	-0.004843030250479163	-0.0002518568043337055	-0.011186140608167694
-0.0007708033479205678	-0.014370253179688763	-0.009780570974854186	-0.00012739112246906714	-0.010470146490064058	-0.003906889257116353	-0.000563903802121235	-0.01099891240949491
0.0008518410405735644	-0.015618441170838882	-0.011091168365561677	0.00037188407399058043	-0.009908461894046372	-0.0003495534823398927	-0.00012703800521896014	-0.009813133817902386
-0.0008332127474786066	-0.01742831375800602	-0.009156476979279349	-0.0002522099215842566	-0.011905562679886073	-0.0005991910805702716	-0.000563903802121235	-0.01193505340285772
0.000727022241459041	-0.014869528376148855	-0.005536731804945294	0.00012224647576020153	-0.011156649885196046	-0.0035324328597718946	-0.00037667560344889495	-0.01149818760595478
-0.0007083939483634172	-0.013683749784556776	-0.00497504720892783	-2.572323354099737e-06	-0.009783643094931183	-0.004343755054019072	-6.462860566092132e-05	-0.011810234603742531
0.0007894316410161917	-0.013434112186326397	-0.007409013791669805	-6.498172291169446e-05	-0.010345327690948869	-0.005529533645611595	-0.00037667560344889495	-0.011560597005512374
-0.0007083939483634172	-0.012123514795619128	-0.007845879588572524	-0.0001898005220268839	-0.010345327690948869	-0.0037196610584442347	-0.0006263132016788298	-0.011623006405069969
-0.0003963469505761097	-0.011936286596946788	-0.0046005908115829275	0.0003094746744329857	-0.01003328069316134	-0.005529533645611595	6.019019345382404e-05	-0.01193505340285772
0.00047738464322866214	0.0002959557163209059	-0.0026658994253008217	-2.572323354099737e-06	-0.012217609677673158	-0.017324910161976792	-0.00037667560344889495	-0.012371919199759551
-0.0007083939483634172	-0.008191722623497544	-0.0028531276239729397	-0.0001898005220268839	-0.010907012286966555	-0.008712413023043153	-0.0005014944025636403	-0.011123731208609655
0.0006646128419014463	-0.010625689206239297	-0.003851678016892901	0.00018465587531779626	-0.010782193487851366	-0.006216037040744027	-0.0002518568043337055	-0.009126630422770399
-0.000521165749690855	-0.004634386848720862	-0.0075338325907849946	0.000247065274875391	-0.009221958498914384	-0.011208789005343167	-0.0005014944025636403	-0.009937952617017576
0.0005397940427862569	-0.011437011400486696	-0.010404664970429245	-6.498172291169446e-05	-0.008785092702011665	-0.006652902837646302	-6.462860566092132e-05	-0.009563496219672896
-0.0004587563501332603	-0.007193172230578027	-0.009218886378836944	-6.498172291169446e-05	-0.01003328069316134	-0.006840131036319086	-0.0006263132016788298	-0.007816033032063352
0.0003525658441139168	-0.009065454217302316	-0.005599141204502445	0.0004967028731057699	-0.008597864503339325	-0.0034700234602143	0.0003098277916835368	-0.008564945826753156
0.0003525658441139168	-0.008066903824382354	-0.005287094206715359	-0.0002522099215842566	-0.010158099492276085	-0.006715312237203452	-0.0006263132016788298	-0.009875543217460425
-0.0005835751492480057	-0.01106255500314246	-0.003477221619548221	0.0003094746744329857	-0.008909911501126855	-0.0045933926522492285	-6.462860566092132e-05	-0.008502536427195562
0.0006646128419014463	-0.008378950822169884	-0.006722510396537373	0.0003094746744329857	-0.008348226905109168	-0.004780620850921569	-0.00012703800521896014	-0.00962590561923049
-0.0007083939483634172	-0.009564729413762407	-0.005848778802732824	5.983707620349499e-05	-0.008160998706436828	-0.0037820704580020514	-0.00018944740477655486	-0.009937952617017576
0.0005397940427862569	-0.011124964402699167	-0.003664449818220561	-2.572323354099737e-06	-0.009159549099356123	-0.0037196610584442347	-0.0002518568043337055	-0.009563496219672896
-0.0005835751492480057	-0.008254132023055138	-0.004101315615122836	5.983707620349499e-05	-0.009159549099356123	-0.004156526855347176	-0.0003142662038913002	-0.010874093610379942
0.0006646128419014463	-0.009377501215090067	-0.0046005908115829275	-0.0007514851180441262	-0.009471596097144097	-0.004655802051806823	-0.00018944740477655486	-0.00962590561923049
-0.0006459845488056004	-0.008129313223939949	-0.004413362612910143	-0.032829916490593414	-0.006538354317941586	-0.001784969672162351	-0.0003142662038913002	-0.00731675783560326
-0.0007708033479205678	0.0007952309127807755	0.002826127735758188	-0.16588675634715866	0.005069793999750827	0.007451621462346125	-6.462860566092132e-05	0.0011085111046580387
0.0009142504401318252	-0.00376065525491609	-0.001729758431938233	-0.08999692648525248	-0.0007342801590952686	0.0036446480893397304	0.0003098277916835368	-0.0032601468643664866
-0.0008332127474786066	-0.007942085025267165	-0.003914087416450052	-0.04961804497155753	-0.0051653475276771665	-0.0004119628818974874	-0.00037667560344889495	-0.007254348436045666
0.0006646128419014463	-0.005570527842083228	-0.0014801208337085203	-0.07757745597331267	-0.002981018543165348	0.0008362251092524087	-0.00012703800521896014	-0.005132428851090776
-0.0004587563501332603	-0.00681871583323268	-0.00048157044078900313	-0.08999692648525248	-0.0024193339471481057	0.004393560884028869	0.00012259959301097467	-0.006567845040913678
0.000727022241459041	-0.008066903824382354	-0.003477221619548221	-0.07414493899765051	-0.0057894415232520036	2.4902915004787474e-05	-0.0002518568043337055	-0.008752174025425719
-0.0005835751492480057	-0.010001595210664682	-0.007159376193440092	-0.033703648084397964	-0.006787991916171965	-0.0010984662770299192	-0.0004390850030060456	-0.011435778206397629
0.0004149752436719556	-0.012872427590309599	-0.006410463398749622	-0.034078104481742866	-0.006787991916171965	0.00033694991279253905	6.019019345382404e-05	-0.011373368806840034
0.00047738464322866214	-0.013246883987654279	-0.00497504720892783	-0.04543661520120579	-0.0077241329095345534	-0.0007240098796847949	-0.0003142662038913002	-0.011560597005512374
-0.0006459845488056004	-0.01093773620402727	-0.002416261827070887	-0.07526830818968544	-0.005851850922809598	0.0011482721070401603	-6.462860566092132e-05	-0.010000362016574948
0.0005397940427862569	-0.010001595210664682	0.0008914363494758604	-0.09455281265294913	-0.0057894415232520036	0.0021468224999601215	-0.0002518568043337055	-0.008502536427195562
-0.0006459845488056004	-0.011624239599159258	0.00120348334726339	-0.0816964763441066	-0.00672558251661437	0.0012730909061544615	-2.219206104214777e-06	-0.006505435641356083
0.0005397940427862569	-0.009190273016417505	0.0023892619388559133	-0.12082716986665187	-0.004104387735200055	0.003707057488896881	0.00024741839212638617	-0.0013878648776419755
-0.000521165749690855	-0.006007393638985503	0.004199134526023052	-0.17256456209980975	-0.0057894415232520036	0.007576440261460871	6.019019345382404e-05	-0.005943751045338397
0.000727022241459041	-0.01337170278676969	-0.00023193284255862423	-0.12045271346930675	-0.004354025333429989	0.004331151484472162	-6.462860566092132e-05	-0.005444475848878527
-0.0006459845488056004	-0.009939185811107087	0.004323953325138241	-0.07302156980561558	-0.009097139699799195	-0.012394567596935246	-0.0005014944025636403	-0.010811684210822348
-0.0005835751492480057	-0.013933387382786488	-0.0017921678314960499	-0.0026237671047686373	-0.012467247275903315	-0.006028808842071465	-0.00018944740477655486	-0.012184691001087211
0.0007894316410161917	-0.011749058398274448	-0.00497504720892783	-0.0004394381202565967	-0.013340978869708087	-0.007651453230566263	-2.219206104214777e-06	-0.011685415804627564
-0.000958031546593352	-0.006881125232790497	-0.011028758966004082	-0.001625216711848898	-0.010532555889621209	-0.012144929998705534	-0.0007511320007937972	-0.0123095098002024
0.0006646128419014463	-0.01618012576685568	-0.013462725548745835	-0.0003146193211418513	-0.009596414896259287	-0.003906889257116353	-0.0004390850030060456	-0.012621556797989708
-0.0007083939483634172	-0.011499420800044291	-0.011153577765118827	-0.0006266663189293809	-0.010158099492276085	-0.007464225031893479	-6.462860566092132e-05	-0.011373368806840034
0.000727022241459041	-0.01274760879119441	-0.008594792383261662	5.983707620349499e-05	-0.009658824295815993	-0.005716761844283935	-0.0005014944025636403	-0.012621556797989708
-0.0007708033479205678	-0.013558930985441586	-0.013337906749631312	-0.0007514851180441262	-0.010657374688735954	-0.007401815632335884	-0.0006263132016788298	-0.012184691001087211
0.00047738464322866214	-0.01243556179340688	-0.009094067579721754	-0.00012739112246906714	-0.010657374688735954	-0.007214587433663544	-2.219206104214777e-06	-0.011123731208609655
0.0006022034423438516	-0.010812917404912081	-0.012464175155826096	-2.572323354099737e-06	-0.009658824295815993	-0.00927409761906084	-0.0002518568043337055	-0.014431429385156846
-0.0006459845488056004	-0.010750508005354709	-0.008157926586360054	-0.00037702872069944604	-0.01271688487413325	-0.010335057411537951	-0.0004390850030060456	-0.01362010719090967
0.0005397940427862569	-0.009689548212877597	-0.006597691597422628	-6.498172291169446e-05	-0.01271688487413325	-0.01177047360136041	-0.0005014944025636403	-0.01368251659046682
-0.000521165749690855	-0.00663148763456034	-0.004663000211140522	0.00018465587531779626	-0.011905562679886073	-0.016201540969942307	-6.462860566092132e-05	-0.015305160978961618
0.0003525658441139168	-0.012185924195176723	-0.009718161575297035	-0.0002522099215842566	-0.010969421686523262	-0.010959151407113232	-6.462860566092132e-05	-0.014181791786926912
-0.0003963469505761097	-0.011437011400486696	-0.009094067579721754	0.00012224647576020153	-0.012841703673247995	-0.013330708590297613	-0.0004390850030060456	-0.015305160978961618
0.0006022034423438516	-0.009439910614647218	-0.005474322405387255	-0.0002522099215842566	-0.014277119863070453	-0.00927409761906084	-0.000563903802121235	-0.01349528839179448
-0.0007708033479205678	-0.014432662579246358	-0.0064728727983072165	0.00012224647576020153	-0.014901213858645734	-0.005092667848709098	-0.0002518568043337055	-0.01249673799887474
-0.000521165749690855	-0.015493622371723692	-0.009031658180164603	0.00018465587531779626	-0.014027482264840518	-0.005342305446939255	-0.00018944740477655486	-0.009064221023213248
0.0005397940427862569	-0.014183024981016423	-0.015459826334585758	-2.572323354099737e-06	-0.010657374688735954	-0.00577917124384153	-0.0005014944025636403	-0.01012518081569036
-0.0005835751492480057	-0.01262278999207922	-0.015834282731930438	-2.572323354099737e-06	-0.010532555889621209	-0.005529533645611595	-0.0002518568043337055	-0.00881458342498287
0.0006646128419014463	-0.012497971192964474	-0.010217436771756905	0.00012224647576020153	-0.01022050889183368	-0.006216037040744027	-0.0003142662038913002	-0.010811684210822348
-0.0006459845488056004	-0.009876776411549937	-0.005349503606272954	0.00012224647576020153	-0.011468696882983576	-0.00964855401640552	-0.000563903802121235	-0.01343287899223733
0.00047738464322866214	-0.00875340721951523	-0.006597691597422628	-0.0002522099215842566	-0.011468696882983576	-0.0077762720296812304	-6.462860566092132e-05	-0.013370469592679735
-0.0004587563501332603	-0.01031364220845199	-0.006660100996980223	0.0003094746744329857	-0.010407737090506464	-0.005591943045168746	-0.00018944740477655486	-0.01349528839179448
0.0006646128419014463	-0.013683749784556776	-0.0054119130058296605	0.00012224647576020153	-0.012155200278116007	-0.0045933926522492285	-0.00018944740477655486	-0.013807335389582454
0.0006022034423438516	-0.018489273550483132	-0.007034557394324903	-2.572323354099737e-06	-0.012030381479000818	-0.003906889257116353	-0.0004390850030060456	-0.01318324139400695
-0.0007083939483634172	-0.0166169915637584	-0.009593342776181624	-0.0002522099215842566	-0.011780743880771327	-0.005467124246053556	-0.0005014944025636403	-0.014181791786926912
0.0008518410405735644	-0.0033861988575711877	-0.006098416400962536	0.00043429347354773107	-0.011593515682098765	-0.019446829746931238	6.019019345382404e-05	-0.013370469592679735
-0.0008956221470353132	-0.01511916597437879	-0.007908288988129675	-0.0003146193211418513	-0.008660273902896476	-0.011021560806670383	-0.0006263132016788298	-0.012933603795777682
0.000727022241459041	-0.01630494456597109	-0.01265140335449888	-2.572323354099737e-06	-0.010158099492276085	-0.007901090828795976	-0.000563903802121235	-0.011872644003300126
-0.0008332127474786066	-0.008690997819957635	-0.012713812754056475	-0.0001898005220268839	-0.010907012286966555	-0.010896742007555638	-0.0002518568043337055	-0.012371919199759551
0.0007894316410161917	-0.016554582164200804	-0.011215987164676422	-0.0003146193211418513	-0.01140628748342598	-0.009211688219503245	-0.000563903802121235	-0.016116483173209684
-0.0007708033479205678	-0.01761554195667836	-0.002416261827070887	-6.498172291169446e-05	-0.01571253605289291	-0.013205889791182646	-0.00037667560344889495	-0.014119382387369761
-0.0005835751492480057	-0.016117716367298307	-0.0031027652222033186	-6.498172291169446e-05	-0.012966522472363184	-0.014454077782331876	-0.0002518568043337055	-0.015305160978961618
0.0005397940427862569	-0.015618441170838882	-0.007783470189014485	-0.0002522099215842566	-0.015837354852007657	-0.011146379605785572	-0.000563903802121235	-0.015180342179846429
-0.0005835751492480057	-0.01873891114871329	-0.005474322405387255	-0.0001898005220268839	-0.016274220648910376	-0.012456976996492397	-0.00037667560344889495	-0.013245650793564767
0.0005397940427862569	-0.013808568583671299	-0.00996779917352697	-0.012734089833081663	-0.014277119863070453	-0.015577446974367248	-0.0005014944025636403	-0.01093650300993776
-0.000521165749690855	-0.013933387382786488	-0.01258899395494173	-0.010549760848569845	-0.013528207068380427	-0.011895292400475155	-0.0006887226012364245	-0.00943867742055815
0.0003525658441139168	-0.01724108555933368	-0.010092617972641715	-0.02172104336936065	-0.009783643094931183	-0.011458426603572436	-0.0005014944025636403	-0.009189039822327993
-0.0006459845488056004	-0.009814367011992342	-0.007596241990342145	-0.11408695471444297	-0.004104387735200055	-0.00833795662569825	-2.219206104214777e-06	-0.0038842408599415457
0.000727022241459041	-0.001389098071731265	0.00544732251717317	-0.18910305298254393	0.001637277024088668	0.00014972171411997692	0.0003722371912411315	0.0017950144997900264
0.0006022034423438516	0.003666063292425248	0.00831815489681742	-0.24995221755109487	0.007378941783377613	0.00501765487960415	0.00018500899256879144	0.004541028080319531
-0.0007708033479205678	0.0047894324844599545	0.007881289099915145	-0.2680509434227669	0.009126404970988045	0.007201983864115968	-2.219206104214777e-06	0.006413310067044264
0.0009142504401318252	-0.004197521051818365	0.00020493295434342862	-0.15708703100955246	0.002261371019663949	0.0019595943012873374	0.00043464659079828216	0.0002971889104104175
-0.0006459845488056004	-0.008066903824382354	-0.004787819010255268	-0.10840769935471184	-0.0019824681502451647	-0.0007240098796847949	-0.00012703800521896014	-0.006380616842240894
0.0005397940427862569	-0.010625689206239297	-0.008906839381049636	-0.08381839592906126	-0.003605112538739963	-3.750648455236316e-05	6.019019345382404e-05	-0.007191939036488071
-0.0005835751492480057	-0.011936286596946788	-0.008657201782819701	-0.06465871026491232	-0.007911361108207338	-0.004780620850921569	-0.0003142662038913002	-0.00881458342498287
0.0006022034423438516	-0.011124964402699167	-0.007721060789457335	-0.04537420580164864	-0.00853545510378173	-0.006153627641186654	-0.0002518568043337055	-0.008939402224098059
-0.0007083939483634172	-0.011499420800044291	-0.009530933376624473	-0.04056868203572184	-0.008972320900684005	-0.0069025404358760145	-0.00018944740477655486	-0.009376268021000778
-0.0006459845488056004	-0.011437011400486696	-0.012214537557596605	-0.03214341309546076	-0.009221958498914384	-0.005279896047381438	-0.0002518568043337055	-0.010187590215247733
0.00047738464322866214	-0.013870977983229116	-0.01265140335449888	-0.03039594990785144	-0.009534005496701692	-0.004406164453576444	-0.0005014944025636403	-0.010000362016574948
-0.0004587563501332603	-0.01281001819075156	-0.011215987164676422	-0.02933499011537366	-0.0090347303002416	-0.0050302584491519475	-0.00018944740477655486	-0.010811684210822348
0.0006022034423438516	-0.007255581630135177	-0.009842980374412225	-0.023780553554757278	-0.010095690092718934	-0.011021560806670383	-0.0003142662038913002	-0.01249673799887474
-0.0007083939483634172	-0.00881581661907238	-0.007159376193440092	-0.023031640760067695	-0.012030381479000818	-0.008962050621273532	-0.0004390850030060456	-0.011872644003300126
0.0006022034423438516	-0.01293483698986675	-0.006784919796094524	-0.02228272796537767	-0.009534005496701692	-0.010709513808883075	-0.00018944740477655486	-0.014244201186484062
-0.0005835751492480057	-0.008066903824382354	-0.01233935635671135	-0.020784902375997838	-0.0090347303002416	-0.007838681429238825	-0.0005014944025636403	-0.011373368806840034
0.00047738464322866214	-0.011686648998716853	-0.016708014325735654	-0.01947430498529057	-0.007911361108207338	-0.008525184824371035	-0.0002518568043337055	-0.010437227813477667
0.00047738464322866214	-0.006444259435888	-0.015771873332373287	-0.019973580181750883	-0.008785092702011665	-0.011271198404900318	-0.0005014944025636403	-0.0123095098002024
-0.000521165749690855	-0.009439910614647218	-0.010841530767331742	-0.020597674177325054	-0.008785092702011665	-0.008712413023043153	6.019019345382404e-05	-0.011560597005512374
0.00047738464322866214	-0.008316541422612289	-0.011091168365561677	-0.021096949373785367	-0.009846052494488555	-0.010522285610210735	-0.0006263132016788298	-0.011997462802414427
-0.0005835751492480057	-0.009377501215090067	-0.014149228943878489	-0.018538163991928647	-0.00872268330245407	-0.006590493438088707	-0.0003142662038913002	-0.0123095098002024
0.0009142504401318252	-0.011000145603584865	-0.014461275941665797	-0.014793600018478958	-0.009346777298028908	-0.005591943045168746	-0.00037667560344889495	-0.012559147398432557
-0.0008332127474786066	-0.01093773620402727	-0.012089718758481416	-0.016104197409186227	-0.010345327690948869	-0.004967849049594353	-0.0004390850030060456	-0.013744925990024859
0.0005397940427862569	-0.012373152393849507	-0.011465624762906135	-0.020784902375997838	-0.0110318310860813	-0.0037196610584442347	-0.00037667560344889495	-0.013245650793564767
-0.0007083939483634172	-0.01281001819075156	-0.011902490559808854	-0.022345137364935264	-0.010282918291391274	-0.004218936254903882	-2.219206104214777e-06	-0.011810234603742531
-0.000958031546593352	-0.013184474588096684	-0.01489814173856896	-0.020972130574670178	-0.009908461894046372	-0.005092667848709098	-0.0006263132016788298	-0.013807335389582454
0.00047738464322866214	-0.01156183019960233	-0.014086819544320894	-0.016041788009628632	-0.010969421686523262	-0.007464225031893479	-0.000563903802121235	-0.013869744789139604
-0.0003963469505761097	-0.009127863616859688	-0.012276946957153756	-0.01747720419945087	-0.009908461894046372	-0.008650003623486446	-6.462860566092132e-05	-0.012621556797989708
0.0006646128419014463	-0.008441360221727479	-0.01233935635671135	-0.018038888795468555	-0.01022050889183368	-0.008213137826583505	-0.0002518568043337055	-0.014369019985599252
-0.0007083939483634172	-0.009751957612435191	-0.01034225557087165	-0.010736989047242185	-0.011905562679886073	-0.00833795662569825	-0.0005014944025636403	-0.014743476382944376
0.00047738464322866214	-0.010875326804469898	-0.008844429981492041	-0.01579215041139892	-0.011094240485638895	-0.004156526855347176	-6.462860566092132e-05	-0.014306610586042101
-0.0004587563501332603	-0.012123514795619128	-0.010529483769544434	-0.0181637075945833	-0.013278569470150936	-0.0027211106655242734	-0.000563903802121235	-0.014743476382944376
0.00047738464322866214	-0.013933387382786488	-0.008782020581934225	-0.020909721175113027	-0.012779294273691288	-0.0037196610584442347	-0.0004390850030060456	-0.01480588578250197
0.0006646128419014463	-0.013995796782344083	-0.008969248780607009	-0.021408996371572453	-0.012217609677673158	-0.0034700234602143	-0.00037667560344889495	-0.015742026775864115
-0.0004587563501332603	-0.01511916597437879	-0.008157926586360054	-0.029397399514931255	-0.012467247275903315	-0.0008488286787999844	-0.00012703800521896014	-0.01480588578250197
0.0004149752436719556	-0.016554582164200804	-0.009094067579721754	-0.026027291938826913	-0.013902663465725551	-0.0022842448686224426	-0.0006887226012364245	-0.015305160978961618
-0.00027152815146092024	-0.015618441170838882	-0.010030208573084565	-0.015916969210513665	-0.013840254066167956	-0.002409063667737188	6.019019345382404e-05	-0.01880008735418115
0.00047738464322866214	-0.015368803572608725	-0.008407564184589766	-0.017664432398123653	-0.01589976425156525	-0.004843030250479163	-0.000563903802121235	-0.018924906153296117
-0.0007708033479205678	-0.01699144796110308	-0.00516227540760017	-0.021346586972015302	-0.019145053028554848	-0.0056543524447263405	-0.0006887226012364245	-0.019673818947986144
0.0004149752436719556	-0.018863729947828478	-0.005911188202289752	-0.0021244919083085456	-0.017584818039617645	-0.004281345654461477	-6.462860566092132e-05	-0.01973622834754374
-0.0003963469505761097	-0.019862280340747995	-0.014773322939453326	-0.0034350892990162585	-0.018208912035192037	-0.0003495534823398927	-0.0007511320007937972	-0.020297912943561203
-0.0006459845488056004	-0.02042396493676568	-0.012713812754056475	-0.02215790916626248	-0.015650126653335317	-0.0015977414734895667	-0.0005014944025636403	-0.016366120771438952
0.0005397940427862569	-0.013558930985441586	-0.011715262361136958	-0.00231172010698133	-0.016648677046255278	-0.009960601014193049	-0.000563903802121235	-0.02011068474488842
-0.00033393755101851497	-0.016055306967741156	-0.004663000211140522	-0.005057733687511057	-0.018271321434749632	-0.006403265239415923	-2.219206104214777e-06	-0.018862496753738522
0.0005397940427862569	-0.01992468974030559	-0.002416261827070887	-0.0006266663189293809	-0.020018784622359176	-0.006403265239415923	-0.0006887226012364245	-0.021234053936922903
-0.0006459845488056004	-0.017865179554908295	-0.004101315615122836	-2.572323354099737e-06	-0.02201588540819932	-0.007214587433663544	-0.0004390850030060456	-0.02079718814002085
0.0006646128419014463	-0.020798421334110362	-0.0064728727983072165	-6.498172291169446e-05	-0.02101733501527936	-0.005342305446939255	-0.0003142662038913002	-0.021358872736038537
-0.000521165749690855	-0.02235865632304712	-0.007845879588572524	-0.0003146193211418513	-0.02151661021173923	-0.0052174866478238435	-0.0008759507999089866	-0.02104682573825034
0.0004149752436719556	-0.02223383752393282	-0.00765865138989974	0.00012224647576020153	-0.01983155642368728	-0.009024460020830682	-0.00012703800521896014	-0.02067236934090566
0.00029015644455676615	-0.018052407753580857	-0.0073466043921124324	-0.0005018475198141914	-0.02182865720952676	-0.010147829212865611	-0.0009383601994656932	-0.02260706072718799
-0.0006459845488056004	-0.02136010593012716	-0.002977946423088129	-0.00037702872069944604	-0.022889617002004092	-0.008587594223928408	-0.0006263132016788298	-0.02291910772497574
0.0006022034423438516	-0.004696796248278456	0.015432826446371006	0.0005591122726633646	-0.005477394525464474	0.006265842870753602	0.00012259959301097467	-0.00531965704976356
-0.00033393755101851497	-0.018988548746943223	-0.0027283088248581944	0.00018465587531779626	-0.02220311360687166	-0.006777721636761047	-0.00012703800521896014	-0.021920557332055557
0.0003525658441139168	-0.023731663113311985	-0.003664449818220561	-0.0005018475198141914	-0.025073945986516133	-0.004843030250479163	-0.0005014944025636403	-0.02279428892586055
-0.0006459845488056004	-0.024667804106674573	0.0013283021463785794	-0.0002522099215842566	-0.026634180975453337	-0.007651453230566263	-0.0005014944025636403	-0.023730429919222473
0.0006646128419014463	-0.02366925371375439	0.003075765333987901	-0.0003146193211418513	-0.02900573815863816	-0.006028808842071465	-0.000563903802121235	-0.02479138971170003
-0.0007083939483634172	-0.027164180088974144	0.00706996690566708	-0.00037702872069944604	-0.03268789273252959	-0.007214587433663544	-0.0006887226012364245	-0.024916208510814775
-0.0006459845488056004	-0.028162730481893883	0.01012802748398478	-0.0003146193211418513	-0.03424812772146679	-0.006840131036319086	-0.0006263132016788298	-0.025914758903734514
0.0006646128419014463	-0.026852133091186614	0.01062730268044465	-0.0002522099215842566	-0.033936080723679485	-0.009773372815520709	-0.0006263132016788298	-0.02697571869621207
-0.000521165749690855	-0.01948782394340287	0.011688262472921984	-0.0001898005220268839	-0.03431053712102439	-0.015889493972154778	-0.0004390850030060456	-0.026101987102407298
0.0005397940427862569	-0.026540086093399085	0.01200030947070907	-0.0004394381202565967	-0.0353714969135015	-0.01183288300091756	-0.0008135414003513919	-0.026663671698424762
-0.000521165749690855	-0.032718616649590304	0.014059819656106365	-0.0003146193211418513	-0.037992691694916036	-0.007526634431451074	-0.0010631789985808826	-0.031406786064793746
0.0003525658441139168	-0.029161280874813622	0.01811643062734314	-0.0007514851180441262	-0.04479531624668254	-0.012456976996492397	-0.000563903802121235	-0.03146919546435134
-0.0005835751492480057	-0.03140801925888326	0.02117449120565995	-0.0013131697140613685	-0.049975296409953573	-0.015015762378349562	-0.001000769599023732	-0.03458966544222575
0.0005397940427862569	-0.031720066256670565	0.03502937790742222	-2.572323354099737e-06	-0.05490563897499534	-0.016201540969942307	-0.0003142662038913002	-0.03477689364089809
0.0005397940427862569	-0.031220791060210695	0.037026478693262366	-0.001001122716274061	-0.04960084001260889	-0.022192843327460965	-0.0008135414003513919	-0.038209410616560024
-0.0005835751492480057	-0.024043710111099514	0.01468391365168098	-0.0004394381202565967	-0.047915786224556944	-0.025250903905778	-0.0008135414003513919	-0.03970723620593963
0.000727022241459041	-0.030409468865963518	0.00313817473354594	-0.0001898005220268839	-0.043235081257745334	-0.02581258850179524	-0.0006887226012364245	-0.03920796100947954
-0.0007708033479205678	-0.03446607983720029	-0.01695765192396581	-0.0008138945176012768	-0.039303289085623305	-0.02893305847966965	-0.0011255883981384773	-0.04526167276655624
0.0006646128419014463	-0.027226589488531516	-0.032435183014222435	-0.0007514851180441262	-0.03480981231748426	-0.03479954203807356	-0.0014376353959260069	-0.041392289993992026
-0.0007708033479205678	-0.030908744062423388	-0.032247954815550095	-0.0010635321158316557	-0.042174121465267556	-0.03529881723453365	-0.001187997797696072	-0.04351420957894647
0.0006646128419014463	-0.03165765685711319	-0.025133283265996953	-0.001437988513176558	-0.054593591977208034	-0.04178939478851218	-0.0017496823937137584	-0.05162743152142002
-0.0008332127474786066	-0.04476363076418566	-0.029127484837675688	-0.0015003979127341527	-0.06320608911614145	-0.04041638799824754	-0.002061729391500844	-0.05780596207761146
-0.0003963469505761097	-0.03858510020799444	-0.01783138351777014	-0.0006266663189293809	-0.04704205463075195	-0.032740031852676266	-0.001000769599023732	-0.04494962576876893
0.0003525658441139168	-0.0391467848040119	-0.02195040388856495	-0.001001122716274061	-0.04198689326659544	-0.031491843861526814	-0.0015000447954838236	-0.04295252498292923
-0.0007708033479205678	-0.04345303337347839	-0.02550773966334141	-0.0011883509149470672	-0.0389288326882784	-0.027248004691617478	-0.0015000447954838236	-0.03914555160992239
0.00047738464322866214	-0.04064461039339151	-0.02394750467440443	-0.001001122716274061	-0.0405514770767732	-0.028246555084537217	-0.0013752259963684121	-0.04145469939354918
-0.000521165749690855	-0.03858510020799444	-0.019578846705380126	-0.0006890757184869756	-0.04067629587588795	-0.02930751487701455	-0.0013752259963684121	-0.0410802429962045
0.00047738464322866214	-0.03858510020799444	-0.02051498769874205	-0.0010635321158316557	-0.0409883428736757	-0.030243655870376918	-0.001000769599023732	-0.041704336991779334
-0.000521165749690855	-0.0344036704376427	-0.026319061857589032	-0.0005642569193717861	-0.03705655070155389	-0.031491843861526814	-0.0009383601994656932	-0.04089301479753216
0.0007894316410161917	-0.036525590022597365	-0.04260791514209328	-0.0011883509149470672	-0.03568354391128903	-0.030930159265509127	-0.0015000447954838236	-0.03914555160992239
0.0006022034423438516	-0.0363383618239248	-0.04235827754386334	-0.001001122716274061	-0.034622584118811695	-0.03211593785710165	-0.0013752259963684121	-0.04008169260328476
-0.0004587563501332603	-0.035901496027022306	-0.03749034437837939	-0.0006890757184869756	-0.035309087513944126	-0.029681971274359453	-0.0009383601994656932	-0.038895914011692234
0.0004149752436719556	-0.0359639054265799	-0.033371324007585024	-0.0011259415153890284	-0.038616785690491096	-0.02880823968055468	-0.0015000447954838236	-0.038396638815232365
-0.000958031546593352	-0.035589449029235	-0.03330891460802743	-0.0013131697140613685	-0.038804013889163436	-0.028496192682767152	-0.0014376353959260069	-0.0386462764134623
0.0006022034423438516	-0.0359639054265799	-0.034369874400504985	-0.0007514851180441262	-0.03630763790686409	-0.02799691748630706	-0.0008135414003513919	-0.036711585027180416
-0.0003963469505761097	-0.03446607983720029	-0.034744330797849665	-0.0006890757184869756	-0.032126208136512346	-0.02812173628542225	-0.0013752259963684121	-0.036524356828507853
0.0004149752436719556	-0.033217891846050396	-0.03511878719519457	-0.001001122716274061	-0.03231343633518491	-0.027872098687192315	-0.0012504071972536668	-0.035713034634260454
-0.0007708033479205678	-0.032344160252245624	-0.032872048811125154	-0.0006266663189293809	-0.032812711531644556	-0.026374273097812706	-0.0010631789985808826	-0.03496412183957065
-0.0005835751492480057	-0.03190729445534313	-0.031436632621302696	-0.0006890757184869756	-0.03200138933739716	-0.024564400510645346	-0.0008135414003513919	-0.03434002784399581
0.0003525658441139168	-0.03178247565622816	-0.031436632621302696	-0.0009387133167164663	-0.03125247654270735	-0.024501991111087973	-0.0014376353959260069	-0.03409039024576588
-0.0005835751492480057	-0.030659106464193675	-0.030562901027497924	-0.0005642569193717861	-0.029629832154212554	-0.02375307831639817	-0.0008759507999089866	-0.033029430453288544
0.0006646128419014463	-0.02966055607127349	-0.030375672828825806	-0.0004394381202565967	-0.028756100560408004	-0.02394030651507051	-0.0008135414003513919	-0.03196847066081121
-0.0007083939483634172	-0.029223690274371217	-0.031062176223958016	-0.0008763039171597597	-0.028256825363948135	-0.02394030651507051	-0.001187997797696072	-0.03115714846656381
0.0004149752436719556	-0.028911643276583687	-0.03068771982661289	-0.0006890757184869756	-0.02669659037501093	-0.02125670233409882	-0.0008135414003513919	-0.03028341687275904
-0.0005835751492480057	-0.02841236808012404	-0.029501941235021034	-0.0006890757184869756	-0.026821409174125677	-0.02113188353498363	-0.0011255883981384773	-0.03028341687275904
0.00047738464322866214	-0.02841236808012404	-0.027567249848738484	-0.0006890757184869756	-0.025698039982091192	-0.02038297074029405	-0.0009383601994656932	-0.029284866479839078
0.0004149752436719556	-0.025354307501807005	-0.02619424305847362	-0.0005642569193717861	-0.02407539559359595	-0.019384420347373865	-0.0010631789985808826	-0.027724631490901652
-0.00033393755101851497	-0.023482025515082494	-0.024571598669978822	-0.00012739112246906714	-0.02132938201306689	-0.017512138360649576	-0.00037667560344889495	-0.02547789310683246
0.0004149752436719556	-0.023482025515082494	-0.025133283265996953	-0.0005018475198141914	-0.020954925615721764	-0.01744972896109198	-0.0008759507999089866	-0.02547789310683246
-0.0007083939483634172	-0.022920340919064808	-0.024883645667766574	-0.00037702872069944604	-0.020455650419261673	-0.01645117856817202	-0.0007511320007937972	-0.024479342713912944
0.0006646128419014463	-0.0226082939212775	-0.0236354576766169	-0.00012739112246906714	-0.02014360342147481	-0.016076722170827118	-0.0008135414003513919	-0.024104886316567598
-0.0007083939483634172	-0.022171428124375225	-0.022948954281484468	-0.0005642569193717861	-0.01989396582324443	-0.015889493972154778	-0.0008759507999089866	-0.023668020519665545
0.0005397940427862569	-0.021796971727030323	-0.022387269685467004	-0.0005642569193717861	-0.019332281227227188	-0.015889493972154778	-0.001000769599023732	-0.023730429919222473
-0.0008332127474786066	-0.021547334128799944	-0.022200041486794442	0.00018465587531779626	-0.017896865037404952	-0.01451648718188947	-0.0003142662038913002	-0.022482241928073243
-0.0008956221470353132	-0.020860830733667513	-0.022262450886352037	-0.0006890757184869756	-0.017772046238289985	-0.014391668382775169	-0.0009383601994656932	-0.022357423128958054
0.0006022034423438516	-0.01930059574473031	-0.020452578299184898	-0.0001898005220268839	-0.01652385824714009	-0.013455527389411914	-0.0006263132016788298	-0.021296463336480942
-0.0003963469505761097	-0.018052407753580857	-0.018517886912903014	5.983707620349499e-05	-0.015275670255990415	-0.01183288300091756	-0.0003142662038913002	-0.019549000148870954
0.0005397940427862569	-0.018052407753580857	-0.01845547751334542	-0.0002522099215842566	-0.015462898454663199	-0.012207339398262684	-0.0006887226012364245	-0.019361771950198392
-0.000521165749690855	-0.01761554195667836	-0.018205839915115263	-0.0001898005220268839	-0.014776395059530767	-0.01183288300091756	-0.0006887226012364245	-0.019361771950198392
0.0005397940427862569	-0.01767795135623551	-0.01845547751334542	-0.0001898005220268839	-0.013278569470150936	-0.010522285610210735	-0.0002518568043337055	-0.01798876515993375
-0.000521165749690855	-0.016554582164200804	-0.017456927120425236	-0.00037702872069944604	-0.013528207068380427	-0.010959151407113232	-0.0008135414003513919	-0.01848804035639362
0.0004149752436719556	-0.016554582164200804	-0.016708014325735654	-2.572323354099737e-06	-0.013091341271478374	-0.010335057411537951	-0.0003142662038913002	-0.017551899363031254
0.000727022241459041	-0.01599289756818356	-0.01645837672750572	0.00012224647576020153	-0.013091341271478374	-0.010272648011980356	-0.00037667560344889495	-0.017676718162146443
-0.000521165749690855	-0.01599289756818356	-0.01633355792839053	-6.498172291169446e-05	-0.01290411307280559	-0.010085419813308016	-0.0003142662038913002	-0.01730226176480154
0.0003525658441139168	-0.016055306967741156	-0.016583195526620464	-0.0004394381202565967	-0.013028931871920557	-0.010584695009767886	-0.0007511320007937972	-0.018051174559491345
-0.0006459845488056004	-0.015181575373936385	-0.015584645133700947	-0.00012739112246906714	-0.012155200278116007	-0.009523735217291218	-0.0005014944025636403	-0.01617889257276639
0.0008518410405735644	-0.01493193777570645	-0.015085369937240856	0.00012224647576020153	-0.011718334481213732	-0.009211688219503245	-0.0004390850030060456	-0.01617889257276639
-0.0007083939483634172	-0.014432662579246358	-0.01483573233901092	-0.00012739112246906714	-0.01153110628254117	-0.009336507018618434	-0.0004390850030060456	-0.01661575836966933
0.0006022034423438516	-0.014682300177476293	-0.01489814173856896	-0.0006266663189293809	-0.009970871293603967	-0.007651453230566263	-0.00037667560344889495	-0.014743476382944376
-0.0007083939483634172	-0.013434112186326397	-0.013899591345648998	-0.0051201430870686515	-0.01022050889183368	-0.008088319027468316	-0.0002518568043337055	-0.014993113981174533
-0.0008332127474786066	-0.013434112186326397	-0.013899591345648998	-0.003934364495475684	-0.010095690092718934	-0.008025909627911165	-0.0006887226012364245	-0.015055523380732128
0.0007894316410161917	-0.013246883987654279	-0.013213087950516123	-0.0005642569193717861	-0.009721233695374032	-0.007589043831008446	-6.462860566092132e-05	-0.014493838784714441
-0.0007083939483634172	-0.01312206518853909	-0.013088269151401377	-0.0019996731091942443	-0.009970871293603967	-0.007651453230566263	-0.0004390850030060456	-0.014493838784714441
0.0006022034423438516	-0.0129972463894239	-0.012901040952729037	-0.0004394381202565967	-0.009846052494488555	-0.007901090828795976	-0.0003142662038913002	-0.014119382387369761
-0.000521165749690855	-0.012685199391636814	-0.01258899395494173	-0.0002522099215842566	-0.009471596097144097	-0.007276996833221139	-0.0006887226012364245	-0.01480588578250197
0.00029015644455676615	-0.013246883987654279	-0.013462725548745835	-0.0008763039171597597	-0.008348226905109168	-0.006528084038531112	-0.0002518568043337055	-0.01330806019312214
-0.0006459845488056004	-0.011936286596946788	-0.012027309358924043	-0.002686176504326454	-0.008597864503339325	-0.006652902837646302	-0.0003142662038913002	-0.013370469592679735
0.0006022034423438516	-0.011811467797832043	-0.011528034162464174	-0.0013131697140613685	-0.008160998706436828	-0.006278446440301622	-0.00018944740477655486	-0.013058422594891983
0.00047738464322866214	-0.011749058398274448	-0.011590443562021768	-0.001001122716274061	-0.00853545510378173	-0.006652902837646302	-0.0004390850030060456	-0.01343287899223733
-0.0005835751492480057	-0.011749058398274448	-0.011590443562021768	-0.0028109953034409774	-0.008597864503339325	-0.006590493438088707	-0.00018944740477655486	-0.013245650793564767
0.0006022034423438516	-0.010064004610222499	-0.009593342776181624	-0.0034350892990162585	-0.006600763717499625	-0.004967849049594353	-0.00018944740477655486	-0.01149818760595478
-0.0007708033479205678	-0.007068353431462393	-0.006535282197865033	-0.05030454836668996	-0.003168246741837688	-0.0022218354690644038	-0.00018944740477655486	-0.008627355226310529
0.0005397940427862569	-0.008254132023055138	-0.007783470189014485	-0.03233064129413332	-0.004478844132544513	-0.0035948422593290452	6.019019345382404e-05	-0.008627355226310529
-0.000521165749690855	-0.007193172230578027	-0.006722510396537373	-0.03726098385917487	0.0024485992183362892	0.002084413100402527	0.0003722371912411315	-0.003821831460383951
0.0007894316410161917	-0.0023252390650936317	-0.0014801208337085203	-0.07551794578791537	-0.00042223316130796107	-0.00022473468322470325	-0.00018944740477655486	-0.006193388643568554
-0.0007708033479205678	-0.004759205647835607	-0.003914087416450052	-0.07008832802641374	-0.00042223316130796107	-0.0001623252836675526	-6.462860566092132e-05	-0.006130979244010959
-0.0004587563501332603	-0.005196071444738326	-0.004288543813795398	-0.057731266914030854	-0.0008590989582109021	-0.00047437228145508215	0.00018500899256879144	-0.006380616842240894
0.00047738464322866214	-0.00020331948013918577	0.0012658927468209846	-0.13231049938522954	0.004944975200635859	0.0037694668884544758	-2.219206104214777e-06	-0.0017623212749864337
-0.000521165749690855	0.0022306471026027896	0.003949496927793117	-0.15359210463433315	0.007690988781165142	0.0061410240716388564	0.0003098277916835368	0.0008588735064278818
0.00047738464322866214	-0.0007025946765992774	0.0005793893516887749	-0.11233949152683342	0.0038840154081583034	0.0029581446942068546	-0.00012703800521896014	-0.003010509266136774
-0.0004587563501332603	-0.0015763262704036052	-0.00029434224211621896	-0.08057310715207167	0.0031975120130258716	0.0023964600981896123	6.019019345382404e-05	-0.0015750930763145377
0.0005397940427862569	-0.00014091008058159105	0.0013283021463785794	-0.08238297973923903	-0.002356924547590511	-0.001972197870834691	-0.0003142662038913002	-0.007379167235160855
-0.0007708033479205678	-0.006257031237215216	-0.005287094206715359	-0.026963432932189058	-0.0019824681502451647	-0.001535332073931972	0.00024741839212638617	-0.007191939036488071
0.0009142504401318252	-0.005882574839870314	-0.00516227540760017	-0.026276929537056626	-0.0016704211524580792	-0.001348103875259854	6.019019345382404e-05	-0.0070671202373735476
0.0003525658441139168	-0.006194621837658065	-0.005474322405387255	-0.018350935793255863	-0.002169696348917949	-0.001784969672162351	-0.0002518568043337055	-0.00744157663471845
-0.0005835751492480057	-0.006007393638985503	-0.0054119130058296605	-0.009176754058304981	-0.002169696348917949	-0.0014729226743748214	-0.00018944740477655486	-0.007129529636930476
0.000727022241459041	-0.006194621837658065	-0.005474322405387255	-0.0021869013078665844	-0.002107286949360132	-0.0017225602726047562	0.00012259959301097467	-0.0075039860342760445
-0.0008332127474786066	-0.006319440636772811	-0.005661550604060039	-0.0021869013078665844	-0.0024193339471481057	-0.001972197870834691	-0.00037667560344889495	-0.006942301438258358
0.000727022241459041	-0.005944984239427686	-0.005099866008043019	-0.0012507603145037738	-0.0020448775498027594	-0.0015977414734895667	-2.219206104214777e-06	-0.006817482639143169
-0.0005835751492480057	-0.005570527842083228	-0.0052246848071577645	-0.0005642569193717861	-0.0013583741546705497	-0.001348103875259854	-2.219206104214777e-06	-0.006755073239586018
0.000727022241459041	-0.0055081184425256335	-0.00497504720892783	0.00012224647576020153	-0.0011087365564403928	-0.0008488286787999844	6.019019345382404e-05	-0.006255798043126148
-0.0005835751492480057	-0.0053208902438535155	-0.0046005908115829275	0.00043429347354773107	-0.0011087365564403928	-0.0007864192792423896	-6.462860566092132e-05	-0.006193388643568554
-0.0004587563501332603	-0.004696796248278456	-0.004101315615122836	0.0004967028731057699	-0.0004846425608655558	-0.0003495534823398927	0.00024741839212638617	-0.005756522846666057
0.00047738464322866214	-0.004821615047393202	-0.004226134414237803	0.00012224647576020153	-0.0008590989582109021	-0.0006616004801276443	-0.00018944740477655486	-0.005943751045338397
-0.0005835751492480057	-0.004197521051818365	-0.0037268592177777116	0.00043429347354773107	-0.00017259556307847035	-3.750648455236316e-05	6.019019345382404e-05	-0.00531965704976356
0.0006646128419014463	-0.004072702252703175	-0.003414812219990182	0.0005591122726633646	0.00013945143470905919	0.00014972171411997692	0.00012259959301097467	-0.005070019451533625
-0.0007708033479205678	-0.004010292853146469	-0.0035396310191058156	0.0003094746744329857	0.0002018608342666539	8.73123145623822e-05	-6.462860566092132e-05	-0.005132428851090776
0.0006022034423438516	-0.004010292853146469	-0.003414812219990182	0.00043429347354773107	0.0005763172316120002	0.0005241781114648791	0.00024741839212638617	-0.004508334855516383
-0.0004587563501332603	-0.0035734270562430837	-0.0031027652222033186	0.0003094746744329857	0.0002018608342666539	2.4902915004787474e-05	-0.00018944740477655486	-0.005070019451533625
0.00047738464322866214	-0.0038854740540308352	-0.0029155370235305345	0.00037188407399058043	0.0005139078320544055	0.0005241781114648791	6.019019345382404e-05	-0.004570744255073755
0.0010390692392463485	-0.0030117424602262854	-0.002416261827070887	0.0010583874691234563	0.0008883642293990857	0.0010234533079247488	0.0004970559903558769	-0.004133878458171258
-0.000958031546593352	-0.003698245855358495	-0.003040355822645724	-2.572323354099737e-06	0.0005763172316120002	0.0002121311136773496	-0.0003142662038913002	-0.004882791252861285
0.0004149752436719556	-0.0036358364558006784	-0.002790718224415345	0.00018465587531779626	0.00045149843249681076	0.0002121311136773496	-0.0002518568043337055	-0.00482038185330369
-0.0006459845488056004	-0.003074151859783214	-0.002416261827070887	0.0004967028731057699	0.0009507736289562363	0.0008362251092524087	6.019019345382404e-05	-0.004009059659056069
0.0008518410405735644	-0.0027621048619959065	-0.0021042148292833573	0.0007463404713359267	0.0013252300263015826	0.0010234533079247488	-0.00012703800521896014	-0.004196287857728853
-0.0007708033479205678	-0.003074151859783214	-0.0024786712266284816	0.000247065274875391	0.0010755924280718698	0.0007114063101367751	6.019019345382404e-05	-0.004133878458171258
0.0006022034423438516	-0.0030117424602262854	-0.0022914430279556974	0.00037188407399058043	0.0011380018276287984	0.0010858627074825655	-0.00012703800521896014	-0.003759422060826356
-0.0007083939483634172	-0.0028245142615535013	-0.0016049396328232657	0.0005591122726633646	0.001637277024088668	0.001397909705269651	6.019019345382404e-05	-0.0035097844625964214
-0.0005835751492480057	-0.0023252390650936317	-0.0014801208337085203	0.00043429347354773107	0.0017620958232038575	0.0014603191048272457	0.00018500899256879144	-0.0033225562639240813
0.0005397940427862569	-0.002450057864208821	-0.0016049396328232657	0.00043429347354773107	0.001450048825416328	0.0011482721070401603	-0.00012703800521896014	-0.003572193862153572
-0.0004587563501332603	-0.0019507826677487294	-0.0009808456372484287	0.0006839310717778879	0.0020117334214335703	0.0016475473035000299	0.0003098277916835368	-0.002948099866578957
0.00047738464322866214	-0.0023876484646512264	-0.001355302034593775	0.000247065274875391	0.0015124582249743668	0.0010234533079247488	-0.00012703800521896014	-0.002948099866578957
-0.0006459845488056004	-0.0018883732681911347	-0.0011680738359209908	0.0004967028731057699	0.0018245052227612302	0.0015851379039424351	0.0003722371912411315	-0.0028856904670215844
0.0007894316410161917	-0.0017011450695187946	-0.0007936174385760886	0.0008087498708930774	0.0019493240218764196	0.0014603191048272457	-2.219206104214777e-06	-0.003010509266136774
-0.0006459845488056004	-0.002013192067306324	-0.001105664436363618	0.0005591122726633646	0.002074142820991609	0.0017723661026145532	6.019019345382404e-05	-0.002948099866578957
0.0006646128419014463	-0.0017635544690763894	-0.0006063892399037485	0.0005591122726633646	0.0024485992183362892	0.002022003700844488	0.00024741839212638617	-0.0024488246701188654
0.0004149752436719556	-0.002013192067306324	-0.0009184362376908339	0.00018465587531779626	0.0018245052227612302	0.0013355003057120562	-0.0002518568043337055	-0.0031353280652517412
-0.0005835751492480057	-0.0013266886721738924	-0.00023193284255862423	0.0004967028731057699	0.0026358274170088514	0.002084413100402527	0.00018500899256879144	-0.0024488246701188654
0.00047738464322866214	-0.0015139168708464545	-0.0005439798403457097	0.0004967028731057699	0.002261371019663949	0.0017723661026145532	-0.00012703800521896014	-0.0026360528687916496
-0.00027152815146092024	-0.0010770510739435135	-4.47046438860621e-05	0.0007463404713359267	0.002947874414795937	0.0025212788973043576	0.0005594653899134716	-0.0026984622683492443
0.0005397940427862569	-0.0014515074712888598	-0.0006063892399037485	0.0003094746744329857	0.0023861898187791386	0.0017723661026145532	6.019019345382404e-05	-0.0023864152705617148
-0.0007083939483634172	-0.001389098071731265	-0.00048157044078900313	0.00037188407399058043	0.002698236816566446	0.002084413100402527	0.0003722371912411315	-0.002324005871004342
0.0006646128419014463	-0.0011394604735015523	-0.00010711404344365683	0.00012224647576020153	0.0023237804192211	0.001834775502172148	-6.462860566092132e-05	-0.0024488246701188654
-0.0007708033479205678	-0.0014515074712888598	-0.00029434224211621896	0.00043429347354773107	0.0024485992183362892	0.0018971849017297426	-2.219206104214777e-06	-0.002511234069676904
-0.0005835751492480057	-0.0009522322748287682	-0.00016952344300125155	0.0006215216722202932	0.0028230556156811915	0.002458869497746763	0.00024741839212638617	-0.0018247306745444725
0.0006646128419014463	-0.0012642792726162977	-0.00016952344300125155	0.0005591122726633646	0.0028230556156811915	0.0021468224999601215	0.00018500899256879144	-0.0021991870718891526
-0.0005835751492480057	-0.001201869873058703	-0.00023193284255862423	0.0004967028731057699	0.0026358274170088514	0.0023340506986320175	0.00012259959301097467	-0.0020119588732168125
0.0006646128419014463	-0.0011394604735015523	-0.00010711404344365683	0.0004967028731057699	0.0025734180174514787	0.0021468224999601215	6.019019345382404e-05	-0.001887140074101623
-0.0006459845488056004	-0.0010146416743863629	-0.00023193284255862423	0.0004967028731057699	0.002698236816566446	0.0023964600981896123	0.0003098277916835368	-0.0019495494736592178
0.000727022241459041	-0.0010146416743863629	0.00014252355478627798	0.0007463404713359267	0.0025734180174514787	0.002084413100402527	-6.462860566092132e-05	-0.002136777672331558
-0.0007083939483634172	-0.001201869873058703	-0.00010711404344365683	0.0008087498708930774	0.002885465015238786	0.002458869497746763	0.0003722371912411315	-0.0018247306745444725
0.0008518410405735644	-0.0008274134757140228	0.00014252355478627798	0.0004967028731057699	0.0030102838143535315	0.0023964600981896123	0.00024741839212638617	-0.001699911875429727
0.00047738464322866214	-0.0010770510739435135	-0.00010711404344365683	0.00043429347354773107	0.0026358274170088514	0.0021468224999601215	6.019019345382404e-05	-0.0020119588732168125
-0.0007083939483634172	-0.0010146416743863629	-0.00010711404344365683	0.0003094746744329857	0.0028230556156811915	0.0023964600981896123	-2.219206104214777e-06	-0.0018247306745444725
0.0006646128419014463	-0.0008898228752711734	8.011415522868326e-05	0.0006215216722202932	0.003135102613468721	0.0025212788973043576	0.00024741839212638617	-0.0016375024758721324
-0.0006459845488056004	-0.0009522322748287682	1.7704755671088535e-05	0.00043429347354773107	0.002947874414795937	0.0025212788973043576	0.00012259959301097467	-0.0017623212749864337
0.0006022034423438516	-0.0008898228752711734	8.011415522868326e-05	0.0004967028731057699	0.002885465015238786	0.0023340506986320175	0.00024741839212638617	-0.0013254554780843808
-0.000521165749690855	-0.0006401852770416827	0.00032975175345906216	0.0006215216722202932	0.0030726932139115704	0.0023964600981896123	6.019019345382404e-05	-0.0017623212749864337
0.00047738464322866214	-0.0008274134757140228	0.00020493295434342862	0.00043429347354773107	0.003135102613468721	0.0025836882968619523	0.00018500899256879144	-0.0014502742771993482
-0.000521165749690855	-0.0007025946765992774	1.7704755671088535e-05	0.0004967028731057699	0.002885465015238786	0.002458869497746763	-6.462860566092132e-05	-0.001699911875429727
-0.0004587563501332603	-0.0005777758774836439	0.0003921611530157687	0.0006215216722202932	0.0034471496112560285	0.002833325895092109	0.0003722371912411315	-0.001263046078526786
0.0005397940427862569	-0.0010146416743863629	-0.00010711404344365683	0.00037188407399058043	0.002885465015238786	0.002271641299074423	6.019019345382404e-05	-0.0017623212749864337
-0.0005835751492480057	-0.0007025946765992774	8.011415522868326e-05	0.0005591122726633646	0.0030726932139115704	0.0025836882968619523	6.019019345382404e-05	-0.0013878648776419755
0.0006022034423438516	-0.0009522322748287682	1.7704755671088535e-05	0.0005591122726633646	0.0030726932139115704	0.0023964600981896123	0.00012259959301097467	-0.0014502742771993482
-0.0004587563501332603	-0.0007025946765992774	0.00014252355478627798	0.0005591122726633646	0.0032599214125839104	0.002646097696419547	-6.462860566092132e-05	-0.0017623212749864337
0.00047738464322866214	-0.0009522322748287682	-0.00016952344300125155	0.00043429347354773107	0.003322330812141061	0.002833325895092109	0.00043464659079828216	-0.0011382272794120407
-0.0003963469505761097	-0.0005777758774836439	0.0003921611530157687	0.0005591122726633646	0.002947874414795937	0.0023340506986320175	0.00018500899256879144	-0.001699911875429727
0.0006022034423438516	-0.0008898228752711734	-4.47046438860621e-05	0.00043429347354773107	0.0028230556156811915	0.0023340506986320175	6.019019345382404e-05	-0.0016375024758721324
0.0007894316410161917	-0.0007650040761564281	0.00026734235390146743	0.0007463404713359267	0.0031975120130258716	0.0025212788973043576	0.0003722371912411315	-0.0014502742771993482
-0.000958031546593352	-0.0013266886721738924	-0.0006687986394608991	-0.00012739112246906714	0.0023237804192211	0.0017723661026145532	-0.0005014944025636403	-0.0021991870718891526
0.0009142504401318252	-0.0007650040761564281	0.00020493295434342862	0.0008087498708930774	0.0032599214125839104	0.0025212788973043576	0.00043464659079828216	-0.0013878648776419755
-0.0007083939483634172	-0.0008898228752711734	-0.00016952344300125155	0.00037188407399058043	0.0028230556156811915	0.002271641299074423	-6.462860566092132e-05	-0.001512683676756943
0.000727022241459041	-0.0007650040761564281	0.00026734235390146743	0.0006839310717778879	0.003135102613468721	0.0023340506986320175	0.00024741839212638617	-0.001263046078526786
-0.000521165749690855	-0.0007025946765992774	0.00026734235390146743	0.0005591122726633646	0.0026358274170088514	0.0019595943012873374	-0.0002518568043337055	-0.001887140074101623
0.00047738464322866214	-0.0009522322748287682	-0.00010711404344365683	0.0008087498708930774	0.0034471496112560285	0.0027085070959769197	0.0005594653899134716	-0.0010134084802972954
-0.00027152815146092024	-0.0004529570783691206	-0.00010711404344365683	0.0003094746744329857	0.002698236816566446	0.0019595943012873374	-6.462860566092132e-05	-0.0019495494736592178
-0.0006459845488056004	-0.0008898228752711734	0.00014252355478627798	0.00037188407399058043	0.002947874414795937	0.002271641299074423	6.019019345382404e-05	-0.001512683676756943
0.0006646128419014463	-0.0007650040761564281	0.00020493295434342862	0.0006215216722202932	0.002885465015238786	0.002271641299074423	0.00012259959301097467	-0.001512683676756943
-0.000521165749690855	-0.0005777758774836439	0.0004545705525738075	0.0006215216722202932	0.0032599214125839104	0.0025836882968619523	0.0003098277916835368	-0.0012006366789696354
0.000727022241459041	-0.0006401852770416827	0.00032975175345906216	0.0008087498708930774	0.003135102613468721	0.0025212788973043576	0.0003722371912411315	-0.0017623212749864337
-0.0008332127474786066	-0.0008898228752711734	-0.00010711404344365683	0.00018465587531779626	0.0026358274170088514	0.002022003700844488	0.0005594653899134716	-0.001075817879854446
0.0009142504401318252	-0.0003281382792543752	0.0006417987512463696	0.0009335686700078227	0.0028230556156811915	0.0021468224999601215	-2.219206104214777e-06	-0.0014502742771993482
-0.0007708033479205678	-0.0008274134757140228	0.00026734235390146743	0.00037188407399058043	0.0026358274170088514	0.002022003700844488	-6.462860566092132e-05	-0.0017623212749864337
0.0005397940427862569	-0.0007650040761564281	0.0006417987512463696	0.0008087498708930774	0.003322330812141061	0.0025836882968619523	0.0004970559903558769	-0.0010134084802972954
0.00047738464322866214	-0.0008898228752711734	8.011415522868326e-05	0.00037188407399058043	0.0026358274170088514	0.0018971849017297426	-6.462860566092132e-05	-0.0017623212749864337
-0.0005835751492480057	-0.0007025946765992774	0.0003921611530157687	0.00043429347354773107	0.002885465015238786	0.002271641299074423	0.00012259959301097467	-0.0014502742771993482
0.0004149752436719556	-0.0008898228752711734	1.7704755671088535e-05	0.00037188407399058043	0.00251100861789344	0.0018971849017297426	-0.0002518568043337055	-0.001887140074101623
-0.00033393755101851497	-0.0004529570783691206	0.0007666175503615591	0.0008087498708930774	0.003384740211698656	0.002646097696419547	0.0005594653899134716	-0.001512683676756943
0.0006646128419014463	-0.0006401852770416827	0.00032975175345906216	0.0006215216722202932	0.002760646216124041	0.002084413100402527	-2.219206104214777e-06	-0.001512683676756943
-0.0006459845488056004	-0.0006401852770416827	0.00020493295434342862	0.00037188407399058043	0.0030102838143535315	0.002271641299074423	0.00043464659079828216	-0.0014502742771993482
0.0007894316410161917	-0.0006401852770416827	0.0005793893516887749	0.0003094746744329857	0.0024485992183362892	0.0018971849017297426	-2.219206104214777e-06	-0.0017623212749864337
-0.0007708033479205678	-0.0008898228752711734	0.00020493295434342862	0.0004967028731057699	0.0025734180174514787	0.0018971849017297426	0.00012259959301097467	-0.0017623212749864337
-0.0006459845488056004	-0.0007650040761564281	0.00020493295434342862	0.0004967028731057699	0.00251100861789344	0.002084413100402527	0.00012259959301097467	-0.001512683676756943
0.0006646128419014463	-0.0007650040761564281	0.0003921611530157687	0.0006839310717778879	0.0026358274170088514	0.002084413100402527	0.00024741839212638617	-0.001512683676756943
-0.0006459845488056004	-0.0009522322748287682	1.7704755671088535e-05	0.0003094746744329857	0.0024485992183362892	0.0019595943012873374	6.019019345382404e-05	-0.0016375024758721324
0.00047738464322866214	-0.0008898228752711734	-4.47046438860621e-05	0.0004967028731057699	0.002261371019663949	0.0018971849017297426	-2.219206104214777e-06	-0.0012006366789696354
-0.0004587563501332603	-0.0006401852770416827	0.00032975175345906216	0.0006839310717778879	0.002947874414795937	0.0023964600981896123	-6.462860566092132e-05	-0.0019495494736592178
0.0005397940427862569	-0.0010770510739435135	-0.00016952344300125155	0.0003094746744329857	0.0024485992183362892	0.002022003700844488	0.00018500899256879144	-0.001512683676756943
-0.0006459845488056004	-0.0009522322748287682	0.00020493295434342862	0.0005591122726633646	0.0023861898187791386	0.0018971849017297426	6.019019345382404e-05	-0.001699911875429727
0.000727022241459041	-0.0007650040761564281	0.00020493295434342862	0.0004967028731057699	0.0026358274170088514	0.0021468224999601215	0.00024741839212638617	-0.0014502742771993482
0.0005397940427862569	-0.0010770510739435135	-0.00010711404344365683	0.00037188407399058043	0.002261371019663949	0.0016475473035000299	-6.462860566092132e-05	-0.0019495494736592178
-0.000521165749690855	-0.0006401852770416827	0.00014252355478627798	0.0006839310717778879	0.0026358274170088514	0.002271641299074423	0.0003098277916835368	-0.0013254554780843808
0.0006022034423438516	-0.0009522322748287682	8.011415522868326e-05	0.0006215216722202932	0.0025734180174514787	0.002022003700844488	0.00018500899256879144	-0.0016375024758721324
-0.0007708033479205678	-0.0010770510739435135	-0.00029434224211621896	0.00018465587531779626	0.002261371019663949	0.0017723661026145532	-2.219206104214777e-06	-0.0018247306745444725
0.0005397940427862569	-0.0010770510739435135	-0.00010711404344365683	0.00037188407399058043	0.002261371019663949	0.0017099567030569585	0.00024741839212638617	-0.001263046078526786
-0.000521165749690855	-0.0006401852770416827	8.011415522868326e-05	0.0006215216722202932	0.0023861898187791386	0.001834775502172148	6.019019345382404e-05	-0.0017623212749864337
0.0005397940427862569	-0.0010770510739435135	-4.47046438860621e-05	0.0005591122726633646	0.002698236816566446	0.0021468224999601215	0.0003722371912411315	-0.001263046078526786
-0.000521165749690855	-0.0007650040761564281	8.011415522868326e-05	0.0005591122726633646	0.0023861898187791386	0.0019595943012873374	6.019019345382404e-05	-0.0015750930763145377
-0.0005835751492480057	-0.0007025946765992774	0.00026734235390146743	0.0005591122726633646	0.0028230556156811915	0.002271641299074423	0.00024741839212638617	-0.001263046078526786
0.0005397940427862569	-0.0010146416743863629	-0.00010711404344365683	0.00037188407399058043	0.0023861898187791386	0.001834775502172148	-2.219206104214777e-06	-0.0015750930763145377
-0.0005835751492480057	-0.0007025946765992774	8.011415522868326e-05	0.00043429347354773107	0.0026358274170088514	0.002209231899516828	0.00018500899256879144	-0.0013878648776419755
0.0007894316410161917	-0.0006401852770416827	0.00026734235390146743	0.0007463404713359267	0.002947874414795937	0.002209231899516828	0.00024741839212638617	-0.0012006366789696354
-0.0005835751492480057	-0.0008274134757140228	8.011415522868326e-05	0.00043429347354773107	0.002698236816566446	0.002209231899516828	6.019019345382404e-05	-0.001512683676756943
0.000727022241459041	-0.0008898228752711734	8.011415522868326e-05	0.00043429347354773107	0.0025734180174514787	0.0021468224999601215	-2.219206104214777e-06	-0.001263046078526786
-0.0008332127474786066	-0.0007650040761564281	8.011415522868326e-05	0.0008087498708930774	0.0030726932139115704	0.002458869497746763	0.00043464659079828216	-0.0008885896811816618
0.0008518410405735644	-0.00039054767881108177	0.00014252355478627798	0.0003094746744329857	0.002698236816566446	0.002084413100402527	-2.219206104214777e-06	-0.001263046078526786
0.0006022034423438516	-0.0007650040761564281	0.00014252355478627798	0.00043429347354773107	0.0026358274170088514	0.002084413100402527	6.019019345382404e-05	-0.0013254554780843808
-0.0004587563501332603	-0.0004529570783691206	0.0005169799521311802	0.0007463404713359267	0.0032599214125839104	0.0025836882968619523	0.00043464659079828216	-0.0007637708820669165
0.0004149752436719556	-0.0010146416743863629	-4.47046438860621e-05	0.000247065274875391	0.0024485992183362892	0.0017723661026145532	-0.00012703800521896014	-0.0015750930763145377
-0.000521165749690855	-0.0005153664779264933	0.0004545705525738075	0.0005591122726633646	0.0030102838143535315	0.0023964600981896123	0.0003098277916835368	-0.0011382272794120407
0.0006646128419014463	-0.0005777758774836439	0.00020493295434342862	0.0005591122726633646	0.002698236816566446	0.002271641299074423	0.00024741839212638617	-0.0009509990807392565
-0.0005835751492480057	-0.0005777758774836439	0.0004545705525738075	0.0005591122726633646	0.002947874414795937	0.002271641299074423	0.00024741839212638617	-0.0010134084802972954
0.0007894316410161917	-0.0004529570783691206	0.0003921611530157687	0.00037188407399058043	0.0026358274170088514	0.002209231899516828	-6.462860566092132e-05	-0.0011382272794120407
-0.0008332127474786066	-0.0006401852770416827	0.0005793893516887749	0.0006215216722202932	0.002947874414795937	0.0023340506986320175	0.00024741839212638617	-0.001075817879854446
-0.0004587563501332603	-0.0004529570783691206	0.0003921611530157687	0.0004967028731057699	0.0028230556156811915	0.002271641299074423	0.00018500899256879144	-0.0009509990807392565
0.0005397940427862569	-0.0005777758774836439	0.00020493295434342862	0.0005591122726633646	0.002698236816566446	0.002084413100402527	6.019019345382404e-05	-0.001263046078526786
-0.0004587563501332603	-0.00039054767881108177	0.0006417987512463696	0.0006839310717778879	0.003135102613468721	0.002458869497746763	0.0003722371912411315	-0.0008261802816249553
0.00047738464322866214	-0.0007025946765992774	0.00014252355478627798	0.00043429347354773107	0.0024485992183362892	0.001834775502172148	-6.462860566092132e-05	-0.0013878648776419755
-0.0007708033479205678	-0.0007025946765992774	8.011415522868326e-05	0.00018465587531779626	0.0023861898187791386	0.0018971849017297426	0.0005594653899134716	-0.0007637708820669165
0.0008518410405735644	-0.0003281382792543752	0.0007042081508030762	0.0008711592704506721	0.00251100861789344	0.0019595943012873374	-6.462860566092132e-05	-0.0013254554780843808
-0.0008332127474786066	-0.0008274134757140228	1.7704755671088535e-05	0.0006839310717778879	0.002760646216124041	0.0021468224999601215	0.00024741839212638617	-0.0012006366789696354
0.0007894316410161917	-0.0005153664779264933	0.00026734235390146743	0.00043429347354773107	0.0025734180174514787	0.0021468224999601215	0.00012259959301097467	-0.001075817879854446
0.0006646128419014463	-0.0005777758774836439	0.0003921611530157687	0.0006215216722202932	0.002698236816566446	0.002084413100402527	0.00018500899256879144	-0.001263046078526786
-0.0007083939483634172	-0.0007025946765992774	0.00020493295434342862	0.00037188407399058043	0.00251100861789344	0.001834775502172148	6.019019345382404e-05	-0.0013254554780843808
0.0006022034423438516	-0.0007025946765992774	0.00026734235390146743	0.0004967028731057699	0.0023861898187791386	0.001834775502172148	6.019019345382404e-05	-0.0013878648776419755
-0.0003963469505761097	-0.00039054767881108177	0.0005793893516887749	0.0007463404713359267	0.002885465015238786	0.002458869497746763	0.0003722371912411315	-0.0016375024758721324
0.0004149752436719556	-0.0009522322748287682	-4.47046438860621e-05	0.0003094746744329857	0.002261371019663949	0.0016475473035000299	6.019019345382404e-05	-0.0011382272794120407
-0.0006459845488056004	-0.0006401852770416827	8.011415522868326e-05	0.00043429347354773107	0.0028230556156811915	0.002209231899516828	0.00043464659079828216	-0.001075817879854446
0.0007894316410161917	-0.0006401852770416827	0.0004545705525738075	0.00018465587531779626	0.0023237804192211	0.0017723661026145532	-0.00012703800521896014	-0.0014502742771993482
-0.0007708033479205678	-0.0008274134757140228	0.00014252355478627798	0.00043429347354773107	0.002261371019663949	0.0017099567030569585	-2.219206104214777e-06	-0.001512683676756943
-0.0006459845488056004	-0.0005777758774836439	0.00026734235390146743	0.0004967028731057699	0.0023861898187791386	0.002022003700844488	0.00012259959301097467	-0.0012006366789696354
0.0009142504401318252	-0.00039054767881108177	0.0007666175503615591	0.0008711592704506721	0.002885465015238786	0.002271641299074423	0.0005594653899134716	-0.0010134084802972954
-0.0008332127474786066	-0.0008898228752711734	1.7704755671088535e-05	0.00018465587531779626	0.0021989616201063544	0.0016475473035000299	-0.00012703800521896014	-0.001512683676756943
0.0006022034423438516	-0.0005153664779264933	0.00032975175345906216	0.0006839310717778879	0.0024485992183362892	0.001834775502172148	0.00012259959301097467	-0.0007013614825095438
-0.0003963469505761097	-0.0003281382792543752	0.0007666175503615591	0.0008087498708930774	0.0030726932139115704	0.002458869497746763	-0.0002518568043337055	-0.0017623212749864337
0.00029015644455676615	-0.0010770510739435135	-0.00016952344300125155	0.00012224647576020153	0.0024485992183362892	0.002022003700844488	0.00012259959301097467	-0.0011382272794120407
-0.0005835751492480057	-0.0005777758774836439	0.00026734235390146743	0.0005591122726633646	0.0023237804192211	0.0018971849017297426	6.019019345382404e-05	-0.001263046078526786
0.0006022034423438516	-0.0005777758774836439	0.0007666175503615591	0.0008711592704506721	0.0030102838143535315	0.0023964600981896123	0.0006218747894710663	-0.0007013614825095438
0.0004149752436719556	-0.0008274134757140228	8.011415522868326e-05	0.000247065274875391	0.0021989616201063544	0.0015227285043848404	-0.00018944740477655486	-0.0016375024758721324
-0.0005835751492480057	-0.00039054767881108177	0.0003921611530157687	0.0004967028731057699	0.0025734180174514787	0.002084413100402527	0.00024741839212638617	-0.0009509990807392565
0.0005397940427862569	-0.0005777758774836439	0.00020493295434342862	0.00043429347354773107	0.0023237804192211	0.001834775502172148	-6.462860566092132e-05	-0.0013254554780843808
-0.0003963469505761097	-0.0002657288796967805	0.0007666175503615591	0.0007463404713359267	0.0030102838143535315	0.002458869497746763	0.0004970559903558769	-0.0013878648776419755
0.0006022034423438516	-0.0006401852770416827	0.00020493295434342862	0.00043429347354773107	0.0023861898187791386	0.0017723661026145532	0.00024741839212638617	-0.0008261802816249553
-0.0005835751492480057	-0.0003281382792543752	0.0004545705525738075	0.0005591122726633646	0.0026358274170088514	0.002022003700844488	0.0003098277916835368	-0.001075817879854446
0.0006646128419014463	-0.0005777758774836439	0.0003921611530157687	0.0004967028731057699	0.0026358274170088514	0.0021468224999601215	0.00018500899256879144	-0.0008885896811816618
-0.0005835751492480057	-0.00039054767881108177	1.7704755671088535e-05	0.00037188407399058043	0.002261371019663949	0.0017099567030569585	-0.00012703800521896014	-0.0013254554780843808
-0.0004587563501332603	-0.0002657288796967805	0.0007666175503615591	0.0007463404713359267	0.0030726932139115704	0.0023964600981896123	0.00043464659079828216	-0.000638952082951949
0.0004149752436719556	-0.0007025946765992774	0.00026734235390146743	0.00037188407399058043	0.0023237804192211	0.0017723661026145532	-6.462860566092132e-05	-0.0013254554780843808
-0.0005835751492480057	-0.0004529570783691206	0.0004545705525738075	0.00037188407399058043	0.0026358274170088514	0.002084413100402527	0.00012259959301097467	-0.0009509990807392565
0.00047738464322866214	-0.0004529570783691206	0.00032975175345906216	0.0005591122726633646	0.0023861898187791386	0.0018971849017297426	-6.462860566092132e-05	-0.0004517238842791649
-0.00033393755101851497	-0.00020331948013918577	0.0007666175503615591	0.0007463404713359267	0.0030726932139115704	0.0025212788973043576	-0.0002518568043337055	-0.001512683676756943
0.00047738464322866214	-0.0007650040761564281	8.011415522868326e-05	0.000247065274875391	0.0025734180174514787	0.002084413100402527	0.00012259959301097467	-0.0008261802816249553
-0.0006459845488056004	-0.0004529570783691206	0.00026734235390146743	0.0004967028731057699	0.00251100861789344	0.002022003700844488	0.00018500899256879144	-0.0011382272794120407
0.0006646128419014463	-0.0006401852770416827	0.00032975175345906216	0.0004967028731057699	0.0026358274170088514	0.002084413100402527	0.00018500899256879144	-0.0008261802816249553
0.00047738464322866214	-0.0005777758774836439	0.00014252355478627798	0.00037188407399058043	0.0021989616201063544	0.001834775502172148	-6.462860566092132e-05	-0.0012006366789696354
-0.0005835751492480057	-0.00039054767881108177	0.0005793893516887749	0.0006215216722202932	0.0028230556156811915	0.0023340506986320175	0.0003722371912411315	-0.0007013614825095438
0.00047738464322866214	-0.0007025946765992774	0.00014252355478627798	0.0003094746744329857	0.0023237804192211	0.0017099567030569585	-6.462860566092132e-05	-0.001263046078526786
-0.0006459845488056004	-0.0005777758774836439	0.00020493295434342862	0.0003094746744329857	0.0023861898187791386	0.0018971849017297426	6.019019345382404e-05	-0.0009509990807392565
0.0006646128419014463	-0.0004529570783691206	0.00032975175345906216	0.0006215216722202932	0.0024485992183362892	0.002022003700844488	0.00024741839212638617	-0.0007013614825095438
-0.0003963469505761097	-0.0004529570783691206	0.0004545705525738075	0.0005591122726633646	0.0023237804192211	0.0017723661026145532	6.019019345382404e-05	-0.0012006366789696354
0.0005397940427862569	-0.0007025946765992774	0.00014252355478627798	0.0003094746744329857	0.0021989616201063544	0.0018971849017297426	-0.00012703800521896014	-0.0011382272794120407
-0.0008332127474786066	-0.0007025946765992774	0.0005793893516887749	0.0007463404713359267	0.002760646216124041	0.0021468224999601215	0.0003722371912411315	-0.0008261802816249553
-0.0007708033479205678	-0.0007650040761564281	1.7704755671088535e-05	0.00018465587531779626	0.002261371019663949	0.001834775502172148	-0.00012703800521896014	-0.0012006366789696354
0.0006022034423438516	-0.0005153664779264933	0.00026734235390146743	0.0005591122726633646	0.0023237804192211	0.001834775502172148	-2.219206104214777e-06	-0.001075817879854446
-0.000521165749690855	-0.00039054767881108177	0.0005169799521311802	0.0006215216722202932	0.0028230556156811915	0.0023340506986320175	0.00043464659079828216	-0.000638952082951949
0.0005397940427862569	-0.0006401852770416827	0.00020493295434342862	0.00043429347354773107	0.002261371019663949	0.0017099567030569585	6.019019345382404e-05	-0.001075817879854446
-0.0005835751492480057	-0.0005153664779264933	0.00032975175345906216	0.00037188407399058043	0.0024485992183362892	0.0019595943012873374	0.00018500899256879144	-0.0010134084802972954
0.000727022241459041	-0.0005153664779264933	0.00032975175345906216	0.0006215216722202932	0.0026358274170088514	0.002084413100402527	0.00012259959301097467	-0.0008885896811816618
-0.0005835751492480057	-0.0004529570783691206	0.0003921611530157687	0.0005591122726633646	0.0023861898187791386	0.0017723661026145532	0.00012259959301097467	-0.0011382272794120407
0.0006022034423438516	-0.0005777758774836439	0.00026734235390146743	0.0004967028731057699	0.0023861898187791386	0.002022003700844488	0.00012259959301097467	-0.0008261802816249553
0.0006022034423438516	-0.0005777758774836439	0.0003921611530157687	0.0005591122726633646	0.0026358274170088514	0.0019595943012873374	0.00012259959301097467	-0.0010134084802972954
-0.0007708033479205678	-0.0006401852770416827	0.00014252355478627798	0.000247065274875391	0.0023237804192211	0.0017723661026145532	-2.219206104214777e-06	-0.001075817879854446
0.0006646128419014463	-0.0004529570783691206	0.00032975175345906216	0.0006215216722202932	0.00251100861789344	0.0018971849017297426	0.00012259959301097467	-0.0010134084802972954
-0.0004587563501332603	-0.00020331948013918577	0.0007666175503615591	0.0006839310717778879	0.002947874414795937	0.0023964600981896123	0.0005594653899134716	-0.0014502742771993482
0.0004149752436719556	-0.0007650040761564281	0.00014252355478627798	0.000247065274875391	0.002074142820991609	0.0014603191048272457	6.019019345382404e-05	-0.0008261802816249553
-0.0005835751492480057	-0.0003281382792543752	0.0003921611530157687	0.00043429347354773107	0.002698236816566446	0.0021468224999601215	0.0003722371912411315	-0.0007637708820669165
0.000727022241459041	-0.0003281382792543752	0.0006417987512463696	0.00037188407399058043	0.0024485992183362892	0.0019595943012873374	0.00012259959301097467	-0.0008885896811816618
-0.0006459845488056004	-0.0004529570783691206	0.0003921611530157687	0.0004967028731057699	0.0024485992183362892	0.001834775502172148	0.00012259959301097467	-0.001075817879854446
-0.0005835751492480057	-0.0003281382792543752	0.0003921611530157687	0.0004967028731057699	0.00251100861789344	0.002084413100402527	0.00012259959301097467	-0.0007013614825095438
0.000727022241459041	-0.0002657288796967805	0.0006417987512463696	0.0008087498708930774	0.002760646216124041	0.0021468224999601215	0.0003722371912411315	-0.0007637708820669165
-0.0007708033479205678	-0.0005153664779264933	0.00032975175345906216	0.000247065274875391	0.002261371019663949	0.0017723661026145532	-2.219206104214777e-06	-0.0010134084802972954
0.0005397940427862569	-0.0005153664779264933	0.0003921611530157687	0.0004967028731057699	0.0023237804192211	0.0017723661026145532	-2.219206104214777e-06	-0.0005765426833943543
-0.0005835751492480057	-0.0002657288796967805	0.0007042081508030762	0.0006215216722202932	0.002698236816566446	0.002209231899516828	0.00012259959301097467	-0.0010134084802972954
0.0005397940427862569	-0.0005153664779264933	0.0003921611530157687	0.0004967028731057699	0.0025734180174514787	0.002084413100402527	0.00024741839212638617	-0.0007013614825095438
-0.0005835751492480057	-0.0002657288796967805	0.0006417987512463696	0.0005591122726633646	0.0023237804192211	0.0017723661026145532	-2.219206104214777e-06	-0.0010134084802972954
0.0005397940427862569	-0.0004529570783691206	0.0007042081508030762	0.0006839310717778879	0.002760646216124041	0.002271641299074423	0.00043464659079828216	-0.0005141332838376478
0.0005397940427862569	-0.0005777758774836439	0.00026734235390146743	0.00037188407399058043	0.002261371019663949	0.0017099567030569585	6.019019345382404e-05	-0.0011382272794120407
-0.0007083939483634172	-0.0005153664779264933	0.00026734235390146743	0.00037188407399058043	0.0023237804192211	0.0018971849017297426	6.019019345382404e-05	-0.0009509990807392565
0.0005397940427862569	-0.0005777758774836439	0.00026734235390146743	0.00043429347354773107	0.002261371019663949	0.0017099567030569585	-2.219206104214777e-06	-0.001075817879854446
-0.0006459845488056004	-0.00039054767881108177	0.0005169799521311802	0.0005591122726633646	0.00251100861789344	0.002022003700844488	0.00024741839212638617	-0.001075817879854446
0.00047738464322866214	-0.0005153664779264933	0.00014252355478627798	0.00043429347354773107	0.0021365522205487597	0.0016475473035000299	0.00024741839212638617	-0.0007013614825095438
-0.000521165749690855	-0.0002657288796967805	0.0006417987512463696	0.0005591122726633646	0.002261371019663949	0.0015851379039424351	6.019019345382404e-05	-0.001075817879854446
0.0005397940427862569	-0.0005777758774836439	0.00032975175345906216	0.0003094746744329857	0.0023237804192211	0.0017723661026145532	6.019019345382404e-05	-0.0009509990807392565
-0.0007083939483634172	-0.0005153664779264933	0.0005169799521311802	0.0007463404713359267	0.00251100861789344	0.0019595943012873374	0.0003098277916835368	-0.0008885896811816618
-0.0005835751492480057	-0.0005777758774836439	0.00032975175345906216	0.00043429347354773107	0.0023237804192211	0.0017723661026145532	0.00018500899256879144	-0.0009509990807392565
0.0006022034423438516	-0.0005777758774836439	0.00032975175345906216	0.0004967028731057699	0.0021365522205487597	0.0016475473035000299	6.019019345382404e-05	-0.001075817879854446
-0.0006459845488056004	-0.0004529570783691206	0.00014252355478627798	0.00043429347354773107	0.0021989616201063544	0.001834775502172148	6.019019345382404e-05	-0.0009509990807392565
0.0005397940427862569	-0.0005153664779264933	0.0003921611530157687	0.0006215216722202932	0.0023861898187791386	0.0018971849017297426	0.00018500899256879144	-0.0009509990807392565
-0.0006459845488056004	-0.0005153664779264933	0.00032975175345906216	0.00037188407399058043	0.002261371019663949	0.0018971849017297426	-0.00012703800521896014	-0.001263046078526786
0.0006022034423438516	-0.0007025946765992774	8.011415522868326e-05	0.00043429347354773107	0.0025734180174514787	0.002084413100402527	0.00043464659079828216	-0.000638952082951949
-0.000521165749690855	-0.0003281382792543752	0.0004545705525738075	0.00037188407399058043	0.002074142820991609	0.0015227285043848404	6.019019345382404e-05	-0.0011382272794120407
0.0005397940427862569	-0.0007025946765992774	0.00014252355478627798	0.0003094746744329857	0.002261371019663949	0.0017723661026145532	0.00012259959301097467	-0.0010134084802972954
0.0004149752436719556	-0.0006401852770416827	1.7704755671088535e-05	0.00037188407399058043	0.001886914622318825	0.0014603191048272457	-0.00012703800521896014	-0.001263046078526786
-0.0003963469505761097	-0.0002657288796967805	0.0006417987512463696	0.0007463404713359267	0.002698236816566446	0.002209231899516828	0.0003722371912411315	-0.0005765426833943543
0.0006022034423438516	-0.0007025946765992774	0.00020493295434342862	0.00037188407399058043	0.0021365522205487597	0.0016475473035000299	-2.219206104214777e-06	-0.0012006366789696354
-0.0004587563501332603	-0.0002657288796967805	0.0004545705525738075	0.0005591122726633646	0.0024485992183362892	0.0019595943012873374	0.00024741839212638617	-0.0009509990807392565
0.0006022034423438516	-0.0005153664779264933	0.0004545705525738075	0.0006215216722202932	0.0023861898187791386	0.001834775502172148	-0.0002518568043337055	-0.0011382272794120407
-0.0008956221470353132	-0.0007650040761564281	-4.47046438860621e-05	0.00012224647576020153	0.0023237804192211	0.0017099567030569585	0.00012259959301097467	-0.0010134084802972954
0.000727022241459041	-0.0005153664779264933	0.0004545705525738075	0.0006215216722202932	0.0023861898187791386	0.002084413100402527	0.00024741839212638617	-0.0005765426833943543
-0.0005835751492480057	-0.0003281382792543752	0.0005169799521311802	0.0006215216722202932	0.0024485992183362892	0.0019595943012873374	0.0003098277916835368	-0.0007637708820669165
-0.0006459845488056004	-0.0005777758774836439	0.00026734235390146743	0.0003094746744329857	0.0021989616201063544	0.0017099567030569585	-6.462860566092132e-05	-0.0008885896811816618
0.0006646128419014463	-0.0003281382792543752	0.0004545705525738075	0.0006839310717778879	0.0023861898187791386	0.0019595943012873374	0.00018500899256879144	-0.0007637708820669165
-0.000521165749690855	-0.00020331948013918577	0.0005169799521311802	0.0005591122726633646	0.0026358274170088514	0.002084413100402527	0.00024741839212638617	-0.0005765426833943543
0.0006022034423438516	-0.0005777758774836439	0.00032975175345906216	0.00037188407399058043	0.002261371019663949	0.0016475473035000299	6.019019345382404e-05	-0.000638952082951949
-0.0005835751492480057	-0.00039054767881108177	0.00032975175345906216	0.00037188407399058043	0.0024485992183362892	0.0018971849017297426	0.00024741839212638617	-0.0007637708820669165
0.000727022241459041	-0.0002657288796967805	0.0006417987512463696	0.0006215216722202932	0.0023237804192211	0.0018971849017297426	0.00012259959301097467	-0.0008261802816249553
-0.0007708033479205678	-0.0004529570783691206	0.00032975175345906216	0.00037188407399058043	0.0021989616201063544	0.0015851379039424351	-2.219206104214777e-06	-0.0010134084802972954
0.0005397940427862569	-0.0005777758774836439	0.0005793893516887749	0.0006215216722202932	0.00251100861789344	0.0021468224999601215	0.0003098277916835368	-0.0004517238842791649
0.000727022241459041	-0.0002657288796967805	0.0005793893516887749	0.0005591122726633646	0.0025734180174514787	0.002022003700844488	0.00024741839212638617	-0.000638952082951949
-0.0007708033479205678	-0.0005153664779264933	0.00020493295434342862	0.00012224647576020153	0.0021989616201063544	0.0017099567030569585	-0.00012703800521896014	-0.0009509990807392565
0.0006022034423438516	-0.0002657288796967805	0.0004545705525738075	0.0005591122726633646	0.0023861898187791386	0.0017723661026145532	0.00018500899256879144	-0.0007637708820669165
-0.0006459845488056004	-0.0004529570783691206	0.00032975175345906216	0.00043429347354773107	0.0023237804192211	0.0018971849017297426	-2.219206104214777e-06	-0.000638952082951949
0.0008518410405735644	-0.0002657288796967805	0.0005793893516887749	0.0008087498708930774	0.00251100861789344	0.0019595943012873374	-2.219206104214777e-06	-0.0009509990807392565
-0.0007083939483634172	-0.0005153664779264933	0.00032975175345906216	0.000247065274875391	0.0021365522205487597	0.0017099567030569585	-2.219206104214777e-06	-0.0008885896811816618
0.0006022034423438516	-0.0003281382792543752	0.00032975175345906216	0.0006839310717778879	0.002760646216124041	0.002209231899516828	0.0004970559903558769	-0.00038931448472201424
-0.000521165749690855	-0.00020331948013918577	0.00020493295434342862	0.00018465587531779626	0.0019493240218764196	0.001397909705269651	-0.00018944740477655486	-0.0012006366789696354
-0.000521165749690855	-0.00039054767881108177	0.0004545705525738075	0.0004967028731057699	0.0023237804192211	0.001834775502172148	0.00018500899256879144	-0.0007013614825095438
0.00047738464322866214	-0.0004529570783691206	0.00026734235390146743	0.0004967028731057699	0.002074142820991609	0.0016475473035000299	-6.462860566092132e-05	-0.0010134084802972954
-0.0003963469505761097	-0.00014091008058159105	0.0008290269499187097	0.0007463404713359267	0.002760646216124041	0.002209231899516828	0.00043464659079828216	-0.00038931448472201424
0.00047738464322866214	-0.0007025946765992774	8.011415522868326e-05	0.000247065274875391	0.0018245052227612302	0.0012730909061544615	-0.00018944740477655486	-0.000638952082951949
-0.0005835751492480057	-0.0002657288796967805	0.0004545705525738075	0.0005591122726633646	0.0023237804192211	0.0018971849017297426	0.0003098277916835368	-0.0007637708820669165
0.000727022241459041	-0.0003281382792543752	0.0005169799521311802	0.0006839310717778879	0.0019493240218764196	0.0014603191048272457	-6.462860566092132e-05	-0.0010134084802972954
-0.0007708033479205678	-0.0006401852770416827	0.00020493295434342862	0.0004967028731057699	0.0021365522205487597	0.0015851379039424351	6.019019345382404e-05	-0.001075817879854446
0.000727022241459041	-0.0005153664779264933	0.0004545705525738075	0.0005591122726633646	0.0021989616201063544	0.0017723661026145532	0.00018500899256879144	-0.0007013614825095438
0.000727022241459041	-0.0004529570783691206	0.0003921611530157687	0.0006215216722202932	0.002261371019663949	0.0017723661026145532	0.0003098277916835368	-0.0008885896811816618
-0.0006459845488056004	-0.0005777758774836439	0.00020493295434342862	0.000247065274875391	0.002074142820991609	0.0015227285043848404	-2.219206104214777e-06	-0.001075817879854446
0.0006646128419014463	-0.00039054767881108177	0.00026734235390146743	0.0006215216722202932	0.0020117334214335703	0.0016475473035000299	0.00018500899256879144	-0.0008885896811816618
-0.0003963469505761097	-0.0002657288796967805	0.0006417987512463696	0.0006839310717778879	0.00251100861789344	0.002022003700844488	0.0003722371912411315	-0.0012006366789696354
0.0004149752436719556	-0.0007025946765992774	0.00014252355478627798	0.0003094746744329857	0.0018245052227612302	0.0012730909061544615	-6.462860566092132e-05	-0.0011382272794120407
-0.0007708033479205678	-0.0007025946765992774	8.011415522868326e-05	0.00012224647576020153	0.0021989616201063544	0.0017723661026145532	0.00018500899256879144	-0.0007637708820669165
0.000727022241459041	-0.0003281382792543752	0.0003921611530157687	0.0006839310717778879	0.0024485992183362892	0.002084413100402527	0.0003722371912411315	-0.0005141332838376478
-0.0004587563501332603	-0.00020331948013918577	0.00014252355478627798	0.000247065274875391	0.0019493240218764196	0.0013355003057120562	-6.462860566092132e-05	-0.0012006366789696354
-0.0003963469505761097	-0.00014091008058159105	0.0005793893516887749	0.0007463404713359267	0.0024485992183362892	0.002022003700844488	0.0003722371912411315	-0.0004517238842791649
0.000727022241459041	-0.00039054767881108177	0.0004545705525738075	0.0006215216722202932	0.0023237804192211	0.0017099567030569585	0.00018500899256879144	-0.0008261802816249553
-0.0008332127474786066	-0.0006401852770416827	8.011415522868326e-05	0.00018465587531779626	0.0019493240218764196	0.0014603191048272457	-0.00012703800521896014	-0.0010134084802972954
0.000727022241459041	-0.0004529570783691206	0.00032975175345906216	0.0004967028731057699	0.0021989616201063544	0.0016475473035000299	0.00012259959301097467	-0.0007637708820669165
-0.0007083939483634172	-0.00039054767881108177	0.00026734235390146743	0.00043429347354773107	0.0021365522205487597	0.001834775502172148	0.00024741839212638617	-0.0007013614825095438
0.000727022241459041	-0.0002657288796967805	0.0005793893516887749	0.0006215216722202932	0.002261371019663949	0.001834775502172148	0.00012259959301097467	-0.0005765426833943543
-0.0005835751492480057	-0.00020331948013918577	0.0005169799521311802	0.00018465587531779626	0.0017620958232038575	0.0013355003057120562	-0.00018944740477655486	-0.0012006366789696354
0.0004149752436719556	-0.0007025946765992774	0.0008914363494758604	0.0008087498708930774	0.002698236816566446	0.002271641299074423	0.0004970559903558769	-0.0002644956856072689
0.0005397940427862569	-0.0005153664779264933	0.00032975175345906216	0.0004967028731057699	0.002074142820991609	0.0015851379039424351	-2.219206104214777e-06	-0.0008885896811816618
-0.0004587563501332603	-0.00020331948013918577	0.0005169799521311802	0.0004967028731057699	0.0024485992183362892	0.0018971849017297426	0.00024741839212638617	-0.0005765426833943543
0.0005397940427862569	-0.0004529570783691206	0.0003921611530157687	0.0004967028731057699	0.002074142820991609	0.0016475473035000299	-2.219206104214777e-06	-0.0008261802816249553
-0.000521165749690855	-0.00014091008058159105	0.0006417987512463696	0.0006215216722202932	0.0025734180174514787	0.002084413100402527	0.0003098277916835368	-0.0008261802816249553
0.0006022034423438516	-0.0004529570783691206	0.0003921611530157687	0.00037188407399058043	0.0020117334214335703	0.0015851379039424351	0.00012259959301097467	-0.0005141332838376478
-0.0005835751492480057	-0.00014091008058159105	0.0005793893516887749	0.0005591122726633646	0.002261371019663949	0.0017099567030569585	6.019019345382404e-05	-0.0008261802816249553
0.00047738464322866214	-0.0005153664779264933	0.0003921611530157687	0.0003094746744329857	0.0021989616201063544	0.0017723661026145532	6.019019345382404e-05	-0.000638952082951949
-0.0006459845488056004	-0.0003281382792543752	0.00032975175345906216	0.00043429347354773107	0.002074142820991609	0.0015227285043848404	6.019019345382404e-05	-0.0009509990807392565
-0.0007708033479205678	-0.0003281382792543752	0.00026734235390146743	0.00043429347354773107	0.0021365522205487597	0.0017723661026145532	6.019019345382404e-05	-0.0007013614825095438
0.0006646128419014463	-0.0003281382792543752	0.0005169799521311802	0.0006215216722202932	0.0023237804192211	0.0017723661026145532	0.0003098277916835368	-0.000638952082951949
-0.0007083939483634172	-0.0004529570783691206	0.0003921611530157687	0.00037188407399058043	0.0021365522205487597	0.0017099567030569585	-2.219206104214777e-06	-0.0007637708820669165
0.0006646128419014463	-0.00039054767881108177	0.0003921611530157687	0.0005591122726633646	0.0021365522205487597	0.0016475473035000299	0.00012259959301097467	-0.000638952082951949
-0.0005835751492480057	-0.0002657288796967805	0.0003921611530157687	0.0004967028731057699	0.0021989616201063544	0.001834775502172148	0.0003098277916835368	-0.0005765426833943543
0.0007894316410161917	-0.00039054767881108177	0.0005169799521311802	0.0007463404713359267	0.0020117334214335703	0.0016475473035000299	-6.462860566092132e-05	-0.0007637708820669165
-0.0007083939483634172	-0.0005153664779264933	0.00020493295434342862	0.00043429347354773107	0.0018245052227612302	0.0015227285043848404	6.019019345382404e-05	-0.0008885896811816618
0.00047738464322866214	-0.0004529570783691206	0.0007042081508030762	0.0007463404713359267	0.00251100861789344	0.002022003700844488	0.00043464659079828216	-0.00038931448472201424
0.0003525658441139168	-0.0007025946765992774	1.7704755671088535e-05	0.0003094746744329857	0.0016996864236462628	0.0012106815065973109	-0.00018944740477655486	-0.0012006366789696354
-0.0005835751492480057	-0.0003281382792543752	0.0003921611530157687	0.0004967028731057699	0.0021989616201063544	0.0017099567030569585	0.00012259959301097467	-0.000638952082951949
0.0007894316410161917	-0.0002657288796967805	0.0006417987512463696	0.0008087498708930774	0.0023237804192211	0.0018971849017297426	0.00043464659079828216	-0.0005765426833943543
-0.0008332127474786066	-0.0005777758774836439	8.011415522868326e-05	0.00012224647576020153	0.0018245052227612302	0.001397909705269651	-0.00012703800521896014	-0.0012006366789696354
0.0006022034423438516	-0.0007650040761564281	1.7704755671088535e-05	0.000247065274875391	0.0016996864236462628	0.0012730909061544615	-6.462860566092132e-05	-0.0008261802816249553
-0.0007083939483634172	-0.0005153664779264933	0.00020493295434342862	0.00037188407399058043	0.0023237804192211	0.001834775502172148	0.00043464659079828216	-0.0005765426833943543
0.0007894316410161917	-0.0002657288796967805	0.0005793893516887749	0.0003094746744329857	0.0020117334214335703	0.0014603191048272457	-2.219206104214777e-06	-0.0008261802816249553
-0.0007708033479205678	-0.0005153664779264933	0.0004545705525738075	0.0006839310717778879	0.002074142820991609	0.0017099567030569585	0.00024741839212638617	-0.0007637708820669165
-0.0006459845488056004	-0.00039054767881108177	0.0004545705525738075	0.0005591122726633646	0.0021989616201063544	0.0017099567030569585	0.00012259959301097467	-0.000638952082951949
0.0005397940427862569	-0.0004529570783691206	0.00032975175345906216	0.00043429347354773107	0.0019493240218764196	0.0014603191048272457	6.019019345382404e-05	-0.0009509990807392565
-0.0005835751492480057	-0.0004529570783691206	0.0003921611530157687	0.0003094746744329857	0.002074142820991609	0.0015851379039424351	6.019019345382404e-05	-0.0007637708820669165
0.0006022034423438516	-0.00039054767881108177	0.00020493295434342862	0.0006215216722202932	0.002074142820991609	0.0017099567030569585	6.019019345382404e-05	-0.0004517238842791649
-0.0005835751492480057	-0.0002657288796967805	0.0005169799521311802	0.0005591122726633646	0.0023237804192211	0.0018971849017297426	-0.00012703800521896014	-0.001075817879854446
0.00047738464322866214	-0.0006401852770416827	0.00014252355478627798	0.00037188407399058043	0.0021989616201063544	0.001834775502172148	0.00012259959301097467	-0.0005141332838376478
-0.000521165749690855	-0.00020331948013918577	0.0004545705525738075	0.0006215216722202932	0.002261371019663949	0.0016475473035000299	0.00018500899256879144	-0.000638952082951949
0.000727022241459041	-0.0003281382792543752	0.0004545705525738075	0.0003094746744329857	0.0020117334214335703	0.0015227285043848404	6.019019345382404e-05	-0.000638952082951949
0.0006022034423438516	-0.0002657288796967805	0.0005169799521311802	0.00043429347354773107	0.0021365522205487597	0.0015227285043848404	6.019019345382404e-05	-0.0009509990807392565
-0.0004587563501332603	-1.6091281466401597e-05	0.0007042081508030762	0.0006215216722202932	0.0023237804192211	0.0018971849017297426	0.00024741839212638617	-0.00038931448472201424
0.0006646128419014463	-0.0003281382792543752	0.0005169799521311802	0.0004967028731057699	0.0021989616201063544	0.0015851379039424351	0.00012259959301097467	-0.0007013614825095438
-0.0006459845488056004	-0.0004529570783691206	0.00032975175345906216	0.0003094746744329857	0.0021365522205487597	0.0016475473035000299	6.019019345382404e-05	-0.0007013614825095438
0.0005397940427862569	-0.0003281382792543752	0.0003921611530157687	0.00043429347354773107	0.002074142820991609	0.0015851379039424351	0.0006218747894710663	-7.726748693448471e-05
-0.00027152815146092024	4.631811809119313e-05	0.0008914363494758604	0.0008087498708930774	0.0015124582249743668	0.000961043908367154	-0.0004390850030060456	-0.0013254554780843808
0.0001653376454415767	-0.0008274134757140228	-0.00010711404344365683	0.0007463404713359267	0.0025734180174514787	0.002084413100402527	0.0004970559903558769	-0.00013967688649207943
-0.0003963469505761097	0.00010872751764834376	0.00026734235390146743	0.00043429347354773107	0.0019493240218764196	0.0015227285043848404	-6.462860566092132e-05	-0.0007637708820669165
-0.0003963469505761097	-1.6091281466401597e-05	0.0007666175503615591	0.0006839310717778879	0.0024485992183362892	0.002022003700844488	0.0003098277916835368	-0.00020208628604967416
0.00047738464322866214	-0.0004529570783691206	0.00032975175345906216	0.00037188407399058043	0.001886914622318825	0.001397909705269651	-6.462860566092132e-05	-0.0008261802816249553
-0.0006459845488056004	-0.0002657288796967805	0.00032975175345906216	0.00043429347354773107	0.002074142820991609	0.0016475473035000299	6.019019345382404e-05	-0.0005765426833943543
0.0007894316410161917	-0.00014091008058159105	0.0007042081508030762	0.0007463404713359267	0.0023861898187791386	0.0017723661026145532	0.0003722371912411315	-0.0007637708820669165
-0.0008332127474786066	-0.0005153664779264933	0.00020493295434342862	0.0003094746744329857	0.001886914622318825	0.0015227285043848404	-6.462860566092132e-05	-0.0010134084802972954
0.0005397940427862569	-0.0004529570783691206	0.00020493295434342862	0.000247065274875391	0.002074142820991609	0.001834775502172148	0.00018500899256879144	-0.0005141332838376478
-0.0005835751492480057	-0.00020331948013918577	0.0005169799521311802	0.0008087498708930774	0.0023861898187791386	0.0018971849017297426	0.0003722371912411315	-0.00038931448472201424
0.0007894316410161917	-0.00020331948013918577	0.0003921611530157687	0.0003094746744329857	0.0020117334214335703	0.0015227285043848404	6.019019345382404e-05	-0.0007013614825095438
0.0004149752436719556	-0.0005153664779264933	1.7704755671088535e-05	0.00037188407399058043	0.0017620958232038575	0.0013355003057120562	-0.0002518568043337055	-0.0008885896811816618
-0.0003963469505761097	-1.6091281466401597e-05	0.0007666175503615591	0.0006839310717778879	0.00251100861789344	0.0019595943012873374	0.00043464659079828216	-0.00020208628604967416
0.0004149752436719556	-0.0006401852770416827	0.00020493295434342862	0.0003094746744329857	0.0017620958232038575	0.0012730909061544615	-6.462860566092132e-05	-0.0010134084802972954
-0.0004587563501332603	-0.0002657288796967805	0.0005169799521311802	0.0004967028731057699	0.0021365522205487597	0.0017099567030569585	0.00024741839212638617	-0.0008885896811816618
0.0005397940427862569	-0.0004529570783691206	0.00020493295434342862	0.00043429347354773107	0.0016996864236462628	0.0013355003057120562	0.00024741839212638617	-0.0005141332838376478
-0.000521165749690855	-0.0002657288796967805	0.0005169799521311802	0.0005591122726633646	0.0018245052227612302	0.0013355003057120562	-6.462860566092132e-05	-0.0009509990807392565
0.0006022034423438516	-0.0005153664779264933	0.00026734235390146743	0.0006215216722202932	0.002074142820991609	0.001834775502172148	0.00012259959301097467	-0.0005141332838376478
-0.0005835751492480057	-0.00020331948013918577	0.00026734235390146743	0.00043429347354773107	0.001886914622318825	0.001397909705269651	-2.219206104214777e-06	-0.0008885896811816618
-0.0007708033479205678	-0.0005777758774836439	0.00020493295434342862	0.00037188407399058043	0.001886914622318825	0.001397909705269651	6.019019345382404e-05	-0.0007637708820669165
0.0006646128419014463	-0.0003281382792543752	0.00032975175345906216	0.0005591122726633646	0.001886914622318825	0.0014603191048272457	0.00012259959301097467	-0.0007637708820669165
-0.0004587563501332603	-0.00020331948013918577	0.0006417987512463696	0.0005591122726633646	0.0023237804192211	0.001834775502172148	0.0003098277916835368	-0.0004517238842791649
0.00029015644455676615	-0.0007650040761564281	-4.47046438860621e-05	0.00012224647576020153	0.001450048825416328	0.000961043908367154	-0.00037667560344889495	-0.0005141332838376478
-0.000521165749690855	-0.0003281382792543752	0.0004545705525738075	0.0004967028731057699	0.0021365522205487597	0.0017099567030569585	-6.462860566092132e-05	-0.0008885896811816618
0.0005397940427862569	-0.00039054767881108177	0.00014252355478627798	0.00043429347354773107	0.00251100861789344	0.002084413100402527	0.0006218747894710663	-7.726748693448471e-05
-0.0003963469505761097	-1.6091281466401597e-05	0.0008290269499187097	5.983707620349499e-05	0.0015124582249743668	0.0010234533079247488	-0.00037667560344889495	-0.001263046078526786
0.0004149752436719556	-0.0007650040761564281	0.0005793893516887749	0.0007463404713359267	0.0021989616201063544	0.0019595943012873374	0.0003098277916835368	-0.0002644956856072689
0.0006022034423438516	-0.00039054767881108177	0.0004545705525738075	0.0005591122726633646	0.002074142820991609	0.0015227285043848404	0.00018500899256879144	-0.0007013614825095438
-0.0007083939483634172	-0.00039054767881108177	0.00032975175345906216	0.0003094746744329857	0.0019493240218764196	0.0014603191048272457	-2.219206104214777e-06	-0.000638952082951949
0.0006646128419014463	-0.0003281382792543752	0.0003921611530157687	0.0004967028731057699	0.0019493240218764196	0.001397909705269651	0.00012259959301097467	-0.0007637708820669165
-0.0005835751492480057	-0.00020331948013918577	0.0005169799521311802	0.00043429347354773107	0.0021365522205487597	0.0016475473035000299	0.00012259959301097467	-0.000638952082951949
0.0006646128419014463	-0.0002657288796967805	0.0005169799521311802	0.0005591122726633646	0.0021989616201063544	0.0016475473035000299	6.019019345382404e-05	-0.0007637708820669165
-0.0007083939483634172	-0.0004529570783691206	0.0003921611530157687	0.000247065274875391	0.001886914622318825	0.0014603191048272457	-6.462860566092132e-05	-0.0007637708820669165
0.00047738464322866214	-0.0002657288796967805	0.00032975175345906216	0.0008711592704506721	0.002698236816566446	0.002271641299074423	0.0006218747894710663	0.00010996071173785538
-0.00033393755101851497	0.00010872751764834376	0.00020493295434342862	0.000247065274875391	0.0018245052227612302	0.0012106815065973109	-0.00012703800521896014	-0.0009509990807392565
-0.000521165749690855	-1.6091281466401597e-05	0.0005169799521311802	0.0006215216722202932	0.0021365522205487597	0.001834775502172148	0.00018500899256879144	-0.0002644956856072689
0.0006646128419014463	-0.00020331948013918577	0.0005793893516887749	0.0006215216722202932	0.0021989616201063544	0.0017723661026145532	0.00024741839212638617	-0.0005141332838376478
-0.0007708033479205678	-0.0003281382792543752	0.0003921611530157687	0.000247065274875391	0.0019493240218764196	0.0015227285043848404	-6.462860566092132e-05	-0.000638952082951949
0.0006646128419014463	-0.00014091008058159105	0.0005793893516887749	0.0005591122726633646	0.002074142820991609	0.0015851379039424351	0.00018500899256879144	-0.00038931448472201424
-0.0006459845488056004	-7.850068102399632e-05	0.0005793893516887749	0.0004967028731057699	0.0021989616201063544	0.001834775502172148	0.0003098277916835368	-0.00038931448472201424
0.000727022241459041	-0.00014091008058159105	0.0007042081508030762	0.0007463404713359267	0.001886914622318825	0.0014603191048272457	-6.462860566092132e-05	-0.0007013614825095438
-0.0007083939483634172	-0.0002657288796967805	0.0004545705525738075	0.00043429347354773107	0.001886914622318825	0.0014603191048272457	-0.00012703800521896014	-0.0007637708820669165
0.0005397940427862569	-0.00039054767881108177	0.0006417987512463696	0.0005591122726633646	0.0023237804192211	0.0017723661026145532	0.00024741839212638617	-0.00038931448472201424
0.0006022034423438516	-0.0004529570783691206	0.00032975175345906216	0.00037188407399058043	0.001886914622318825	0.001397909705269651	-2.219206104214777e-06	-0.0007637708820669165
-0.000521165749690855	-7.850068102399632e-05	0.0006417987512463696	0.0005591122726633646	0.0021989616201063544	0.0017723661026145532	0.0003098277916835368	-0.0003269050851648636
0.0006022034423438516	-0.0002657288796967805	0.00032975175345906216	0.0004967028731057699	0.0018245052227612302	0.0013355003057120562	-6.462860566092132e-05	-0.0007637708820669165
-0.0006459845488056004	-0.0002657288796967805	0.0004545705525738075	0.00043429347354773107	0.002074142820991609	0.0015851379039424351	0.00012259959301097467	-0.0007637708820669165
0.0006022034423438516	-0.00039054767881108177	0.0003921611530157687	0.00043429347354773107	0.0018245052227612302	0.001397909705269651	0.00012259959301097467	-0.00038931448472201424
-0.000521165749690855	-7.850068102399632e-05	0.0005169799521311802	0.0004967028731057699	0.001886914622318825	0.0013355003057120562	6.019019345382404e-05	-0.0008261802816249553
0.0006022034423438516	-0.0004529570783691206	0.0003921611530157687	0.00018465587531779626	0.001637277024088668	0.0012730909061544615	-0.00012703800521896014	-0.0007637708820669165
-0.0007708033479205678	-0.0005777758774836439	0.00032975175345906216	0.0005591122726633646	0.0017620958232038575	0.0014603191048272457	6.019019345382404e-05	-0.0007637708820669165
-0.00033393755101851497	4.631811809119313e-05	0.0008290269499187097	0.0008087498708930774	0.00251100861789344	0.002022003700844488	0.0005594653899134716	-7.726748693448471e-05
0.0004149752436719556	-0.0006401852770416827	8.011415522868326e-05	0.00018465587531779626	0.001450048825416328	0.0010234533079247488	-0.0002518568043337055	-0.001075817879854446
-0.0006459845488056004	-0.0003281382792543752	0.0003921611530157687	0.0003094746744329857	0.0019493240218764196	0.0014603191048272457	0.00012259959301097467	-0.000638952082951949
0.0006022034423438516	-0.0003281382792543752	0.00032975175345906216	0.0005591122726633646	0.0018245052227612302	0.001397909705269651	6.019019345382404e-05	-0.00013967688649207943
-0.00033393755101851497	-7.850068102399632e-05	0.0007666175503615591	0.0008087498708930774	0.0023237804192211	0.002022003700844488	-0.00012703800521896014	-0.001075817879854446
0.0005397940427862569	-0.0005777758774836439	1.7704755671088535e-05	0.000247065274875391	0.0017620958232038575	0.0014603191048272457	0.00012259959301097467	-0.000638952082951949
-0.0006459845488056004	-0.0002657288796967805	0.00032975175345906216	0.0007463404713359267	0.0021365522205487597	0.0017099567030569585	0.0003722371912411315	-0.00038931448472201424
0.0007894316410161917	-0.00014091008058159105	0.00032975175345906216	0.00037188407399058043	0.001886914622318825	0.001397909705269651	0.00012259959301097467	-0.0007013614825095438
0.0006022034423438516	-0.0005153664779264933	0.00020493295434342862	0.000247065274875391	0.0015748676245319615	0.0011482721070401603	-0.00012703800521896014	-0.0009509990807392565
-0.000521165749690855	-1.6091281466401597e-05	0.0005169799521311802	0.0005591122726633646	0.002074142820991609	0.0017099567030569585	0.00024741839212638617	-0.00038931448472201424
0.000727022241459041	-0.00014091008058159105	0.0005793893516887749	0.0008087498708930774	0.0021365522205487597	0.0016475473035000299	0.0003722371912411315	-0.0004517238842791649
-0.0007083939483634172	-0.0004529570783691206	0.00032975175345906216	0.000247065274875391	0.0017620958232038575	0.001397909705269651	-2.219206104214777e-06	-0.0009509990807392565
0.0004149752436719556	-0.0004529570783691206	8.011415522868326e-05	0.0003094746744329857	0.001637277024088668	0.0011482721070401603	0.0006842841890286611	0.00010996071173785538
